timestamp,open,high,low,close,volume,close_time,quote_asset_volume,trades,taker_buy_base,taker_buy_quote,ignore
1753412400000,0.04059,0.04068,0.04052,0.04066,452716,1753412459999,18380.11045,215,300499,12203.41380,0
1753412460000,0.04068,0.04073,0.04066,0.04069,293163,1753412519999,11930.18959,138,192820,7848.20042,0
1753412520000,0.04068,0.04070,0.04058,0.04059,199738,1753412579999,8116.54371,120,32084,1304.67086,0
1753412580000,0.04058,0.04068,0.04055,0.04065,463408,1753412639999,18822.79161,80,332288,13496.74366,0
1753412640000,0.04065,0.04065,0.04051,0.04051,260000,1753412699999,10552.63743,108,90847,3687.86180,0
1753412700000,0.04052,0.04057,0.04047,0.04056,565671,1753412759999,22923.25235,177,256741,10406.57367,0
1753412760000,0.04055,0.04078,0.04045,0.04077,1424996,1753412819999,57902.90780,399,1127880,45843.60907,0
1753412820000,0.04077,0.04087,0.04074,0.04087,550952,1753412879999,22494.37578,187,395121,16132.41804,0
1753412880000,0.04086,0.04090,0.04082,0.04084,396592,1753412939999,16206.55201,133,250073,10219.15260,0
1753412940000,0.04084,0.04088,0.04082,0.04086,136144,1753412999999,5561.11377,70,53671,2192.51290,0
1753413000000,0.04085,0.04087,0.04079,0.04085,170019,1753413059999,6941.52953,93,103479,4225.73417,0
1753413060000,0.04085,0.04086,0.04080,0.04082,175310,1753413119999,7156.97912,130,43447,1773.59419,0
1753413120000,0.04082,0.04083,0.04077,0.04077,270594,1753413179999,11041.53017,140,106147,4331.56527,0
1753413180000,0.04078,0.04079,0.04071,0.04078,115744,1753413239999,4718.69024,72,17926,730.91315,0
1753413240000,0.04078,0.04082,0.04076,0.04077,114699,1753413299999,4679.02927,68,83237,3395.46701,0
1753413300000,0.04077,0.04080,0.04065,0.04068,206851,1753413359999,8418.01262,133,54864,2235.67065,0
1753413360000,0.04066,0.04069,0.04063,0.04066,98642,1753413419999,4010.88037,85,17043,693.08287,0
1753413420000,0.04067,0.04068,0.04060,0.04066,184565,1753413479999,7498.72959,85,75840,3082.65526,0
1753413480000,0.04065,0.04076,0.04065,0.04072,226671,1753413539999,9235.60426,91,208366,8490.57934,0
1753413540000,0.04071,0.04073,0.04070,0.0407,59175,1753413599999,2409.16071,53,22625,921.05643,0
1753413600000,0.04072,0.04078,0.04070,0.04078,254048,1753413659999,10351.83293,95,134194,5468.68213,0
1753413660000,0.04079,0.04084,0.04077,0.04084,361456,1753413719999,14743.69007,100,306971,12521.45572,0
1753413720000,0.04086,0.04093,0.04086,0.04087,220702,1753413779999,9024.14177,72,142297,5817.71778,0
1753413780000,0.04087,0.04087,0.04080,0.04084,65830,1753413839999,2688.32002,45,22207,906.55600,0
1753413840000,0.04081,0.04082,0.04075,0.04075,179478,1753413899999,7321.12764,69,67350,2746.65693,0
1753413900000,0.04075,0.04083,0.04073,0.04082,249918,1753413959999,10196.34538,80,174634,7125.17659,0
1753413960000,0.04082,0.04082,0.04074,0.04079,124849,1753414019999,5091.16704,51,79654,3247.32823,0
1753414020000,0.04080,0.04081,0.04074,0.04079,173637,1753414079999,7080.51764,95,98603,4020.10690,0
1753414080000,0.04078,0.04078,0.04065,0.04066,494921,1753414139999,20141.28248,95,239588,9751.96441,0
1753414140000,0.04065,0.04070,0.04061,0.04066,115334,1753414199999,4688.83784,71,62212,2529.88426,0
1753414200000,0.04065,0.04065,0.04044,0.04046,799633,1753414259999,32382.00749,291,237362,9614.31480,0
1753414260000,0.04045,0.04047,0.04029,0.04033,1112482,1753414319999,44938.39215,420,347279,14024.33216,0
1753414320000,0.04032,0.04037,0.04018,0.04019,1230912,1753414379999,49570.56236,410,588073,23697.66856,0
1753414380000,0.04020,0.04023,0.04002,0.04008,1286967,1753414439999,51619.78696,336,545768,21890.86305,0
1753414440000,0.04008,0.04019,0.04002,0.04013,1276841,1753414499999,51220.55338,515,806377,32357.95622,0
1753414500000,0.04013,0.04019,0.04001,0.0401,1963994,1753414559999,78758.47825,433,831848,33390.96435,0
1753414560000,0.04012,0.04022,0.04008,0.04017,2135154,1753414619999,85715.92282,326,1554664,62427.18974,0
1753414620000,0.04016,0.04022,0.04015,0.04017,1197349,1753414679999,48104.22507,164,1005493,40395.04471,0
1753414680000,0.04016,0.04023,0.04015,0.04022,650200,1753414739999,26127.89800,78,416392,16732.79301,0
1753414740000,0.04022,0.04022,0.04014,0.04016,1366696,1753414799999,54918.09667,259,175978,7074.08292,0
1753414800000,0.04016,0.04020,0.04013,0.04014,990329,1753414859999,39770.13331,201,414469,16650.11041,0
1753414860000,0.04016,0.04020,0.04014,0.04019,231596,1753414919999,9300.04321,95,139209,5589.56256,0
1753414920000,0.04020,0.04032,0.04019,0.04019,755199,1753414979999,30413.09259,213,623609,25120.20157,0
1753414980000,0.04019,0.04023,0.04014,0.04014,334212,1753415039999,13430.26713,101,205164,8247.19411,0
1753415040000,0.04013,0.04024,0.04012,0.04024,162194,1753415099999,6518.77443,58,81120,3258.62226,0
1753415100000,0.04025,0.04026,0.04014,0.04019,519539,1753415159999,20882.91707,143,223747,8989.82467,0
1753415160000,0.04021,0.04038,0.04021,0.04032,613599,1753415219999,24725.69906,181,431039,17368.79767,0
1753415220000,0.04032,0.04032,0.04024,0.0403,443208,1753415279999,17852.99563,97,300732,12113.40356,0
1753415280000,0.04031,0.04039,0.04031,0.04033,263856,1753415339999,10649.85832,84,86241,3480.63562,0
1753415340000,0.04033,0.04040,0.04031,0.0404,180062,1753415399999,7265.34024,74,116224,4690.56621,0
1753415400000,0.04041,0.04041,0.04029,0.0403,484732,1753415459999,19552.10104,97,315752,12738.61118,0
1753415460000,0.04031,0.04037,0.04030,0.04033,124673,1753415519999,5028.16059,70,68484,2761.73017,0
1753415520000,0.04031,0.04039,0.04031,0.04037,172582,1753415579999,6964.26710,81,147261,5942.45046,0
1753415580000,0.04037,0.04042,0.04036,0.04036,154902,1753415639999,6255.57423,59,81808,3303.12160,0
1753415640000,0.04036,0.04041,0.04036,0.0404,92268,1753415699999,3726.46946,48,35804,1445.91349,0
1753415700000,0.04040,0.04040,0.04034,0.0404,128164,1753415759999,5175.12618,66,67303,2717.61744,0
1753415760000,0.04041,0.04052,0.04041,0.0405,546330,1753415819999,22124.21411,131,465185,18840.73929,0
1753415820000,0.04049,0.04050,0.04038,0.0404,339682,1753415879999,13738.25296,101,99274,4017.66196,0
1753415880000,0.04041,0.04047,0.04041,0.04041,60653,1753415939999,2451.85781,37,37713,1524.50673,0
1753415940000,0.04041,0.04045,0.04041,0.04044,98453,1753415999999,3980.02981,60,51468,2080.67562,0
1753416000000,0.04040,0.04046,0.04040,0.04046,91418,1753416059999,3694.84139,87,48500,1960.09644,0
1753416060000,0.04047,0.04049,0.04042,0.04044,262041,1753416119999,10599.96063,132,68012,2750.42153,0
1753416120000,0.04044,0.04044,0.04034,0.04043,385808,1753416179999,15586.15765,199,309298,12495.97156,0
1753416180000,0.04043,0.04055,0.04042,0.04049,616392,1753416239999,24953.45577,220,302075,12225.67465,0
1753416240000,0.04050,0.04052,0.04042,0.04042,366717,1753416299999,14840.46331,154,199548,8077.12729,0
1753416300000,0.04042,0.04046,0.04040,0.0404,145369,1753416359999,5876.22831,124,63663,2573.46749,0
1753416360000,0.04040,0.04041,0.04033,0.04033,178162,1753416419999,7192.85505,146,43929,1773.25475,0
1753416420000,0.04034,0.04041,0.04034,0.04041,206157,1753416479999,8326.67643,114,74506,3008.65222,0
1753416480000,0.04040,0.04041,0.04033,0.04035,193010,1753416539999,7795.92327,61,157310,6355.07433,0
1753416540000,0.04035,0.04035,0.04023,0.04024,410917,1753416599999,16558.62583,184,250572,10098.77128,0
1753416600000,0.04025,0.04040,0.04025,0.0404,263046,1753416659999,10603.70194,142,135519,5463.28598,0
1753416660000,0.04040,0.04048,0.04033,0.04033,343747,1753416719999,13899.48653,155,95289,3853.34572,0
1753416720000,0.04033,0.04036,0.04018,0.04021,332923,1753416779999,13407.03930,128,199471,8035.36190,0
1753416780000,0.04019,0.04026,0.04018,0.04021,229472,1753416839999,9226.04513,112,73671,2962.14431,0
1753416840000,0.04022,0.04024,0.04016,0.04019,195583,1753416899999,7865.72395,74,118994,4786.30443,0
1753416900000,0.04018,0.04022,0.04010,0.0401,139447,1753416959999,5603.46780,87,56316,2263.37070,0
1753416960000,0.04009,0.04020,0.04004,0.0402,309927,1753417019999,12427.52855,142,185723,7445.54397,0
1753417020000,0.04020,0.04024,0.04017,0.0402,398228,1753417079999,16009.22514,134,101526,4081.67828,0
1753417080000,0.04021,0.04034,0.04020,0.04028,112014,1753417139999,4513.31701,67,39556,1593.83643,0
1753417140000,0.04027,0.04027,0.04020,0.0402,114303,1753417199999,4598.10276,63,21526,865.77043,0
1753417200000,0.04020,0.04030,0.04017,0.0402,305011,1753417259999,12271.45893,90,220372,8867.74981,0
1753417260000,0.04021,0.04022,0.04007,0.04007,92772,1753417319999,3724.00763,75,30544,1226.80962,0
1753417320000,0.04009,0.04018,0.04009,0.04013,201824,1753417379999,8099.87814,94,128119,5140.71393,0
1753417380000,0.04014,0.04017,0.04010,0.04017,307061,1753417439999,12322.38068,86,212758,8537.17194,0
1753417440000,0.04018,0.04022,0.04014,0.04022,56822,1753417499999,2282.99619,44,26134,1050.00038,0
1753417500000,0.04021,0.04025,0.04015,0.04015,799771,1753417559999,32166.49794,156,670807,26981.18780,0
1753417560000,0.04015,0.04015,0.04011,0.04012,114900,1753417619999,4610.41135,72,76445,3066.91629,0
1753417620000,0.04011,0.04013,0.04008,0.04012,381296,1753417679999,15289.07908,87,278711,11175.86056,0
1753417680000,0.04012,0.04033,0.04012,0.04033,411996,1753417739999,16572.82574,105,163720,6584.91029,0
1753417740000,0.04033,0.04037,0.04030,0.04034,478515,1753417799999,19296.18766,112,387909,15642.64808,0
1753417800000,0.04034,0.04051,0.04030,0.04051,520231,1753417859999,21020.68026,136,352105,14228.56113,0
1753417860000,0.04052,0.04061,0.04050,0.04061,253682,1753417919999,10286.80917,114,194863,7902.57346,0
1753417920000,0.04063,0.04068,0.04061,0.04061,372697,1753417979999,15147.85657,145,196593,7991.75314,0
1753417980000,0.04061,0.04071,0.04060,0.04064,246341,1753418039999,10015.75050,63,125104,5087.53680,0
1753418040000,0.04066,0.04066,0.04063,0.04064,133996,1753418099999,5446.27766,78,46331,1882.99883,0
1753418100000,0.04064,0.04067,0.04060,0.04067,548729,1753418159999,22293.37515,109,246491,10016.70862,0
1753418160000,0.04068,0.04077,0.04061,0.04065,472190,1753418219999,19213.53170,117,206035,8387.48309,0
1753418220000,0.04065,0.04067,0.04060,0.04067,94268,1753418279999,3830.13165,57,50537,2053.29660,0
1753418280000,0.04067,0.04069,0.04065,0.04069,183801,1753418339999,7475.23993,57,158323,6439.06918,0
1753418340000,0.04070,0.04071,0.04066,0.04071,185711,1753418399999,7554.74811,68,78784,3205.98183,0
1753418400000,0.04071,0.04078,0.04069,0.04071,354538,1753418459999,14442.83131,90,327190,13329.07216,0
1753418460000,0.04070,0.04072,0.04067,0.04071,179143,1753418519999,7290.21910,63,152545,6208.04590,0
1753418520000,0.04071,0.04072,0.04061,0.04061,55916,1753418579999,2274.63202,41,46907,1908.08283,0
1753418580000,0.04061,0.04064,0.04054,0.04055,389315,1753418639999,15805.02776,92,214234,8698.13723,0
1753418640000,0.04054,0.04058,0.04052,0.04057,123784,1753418699999,5019.98883,52,113518,4603.84134,0
1753418700000,0.04057,0.04072,0.04057,0.04072,97623,1753418759999,3967.57589,54,69078,2806.44595,0
1753418760000,0.04071,0.04073,0.04064,0.04071,383400,1753418819999,15595.16612,100,194054,7896.28613,0
1753418820000,0.04070,0.04070,0.04067,0.04068,79254,1753418879999,3224.36556,43,49651,2019.89632,0
1753418880000,0.04069,0.04080,0.04069,0.0408,133607,1753418939999,5443.12685,76,130993,5336.62131,0
1753418940000,0.04080,0.04084,0.04076,0.04082,107252,1753418999999,4377.29197,77,68541,2797.49987,0
1753419000000,0.04082,0.04082,0.04073,0.04076,492728,1753419059999,20091.01814,94,433063,17659.45222,0
1753419060000,0.04075,0.04079,0.04073,0.04079,48402,1753419119999,1972.88389,41,33850,1379.96125,0
1753419120000,0.04079,0.04086,0.04078,0.04082,347830,1753419179999,14208.11612,71,38788,1584.08122,0
1753419180000,0.04083,0.04084,0.04082,0.04082,271974,1753419239999,11103.90205,48,132702,5418.47960,0
1753419240000,0.04084,0.04090,0.04082,0.04089,340615,1753419299999,13920.10357,84,234028,9562.76177,0
1753419300000,0.04089,0.04093,0.04087,0.04093,812134,1753419359999,33200.58473,91,203176,8310.23671,0
1753419360000,0.04089,0.04092,0.04089,0.04089,55000,1753419419999,2249.91551,25,25709,1051.72835,0
1753419420000,0.04087,0.04092,0.04086,0.04092,122286,1753419479999,5000.09705,44,52704,2154.91329,0
1753419480000,0.04093,0.04097,0.04091,0.04097,90680,1753419539999,3713.03834,41,84991,3480.24263,0
1753419540000,0.04097,0.04098,0.04094,0.04094,123798,1753419599999,5070.63624,49,31327,1283.25082,0
1753419600000,0.04094,0.04095,0.04090,0.04091,251026,1753419659999,10271.60701,118,35864,1467.95448,0
1753419660000,0.04090,0.04092,0.04082,0.04082,503187,1753419719999,20564.01761,121,81781,3343.55379,0
1753419720000,0.04082,0.04095,0.04081,0.04092,402871,1753419779999,16465.19591,139,239978,9811.48736,0
1753419780000,0.04091,0.04094,0.04091,0.04094,271134,1753419839999,11093.96967,72,58605,2398.50409,0
1753419840000,0.04095,0.04097,0.04094,0.04095,138517,1753419899999,5672.79159,62,53303,2182.68388,0
1753419900000,0.04095,0.04095,0.04086,0.04086,286243,1753419959999,11707.90868,66,33380,1365.80117,0
1753419960000,0.04087,0.04088,0.04084,0.04088,67002,1753420019999,2737.70266,47,66160,2703.30747,0
1753420020000,0.04087,0.04087,0.04074,0.04074,46812,1753420079999,1909.71819,30,7592,309.80544,0
1753420080000,0.04073,0.04073,0.04065,0.04066,751590,1753420139999,30591.04702,132,102716,4180.26703,0
1753420140000,0.04066,0.04066,0.04057,0.04059,334716,1753420199999,13588.52024,87,58964,2394.65660,0
1753420200000,0.04059,0.04070,0.04059,0.04069,212893,1753420259999,8653.99006,110,201688,8198.52448,0
1753420260000,0.04069,0.04069,0.04065,0.04068,363261,1753420319999,14776.43589,153,186917,7603.74665,0
1753420320000,0.04066,0.04069,0.04063,0.04069,181299,1753420379999,7370.25178,110,119437,4855.79927,0
1753420380000,0.04067,0.04068,0.04063,0.04063,305280,1753420439999,12412.30371,93,90930,3697.52978,0
1753420440000,0.04062,0.04062,0.04056,0.0406,89717,1753420499999,3642.33100,50,31578,1281.93594,0
1753420500000,0.04059,0.04065,0.04059,0.04065,98273,1753420559999,3992.09223,44,83989,3411.97705,0
1753420560000,0.04067,0.04074,0.04067,0.04073,121075,1753420619999,4928.47446,57,95803,3899.45269,0
1753420620000,0.04074,0.04077,0.04073,0.04076,142102,1753420679999,5791.90408,55,80455,3279.24346,0
1753420680000,0.04076,0.04082,0.04075,0.04077,111347,1753420739999,4543.27665,40,84117,3432.75385,0
1753420740000,0.04078,0.04090,0.04078,0.0409,585691,1753420799999,23927.58159,169,422933,17277.72876,0
1753420800000,0.04090,0.04095,0.04088,0.04091,397646,1753420859999,16265.97122,120,224094,9167.26412,0
1753420860000,0.04088,0.04088,0.04082,0.04083,308036,1753420919999,12585.18721,52,163893,6695.35884,0
1753420920000,0.04082,0.04082,0.04078,0.0408,188712,1753420979999,7695.89231,38,5510,224.79975,0
1753420980000,0.04081,0.04085,0.04079,0.04081,227119,1753421039999,9271.98940,68,188465,7693.70392,0
1753421040000,0.04081,0.04082,0.04074,0.04074,235694,1753421099999,9614.13594,57,122179,4985.91390,0
1753421100000,0.04073,0.04073,0.04068,0.04069,202054,1753421159999,8226.25900,33,73061,2972.50282,0
1753421160000,0.04070,0.04071,0.04069,0.04071,185317,1753421219999,7542.75018,46,177573,7227.56791,0
1753421220000,0.04072,0.04072,0.04065,0.0407,184578,1753421279999,7510.15903,53,132158,5377.61191,0
1753421280000,0.04069,0.04071,0.04068,0.0407,77425,1753421339999,3151.39417,43,62230,2533.04261,0
1753421340000,0.04069,0.04069,0.04066,0.04066,174923,1753421399999,7115.76657,43,91521,3723.50071,0
1753421400000,0.04065,0.04065,0.04057,0.0406,167173,1753421459999,6791.53562,64,29286,1189.52837,0
1753421460000,0.04060,0.04062,0.04055,0.04056,336618,1753421519999,13655.36654,94,36603,1485.71619,0
1753421520000,0.04055,0.04059,0.04052,0.04059,104603,1753421579999,4242.52561,41,64915,2632.93608,0
1753421580000,0.04058,0.04058,0.04052,0.04053,58621,1753421639999,2377.54055,42,1342,54.39721,0
1753421640000,0.04053,0.04053,0.04049,0.04052,280027,1753421699999,11343.45799,59,182102,7377.16713,0
1753421700000,0.04052,0.04054,0.04050,0.0405,27563,1753421759999,1116.74450,38,4831,195.73611,0
1753421760000,0.04052,0.04058,0.04052,0.04058,70819,1753421819999,2871.81238,25,59970,2431.67905,0
1753421820000,0.04057,0.04057,0.04053,0.04054,44405,1753421879999,1800.67960,45,3062,124.13591,0
1753421880000,0.04053,0.04057,0.04053,0.04056,188728,1753421939999,7650.03863,44,165209,6696.52342,0
1753421940000,0.04055,0.04055,0.04047,0.04048,63289,1753421999999,2564.77708,40,948,38.36725,0
1753422000000,0.04047,0.04049,0.04041,0.04042,141188,1753422059999,5711.51518,54,87778,3550.78326,0
1753422060000,0.04043,0.04049,0.04043,0.04049,89536,1753422119999,3622.43218,60,37408,1513.48002,0
1753422120000,0.04050,0.04052,0.04048,0.04051,339147,1753422179999,13735.61093,111,238085,9643.61739,0
1753422180000,0.04050,0.04055,0.04049,0.04055,87790,1753422239999,3556.99830,37,77423,3137.14134,0
1753422240000,0.04054,0.04054,0.04051,0.04053,70261,1753422299999,2846.96284,38,9790,396.68306,0
1753422300000,0.04052,0.04058,0.04051,0.04053,52804,1753422359999,2141.61838,46,24452,991.82691,0
1753422360000,0.04052,0.04053,0.04049,0.04049,120073,1753422419999,4863.69773,56,22617,916.19154,0
1753422420000,0.04050,0.04050,0.04046,0.0405,29867,1753422479999,1208.91171,27,23173,937.93253,0
1753422480000,0.04050,0.04053,0.04048,0.04052,44434,1753422539999,1799.84695,32,20519,831.19370,0
1753422540000,0.04051,0.04051,0.04047,0.04048,60047,1753422599999,2430.93529,27,12962,524.57774,0
1753422600000,0.04049,0.04051,0.04047,0.04047,85581,1753422659999,3464.36512,35,4754,192.50259,0
1753422660000,0.04047,0.04048,0.04045,0.04046,139461,1753422719999,5644.00438,49,65402,2646.80660,0
1753422720000,0.04045,0.04045,0.04042,0.04043,33843,1753422779999,1368.79857,29,5533,223.73169,0
1753422780000,0.04043,0.04044,0.04037,0.04042,720297,1753422839999,29096.77486,153,217235,8779.57065,0
1753422840000,0.04041,0.04041,0.04032,0.04035,148828,1753422899999,6007.82187,61,18842,759.90120,0
1753422900000,0.04034,0.04036,0.04033,0.04034,350352,1753422959999,14135.06696,71,182460,7362.08639,0
1753422960000,0.04033,0.04035,0.04031,0.04032,99822,1753423019999,4026.07381,56,24973,1007.31823,0
1753423020000,0.04032,0.04043,0.04030,0.0404,874682,1753423079999,35284.29430,199,645142,26020.54201,0
1753423080000,0.04041,0.04043,0.04041,0.04041,185992,1753423139999,7517.63189,61,34636,1399.64773,0
1753423140000,0.04043,0.04043,0.04034,0.04034,253276,1753423199999,10225.10667,77,66106,2670.30795,0
1753423200000,0.04034,0.04035,0.04024,0.04024,502525,1753423259999,20262.35027,135,249189,10051.15193,0
1753423260000,0.04025,0.04029,0.04025,0.04029,116470,1753423319999,4691.06271,60,12567,506.22208,0
1753423320000,0.04029,0.04031,0.04026,0.04026,99392,1753423379999,4004.69902,67,13732,553.38353,0
1753423380000,0.04026,0.04029,0.04022,0.04029,72538,1753423439999,2919.69136,62,33668,1355.44166,0
1753423440000,0.04029,0.04029,0.04022,0.04022,191730,1753423499999,7718.07727,100,30795,1239.50320,0
1753423500000,0.04022,0.04025,0.04019,0.04019,93490,1753423559999,3760.16141,74,21367,859.29956,0
1753423560000,0.04019,0.04019,0.04015,0.04016,206973,1753423619999,8311.69878,85,50278,2019.10774,0
1753423620000,0.04015,0.04018,0.04015,0.04017,286085,1753423679999,11491.69545,92,141822,5696.89941,0
1753423680000,0.04017,0.04020,0.04015,0.04017,123624,1753423739999,4966.13088,66,37723,1515.59037,0
1753423740000,0.04018,0.04018,0.04014,0.04015,370318,1753423799999,14867.55281,205,242425,9732.16496,0
1753423800000,0.04016,0.04018,0.04015,0.04016,200036,1753423859999,8035.16914,118,93451,3754.24293,0
1753423860000,0.04016,0.04021,0.04016,0.04021,176127,1753423919999,7078.92567,90,32229,1295.04980,0
1753423920000,0.04021,0.04024,0.04018,0.04021,374775,1753423979999,15071.02213,135,63361,2547.29362,0
1753423980000,0.04024,0.04033,0.04022,0.04033,183530,1753424039999,7389.05699,79,79797,3213.16863,0
1753424040000,0.04033,0.04037,0.04033,0.04033,136938,1753424099999,5525.70789,89,50740,2047.24502,0
1753424100000,0.04033,0.04033,0.04027,0.04028,62313,1753424159999,2511.55090,43,9706,391.10827,0
1753424160000,0.04026,0.04026,0.04022,0.04022,103194,1753424219999,4153.07898,62,21357,859.43821,0
1753424220000,0.04020,0.04028,0.04020,0.04028,128201,1753424279999,5159.06562,74,105763,4255.69861,0
1753424280000,0.04029,0.04030,0.04026,0.04029,616876,1753424339999,24853.02696,74,129998,5236.98747,0
1753424340000,0.04027,0.04038,0.04026,0.04038,93230,1753424399999,3756.21081,52,43122,1738.26517,0
1753424400000,0.04039,0.04042,0.04033,0.04033,97565,1753424459999,3939.85650,62,56184,2269.43899,0
1753424460000,0.04034,0.04037,0.04034,0.04035,171290,1753424519999,6911.93160,66,133867,5401.82753,0
1753424520000,0.04035,0.04041,0.04034,0.04035,355630,1753424579999,14352.22510,97,199471,8050.42212,0
1753424580000,0.04034,0.04035,0.04031,0.04031,631203,1753424639999,25455.21980,90,356285,14368.40344,0
1753424640000,0.04031,0.04031,0.04025,0.04026,324880,1753424699999,13084.17582,88,77694,3128.84291,0
1753424700000,0.04026,0.04032,0.04024,0.04027,810646,1753424759999,32648.69542,161,476095,19178.16749,0
1753424760000,0.04027,0.04027,0.04017,0.04022,550884,1753424819999,22148.16965,123,242322,9741.09777,0
1753424820000,0.04021,0.04021,0.04013,0.04013,274773,1753424879999,11036.40753,118,62817,2522.63132,0
1753424880000,0.04014,0.04016,0.04012,0.04012,242965,1753424939999,9754.42094,68,109868,4411.92823,0
1753424940000,0.04012,0.04026,0.04012,0.04025,234915,1753424999999,9435.81817,85,201569,8096.30226,0
1753425000000,0.04025,0.04025,0.04018,0.04018,172386,1753425059999,6932.43828,84,59191,2378.68153,0
1753425060000,0.04019,0.04025,0.04019,0.04025,50945,1753425119999,2048.06639,37,17584,706.84237,0
1753425120000,0.04025,0.04025,0.04017,0.04017,91012,1753425179999,3660.84994,56,29229,1175.63965,0
1753425180000,0.04017,0.04029,0.04017,0.04029,137033,1753425239999,5505.96337,30,99455,3996.15797,0
1753425240000,0.04030,0.04035,0.04026,0.04035,119456,1753425299999,4814.28617,46,103633,4176.76543,0
1753425300000,0.04036,0.04043,0.04031,0.0404,1218038,1753425359999,49210.04989,204,1155645,46691.00533,0
1753425360000,0.04041,0.04043,0.04038,0.04039,104879,1753425419999,4237.73874,41,40032,1617.66837,0
1753425420000,0.04039,0.04051,0.04039,0.04051,551603,1753425479999,22324.94474,114,417810,16910.02104,0
1753425480000,0.04050,0.04050,0.04046,0.04046,217013,1753425539999,8785.19811,71,111002,4493.24466,0
1753425540000,0.04047,0.04051,0.04046,0.04048,465608,1753425599999,18848.87994,99,213696,8651.34795,0
1753425600000,0.04046,0.04056,0.04046,0.04056,120572,1753425659999,4886.59653,46,80542,3263.32638,0
1753425660000,0.04057,0.04068,0.04057,0.04065,745759,1753425719999,30315.69785,195,394638,16041.03150,0
1753425720000,0.04066,0.04066,0.04060,0.04061,143778,1753425779999,5841.29651,55,75897,3082.79447,0
1753425780000,0.04062,0.04063,0.04059,0.04062,91729,1753425839999,3725.57632,62,40841,1658.95782,0
1753425840000,0.04062,0.04065,0.04062,0.04064,22404,1753425899999,910.30354,27,18652,757.85266,0
1753425900000,0.04063,0.04065,0.04059,0.04065,276443,1753425959999,11227.40227,92,70058,2846.15307,0
1753425960000,0.04065,0.04071,0.04064,0.04071,187950,1753426019999,7642.61417,85,172957,7032.76069,0
1753426020000,0.04071,0.04073,0.04068,0.0407,51596,1753426079999,2100.23945,36,29948,1219.05758,0
1753426080000,0.04070,0.04076,0.04070,0.04076,101966,1753426139999,4151.93577,52,72916,2968.64837,0
1753426140000,0.04076,0.04076,0.04072,0.04073,100341,1753426199999,4087.97347,49,69560,2833.99986,0
1753426200000,0.04072,0.04077,0.04071,0.04074,104315,1753426259999,4249.34382,61,54104,2203.80228,0
1753426260000,0.04073,0.04073,0.04066,0.0407,169525,1753426319999,6897.36661,62,57604,2343.71601,0
1753426320000,0.04070,0.04071,0.04067,0.0407,74385,1753426379999,3026.87474,36,62759,2553.84298,0
1753426380000,0.04069,0.04069,0.04062,0.04067,121680,1753426439999,4947.41923,54,85440,3473.58101,0
1753426440000,0.04067,0.04068,0.04060,0.0406,29636,1753426499999,1205.25810,25,9999,406.75932,0
1753426500000,0.04060,0.04065,0.04060,0.04064,27807,1753426559999,1129.81316,27,13831,561.77940,0
1753426560000,0.04065,0.04066,0.04063,0.04063,21470,1753426619999,872.66756,25,9044,367.66352,0
1753426620000,0.04062,0.04062,0.04058,0.04059,24561,1753426679999,997.35978,35,11622,471.92523,0
1753426680000,0.04058,0.04058,0.04054,0.04054,205685,1753426739999,8339.43014,67,8197,332.48117,0
1753426740000,0.04054,0.04060,0.04054,0.0406,49340,1753426799999,2002.16084,27,43306,1757.32294,0
1753426800000,0.04059,0.04060,0.04056,0.04056,260366,1753426859999,10566.05282,138,44840,1820.18608,0
1753426860000,0.04056,0.04056,0.04050,0.0405,707583,1753426919999,28674.28930,163,136553,5536.13254,0
1753426920000,0.04050,0.04051,0.04047,0.04049,114088,1753426979999,4620.31379,75,52804,2138.66088,0
1753426980000,0.04049,0.04050,0.04046,0.0405,123053,1753427039999,4981.75402,89,80746,3269.02445,0
1753427040000,0.04050,0.04050,0.04042,0.04048,199655,1753427099999,8078.53022,82,91830,3715.83945,0
1753427100000,0.04048,0.04049,0.04041,0.04046,159691,1753427159999,6458.21861,89,43526,1760.67878,0
1753427160000,0.04045,0.04046,0.04036,0.0404,1826990,1753427219999,73809.61598,303,135561,5480.14944,0
1753427220000,0.04039,0.04039,0.04036,0.04037,183558,1753427279999,7411.43084,75,67561,2728.03521,0
1753427280000,0.04038,0.04043,0.04038,0.0404,310250,1753427339999,12538.32599,97,228654,9241.25025,0
1753427340000,0.04040,0.04050,0.04040,0.04047,185281,1753427399999,7495.17230,125,128545,5199.30128,0
1753427400000,0.04047,0.04047,0.04038,0.04038,93104,1753427459999,3762.79504,46,32632,1318.32761,0
1753427460000,0.04038,0.04039,0.04034,0.04035,129457,1753427519999,5224.60898,92,73199,2954.69912,0
1753427520000,0.04036,0.04057,0.04036,0.04056,1256473,1753427579999,50829.26411,395,980865,39675.15232,0
1753427580000,0.04054,0.04068,0.04048,0.04068,218657,1753427639999,8874.30958,111,139811,5679.61664,0
1753427640000,0.04069,0.04077,0.04066,0.04068,2006705,1753427699999,81725.28565,320,1684718,68625.69750,0
1753427700000,0.04069,0.04088,0.04069,0.04088,246153,1753427759999,10040.98941,127,185245,7558.44692,0
1753427760000,0.04088,0.04102,0.04087,0.04095,1120598,1753427819999,45909.58370,327,538871,22078.55462,0
1753427820000,0.04096,0.04100,0.04089,0.04091,528317,1753427879999,21621.48145,137,310064,12687.97047,0
1753427880000,0.04092,0.04094,0.04086,0.04091,218621,1753427939999,8940.51909,102,50214,2053.07894,0
1753427940000,0.04091,0.04094,0.04081,0.04083,146526,1753427999999,5989.72622,69,61350,2508.01967,0
1753428000000,0.04085,0.04090,0.04084,0.04085,365048,1753428059999,14921.54405,126,173885,7108.51810,0
1753428060000,0.04083,0.04083,0.04069,0.04069,332044,1753428119999,13527.22877,104,129242,5265.20750,0
1753428120000,0.04069,0.04072,0.04066,0.04066,287551,1753428179999,11699.98779,113,74438,3029.22622,0
1753428180000,0.04065,0.04073,0.04065,0.04071,185549,1753428239999,7552.32127,83,123355,5021.16018,0
1753428240000,0.04072,0.04084,0.04072,0.04079,212649,1753428299999,8673.77764,91,164878,6724.39289,0
1753428300000,0.04079,0.04081,0.04075,0.04081,341006,1753428359999,13908.90983,105,275717,11247.04291,0
1753428360000,0.04081,0.04081,0.04073,0.04076,292158,1753428419999,11910.18368,71,71792,2927.67833,0
1753428420000,0.04075,0.04077,0.04070,0.0407,176953,1753428479999,7208.58278,80,103753,4227.80989,0
1753428480000,0.04070,0.04075,0.04069,0.04074,100618,1753428539999,4095.72301,66,71198,2897.82729,0
1753428540000,0.04075,0.04075,0.04066,0.04066,93716,1753428599999,3813.78260,40,21334,868.60851,0
1753428600000,0.04067,0.04073,0.04064,0.04067,239040,1753428659999,9725.85895,102,85881,3493.40484,0
1753428660000,0.04068,0.04076,0.04068,0.04073,94674,1753428719999,3854.66154,74,45895,1868.92490,0
1753428720000,0.04072,0.04072,0.04062,0.04069,220111,1753428779999,8952.69429,121,135534,5511.86825,0
1753428780000,0.04067,0.04069,0.04061,0.04061,1730899,1753428839999,70357.05906,276,135225,5498.15355,0
1753428840000,0.04061,0.04063,0.04049,0.04049,296923,1753428899999,12041.77573,124,71415,2896.71373,0
1753428900000,0.04049,0.04050,0.04041,0.04041,629779,1753428959999,25481.12317,151,182880,7399.53669,0
1753428960000,0.04041,0.04049,0.04040,0.04046,195657,1753429019999,7912.08667,75,86717,3506.53571,0
1753429020000,0.04046,0.04049,0.04044,0.04044,143912,1753429079999,5821.32990,64,71123,2876.52235,0
1753429080000,0.04044,0.04048,0.04041,0.04048,84324,1753429139999,3409.72463,48,37446,1513.73665,0
1753429140000,0.04047,0.04050,0.04047,0.0405,192579,1753429199999,7794.90249,64,170544,6902.90106,0
1753429200000,0.04050,0.04050,0.04043,0.04044,254171,1753429259999,10282.70894,80,22325,903.46473,0
1753429260000,0.04044,0.04044,0.04039,0.04039,133464,1753429319999,5393.89453,112,58768,2375.76555,0
1753429320000,0.04039,0.04043,0.04039,0.04041,75290,1753429379999,3042.32682,57,54184,2189.46994,0
1753429380000,0.04040,0.04042,0.04039,0.04039,66862,1753429439999,2701.29875,56,35410,1430.79263,0
1753429440000,0.04040,0.04042,0.04040,0.0404,45913,1753429499999,1855.33211,37,30245,1222.28266,0
1753429500000,0.04040,0.04041,0.04037,0.04038,140635,1753429559999,5681.01420,88,67848,2740.75444,0
1753429560000,0.04039,0.04041,0.04038,0.04038,98264,1753429619999,3969.29119,72,38553,1557.60653,0
1753429620000,0.04038,0.04047,0.04037,0.04047,81487,1753429679999,3292.49159,56,63122,2550.73863,0
1753429680000,0.04047,0.04047,0.04040,0.04041,69381,1753429739999,2806.01425,50,38380,1552.73638,0
1753429740000,0.04042,0.04044,0.04040,0.04042,93208,1753429799999,3767.51571,45,29988,1212.08595,0
1753429800000,0.04042,0.04043,0.04040,0.04043,88530,1753429859999,3578.05764,44,39547,1598.47717,0
1753429860000,0.04042,0.04043,0.04036,0.04037,144603,1753429919999,5842.85174,62,110734,4473.99685,0
1753429920000,0.04041,0.04043,0.04028,0.04037,482889,1753429979999,19480.89657,168,295791,11931.63293,0
1753429980000,0.04036,0.04036,0.04024,0.04027,324198,1753430039999,13056.66952,138,122635,4939.48663,0
1753430040000,0.04026,0.04027,0.04018,0.04021,436528,1753430099999,17559.90249,59,67675,2723.32781,0
1753430100000,0.04019,0.04022,0.04018,0.04018,281292,1753430159999,11307.69549,122,153988,6190.79838,0
1753430160000,0.04018,0.04024,0.04014,0.04021,299966,1753430219999,12052.23647,131,151487,6087.67787,0
1753430220000,0.04022,0.04041,0.04022,0.0404,269888,1753430279999,10881.30400,121,198486,8002.66006,0
1753430280000,0.04041,0.04057,0.04041,0.04054,550527,1753430339999,22293.59663,140,327341,13256.12868,0
1753430340000,0.04058,0.04063,0.04055,0.04056,285257,1753430399999,11577.70414,104,120154,4877.18654,0
1753430400000,0.04057,0.04070,0.04054,0.0407,451578,1753430459999,18335.95017,147,242525,9856.14901,0
1753430460000,0.04069,0.04070,0.04060,0.0406,242102,1753430519999,9842.31819,92,53088,2156.49536,0
1753430520000,0.04061,0.04075,0.04061,0.04073,210940,1753430579999,8578.86383,116,167918,6830.32533,0
1753430580000,0.04074,0.04074,0.04063,0.04063,143188,1753430639999,5827.34663,78,58185,2368.30265,0
1753430640000,0.04063,0.04067,0.04061,0.04061,169735,1753430699999,6896.20766,70,22184,901.27189,0
1753430700000,0.04062,0.04072,0.04062,0.04072,136973,1753430759999,5569.14191,54,96789,3934.81456,0
1753430760000,0.04072,0.04079,0.04069,0.0407,251644,1753430819999,10254.16829,115,153318,6248.81966,0
1753430820000,0.04069,0.04075,0.04067,0.04073,110004,1753430879999,4477.91696,63,49771,2027.07197,0
1753430880000,0.04072,0.04080,0.04072,0.04074,91963,1753430939999,3749.70342,61,39081,1593.38772,0
1753430940000,0.04073,0.04077,0.04069,0.04069,70492,1753430999999,2871.93423,66,31809,1295.99013,0
1753431000000,0.04069,0.04072,0.04063,0.04067,188602,1753431059999,7668.48074,92,76150,3095.93337,0
1753431060000,0.04067,0.04071,0.04058,0.04058,420214,1753431119999,17087.02101,151,361167,14687.04487,0
1753431120000,0.04059,0.04068,0.04058,0.04068,216383,1753431179999,8791.07688,130,195444,7940.63577,0
1753431180000,0.04068,0.04073,0.04064,0.04073,375331,1753431239999,15267.99799,170,288041,11717.96717,0
1753431240000,0.04073,0.04080,0.04070,0.0408,190024,1753431299999,7743.77131,73,82918,3379.46995,0
1753431300000,0.04080,0.04083,0.04070,0.0407,110621,1753431359999,4513.70253,82,63294,2582.35563,0
1753431360000,0.04071,0.04081,0.04071,0.04081,176143,1753431419999,7178.05161,53,120662,4917.42510,0
1753431420000,0.04081,0.04083,0.04077,0.04081,151805,1753431479999,6193.58881,69,116456,4750.98871,0
1753431480000,0.04082,0.04095,0.04081,0.04094,594085,1753431539999,24296.49114,155,474828,19422.78040,0
1753431540000,0.04094,0.04100,0.04089,0.04097,208806,1753431599999,8549.46620,80,138569,5674.87265,0
1753431600000,0.04098,0.04108,0.04094,0.04108,548765,1753431659999,22507.48313,144,500487,20528.92342,0
1753431660000,0.04107,0.04109,0.04099,0.04104,192126,1753431719999,7885.16358,101,107921,4429.46077,0
1753431720000,0.04104,0.04106,0.04100,0.04105,262705,1753431779999,10777.57145,109,178629,7328.51246,0
1753431780000,0.04107,0.04111,0.04102,0.04107,395245,1753431839999,16232.52334,87,233718,9602.23815,0
1753431840000,0.04108,0.04109,0.04101,0.04101,261755,1753431899999,10743.84777,59,34393,1412.37954,0
1753431900000,0.04101,0.04112,0.04101,0.04107,328642,1753431959999,13496.36843,126,143878,5908.69553,0
1753431960000,0.04107,0.04110,0.04106,0.0411,138271,1753432019999,5679.42925,55,49779,2044.98158,0
1753432020000,0.04110,0.04110,0.04103,0.04104,111296,1753432079999,4570.36241,75,60622,2490.09134,0
1753432080000,0.04105,0.04111,0.04105,0.04106,166529,1753432139999,6841.02290,75,145716,5986.17096,0
1753432140000,0.04105,0.04107,0.04102,0.04104,285160,1753432199999,11703.26063,92,111511,4577.60904,0
1753432200000,0.04103,0.04104,0.04089,0.04089,1387746,1753432259999,56805.77818,189,169189,6928.15882,0
1753432260000,0.04090,0.04097,0.04090,0.04095,463110,1753432319999,18955.58372,109,234298,9589.55913,0
1753432320000,0.04093,0.04093,0.04089,0.04089,166713,1753432379999,6818.90840,80,56623,2316.44861,0
1753432380000,0.04088,0.04091,0.04086,0.04086,240802,1753432439999,9847.44380,116,187999,7688.99217,0
1753432440000,0.04085,0.04087,0.04082,0.04086,165175,1753432499999,6747.48209,65,107865,4406.59944,0
1753432500000,0.04086,0.04087,0.04080,0.04082,631061,1753432559999,25772.28895,124,108579,4435.49520,0
1753432560000,0.04083,0.04083,0.04070,0.04071,698327,1753432619999,28450.73828,150,25297,1031.58871,0
1753432620000,0.04070,0.04070,0.04065,0.04066,295870,1753432679999,12033.27722,103,114157,4643.37508,0
1753432680000,0.04065,0.04075,0.04065,0.04073,205550,1753432739999,8362.86532,75,82285,3347.63640,0
1753432740000,0.04074,0.04075,0.04070,0.04073,183274,1753432799999,7463.38700,74,98883,4026.18199,0
1753432800000,0.04073,0.04073,0.04064,0.04065,260451,1753432859999,10598.69822,78,79289,3228.51958,0
1753432860000,0.04063,0.04064,0.04056,0.04057,303546,1753432919999,12322.56518,157,129205,5244.45374,0
1753432920000,0.04057,0.04061,0.04056,0.04059,99175,1753432979999,4025.03535,90,52936,2148.48137,0
1753432980000,0.04058,0.04064,0.04058,0.0406,152558,1753433039999,6195.47583,91,110360,4482.23565,0
1753433040000,0.04059,0.04062,0.04058,0.04061,119393,1753433099999,4847.03523,63,90114,3658.50086,0
1753433100000,0.04061,0.04063,0.04052,0.04062,374989,1753433159999,15212.01757,167,228254,9258.99311,0
1753433160000,0.04062,0.04068,0.04061,0.04068,392707,1753433219999,15958.77512,96,223911,9102.48985,0
1753433220000,0.04068,0.04085,0.04068,0.04082,2540224,1753433279999,103627.14949,389,1969184,80346.86060,0
1753433280000,0.04082,0.04087,0.04080,0.04087,211747,1753433339999,8645.02111,94,96911,3957.68930,0
1753433340000,0.04087,0.04092,0.04082,0.04083,607780,1753433399999,24851.51824,128,493485,20179.30705,0
1753433400000,0.04083,0.04087,0.04078,0.04085,291778,1753433459999,11904.23622,116,57349,2341.07091,0
1753433460000,0.04084,0.04087,0.04080,0.0408,129742,1753433519999,5300.30005,52,67270,2748.38824,0
1753433520000,0.04079,0.04081,0.04077,0.04078,28627,1753433579999,1167.70676,43,16912,689.91833,0
1753433580000,0.04076,0.04077,0.04071,0.04073,212631,1753433639999,8661.37916,93,30202,1230.67690,0
1753433640000,0.04073,0.04077,0.04069,0.04077,546594,1753433699999,22252.61950,121,59030,2403.57307,0
1753433700000,0.04077,0.04077,0.04070,0.0407,239915,1753433759999,9773.52545,83,91219,3716.26061,0
1753433760000,0.04069,0.04070,0.04065,0.04066,89995,1753433819999,3661.20943,65,60597,2465.17325,0
1753433820000,0.04068,0.04071,0.04067,0.04071,56976,1753433879999,2318.13302,56,37371,1520.64978,0
1753433880000,0.04070,0.04075,0.04067,0.04075,70879,1753433939999,2884.06390,48,14299,581.99613,0
1753433940000,0.04073,0.04074,0.04068,0.04074,98343,1753433999999,4004.37685,46,55008,2239.96629,0
1753434000000,0.04074,0.04074,0.04072,0.04073,120605,1753434059999,4912.49832,75,28187,1148.21729,0
1753434060000,0.04073,0.04076,0.04069,0.04076,114208,1753434119999,4650.81190,76,60980,2483.68421,0
1753434120000,0.04077,0.04077,0.04070,0.04071,135619,1753434179999,5524.25319,74,20920,852.07526,0
1753434180000,0.04072,0.04075,0.04072,0.04074,43746,1753434239999,1782.21636,38,15538,633.04549,0
1753434240000,0.04075,0.04075,0.04068,0.04068,85946,1753434299999,3499.06808,76,12844,523.26762,0
1753434300000,0.04068,0.04086,0.04068,0.04083,151111,1753434359999,6162.60408,137,101115,4123.04983,0
1753434360000,0.04082,0.04082,0.04072,0.04072,71380,1753434419999,2910.33415,68,55360,2257.18864,0
1753434420000,0.04073,0.04079,0.04073,0.04077,79338,1753434479999,3234.23982,50,63555,2590.60978,0
1753434480000,0.04077,0.04077,0.04071,0.04075,84364,1753434539999,3436.09679,61,29320,1194.37857,0
1753434540000,0.04074,0.04077,0.04072,0.04074,100203,1753434599999,4082.43942,62,74926,3052.25160,0
1753434600000,0.04074,0.04082,0.04073,0.04081,31483,1753434659999,1283.69434,38,6142,250.27034,0
1753434660000,0.04079,0.04079,0.04071,0.04071,385662,1753434719999,15709.33291,111,40007,1630.14008,0
1753434720000,0.04071,0.04074,0.04067,0.04068,544563,1753434779999,22169.01190,176,189989,7736.71463,0
1753434780000,0.04067,0.04077,0.04067,0.04073,250752,1753434839999,10210.91694,93,187531,7636.85306,0
1753434840000,0.04075,0.04086,0.04074,0.04085,591678,1753434899999,24142.28814,121,421133,17181.66133,0
1753434900000,0.04085,0.04087,0.04079,0.04084,706103,1753434959999,28835.59189,147,319365,13047.08038,0
1753434960000,0.04084,0.04084,0.04076,0.04076,344018,1753435019999,14043.41985,51,42019,1714.60088,0
1753435020000,0.04077,0.04078,0.04072,0.04072,70177,1753435079999,2860.94244,64,57518,2344.98212,0
1753435080000,0.04073,0.04089,0.04073,0.04088,112684,1753435139999,4598.40374,66,97814,3991.09521,0
1753435140000,0.04088,0.04101,0.04088,0.04101,206646,1753435199999,8462.85518,124,164588,6741.60493,0
1753435200000,0.04102,0.04106,0.04101,0.04103,129853,1753435259999,5328.81333,65,64819,2659.91501,0
1753435260000,0.04105,0.04106,0.04102,0.04104,83072,1753435319999,3409.51271,73,35229,1445.79662,0
1753435320000,0.04106,0.04112,0.04104,0.0411,350172,1753435379999,14391.15620,104,137216,5637.31872,0
1753435380000,0.04108,0.04117,0.04106,0.04117,601394,1753435439999,24741.24012,150,523316,21530.84015,0
1753435440000,0.04118,0.04121,0.04117,0.0412,91237,1753435499999,3757.64432,62,59047,2432.12557,0
1753435500000,0.04117,0.04117,0.04107,0.04108,187784,1753435559999,7719.00572,112,82913,3406.71455,0
1753435560000,0.04109,0.04112,0.04108,0.0411,288953,1753435619999,11877.30588,99,175343,7207.42651,0
1753435620000,0.04111,0.04120,0.04111,0.0412,65617,1753435679999,2699.49803,51,60167,2475.44853,0
1753435680000,0.04121,0.04125,0.04119,0.04123,275032,1753435739999,11338.47748,97,200012,8246.57323,0
1753435740000,0.04122,0.04131,0.04121,0.0413,250180,1753435799999,10323.44138,98,168433,6952.68040,0
1753435800000,0.04131,0.04137,0.04126,0.04137,265637,1753435859999,10972.55487,151,228849,9453.87079,0
1753435860000,0.04137,0.04140,0.04133,0.04133,442187,1753435919999,18291.63855,144,269614,11154.75380,0
1753435920000,0.04133,0.04151,0.04133,0.04149,1289620,1753435979999,53462.30207,199,651201,27010.71676,0
1753435980000,0.04149,0.04156,0.04149,0.04154,267092,1753436039999,11093.38429,125,141420,5873.59615,0
1753436040000,0.04154,0.04157,0.04148,0.0415,332938,1753436099999,13830.16870,129,171989,7145.70498,0
1753436100000,0.04151,0.04151,0.04145,0.04146,204379,1753436159999,8476.42438,108,22174,919.87377,0
1753436160000,0.04146,0.04148,0.04140,0.04144,552192,1753436219999,22887.44317,189,282095,11693.13206,0
1753436220000,0.04144,0.04155,0.04144,0.04153,327644,1753436279999,13597.21987,126,286484,11889.01447,0
1753436280000,0.04154,0.04155,0.04149,0.04149,169260,1753436339999,7028.52728,88,74861,3108.90862,0
1753436340000,0.04147,0.04148,0.04144,0.04147,426398,1753436399999,17679.16407,112,242088,10036.46409,0
1753436400000,0.04147,0.04151,0.04143,0.04144,954600,1753436459999,39569.60863,170,158394,6570.20433,0
1753436460000,0.04144,0.04144,0.04139,0.04141,169198,1753436519999,7005.70488,82,94429,3910.17100,0
1753436520000,0.04140,0.04140,0.04136,0.04138,438159,1753436579999,18124.81162,132,177751,7353.01423,0
1753436580000,0.04138,0.04140,0.04135,0.04135,191639,1753436639999,7928.43025,69,23605,976.80231,0
1753436640000,0.04136,0.04137,0.04128,0.04128,187506,1753436699999,7748.40715,87,40048,1656.12568,0
1753436700000,0.04126,0.04132,0.04125,0.04131,127236,1753436759999,5252.48771,83,77373,3193.53074,0
1753436760000,0.04130,0.04132,0.04128,0.04128,101311,1753436819999,4184.36635,57,26687,1102.42118,0
1753436820000,0.04126,0.04126,0.04121,0.04123,180091,1753436879999,7424.22089,69,56023,2309.22905,0
1753436880000,0.04123,0.04128,0.04121,0.04126,80034,1753436939999,3301.01050,56,42357,1747.10806,0
1753436940000,0.04126,0.04126,0.04120,0.0412,88138,1753436999999,3633.58391,55,24254,999.74934,0
1753437000000,0.04120,0.04126,0.04120,0.04126,77028,1753437059999,3176.50377,56,50656,2089.00841,0
1753437060000,0.04125,0.04129,0.04124,0.04127,712911,1753437119999,29418.11382,160,450340,18586.46640,0
1753437120000,0.04127,0.04130,0.04126,0.0413,467222,1753437179999,19287.57982,95,342763,14149.19106,0
1753437180000,0.04130,0.04145,0.04130,0.04145,691518,1753437239999,28607.66533,172,535630,22157.14492,0
1753437240000,0.04145,0.04145,0.04136,0.04144,282406,1753437299999,11694.70101,101,173149,7170.19033,0
1753437300000,0.04144,0.04159,0.04140,0.04159,938929,1753437359999,39002.35664,226,735716,30558.52668,0
1753437360000,0.04159,0.04159,0.04148,0.04153,246646,1753437419999,10243.10570,101,71998,2989.17967,0
1753437420000,0.04156,0.04156,0.04153,0.04156,56496,1753437479999,2347.08732,49,21985,913.37999,0
1753437480000,0.04157,0.04162,0.04154,0.04162,130685,1753437539999,5431.82144,58,86172,3580.87490,0
1753437540000,0.04162,0.04165,0.04160,0.04164,204356,1753437599999,8507.59669,94,88510,3685.49188,0
1753437600000,0.04164,0.04168,0.04160,0.04166,585797,1753437659999,24392.40913,250,251632,10478.85650,0
1753437660000,0.04165,0.04172,0.04164,0.04169,414447,1753437719999,17276.28286,267,208362,8687.24699,0
1753437720000,0.04170,0.04177,0.04167,0.04176,676500,1753437779999,28225.28003,324,347756,14510.56894,0
1753437780000,0.04175,0.04179,0.04172,0.04174,612022,1753437839999,25557.30244,211,325553,13595.66631,0
1753437840000,0.04176,0.04178,0.04166,0.04166,1015200,1753437899999,42345.26960,232,249746,10424.09807,0
1753437900000,0.04167,0.04169,0.04162,0.04164,493372,1753437959999,20551.63839,206,286068,11917.80066,0
1753437960000,0.04165,0.04165,0.04159,0.0416,830867,1753438019999,34568.50614,201,203450,8467.24045,0
1753438020000,0.04161,0.04164,0.04160,0.04161,192297,1753438079999,8003.86672,74,111580,4644.40717,0
1753438080000,0.04161,0.04164,0.04156,0.04157,310027,1753438139999,12895.09175,135,158999,6615.80877,0
1753438140000,0.04158,0.04161,0.04157,0.04159,300484,1753438199999,12494.95531,54,277015,11518.80139,0
1753438200000,0.04159,0.04160,0.04154,0.04154,240649,1753438259999,10004.50845,105,111276,4626.24871,0
1753438260000,0.04154,0.04162,0.04154,0.04161,146789,1753438319999,6102.60107,81,122475,5091.94859,0
1753438320000,0.04161,0.04163,0.04158,0.04159,147546,1753438379999,6136.84686,104,48122,2001.76843,0
1753438380000,0.04158,0.04159,0.04157,0.04158,77131,1753438439999,3207.25249,41,57985,2411.15369,0
1753438440000,0.04157,0.04160,0.04155,0.0416,203141,1753438499999,8443.91218,83,162071,6737.19585,0
1753438500000,0.04161,0.04161,0.04155,0.04157,180393,1753438559999,7499.53777,87,65291,2713.52779,0
1753438560000,0.04158,0.04158,0.04155,0.04157,158896,1753438619999,6603.23844,61,20603,856.38100,0
1753438620000,0.04157,0.04161,0.04157,0.04161,94551,1753438679999,3932.56458,45,92330,3840.19038,0
1753438680000,0.04160,0.04160,0.04153,0.04158,582811,1753438739999,24218.19793,141,85234,3543.07310,0
1753438740000,0.04157,0.04159,0.04154,0.04156,410712,1753438799999,17074.48452,97,381673,15867.76878,0
1753438800000,0.04157,0.04157,0.04153,0.04154,89131,1753438859999,3703.90005,37,76581,3182.22966,0
1753438860000,0.04154,0.04158,0.04153,0.04158,258816,1753438919999,10759.20497,71,232734,9674.89383,0
1753438920000,0.04158,0.04161,0.04156,0.04156,147532,1753438979999,6134.07275,57,33959,1412.01129,0
1753438980000,0.04156,0.04159,0.04154,0.04159,74219,1753439039999,3085.67116,27,72249,3003.80316,0
1753439040000,0.04158,0.04158,0.04154,0.04155,15148,1753439099999,629.42200,33,9836,408.68580,0
1753439100000,0.04152,0.04152,0.04150,0.0415,342011,1753439159999,14196.62707,93,83776,3477.73106,0
1753439160000,0.04150,0.04150,0.04143,0.04143,108956,1753439219999,4517.04688,40,4668,193.57045,0
1753439220000,0.04144,0.04148,0.04144,0.04145,151095,1753439279999,6264.41545,51,86098,3569.88272,0
1753439280000,0.04145,0.04150,0.04145,0.04149,25258,1753439339999,1047.39796,17,23778,986.00936,0
1753439340000,0.04148,0.04148,0.04144,0.04144,61780,1753439399999,2561.02402,26,4858,201.32128,0
1753439400000,0.04145,0.04147,0.04145,0.04147,38259,1753439459999,1586.22001,27,10013,415.05950,0
1753439460000,0.04148,0.04153,0.04148,0.04151,57298,1753439519999,2378.01281,35,28680,1189.79273,0
1753439520000,0.04150,0.04150,0.04147,0.04147,59346,1753439579999,2461.61291,31,10565,438.13055,0
1753439580000,0.04147,0.04154,0.04147,0.04154,247152,1753439639999,10258.45966,103,185402,7695.45066,0
1753439640000,0.04155,0.04156,0.04152,0.04154,322156,1753439699999,13381.81654,114,199117,8271.16785,0
1753439700000,0.04155,0.04157,0.04153,0.04156,153391,1753439759999,6373.89268,90,142588,5925.00509,0
1753439760000,0.04156,0.04160,0.04153,0.0416,244968,1753439819999,10182.26466,109,233060,9687.46939,0
1753439820000,0.04161,0.04161,0.04156,0.04156,210875,1753439879999,8768.46726,77,126068,5242.94539,0
1753439880000,0.04157,0.04158,0.04155,0.04156,172978,1753439939999,7189.88918,74,140244,5829.43783,0
1753439940000,0.04155,0.04155,0.04151,0.04151,142577,1753439999999,5921.67691,44,53483,2221.39419,0
1753440000000,0.04152,0.04152,0.04146,0.04148,307362,1753440059999,12752.24330,123,170208,7064.41280,0
1753440060000,0.04149,0.04155,0.04149,0.04155,227547,1753440119999,9448.18680,111,211719,8790.88610,0
1753440120000,0.04156,0.04157,0.04153,0.04156,410141,1753440179999,17040.84638,147,128600,5344.30815,0
1753440180000,0.04157,0.04157,0.04154,0.04154,224586,1753440239999,9332.09180,140,140270,5828.60194,0
1753440240000,0.04154,0.04162,0.04152,0.04162,372211,1753440299999,15477.26989,148,326586,13580.31363,0
1753440300000,0.04162,0.04162,0.04156,0.04159,1094532,1753440359999,45524.13816,236,211359,8790.56672,0
1753440360000,0.04159,0.04159,0.04145,0.04145,320455,1753440419999,13309.36032,119,140472,5837.35552,0
1753440420000,0.04145,0.04150,0.04145,0.04145,855531,1753440479999,35484.68750,145,441219,18302.95724,0
1753440480000,0.04145,0.04150,0.04145,0.0415,929528,1753440539999,38568.43752,173,517319,21462.33678,0
1753440540000,0.04151,0.04152,0.04148,0.04152,484650,1753440599999,20113.77545,114,136890,5681.79022,0
1753440600000,0.04153,0.04160,0.04153,0.0416,932065,1753440659999,38742.82502,222,871905,36242.51188,0
1753440660000,0.04161,0.04168,0.04161,0.04164,1456035,1753440719999,60652.42726,305,936467,39006.96900,0
1753440720000,0.04164,0.04164,0.04159,0.04162,255599,1753440779999,10635.81842,128,100200,4169.60152,0
1753440780000,0.04163,0.04164,0.04160,0.04161,115485,1753440839999,4806.38385,75,97835,4071.72326,0
1753440840000,0.04161,0.04162,0.04160,0.04162,106934,1753440899999,4449.64707,76,81384,3386.56338,0
1753440900000,0.04162,0.04163,0.04161,0.04162,384853,1753440959999,16015.03458,78,103605,4311.88425,0
1753440960000,0.04163,0.04164,0.04159,0.04159,184998,1753441019999,7699.90587,72,44317,1845.11334,0
1753441020000,0.04158,0.04163,0.04158,0.04163,103291,1753441079999,4297.87703,86,84954,3534.92031,0
1753441080000,0.04161,0.04161,0.04157,0.04161,89930,1753441139999,3739.48256,47,55726,2317.35623,0
1753441140000,0.04161,0.04162,0.04161,0.04161,32931,1753441199999,1370.48649,43,22723,945.70878,0
1753441200000,0.04163,0.04164,0.04161,0.04161,89158,1753441259999,3711.47138,85,50655,2108.76369,0
1753441260000,0.04160,0.04162,0.04160,0.04162,167792,1753441319999,6981.56982,112,80808,3362.49694,0
1753441320000,0.04162,0.04168,0.04161,0.04168,155704,1753441379999,6483.56310,93,107182,4463.03832,0
1753441380000,0.04168,0.04169,0.04165,0.04167,87152,1753441439999,3630.84333,59,46078,1919.57284,0
1753441440000,0.04168,0.04172,0.04167,0.04172,89402,1753441499999,3726.52635,48,44727,1864.62611,0
1753441500000,0.04174,0.04174,0.04165,0.04165,124409,1753441559999,5190.26019,82,40836,1703.52709,0
1753441560000,0.04165,0.04172,0.04165,0.04172,261277,1753441619999,10893.26386,80,146231,6096.02141,0
1753441620000,0.04172,0.04176,0.04170,0.0417,161925,1753441679999,6757.77774,81,49958,2085.95099,0
1753441680000,0.04171,0.04176,0.04170,0.04176,177365,1753441739999,7403.77933,65,124886,5213.23979,0
1753441740000,0.04176,0.04176,0.04174,0.04175,43124,1753441799999,1800.30647,50,5226,218.18200,0
1753441800000,0.04175,0.04175,0.04169,0.04172,93063,1753441859999,3880.94546,59,67614,2819.19762,0
1753441860000,0.04173,0.04176,0.04172,0.04175,414212,1753441919999,17290.23591,105,301024,12567.01256,0
1753441920000,0.04176,0.04178,0.04175,0.04175,37961,1753441979999,1585.41791,72,14293,597.03178,0
1753441980000,0.04174,0.04174,0.04171,0.04171,53120,1753442039999,2216.29469,42,11669,487.06406,0
1753442040000,0.04171,0.04172,0.04169,0.04169,17546,1753442099999,731.87643,32,7177,299.41112,0
1753442100000,0.04170,0.04173,0.04170,0.04173,31999,1753442159999,1334.90831,42,3398,141.72532,0
1753442160000,0.04172,0.04176,0.04171,0.04175,59284,1753442219999,2474.26213,53,35606,1486.09097,0
1753442220000,0.04174,0.04174,0.04170,0.04171,195034,1753442279999,8139.32188,50,40488,1689.10140,0
1753442280000,0.04171,0.04173,0.04170,0.04173,36858,1753442339999,1537.74554,54,30546,1274.49855,0
1753442340000,0.04172,0.04172,0.04169,0.0417,31202,1753442399999,1301.17859,40,992,41.37393,0
1753442400000,0.04170,0.04171,0.04167,0.04168,179080,1753442459999,7466.14952,65,57772,2408.94606,0
1753442460000,0.04167,0.04171,0.04167,0.04171,101996,1753442519999,4252.75697,51,78250,3262.55572,0
1753442520000,0.04172,0.04176,0.04170,0.04176,130446,1753442579999,5442.41985,52,82744,3452.85198,0
1753442580000,0.04176,0.04180,0.04176,0.0418,261186,1753442639999,10912.94709,70,234417,9794.89734,0
1753442640000,0.04181,0.04184,0.04180,0.04183,121081,1753442699999,5063.96215,60,92361,3862.56387,0
1753442700000,0.04184,0.04184,0.04180,0.04183,129016,1753442759999,5395.98340,56,45500,1902.99550,0
1753442760000,0.04183,0.04185,0.04182,0.04185,69387,1753442819999,2903.11405,48,47989,2007.92481,0
1753442820000,0.04185,0.04185,0.04182,0.04182,22307,1753442879999,933.08751,42,1401,58.61648,0
1753442880000,0.04182,0.04183,0.04182,0.04183,60412,1753442939999,2526.93625,37,50641,2118.31303,0
1753442940000,0.04185,0.04185,0.04181,0.04181,87297,1753442999999,3650.91626,42,11053,462.34892,0
1753443000000,0.04180,0.04180,0.04175,0.04175,274082,1753443059999,11446.60331,97,35576,1486.09104,0
1753443060000,0.04177,0.04177,0.04173,0.04174,36476,1753443119999,1522.39174,40,30093,1255.86372,0
1753443120000,0.04173,0.04173,0.04169,0.04171,93619,1753443179999,3904.85767,72,22345,932.01697,0
1753443180000,0.04172,0.04177,0.04172,0.04177,73601,1753443239999,3071.31965,35,65618,2738.26889,0
1753443240000,0.04177,0.04179,0.04176,0.04176,222047,1753443299999,9275.28528,71,96988,4051.98858,0
1753443300000,0.04177,0.04182,0.04177,0.04182,96153,1753443359999,4018.47799,56,30466,1272.79844,0
1753443360000,0.04184,0.04185,0.04182,0.04185,61904,1753443419999,2589.39096,53,37545,1570.46282,0
1753443420000,0.04185,0.04185,0.04180,0.04181,109686,1753443479999,4585.72743,47,51982,2172.95240,0
1753443480000,0.04182,0.04189,0.04182,0.04185,51586,1753443539999,2159.33468,58,26823,1122.92975,0
1753443540000,0.04183,0.04183,0.04178,0.04178,132717,1753443599999,5546.05904,49,20929,874.41935,0
1753443600000,0.04179,0.04179,0.04175,0.04176,663378,1753443659999,27705.38524,126,65488,2735.34412,0
1753443660000,0.04175,0.04175,0.04164,0.04165,227431,1753443719999,9480.47954,124,115230,4803.74991,0
1753443720000,0.04165,0.04167,0.04163,0.04163,459376,1753443779999,19136.92723,91,26011,1083.79089,0
1753443780000,0.04163,0.04165,0.04161,0.04164,153459,1753443839999,6389.07024,61,76115,3169.32954,0
1753443840000,0.04165,0.04167,0.04163,0.04166,199542,1753443899999,8311.66597,72,35154,1464.52811,0
1753443900000,0.04165,0.04168,0.04163,0.04168,229463,1753443959999,9561.81149,83,30935,1289.26006,0
1753443960000,0.04168,0.04170,0.04166,0.04168,143023,1753444019999,5962.71476,52,109562,4567.88914,0
1753444020000,0.04168,0.04173,0.04168,0.04173,64559,1753444079999,2692.14304,37,47956,2000.00061,0
1753444080000,0.04174,0.04175,0.04174,0.04175,30953,1753444139999,1292.26695,33,23482,980.36428,0
1753444140000,0.04177,0.04178,0.04175,0.04176,43047,1753444199999,1798.04617,40,3432,143.38290,0
1753444200000,0.04176,0.04181,0.04176,0.0418,73922,1753444259999,3089.80811,35,27307,1141.39433,0
1753444260000,0.04180,0.04180,0.04176,0.04177,273331,1753444319999,11420.20565,85,149449,6243.33305,0
1753444320000,0.04176,0.04178,0.04175,0.04178,199815,1753444379999,8347.11474,73,161195,6734.02894,0
1753444380000,0.04177,0.04185,0.04175,0.04185,146308,1753444439999,6116.29124,61,127193,5317.50075,0
1753444440000,0.04184,0.04184,0.04179,0.0418,18866,1753444499999,788.81516,31,4986,208.42650,0
1753444500000,0.04181,0.04184,0.04181,0.04182,103167,1753444559999,4315.13440,52,33425,1398.00293,0
1753444560000,0.04183,0.04187,0.04183,0.04186,127735,1753444619999,5345.44375,53,101893,4263.87085,0
1753444620000,0.04186,0.04186,0.04180,0.04181,219617,1753444679999,9182.24167,67,48888,2044.65539,0
1753444680000,0.04182,0.04183,0.04181,0.04181,39875,1753444739999,1667.68544,32,10333,432.20062,0
1753444740000,0.04181,0.04181,0.04179,0.04179,187068,1753444799999,7819.78901,82,27968,1169.21280,0
1753444800000,0.04179,0.04184,0.04179,0.04184,133336,1753444859999,5574.92626,65,69682,2913.26282,0
1753444860000,0.04184,0.04192,0.04184,0.04189,289630,1753444919999,12132.22738,147,156433,6551.10169,0
1753444920000,0.04189,0.04195,0.04189,0.04195,153748,1753444979999,6443.88428,106,95238,3991.63789,0
1753444980000,0.04196,0.04203,0.04194,0.04201,300875,1753445039999,12633.11489,110,153289,6439.37007,0
1753445040000,0.04202,0.04203,0.04192,0.04193,103961,1753445099999,4364.33171,84,24626,1034.15366,0
1753445100000,0.04191,0.04192,0.04183,0.04184,355974,1753445159999,14908.66694,158,53186,2227.33975,0
1753445160000,0.04184,0.04184,0.04179,0.04184,260200,1753445219999,10880.36307,113,86935,3635.32522,0
1753445220000,0.04185,0.04191,0.04183,0.0419,88198,1753445279999,3693.02158,58,55690,2331.75645,0
1753445280000,0.04189,0.04198,0.04189,0.04198,93214,1753445339999,3908.19827,75,49538,2076.79162,0
1753445340000,0.04200,0.04201,0.04198,0.04201,447670,1753445399999,18804.16418,112,356499,14974.95937,0
1753445400000,0.04201,0.04209,0.04201,0.04206,496798,1753445459999,20887.83107,159,307429,12927.36086,0
1753445460000,0.04206,0.04206,0.04199,0.042,196908,1753445519999,8274.92166,132,84524,3551.61761,0
1753445520000,0.04199,0.04201,0.04191,0.04201,480346,1753445579999,20156.44137,200,130126,5460.88995,0
1753445580000,0.04201,0.04201,0.04194,0.04198,127916,1753445639999,5369.37177,88,56408,2368.11643,0
1753445640000,0.04197,0.04201,0.04196,0.04201,221168,1753445699999,9284.56589,86,113408,4760.68961,0
1753445700000,0.04201,0.04206,0.04201,0.04202,365283,1753445759999,15356.12723,108,190589,8012.30208,0
1753445760000,0.04200,0.04200,0.04190,0.04193,179070,1753445819999,7509.81155,81,14341,601.51876,0
1753445820000,0.04193,0.04195,0.04187,0.04187,98869,1753445879999,4142.61621,66,37763,1582.25016,0
1753445880000,0.04187,0.04190,0.04184,0.04186,89916,1753445939999,3764.28090,47,56437,2362.47782,0
1753445940000,0.04184,0.04184,0.04179,0.0418,123459,1753445999999,5162.54564,64,37121,1552.44148,0
1753446000000,0.04179,0.04188,0.04179,0.04184,183061,1753446059999,7661.92391,60,86157,3605.11119,0
1753446060000,0.04183,0.04183,0.04178,0.04181,246987,1753446119999,10322.45183,72,128704,5378.83895,0
1753446120000,0.04181,0.04181,0.04177,0.04177,183618,1753446179999,7670.68713,47,130167,5437.28782,0
1753446180000,0.04177,0.04179,0.04176,0.04176,87514,1753446239999,3655.85218,56,3615,151.02119,0
1753446240000,0.04175,0.04175,0.04173,0.04175,92308,1753446299999,3852.99289,39,47794,1994.83842,0
1753446300000,0.04176,0.04181,0.04176,0.04178,240631,1753446359999,10057.98184,68,54935,2295.39755,0
1753446360000,0.04178,0.04179,0.04174,0.04179,60670,1753446419999,2533.90536,40,26739,1116.66186,0
1753446420000,0.04179,0.04182,0.04179,0.0418,321371,1753446479999,13435.70691,65,34007,1421.64159,0
1753446480000,0.04180,0.04181,0.04177,0.04179,233750,1753446539999,9771.58869,60,63097,2637.51855,0
1753446540000,0.04179,0.04179,0.04174,0.04174,58700,1753446599999,2450.98082,32,35413,1478.21201,0
1753446600000,0.04175,0.04186,0.04174,0.04186,250043,1753446659999,10450.47437,72,80069,3346.53158,0
1753446660000,0.04186,0.04188,0.04178,0.04178,433621,1753446719999,18139.94790,170,67203,2811.21173,0
1753446720000,0.04179,0.04179,0.04168,0.04168,395607,1753446779999,16504.34014,131,136215,5682.77267,0
1753446780000,0.04167,0.04170,0.04166,0.04168,182675,1753446839999,7614.41245,58,115880,4830.87271,0
1753446840000,0.04167,0.04167,0.04163,0.04167,1012127,1753446899999,42156.27210,176,179847,7492.83263,0
1753446900000,0.04167,0.04175,0.04167,0.04174,236838,1753446959999,9881.65747,107,56493,2357.07656,0
1753446960000,0.04175,0.04180,0.04175,0.04176,110017,1753447019999,4595.77007,66,60833,2541.12901,0
1753447020000,0.04177,0.04178,0.04176,0.04177,223970,1753447079999,9354.58916,58,120743,5043.35365,0
1753447080000,0.04178,0.04180,0.04177,0.0418,92610,1753447139999,3870.00726,44,33921,1417.58063,0
1753447140000,0.04180,0.04186,0.04180,0.04183,140312,1753447199999,5869.71980,59,113525,4748.90777,0
1753447200000,0.04182,0.04187,0.04180,0.04187,141567,1753447259999,5920.21178,56,52605,2200.97641,0
1753447260000,0.04187,0.04192,0.04186,0.04191,321115,1753447319999,13453.92461,116,243870,10217.73962,0
1753447320000,0.04192,0.04196,0.04191,0.04196,121698,1753447379999,5104.06867,87,57292,2402.69427,0
1753447380000,0.04197,0.04206,0.04197,0.04206,263910,1753447439999,11086.92740,96,233926,9827.19605,0
1753447440000,0.04207,0.04207,0.04199,0.04203,177500,1753447499999,7460.71556,125,83707,3517.87900,0
1753447500000,0.04203,0.04204,0.04200,0.042,91718,1753447559999,3854.47063,84,27027,1135.92347,0
1753447560000,0.04201,0.04202,0.04195,0.04196,281719,1753447619999,11826.70603,81,97231,4082.89356,0
1753447620000,0.04196,0.04198,0.04195,0.04196,205872,1753447679999,8639.85579,59,26376,1106.87632,0
1753447680000,0.04194,0.04194,0.04183,0.04192,448433,1753447739999,18782.14749,155,158554,6638.13393,0
1753447740000,0.04192,0.04194,0.04190,0.04194,71875,1753447799999,3012.94717,52,40524,1699.06050,0
1753447800000,0.04194,0.04194,0.04186,0.04187,175001,1753447859999,7331.05398,54,43886,1839.35243,0
1753447860000,0.04190,0.04191,0.04189,0.0419,12358,1753447919999,517.82287,34,6495,272.16191,0
1753447920000,0.04189,0.04190,0.04186,0.04188,87223,1753447979999,3652.49520,52,51984,2176.90566,0
1753447980000,0.04187,0.04187,0.04182,0.04182,45480,1753448039999,1903.59177,40,8699,364.06026,0
1753448040000,0.04180,0.04182,0.04179,0.04179,43673,1753448099999,1825.82544,36,1242,51.94044,0
1753448100000,0.04179,0.04179,0.04176,0.04177,97414,1753448159999,4069.61148,81,16598,693.44045,0
1753448160000,0.04176,0.04182,0.04176,0.04181,75546,1753448219999,3157.42806,52,50895,2127.47719,0
1753448220000,0.04181,0.04184,0.04178,0.04182,139773,1753448279999,5844.71095,68,45784,1914.99579,0
1753448280000,0.04182,0.04183,0.04179,0.04183,56981,1753448339999,2382.68902,42,6527,272.98381,0
1753448340000,0.04184,0.04184,0.04183,0.04184,90818,1753448399999,3799.14246,42,48307,2020.88434,0
1753448400000,0.04185,0.04189,0.04179,0.04179,489458,1753448459999,20486.04005,150,328969,13772.75365,0
1753448460000,0.04181,0.04185,0.04181,0.04182,56626,1753448519999,2368.68260,67,9300,389.07297,0
1753448520000,0.04181,0.04182,0.04177,0.04181,246809,1753448579999,10316.57169,77,117815,4925.65537,0
1753448580000,0.04182,0.04184,0.04179,0.04181,466036,1753448639999,19485.16230,122,204973,8573.53675,0
1753448640000,0.04182,0.04183,0.04174,0.04174,145706,1753448699999,6086.94168,55,60042,2507.80206,0
1753448700000,0.04177,0.04186,0.04176,0.04186,593493,1753448759999,24809.42136,171,465481,19460.38560,0
1753448760000,0.04184,0.04187,0.04184,0.04186,143409,1753448819999,6003.09326,96,78437,3283.68650,0
1753448820000,0.04188,0.04191,0.04186,0.04187,108488,1753448879999,4544.38380,64,35618,1492.34122,0
1753448880000,0.04187,0.04189,0.04184,0.04189,131021,1753448939999,5485.57208,59,78724,3296.10641,0
1753448940000,0.04191,0.04191,0.04186,0.04186,335377,1753448999999,14046.44797,86,94819,3970.51705,0
1753449000000,0.04186,0.04190,0.04186,0.04188,365303,1753449059999,15295.75696,69,248617,10409.94546,0
1753449060000,0.04191,0.04191,0.04185,0.04189,178934,1753449119999,7492.52938,84,76563,3206.99612,0
1753449120000,0.04190,0.04191,0.04187,0.0419,92547,1753449179999,3876.79415,82,67041,2808.42668,0
1753449180000,0.04190,0.04190,0.04188,0.04189,49988,1753449239999,2094.30321,52,33049,1384.73089,0
1753449240000,0.04189,0.04190,0.04185,0.04188,123318,1753449299999,5161.37442,37,36428,1524.84122,0
1753449300000,0.04186,0.04188,0.04182,0.04187,144407,1753449359999,6044.22664,58,8870,371.28026,0
1753449360000,0.04187,0.04187,0.04186,0.04187,66938,1753449419999,2802.59634,41,29630,1240.60415,0
1753449420000,0.04188,0.04189,0.04187,0.04187,71518,1753449479999,2994.74618,46,23783,996.02282,0
1753449480000,0.04188,0.04190,0.04184,0.04184,332140,1753449539999,13911.32973,104,224204,9391.15460,0
1753449540000,0.04185,0.04187,0.04184,0.04186,158434,1753449599999,6632.16377,69,129394,5416.68664,0
1753449600000,0.04185,0.04193,0.04185,0.04188,336730,1753449659999,14108.52357,91,209525,8775.87557,0
1753449660000,0.04189,0.04189,0.04182,0.04184,115660,1753449719999,4838.72808,48,101945,4264.68853,0
1753449720000,0.04184,0.04186,0.04183,0.04186,109295,1753449779999,4573.74799,58,58823,2462.04206,0
1753449780000,0.04188,0.04189,0.04186,0.04189,74672,1753449839999,3126.88603,45,47614,1994.03479,0
1753449840000,0.04189,0.04189,0.04186,0.04186,70908,1753449899999,2968.74888,60,42908,1796.49078,0
1753449900000,0.04186,0.04191,0.04186,0.0419,121980,1753449959999,5110.08541,52,60098,2516.85239,0
1753449960000,0.04189,0.04190,0.04184,0.04184,37418,1753450019999,1566.72661,41,7162,299.78207,0
1753450020000,0.04186,0.04187,0.04183,0.04185,18367,1753450079999,768.78819,38,4148,173.63998,0
1753450080000,0.04183,0.04184,0.04181,0.04184,67615,1753450139999,2828.10820,63,26658,1115.19546,0
1753450140000,0.04185,0.04185,0.04181,0.04181,52592,1753450199999,2200.05292,38,11546,482.79286,0
1753450200000,0.04181,0.04181,0.04166,0.04167,657312,1753450259999,27409.99403,192,107237,4471.14227,0
1753450260000,0.04167,0.04168,0.04161,0.04165,285867,1753450319999,11909.71883,111,91923,3830.00525,0
1753450320000,0.04165,0.04175,0.04165,0.04172,188618,1753450379999,7865.89806,77,139700,5825.12052,0
1753450380000,0.04176,0.04196,0.04176,0.04196,333884,1753450439999,13974.74049,111,198894,8328.35135,0
1753450440000,0.04194,0.04194,0.04186,0.04186,221326,1753450499999,9277.11211,67,15432,646.72892,0
1753450500000,0.04185,0.04189,0.04181,0.04183,207995,1753450559999,8705.63651,74,114158,4776.76832,0
1753450560000,0.04184,0.04188,0.04183,0.04183,96330,1753450619999,4031.80223,69,30620,1281.43499,0
1753450620000,0.04181,0.04181,0.04160,0.0416,685603,1753450679999,28577.85340,204,123236,5133.62376,0
1753450680000,0.04159,0.04162,0.04158,0.04159,216444,1753450739999,9004.76099,75,99520,4140.29876,0
1753450740000,0.04159,0.04170,0.04159,0.04168,356529,1753450799999,14852.29587,90,222870,9286.02241,0
1753450800000,0.04167,0.04167,0.04158,0.04158,98316,1753450859999,4093.01166,56,42735,1779.43198,0
1753450860000,0.04158,0.04159,0.04152,0.04152,313206,1753450919999,13012.91608,100,81396,3382.48416,0
1753450920000,0.04151,0.04157,0.04151,0.04151,294471,1753450979999,12229.37203,65,76960,3197.10808,0
1753450980000,0.04150,0.04156,0.04142,0.04154,927337,1753451039999,38463.82860,205,273952,11373.22637,0
1753451040000,0.04155,0.04159,0.04152,0.04156,494773,1753451099999,20557.34752,118,249117,10353.58718,0
1753451100000,0.04156,0.04158,0.04152,0.04152,244859,1753451159999,10172.72860,64,41486,1724.12695,0
1753451160000,0.04152,0.04156,0.04151,0.04154,97735,1753451219999,4059.61431,27,17093,709.87579,0
1753451220000,0.04155,0.04159,0.04155,0.04156,84695,1753451279999,3521.49709,34,47599,1979.41072,0
1753451280000,0.04154,0.04162,0.04151,0.04157,811150,1753451339999,33717.76995,131,628022,26107.43410,0
1753451340000,0.04159,0.04167,0.04159,0.04164,283712,1753451399999,11810.15381,55,195128,8123.61459,0
1753451400000,0.04165,0.04166,0.04153,0.04158,456947,1753451459999,19013.94488,91,110724,4607.80702,0
1753451460000,0.04159,0.04165,0.04158,0.04158,291178,1753451519999,12117.76149,60,249326,10375.36753,0
1753451520000,0.04159,0.04174,0.04159,0.04174,640272,1753451579999,26666.38866,142,524197,21828.66309,0
1753451580000,0.04175,0.04181,0.04174,0.04179,439508,1753451639999,18360.40756,92,259059,10822.81098,0
1753451640000,0.04180,0.04180,0.04174,0.04177,129662,1753451699999,5415.23603,40,119769,5002.03641,0
1753451700000,0.04175,0.04178,0.04168,0.04178,115042,1753451759999,4798.73680,62,35152,1467.51320,0
1753451760000,0.04178,0.04179,0.04173,0.04173,120298,1753451819999,5023.04181,47,6148,256.78097,0
1753451820000,0.04172,0.04175,0.04172,0.04172,87273,1753451879999,3642.24339,35,50725,2116.96544,0
1753451880000,0.04173,0.04180,0.04173,0.04177,40897,1753451939999,1708.27910,26,28213,1178.83847,0
1753451940000,0.04177,0.04180,0.04175,0.0418,93060,1753451999999,3886.60714,50,23003,961.17699,0
1753452000000,0.04180,0.04182,0.04175,0.04181,187247,1753452059999,7822.62909,105,76154,3182.78548,0
1753452060000,0.04180,0.04183,0.04180,0.04182,114564,1753452119999,4790.97754,66,78346,3276.45040,0
1753452120000,0.04181,0.04182,0.04174,0.04174,119298,1753452179999,4984.22795,55,72299,3020.58778,0
1753452180000,0.04172,0.04172,0.04163,0.04167,106180,1753452239999,4424.11762,87,30900,1287.41727,0
1753452240000,0.04167,0.04170,0.04165,0.04166,241174,1753452299999,10048.07989,86,34171,1423.80617,0
1753452300000,0.04164,0.04165,0.04158,0.04158,92201,1753452359999,3836.60349,45,45709,1901.28460,0
1753452360000,0.04158,0.04167,0.04158,0.04166,157313,1753452419999,6547.72749,42,63545,2643.81429,0
1753452420000,0.04167,0.04170,0.04164,0.0417,218325,1753452479999,9096.28344,65,85124,3546.96576,0
1753452480000,0.04171,0.04171,0.04162,0.04163,123425,1753452539999,5142.53467,51,55613,2316.07717,0
1753452540000,0.04163,0.04166,0.04158,0.04164,458976,1753452599999,19101.06801,115,311215,12952.07380,0
1753452600000,0.04163,0.04166,0.04160,0.0416,88298,1753452659999,3675.16410,37,21039,875.74598,0
1753452660000,0.04159,0.04163,0.04159,0.04162,377195,1753452719999,15695.22001,124,70384,2929.15285,0
1753452720000,0.04163,0.04166,0.04162,0.04162,46309,1753452779999,1928.58850,71,14755,614.64067,0
1753452780000,0.04163,0.04164,0.04157,0.04157,150597,1753452839999,6262.76898,90,14410,599.40595,0
1753452840000,0.04157,0.04160,0.04157,0.04158,68468,1753452899999,2846.93118,54,47959,1994.08028,0
1753452900000,0.04158,0.04162,0.04157,0.04162,115439,1753452959999,4801.71480,67,92356,3841.61042,0
1753452960000,0.04162,0.04162,0.04153,0.04154,488445,1753453019999,20298.02348,80,71738,2980.57956,0
1753453020000,0.04154,0.04155,0.04137,0.04137,9466911,1753453079999,392809.01418,347,258081,10701.79315,0
1753453080000,0.04137,0.04137,0.04126,0.04135,1093435,1753453139999,45177.02987,194,711007,29375.86593,0
1753453140000,0.04136,0.04143,0.04135,0.04143,487124,1753453199999,20161.71320,98,372365,15411.34115,0
1753453200000,0.04144,0.04144,0.04136,0.04143,421194,1753453259999,17434.19552,82,169725,7024.87553,0
1753453260000,0.04142,0.04143,0.04138,0.04138,56890,1753453319999,2355.44386,36,11130,460.71191,0
1753453320000,0.04136,0.04141,0.04136,0.04137,107369,1753453379999,4442.72973,33,59274,2452.20355,0
1753453380000,0.04138,0.04138,0.04120,0.04127,1234367,1753453439999,50934.23906,247,619340,25555.50602,0
1753453440000,0.04128,0.04138,0.04128,0.04135,364233,1753453499999,15053.86090,85,240804,9952.16766,0
1753453500000,0.04134,0.04137,0.04131,0.04137,204967,1753453559999,8469.51339,58,102295,4227.26330,0
1753453560000,0.04137,0.04137,0.04127,0.04131,239157,1753453619999,9882.32542,68,90121,3723.93119,0
1753453620000,0.04132,0.04138,0.04131,0.04135,321806,1753453679999,13307.17264,112,251967,10419.79330,0
1753453680000,0.04135,0.04139,0.04132,0.04132,206419,1753453739999,8538.85404,63,153263,6340.22932,0
1753453740000,0.04131,0.04134,0.04126,0.04133,372619,1753453799999,15383.39984,89,85219,3520.09267,0
1753453800000,0.04134,0.04139,0.04132,0.04132,210666,1753453859999,8710.45940,76,76601,3166.57627,0
1753453860000,0.04133,0.04137,0.04127,0.04131,300414,1753453919999,12410.35730,119,165232,6824.78419,0
1753453920000,0.04129,0.04130,0.04100,0.04101,12642902,1753453979999,520500.40013,637,1152057,47307.12531,0
1753453980000,0.04101,0.04101,0.04092,0.04093,1151661,1753454039999,47178.66358,305,594868,24372.35556,0
1753454040000,0.04092,0.04106,0.04090,0.04094,1524952,1753454099999,62469.53888,326,673453,27600.10734,0
1753454100000,0.04095,0.04104,0.04092,0.04104,1063037,1753454159999,43548.10971,194,372003,15243.18654,0
1753454160000,0.04104,0.04104,0.04094,0.04097,620452,1753454219999,25424.77757,166,187983,7702.35827,0
1753454220000,0.04099,0.04102,0.04084,0.04086,1175893,1753454279999,48128.01482,206,274223,11217.09212,0
1753454280000,0.04085,0.04087,0.04076,0.04085,704143,1753454339999,28748.91902,164,435796,17801.90964,0
1753454340000,0.04085,0.04086,0.04078,0.04078,522742,1753454399999,21345.73900,139,270783,11060.81512,0
1753454400000,0.04080,0.04083,0.04060,0.04073,1706175,1753454459999,69454.01331,401,525450,21406.28594,0
1753454460000,0.04073,0.04077,0.04069,0.04075,515599,1753454519999,20999.71765,174,336109,13689.82980,0
1753454520000,0.04075,0.04085,0.04072,0.04081,697115,1753454579999,28431.60441,216,544404,22204.67520,0
1753454580000,0.04082,0.04082,0.04068,0.04072,211716,1753454639999,8629.50638,98,31308,1275.29941,0
1753454640000,0.04072,0.04079,0.04072,0.04076,710351,1753454699999,28955.70658,86,204972,8356.57770,0
1753454700000,0.04075,0.04084,0.04075,0.04077,549170,1753454759999,22399.23560,140,283078,11551.91208,0
1753454760000,0.04078,0.04084,0.04078,0.04081,204624,1753454819999,8349.23532,51,144124,5880.30440,0
1753454820000,0.04083,0.04091,0.04083,0.0409,520180,1753454879999,21267.74970,104,483965,19787.87521,0
1753454880000,0.04089,0.04089,0.04082,0.04084,230465,1753454939999,9415.81174,77,113282,4627.75558,0
1753454940000,0.04083,0.04090,0.04083,0.04088,77888,1753454999999,3182.38420,58,68790,2810.44492,0
1753455000000,0.04089,0.04091,0.04084,0.04088,405386,1753455059999,16571.22878,103,287374,11750.97537,0
1753455060000,0.04087,0.04087,0.04079,0.04084,374171,1753455119999,15277.28139,107,145405,5937.01717,0
1753455120000,0.04084,0.04090,0.04084,0.0409,134533,1753455179999,5499.26775,62,116011,4742.39144,0
1753455180000,0.04088,0.04091,0.04087,0.04087,116502,1753455239999,4763.23257,55,107746,4405.27587,0
1753455240000,0.04087,0.04090,0.04086,0.04088,89872,1753455299999,3673.86052,44,58953,2410.42874,0
1753455300000,0.04088,0.04088,0.04081,0.04083,77468,1753455359999,3163.59962,47,33249,1357.72292,0
1753455360000,0.04085,0.04086,0.04078,0.04078,111549,1753455419999,4554.01223,50,54685,2233.13806,0
1753455420000,0.04079,0.04084,0.04068,0.04075,932685,1753455479999,38001.17290,238,553591,22560.89742,0
1753455480000,0.04075,0.04081,0.04063,0.04066,785031,1753455539999,31930.02972,147,249266,10143.27037,0
1753455540000,0.04065,0.04066,0.04054,0.0406,1660182,1753455599999,67400.88447,283,486251,19749.56650,0
1753455600000,0.04060,0.04069,0.04055,0.04069,311327,1753455659999,12640.01659,152,136682,5550.71328,0
1753455660000,0.04069,0.04072,0.04064,0.04068,352881,1753455719999,14352.71453,150,114274,4647.21840,0
1753455720000,0.04069,0.04087,0.04069,0.04081,313127,1753455779999,12779.37840,131,213374,8705.45988,0
1753455780000,0.04081,0.04081,0.04072,0.04078,545494,1753455839999,22231.63634,138,193539,7890.14690,0
1753455840000,0.04078,0.04078,0.04070,0.04071,94572,1753455899999,3852.35156,68,31697,1291.05697,0
1753455900000,0.04071,0.04076,0.04058,0.04058,446751,1753455959999,18182.68543,103,170662,6944.72052,0
1753455960000,0.04059,0.04067,0.04059,0.04067,154302,1753456019999,6268.32727,72,126074,5121.58278,0
1753456020000,0.04066,0.04066,0.04059,0.04061,317584,1753456079999,12901.77478,98,175949,7147.48937,0
1753456080000,0.04062,0.04062,0.04054,0.04059,106401,1753456139999,4317.87065,82,45878,1861.52792,0
1753456140000,0.04059,0.04070,0.04058,0.04065,300157,1753456199999,12203.38770,86,221448,9002.65182,0
1753456200000,0.04064,0.04067,0.04060,0.04064,259617,1753456259999,10547.30654,86,153590,6238.57641,0
1753456260000,0.04067,0.04072,0.04062,0.04072,209301,1753456319999,8506.78090,99,80565,3275.58503,0
1753456320000,0.04071,0.04073,0.04066,0.04066,393687,1753456379999,16020.04407,77,76112,3096.60446,0
1753456380000,0.04067,0.04069,0.04058,0.04069,177517,1753456439999,7216.90736,102,126340,5137.07039,0
1753456440000,0.04070,0.04078,0.04069,0.04075,122584,1753456499999,4996.42289,57,99917,4072.73635,0
1753456500000,0.04076,0.04083,0.04075,0.04083,1831051,1753456559999,74698.12914,200,1178466,48073.05112,0
1753456560000,0.04086,0.04094,0.04084,0.04089,384432,1753456619999,15723.14806,101,242974,9939.39851,0
1753456620000,0.04090,0.04090,0.04079,0.04079,138188,1753456679999,5645.05339,57,102499,4186.71917,0
1753456680000,0.04078,0.04085,0.04078,0.04085,73692,1753456739999,3007.32693,47,56064,2288.22143,0
1753456740000,0.04087,0.04088,0.04078,0.04078,182409,1753456799999,7449.03518,59,143081,5842.59434,0
1753456800000,0.04079,0.04079,0.04071,0.04076,205599,1753456859999,8379.24569,73,140606,5730.59510,0
1753456860000,0.04076,0.04083,0.04074,0.04083,164453,1753456919999,6707.94194,61,108572,4429.47680,0
1753456920000,0.04083,0.04090,0.04080,0.0409,278777,1753456979999,11383.49475,74,276183,11277.59857,0
1753456980000,0.04091,0.04101,0.04091,0.041,201014,1753457039999,8226.84950,50,187632,7679.08161,0
1753457040000,0.04098,0.04098,0.04092,0.04092,300174,1753457099999,12288.35615,80,110751,4534.87878,0
1753457100000,0.04094,0.04098,0.04091,0.04093,246538,1753457159999,10090.36723,69,134039,5485.40286,0
1753457160000,0.04094,0.04096,0.04091,0.04094,176526,1753457219999,7226.09479,58,84432,3455.56529,0
1753457220000,0.04096,0.04100,0.04092,0.04092,318880,1753457279999,13061.45589,60,55125,2258.14620,0
1753457280000,0.04093,0.04094,0.04084,0.04087,118265,1753457339999,4838.33563,64,101819,4165.92676,0
1753457340000,0.04088,0.04090,0.04083,0.04088,34467,1753457399999,1409.01324,21,32834,1342.29377,0
1753457400000,0.04089,0.04097,0.04089,0.04092,135296,1753457459999,5535.14050,49,101471,4150.93299,0
1753457460000,0.04092,0.04093,0.04089,0.04092,82085,1753457519999,3357.23822,41,63106,2580.64986,0
1753457520000,0.04093,0.04094,0.04089,0.0409,21722,1753457579999,888.87900,13,20811,851.61205,0
1753457580000,0.04092,0.04096,0.04091,0.04095,590788,1753457639999,24190.34863,103,540459,22129.87769,0
1753457640000,0.04095,0.04097,0.04095,0.04095,48453,1753457699999,1984.57176,29,34953,1431.62139,0
1753457700000,0.04095,0.04095,0.04081,0.04084,262171,1753457759999,10714.41275,103,76855,3142.64020,0
1753457760000,0.04079,0.04079,0.04055,0.04055,298480,1753457819999,12142.94241,121,19805,805.50374,0
1753457820000,0.04055,0.04060,0.04048,0.04057,1927392,1753457879999,78162.02452,333,525921,21327.77148,0
1753457880000,0.04056,0.04059,0.04053,0.04054,203193,1753457939999,8241.18118,83,53047,2152.04411,0
1753457940000,0.04055,0.04057,0.04045,0.04045,650877,1753457999999,26355.71452,175,330458,13375.74217,0
1753458000000,0.04046,0.04051,0.04039,0.04039,960839,1753458059999,38890.28263,197,759833,30760.55724,0
1753458060000,0.04039,0.04044,0.04030,0.0404,754636,1753458119999,30462.89135,238,407914,16473.91681,0
1753458120000,0.04041,0.04043,0.04038,0.04039,484866,1753458179999,19592.10171,128,328310,13266.37739,0
1753458180000,0.04039,0.04042,0.04034,0.04041,148872,1753458239999,6011.12103,84,94857,3830.89107,0
1753458240000,0.04043,0.04051,0.04043,0.04051,325442,1753458299999,13166.85429,141,277583,11230.83635,0
1753458300000,0.04052,0.04060,0.04052,0.04054,525262,1753458359999,21307.37965,142,434282,17616.64868,0
1753458360000,0.04054,0.04054,0.04049,0.04051,248039,1753458419999,10048.89876,83,206709,8374.54975,0
1753458420000,0.04052,0.04055,0.04049,0.04052,218699,1753458479999,8862.58704,68,137945,5591.39177,0
1753458480000,0.04055,0.04059,0.04053,0.04055,103964,1753458539999,4215.58436,43,95810,3885.01868,0
1753458540000,0.04055,0.04056,0.04051,0.04055,243612,1753458599999,9874.10402,67,111865,4534.40950,0
1753458600000,0.04055,0.04058,0.04051,0.04051,349804,1753458659999,14183.52616,78,199342,8084.09880,0
1753458660000,0.04052,0.04069,0.04052,0.04063,151648,1753458719999,6162.15220,100,125517,5099.84980,0
1753458720000,0.04062,0.04072,0.04062,0.04072,255570,1753458779999,10393.62164,66,253318,10302.03436,0
1753458780000,0.04073,0.04080,0.04073,0.04076,123439,1753458839999,5032.43772,51,82256,3353.50115,0
1753458840000,0.04079,0.04088,0.04078,0.04085,1397722,1753458899999,57100.41246,222,1331741,54405.12533,0
1753458900000,0.04086,0.04087,0.04080,0.04086,371585,1753458959999,15170.63325,110,296689,12112.55338,0
1753458960000,0.04088,0.04092,0.04085,0.04092,140975,1753459019999,5765.95769,56,132510,5420.01308,0
1753459020000,0.04089,0.04093,0.04088,0.04092,701889,1753459079999,28710.29228,136,376018,15380.21144,0
1753459080000,0.04092,0.04092,0.04083,0.04083,114001,1753459139999,4661.62104,57,28199,1153.12969,0
1753459140000,0.04082,0.04087,0.04080,0.04085,270182,1753459199999,11033.02459,81,103806,4240.67222,0
1753459200000,0.04084,0.04089,0.04081,0.04089,696449,1753459259999,28454.38369,142,414467,16938.10100,0
1753459260000,0.04089,0.04089,0.04078,0.0408,478061,1753459319999,19512.91663,149,217585,8878.60393,0
1753459320000,0.04081,0.04082,0.04076,0.0408,445505,1753459379999,18172.67527,107,128076,5223.26346,0
1753459380000,0.04081,0.04090,0.04080,0.0409,318574,1753459439999,13015.55636,82,280321,11451.50250,0
1753459440000,0.04089,0.04089,0.04082,0.04082,305325,1753459499999,12475.84498,101,50111,2047.49712,0
1753459500000,0.04083,0.04087,0.04081,0.04085,363620,1753459559999,14847.67574,102,202259,8258.50877,0
1753459560000,0.04085,0.04090,0.04085,0.0409,135264,1753459619999,5530.57403,56,85809,3508.00427,0
1753459620000,0.04090,0.04096,0.04088,0.04096,396093,1753459679999,16206.71327,127,193269,7911.09948,0
1753459680000,0.04096,0.04100,0.04090,0.04095,539979,1753459739999,22123.00744,137,385645,15801.68780,0
1753459740000,0.04095,0.04095,0.04090,0.04092,108174,1753459799999,4427.67404,42,58862,2409.97144,0
1753459800000,0.04093,0.04099,0.04091,0.04099,276910,1753459859999,11333.85654,63,180073,7371.83582,0
1753459860000,0.04099,0.04102,0.04097,0.04097,180870,1753459919999,7414.82346,86,110302,4521.66856,0
1753459920000,0.04097,0.04102,0.04094,0.04094,100459,1753459979999,4118.27133,49,58178,2385.20248,0
1753459980000,0.04094,0.04099,0.04093,0.04093,102945,1753460039999,4217.91927,50,90681,3715.60591,0
1753460040000,0.04095,0.04098,0.04094,0.04094,68641,1753460099999,2812.63577,27,63705,2610.48515,0
1753460100000,0.04094,0.04099,0.04093,0.04096,104259,1753460159999,4269.21246,37,96834,3964.98141,0
1753460160000,0.04096,0.04099,0.04092,0.04092,79566,1753460219999,3258.95335,47,60052,2459.34146,0
1753460220000,0.04093,0.04093,0.04077,0.04077,245492,1753460279999,10021.42579,104,47819,1952.54832,0
1753460280000,0.04077,0.04086,0.04075,0.04082,255190,1753460339999,10412.38688,62,79991,3263.71121,0
1753460340000,0.04081,0.04089,0.04081,0.04087,312566,1753460399999,12771.92082,60,207337,8474.07771,0
1753460400000,0.04086,0.04087,0.04072,0.04072,224322,1753460459999,9158.98933,73,115367,4710.60969,0
1753460460000,0.04072,0.04074,0.04067,0.04067,169817,1753460519999,6914.47590,70,99098,4035.68903,0
1753460520000,0.04068,0.04069,0.04061,0.04062,326824,1753460579999,13289.32066,87,77638,3157.20213,0
1753460580000,0.04063,0.04066,0.04060,0.04061,252240,1753460639999,10249.32365,115,138230,5616.70627,0
1753460640000,0.04061,0.04070,0.04061,0.04069,268866,1753460699999,10934.93966,47,239322,9733.72132,0
1753460700000,0.04069,0.04079,0.04068,0.04079,242309,1753460759999,9865.85771,106,201985,8222.64657,0
1753460760000,0.04078,0.04090,0.04077,0.0409,365389,1753460819999,14923.77702,78,309224,12630.18132,0
1753460820000,0.04091,0.04093,0.04079,0.04079,211397,1753460879999,8636.93486,57,116467,4757.74210,0
1753460880000,0.04079,0.04084,0.04078,0.04078,143951,1753460939999,5874.19573,44,11703,477.87124,0
1753460940000,0.04078,0.04090,0.04078,0.0409,77375,1753460999999,3158.71655,41,60197,2456.82967,0
1753461000000,0.04091,0.04094,0.04085,0.04094,130537,1753461059999,5337.15101,47,115966,4741.45263,0
1753461060000,0.04094,0.04104,0.04094,0.04098,242956,1753461119999,9961.06287,101,113303,4646.37674,0
1753461120000,0.04098,0.04098,0.04095,0.04097,129510,1753461179999,5305.75490,37,103598,4244.31390,0
1753461180000,0.04096,0.04096,0.04086,0.04086,188080,1753461239999,7696.64193,69,40271,1648.31471,0
1753461240000,0.04086,0.04089,0.04082,0.04085,66954,1753461299999,2735.22657,38,22994,939.01836,0
1753461300000,0.04085,0.04087,0.04072,0.04073,149431,1753461359999,6096.98763,56,100116,4085.80390,0
1753461360000,0.04075,0.04081,0.04075,0.04077,332829,1753461419999,13575.58984,65,78579,3205.32828,0
1753461420000,0.04076,0.04078,0.04074,0.04077,238078,1753461479999,9701.92423,65,56938,2320.77694,0
1753461480000,0.04077,0.04085,0.04076,0.04085,318768,1753461539999,13008.38036,98,260503,10629.79899,0
1753461540000,0.04084,0.04084,0.04076,0.0408,133358,1753461599999,5441.50110,45,60630,2474.42351,0
1753461600000,0.04080,0.04083,0.04080,0.04083,119351,1753461659999,4871.71946,27,109752,4479.86554,0
1753461660000,0.04083,0.04098,0.04083,0.04098,321942,1753461719999,13159.34596,111,261464,10685.13224,0
1753461720000,0.04099,0.04102,0.04092,0.04092,334056,1753461779999,13696.45245,120,165538,6788.59273,0
1753461780000,0.04093,0.04098,0.04093,0.04098,67141,1753461839999,2749.31858,46,44050,1804.01542,0
1753461840000,0.04099,0.04099,0.04097,0.04098,202908,1753461899999,8315.15702,34,173971,7129.43261,0
1753461900000,0.04097,0.04100,0.04096,0.04097,217630,1753461959999,8916.08563,46,150477,6164.50645,0
1753461960000,0.04097,0.04099,0.04094,0.04099,101575,1753462019999,4159.92595,28,18039,739.04917,0
1753462020000,0.04101,0.04106,0.04101,0.04106,27985,1753462079999,1147.99064,20,24388,1000.43020,0
1753462080000,0.04106,0.04113,0.04106,0.04113,40801,1753462139999,1676.99840,43,37914,1558.30771,0
1753462140000,0.04113,0.04116,0.04109,0.04116,705038,1753462199999,29005.84458,65,641207,26381.64639,0
1753462200000,0.04117,0.04119,0.04112,0.04112,241489,1753462259999,9941.57947,58,156569,6445.16226,0
1753462260000,0.04110,0.04114,0.04108,0.04111,219132,1753462319999,9006.32232,68,173661,7137.22888,0
1753462320000,0.04110,0.04115,0.04110,0.04115,132912,1753462379999,5464.76304,56,74368,3058.06283,0
1753462380000,0.04114,0.04117,0.04113,0.04116,77446,1753462439999,3186.88507,32,29027,1194.37381,0
1753462440000,0.04117,0.04119,0.04115,0.04115,30100,1753462499999,1239.06756,27,18406,757.69179,0
1753462500000,0.04116,0.04120,0.04115,0.04115,84828,1753462559999,3492.18991,57,57930,2385.07134,0
1753462560000,0.04116,0.04128,0.04116,0.04127,166382,1753462619999,6861.60986,63,92940,3831.43528,0
1753462620000,0.04129,0.04130,0.04128,0.04129,330157,1753462679999,13632.20098,55,75369,3112.00009,0
1753462680000,0.04128,0.04130,0.04123,0.0413,241432,1753462739999,9960.91865,79,109479,4517.20567,0
1753462740000,0.04128,0.04129,0.04124,0.04129,29367,1753462799999,1211.70629,29,12294,507.45514,0
1753462800000,0.04125,0.04129,0.04122,0.04128,198965,1753462859999,8206.42068,78,114544,4724.21867,0
1753462860000,0.04127,0.04129,0.04125,0.04125,107599,1753462919999,4441.07663,59,13664,564.12247,0
1753462920000,0.04125,0.04132,0.04125,0.04132,171723,1753462979999,7086.03747,63,165100,6812.57341,0
1753462980000,0.04133,0.04133,0.04126,0.04126,416734,1753463039999,17210.19111,72,35735,1475.88761,0
1753463040000,0.04127,0.04130,0.04121,0.04121,48604,1753463099999,2005.21835,37,13353,551.26651,0
1753463100000,0.04122,0.04128,0.04118,0.04126,146329,1753463159999,6033.32315,79,108116,4458.69711,0
1753463160000,0.04126,0.04136,0.04126,0.04136,381674,1753463219999,15757.67982,88,328412,13559.46710,0
1753463220000,0.04136,0.04138,0.04131,0.04131,417184,1753463279999,17254.78764,79,223418,9242.91529,0
1753463280000,0.04131,0.04133,0.04126,0.0413,290456,1753463339999,11992.96794,73,147296,6081.54443,0
1753463340000,0.04131,0.04134,0.04130,0.04134,81961,1753463399999,3386.55651,43,70947,2931.54812,0
1753463400000,0.04135,0.04140,0.04135,0.04138,110324,1753463459999,4564.79982,56,60920,2519.97243,0
1753463460000,0.04138,0.04138,0.04136,0.04138,40931,1753463519999,1693.28810,55,33661,1392.54000,0
1753463520000,0.04138,0.04144,0.04138,0.04143,128487,1753463579999,5321.58878,71,94061,3895.79243,0
1753463580000,0.04140,0.04140,0.04135,0.04137,114092,1753463639999,4719.59099,46,30543,1263.53220,0
1753463640000,0.04138,0.04138,0.04134,0.04134,147082,1753463699999,6083.96567,47,22352,924.39956,0
1753463700000,0.04134,0.04142,0.04134,0.04139,51794,1753463759999,2142.98980,40,48634,2012.22597,0
1753463760000,0.04141,0.04141,0.04136,0.04136,127817,1753463819999,5290.12355,52,14496,600.25955,0
1753463820000,0.04136,0.04136,0.04127,0.04131,382665,1753463879999,15803.39044,125,247645,10226.18745,0
1753463880000,0.04132,0.04134,0.04127,0.04127,35671,1753463939999,1474.00140,41,25592,1057.67961,0
1753463940000,0.04126,0.04132,0.04125,0.0413,41645,1753463999999,1718.63959,56,27286,1126.08478,0
1753464000000,0.04128,0.04128,0.04112,0.04119,362265,1753464059999,14924.72594,122,144161,5939.42634,0
1753464060000,0.04120,0.04121,0.04115,0.04121,293908,1753464119999,12098.78861,65,43174,1778.19201,0
1753464120000,0.04122,0.04126,0.04122,0.04126,84489,1753464179999,3484.03472,43,44258,1825.03345,0
1753464180000,0.04126,0.04128,0.04124,0.04127,224219,1753464239999,9251.86097,52,208198,8590.93373,0
1753464240000,0.04129,0.04137,0.04129,0.04136,71493,1753464299999,2956.40670,34,69834,2887.84023,0
1753464300000,0.04136,0.04136,0.04132,0.04136,232091,1753464359999,9594.91064,67,193427,7996.51399,0
1753464360000,0.04138,0.04138,0.04127,0.0413,101398,1753464419999,4188.82257,53,26394,1091.08598,0
1753464420000,0.04130,0.04131,0.04128,0.04129,57897,1753464479999,2390.92856,35,46980,1940.19287,0
1753464480000,0.04129,0.04132,0.04129,0.04129,23021,1753464539999,950.84915,33,13293,549.06691,0
1753464540000,0.04128,0.04129,0.04123,0.04123,156490,1753464599999,6458.29851,72,7339,303.02159,0
1753464600000,0.04123,0.04132,0.04123,0.04129,57635,1753464659999,2377.87480,36,9437,389.24039,0
1753464660000,0.04129,0.04129,0.04122,0.04122,94667,1753464719999,3907.03228,65,13535,558.77183,0
1753464720000,0.04120,0.04120,0.04114,0.04116,769900,1753464779999,31702.35207,150,120828,4973.77551,0
1753464780000,0.04116,0.04116,0.04109,0.04112,532905,1753464839999,21904.70886,88,54495,2240.63877,0
1753464840000,0.04112,0.04112,0.04107,0.04107,101825,1753464899999,4185.47585,47,9692,398.40088,0
1753464900000,0.04106,0.04106,0.04099,0.04103,135794,1753464959999,5569.76534,89,19597,803.95462,0
1753464960000,0.04103,0.04108,0.04103,0.04107,226344,1753465019999,9290.68736,65,153714,6310.44875,0
1753465020000,0.04107,0.04114,0.04106,0.04114,34055,1753465079999,1399.49832,38,11152,458.38961,0
1753465080000,0.04114,0.04115,0.04105,0.04105,101049,1753465139999,4152.99192,54,19462,800.01020,0
1753465140000,0.04105,0.04110,0.04105,0.0411,54694,1753465199999,2247.05131,38,38661,1588.46405,0
1753465200000,0.04112,0.04119,0.04112,0.04119,549709,1753465259999,22623.45499,101,499130,20541.97007,0
1753465260000,0.04120,0.04127,0.04120,0.04125,461330,1753465319999,19028.59644,138,379369,15647.48192,0
1753465320000,0.04124,0.04124,0.04122,0.04122,237747,1753465379999,9801.79227,71,83861,3457.08275,0
1753465380000,0.04123,0.04124,0.04123,0.04124,20226,1753465439999,834.02621,17,14216,586.17381,0
1753465440000,0.04126,0.04129,0.04124,0.04127,314966,1753465499999,13002.38670,71,269006,11105.62728,0
1753465500000,0.04128,0.04129,0.04119,0.04119,162505,1753465559999,6702.99099,75,7121,293.99904,0
1753465560000,0.04118,0.04122,0.04115,0.0412,372763,1753465619999,15349.28438,77,169358,6976.82907,0
1753465620000,0.04122,0.04125,0.04122,0.04125,98979,1753465679999,4081.35835,37,73363,3025.31770,0
1753465680000,0.04126,0.04131,0.04126,0.04129,68932,1753465739999,2845.61556,23,3221,133.00782,0
1753465740000,0.04131,0.04132,0.04126,0.04126,58714,1753465799999,2425.06531,27,39072,1614.39469,0
1753465800000,0.04125,0.04127,0.04122,0.04126,24389,1753465859999,1005.91543,17,8990,370.70977,0
1753465860000,0.04127,0.04128,0.04122,0.04128,306188,1753465919999,12621.50999,31,177687,7324.66469,0
1753465920000,0.04127,0.04127,0.04116,0.04117,42864,1753465979999,1766.54964,23,13848,570.00415,0
1753465980000,0.04117,0.04119,0.04116,0.04118,10893,1753466039999,448.55108,10,1692,69.66088,0
1753466040000,0.04119,0.04126,0.04119,0.04126,16627,1753466099999,685.77703,13,981,40.41656,0
1753466100000,0.04122,0.04128,0.04122,0.04123,303865,1753466159999,12533.37851,63,243448,10042.14618,0
1753466160000,0.04123,0.04125,0.04120,0.0412,99377,1753466219999,4095.70921,49,21266,876.61645,0
1753466220000,0.04121,0.04123,0.04119,0.04123,85011,1753466279999,3504.24714,33,68587,2827.30130,0
1753466280000,0.04123,0.04123,0.04116,0.04116,118012,1753466339999,4860.15239,42,17181,707.29052,0
1753466340000,0.04115,0.04116,0.04112,0.04112,50364,1753466399999,2072.08143,22,20125,827.90757,0
1753466400000,0.04114,0.04119,0.04112,0.04118,214807,1753466459999,8837.51498,87,14324,589.40838,0
1753466460000,0.04118,0.04120,0.04118,0.04119,103740,1753466519999,4273.11728,55,6964,286.85375,0
1753466520000,0.04119,0.04119,0.04116,0.04117,174519,1753466579999,7185.66462,85,4769,196.39134,0
1753466580000,0.04118,0.04120,0.04115,0.0412,38155,1753466639999,1570.96092,37,29444,1212.27492,0
1753466640000,0.04119,0.04120,0.04117,0.04117,45534,1753466699999,1875.36319,34,25297,1041.89892,0
1753466700000,0.04117,0.04118,0.04114,0.04114,69765,1753466759999,2871.06437,47,12895,530.95518,0
1753466760000,0.04114,0.04120,0.04114,0.04116,55888,1753466819999,2300.75321,36,31957,1314.99021,0
1753466820000,0.04116,0.04117,0.04114,0.04117,375000,1753466879999,15430.55590,52,30355,1249.21755,0
1753466880000,0.04118,0.04121,0.04117,0.04118,69456,1753466939999,2860.70682,42,26578,1094.61563,0
1753466940000,0.04119,0.04120,0.04118,0.04118,4120,1753466999999,169.72730,9,960,39.53530,0
1753467000000,0.04119,0.04122,0.04116,0.04116,47622,1753467059999,1960.99148,37,8883,365.86646,0
1753467060000,0.04116,0.04116,0.04111,0.04113,51128,1753467119999,2103.43854,42,2308,94.98894,0
1753467120000,0.04114,0.04124,0.04114,0.04124,112242,1753467179999,4620.95070,55,88541,3644.93243,0
1753467180000,0.04123,0.04129,0.04122,0.04128,125314,1753467239999,5170.93479,64,90350,3728.85083,0
1753467240000,0.04128,0.04129,0.04125,0.04128,69409,1753467299999,2864.35116,60,31554,1301.84043,0
1753467300000,0.04128,0.04130,0.04125,0.0413,38212,1753467359999,1577.79624,37,26942,1112.61684,0
1753467360000,0.04131,0.04131,0.04120,0.0412,121613,1753467419999,5017.19010,40,73018,3013.09897,0
1753467420000,0.04120,0.04125,0.04120,0.04124,69957,1753467479999,2884.21319,38,58051,2393.38108,0
1753467480000,0.04125,0.04127,0.04125,0.04126,40536,1753467539999,1672.60801,17,27594,1138.51696,0
1753467540000,0.04127,0.04127,0.04121,0.04126,78780,1753467599999,3248.26889,35,25063,1033.48615,0
1753467600000,0.04125,0.04129,0.04123,0.04125,137987,1753467659999,5693.08448,40,102605,4233.77957,0
1753467660000,0.04125,0.04130,0.04123,0.0413,48188,1753467719999,1988.60143,15,45479,1876.86299,0
1753467720000,0.04129,0.04134,0.04129,0.04134,221833,1753467779999,9169.26361,58,176253,7285.70251,0
1753467780000,0.04133,0.04133,0.04124,0.04125,672799,1753467839999,27762.06871,127,161661,6675.27393,0
1753467840000,0.04126,0.04126,0.04118,0.0412,513280,1753467899999,21153.59582,123,101963,4203.41480,0
1753467900000,0.04120,0.04122,0.04113,0.04113,259472,1753467959999,10684.29495,78,46864,1931.53607,0
1753467960000,0.04113,0.04116,0.04112,0.04113,98063,1753468019999,4034.20134,38,17120,704.03724,0
1753468020000,0.04112,0.04113,0.04111,0.04111,77881,1753468079999,3202.68001,22,35928,1477.32348,0
1753468080000,0.04111,0.04118,0.04111,0.04118,24720,1753468139999,1016.87800,14,24262,998.04046,0
1753468140000,0.04118,0.04122,0.04118,0.04122,114625,1753468199999,4722.46038,37,111792,4605.79744,0
1753468200000,0.04122,0.04124,0.04117,0.04117,96788,1753468259999,3989.36804,49,70415,2902.95133,0
1753468260000,0.04117,0.04129,0.04117,0.04129,110584,1753468319999,4563.85452,50,105578,4357.22944,0
1753468320000,0.04128,0.04128,0.04125,0.04126,38302,1753468379999,1580.32133,30,15405,635.56608,0
1753468380000,0.04125,0.04125,0.04119,0.04119,197648,1753468439999,8146.06338,43,21991,906.62808,0
1753468440000,0.04118,0.04119,0.04114,0.04114,87296,1753468499999,3592.73630,30,19384,797.67904,0
1753468500000,0.04114,0.04118,0.04113,0.04118,25502,1753468559999,1049.22587,33,16680,686.33993,0
1753468560000,0.04118,0.04121,0.04117,0.04117,29944,1753468619999,1233.52116,25,10642,438.33278,0
1753468620000,0.04117,0.04119,0.04114,0.04114,149692,1753468679999,6160.84823,36,13078,538.68007,0
1753468680000,0.04115,0.04119,0.04115,0.04117,106161,1753468739999,4371.55521,35,16798,691.39668,0
1753468740000,0.04118,0.04120,0.04117,0.04118,44886,1753468799999,1848.31388,21,36021,1483.18471,0
1753468800000,0.04119,0.04124,0.04119,0.04124,143666,1753468859999,5920.78024,31,143666,5920.78024,0
1753468860000,0.04128,0.04132,0.04128,0.0413,318696,1753468919999,13164.07046,76,261587,10805.36859,0
1753468920000,0.04130,0.04134,0.04127,0.04134,72939,1753468979999,3012.80172,23,50410,2082.36154,0
1753468980000,0.04135,0.04137,0.04133,0.04133,102337,1753469039999,4230.86976,27,12561,519.40511,0
1753469040000,0.04132,0.04133,0.04131,0.04133,1748,1753469099999,72.23596,8,1118,46.20523,0
1753469100000,0.04133,0.04133,0.04129,0.0413,80235,1753469159999,3314.29907,37,12290,507.76846,0
1753469160000,0.04128,0.04129,0.04124,0.04126,81398,1753469219999,3358.56005,31,31565,1302.57059,0
1753469220000,0.04126,0.04129,0.04124,0.04129,84581,1753469279999,3489.09632,26,7285,300.59235,0
1753469280000,0.04128,0.04131,0.04127,0.04131,88530,1753469339999,3655.83877,25,71162,2938.89564,0
1753469340000,0.04133,0.04133,0.04127,0.04127,21048,1753469399999,868.91065,12,17507,722.69549,0
1753469400000,0.04128,0.04129,0.04122,0.04122,272635,1753469459999,11244.29164,69,30094,1241.31653,0
1753469460000,0.04123,0.04127,0.04123,0.04126,234169,1753469519999,9660.17115,53,49539,2044.26464,0
1753469520000,0.04127,0.04127,0.04122,0.04122,9985,1753469579999,411.80920,10,2255,92.95750,0
1753469580000,0.04123,0.04124,0.04119,0.04119,87451,1753469639999,3602.78219,34,1504,62.02366,0
1753469640000,0.04118,0.04119,0.04116,0.04116,38352,1753469699999,1578.75662,21,554,22.80648,0
1753469700000,0.04118,0.04120,0.04116,0.04119,387286,1753469759999,15946.46771,55,52125,2147.01763,0
1753469760000,0.04119,0.04122,0.04119,0.04122,45156,1753469819999,1860.87263,17,41455,1708.34519,0
1753469820000,0.04126,0.04127,0.04122,0.04122,174173,1753469879999,7184.61300,46,46202,1906.36622,0
1753469880000,0.04122,0.04124,0.04121,0.04124,41362,1753469939999,1705.30094,19,18648,769.01982,0
1753469940000,0.04124,0.04124,0.04120,0.0412,12152,1753469999999,500.83252,9,280,11.53880,0
1753470000000,0.04119,0.04119,0.04112,0.04117,252212,1753470059999,10379.44240,93,15117,621.96257,0
1753470060000,0.04117,0.04124,0.04116,0.04123,227917,1753470119999,9394.17303,83,168289,6935.60558,0
1753470120000,0.04122,0.04122,0.04119,0.04121,40679,1753470179999,1676.57550,28,3493,143.91070,0
1753470180000,0.04121,0.04123,0.04120,0.04123,13553,1753470239999,558.48788,23,3117,128.49133,0
1753470240000,0.04122,0.04122,0.04117,0.04119,233413,1753470299999,9613.06356,45,35912,1479.18056,0
1753470300000,0.04118,0.04121,0.04117,0.04121,104774,1753470359999,4315.01575,47,44231,1821.93511,0
1753470360000,0.04121,0.04125,0.04120,0.04125,129927,1753470419999,5358.37110,48,102375,4222.43707,0
1753470420000,0.04125,0.04127,0.04124,0.04127,42560,1753470479999,1755.77294,38,24833,1024.47361,0
1753470480000,0.04128,0.04129,0.04125,0.04125,73032,1753470539999,3014.70951,36,58072,2397.35275,0
1753470540000,0.04126,0.04126,0.04118,0.04118,27491,1753470599999,1133.58540,29,1646,67.91396,0
1753470600000,0.04118,0.04120,0.04117,0.04119,37958,1753470659999,1563.44456,26,7768,319.93547,0
1753470660000,0.04120,0.04121,0.04113,0.04113,275948,1753470719999,11353.15409,84,1041,42.89346,0
1753470720000,0.04114,0.04123,0.04114,0.04123,12164,1753470779999,500.74866,19,10117,416.49414,0
1753470780000,0.04123,0.04124,0.04122,0.04122,57317,1753470839999,2363.15495,43,877,36.15729,0
1753470840000,0.04123,0.04124,0.04122,0.04123,9187,1753470899999,378.83162,24,6205,255.88503,0
1753470900000,0.04126,0.04131,0.04125,0.0413,26498,1753470959999,1094.10480,24,8524,351.85446,0
1753470960000,0.04131,0.04133,0.04127,0.04129,211887,1753471019999,8753.89717,66,158406,6544.22138,0
1753471020000,0.04129,0.04129,0.04124,0.04125,61716,1753471079999,2545.94227,20,20853,860.06443,0
1753471080000,0.04126,0.04126,0.04122,0.04124,93363,1753471139999,3850.59697,31,24830,1023.93601,0
1753471140000,0.04123,0.04125,0.04121,0.04121,31609,1753471199999,1303.55034,25,17671,728.71897,0
1753471200000,0.04121,0.04121,0.04116,0.0412,21449,1753471259999,883.38807,23,14106,580.97313,0
1753471260000,0.04119,0.04119,0.04113,0.04115,432612,1753471319999,17796.74906,71,54107,2226.19314,0
1753471320000,0.04115,0.04117,0.04114,0.04114,179829,1753471379999,7400.92272,35,144938,5965.16053,0
1753471380000,0.04114,0.04120,0.04113,0.0412,51170,1753471439999,2105.37170,31,20390,839.10652,0
1753471440000,0.04120,0.04122,0.04119,0.0412,129234,1753471499999,5325.40938,37,12340,508.41938,0
1753471500000,0.04120,0.04121,0.04118,0.04121,12438,1753471559999,512.45300,22,5492,226.30450,0
1753471560000,0.04121,0.04122,0.04120,0.04121,37244,1753471619999,1534.98646,24,16947,698.51697,0
1753471620000,0.04121,0.04122,0.04117,0.04117,166618,1753471679999,6864.53906,52,139940,5765.34986,0
1753471680000,0.04118,0.04118,0.04115,0.04115,58489,1753471739999,2407.59186,18,2874,118.28504,0
1753471740000,0.04114,0.04114,0.04109,0.0411,42314,1753471799999,1739.68428,26,6973,286.59030,0
1753471800000,0.04111,0.04122,0.04111,0.04122,20221,1753471859999,832.07620,22,18150,746.90309,0
1753471860000,0.04121,0.04125,0.04117,0.04125,64170,1753471919999,2643.65482,40,37293,1536.20676,0
1753471920000,0.04126,0.04132,0.04126,0.04132,177331,1753471979999,7323.70804,51,162057,6692.88272,0
1753471980000,0.04133,0.04134,0.04131,0.04132,77002,1753472039999,3182.35857,41,51738,2138.28402,0
1753472040000,0.04130,0.04131,0.04130,0.04131,16420,1753472099999,678.24828,10,10228,422.51868,0
1753472100000,0.04130,0.04130,0.04127,0.04129,14863,1753472159999,613.61395,19,12229,504.88815,0
1753472160000,0.04132,0.04138,0.04132,0.04138,66970,1753472219999,2768.43187,21,66261,2739.12890,0
1753472220000,0.04138,0.04143,0.04135,0.04135,64636,1753472279999,2675.37930,60,23222,961.55336,0
1753472280000,0.04134,0.04140,0.04134,0.04137,306859,1753472339999,12699.05364,70,279610,11571.75059,0
1753472340000,0.04135,0.04137,0.04134,0.04134,48226,1753472399999,1994.30154,16,46568,1925.74100,0
1753472400000,0.04134,0.04143,0.04134,0.04143,70209,1753472459999,2905.03047,32,68036,2815.07251,0
1753472460000,0.04143,0.04147,0.04141,0.04146,177897,1753472519999,7370.56308,66,79832,3307.21331,0
1753472520000,0.04145,0.04145,0.04140,0.0414,54900,1753472579999,2274.38767,17,9708,402.09966,0
1753472580000,0.04141,0.04142,0.04141,0.04142,88248,1753472639999,3654.67447,20,15990,662.26707,0
1753472640000,0.04140,0.04140,0.04138,0.0414,7453,1753472699999,308.44941,15,1736,71.84910,0
1753472700000,0.04141,0.04147,0.04141,0.04146,51661,1753472759999,2141.33698,27,49379,2046.78424,0
1753472760000,0.04146,0.04149,0.04145,0.04149,28126,1753472819999,1166.72532,18,13196,547.47118,0
1753472820000,0.04149,0.04149,0.04142,0.04142,123275,1753472879999,5111.08812,37,22737,942.65226,0
1753472880000,0.04142,0.04149,0.04142,0.04148,183635,1753472939999,7614.02896,45,173121,7177.99065,0
1753472940000,0.04148,0.04148,0.04138,0.04139,328075,1753472999999,13584.04589,66,18229,754.79658,0
1753473000000,0.04139,0.04139,0.04131,0.04135,85179,1753473059999,3523.70849,64,6456,266.85962,0
1753473060000,0.04136,0.04139,0.04136,0.04137,14236,1753473119999,589.00692,15,10234,423.40844,0
1753473120000,0.04137,0.04137,0.04129,0.04129,7005,1753473179999,289.52981,14,0,0,0
1753473180000,0.04128,0.04128,0.04120,0.04124,1310067,1753473239999,54002.10768,180,107837,4444.73085,0
1753473240000,0.04124,0.04125,0.04123,0.04124,33974,1753473299999,1401.09754,20,18474,761.88549,0
1753473300000,0.04123,0.04124,0.04119,0.04122,153805,1753473359999,6340.09013,40,95040,3917.67910,0
1753473360000,0.04122,0.04124,0.04121,0.04121,45404,1753473419999,1871.59554,30,14628,602.94333,0
1753473420000,0.04121,0.04126,0.04121,0.04126,17064,1753473479999,703.80665,14,2147,88.49786,0
1753473480000,0.04126,0.04128,0.04124,0.04128,69949,1753473539999,2886.62659,26,51335,2118.52554,0
1753473540000,0.04129,0.04130,0.04124,0.04125,104289,1753473599999,4302.55344,41,80079,3303.25701,0
1753473600000,0.04123,0.04126,0.04121,0.04122,125572,1753473659999,5177.30161,55,20506,845.37156,0
1753473660000,0.04122,0.04127,0.04122,0.04126,172540,1753473719999,7116.25655,88,102234,4216.67707,0
1753473720000,0.04127,0.04131,0.04127,0.04131,41994,1753473779999,1733.96613,38,29408,1214.37207,0
1753473780000,0.04131,0.04132,0.04126,0.0413,140327,1753473839999,5795.37679,71,87636,3619.63256,0
1753473840000,0.04131,0.04131,0.04128,0.04129,82232,1753473899999,3394.83136,40,51823,2139.54300,0
1753473900000,0.04130,0.04131,0.04126,0.04127,150521,1753473959999,6212.85905,47,80650,3328.94585,0
1753473960000,0.04127,0.04127,0.04123,0.04127,76325,1753474019999,3148.69175,36,41156,1698.05436,0
1753474020000,0.04127,0.04130,0.04127,0.04129,9072,1753474079999,374.60926,13,1378,56.87256,0
1753474080000,0.04129,0.04130,0.04126,0.04126,31120,1753474139999,1285.06444,31,12987,536.35459,0
1753474140000,0.04126,0.04127,0.04124,0.04124,139063,1753474199999,5735.70187,33,16034,661.64181,0
1753474200000,0.04124,0.04130,0.04124,0.0413,20858,1753474259999,860.50431,25,18833,776.98079,0
1753474260000,0.04131,0.04131,0.04129,0.0413,66554,1753474319999,2748.87467,40,34287,1416.39236,0
1753474320000,0.04129,0.04132,0.04129,0.04132,33756,1753474379999,1394.19586,52,6162,254.49678,0
1753474380000,0.04133,0.04134,0.04132,0.04134,26577,1753474439999,1098.29898,36,13470,556.70540,0
1753474440000,0.04135,0.04135,0.04130,0.0413,30664,1753474499999,1267.44363,27,14011,578.91146,0
1753474500000,0.04130,0.04135,0.04130,0.04134,56372,1753474559999,2330.43402,31,50174,2074.29998,0
1753474560000,0.04134,0.04135,0.04132,0.04134,19785,1753474619999,817.79426,22,8713,360.11473,0
1753474620000,0.04135,0.04137,0.04133,0.04137,195055,1753474679999,8067.34757,48,170455,7050.08118,0
1753474680000,0.04138,0.04141,0.04138,0.0414,62001,1753474739999,2566.81865,26,58566,2424.61623,0
1753474740000,0.04141,0.04147,0.04141,0.04146,51073,1753474799999,2117.40697,33,41286,1711.64602,0
1753474800000,0.04148,0.04148,0.04144,0.04148,119006,1753474859999,4934.21709,48,18012,746.94431,0
1753474860000,0.04149,0.04150,0.04144,0.04147,211626,1753474919999,8772.79786,80,64320,2666.86074,0
1753474920000,0.04147,0.04147,0.04144,0.04144,21930,1753474979999,909.06249,16,0,0,0
1753474980000,0.04142,0.04145,0.04141,0.04145,32428,1753475039999,1343.33804,19,17244,714.45245,0
1753475040000,0.04146,0.04147,0.04146,0.04146,18697,1753475099999,775.30175,15,15613,647.42067,0
1753475100000,0.04146,0.04158,0.04146,0.04157,934411,1753475159999,38783.25471,212,738956,30662.79547,0
1753475160000,0.04158,0.04165,0.04158,0.0416,579660,1753475219999,24129.19116,108,515108,21443.24920,0
1753475220000,0.04159,0.04160,0.04158,0.0416,72874,1753475279999,3030.37730,34,4757,197.83637,0
1753475280000,0.04159,0.04159,0.04158,0.04159,64187,1753475339999,2669.15203,27,33991,1413.53854,0
1753475340000,0.04159,0.04162,0.04157,0.04162,125366,1753475399999,5213.21358,49,94218,3918.03699,0
1753475400000,0.04161,0.04162,0.04159,0.04159,302478,1753475459999,12584.11591,82,144103,5994.62883,0
1753475460000,0.04159,0.04162,0.04156,0.04162,97176,1753475519999,4042.89358,66,69323,2884.29013,0
1753475520000,0.04164,0.04165,0.04163,0.04163,44121,1753475579999,1837.19306,33,21612,899.95203,0
1753475580000,0.04166,0.04177,0.04166,0.04175,451976,1753475639999,18858.60316,103,287243,11980.91639,0
1753475640000,0.04175,0.04175,0.04168,0.04168,78682,1753475699999,3280.69728,56,14239,593.60308,0
1753475700000,0.04167,0.04176,0.04167,0.04175,195733,1753475759999,8164.54924,51,98010,4088.30996,0
1753475760000,0.04176,0.04177,0.04169,0.04174,454252,1753475819999,18957.90827,106,111930,4670.70262,0
1753475820000,0.04173,0.04181,0.04173,0.04181,65909,1753475879999,2752.98313,46,55608,2322.76250,0
1753475880000,0.04181,0.04183,0.04179,0.04179,120978,1753475939999,5057.94449,52,29296,1225.06423,0
1753475940000,0.04179,0.04181,0.04179,0.04181,59981,1753475999999,2506.79876,31,27505,1149.62085,0
1753476000000,0.04180,0.04183,0.04179,0.04181,184628,1753476059999,7718.29959,54,119654,5001.72806,0
1753476060000,0.04181,0.04183,0.04181,0.04183,157233,1753476119999,6575.72463,76,87690,3667.62418,0
1753476120000,0.04182,0.04186,0.04182,0.04186,263487,1753476179999,11023.04584,125,185651,7767.18393,0
1753476180000,0.04186,0.04188,0.04184,0.04188,139131,1753476239999,5824.30560,80,75393,3155.99893,0
1753476240000,0.04188,0.04190,0.04183,0.04189,389654,1753476299999,16316.15946,93,310520,13002.88878,0
1753476300000,0.04190,0.04195,0.04189,0.04194,362514,1753476359999,15197.49733,124,266157,11158.48277,0
1753476360000,0.04193,0.04196,0.04193,0.04196,153774,1753476419999,6450.48091,45,84171,3530.52996,0
1753476420000,0.04196,0.04201,0.04196,0.04197,288645,1753476479999,12121.04113,67,240844,10114.54038,0
1753476480000,0.04197,0.04200,0.04197,0.04198,70253,1753476539999,2949.07516,90,56301,2363.40737,0
1753476540000,0.04197,0.04199,0.04197,0.04198,113369,1753476599999,4759.58686,79,77553,3256.02457,0
1753476600000,0.04198,0.04198,0.04189,0.04193,368862,1753476659999,15467.80142,89,153848,6449.53183,0
1753476660000,0.04193,0.04200,0.04193,0.042,210302,1753476719999,8827.40646,50,67110,2817.52835,0
1753476720000,0.04199,0.04200,0.04196,0.04196,80302,1753476779999,3372.28920,28,49245,2068.28607,0
1753476780000,0.04196,0.04199,0.04196,0.04197,10777,1753476839999,452.34707,12,10177,427.16007,0
1753476840000,0.04196,0.04196,0.04189,0.04192,327088,1753476899999,13712.93382,74,42404,1777.81353,0
1753476900000,0.04190,0.04193,0.04188,0.04188,131742,1753476959999,5522.27853,50,76263,3196.45681,0
1753476960000,0.04188,0.04190,0.04188,0.04188,70701,1753477019999,2961.25166,20,4770,199.82979,0
1753477020000,0.04189,0.04192,0.04189,0.04189,268483,1753477079999,11249.22308,37,252084,10561.86557,0
1753477080000,0.04188,0.04189,0.04185,0.04189,181541,1753477139999,7601.18109,154,35623,1491.98707,0
1753477140000,0.04188,0.04189,0.04186,0.04187,41857,1753477199999,1752.61665,19,5384,225.53360,0
1753477200000,0.04188,0.04201,0.04188,0.04198,1096963,1753477259999,46031.83738,209,567454,23804.11745,0
1753477260000,0.04197,0.04198,0.04194,0.04195,306647,1753477319999,12863.32477,116,114900,4819.74438,0
1753477320000,0.04196,0.04201,0.04196,0.04201,113032,1753477379999,4745.18052,81,110896,4655.51124,0
1753477380000,0.04201,0.04201,0.04196,0.04196,231935,1753477439999,9738.02594,64,40246,1690.21990,0
1753477440000,0.04195,0.04197,0.04195,0.04197,82244,1753477499999,3450.67490,56,81245,3408.76435,0
1753477500000,0.04197,0.04199,0.04196,0.04198,126754,1753477559999,5321.44976,48,28810,1209.45122,0
1753477560000,0.04197,0.04202,0.04197,0.042,414643,1753477619999,17404.18095,62,59099,2481.52385,0
1753477620000,0.04199,0.04200,0.04197,0.04197,64673,1753477679999,2715.23118,41,18362,771.02681,0
1753477680000,0.04197,0.04201,0.04197,0.04201,99414,1753477739999,4174.58445,53,50304,2112.72804,0
1753477740000,0.04200,0.04202,0.04199,0.04202,98175,1753477799999,4124.17536,41,84214,3537.65374,0
1753477800000,0.04202,0.04206,0.04201,0.04205,181118,1753477859999,7613.47440,69,89974,3783.16078,0
1753477860000,0.04204,0.04216,0.04204,0.04215,622957,1753477919999,26225.03864,169,428986,18062.38816,0
1753477920000,0.04215,0.04215,0.04211,0.04212,563834,1753477979999,23753.29554,137,198562,8365.30515,0
1753477980000,0.04213,0.04215,0.04212,0.04214,78391,1753478039999,3302.96739,46,58600,2469.17289,0
1753478040000,0.04214,0.04215,0.04214,0.04214,22959,1753478099999,967.62747,22,13521,569.91015,0
1753478100000,0.04213,0.04214,0.04210,0.04212,183732,1753478159999,7740.11035,43,29164,1228.40721,0
1753478160000,0.04213,0.04215,0.04212,0.04215,87928,1753478219999,3705.26731,45,59784,2519.33276,0
1753478220000,0.04214,0.04218,0.04214,0.04217,132863,1753478279999,5603.03355,35,36873,1554.77539,0
1753478280000,0.04218,0.04218,0.04209,0.04216,135856,1753478339999,5723.95748,73,31492,1327.00169,0
1753478340000,0.04215,0.04217,0.04214,0.04216,233751,1753478399999,9854.99844,36,66463,2802.15699,0
1753478400000,0.04217,0.04224,0.04217,0.04224,223412,1753478459999,9431.09531,80,109794,4635.35620,0
1753478460000,0.04223,0.04226,0.04218,0.04224,307136,1753478519999,12969.39085,109,259529,10959.96252,0
1753478520000,0.04223,0.04226,0.04222,0.04224,134400,1753478579999,5676.80535,50,40216,1698.88059,0
1753478580000,0.04223,0.04224,0.04222,0.04223,27566,1753478639999,1164.10725,22,1057,44.64427,0
1753478640000,0.04222,0.04223,0.04221,0.04223,7949,1753478699999,335.61581,17,2349,99.19166,0
1753478700000,0.04224,0.04226,0.04224,0.04226,99674,1753478759999,4211.58135,63,77176,3261.05029,0
1753478760000,0.04226,0.04226,0.04221,0.04221,150429,1753478819999,6353.24279,53,45274,1911.72443,0
1753478820000,0.04220,0.04225,0.04220,0.04225,199329,1753478879999,8418.23777,69,160493,6778.30343,0
1753478880000,0.04226,0.04232,0.04226,0.0423,481033,1753478939999,20345.72037,126,418293,17692.77720,0
1753478940000,0.04231,0.04234,0.04229,0.0423,945208,1753478999999,39994.50881,107,486510,20587.40000,0
1753479000000,0.04229,0.04238,0.04229,0.04234,1335936,1753479059999,56573.27915,190,985604,41735.53468,0
1753479060000,0.04235,0.04235,0.04226,0.04228,777739,1753479119999,32908.57164,111,260628,11018.31837,0
1753479120000,0.04228,0.04232,0.04227,0.04231,1050204,1753479179999,44420.04090,135,520335,22008.01001,0
1753479180000,0.04231,0.04234,0.04229,0.0423,421171,1753479239999,17825.60604,107,325443,13775.81466,0
1753479240000,0.04230,0.04230,0.04223,0.04224,654203,1753479299999,27654.08241,117,246493,10420.59927,0
1753479300000,0.04224,0.04224,0.04219,0.04219,145282,1753479359999,6132.57574,55,20936,884.33238,0
1753479360000,0.04219,0.04220,0.04216,0.04216,682845,1753479419999,28801.89760,120,396363,16720.36228,0
1753479420000,0.04216,0.04216,0.04211,0.04213,439433,1753479479999,18513.85792,100,191855,8082.12190,0
1753479480000,0.04214,0.04221,0.04214,0.0422,249116,1753479539999,10504.35801,85,215164,9071.69095,0
1753479540000,0.04219,0.04219,0.04216,0.04216,139087,1753479599999,5865.54853,24,53530,2257.36270,0
1753479600000,0.04216,0.04216,0.04212,0.04213,404102,1753479659999,17027.88800,98,256375,10802.55037,0
1753479660000,0.04213,0.04213,0.04212,0.04212,33032,1753479719999,1391.60841,23,27127,1142.86051,0
1753479720000,0.04212,0.04212,0.04211,0.04212,154379,1753479779999,6502.30587,59,128116,5396.24592,0
1753479780000,0.04214,0.04214,0.04213,0.04214,133191,1753479839999,5612.22036,60,88353,3723.19542,0
1753479840000,0.04213,0.04214,0.04213,0.04213,15173,1753479899999,639.34812,6,10963,461.98082,0
1753479900000,0.04213,0.04218,0.04213,0.04217,320793,1753479959999,13523.51102,190,225355,9498.97950,0
1753479960000,0.04216,0.04221,0.04216,0.04221,204284,1753480019999,8615.65966,99,164978,6958.38605,0
1753480020000,0.04222,0.04224,0.04222,0.04223,29936,1753480079999,1264.20236,23,8251,348.44481,0
1753480080000,0.04223,0.04223,0.04222,0.04222,57664,1753480139999,2434.81322,20,23914,1009.88822,0
1753480140000,0.04222,0.04223,0.04222,0.04222,65640,1753480199999,2771.81973,35,49893,2106.98139,0
1753480200000,0.04222,0.04223,0.04222,0.04222,29870,1753480259999,1261.36289,7,25149,1062.04227,0
1753480260000,0.04223,0.04223,0.04222,0.04223,7636,1753480319999,322.42039,5,2847,120.22881,0
1753480320000,0.04222,0.04222,0.04219,0.04219,247564,1753480379999,10451.01419,39,3188,134.56548,0
1753480380000,0.04220,0.04220,0.04219,0.04219,10224,1753480439999,431.36435,16,1379,58.19380,0
1753480440000,0.04220,0.04222,0.04220,0.04221,181628,1753480499999,7664.73379,42,180628,7622.52379,0
1753480500000,0.04221,0.04221,0.04219,0.0422,55336,1753480559999,2335.28204,27,706,29.80026,0
1753480560000,0.04220,0.04223,0.04219,0.04223,171183,1753480619999,7224.46324,33,136371,5755.35225,0
1753480620000,0.04223,0.04223,0.04222,0.04222,38545,1753480679999,1627.39380,21,24868,1049.95086,0
1753480680000,0.04222,0.04225,0.04222,0.04225,65813,1753480739999,2779.19010,21,65813,2779.19010,0
1753480740000,0.04225,0.04227,0.04225,0.04226,75007,1753480799999,3169.93390,29,74031,3128.68963,0
1753480800000,0.04227,0.04232,0.04227,0.0423,237160,1753480859999,10029.31264,86,153677,6497.40224,0
1753480860000,0.04229,0.04232,0.04228,0.04232,163711,1753480919999,6924.12046,76,91956,3889.58953,0
1753480920000,0.04232,0.04233,0.04231,0.04231,312416,1753480979999,13222.52921,117,186237,7881.83877,0
1753480980000,0.04232,0.04236,0.04232,0.04236,81880,1753481039999,3466.58098,38,81013,3429.85486,0
1753481040000,0.04237,0.04237,0.04231,0.04231,46626,1753481099999,1973.74521,51,6486,274.66056,0
1753481100000,0.04230,0.04231,0.04227,0.04227,41835,1753481159999,1768.87602,26,1094,46.26226,0
1753481160000,0.04227,0.04227,0.04224,0.04224,160028,1753481219999,6760.47210,43,97247,4107.72849,0
1753481220000,0.04223,0.04226,0.04221,0.04226,211147,1753481279999,8918.64045,101,111803,4721.71011,0
1753481280000,0.04224,0.04226,0.04223,0.04226,162767,1753481339999,6875.08339,58,119916,5065.36600,0
1753481340000,0.04226,0.04229,0.04226,0.04228,195129,1753481399999,8250.49979,56,103469,4374.72883,0
1753481400000,0.04227,0.04227,0.04221,0.04223,83719,1753481459999,3535.33441,62,51186,2161.60979,0
1753481460000,0.04224,0.04224,0.04221,0.04221,77479,1753481519999,3271.41805,45,57821,2441.52718,0
1753481520000,0.04220,0.04222,0.04219,0.04219,77139,1753481579999,3255.37543,53,32777,1383.34357,0
1753481580000,0.04220,0.04224,0.04220,0.04224,113844,1753481639999,4806.07295,78,103218,4357.41962,0
1753481640000,0.04224,0.04227,0.04223,0.04223,64468,1753481699999,2723.61002,48,46049,1945.65374,0
1753481700000,0.04223,0.04226,0.04222,0.04225,86983,1753481759999,3673.57865,44,35487,1499.19605,0
1753481760000,0.04225,0.04225,0.04218,0.04222,215291,1753481819999,9085.74181,68,37213,1570.95072,0
1753481820000,0.04222,0.04222,0.04219,0.04221,32680,1753481879999,1379.23168,33,12473,526.36346,0
1753481880000,0.04221,0.04225,0.04220,0.04225,7896,1753481939999,333.43631,18,6764,285.61961,0
1753481940000,0.04225,0.04225,0.04224,0.04225,10830,1753481999999,457.55771,15,4344,183.52421,0
1753482000000,0.04226,0.04229,0.04225,0.04229,152139,1753482059999,6431.67813,48,70433,2977.52911,0
1753482060000,0.04229,0.04229,0.04227,0.04227,45925,1753482119999,1942.00040,30,16788,709.96138,0
1753482120000,0.04226,0.04226,0.04226,0.04226,5627,1753482179999,237.79702,11,141,5.95866,0
1753482180000,0.04226,0.04229,0.04226,0.04229,73903,1753482239999,3124.98735,25,55194,2333.79441,0
1753482240000,0.04228,0.04228,0.04224,0.04224,337409,1753482299999,14253.90708,61,215979,9122.95296,0
1753482300000,0.04225,0.04227,0.04225,0.04227,212738,1753482359999,8990.33399,40,178911,7560.73335,0
1753482360000,0.04226,0.04227,0.04226,0.04226,23307,1753482419999,984.97570,17,3794,160.35216,0
1753482420000,0.04227,0.04230,0.04227,0.0423,39263,1753482479999,1660.02034,18,19724,833.93827,0
1753482480000,0.04229,0.04231,0.04229,0.0423,90535,1753482539999,3829.89084,36,81218,3435.84682,0
1753482540000,0.04230,0.04231,0.04230,0.0423,52029,1753482599999,2200.86045,11,21514,910.07595,0
1753482600000,0.04229,0.04229,0.04227,0.04228,28558,1753482659999,1207.47232,36,3450,145.86600,0
1753482660000,0.04227,0.04228,0.04225,0.04228,482426,1753482719999,20391.99733,125,257391,10880.23750,0
1753482720000,0.04229,0.04236,0.04229,0.04235,668752,1753482779999,28313.53971,166,582774,24675.63109,0
1753482780000,0.04234,0.04236,0.04234,0.04235,152951,1753482839999,6477.95796,61,145787,6174.62845,0
1753482840000,0.04235,0.04237,0.04234,0.04236,200311,1753482899999,8484.18697,77,113305,4799.46765,0
1753482900000,0.04237,0.04239,0.04235,0.04239,396174,1753482959999,16786.96825,104,264653,11214.26867,0
1753482960000,0.04240,0.04243,0.04240,0.04242,297479,1753483019999,12616.34977,106,230326,9768.41525,0
1753483020000,0.04242,0.04243,0.04241,0.04241,54580,1753483079999,2315.59435,32,50471,2141.30411,0
1753483080000,0.04241,0.04242,0.04237,0.04239,76007,1753483139999,3222.32586,74,34564,1465.13334,0
1753483140000,0.04240,0.04241,0.04240,0.0424,35903,1753483199999,1522.29031,30,31703,1344.21031,0
1753483200000,0.04241,0.04247,0.04240,0.04247,140594,1753483259999,5965.36615,78,113137,4800.56217,0
1753483260000,0.04247,0.04248,0.04243,0.04243,2426789,1753483319999,103051.31763,156,338497,14376.21342,0
1753483320000,0.04243,0.04250,0.04243,0.0425,120092,1753483379999,5099.08071,91,108662,4613.83457,0
1753483380000,0.04250,0.04250,0.04244,0.04244,32885,1753483439999,1396.93133,36,1011,42.96018,0
1753483440000,0.04243,0.04246,0.04241,0.04245,367341,1753483499999,15592.28182,119,348089,14775.09167,0
1753483500000,0.04245,0.04245,0.04237,0.04237,349042,1753483559999,14803.87446,156,37487,1590.19874,0
1753483560000,0.04237,0.04241,0.04234,0.04235,2379179,1753483619999,100803.99788,305,1973074,83586.79992,0
1753483620000,0.04234,0.04235,0.04231,0.04234,891983,1753483679999,37751.86044,57,743504,31465.43061,0
1753483680000,0.04234,0.04237,0.04234,0.04236,130424,1753483739999,5523.93635,41,78403,3320.33427,0
1753483740000,0.04235,0.04237,0.04235,0.04236,16653,1753483799999,705.38328,25,5527,234.12789,0
1753483800000,0.04236,0.04236,0.04232,0.04234,184081,1753483859999,7793.12012,85,71229,3015.91228,0
1753483860000,0.04233,0.04234,0.04232,0.04232,130187,1753483919999,5510.94171,47,13953,590.77002,0
1753483920000,0.04232,0.04232,0.04225,0.0423,1454785,1753483979999,61493.60551,191,486490,20559.32937,0
1753483980000,0.04231,0.04237,0.04231,0.04237,87816,1753484039999,3718.93287,33,86481,3662.44716,0
1753484040000,0.04237,0.04242,0.04237,0.04242,86134,1753484099999,3650.67918,47,77408,3280.86560,0
1753484100000,0.04242,0.04242,0.04239,0.04239,106568,1753484159999,4519.48202,48,18106,767.88328,0
1753484160000,0.04239,0.04239,0.04237,0.04237,168571,1753484219999,7143.11079,70,15206,644.43172,0
1753484220000,0.04238,0.04240,0.04238,0.0424,45584,1753484279999,1932.68645,23,39905,1691.89932,0
1753484280000,0.04239,0.04239,0.04237,0.04237,86294,1753484339999,3656.77119,50,47553,2014.95015,0
1753484340000,0.04237,0.04237,0.04235,0.04236,34493,1753484399999,1461.12335,25,22694,961.31784,0
1753484400000,0.04235,0.04236,0.04234,0.04234,89333,1753484459999,3782.91138,52,2668,113.00216,0
1753484460000,0.04234,0.04235,0.04234,0.04235,32506,1753484519999,1376.53443,32,13559,574.14157,0
1753484520000,0.04234,0.04234,0.04232,0.04232,14151,1753484579999,599.06500,27,622,26.32304,0
1753484580000,0.04231,0.04231,0.04229,0.04231,142851,1753484639999,6043.56889,65,80893,3422.29220,0
1753484640000,0.04230,0.04230,0.04228,0.0423,55648,1753484699999,2353.41079,58,36875,1559.50274,0
1753484700000,0.04229,0.04230,0.04228,0.0423,72350,1753484759999,3059.80802,62,43148,1825.03591,0
1753484760000,0.04229,0.04229,0.04227,0.04227,40357,1753484819999,1706.23079,41,5270,222.79718,0
1753484820000,0.04226,0.04226,0.04218,0.04218,227997,1753484879999,9625.72843,70,3925,165.70354,0
1753484880000,0.04218,0.04222,0.04217,0.04222,698468,1753484939999,29462.28270,150,266054,11225.61226,0
1753484940000,0.04222,0.04225,0.04222,0.04224,67798,1753484999999,2863.33686,48,55814,2357.14046,0
1753485000000,0.04224,0.04224,0.04221,0.04221,29415,1753485059999,1242.14541,38,4717,199.24608,0
1753485060000,0.04222,0.04223,0.04222,0.04223,21371,1753485119999,902.33378,31,18717,790.28190,0
1753485120000,0.04223,0.04226,0.04222,0.04226,177821,1753485179999,7510.35051,120,160771,6790.45782,0
1753485180000,0.04227,0.04228,0.04227,0.04227,15957,1753485239999,674.55845,24,13237,559.58405,0
1753485240000,0.04226,0.04227,0.04224,0.04224,50985,1753485299999,2154.26201,45,4861,205.37727,0
1753485300000,0.04223,0.04228,0.04223,0.04228,42836,1753485359999,1810.04343,61,30825,1302.52736,0
1753485360000,0.04229,0.04232,0.04228,0.04232,31355,1753485419999,1326.24963,41,23549,996.18106,0
1753485420000,0.04233,0.04234,0.04232,0.04233,28058,1753485479999,1187.64854,33,14373,608.42671,0
1753485480000,0.04232,0.04233,0.04230,0.0423,50233,1753485539999,2125.97735,44,26164,1107.41836,0
1753485540000,0.04230,0.04232,0.04230,0.04232,16880,1753485599999,714.24712,27,7698,325.71618,0
1753485600000,0.04231,0.04231,0.04230,0.04231,8060,1753485659999,340.99099,12,504,21.31920,0
1753485660000,0.04231,0.04231,0.04230,0.04231,4942,1753485719999,209.08715,11,3033,128.32623,0
1753485720000,0.04231,0.04233,0.04230,0.04233,66050,1753485779999,2795.10313,34,44742,1893.66253,0
1753485780000,0.04233,0.04234,0.04233,0.04233,8244,1753485839999,348.97752,18,900,38.10600,0
1753485840000,0.04233,0.04233,0.04232,0.04232,5187,1753485899999,219.53281,16,1482,62.73306,0
1753485900000,0.04232,0.04232,0.04230,0.0423,43317,1753485959999,1833.08581,30,5641,238.67309,0
1753485960000,0.04230,0.04231,0.04230,0.04231,28566,1753486019999,1208.58141,27,3719,157.35089,0
1753486020000,0.04230,0.04231,0.04229,0.04229,56997,1753486079999,2410.99183,31,2111,89.31641,0
1753486080000,0.04228,0.04228,0.04228,0.04228,16949,1753486139999,716.60372,28,10352,437.68256,0
1753486140000,0.04228,0.04232,0.04228,0.04232,52029,1753486199999,2201.17795,24,48248,2041.30713,0
1753486200000,0.04231,0.04233,0.04230,0.04231,25729,1753486259999,1088.66770,37,10429,441.32640,0
1753486260000,0.04231,0.04231,0.04228,0.04228,17243,1753486319999,729.41182,30,4953,209.56143,0
1753486320000,0.04227,0.04227,0.04225,0.04226,104214,1753486379999,4404.08153,39,15641,660.98866,0
1753486380000,0.04226,0.04228,0.04225,0.04227,125084,1753486439999,5286.38155,72,115551,4883.45295,0
1753486440000,0.04227,0.04227,0.04225,0.04225,7111,1753486499999,300.50920,25,239,10.10253,0
1753486500000,0.04226,0.04226,0.04225,0.04226,42701,1753486559999,1804.51130,43,39083,1651.64758,0
1753486560000,0.04226,0.04226,0.04225,0.04226,10004,1753486619999,422.71120,25,4220,178.33720,0
1753486620000,0.04226,0.04227,0.04226,0.04227,123542,1753486679999,5221.33126,80,111791,4724.73400,0
1753486680000,0.04228,0.04231,0.04227,0.04231,151991,1753486739999,6428.03700,77,126665,5357.09206,0
1753486740000,0.04231,0.04233,0.04231,0.04231,51873,1753486799999,2195.00858,46,31664,1339.88969,0
1753486800000,0.04230,0.04230,0.04228,0.04229,48046,1753486859999,2031.95520,50,30321,1282.27509,0
1753486860000,0.04228,0.04229,0.04227,0.04229,98203,1753486919999,4152.22388,71,61548,2602.29237,0
1753486920000,0.04228,0.04228,0.04223,0.04223,121827,1753486979999,5147.40859,69,27793,1173.97632,0
1753486980000,0.04223,0.04223,0.04222,0.04223,59032,1753487039999,2492.89277,41,14213,600.21499,0
1753487040000,0.04224,0.04224,0.04222,0.04222,23605,1753487099999,996.79509,29,3509,148.22016,0
1753487100000,0.04221,0.04228,0.04221,0.04225,502600,1753487159999,21239.55404,112,465446,19669.65804,0
1753487160000,0.04224,0.04224,0.04223,0.04224,19744,1753487219999,833.91215,28,1786,75.44064,0
1753487220000,0.04224,0.04225,0.04223,0.04225,52089,1753487279999,2200.00665,45,24698,1043.28472,0
1753487280000,0.04225,0.04227,0.04224,0.04227,20237,1753487339999,855.09365,40,13621,575.63381,0
1753487340000,0.04228,0.04231,0.04227,0.04231,154760,1753487399999,6545.64734,58,149097,6306.27233,0
1753487400000,0.04230,0.04230,0.04228,0.04229,93879,1753487459999,3970.06541,35,42916,1814.73052,0
1753487460000,0.04229,0.04229,0.04227,0.04229,13365,1753487519999,565.05771,24,478,20.21462,0
1753487520000,0.04229,0.04229,0.04226,0.04226,10994,1753487579999,464.75629,24,2413,102.02617,0
1753487580000,0.04227,0.04229,0.04227,0.04229,111358,1753487639999,4708.60894,27,111358,4708.60894,0
1753487640000,0.04228,0.04229,0.04228,0.04229,14805,1753487699999,625.97630,24,1758,74.32824,0
1753487700000,0.04228,0.04233,0.04228,0.04232,167236,1753487759999,7077.11542,55,160662,6799.09488,0
1753487760000,0.04231,0.04233,0.04231,0.04233,61223,1753487819999,2591.41926,37,54365,2301.25567,0
1753487820000,0.04234,0.04234,0.04232,0.04234,220346,1753487879999,9329.17556,24,57038,2414.88892,0
1753487880000,0.04234,0.04234,0.04231,0.04232,40264,1753487939999,1704.24632,90,7545,319.42854,0
1753487940000,0.04232,0.04232,0.04229,0.04231,13257,1753487999999,560.81869,76,1629,68.92431,0
1753488000000,0.04230,0.04231,0.04226,0.04228,95211,1753488059999,4025.81938,113,50334,2128.15344,0
1753488060000,0.04228,0.04228,0.04222,0.04222,218680,1753488119999,9239.57999,117,143131,6047.70348,0
1753488120000,0.04222,0.04222,0.04220,0.04221,126493,1753488179999,5339.66159,97,31377,1324.73694,0
1753488180000,0.04221,0.04222,0.04220,0.0422,147432,1753488239999,6223.29082,80,78412,3310.12571,0
1753488240000,0.04221,0.04222,0.04221,0.04222,81464,1753488299999,3438.91446,75,62567,2641.24320,0
1753488300000,0.04222,0.04222,0.04217,0.04217,151838,1753488359999,6407.18796,93,27538,1162.38968,0
1753488360000,0.04218,0.04220,0.04215,0.04215,273251,1753488419999,11524.90592,118,117809,4969.74192,0
1753488420000,0.04216,0.04217,0.04213,0.04215,120327,1753488479999,5072.34870,67,84821,3575.89067,0
1753488480000,0.04215,0.04216,0.04213,0.04213,43023,1753488539999,1813.01494,33,2144,90.39104,0
1753488540000,0.04212,0.04214,0.04212,0.04213,99248,1753488599999,4181.42781,60,82979,3495.97174,0
1753488600000,0.04212,0.04212,0.04209,0.0421,230086,1753488659999,9688.37265,76,62676,2638.89666,0
1753488660000,0.04210,0.04216,0.04210,0.04216,167982,1753488719999,7075.23580,72,116049,4887.61238,0
1753488720000,0.04216,0.04220,0.04215,0.0422,116243,1753488779999,4902.28243,65,82642,3485.45298,0
1753488780000,0.04219,0.04220,0.04216,0.0422,110921,1753488839999,4678.51823,58,37485,1581.36088,0
1753488840000,0.04220,0.04223,0.04220,0.04222,60153,1753488899999,2539.20978,47,38679,1632.73747,0
1753488900000,0.04221,0.04224,0.04221,0.04223,75487,1753488959999,3187.66759,55,51439,2172.09419,0
1753488960000,0.04224,0.04224,0.04219,0.04222,266782,1753489019999,11262.97657,84,109880,4640.56642,0
1753489020000,0.04223,0.04223,0.04219,0.04219,57545,1753489079999,2429.22634,32,14038,592.82474,0
1753489080000,0.04220,0.04221,0.04218,0.0422,100853,1753489139999,4255.90785,43,78470,3311.53256,0
1753489140000,0.04220,0.04225,0.04219,0.04225,37158,1753489199999,1568.90202,40,29616,1250.37809,0
1753489200000,0.04225,0.04226,0.04223,0.04225,75772,1753489259999,3201.46850,45,14352,606.37879,0
1753489260000,0.04226,0.04230,0.04226,0.0423,39819,1753489319999,1683.64181,43,29512,1247.80962,0
1753489320000,0.04230,0.04230,0.04226,0.04226,85975,1753489379999,3634.84212,32,26765,1132.11024,0
1753489380000,0.04227,0.04230,0.04227,0.04229,204955,1753489439999,8666.72136,35,200000,8457.18887,0
1753489440000,0.04230,0.04231,0.04229,0.04231,144028,1753489499999,6092.91112,56,23399,989.88130,0
1753489500000,0.04232,0.04233,0.04231,0.04233,14614,1753489559999,618.39674,28,2684,113.59996,0
1753489560000,0.04233,0.04238,0.04233,0.04237,46010,1753489619999,1948.96215,42,18219,771.80699,0
1753489620000,0.04238,0.04238,0.04237,0.04237,93534,1753489679999,3963.48533,31,43819,1857.04922,0
1753489680000,0.04237,0.04238,0.04236,0.04237,218463,1753489739999,9257.36482,53,133572,5660.12196,0
1753489740000,0.04236,0.04238,0.04236,0.04238,16823,1753489799999,712.78541,22,13753,582.74021,0
1753489800000,0.04237,0.04237,0.04232,0.04235,45590,1753489859999,1930.80124,41,12829,543.37799,0
1753489860000,0.04235,0.04236,0.04233,0.04234,27948,1753489919999,1183.70365,29,2441,103.35510,0
1753489920000,0.04233,0.04235,0.04233,0.04233,34792,1753489979999,1473.01779,45,27054,1145.46825,0
1753489980000,0.04232,0.04233,0.04232,0.04233,70510,1753490039999,2984.46745,62,63345,2681.24465,0
1753490040000,0.04234,0.04234,0.04233,0.04234,55944,1753490099999,2368.61869,50,50917,2155.82578,0
1753490100000,0.04235,0.04237,0.04235,0.04237,144457,1753490159999,6119.38179,61,136922,5800.27454,0
1753490160000,0.04237,0.04239,0.04237,0.04237,40891,1753490219999,1732.94848,16,36038,1527.29708,0
1753490220000,0.04237,0.04237,0.04234,0.04235,88690,1753490279999,3756.56941,58,36042,1526.56362,0
1753490280000,0.04235,0.04235,0.04231,0.04231,15719,1753490339999,665.41975,20,375,15.87417,0
1753490340000,0.04231,0.04232,0.04231,0.04232,47690,1753490399999,2018.07001,41,22499,952.03188,0
1753490400000,0.04232,0.04235,0.04232,0.04235,51025,1753490459999,2160.08279,46,46238,1957.47127,0
1753490460000,0.04234,0.04234,0.04231,0.04231,10790,1753490519999,456.56019,24,652,27.59916,0
1753490520000,0.04230,0.04231,0.04230,0.04231,253331,1753490579999,10716.41731,46,56726,2400.02581,0
1753490580000,0.04233,0.04233,0.04233,0.04233,5734,1753490639999,242.72022,6,1673,70.81809,0
1753490640000,0.04233,0.04233,0.04231,0.04231,28559,1753490699999,1208.33387,28,5250,222.13008,0
1753490700000,0.04231,0.04233,0.04230,0.04231,164777,1753490759999,6973.26331,71,156412,6619.34885,0
1753490760000,0.04229,0.04229,0.04226,0.04228,33499,1753490819999,1416.16871,41,17635,745.50903,0
1753490820000,0.04227,0.04229,0.04227,0.04228,205868,1753490879999,8703.67136,56,134468,5685.03276,0
1753490880000,0.04229,0.04232,0.04229,0.04231,156210,1753490939999,6607.84095,48,130965,5539.61997,0
1753490940000,0.04229,0.04229,0.04228,0.04228,10551,1753490999999,446.15861,24,4978,210.51962,0
1753491000000,0.04228,0.04229,0.04228,0.04228,28169,1753491059999,1191.23373,29,8036,339.84104,0
1753491060000,0.04228,0.04229,0.04228,0.04229,36810,1753491119999,1556.56062,30,8810,372.48680,0
1753491120000,0.04229,0.04232,0.04229,0.04232,13916,1753491179999,588.63862,25,10710,453.05688,0
1753491180000,0.04232,0.04232,0.04230,0.0423,54229,1753491239999,2294.80123,32,0,0,0
1753491240000,0.04229,0.04230,0.04229,0.0423,12909,1753491299999,545.92613,12,452,19.11960,0
1753491300000,0.04231,0.04234,0.04231,0.04233,9078,1753491359999,384.18205,26,3111,131.65133,0
1753491360000,0.04234,0.04234,0.04233,0.04233,53205,1753491419999,2252.53393,33,15861,671.41726,0
1753491420000,0.04235,0.04236,0.04235,0.04236,10408,1753491479999,440.83419,22,6124,259.40679,0
1753491480000,0.04238,0.04238,0.04236,0.04236,58386,1753491539999,2473.80598,24,471,19.96098,0
1753491540000,0.04235,0.04237,0.04235,0.04237,63771,1753491599999,2701.62185,26,58972,2498.38420,0
1753491600000,0.04238,0.04238,0.04234,0.04234,46967,1753491659999,1989.86058,34,8003,339.16714,0
1753491660000,0.04234,0.04234,0.04228,0.04228,56015,1753491719999,2369.01099,40,1137,48.10647,0
1753491720000,0.04228,0.04229,0.04227,0.04229,101529,1753491779999,4292.85164,76,92113,3894.77537,0
1753491780000,0.04230,0.04232,0.04230,0.04232,89638,1753491839999,3793.26461,60,46375,1962.47707,0
1753491840000,0.04231,0.04232,0.04231,0.04232,26433,1753491899999,1118.59731,37,21708,918.68256,0
1753491900000,0.04233,0.04233,0.04230,0.0423,43649,1753491959999,1847.08782,33,3232,136.78736,0
1753491960000,0.04230,0.04230,0.04228,0.04229,68047,1753492019999,2877.76822,52,34049,1439.93221,0
1753492020000,0.04230,0.04230,0.04228,0.0423,80245,1753492079999,3393.76061,48,61101,2584.17397,0
1753492080000,0.04230,0.04232,0.04230,0.04232,22304,1753492139999,943.65232,37,16551,700.30042,0
1753492140000,0.04232,0.04232,0.04231,0.04231,46408,1753492199999,1963.91881,26,0,0,0
1753492200000,0.04231,0.04233,0.04231,0.04232,91428,1753492259999,3869.43048,59,43236,1829.93566,0
1753492260000,0.04232,0.04232,0.04230,0.04231,21346,1753492319999,903.16115,37,10152,429.45217,0
1753492320000,0.04232,0.04235,0.04232,0.04235,59534,1753492379999,2520.67146,37,53483,2264.59314,0
1753492380000,0.04234,0.04234,0.04233,0.04233,7398,1753492439999,313.16484,22,0,0,0
1753492440000,0.04232,0.04234,0.04232,0.04234,67945,1753492499999,2876.42220,41,62067,2627.66524,0
1753492500000,0.04233,0.04233,0.04232,0.04232,24988,1753492559999,1057.50138,31,9339,395.23570,0
1753492560000,0.04232,0.04234,0.04231,0.04231,52599,1753492619999,2226.51455,46,12447,526.92696,0
1753492620000,0.04230,0.04231,0.04230,0.04231,19150,1753492679999,810.16322,30,6608,279.58448,0
1753492680000,0.04230,0.04230,0.04230,0.0423,6988,1753492739999,295.59240,18,0,0,0
1753492740000,0.04231,0.04231,0.04230,0.0423,16175,1753492799999,684.26666,25,6416,271.46096,0
1753492800000,0.04228,0.04229,0.04227,0.04229,16842,1753492859999,712.17601,30,6545,276.76772,0
1753492860000,0.04229,0.04231,0.04229,0.0423,97689,1753492919999,4132.18179,46,9835,416.04658,0
1753492920000,0.04230,0.04230,0.04228,0.04228,45142,1753492979999,1908.93906,31,85,3.59550,0
1753492980000,0.04227,0.04228,0.04227,0.04228,7143,1753493039999,301.94769,16,1308,55.30224,0
1753493040000,0.04227,0.04228,0.04227,0.04228,16038,1753493099999,678.02134,28,9508,401.99824,0
1753493100000,0.04229,0.04231,0.04229,0.0423,345505,1753493159999,14617.13453,48,83997,3553.26583,0
1753493160000,0.04230,0.04232,0.04230,0.04232,78950,1753493219999,3339.99177,36,71005,3003.91827,0
1753493220000,0.04233,0.04233,0.04231,0.04231,207560,1753493279999,8785.24676,45,17521,741.66393,0
1753493280000,0.04231,0.04234,0.04231,0.04234,58449,1753493339999,2474.11483,44,53066,2246.36010,0
1753493340000,0.04234,0.04236,0.04234,0.04236,36717,1753493399999,1554.76527,30,13253,561.29951,0
1753493400000,0.04235,0.04238,0.04235,0.04238,277572,1753493459999,11756.87238,64,79813,3381.73190,0
1753493460000,0.04238,0.04241,0.04238,0.0424,97736,1753493519999,4143.97431,65,37038,1570.50548,0
1753493520000,0.04240,0.04241,0.04240,0.0424,47373,1753493579999,2008.63883,41,20216,857.18203,0
1753493580000,0.04239,0.04239,0.04234,0.04234,112619,1753493639999,4772.56054,43,0,0,0
1753493640000,0.04233,0.04234,0.04233,0.04233,163237,1753493699999,6911.36720,54,31429,1330.70386,0
1753493700000,0.04232,0.04234,0.04232,0.04232,131194,1753493759999,5553.84263,62,55421,2346.26078,0
1753493760000,0.04232,0.04233,0.04231,0.04231,349513,1753493819999,14793.16726,108,51429,2176.71594,0
1753493820000,0.04231,0.04232,0.04229,0.0423,604708,1753493879999,25584.41868,110,319220,13506.13733,0
1753493880000,0.04229,0.04229,0.04226,0.04226,169665,1753493939999,7172.75058,56,15304,647.20616,0
1753493940000,0.04226,0.04226,0.04219,0.04219,561684,1753493999999,23714.63879,110,102245,4314.98830,0
1753494000000,0.04219,0.04221,0.04219,0.04221,390966,1753494059999,16498.68823,81,282517,11922.33119,0
1753494060000,0.04220,0.04222,0.04219,0.04222,72572,1753494119999,3062.58320,79,34235,1444.92017,0
1753494120000,0.04223,0.04224,0.04222,0.04222,121166,1753494179999,5117.74044,30,13461,568.49786,0
1753494180000,0.04221,0.04221,0.04217,0.04217,16062,1753494239999,677.92050,20,0,0,0
1753494240000,0.04218,0.04218,0.04215,0.04215,40123,1753494299999,1692.07765,26,15550,655.89900,0
1753494300000,0.04215,0.04220,0.04213,0.0422,95515,1753494359999,4026.64437,57,37682,1588.91182,0
1753494360000,0.04221,0.04222,0.04218,0.04222,16671,1753494419999,703.45409,27,4466,188.50764,0
1753494420000,0.04221,0.04221,0.04218,0.0422,33057,1753494479999,1394.87504,31,12941,546.11020,0
1753494480000,0.04222,0.04222,0.04219,0.04219,18525,1753494539999,781.91359,20,1800,75.99600,0
1753494540000,0.04218,0.04218,0.04217,0.04217,74637,1753494599999,3148.11633,28,0,0,0
1753494600000,0.04217,0.04217,0.04216,0.04216,15797,1753494659999,666.11151,15,0,0,0
1753494660000,0.04215,0.04216,0.04213,0.04213,79128,1753494719999,3335.11556,26,1019,42.95453,0
1753494720000,0.04214,0.04214,0.04214,0.04214,30139,1753494779999,1270.05746,20,27051,1139.92914,0
1753494780000,0.04213,0.04213,0.04208,0.04212,84946,1753494839999,3577.51541,45,17991,757.53701,0
1753494840000,0.04211,0.04212,0.04209,0.04209,55580,1753494899999,2340.69974,18,9056,381.28218,0
1753494900000,0.04208,0.04208,0.04204,0.04207,225328,1753494959999,9476.84879,58,76298,3209.28114,0
1753494960000,0.04206,0.04206,0.04203,0.04203,305491,1753495019999,12843.48932,72,40761,1713.66095,0
1753495020000,0.04202,0.04204,0.04200,0.042,169328,1753495079999,7114.71254,53,32150,1351.31469,0
1753495080000,0.04201,0.04204,0.04201,0.04204,35079,1753495139999,1474.14340,23,35079,1474.14340,0
1753495140000,0.04205,0.04205,0.04203,0.04203,134246,1753495199999,5644.05589,40,31299,1315.96709,0
1753495200000,0.04203,0.04204,0.04202,0.04202,142568,1753495259999,5992.06082,78,64902,2727.92251,0
1753495260000,0.04203,0.04210,0.04203,0.04207,201737,1753495319999,8487.93050,118,65695,2763.06842,0
1753495320000,0.04207,0.04211,0.04207,0.04211,39878,1753495379999,1678.31132,29,36897,1552.90064,0
1753495380000,0.04211,0.04211,0.04208,0.04208,26703,1753495439999,1124.22555,19,5145,216.54595,0
1753495440000,0.04210,0.04212,0.04209,0.04212,29240,1753495499999,1231.03704,22,23628,994.82796,0
1753495500000,0.04213,0.04215,0.04213,0.04214,72726,1753495559999,3065.21609,26,22702,956.83741,0
1753495560000,0.04215,0.04215,0.04214,0.04214,13569,1753495619999,571.83293,13,3527,148.66305,0
1753495620000,0.04214,0.04214,0.04212,0.04212,81815,1753495679999,3447.31675,32,0,0,0
1753495680000,0.04212,0.04213,0.04212,0.04213,30617,1753495739999,1289.64016,14,27887,1174.62526,0
1753495740000,0.04211,0.04211,0.04209,0.0421,10552,1753495799999,444.22835,11,676,28.45427,0
1753495800000,0.04209,0.04212,0.04209,0.04211,73396,1753495859999,3090.25344,36,41928,1765.31027,0
1753495860000,0.04211,0.04213,0.04211,0.04212,56925,1753495919999,2397.67639,43,14610,615.37463,0
1753495920000,0.04212,0.04219,0.04212,0.04217,131051,1753495979999,5525.49068,59,47385,1997.42984,0
1753495980000,0.04216,0.04217,0.04215,0.04216,25912,1753496039999,1092.40470,36,1344,56.66758,0
1753496040000,0.04216,0.04218,0.04216,0.04218,42063,1753496099999,1773.91331,19,40663,1714.88931,0
1753496100000,0.04219,0.04222,0.04219,0.04222,54179,1753496159999,2286.44835,33,50779,2142.92294,0
1753496160000,0.04221,0.04221,0.04220,0.0422,7645,1753496219999,322.65022,21,1685,71.12385,0
1753496220000,0.04219,0.04219,0.04218,0.04219,16070,1753496279999,677.98436,13,7396,312.03724,0
1753496280000,0.04219,0.04223,0.04219,0.04222,71716,1753496339999,3026.74377,48,45331,1913.30969,0
1753496340000,0.04223,0.04224,0.04223,0.04224,29623,1753496399999,1251.19231,24,21523,909.12931,0
1753496400000,0.04225,0.04229,0.04225,0.04228,213461,1753496459999,9024.31345,65,43181,1825.31178,0
1753496460000,0.04229,0.04229,0.04228,0.04229,62368,1753496519999,2637.43530,26,5164,218.38556,0
1753496520000,0.04229,0.04243,0.04229,0.04241,770240,1753496579999,32636.29057,191,551827,23381.02672,0
1753496580000,0.04242,0.04242,0.04237,0.04237,176176,1753496639999,7469.06072,48,53297,2259.83528,0
1753496640000,0.04237,0.04237,0.04236,0.04237,130463,1753496699999,5527.56689,30,41439,1755.71829,0
1753496700000,0.04238,0.04240,0.04238,0.0424,70383,1753496759999,2983.18966,38,47112,1996.95608,0
1753496760000,0.04241,0.04244,0.04241,0.04243,318771,1753496819999,13524.65137,61,157104,6665.34398,0
1753496820000,0.04242,0.04244,0.04240,0.04244,87489,1753496879999,3711.68240,43,57606,2444.14578,0
1753496880000,0.04245,0.04249,0.04245,0.04245,201666,1753496939999,8566.69320,70,98501,4184.09634,0
1753496940000,0.04246,0.04247,0.04245,0.04245,184965,1753496999999,7854.52793,35,21788,925.11848,0
1753497000000,0.04246,0.04247,0.04244,0.04247,118006,1753497059999,5008.89746,44,96884,4112.30966,0
1753497060000,0.04247,0.04254,0.04247,0.04254,1201873,1753497119999,51089.95044,164,1135762,48280.11154,0
1753497120000,0.04253,0.04255,0.04251,0.04254,234734,1753497179999,9982.33123,75,94295,4010.29478,0
1753497180000,0.04254,0.04256,0.04254,0.04256,638008,1753497239999,27151.07520,86,445920,18977.10689,0
1753497240000,0.04256,0.04256,0.04255,0.04255,173551,1753497299999,7385.80657,40,44480,1893.06880,0
1753497300000,0.04255,0.04255,0.04240,0.0424,907378,1753497359999,38545.83751,192,229349,9749.37096,0
1753497360000,0.04239,0.04242,0.04238,0.04238,205076,1753497419999,8694.61135,91,69689,2955.14639,0
1753497420000,0.04237,0.04238,0.04235,0.04238,620089,1753497479999,26269.47124,120,119778,5074.91568,0
1753497480000,0.04238,0.04239,0.04231,0.04232,233394,1753497539999,9891.36982,67,55572,2355.19540,0
1753497540000,0.04232,0.04233,0.04230,0.04232,343341,1753497599999,14528.75608,107,146855,6214.33515,0
1753497600000,0.04232,0.04232,0.04230,0.04231,232325,1753497659999,9828.64975,25,157718,6671.50199,0
1753497660000,0.04231,0.04233,0.04231,0.04231,279602,1753497719999,11833.20571,86,128581,5441.74099,0
1753497720000,0.04232,0.04235,0.04232,0.04234,86353,1753497779999,3656.01351,40,58448,2474.41452,0
1753497780000,0.04234,0.04234,0.04232,0.04232,57963,1753497839999,2453.52292,37,10296,435.83785,0
1753497840000,0.04231,0.04232,0.04229,0.04229,6111,1753497899999,258.50191,9,500,21.16000,0
1753497900000,0.04228,0.04230,0.04227,0.0423,49224,1753497959999,2081.59411,44,46214,1954.34912,0
1753497960000,0.04230,0.04230,0.04229,0.0423,39898,1753498019999,1687.60096,31,15179,642.07170,0
1753498020000,0.04231,0.04232,0.04231,0.04232,14541,1753498079999,615.27000,22,14015,593.01494,0
1753498080000,0.04233,0.04235,0.04232,0.04232,76714,1753498139999,3247.93537,41,18158,768.74998,0
1753498140000,0.04231,0.04231,0.04228,0.0423,303602,1753498199999,12840.11552,117,54682,2312.70222,0
1753498200000,0.04230,0.04230,0.04229,0.04229,61460,1753498259999,2599.72834,27,42027,1777.74210,0
1753498260000,0.04229,0.04231,0.04229,0.04231,209255,1753498319999,8852.48333,74,130768,5532.11744,0
1753498320000,0.04231,0.04232,0.04229,0.04232,191496,1753498379999,8100.62197,69,118747,5023.91412,0
1753498380000,0.04232,0.04235,0.04230,0.04235,105048,1753498439999,4445.83768,60,66088,2797.25496,0
1753498440000,0.04235,0.04235,0.04233,0.04235,34595,1753498499999,1464.99380,21,205,8.67970,0
1753498500000,0.04235,0.04235,0.04233,0.04234,64232,1753498559999,2719.61297,35,38564,1632.83173,0
1753498560000,0.04235,0.04235,0.04232,0.04235,195855,1753498619999,8290.25161,66,56742,2402.27181,0
1753498620000,0.04233,0.04233,0.04232,0.04232,2566,1753498679999,108.61084,12,0,0,0
1753498680000,0.04232,0.04232,0.04231,0.04231,14035,1753498739999,593.83184,18,1099,46.50968,0
1753498740000,0.04231,0.04233,0.04231,0.04233,8710,1753498799999,368.60721,20,6876,291.01067,0
1753498800000,0.04232,0.04235,0.04232,0.04234,77726,1753498859999,3290.30855,60,20306,859.65837,0
1753498860000,0.04234,0.04235,0.04231,0.04233,68880,1753498919999,2915.48380,57,18173,769.16751,0
1753498920000,0.04233,0.04234,0.04233,0.04234,14732,1753498979999,623.71759,21,11202,474.29268,0
1753498980000,0.04235,0.04236,0.04235,0.04236,72997,1753499039999,3091.76276,83,61705,2613.54656,0
1753499040000,0.04236,0.04236,0.04233,0.04234,115002,1753499099999,4869.96889,75,20195,855.17432,0
1753499100000,0.04234,0.04234,0.04233,0.04233,84496,1753499159999,3577.18069,50,41936,1775.26615,0
1753499160000,0.04233,0.04233,0.04225,0.04227,680161,1753499219999,28760.40457,148,39880,1685.45289,0
1753499220000,0.04227,0.04227,0.04226,0.04227,121245,1753499279999,5125.01974,33,73932,3125.10564,0
1753499280000,0.04227,0.04230,0.04227,0.0423,156574,1753499339999,6621.69178,48,100979,4270.08034,0
1753499340000,0.04230,0.04232,0.04230,0.04232,71290,1753499399999,3016.43567,40,28340,1198.85385,0
1753499400000,0.04231,0.04231,0.04230,0.0423,27274,1753499459999,1153.96064,22,0,0,0
1753499460000,0.04231,0.04233,0.04230,0.04233,163708,1753499519999,6928.94076,70,160787,6805.36972,0
1753499520000,0.04233,0.04236,0.04232,0.04235,498790,1753499579999,21121.54605,165,233012,9867.52576,0
1753499580000,0.04235,0.04236,0.04231,0.04233,233381,1753499639999,9879.36084,74,66997,2836.23036,0
1753499640000,0.04234,0.04234,0.04232,0.04233,124528,1753499699999,5271.27137,44,29935,1267.15233,0
1753499700000,0.04234,0.04236,0.04233,0.04234,489494,1753499759999,20729.01355,100,200805,8503.77363,0
1753499760000,0.04234,0.04234,0.04234,0.04234,4978,1753499819999,210.76852,16,0,0,0
1753499820000,0.04235,0.04240,0.04235,0.0424,94853,1753499879999,4019.07398,61,75119,3183.01914,0
1753499880000,0.04241,0.04242,0.04238,0.04238,130297,1753499939999,5525.06777,59,36823,1561.66589,0
1753499940000,0.04237,0.04237,0.04236,0.04237,37125,1753499999999,1572.88462,33,5510,233.43909,0
1753500000000,0.04237,0.04238,0.04236,0.04237,62564,1753500059999,2650.90247,35,17362,735.79908,0
1753500060000,0.04236,0.04237,0.04234,0.04235,35378,1753500119999,1498.51001,31,3084,130.62757,0
1753500120000,0.04235,0.04239,0.04235,0.04239,97729,1753500179999,4140.01020,53,92729,3928.26020,0
1753500180000,0.04239,0.04239,0.04238,0.04239,179648,1753500239999,7614.89807,24,903,38.27817,0
1753500240000,0.04239,0.04239,0.04238,0.04238,68771,1753500299999,2915.13084,24,0,0,0
1753500300000,0.04238,0.04238,0.04235,0.04235,84426,1753500359999,3575.64712,25,0,0,0
1753500360000,0.04234,0.04234,0.04232,0.04234,101768,1753500419999,4308.19279,53,10742,454.81628,0
1753500420000,0.04234,0.04234,0.04229,0.04229,354017,1753500479999,14982.17117,73,0,0,0
1753500480000,0.04228,0.04231,0.04227,0.04231,294213,1753500539999,12442.51299,79,240478,10170.61667,0
1753500540000,0.04230,0.04230,0.04229,0.0423,30758,1753500599999,1301.01835,25,6781,286.83630,0
1753500600000,0.04230,0.04236,0.04230,0.04236,218638,1753500659999,9252.51637,68,200950,8504.23638,0
1753500660000,0.04237,0.04240,0.04237,0.0424,115010,1753500719999,4875.18111,44,90274,3826.57196,0
1753500720000,0.04240,0.04244,0.04240,0.04244,130571,1753500779999,5539.69088,45,107785,4573.33165,0
1753500780000,0.04244,0.04244,0.04238,0.04238,413520,1753500839999,17546.91986,86,59630,2530.61328,0
1753500840000,0.04238,0.04239,0.04237,0.04239,22624,1753500899999,958.79076,28,18629,789.52261,0
1753500900000,0.04239,0.04241,0.04238,0.04238,207884,1753500959999,8814.16218,65,27174,1152.17025,0
1753500960000,0.04238,0.04242,0.04238,0.04242,124265,1753501019999,5268.71751,44,16227,688.00441,0
1753501020000,0.04241,0.04241,0.04240,0.04241,78560,1753501079999,3331.72699,35,2466,104.58045,0
1753501080000,0.04241,0.04246,0.04241,0.04246,119466,1753501139999,5070.38962,47,113328,4810.07704,0
1753501140000,0.04246,0.04246,0.04245,0.04245,113654,1753501199999,4825.70131,47,0,0,0
1753501200000,0.04244,0.04247,0.04244,0.04247,23110,1753501259999,981.15434,32,13289,564.24889,0
1753501260000,0.04246,0.04247,0.04246,0.04247,10921,1753501319999,463.73411,20,2845,120.82715,0
1753501320000,0.04246,0.04246,0.04245,0.04246,130681,1753501379999,5548.60206,46,9461,401.71406,0
1753501380000,0.04246,0.04246,0.04245,0.04245,80385,1753501439999,3412.91111,35,15515,658.76230,0
1753501440000,0.04245,0.04245,0.04244,0.04244,19330,1753501499999,820.45642,30,552,23.43240,0
1753501500000,0.04244,0.04244,0.04242,0.04242,96329,1753501559999,4087.87064,46,66068,2803.92592,0
1753501560000,0.04242,0.04245,0.04242,0.04245,141792,1753501619999,6016.21758,52,128579,5455.55503,0
1753501620000,0.04245,0.04245,0.04243,0.04243,34711,1753501679999,1473.11973,38,12598,534.59398,0
1753501680000,0.04243,0.04243,0.04242,0.04243,49782,1753501739999,2112.17053,31,27650,1173.18950,0
1753501740000,0.04243,0.04246,0.04242,0.04246,143636,1753501799999,6095.63591,39,127405,5407.03896,0
1753501800000,0.04247,0.04250,0.04247,0.0425,277853,1753501859999,11806.43615,53,265569,11284.71468,0
1753501860000,0.04250,0.04254,0.04250,0.04254,32833,1753501919999,1395.92434,47,24059,1023.02934,0
1753501920000,0.04254,0.04254,0.04251,0.04251,41171,1753501979999,1750.98687,26,247,10.49997,0
1753501980000,0.04251,0.04251,0.04249,0.04249,40702,1753502039999,1729.62914,29,0,0,0
1753502040000,0.04250,0.04251,0.04248,0.04251,50793,1753502099999,2158.38007,42,33089,1406.16399,0
1753502100000,0.04251,0.04254,0.04249,0.0425,149665,1753502159999,6365.36759,62,94314,4011.09523,0
1753502160000,0.04251,0.04254,0.04251,0.04254,277041,1753502219999,11781.18249,69,258591,10996.60084,0
1753502220000,0.04253,0.04253,0.04250,0.0425,44769,1753502279999,1903.42137,24,0,0,0
1753502280000,0.04250,0.04252,0.04248,0.04252,133700,1753502339999,5682.82579,59,79570,3382.37403,0
1753502340000,0.04253,0.04253,0.04250,0.0425,10866,1753502399999,462.01445,23,817,34.74701,0
1753502400000,0.04249,0.04251,0.04247,0.04249,161493,1753502459999,6860.58586,75,110706,4703.26433,0
1753502460000,0.04249,0.04249,0.04246,0.04246,63017,1753502519999,2675.97153,29,40479,1718.73834,0
1753502520000,0.04245,0.04245,0.04244,0.04245,112242,1753502579999,4763.98036,79,65551,2782.23548,0
1753502580000,0.04245,0.04245,0.04243,0.04243,91715,1753502639999,3892.37028,58,74279,3152.33119,0
1753502640000,0.04243,0.04243,0.04242,0.04242,67455,1753502699999,2861.54159,28,0,0,0
1753502700000,0.04242,0.04244,0.04242,0.04243,109286,1753502759999,4636.59811,67,70652,2997.35749,0
1753502760000,0.04242,0.04242,0.04241,0.04241,13984,1753502819999,593.10417,28,511,21.67520,0
1753502820000,0.04240,0.04240,0.04236,0.04236,109322,1753502879999,4633.94671,46,17423,738.40697,0
1753502880000,0.04236,0.04242,0.04236,0.04242,291756,1753502939999,12366.60493,91,285111,12085.12273,0
1753502940000,0.04243,0.04245,0.04243,0.04244,92854,1753502999999,3940.72038,36,75964,3223.74526,0
1753503000000,0.04243,0.04244,0.04242,0.04243,105101,1753503059999,4459.21149,49,14410,611.27617,0
1753503060000,0.04244,0.04248,0.04244,0.04248,104205,1753503119999,4424.64160,86,51221,2174.66680,0
1753503120000,0.04247,0.04247,0.04246,0.04246,39013,1753503179999,1656.49848,34,26078,1107.27188,0
1753503180000,0.04247,0.04247,0.04245,0.04245,75254,1753503239999,3195.49020,37,12769,542.29943,0
1753503240000,0.04245,0.04250,0.04244,0.0425,54985,1753503299999,2334.72390,58,27240,1156.96114,0
1753503300000,0.04251,0.04255,0.04250,0.0425,296296,1753503359999,12605.09936,68,67199,2857.80672,0
1753503360000,0.04250,0.04250,0.04247,0.04247,56279,1753503419999,2391.33974,38,9586,407.38376,0
1753503420000,0.04246,0.04247,0.04245,0.04247,34648,1753503479999,1471.19806,39,22875,971.36187,0
1753503480000,0.04248,0.04249,0.04246,0.04248,100361,1753503539999,4263.71992,48,30307,1287.44260,0
1753503540000,0.04248,0.04248,0.04242,0.04242,75178,1753503599999,3192.45274,41,0,0,0
1753503600000,0.04242,0.04243,0.04241,0.04243,85303,1753503659999,3618.36373,46,36120,1532.43424,0
1753503660000,0.04243,0.04244,0.04243,0.04243,143945,1753503719999,6107.58898,42,263,11.16172,0
1753503720000,0.04242,0.04244,0.04238,0.0424,496474,1753503779999,21052.80928,136,12949,549.24324,0
1753503780000,0.04240,0.04240,0.04239,0.04239,29086,1753503839999,1233.02014,33,644,27.30560,0
1753503840000,0.04238,0.04239,0.04237,0.04238,53958,1753503899999,2287.05661,41,30808,1305.83490,0
1753503900000,0.04237,0.04237,0.04234,0.04236,418794,1753503959999,17735.92533,51,323975,13720.40017,0
1753503960000,0.04235,0.04237,0.04234,0.04237,52856,1753504019999,2238.50809,39,44340,1877.88637,0
1753504020000,0.04238,0.04238,0.04236,0.04236,94592,1753504079999,4007.89861,37,3886,164.68868,0
1753504080000,0.04235,0.04240,0.04235,0.0424,26707,1753504139999,1131.65222,28,21483,910.41582,0
1753504140000,0.04240,0.04241,0.04240,0.04241,45660,1753504199999,1936.04295,24,28528,1209.64615,0
1753504200000,0.04240,0.04240,0.04237,0.04237,77394,1753504259999,3280.29212,48,6452,273.56196,0
1753504260000,0.04236,0.04236,0.04235,0.04235,73136,1753504319999,3097.85324,41,9518,403.18248,0
1753504320000,0.04234,0.04236,0.04233,0.04236,34336,1753504379999,1453.93580,34,21228,898.96097,0
1753504380000,0.04236,0.04238,0.04236,0.04237,47065,1753504439999,1994.05754,37,32764,1388.17170,0
1753504440000,0.04238,0.04242,0.04238,0.04242,91438,1753504499999,3877.47512,39,86700,3676.63130,0
1753504500000,0.04242,0.04243,0.04237,0.04238,299672,1753504559999,12707.83926,56,18473,783.16516,0
1753504560000,0.04238,0.04238,0.04236,0.04238,19998,1753504619999,847.35884,23,15281,647.53576,0
1753504620000,0.04238,0.04240,0.04238,0.04239,61328,1753504679999,2599.64422,38,14105,597.93920,0
1753504680000,0.04238,0.04239,0.04237,0.04239,43386,1753504739999,1838.83184,29,29990,1271.08243,0
1753504740000,0.04239,0.04242,0.04239,0.04241,31022,1753504799999,1315.14494,40,19375,821.40521,0
1753504800000,0.04240,0.04240,0.04239,0.04239,155981,1753504859999,6613.37182,37,10607,449.63073,0
1753504860000,0.04240,0.04241,0.04238,0.04238,163083,1753504919999,6913.39042,61,36589,1551.39660,0
1753504920000,0.04239,0.04242,0.04239,0.04241,57163,1753504979999,2424.21081,36,41129,1744.27477,0
1753504980000,0.04241,0.04242,0.04239,0.04242,11328,1753505039999,480.30512,29,4713,199.87814,0
1753505040000,0.04241,0.04242,0.04241,0.04242,10974,1753505099999,465.44014,27,3280,139.13760,0
1753505100000,0.04241,0.04241,0.04238,0.04238,65157,1753505159999,2762.65203,41,46143,1956.60815,0
1753505160000,0.04238,0.04240,0.04238,0.04238,23670,1753505219999,1003.18166,22,18455,782.14942,0
1753505220000,0.04240,0.04240,0.04235,0.04235,32226,1753505279999,1365.73134,71,1432,60.70647,0
1753505280000,0.04235,0.04235,0.04234,0.04234,7829,1753505339999,331.48110,68,246,10.41688,0
1753505340000,0.04234,0.04234,0.04233,0.04233,10398,1753505399999,440.17523,70,2875,121.72664,0
1753505400000,0.04233,0.04233,0.04230,0.04231,19277,1753505459999,815.74931,79,3368,142.56626,0
1753505460000,0.04231,0.04233,0.04229,0.04233,32404,1753505519999,1371.05552,84,25861,1094.33484,0
1753505520000,0.04233,0.04234,0.04232,0.04233,31496,1753505579999,1333.20850,83,6176,261.46686,0
1753505580000,0.04233,0.04234,0.04231,0.04234,22907,1753505639999,969.47464,84,9010,381.37567,0
1753505640000,0.04234,0.04235,0.04232,0.04233,34040,1753505699999,1440.68664,80,2669,113.00353,0
1753505700000,0.04233,0.04233,0.04231,0.04233,10109,1753505759999,427.80110,70,2589,109.59200,0
1753505760000,0.04233,0.04234,0.04232,0.04232,38137,1753505819999,1614.30191,84,7263,307.47741,0
1753505820000,0.04232,0.04233,0.04231,0.04232,25002,1753505879999,1058.07109,76,4725,199.99516,0
1753505880000,0.04232,0.04235,0.04231,0.04235,52403,1753505939999,2217.73320,87,47156,1995.73263,0
1753505940000,0.04235,0.04236,0.04234,0.04235,49980,1753505999999,2116.57759,82,5636,238.70866,0
1753506000000,0.04235,0.04237,0.04233,0.04237,271619,1753506059999,11500.64420,141,74385,3150.12304,0
1753506060000,0.04237,0.04237,0.04234,0.04235,57902,1753506119999,2452.25825,87,7001,296.49391,0
1753506120000,0.04235,0.04235,0.04234,0.04235,10964,1753506179999,464.25112,73,3536,149.74960,0
1753506180000,0.04235,0.04236,0.04235,0.04236,26175,1753506239999,1108.58551,87,17984,761.69666,0
1753506240000,0.04236,0.04237,0.04234,0.04237,75817,1753506299999,3210.84220,105,5804,245.85896,0
1753506300000,0.04237,0.04239,0.04236,0.04237,129079,1753506359999,5469.61834,134,63498,2690.63605,0
1753506360000,0.04237,0.04237,0.04236,0.04236,49805,1753506419999,2109.75848,96,5779,244.81712,0
1753506420000,0.04236,0.04236,0.04234,0.04234,83666,1753506479999,3542.84053,101,30127,1275.87681,0
1753506480000,0.04233,0.04233,0.04229,0.0423,66702,1753506539999,2822.14437,99,7305,309.00161,0
1753506540000,0.04230,0.04232,0.04229,0.04232,14915,1753506599999,630.92412,83,10334,437.19363,0
1753506600000,0.04232,0.04232,0.04229,0.0423,104302,1753506659999,4412.13007,105,44874,1897.78797,0
1753506660000,0.04230,0.04232,0.04229,0.04232,18145,1753506719999,767.59970,90,12954,548.07231,0
1753506720000,0.04232,0.04233,0.04231,0.04231,89523,1753506779999,3788.15523,117,3929,166.27788,0
1753506780000,0.04231,0.04233,0.04229,0.04232,30591,1753506839999,1294.19203,84,18088,765.26757,0
1753506840000,0.04231,0.04232,0.04229,0.04232,25543,1753506899999,1080.51123,95,4816,203.78136,0
1753506900000,0.04232,0.04238,0.04231,0.04238,61678,1753506959999,2611.14510,96,56160,2377.67852,0
1753506960000,0.04237,0.04239,0.04237,0.04239,38932,1753507019999,1650.06786,98,15491,656.59971,0
1753507020000,0.04239,0.04240,0.04236,0.0424,73325,1753507079999,3107.57469,100,29943,1268.90017,0
1753507080000,0.04240,0.04245,0.04237,0.04241,1123131,1753507139999,47636.94675,250,1003063,42544.43325,0
1753507140000,0.04241,0.04241,0.04239,0.0424,67173,1753507199999,2848.07993,80,3996,169.43192,0
1753507200000,0.04240,0.04240,0.04239,0.0424,15534,1753507259999,658.54017,76,5391,228.57840,0
1753507260000,0.04240,0.04242,0.04239,0.04242,60333,1753507319999,2558.45904,104,42599,1806.54632,0
1753507320000,0.04242,0.04242,0.04239,0.0424,117462,1753507379999,4981.18768,88,2089,88.59446,0
1753507380000,0.04240,0.04244,0.04240,0.04243,463254,1753507439999,19656.91779,136,284257,12060.80451,0
1753507440000,0.04243,0.04243,0.04241,0.04242,18082,1753507499999,767.03905,76,1227,52.05652,0
1753507500000,0.04242,0.04245,0.04242,0.04245,28213,1753507559999,1197.04946,90,17994,763.55291,0
1753507560000,0.04244,0.04245,0.04243,0.04245,33412,1753507619999,1417.94982,82,2891,122.72072,0
1753507620000,0.04245,0.04248,0.04244,0.04248,43557,1753507679999,1849.10250,96,33963,1441.89399,0
1753507680000,0.04248,0.04249,0.04245,0.04246,148278,1753507739999,6298.40494,114,9618,408.55374,0
1753507740000,0.04246,0.04249,0.04245,0.04249,131700,1753507799999,5593.97023,106,39827,1691.81624,0
1753507800000,0.04249,0.04249,0.04245,0.04248,78283,1753507859999,3324.53534,107,35862,1522.79765,0
1753507860000,0.04248,0.04248,0.04245,0.04248,44326,1753507919999,1882.15899,113,31676,1345.01459,0
1753507920000,0.04248,0.04248,0.04246,0.04246,82360,1753507979999,3497.62348,92,4996,212.13508,0
1753507980000,0.04246,0.04247,0.04245,0.04247,38870,1753508039999,1650.36346,92,22558,957.83502,0
1753508040000,0.04246,0.04248,0.04245,0.04248,40859,1753508099999,1734.87050,98,14712,624.76356,0
1753508100000,0.04248,0.04251,0.04247,0.04251,55412,1753508159999,2353.97387,100,24058,1022.15778,0
1753508160000,0.04251,0.04254,0.04250,0.04254,203462,1753508219999,8653.95309,112,111958,4761.65977,0
1753508220000,0.04254,0.04259,0.04253,0.04256,197831,1753508279999,8420.95568,120,70416,2996.79661,0
1753508280000,0.04256,0.04260,0.04255,0.0426,641440,1753508339999,27314.33454,111,514446,21906.12105,0
1753508340000,0.04260,0.04260,0.04258,0.04259,156618,1753508399999,6671.50803,83,120134,5117.69724,0
1753508400000,0.04259,0.04260,0.04258,0.0426,107305,1753508459999,4570.86706,101,17453,743.40482,0
1753508460000,0.04259,0.04261,0.04258,0.0426,157395,1753508519999,6704.34668,119,24220,1031.64947,0
1753508520000,0.04260,0.04260,0.04256,0.04257,62788,1753508579999,2672.68878,97,30032,1278.17976,0
1753508580000,0.04257,0.04257,0.04256,0.04256,80801,1753508639999,3438.89460,75,1763,75.03732,0
1753508640000,0.04256,0.04256,0.04255,0.04255,67489,1753508699999,2871.69362,98,6182,263.08077,0
1753508700000,0.04255,0.04257,0.04253,0.04257,137021,1753508759999,5829.72482,122,87241,3712.19941,0
1753508760000,0.04257,0.04257,0.04254,0.04254,35491,1753508819999,1510.36239,99,1276,54.31606,0
1753508820000,0.04254,0.04254,0.04252,0.04253,74110,1753508879999,3151.91504,84,8503,361.71557,0
1753508880000,0.04253,0.04253,0.04251,0.04252,18548,1753508939999,788.61344,82,1588,67.53641,0
1753508940000,0.04252,0.04252,0.04251,0.04252,28333,1753508999999,1204.46938,74,3355,142.65460,0
1753509000000,0.04252,0.04252,0.04250,0.04251,71229,1753509059999,3027.88997,94,29995,1275.10515,0
1753509060000,0.04251,0.04251,0.04250,0.04251,34209,1753509119999,1454.14443,80,26193,1113.46443,0
1753509120000,0.04251,0.04252,0.04250,0.04251,28266,1753509179999,1201.54643,87,9558,406.32693,0
1753509180000,0.04251,0.04254,0.04250,0.04254,39445,1753509239999,1677.11315,98,33311,1416.41815,0
1753509240000,0.04254,0.04255,0.04253,0.04255,66314,1753509299999,2820.95550,85,34597,1471.79559,0
1753509300000,0.04255,0.04255,0.04252,0.04253,78066,1753509359999,3320.45976,93,27697,1177.95493,0
1753509360000,0.04253,0.04253,0.04252,0.04253,10931,1753509419999,464.82970,71,4358,185.34574,0
1753509420000,0.04253,0.04254,0.04252,0.04254,28778,1753509479999,1223.87321,88,21183,900.93381,0
1753509480000,0.04254,0.04254,0.04253,0.04253,24348,1753509539999,1035.52081,70,1179,50.14324,0
1753509540000,0.04253,0.04254,0.04252,0.04254,27886,1753509599999,1186.07436,80,20572,875.08308,0
1753509600000,0.04254,0.04255,0.04253,0.04254,35486,1753509659999,1509.43013,93,3969,168.84143,0
1753509660000,0.04254,0.04254,0.04248,0.04249,68913,1753509719999,2929.92863,89,717,30.49890,0
1753509720000,0.04249,0.04249,0.04245,0.04246,157362,1753509779999,6683.30767,96,90606,3848.11909,0
1753509780000,0.04245,0.04247,0.04244,0.04247,185512,1753509839999,7875.59729,123,151132,6416.24528,0
1753509840000,0.04247,0.04247,0.04244,0.04247,38608,1753509899999,1638.96412,82,3754,159.39803,0
1753509900000,0.04247,0.04248,0.04244,0.04245,70569,1753509959999,2996.96530,101,46359,1969.02689,0
1753509960000,0.04245,0.04245,0.04244,0.04245,8449,1753510019999,358.58432,69,876,37.18620,0
1753510020000,0.04245,0.04245,0.04241,0.04241,134620,1753510079999,5710.68443,95,72147,3060.55501,0
1753510080000,0.04241,0.04241,0.04240,0.04241,119132,1753510139999,5051.90017,57,98700,4185.46179,0
1753510140000,0.04241,0.04243,0.04241,0.04243,30224,1753510199999,1282.15493,37,25152,1067.05141,0
1753510200000,0.04243,0.04245,0.04243,0.04244,133568,1753510259999,5669.21421,87,109327,4640.46692,0
1753510260000,0.04244,0.04245,0.04244,0.04244,51792,1753510319999,2198.05834,46,586,24.87570,0
1753510320000,0.04244,0.04246,0.04244,0.04246,55647,1753510379999,2362.39201,45,50423,2140.68545,0
1753510380000,0.04246,0.04248,0.04246,0.04247,69741,1753510439999,2962.23100,45,56789,2412.26688,0
1753510440000,0.04247,0.04248,0.04246,0.04248,56536,1753510499999,2401.38048,55,8537,362.65176,0
1753510500000,0.04247,0.04247,0.04246,0.04247,32408,1753510559999,1376.32806,38,4522,192.04934,0
1753510560000,0.04246,0.04248,0.04246,0.04248,63444,1753510619999,2694.80941,30,55937,2376.06219,0
1753510620000,0.04248,0.04248,0.04247,0.04247,14106,1753510679999,599.20911,29,0,0,0
1753510680000,0.04248,0.04248,0.04247,0.04248,16438,1753510739999,698.22257,27,4514,191.75472,0
1753510740000,0.04248,0.04248,0.04246,0.04247,27516,1753510799999,1168.54651,38,2128,90.37616,0
1753510800000,0.04246,0.04246,0.04245,0.04245,8171,1753510859999,346.90792,17,0,0,0
1753510860000,0.04245,0.04246,0.04245,0.04246,22002,1753510919999,934.03450,23,4960,210.60160,0
1753510920000,0.04245,0.04245,0.04243,0.04244,56419,1753510979999,2394.97580,31,118,5.00792,0
1753510980000,0.04244,0.04244,0.04240,0.0424,89203,1753511039999,3784.32103,43,707,29.99095,0
1753511040000,0.04240,0.04240,0.04237,0.04237,430893,1753511099999,18262.55370,71,44164,1871.22868,0
1753511100000,0.04238,0.04238,0.04238,0.04238,38051,1753511159999,1612.60138,24,34437,1459.44006,0
1753511160000,0.04238,0.04239,0.04237,0.04239,82962,1753511219999,3516.15444,41,77121,3268.61402,0
1753511220000,0.04239,0.04240,0.04239,0.04239,141639,1753511279999,6005.29463,50,8528,361.58720,0
1753511280000,0.04239,0.04239,0.04237,0.04237,79249,1753511339999,3359.13408,26,2360,100.01681,0
1753511340000,0.04236,0.04237,0.04236,0.04237,15191,1753511399999,643.49264,19,188,7.96556,0
1753511400000,0.04237,0.04237,0.04234,0.04234,168446,1753511459999,7134.95157,41,22527,954.46899,0
1753511460000,0.04234,0.04234,0.04230,0.04232,345298,1753511519999,14612.74540,69,77398,3275.09867,0
1753511520000,0.04231,0.04234,0.04231,0.04234,35180,1753511579999,1488.86364,29,26511,1122.07825,0
1753511580000,0.04235,0.04237,0.04235,0.04237,82766,1753511639999,3505.64745,50,78735,3334.93460,0
1753511640000,0.04237,0.04240,0.04237,0.04239,395328,1753511699999,16758.82870,87,135065,5725.08108,0
1753511700000,0.04238,0.04238,0.04236,0.04236,25459,1753511759999,1078.82577,33,4739,200.83370,0
1753511760000,0.04236,0.04239,0.04236,0.04239,141440,1753511819999,5995.18609,36,128569,5449.97053,0
1753511820000,0.04240,0.04241,0.04239,0.0424,149815,1753511879999,6352.04311,41,32559,1380.52724,0
1753511880000,0.04239,0.04239,0.04237,0.04238,87755,1753511939999,3719.16391,52,16309,691.17542,0
1753511940000,0.04239,0.04239,0.04238,0.04238,18220,1753511999999,772.23891,16,7531,319.23909,0
1753512000000,0.04238,0.04240,0.04238,0.04239,199239,1753512059999,8445.69235,52,54548,2312.35698,0
1753512060000,0.04238,0.04239,0.04238,0.04239,147740,1753512119999,6262.50940,53,52620,2230.56180,0
1753512120000,0.04239,0.04241,0.04239,0.04241,733679,1753512179999,31110.14979,150,250086,10605.81297,0
1753512180000,0.04240,0.04240,0.04239,0.04239,18550,1753512239999,786.48398,25,1043,44.21277,0
1753512240000,0.04239,0.04240,0.04239,0.0424,25931,1753512299999,1099.33301,20,11792,499.98080,0
1753512300000,0.04240,0.04241,0.04238,0.04238,190122,1753512359999,8060.95483,77,105465,4472.47989,0
1753512360000,0.04237,0.04237,0.04234,0.04234,63170,1753512419999,2676.25916,27,0,0,0
1753512420000,0.04233,0.04233,0.04229,0.0423,127524,1753512479999,5393.65287,51,104955,4438.74044,0
1753512480000,0.04230,0.04233,0.04230,0.04233,80829,1753512539999,3420.09639,25,60686,2567.64789,0
1753512540000,0.04233,0.04236,0.04233,0.04236,8813,1753512599999,373.11156,29,4049,171.44040,0
1753512600000,0.04236,0.04238,0.04235,0.04235,219808,1753512659999,9312.26458,72,172210,7296.07288,0
1753512660000,0.04236,0.04237,0.04235,0.04237,23791,1753512719999,1007.91177,30,4660,197.40815,0
1753512720000,0.04236,0.04237,0.04235,0.04237,42545,1753512779999,1802.43909,24,25231,1069.03747,0
1753512780000,0.04236,0.04237,0.04235,0.04237,31712,1753512839999,1343.27718,28,12072,511.37393,0
1753512840000,0.04237,0.04238,0.04235,0.04235,36054,1753512899999,1527.39254,28,166,7.03508,0
1753512900000,0.04234,0.04234,0.04230,0.04231,270996,1753512959999,11466.40190,71,22794,964.43729,0
1753512960000,0.04231,0.04233,0.04230,0.04231,385460,1753513019999,16309.36751,31,365978,15484.81764,0
1753513020000,0.04231,0.04233,0.04231,0.04233,15057,1753513079999,637.18808,26,12209,516.67386,0
1753513080000,0.04232,0.04234,0.04232,0.04234,12625,1753513139999,534.38116,29,5764,244.02364,0
1753513140000,0.04235,0.04236,0.04234,0.04235,27186,1753513199999,1151.31910,28,3041,128.78284,0
1753513200000,0.04234,0.04234,0.04232,0.04234,33260,1753513259999,1407.79232,40,15114,639.70932,0
1753513260000,0.04234,0.04238,0.04234,0.04238,20086,1753513319999,850.73368,35,9934,420.80016,0
1753513320000,0.04239,0.04240,0.04239,0.04239,94456,1753513379999,4004.29103,47,30119,1277.04560,0
1753513380000,0.04239,0.04239,0.04237,0.04237,43058,1753513439999,1824.78412,45,5007,212.24673,0
1753513440000,0.04238,0.04238,0.04237,0.04238,49430,1753513499999,2094.80206,41,45296,1919.64448,0
1753513500000,0.04238,0.04238,0.04237,0.04237,25107,1753513559999,1063.84306,29,0,0,0
1753513560000,0.04236,0.04237,0.04236,0.04237,229257,1753513619999,9712.98706,97,125900,5334.38300,0
1753513620000,0.04237,0.04237,0.04235,0.04235,136706,1753513679999,5790.46665,80,7807,330.70594,0
1753513680000,0.04235,0.04235,0.04233,0.04234,144298,1753513739999,6109.19807,94,8291,351.04979,0
1753513740000,0.04235,0.04235,0.04235,0.04235,19646,1753513799999,832.00810,18,11376,481.77360,0
1753513800000,0.04236,0.04237,0.04235,0.04237,92339,1753513859999,3911.78122,47,89719,3800.82422,0
1753513860000,0.04238,0.04239,0.04238,0.04239,25558,1753513919999,1083.23732,27,9532,404.05380,0
1753513920000,0.04239,0.04239,0.04237,0.04238,82003,1753513979999,3475.34951,83,2021,85.64998,0
1753513980000,0.04238,0.04240,0.04238,0.04239,116404,1753514039999,4934.61392,100,29347,1244.28547,0
1753514040000,0.04239,0.04242,0.04239,0.0424,331522,1753514099999,14056.03031,144,143450,6082.40060,0
1753514100000,0.04239,0.04239,0.04238,0.04238,196043,1753514159999,8308.75478,65,153040,6486.22856,0
1753514160000,0.04238,0.04238,0.04236,0.04236,44429,1753514219999,1882.31488,29,3418,144.78648,0
1753514220000,0.04236,0.04238,0.04236,0.04238,74610,1753514279999,3161.81337,31,56945,2413.21717,0
1753514280000,0.04236,0.04236,0.04235,0.04235,13190,1753514339999,558.61757,29,6091,257.95385,0
1753514340000,0.04236,0.04236,0.04234,0.04234,37825,1753514399999,1601.71106,18,8759,371.03124,0
1753514400000,0.04232,0.04235,0.04232,0.04235,8391,1753514459999,355.22880,29,6306,266.99160,0
1753514460000,0.04235,0.04236,0.04234,0.04235,24476,1753514519999,1036.54589,31,1791,75.85024,0
1753514520000,0.04234,0.04234,0.04234,0.04234,7152,1753514579999,302.81568,17,0,0,0
1753514580000,0.04234,0.04235,0.04234,0.04235,15781,1753514639999,668.22480,25,5726,242.49610,0
1753514640000,0.04235,0.04237,0.04235,0.04236,12518,1753514699999,530.22876,38,5279,223.62015,0
1753514700000,0.04236,0.04236,0.04234,0.04236,141327,1753514759999,5986.23606,31,438,18.55368,0
1753514760000,0.04236,0.04238,0.04236,0.04238,26727,1753514819999,1132.41464,39,17046,722.32748,0
1753514820000,0.04239,0.04240,0.04239,0.04239,142657,1753514879999,6048.47907,38,19194,813.79558,0
1753514880000,0.04238,0.04238,0.04237,0.04237,11570,1753514939999,490.31941,19,0,0,0
1753514940000,0.04236,0.04236,0.04235,0.04236,15358,1753514999999,650.54476,22,2974,125.97864,0
1753515000000,0.04236,0.04236,0.04236,0.04236,36374,1753515059999,1540.80264,23,374,15.84264,0
1753515060000,0.04235,0.04239,0.04235,0.04239,18937,1753515119999,802.34863,33,9646,408.72778,0
1753515120000,0.04238,0.04241,0.04238,0.0424,90367,1753515179999,3831.46773,56,5307,224.99078,0
1753515180000,0.04240,0.04245,0.04240,0.04244,81572,1753515239999,3462.25699,42,13610,577.46649,0
1753515240000,0.04244,0.04244,0.04241,0.04242,8013,1753515299999,339.92179,28,834,35.38130,0
1753515300000,0.04242,0.04242,0.04240,0.0424,59975,1753515359999,2543.65949,29,860,36.47260,0
1753515360000,0.04238,0.04239,0.04237,0.04239,11625,1753515419999,492.60345,22,2249,95.32630,0
1753515420000,0.04238,0.04238,0.04236,0.04237,65454,1753515479999,2773.67166,31,483,20.46471,0
1753515480000,0.04236,0.04238,0.04236,0.04238,26899,1753515539999,1139.54759,34,10433,442.04783,0
1753515540000,0.04239,0.04240,0.04238,0.04239,105940,1753515599999,4490.78532,26,10600,449.33706,0
1753515600000,0.04239,0.04240,0.04239,0.04239,85061,1753515659999,3606.13419,36,78106,3311.25519,0
1753515660000,0.04240,0.04242,0.04240,0.04242,14079,1753515719999,596.99291,29,8703,369.05051,0
1753515720000,0.04243,0.04246,0.04243,0.04246,12900,1753515779999,547.58986,24,8574,363.99442,0
1753515780000,0.04246,0.04251,0.04246,0.0425,83430,1753515839999,3543.43385,45,66296,2815.68719,0
1753515840000,0.04250,0.04250,0.04247,0.04249,117026,1753515899999,4972.78392,63,21219,901.43182,0
1753515900000,0.04248,0.04249,0.04248,0.04249,19763,1753515959999,839.69912,41,8021,340.81229,0
1753515960000,0.04249,0.04251,0.04248,0.04248,50005,1753516019999,2124.86155,54,8185,347.93440,0
1753516020000,0.04249,0.04249,0.04247,0.04248,6538,1753516079999,277.69617,19,2355,100.04416,0
1753516080000,0.04247,0.04248,0.04247,0.04248,37354,1753516139999,1586.43262,24,824,35.00352,0
1753516140000,0.04247,0.04247,0.04246,0.04247,19081,1753516199999,810.33217,20,1713,72.75111,0
1753516200000,0.04247,0.04247,0.04246,0.04246,8083,1753516259999,343.26920,25,0,0,0
1753516260000,0.04246,0.04246,0.04246,0.04246,20247,1753516319999,859.68762,23,2358,100.12068,0
1753516320000,0.04245,0.04246,0.04245,0.04245,5065,1753516379999,215.01044,17,119,5.05274,0
1753516380000,0.04245,0.04245,0.04245,0.04245,4969,1753516439999,210.93405,14,0,0,0
1753516440000,0.04245,0.04246,0.04245,0.04245,38434,1753516499999,1631.72682,35,20352,864.14592,0
1753516500000,0.04245,0.04247,0.04245,0.04247,105656,1753516559999,4486.07691,46,76832,3262.25968,0
1753516560000,0.04247,0.04248,0.04247,0.04247,135289,1753516619999,5746.12897,53,79294,3368.02132,0
1753516620000,0.04246,0.04246,0.04245,0.04245,3889,1753516679999,165.09430,15,0,0,0
1753516680000,0.04246,0.04246,0.04244,0.04244,57608,1753516739999,2445.50043,33,47881,2032.55224,0
1753516740000,0.04244,0.04244,0.04243,0.04244,83340,1753516799999,3536.51165,54,13648,579.22112,0
1753516800000,0.04244,0.04248,0.04244,0.04246,215654,1753516859999,9157.01569,83,135187,5741.87667,0
1753516860000,0.04246,0.04246,0.04245,0.04246,5183,1753516919999,220.05187,16,0,0,0
1753516920000,0.04245,0.04245,0.04244,0.04244,22256,1753516979999,944.69593,35,0,0,0
1753516980000,0.04244,0.04244,0.04243,0.04243,92694,1753517039999,3933.20819,63,53541,2271.74463,0
1753517040000,0.04243,0.04244,0.04243,0.04244,5653,1753517099999,239.85918,19,239,10.14316,0
1753517100000,0.04244,0.04246,0.04243,0.04246,102469,1753517159999,4349.93802,65,51860,2201.21125,0
1753517160000,0.04245,0.04246,0.04244,0.04246,41913,1753517219999,1779.15406,44,19796,840.34158,0
1753517220000,0.04246,0.04246,0.04245,0.04245,21771,1753517279999,924.19163,27,1832,77.78108,0
1753517280000,0.04245,0.04246,0.04245,0.04245,31297,1753517339999,1328.72773,43,9261,393.17050,0
1753517340000,0.04245,0.04246,0.04245,0.04245,78710,1753517399999,3341.89609,30,51222,2174.82870,0
1753517400000,0.04245,0.04246,0.04244,0.04244,55280,1753517459999,2346.55559,44,10808,458.80236,0
1753517460000,0.04245,0.04245,0.04243,0.04243,64464,1753517519999,2736.12122,70,29814,1265.60154,0
1753517520000,0.04244,0.04244,0.04243,0.04243,10551,1753517579999,447.69454,35,1561,66.24884,0
1753517580000,0.04244,0.04245,0.04244,0.04244,42217,1753517639999,1791.84694,46,34464,1462.80962,0
1753517640000,0.04245,0.04246,0.04244,0.04244,31171,1753517699999,1323.12731,57,4367,185.38329,0
1753517700000,0.04243,0.04244,0.04243,0.04243,89055,1753517759999,3779.31263,48,38616,1638.86304,0
1753517760000,0.04244,0.04246,0.04243,0.04246,68986,1753517819999,2928.35299,52,62639,2659.00896,0
1753517820000,0.04246,0.04248,0.04246,0.04248,29385,1753517879999,1248.09982,42,17037,723.72452,0
1753517880000,0.04247,0.04255,0.04247,0.04255,622424,1753517939999,26454.54862,100,589588,25059.78026,0
1753517940000,0.04255,0.04257,0.04254,0.04255,73538,1753517999999,3129.44689,42,13003,553.42423,0
1753518000000,0.04253,0.04256,0.04253,0.04256,64248,1753518059999,2732.83458,49,55034,2340.91696,0
1753518060000,0.04257,0.04259,0.04257,0.04258,516551,1753518119999,21997.56535,78,399776,17024.84370,0
1753518120000,0.04258,0.04259,0.04256,0.04256,171321,1753518179999,7294.04540,49,44533,1896.65231,0
1753518180000,0.04257,0.04259,0.04256,0.04259,52449,1753518239999,2233.36352,29,46433,1977.32256,0
1753518240000,0.04258,0.04258,0.04255,0.04256,136067,1753518299999,5791.62311,48,21785,927.23868,0
1753518300000,0.04257,0.04263,0.04257,0.04261,548366,1753518359999,23357.11910,66,463206,19727.90652,0
1753518360000,0.04260,0.04261,0.04259,0.0426,11070,1753518419999,471.51568,26,2692,114.68084,0
1753518420000,0.04260,0.04264,0.04260,0.04264,71645,1753518479999,3053.30633,41,64279,2739.51473,0
1753518480000,0.04263,0.04265,0.04262,0.04262,117328,1753518539999,5003.03259,46,18655,795.47134,0
1753518540000,0.04262,0.04262,0.04261,0.04262,9957,1753518599999,424.33943,26,4315,183.90530,0
1753518600000,0.04261,0.04263,0.04261,0.04263,36528,1753518659999,1556.82374,48,25035,1067.09757,0
1753518660000,0.04264,0.04265,0.04261,0.04261,123517,1753518719999,5266.21242,46,8673,369.72372,0
1753518720000,0.04262,0.04262,0.04257,0.04257,70195,1753518779999,2990.53257,50,26472,1127.64515,0
1753518780000,0.04256,0.04257,0.04256,0.04256,24449,1753518839999,1040.55149,32,16290,693.30445,0
1753518840000,0.04255,0.04256,0.04252,0.04253,159322,1753518899999,6779.02575,78,110666,4708.92622,0
1753518900000,0.04254,0.04257,0.04254,0.04256,54972,1753518959999,2338.76708,58,47364,2015.09508,0
1753518960000,0.04257,0.04257,0.04253,0.04253,108852,1753519019999,4632.66435,37,1440,61.29280,0
1753519020000,0.04253,0.04254,0.04252,0.04253,97097,1753519079999,4130.10062,57,54181,2304.47194,0
1753519080000,0.04253,0.04253,0.04252,0.04252,53839,1753519139999,2289.40359,38,16931,720.07543,0
1753519140000,0.04252,0.04252,0.04252,0.04252,4095,1753519199999,174.11940,11,0,0,0
1753519200000,0.04252,0.04255,0.04252,0.04255,39276,1753519259999,1670.38318,59,35247,1499.07008,0
1753519260000,0.04254,0.04255,0.04254,0.04255,5546,1753519319999,235.93100,13,416,17.70080,0
1753519320000,0.04254,0.04254,0.04254,0.04254,28296,1753519379999,1203.71184,24,0,0,0
1753519380000,0.04254,0.04256,0.04254,0.04256,95959,1753519439999,4083.02767,70,92808,3948.98413,0
1753519440000,0.04256,0.04257,0.04255,0.04255,51707,1753519499999,2200.75514,51,32685,1391.12173,0
1753519500000,0.04254,0.04254,0.04251,0.04252,125396,1753519559999,5332.51105,95,59352,2523.65476,0
1753519560000,0.04251,0.04254,0.04251,0.04254,44595,1753519619999,1896.36497,39,38276,1627.69368,0
1753519620000,0.04254,0.04254,0.04253,0.04254,16977,1753519679999,722.16538,17,1500,63.81000,0
1753519680000,0.04254,0.04256,0.04254,0.04256,65293,1753519739999,2778.27997,42,60387,2569.53526,0
1753519740000,0.04257,0.04260,0.04257,0.04259,102191,1753519799999,4351.84364,49,32971,1404.30652,0
1753519800000,0.04259,0.04263,0.04259,0.04261,534784,1753519859999,22786.07198,129,166571,7097.22239,0
1753519860000,0.04263,0.04265,0.04260,0.0426,420323,1753519919999,17910.95510,70,21386,911.77836,0
1753519920000,0.04261,0.04261,0.04259,0.0426,27811,1753519979999,1184.81187,22,8718,371.47261,0
1753519980000,0.04259,0.04260,0.04259,0.04259,87025,1753520039999,3706.88314,31,3185,135.68100,0
1753520040000,0.04258,0.04259,0.04257,0.04259,38012,1753520099999,1618.82378,27,28437,1211.12642,0
1753520100000,0.04258,0.04258,0.04252,0.04252,393225,1753520159999,16730.96562,103,43250,1839.87303,0
1753520160000,0.04251,0.04252,0.04249,0.04249,63422,1753520219999,2696.20482,37,25100,1067.10929,0
1753520220000,0.04248,0.04250,0.04248,0.0425,30846,1753520279999,1310.63563,26,28400,1206.72955,0
1753520280000,0.04250,0.04251,0.04249,0.04249,14696,1753520339999,624.53820,17,4462,189.59320,0
1753520340000,0.04250,0.04250,0.04249,0.0425,12685,1753520399999,539.08001,19,9436,401.03000,0
1753520400000,0.04251,0.04255,0.04251,0.04254,79703,1753520459999,3390.04525,54,47062,2001.64083,0
1753520460000,0.04254,0.04254,0.04251,0.04253,56018,1753520519999,2382.44938,73,17493,743.99346,0
1753520520000,0.04252,0.04253,0.04252,0.04252,81148,1753520579999,3450.73416,50,31732,1349.56196,0
1753520580000,0.04251,0.04252,0.04248,0.04249,105904,1753520639999,4501.23077,54,43289,1840.18188,0
1753520640000,0.04249,0.04250,0.04249,0.0425,11500,1753520699999,488.72671,25,9171,389.76750,0
1753520700000,0.04250,0.04250,0.04241,0.04241,460862,1753520759999,19557.89494,127,65094,2760.85814,0
1753520760000,0.04241,0.04248,0.04241,0.04247,172900,1753520819999,7335.70625,68,156005,6618.50158,0
1753520820000,0.04246,0.04246,0.04245,0.04245,40371,1753520879999,1713.96803,37,14821,629.29966,0
1753520880000,0.04245,0.04246,0.04243,0.04245,112541,1753520939999,4777.12966,45,77941,3308.34790,0
1753520940000,0.04246,0.04250,0.04246,0.04248,59745,1753520999999,2537.67128,44,16622,705.97559,0
1753521000000,0.04248,0.04250,0.04248,0.04249,39656,1753521059999,1685.13640,35,28528,1212.34054,0
1753521060000,0.04250,0.04250,0.04249,0.04249,32306,1753521119999,1372.99745,46,1733,73.65250,0
1753521120000,0.04249,0.04250,0.04248,0.04248,84683,1753521179999,3598.65071,41,14394,611.69273,0
1753521180000,0.04250,0.04250,0.04247,0.04249,246658,1753521239999,10478.39583,56,118440,5032.37445,0
1753521240000,0.04248,0.04249,0.04248,0.04248,47555,1753521299999,2020.54372,30,3380,143.61620,0
1753521300000,0.04248,0.04251,0.04248,0.04249,54862,1753521359999,2330.69024,33,49283,2093.64252,0
1753521360000,0.04250,0.04250,0.04248,0.0425,35153,1753521419999,1493.86522,37,29506,1253.96808,0
1753521420000,0.04251,0.04253,0.04250,0.04251,406411,1753521479999,17276.96718,51,401170,17054.15528,0
1753521480000,0.04252,0.04252,0.04250,0.0425,33628,1753521539999,1429.35699,36,5130,218.04012,0
1753521540000,0.04249,0.04250,0.04247,0.0425,85294,1753521599999,3623.03071,41,44440,1887.94103,0
1753521600000,0.04248,0.04250,0.04247,0.0425,25956,1753521659999,1102.58288,29,10544,448.00803,0
1753521660000,0.04249,0.04251,0.04249,0.0425,55319,1753521719999,2350.92345,29,9726,413.28951,0
1753521720000,0.04249,0.04249,0.04249,0.04249,5788,1753521779999,245.93212,18,0,0,0
1753521780000,0.04250,0.04252,0.04249,0.04249,97104,1753521839999,4127.79824,28,7820,332.41929,0
1753521840000,0.04248,0.04249,0.04248,0.04248,16010,1753521899999,680.10715,29,2227,94.60531,0
1753521900000,0.04249,0.04250,0.04247,0.0425,112141,1753521959999,4764.49172,48,91736,3897.54377,0
1753521960000,0.04250,0.04252,0.04248,0.04251,492167,1753522019999,20924.48625,74,274512,11670.80042,0
1753522020000,0.04251,0.04251,0.04249,0.0425,54401,1753522079999,2311.95296,23,4027,171.15926,0
1753522080000,0.04249,0.04250,0.04249,0.04249,154067,1753522139999,6546.30837,31,154,6.54500,0
1753522140000,0.04249,0.04249,0.04248,0.04249,5972,1753522199999,253.72392,19,3336,141.74664,0
1753522200000,0.04248,0.04248,0.04245,0.04245,118250,1753522259999,5022.95655,38,1301,55.25214,0
1753522260000,0.04244,0.04249,0.04244,0.04248,107156,1753522319999,4551.90987,43,49786,2114.76419,0
1753522320000,0.04247,0.04248,0.04246,0.04248,40581,1753522379999,1723.45973,51,30459,1293.61896,0
1753522380000,0.04246,0.04249,0.04246,0.04249,61058,1753522439999,2593.84566,32,18211,773.42117,0
1753522440000,0.04249,0.04249,0.04248,0.04248,18934,1753522499999,804.44523,29,6043,256.70664,0
1753522500000,0.04248,0.04248,0.04247,0.04248,138869,1753522559999,5899.14639,39,100123,4253.22504,0
1753522560000,0.04249,0.04249,0.04248,0.04249,49138,1753522619999,2087.87220,39,8436,358.44564,0
1753522620000,0.04249,0.04249,0.04249,0.04249,20948,1753522679999,890.08052,27,6474,275.08026,0
1753522680000,0.04249,0.04251,0.04248,0.04251,22899,1753522739999,973.07680,42,18363,780.38752,0
1753522740000,0.04253,0.04253,0.04252,0.04253,7070,1753522799999,300.62097,17,457,19.43621,0
1753522800000,0.04253,0.04255,0.04253,0.04253,78132,1753522859999,3323.62615,55,15479,658.43469,0
1753522860000,0.04254,0.04255,0.04252,0.04255,109479,1753522919999,4656.68733,53,46558,1980.34293,0
1753522920000,0.04254,0.04255,0.04254,0.04255,89376,1753522979999,3802.89931,56,13170,560.38350,0
1753522980000,0.04254,0.04254,0.04252,0.04253,87773,1753523039999,3733.43864,40,5666,240.97498,0
1753523040000,0.04254,0.04255,0.04254,0.04255,15821,1753523099999,673.13247,29,2622,111.55655,0
1753523100000,0.04256,0.04257,0.04254,0.04256,55031,1753523159999,2342.06923,41,23682,1007.96112,0
1753523160000,0.04257,0.04257,0.04255,0.04255,68835,1753523219999,2930.21965,38,21004,894.14028,0
1753523220000,0.04255,0.04255,0.04254,0.04254,21205,1753523279999,902.14865,26,5606,238.51308,0
1753523280000,0.04255,0.04255,0.04253,0.04253,7640,1753523339999,325.01721,24,2526,107.47000,0
1753523340000,0.04254,0.04255,0.04253,0.04254,21117,1753523399999,898.28134,27,8899,378.57371,0
1753523400000,0.04253,0.04253,0.04250,0.04253,13311,1753523459999,565.90442,28,1184,50.34990,0
1753523460000,0.04252,0.04254,0.04250,0.04254,21461,1753523519999,912.50568,36,11678,496.64128,0
1753523520000,0.04253,0.04254,0.04253,0.04254,15330,1753523579999,652.06985,28,8495,361.37730,0
1753523580000,0.04255,0.04256,0.04255,0.04256,8257,1753523639999,351.33780,20,245,10.42720,0
1753523640000,0.04255,0.04257,0.04255,0.04256,30170,1753523699999,1283.99221,37,5321,226.46728,0
1753523700000,0.04254,0.04254,0.04253,0.04254,17712,1753523759999,753.33626,29,2642,112.39068,0
1753523760000,0.04254,0.04256,0.04254,0.04256,11394,1753523819999,484.75699,28,5154,219.30739,0
1753523820000,0.04255,0.04255,0.04255,0.04255,4650,1753523879999,197.85750,12,0,0,0
1753523880000,0.04256,0.04257,0.04256,0.04257,20523,1753523939999,873.52364,39,15244,648.84940,0
1753523940000,0.04257,0.04258,0.04257,0.04257,31871,1753523999999,1356.76277,27,1430,60.88940,0
1753524000000,0.04256,0.04258,0.04256,0.04258,27047,1753524059999,1151.43838,40,18405,783.56550,0
1753524060000,0.04258,0.04261,0.04258,0.04261,158075,1753524119999,6733.44026,70,100247,4270.60626,0
1753524120000,0.04260,0.04267,0.04260,0.04266,1892005,1753524179999,80696.37172,240,1095904,46736.65767,0
1753524180000,0.04266,0.04266,0.04263,0.04263,767488,1753524239999,32738.92694,68,51858,2210.70891,0
1753524240000,0.04263,0.04263,0.04260,0.0426,179392,1753524299999,7645.10909,37,0,0,0
1753524300000,0.04261,0.04261,0.04260,0.0426,85696,1753524359999,3651.50506,50,60312,2569.89432,0
1753524360000,0.04260,0.04260,0.04260,0.0426,38956,1753524419999,1659.52560,40,18814,801.47640,0
1753524420000,0.04259,0.04261,0.04259,0.04261,44621,1753524479999,1900.70528,50,41392,1763.18217,0
1753524480000,0.04260,0.04260,0.04258,0.04258,55859,1753524539999,2378.63206,41,34684,1476.84472,0
1753524540000,0.04258,0.04259,0.04258,0.04259,30648,1753524599999,1305.26623,29,27439,1168.62701,0
1753524600000,0.04260,0.04262,0.04260,0.04261,32864,1753524659999,1400.27179,48,24186,1030.55030,0
1753524660000,0.04262,0.04263,0.04261,0.04263,53420,1753524719999,2276.76016,64,42468,1809.99173,0
1753524720000,0.04263,0.04263,0.04262,0.04262,56552,1753524779999,2410.39698,31,32084,1367.57082,0
1753524780000,0.04262,0.04262,0.04259,0.0426,70799,1753524839999,3016.81385,34,16528,704.11706,0
1753524840000,0.04260,0.04261,0.04260,0.04261,35509,1753524899999,1512.98979,45,19923,848.87898,0
1753524900000,0.04260,0.04261,0.04260,0.04261,19553,1753524959999,833.11066,30,14244,606.93684,0
1753524960000,0.04261,0.04265,0.04261,0.04265,163044,1753525019999,6950.68967,65,143653,6123.88314,0
1753525020000,0.04264,0.04264,0.04262,0.04262,79152,1753525079999,3374.69780,25,55848,2381.35872,0
1753525080000,0.04262,0.04262,0.04260,0.0426,92121,1753525139999,3926.04232,24,0,0,0
1753525140000,0.04260,0.04262,0.04260,0.04261,27402,1753525199999,1167.58747,40,21691,924.29022,0
1753525200000,0.04261,0.04264,0.04260,0.04263,85268,1753525259999,3633.57864,48,23046,982.28371,0
1753525260000,0.04263,0.04265,0.04262,0.04264,68037,1753525319999,2900.45365,44,6836,291.45261,0
1753525320000,0.04264,0.04264,0.04263,0.04263,53667,1753525379999,2288.33554,24,797,33.98408,0
1753525380000,0.04264,0.04264,0.04262,0.04264,65397,1753525439999,2788.28328,43,40703,1735.49523,0
1753525440000,0.04264,0.04264,0.04263,0.04263,7645,1753525499999,325.91300,20,500,21.32000,0
1753525500000,0.04262,0.04264,0.04262,0.04264,25873,1753525559999,1103.11935,30,4131,176.12645,0
1753525560000,0.04264,0.04264,0.04263,0.04264,55492,1753525619999,2366.07219,33,4177,178.10728,0
1753525620000,0.04264,0.04266,0.04264,0.04265,43245,1753525679999,1844.33301,45,18922,807.02469,0
1753525680000,0.04265,0.04267,0.04265,0.04265,162751,1753525739999,6942.65032,42,3883,165.64328,0
1753525740000,0.04265,0.04265,0.04263,0.04265,50170,1753525799999,2139.42390,25,18833,803.20621,0
1753525800000,0.04265,0.04268,0.04265,0.04267,77027,1753525859999,3285.79079,65,41585,1774.12949,0
1753525860000,0.04267,0.04269,0.04267,0.04269,10429,1753525919999,445.08980,26,4967,212.01639,0
1753525920000,0.04269,0.04272,0.04269,0.04272,132322,1753525979999,5649.68508,86,120815,5158.41822,0
1753525980000,0.04272,0.04276,0.04266,0.04267,1100244,1753526039999,47018.26281,159,766113,32742.25329,0
1753526040000,0.04266,0.04268,0.04266,0.04268,79677,1753526099999,3400.16497,59,37335,1593.11243,0
1753526100000,0.04267,0.04268,0.04267,0.04267,153560,1753526159999,6553.87727,42,25561,1090.94348,0
1753526160000,0.04267,0.04270,0.04267,0.0427,55563,1753526219999,2371.63111,51,50835,2169.88735,0
1753526220000,0.04272,0.04274,0.04271,0.04273,141122,1753526279999,6029.28187,49,110802,4733.79717,0
1753526280000,0.04273,0.04275,0.04271,0.04275,172993,1753526339999,7391.36716,64,147948,6321.39780,0
1753526340000,0.04275,0.04276,0.04274,0.04276,172909,1753526399999,7392.83493,48,35833,1532.20684,0
1753526400000,0.04276,0.04280,0.04273,0.0428,844880,1753526459999,36133.99206,182,509138,21780.79291,0
1753526460000,0.04280,0.04280,0.04272,0.04275,301583,1753526519999,12889.74051,105,191780,8196.25137,0
1753526520000,0.04275,0.04279,0.04275,0.04277,378787,1753526579999,16202.42628,132,232030,9925.74884,0
1753526580000,0.04278,0.04282,0.04278,0.04279,653876,1753526639999,27986.80572,99,585922,25078.19063,0
1753526640000,0.04278,0.04280,0.04276,0.0428,139796,1753526699999,5980.13193,65,73165,3130.00504,0
1753526700000,0.04280,0.04281,0.04274,0.04275,465657,1753526759999,19916.14589,137,79435,3399.64363,0
1753526760000,0.04274,0.04277,0.04274,0.04276,106087,1753526819999,4535.95200,54,36746,1570.95629,0
1753526820000,0.04275,0.04275,0.04272,0.04272,108184,1753526879999,4624.25880,46,6719,287.10287,0
1753526880000,0.04272,0.04272,0.04270,0.0427,77567,1753526939999,3312.96599,36,8042,343.39340,0
1753526940000,0.04269,0.04269,0.04263,0.04264,161240,1753526999999,6877.24124,100,16088,686.23047,0
1753527000000,0.04263,0.04270,0.04262,0.0427,183246,1753527059999,7819.83614,74,142042,6061.31541,0
1753527060000,0.04269,0.04272,0.04268,0.04272,66228,1753527119999,2827.50236,32,40905,1746.25183,0
1753527120000,0.04272,0.04272,0.04271,0.04271,18480,1753527179999,789.45761,31,9161,391.35792,0
1753527180000,0.04272,0.04272,0.04271,0.04271,105542,1753527239999,4508.30054,28,2897,123.75984,0
1753527240000,0.04270,0.04270,0.04268,0.04268,124140,1753527299999,5299.85493,38,69733,2977.43282,0
1753527300000,0.04268,0.04271,0.04268,0.04271,22327,1753527359999,953.45936,28,14030,599.17975,0
1753527360000,0.04270,0.04270,0.04269,0.04269,21484,1753527419999,917.16896,28,10595,452.30055,0
1753527420000,0.04268,0.04269,0.04267,0.04267,22739,1753527479999,970.40543,36,3508,149.75652,0
1753527480000,0.04266,0.04268,0.04266,0.04268,83217,1753527539999,3551.47874,30,80775,3447.30302,0
1753527540000,0.04267,0.04267,0.04261,0.04265,1468171,1753527599999,62593.00567,182,190658,8130.17043,0
1753527600000,0.04266,0.04268,0.04265,0.04266,670300,1753527659999,28597.04346,112,267128,11397.17534,0
1753527660000,0.04265,0.04271,0.04265,0.04271,287665,1753527719999,12280.18914,89,261615,11168.65528,0
1753527720000,0.04271,0.04275,0.04271,0.04273,651944,1753527779999,27858.82464,129,441010,18843.85076,0
1753527780000,0.04274,0.04276,0.04273,0.04275,445738,1753527839999,19053.42866,91,350621,14987.64708,0
1753527840000,0.04276,0.04280,0.04276,0.0428,690418,1753527899999,29538.24646,155,566122,24218.70243,0
1753527900000,0.04280,0.04282,0.04279,0.04279,644732,1753527959999,27604.03374,113,235132,10067.11267,0
1753527960000,0.04278,0.04279,0.04277,0.04279,261399,1753528019999,11182.64333,73,168779,7220.37312,0
1753528020000,0.04279,0.04279,0.04277,0.04277,51411,1753528079999,2199.51040,37,8656,370.30368,0
1753528080000,0.04277,0.04277,0.04275,0.04275,25085,1753528139999,1072.72987,31,0,0,0
1753528140000,0.04275,0.04276,0.04275,0.04276,46857,1753528199999,2003.53316,55,27672,1183.25472,0
1753528200000,0.04277,0.04278,0.04275,0.04276,165146,1753528259999,7062.70312,68,36989,1581.90942,0
1753528260000,0.04275,0.04277,0.04275,0.04277,96348,1753528319999,4120.17406,91,84643,3619.72871,0
1753528320000,0.04278,0.04278,0.04277,0.04277,24783,1753528379999,1059.99925,31,3034,129.79452,0
1753528380000,0.04278,0.04282,0.04277,0.04281,744779,1753528439999,31879.48075,146,517720,22163.52944,0
1753528440000,0.04280,0.04283,0.04279,0.04282,57846,1753528499999,2476.62266,56,25526,1092.95216,0
1753528500000,0.04283,0.04283,0.04281,0.04281,58799,1753528559999,2517.66539,51,3752,160.69816,0
1753528560000,0.04281,0.04281,0.04279,0.04281,197144,1753528619999,8437.73090,58,168669,7219.12705,0
1753528620000,0.04282,0.04283,0.04280,0.0428,86219,1753528679999,3691.58315,64,34788,1489.81597,0
1753528680000,0.04279,0.04280,0.04276,0.04276,108236,1753528739999,4629.31442,62,13769,589.17360,0
1753528740000,0.04277,0.04277,0.04276,0.04276,120448,1753528799999,5150.50193,58,13192,564.15739,0
1753528800000,0.04275,0.04276,0.04273,0.04275,176421,1753528859999,7542.01339,62,59562,2546.31493,0
1753528860000,0.04275,0.04275,0.04268,0.04269,418959,1753528919999,17896.06827,98,35292,1508.04023,0
1753528920000,0.04267,0.04268,0.04264,0.04264,314822,1753528979999,13431.90484,85,42076,1795.45738,0
1753528980000,0.04265,0.04266,0.04262,0.04264,89135,1753529039999,3800.49740,55,25611,1092.36429,0
1753529040000,0.04263,0.04263,0.04261,0.04261,11159,1753529099999,475.56566,20,0,0,0
1753529100000,0.04262,0.04265,0.04262,0.04262,151056,1753529159999,6438.98950,36,50807,2165.46356,0
1753529160000,0.04262,0.04264,0.04262,0.04264,25871,1753529219999,1102.97690,27,16861,718.82033,0
1753529220000,0.04264,0.04264,0.04261,0.04263,81765,1753529279999,3485.47761,44,26532,1130.79622,0
1753529280000,0.04263,0.04263,0.04262,0.04262,21265,1753529339999,906.51521,16,386,16.45518,0
1753529340000,0.04262,0.04265,0.04262,0.04265,20914,1753529399999,891.88992,25,20015,853.57454,0
1753529400000,0.04265,0.04265,0.04254,0.04257,435773,1753529459999,18551.96656,159,100250,4265.67294,0
1753529460000,0.04258,0.04261,0.04258,0.04259,36666,1753529519999,1561.85376,36,7578,322.82557,0
1753529520000,0.04258,0.04262,0.04258,0.04262,94807,1753529579999,4038.85253,57,74695,3181.94999,0
1753529580000,0.04262,0.04265,0.04261,0.04265,55190,1753529639999,2352.29956,34,13625,580.88701,0
1753529640000,0.04265,0.04265,0.04262,0.04264,241449,1753529699999,10294.86223,63,61331,2615.19900,0
1753529700000,0.04264,0.04269,0.04264,0.04266,153769,1753529759999,6563.32403,65,68348,2917.04437,0
1753529760000,0.04266,0.04266,0.04265,0.04265,54706,1753529819999,2333.72854,24,0,0,0
1753529820000,0.04265,0.04267,0.04264,0.04267,75111,1753529879999,3204.11223,52,48040,2049.11873,0
1753529880000,0.04266,0.04266,0.04262,0.04263,61752,1753529939999,2632.54631,27,2518,107.34234,0
1753529940000,0.04262,0.04264,0.04261,0.04264,100670,1753529999999,4291.00463,51,66469,2833.53821,0
1753530000000,0.04264,0.04264,0.04256,0.04257,410610,1753530059999,17487.93050,93,25777,1098.06589,0
1753530060000,0.04258,0.04258,0.04250,0.04252,840499,1753530119999,35741.65087,187,185270,7877.15791,0
1753530120000,0.04252,0.04252,0.04248,0.04248,126122,1753530179999,5360.33076,33,30175,1283.04100,0
1753530180000,0.04247,0.04251,0.04247,0.0425,179445,1753530239999,7624.51360,95,162528,6905.67039,0
1753530240000,0.04249,0.04249,0.04248,0.04249,87140,1753530299999,3702.39089,40,62806,2668.58810,0
1753530300000,0.04250,0.04252,0.04250,0.04252,28332,1753530359999,1204.26577,24,23179,985.17461,0
1753530360000,0.04251,0.04255,0.04249,0.04254,743597,1753530419999,31626.67087,141,632922,26920.21097,0
1753530420000,0.04254,0.04254,0.04250,0.04251,229209,1753530479999,9747.25083,56,8897,378.47838,0
1753530480000,0.04251,0.04251,0.04246,0.0425,199900,1753530539999,8492.81885,51,76763,3261.80757,0
1753530540000,0.04249,0.04252,0.04249,0.04252,98874,1753530599999,4203.64916,32,52695,2240.12759,0
1753530600000,0.04252,0.04255,0.04252,0.04255,73467,1753530659999,3124.08666,26,62855,2672.86442,0
1753530660000,0.04255,0.04256,0.04254,0.04256,42314,1753530719999,1800.75691,28,33499,1425.69570,0
1753530720000,0.04256,0.04256,0.04254,0.04254,89846,1753530779999,3822.93828,20,669,28.46595,0
1753530780000,0.04253,0.04255,0.04253,0.04255,2227,1753530839999,94.74572,11,1843,78.41420,0
1753530840000,0.04256,0.04256,0.04256,0.04256,52001,1753530899999,2213.16256,21,19873,845.79488,0
1753530900000,0.04255,0.04255,0.04254,0.04254,10098,1753530959999,429.57642,13,329,13.99895,0
1753530960000,0.04254,0.04254,0.04252,0.04252,26708,1753531019999,1135.90705,26,0,0,0
1753531020000,0.04252,0.04252,0.04251,0.04251,1832,1753531079999,77.88321,5,136,5.78272,0
1753531080000,0.04251,0.04253,0.04251,0.04252,33080,1753531139999,1406.43843,25,12046,512.23826,0
1753531140000,0.04252,0.04252,0.04251,0.04252,24362,1753531199999,1035.84945,20,390,16.58280,0
1753531200000,0.04253,0.04255,0.04253,0.04255,82795,1753531259999,3522.17478,77,48672,2070.58627,0
1753531260000,0.04256,0.04256,0.04252,0.04254,57633,1753531319999,2451.67777,59,8829,375.53932,0
1753531320000,0.04253,0.04253,0.04250,0.0425,15294,1753531379999,650.32748,20,745,31.66995,0
1753531380000,0.04250,0.04251,0.04246,0.04247,111110,1753531439999,4718.73529,54,9070,385.23071,0
1753531440000,0.04247,0.04248,0.04247,0.04248,48059,1753531499999,2041.06708,45,25755,1093.81620,0
1753531500000,0.04248,0.04248,0.04243,0.04244,294371,1753531559999,12493.38980,115,126827,5382.20915,0
1753531560000,0.04244,0.04244,0.04243,0.04244,38979,1753531619999,1654.25744,13,37847,1606.22668,0
1753531620000,0.04243,0.04243,0.04240,0.04241,49366,1753531679999,2093.74078,27,234,9.92394,0
1753531680000,0.04240,0.04241,0.04239,0.04239,101886,1753531739999,4320.29516,44,43543,1846.65863,0
1753531740000,0.04240,0.04240,0.04234,0.04238,259214,1753531799999,10983.63748,76,140646,5960.85514,0
1753531800000,0.04239,0.04241,0.04239,0.04241,174598,1753531859999,7402.10330,55,18800,797.07638,0
1753531860000,0.04242,0.04242,0.04240,0.04241,51744,1753531919999,2194.64104,51,24224,1027.49109,0
1753531920000,0.04242,0.04244,0.04240,0.04243,95628,1753531979999,4056.23246,64,26453,1122.42006,0
1753531980000,0.04243,0.04244,0.04240,0.04242,28294,1753532039999,1200.21630,27,3672,155.76799,0
1753532040000,0.04243,0.04244,0.04242,0.04243,37489,1753532099999,1590.81031,19,31216,1324.64968,0
1753532100000,0.04244,0.04247,0.04243,0.04247,295811,1753532159999,12558.05574,90,250446,10631.62761,0
1753532160000,0.04247,0.04249,0.04247,0.04247,226969,1753532219999,9642.34128,64,165184,7017.84168,0
1753532220000,0.04247,0.04249,0.04247,0.04249,12117,1753532279999,514.68563,16,9840,417.98006,0
1753532280000,0.04249,0.04249,0.04247,0.04247,26650,1753532339999,1132.12352,23,3924,166.69152,0
1753532340000,0.04248,0.04250,0.04248,0.04249,13647,1753532399999,579.81666,23,6322,268.59480,0
1753532400000,0.04248,0.04251,0.04248,0.04251,210577,1753532459999,8949.54705,52,66576,2829.53596,0
1753532460000,0.04252,0.04254,0.04252,0.04252,127619,1753532519999,5427.84387,34,32812,1395.77678,0
1753532520000,0.04252,0.04254,0.04252,0.04253,14857,1753532579999,631.84599,16,7652,325.46947,0
1753532580000,0.04254,0.04256,0.04252,0.04256,75425,1753532639999,3208.11580,35,21836,928.96677,0
1753532640000,0.04256,0.04258,0.04255,0.04258,74350,1753532699999,3164.85496,28,31992,1361.76950,0
1753532700000,0.04257,0.04258,0.04256,0.04256,123078,1753532759999,5239.17011,39,45496,1936.76815,0
1753532760000,0.04256,0.04256,0.04252,0.04252,79510,1753532819999,3381.97851,43,4078,173.47812,0
1753532820000,0.04251,0.04253,0.04251,0.04253,16241,1753532879999,690.48916,14,8214,349.26139,0
1753532880000,0.04252,0.04252,0.04249,0.04249,50384,1753532939999,2142.01934,26,196,8.33392,0
1753532940000,0.04249,0.04249,0.04248,0.04249,21955,1753532999999,932.86251,21,4930,209.47570,0
1753533000000,0.04249,0.04249,0.04246,0.04246,135775,1753533059999,5767.87360,40,2067,87.82683,0
1753533060000,0.04246,0.04248,0.04246,0.04248,70583,1753533119999,2997.33081,36,37058,1573.60021,0
1753533120000,0.04247,0.04247,0.04246,0.04246,8334,1753533179999,353.87819,7,1302,55.29594,0
1753533180000,0.04245,0.04245,0.04244,0.04244,34433,1753533239999,1461.62413,8,975,41.38875,0
1753533240000,0.04244,0.04244,0.04243,0.04244,236332,1753533299999,10029.46074,52,76437,3243.98628,0
1753533300000,0.04244,0.04247,0.04244,0.04247,109073,1753533359999,4630.41317,55,103496,4393.72529,0
1753533360000,0.04246,0.04252,0.04246,0.04251,217396,1753533419999,9240.39754,66,183101,7782.70626,0
1753533420000,0.04252,0.04255,0.04252,0.04255,66628,1753533479999,2834.02722,38,65824,2799.84114,0
1753533480000,0.04255,0.04255,0.04249,0.0425,256120,1753533539999,10895.60186,52,18028,766.16408,0
1753533540000,0.04251,0.04252,0.04251,0.04251,15847,1753533599999,673.78394,28,6936,294.89195,0
1753533600000,0.04251,0.04254,0.04250,0.04254,184565,1753533659999,7846.81154,72,29276,1244.94003,0
1753533660000,0.04253,0.04255,0.04253,0.04255,11116,1753533719999,472.94668,19,10482,445.98266,0
1753533720000,0.04255,0.04257,0.04255,0.04257,213755,1753533779999,9096.65717,79,79493,3382.77634,0
1753533780000,0.04257,0.04260,0.04257,0.04257,274279,1753533839999,11681.18378,90,196303,8361.15498,0
1753533840000,0.04258,0.04259,0.04258,0.04258,31965,1753533899999,1361.13620,18,18833,801.96911,0
1753533900000,0.04258,0.04259,0.04255,0.04259,258764,1753533959999,11015.60711,74,89610,3815.49384,0
1753533960000,0.04259,0.04261,0.04259,0.04261,84989,1753534019999,3620.93380,48,81620,3477.44809,0
1753534020000,0.04261,0.04263,0.04261,0.04263,242984,1753534079999,10354.35383,52,143519,6115.94963,0
1753534080000,0.04262,0.04264,0.04261,0.04264,95214,1753534139999,4059.38147,45,86265,3677.97502,0
1753534140000,0.04263,0.04265,0.04263,0.04265,28522,1753534199999,1216.27242,26,28396,1210.90104,0
1753534200000,0.04266,0.04267,0.04262,0.04262,321471,1753534259999,13710.98334,70,154472,6588.42872,0
1753534260000,0.04263,0.04264,0.04261,0.04262,184803,1753534319999,7875.29613,32,10558,449.99587,0
1753534320000,0.04262,0.04262,0.04262,0.04262,6262,1753534379999,266.88644,4,0,0,0
1753534380000,0.04262,0.04263,0.04262,0.04262,15084,1753534439999,642.92136,10,4128,175.97664,0
1753534440000,0.04261,0.04262,0.04261,0.04262,420137,1753534499999,17902.05665,19,1908,81.31896,0
1753534500000,0.04262,0.04262,0.04259,0.04259,164482,1753534559999,7008.45290,26,8428,359.19836,0
1753534560000,0.04259,0.04259,0.04255,0.04257,104040,1753534619999,4428.99075,30,56235,2393.37093,0
1753534620000,0.04257,0.04259,0.04257,0.04259,110740,1753534679999,4715.88042,35,54626,2325.99024,0
1753534680000,0.04260,0.04260,0.04259,0.04259,14598,1753534739999,621.78655,11,5773,245.92980,0
1753534740000,0.04258,0.04261,0.04258,0.0426,87934,1753534799999,3746.24816,39,50736,2161.31425,0
1753534800000,0.04261,0.04261,0.04258,0.04258,102043,1753534859999,4347.41996,45,25175,1072.66211,0
1753534860000,0.04258,0.04258,0.04251,0.04251,38954,1753534919999,1658.43904,42,6108,260.07864,0
1753534920000,0.04250,0.04253,0.04250,0.04253,202566,1753534979999,8611.73817,91,191777,8153.12191,0
1753534980000,0.04254,0.04255,0.04252,0.04254,206401,1753535039999,8780.03286,84,85034,3617.53060,0
1753535040000,0.04255,0.04260,0.04255,0.0426,51690,1753535099999,2200.67188,45,42597,1813.39390,0
1753535100000,0.04261,0.04261,0.04258,0.04258,140654,1753535159999,5990.37752,54,85094,3624.12113,0
1753535160000,0.04258,0.04260,0.04257,0.04259,153920,1753535219999,6553.93507,63,112608,4794.89303,0
1753535220000,0.04259,0.04259,0.04256,0.04256,33689,1753535279999,1434.49270,21,9392,400.00528,0
1753535280000,0.04257,0.04259,0.04257,0.04259,122330,1753535339999,5208.80986,56,119450,5086.15066,0
1753535340000,0.04259,0.04263,0.04259,0.0426,279853,1753535399999,11924.35539,87,258616,11019.80548,0
1753535400000,0.04260,0.04260,0.04257,0.04257,19518,1753535459999,831.32613,21,302,12.86520,0
1753535460000,0.04257,0.04260,0.04256,0.0426,38846,1753535519999,1654.06474,39,35591,1515.46209,0
1753535520000,0.04259,0.04259,0.04257,0.04258,39932,1753535579999,1700.49858,29,9680,412.17440,0
1753535580000,0.04258,0.04262,0.04257,0.04262,97071,1753535639999,4135.99430,53,96775,4123.39358,0
1753535640000,0.04262,0.04262,0.04261,0.04261,28947,1753535699999,1233.67384,20,0,0,0
1753535700000,0.04261,0.04261,0.04258,0.04258,80943,1753535759999,3447.60538,32,2971,126.51658,0
1753535760000,0.04258,0.04259,0.04256,0.04256,103786,1753535819999,4420.04434,41,78833,3357.49747,0
1753535820000,0.04255,0.04256,0.04255,0.04256,91228,1753535879999,3881.83647,24,87029,3703.16902,0
1753535880000,0.04255,0.04258,0.04255,0.04258,28356,1753535939999,1206.80001,37,26202,1115.14731,0
1753535940000,0.04259,0.04261,0.04259,0.04259,73313,1753535999999,3123.02156,35,63908,2722.38950,0
1753536000000,0.04259,0.04259,0.04257,0.04257,42032,1753536059999,1790.04982,30,7594,323.42846,0
1753536060000,0.04259,0.04260,0.04258,0.0426,41075,1753536119999,1749.54884,30,36029,1534.68319,0
1753536120000,0.04261,0.04263,0.04261,0.04263,11492,1753536179999,489.72377,23,5167,220.21552,0
1753536180000,0.04262,0.04262,0.04257,0.04257,53063,1753536239999,2261.01940,29,508,21.65096,0
1753536240000,0.04256,0.04257,0.04256,0.04257,18106,1753536299999,770.74300,24,17027,724.82076,0
1753536300000,0.04257,0.04260,0.04257,0.04259,107753,1753536359999,4588.70347,38,55458,2361.47856,0
1753536360000,0.04259,0.04259,0.04255,0.04255,16330,1753536419999,695.27441,22,0,0,0
1753536420000,0.04254,0.04257,0.04254,0.04257,65220,1753536479999,2775.68866,30,61235,2606.14567,0
1753536480000,0.04257,0.04258,0.04256,0.04257,35861,1753536539999,1526.62419,38,4403,187.45209,0
1753536540000,0.04257,0.04257,0.04256,0.04257,8500,1753536599999,361.80738,20,4331,184.37067,0
1753536600000,0.04258,0.04260,0.04258,0.04259,12391,1753536659999,527.72630,27,10148,432.21730,0
1753536660000,0.04259,0.04262,0.04259,0.04261,204165,1753536719999,8699.19192,74,155465,6623.78539,0
1753536720000,0.04259,0.04259,0.04258,0.04258,26292,1753536779999,1119.62457,25,12331,525.05398,0
1753536780000,0.04259,0.04260,0.04257,0.04257,31862,1753536839999,1356.62705,29,12092,515.00384,0
1753536840000,0.04256,0.04257,0.04254,0.04257,75189,1753536899999,3199.96110,57,58266,2479.85874,0
1753536900000,0.04256,0.04256,0.04254,0.04256,49598,1753536959999,2110.73968,36,40717,1732.87836,0
1753536960000,0.04256,0.04258,0.04256,0.04258,107566,1753537019999,4579.73717,63,58580,2494.21283,0
1753537020000,0.04258,0.04261,0.04258,0.04261,46069,1753537079999,1962.40325,37,44207,1883.11929,0
1753537080000,0.04262,0.04264,0.04262,0.04264,17504,1753537139999,746.28701,23,7136,304.21914,0
1753537140000,0.04264,0.04265,0.04264,0.04265,65827,1753537199999,2807.48029,34,60521,2581.22065,0
1753537200000,0.04266,0.04269,0.04266,0.04268,93313,1753537259999,3982.55506,47,39142,1670.61183,0
1753537260000,0.04267,0.04272,0.04267,0.04272,208094,1753537319999,8887.49699,72,205824,8790.63381,0
1753537320000,0.04272,0.04275,0.04272,0.04275,92589,1753537379999,3957.19520,54,90066,3849.41264,0
1753537380000,0.04276,0.04278,0.04275,0.04275,156584,1753537439999,6696.59685,93,54405,2326.62494,0
1753537440000,0.04275,0.04276,0.04275,0.04276,11927,1753537499999,509.88112,14,187,7.99612,0
1753537500000,0.04276,0.04277,0.04275,0.04277,137828,1753537559999,5893.69238,54,134783,5763.49309,0
1753537560000,0.04277,0.04278,0.04271,0.04271,367626,1753537619999,15710.44094,70,146528,6261.89638,0
1753537620000,0.04272,0.04273,0.04266,0.04267,58735,1753537679999,2508.75905,46,44968,1921.06436,0
1753537680000,0.04267,0.04270,0.04267,0.04269,46465,1753537739999,1983.38890,46,42432,1811.28109,0
1753537740000,0.04268,0.04269,0.04265,0.04265,198956,1753537799999,8489.22404,63,19045,812.84022,0
1753537800000,0.04267,0.04270,0.04267,0.0427,73494,1753537859999,3137.91785,35,27956,1193.51823,0
1753537860000,0.04269,0.04269,0.04265,0.04267,40071,1753537919999,1710.01376,35,15629,666.79414,0
1753537920000,0.04265,0.04269,0.04265,0.04269,136518,1753537979999,5826.12392,64,133450,5695.17547,0
1753537980000,0.04268,0.04269,0.04268,0.04268,17110,1753538039999,730.28911,29,3431,146.46939,0
1753538040000,0.04268,0.04269,0.04259,0.04261,2202869,1753538099999,93893.05027,337,507534,21632.36290,0
1753538100000,0.04261,0.04265,0.04261,0.04264,784559,1753538159999,33446.56357,96,779184,33217.37357,0
1753538160000,0.04264,0.04264,0.04256,0.04261,1283565,1753538219999,54662.71240,162,82439,3512.19110,0
1753538220000,0.04260,0.04263,0.04260,0.04261,204133,1753538279999,8698.44569,37,143676,6122.45605,0
1753538280000,0.04261,0.04262,0.04260,0.0426,71415,1753538339999,3042.88330,19,56112,2390.94206,0
1753538340000,0.04259,0.04262,0.04259,0.04262,38306,1753538399999,1632.12103,17,32013,1364.05356,0
1753538400000,0.04263,0.04266,0.04261,0.04264,419752,1753538459999,17893.14037,79,300002,12789.35785,0
1753538460000,0.04264,0.04264,0.04260,0.0426,248656,1753538519999,10598.35569,61,6031,257.10845,0
1753538520000,0.04260,0.04260,0.04254,0.04256,259873,1753538579999,11060.66403,87,144089,6132.32459,0
1753538580000,0.04256,0.04264,0.04255,0.04264,81549,1753538639999,3472.57724,39,73218,3117.59285,0
1753538640000,0.04263,0.04265,0.04263,0.04264,55697,1753538699999,2374.85086,42,10599,452.00804,0
1753538700000,0.04264,0.04266,0.04264,0.04264,150009,1753538759999,6398.08229,55,99914,4261.56876,0
1753538760000,0.04264,0.04267,0.04263,0.04267,165941,1753538819999,7075.92273,50,83273,3551.59243,0
1753538820000,0.04268,0.04273,0.04268,0.04272,54605,1753538879999,2332.05604,36,43138,1842.21693,0
1753538880000,0.04272,0.04272,0.04269,0.04269,22510,1753538939999,961.16578,26,657,28.06266,0
1753538940000,0.04269,0.04274,0.04268,0.04274,78072,1753538999999,3334.47544,35,65551,2799.90642,0
1753539000000,0.04275,0.04277,0.04273,0.04273,84749,1753539059999,3623.61844,38,72134,3084.28177,0
1753539060000,0.04274,0.04278,0.04274,0.04276,116246,1753539119999,4970.89789,87,80012,3421.23361,0
1753539120000,0.04275,0.04275,0.04269,0.04269,66701,1753539179999,2849.07433,29,141,6.02070,0
1753539180000,0.04268,0.04269,0.04268,0.04269,37147,1753539239999,1585.79940,16,36544,1560.06336,0
1753539240000,0.04269,0.04270,0.04268,0.0427,209607,1753539299999,8948.10431,53,76847,3280.73411,0
1753539300000,0.04270,0.04272,0.04269,0.04271,285663,1753539359999,12199.81140,59,266769,11392.94768,0
1753539360000,0.04271,0.04273,0.04269,0.04269,94828,1753539419999,4050.24211,33,66367,2834.91350,0
1753539420000,0.04269,0.04271,0.04268,0.0427,19487,1753539479999,832.01104,21,9474,404.54927,0
1753539480000,0.04270,0.04276,0.04270,0.04276,60158,1753539539999,2570.96373,34,57931,2475.86535,0
1753539540000,0.04275,0.04275,0.04273,0.04273,15390,1753539599999,657.72935,30,4734,202.29102,0
1753539600000,0.04274,0.04274,0.04271,0.04274,94968,1753539659999,4057.64151,38,71932,3073.33742,0
1753539660000,0.04274,0.04275,0.04273,0.04275,41275,1753539719999,1764.15756,44,14627,625.23847,0
1753539720000,0.04276,0.04276,0.04274,0.04274,91744,1753539779999,3921.58245,35,3010,128.64748,0
1753539780000,0.04274,0.04277,0.04273,0.04275,520739,1753539839999,22264.21779,98,490699,20980.16574,0
1753539840000,0.04274,0.04275,0.04273,0.04273,76269,1753539899999,3260.03400,38,1652,70.62300,0
1753539900000,0.04271,0.04271,0.04267,0.04268,265001,1753539959999,11313.51680,71,163280,6971.31357,0
1753539960000,0.04268,0.04268,0.04266,0.04266,45669,1753540019999,1948.72213,33,5775,246.43290,0
1753540020000,0.04265,0.04265,0.04258,0.04261,293040,1753540079999,12485.20868,107,52491,2235.69963,0
1753540080000,0.04260,0.04261,0.04251,0.04251,184620,1753540139999,7855.14611,69,27340,1164.68909,0
1753540140000,0.04252,0.04257,0.04252,0.04257,61760,1753540199999,2626.85503,31,43579,1853.68795,0
1753540200000,0.04257,0.04262,0.04257,0.0426,149739,1753540259999,6377.65030,61,64096,2730.13960,0
1753540260000,0.04261,0.04263,0.04260,0.04262,113414,1753540319999,4832.85552,72,39378,1678.22704,0
1753540320000,0.04262,0.04262,0.04256,0.04256,46716,1753540379999,1989.70409,38,6155,262.04475,0
1753540380000,0.04255,0.04255,0.04253,0.04254,56235,1753540439999,2392.00175,31,54177,2304.45981,0
1753540440000,0.04255,0.04256,0.04246,0.04252,1625812,1753540499999,69095.25129,212,264977,11265.84488,0
1753540500000,0.04252,0.04252,0.04244,0.04245,922836,1753540559999,39194.28368,167,289653,12298.87252,0
1753540560000,0.04245,0.04246,0.04240,0.04242,366583,1753540619999,15554.02443,100,151001,6407.54323,0
1753540620000,0.04243,0.04246,0.04243,0.04244,154635,1753540679999,6564.02820,34,136784,5806.38352,0
1753540680000,0.04242,0.04242,0.04237,0.04239,480936,1753540739999,20385.62389,86,92871,3938.45967,0
1753540740000,0.04239,0.04244,0.04239,0.04244,328407,1753540799999,13928.58365,79,188532,7996.40930,0
1753540800000,0.04244,0.04245,0.04241,0.04241,97003,1753540859999,4116.54811,17,326,13.83870,0
1753540860000,0.04241,0.04243,0.04240,0.04243,155339,1753540919999,6588.45230,73,98361,4172.12084,0
1753540920000,0.04243,0.04245,0.04243,0.04244,73977,1753540979999,3140.14950,30,34899,1481.30524,0
1753540980000,0.04244,0.04245,0.04244,0.04244,15495,1753541039999,657.61231,17,6655,282.44271,0
1753541040000,0.04244,0.04246,0.04244,0.04246,67542,1753541099999,2867.54683,21,67542,2867.54683,0
1753541100000,0.04247,0.04249,0.04247,0.04248,85694,1753541159999,3640.16935,37,62667,2661.81036,0
1753541160000,0.04247,0.04251,0.04247,0.04251,132527,1753541219999,5631.09781,34,70218,2982.99798,0
1753541220000,0.04251,0.04251,0.04249,0.0425,336885,1753541279999,14317.37976,43,221391,9408.97308,0
1753541280000,0.04249,0.04251,0.04247,0.04249,84117,1753541339999,3574.49650,33,54535,2317.44829,0
1753541340000,0.04250,0.04250,0.04250,0.0425,816,1753541399999,34.68000,3,427,18.14750,0
1753541400000,0.04251,0.04257,0.04251,0.04257,184418,1753541459999,7845.57395,66,181121,7705.32846,0
1753541460000,0.04258,0.04260,0.04258,0.04259,217506,1753541519999,9264.42876,61,205610,8757.81173,0
1753541520000,0.04260,0.04267,0.04260,0.04265,125688,1753541579999,5360.90473,41,85720,3656.16985,0
1753541580000,0.04267,0.04269,0.04267,0.04269,138164,1753541639999,5896.94509,39,137015,5847.91169,0
1753541640000,0.04269,0.04269,0.04250,0.04252,1165172,1753541699999,49660.03165,228,211560,9000.02294,0
1753541700000,0.04253,0.04255,0.04249,0.04254,181145,1753541759999,7699.89505,61,21351,907.99518,0
1753541760000,0.04255,0.04255,0.04251,0.04252,137991,1753541819999,5868.14893,42,61038,2595.42191,0
1753541820000,0.04252,0.04254,0.04251,0.04251,45539,1753541879999,1937.15045,23,39913,1697.84892,0
1753541880000,0.04252,0.04254,0.04252,0.04254,51574,1753541939999,2193.28394,23,32578,1385.38406,0
1753541940000,0.04255,0.04255,0.04251,0.04251,26670,1753541999999,1134.01312,19,1625,69.07875,0
1753542000000,0.04250,0.04250,0.04247,0.04249,88741,1753542059999,3769.67687,51,23185,984.96146,0
1753542060000,0.04250,0.04255,0.04250,0.04255,93294,1753542119999,3966.50230,33,85999,3656.27766,0
1753542120000,0.04254,0.04257,0.04254,0.04256,37879,1753542179999,1611.97077,29,19180,816.32835,0
1753542180000,0.04256,0.04256,0.04255,0.04256,77242,1753542239999,3287.34704,52,999,42.51744,0
1753542240000,0.04256,0.04258,0.04255,0.04255,158091,1753542299999,6729.29183,69,45153,1922.18429,0
1753542300000,0.04256,0.04261,0.04256,0.0426,601600,1753542359999,25625.57532,105,593270,25270.71732,0
1753542360000,0.04261,0.04262,0.04256,0.04256,180488,1753542419999,7688.03007,70,65845,2804.69244,0
1753542420000,0.04256,0.04257,0.04255,0.04257,25207,1753542479999,1072.81809,32,15616,664.62669,0
1753542480000,0.04257,0.04257,0.04250,0.04252,60733,1753542539999,2583.41884,26,5020,213.40632,0
1753542540000,0.04251,0.04251,0.04248,0.04248,36492,1753542599999,1550.72569,25,1768,75.15768,0
1753542600000,0.04249,0.04250,0.04246,0.04248,237110,1753542659999,10073.12908,72,108816,4623.28373,0
1753542660000,0.04248,0.04248,0.04241,0.04243,63036,1753542719999,2675.40469,54,13282,563.82759,0
1753542720000,0.04242,0.04242,0.04238,0.0424,217450,1753542779999,9218.17162,76,151811,6435.81841,0
1753542780000,0.04240,0.04243,0.04240,0.04242,72984,1753542839999,3095.47483,35,60428,2562.80317,0
1753542840000,0.04242,0.04242,0.04239,0.04241,551666,1753542899999,23395.68402,42,22954,973.25379,0
1753542900000,0.04241,0.04243,0.04240,0.04243,239907,1753542959999,10176.47211,58,141120,5986.05033,0
1753542960000,0.04242,0.04242,0.04230,0.04238,4021927,1753543019999,170378.94433,323,273337,11576.33129,0
1753543020000,0.04237,0.04239,0.04230,0.0423,773064,1753543079999,32732.88747,110,184515,7817.63644,0
1753543080000,0.04230,0.04236,0.04229,0.04236,197288,1753543139999,8350.43353,56,109263,4625.53949,0
1753543140000,0.04237,0.04242,0.04237,0.04239,45759,1753543199999,1939.83703,26,10583,448.47161,0
1753543200000,0.04239,0.04241,0.04236,0.04238,161281,1753543259999,6837.72555,53,123676,5243.83213,0
1753543260000,0.04238,0.04240,0.04236,0.0424,163607,1753543319999,6934.47583,43,106275,4504.22694,0
1753543320000,0.04240,0.04244,0.04240,0.04244,72562,1753543379999,3078.19671,38,9074,384.89631,0
1753543380000,0.04243,0.04244,0.04240,0.04244,69488,1753543439999,2947.08573,31,6511,276.25662,0
1753543440000,0.04244,0.04245,0.04242,0.04243,99291,1753543499999,4214.18595,31,77903,3306.70412,0
1753543500000,0.04243,0.04249,0.04243,0.04248,109398,1753543559999,4645.33453,46,94852,4027.28842,0
1753543560000,0.04249,0.04253,0.04247,0.04247,74298,1753543619999,3158.71626,37,21568,916.90513,0
1753543620000,0.04246,0.04247,0.04246,0.04246,18063,1753543679999,767.04893,21,10426,442.76357,0
1753543680000,0.04245,0.04245,0.04244,0.04244,17117,1753543739999,726.61183,12,615,26.10675,0
1753543740000,0.04244,0.04244,0.04242,0.04242,28976,1753543799999,1229.66682,15,2942,124.85848,0
1753543800000,0.04243,0.04244,0.04237,0.04244,49012,1753543859999,2078.66994,42,13731,582.34463,0
1753543860000,0.04244,0.04249,0.04244,0.04247,116928,1753543919999,4966.57977,68,54768,2326.66137,0
1753543920000,0.04247,0.04247,0.04243,0.04243,215698,1753543979999,9156.29869,46,31703,1346.09032,0
1753543980000,0.04242,0.04246,0.04242,0.04246,20789,1753544039999,882.15339,27,12396,526.12233,0
1753544040000,0.04247,0.04249,0.04245,0.04247,62085,1753544099999,2636.99145,35,40393,1715.81533,0
1753544100000,0.04248,0.04249,0.04248,0.04249,19907,1753544159999,845.83319,15,1524,64.73952,0
1753544160000,0.04248,0.04248,0.04242,0.04242,13301,1753544219999,564.56202,21,118,5.01146,0
1753544220000,0.04242,0.04244,0.04242,0.04242,87263,1753544279999,3702.07919,36,61812,2622.33831,0
1753544280000,0.04241,0.04242,0.04239,0.04242,14331,1753544339999,607.72671,18,7485,317.36033,0
1753544340000,0.04243,0.04245,0.04241,0.04243,198237,1753544399999,8410.17410,54,20804,882.79976,0
1753544400000,0.04244,0.04246,0.04244,0.04245,73930,1753544459999,3138.29083,29,37803,1604.71145,0
1753544460000,0.04245,0.04245,0.04245,0.04245,35611,1753544519999,1511.68695,42,18952,804.51240,0
1753544520000,0.04246,0.04247,0.04245,0.04246,67154,1753544579999,2851.38503,33,59225,2514.69350,0
1753544580000,0.04245,0.04247,0.04245,0.04247,47201,1753544639999,2004.19351,18,44620,1894.62998,0
1753544640000,0.04245,0.04246,0.04242,0.04242,116762,1753544699999,4956.39104,37,52128,2212.98278,0
1753544700000,0.04242,0.04246,0.04242,0.04245,224702,1753544759999,9538.41209,47,153499,6516.27419,0
1753544760000,0.04245,0.04245,0.04244,0.04245,47436,1753544819999,2013.39658,14,38483,1633.34173,0
1753544820000,0.04245,0.04249,0.04245,0.04245,150783,1753544879999,6402.77265,67,109288,4640.89930,0
1753544880000,0.04245,0.04254,0.04245,0.04254,115255,1753544939999,4898.56978,76,100685,4278.82244,0
1753544940000,0.04253,0.04253,0.04249,0.04249,58402,1753544999999,2482.13415,20,0,0,0
1753545000000,0.04250,0.04254,0.04249,0.04253,244738,1753545059999,10406.65242,68,181776,7730.23209,0
1753545060000,0.04254,0.04256,0.04253,0.04254,118303,1753545119999,5033.07638,53,49660,2112.74542,0
1753545120000,0.04254,0.04254,0.04251,0.04252,68856,1753545179999,2927.86137,48,24245,1031.11332,0
1753545180000,0.04253,0.04254,0.04250,0.0425,77965,1753545239999,3314.90666,28,48407,2057.57928,0
1753545240000,0.04251,0.04256,0.04251,0.04256,154982,1753545299999,6591.98125,45,147616,6278.54874,0
1753545300000,0.04256,0.04256,0.04251,0.04254,115142,1753545359999,4896.51489,32,96666,4111.03448,0
1753545360000,0.04255,0.04255,0.04252,0.04252,26730,1753545419999,1136.94234,16,8004,340.53562,0
1753545420000,0.04252,0.04253,0.04251,0.04252,172665,1753545479999,7342.06656,31,115934,4929.89714,0
1753545480000,0.04251,0.04253,0.04251,0.04253,4306,1753545539999,183.06362,13,1389,59.06195,0
1753545540000,0.04254,0.04257,0.04252,0.04257,99489,1753545599999,4234.00011,38,51764,2203.51923,0
1753545600000,0.04258,0.04263,0.04257,0.04263,554002,1753545659999,23604.89390,91,373301,15905.95933,0
1753545660000,0.04263,0.04263,0.04259,0.04262,442145,1753545719999,18837.08659,130,288226,12279.34422,0
1753545720000,0.04263,0.04266,0.04262,0.04262,237266,1753545779999,10115.84631,67,136158,5805.42722,0
1753545780000,0.04262,0.04263,0.04259,0.0426,200204,1753545839999,8528.63752,55,23075,983.22779,0
1753545840000,0.04260,0.04263,0.04259,0.04263,74898,1753545899999,3191.16602,50,62449,2660.86729,0
1753545900000,0.04265,0.04265,0.04259,0.04262,104272,1753545959999,4444.13585,75,41882,1784.91143,0
1753545960000,0.04262,0.04262,0.04253,0.04254,460521,1753546019999,19609.87475,150,86517,3682.61173,0
1753546020000,0.04254,0.04254,0.04249,0.04249,421146,1753546079999,17908.68126,119,194882,8289.83779,0
1753546080000,0.04250,0.04253,0.04250,0.04251,152908,1753546139999,6500.27373,56,149945,6374.31376,0
1753546140000,0.04250,0.04250,0.04243,0.04247,441056,1753546199999,18726.15973,70,63992,2718.20933,0
1753546200000,0.04246,0.04248,0.04244,0.04244,103164,1753546259999,4381.12774,49,25169,1068.94596,0
1753546260000,0.04243,0.04246,0.04243,0.04245,82064,1753546319999,3482.84378,79,60328,2560.33030,0
1753546320000,0.04245,0.04247,0.04244,0.04247,81782,1753546379999,3471.61839,53,81158,3445.13583,0
1753546380000,0.04246,0.04249,0.04245,0.04249,74063,1753546439999,3145.55416,34,70867,3009.85440,0
1753546440000,0.04249,0.04250,0.04246,0.04247,69774,1753546499999,2964.76770,30,58499,2485.85531,0
1753546500000,0.04246,0.04249,0.04246,0.04249,143765,1753546559999,6107.46705,30,140393,5964.29190,0
1753546560000,0.04250,0.04253,0.04249,0.04252,65931,1753546619999,2802.89330,44,13520,574.78721,0
1753546620000,0.04251,0.04254,0.04250,0.04251,26579,1753546679999,1129.96958,27,16269,691.75728,0
1753546680000,0.04250,0.04251,0.04249,0.04251,7848,1753546739999,333.59413,26,6569,279.23066,0
1753546740000,0.04251,0.04254,0.04250,0.04254,148171,1753546799999,6299.88775,51,92620,3938.96328,0
1753546800000,0.04253,0.04259,0.04252,0.04259,100456,1753546859999,4274.31899,52,73635,3132.97710,0
1753546860000,0.04258,0.04262,0.04258,0.04262,72359,1753546919999,3083.14060,51,52235,2225.54456,0
1753546920000,0.04261,0.04266,0.04260,0.04266,130796,1753546979999,5576.03810,49,123347,5258.63959,0
1753546980000,0.04266,0.04267,0.04263,0.04267,279146,1753547039999,11904.76229,85,76444,3261.27835,0
1753547040000,0.04266,0.04271,0.04266,0.04271,47237,1753547099999,2017.22041,20,40680,1737.39983,0
1753547100000,0.04271,0.04271,0.04265,0.04265,185399,1753547159999,7913.80246,59,90740,3873.66428,0
1753547160000,0.04265,0.04267,0.04263,0.04267,55384,1753547219999,2363.02148,30,43174,1842.08252,0
1753547220000,0.04268,0.04268,0.04264,0.04267,24161,1753547279999,1030.65860,37,9225,393.55375,0
1753547280000,0.04268,0.04269,0.04267,0.04267,32285,1753547339999,1377.82895,27,26060,1112.09946,0
1753547340000,0.04267,0.04267,0.04263,0.04264,34289,1753547399999,1461.87820,26,5176,220.68088,0
1753547400000,0.04265,0.04271,0.04265,0.04271,183288,1753547459999,7821.35677,53,168852,7204.92353,0
1753547460000,0.04270,0.04270,0.04265,0.04266,45685,1753547519999,1950.23148,40,23589,1007.09918,0
1753547520000,0.04266,0.04267,0.04265,0.04267,41578,1753547579999,1773.91525,35,37022,1579.54132,0
1753547580000,0.04267,0.04268,0.04261,0.04262,108159,1753547639999,4611.93314,40,63779,2720.30132,0
1753547640000,0.04260,0.04260,0.04255,0.04255,71290,1753547699999,3034.52280,38,5951,253.32672,0
1753547700000,0.04255,0.04260,0.04253,0.04254,470812,1753547759999,20034.76353,104,40630,1729.32807,0
1753547760000,0.04254,0.04258,0.04253,0.04258,104709,1753547819999,4455.61323,48,92055,3917.04701,0
1753547820000,0.04258,0.04259,0.04254,0.04254,9829,1753547879999,418.36380,21,3700,157.55132,0
1753547880000,0.04254,0.04260,0.04254,0.0426,167762,1753547939999,7144.12545,49,120319,5124.14396,0
1753547940000,0.04259,0.04260,0.04257,0.04257,114128,1753547999999,4860.19971,42,2054,87.48820,0
1753548000000,0.04257,0.04261,0.04257,0.04261,143463,1753548059999,6110.31658,37,82602,3518.24691,0
1753548060000,0.04261,0.04261,0.04258,0.04258,28989,1753548119999,1234.89848,17,2263,96.42643,0
1753548120000,0.04258,0.04263,0.04258,0.04263,45224,1753548179999,1926.02604,59,45224,1926.02604,0
1753548180000,0.04263,0.04265,0.04261,0.04261,14801,1753548239999,631.04187,17,4034,171.94866,0
1753548240000,0.04260,0.04260,0.04257,0.04257,2073,1753548299999,88.27410,10,1042,44.36366,0
1753548300000,0.04258,0.04258,0.04248,0.0425,218977,1753548359999,9312.62960,55,182425,7757.16050,0
1753548360000,0.04249,0.04250,0.04247,0.0425,79436,1753548419999,3374.78180,27,27427,1165.46375,0
1753548420000,0.04250,0.04253,0.04250,0.0425,61184,1753548479999,2600.95570,24,59342,2522.65184,0
1753548480000,0.04250,0.04251,0.04248,0.04251,23679,1753548539999,1006.14927,20,14416,612.57054,0
1753548540000,0.04249,0.04252,0.04249,0.04251,112278,1753548599999,4772.56829,27,63291,2690.48065,0
1753548600000,0.04253,0.04258,0.04253,0.04258,31580,1753548659999,1344.41885,21,19802,842.91161,0
1753548660000,0.04258,0.04262,0.04258,0.04262,12340,1753548719999,525.69903,26,8886,378.54531,0
1753548720000,0.04261,0.04261,0.04259,0.0426,39234,1753548779999,1671.10930,18,1555,66.24299,0
1753548780000,0.04259,0.04259,0.04254,0.04255,35068,1753548839999,1492.38621,18,6796,289.10753,0
1753548840000,0.04255,0.04255,0.04253,0.04253,1580,1753548899999,67.21359,8,901,38.33135,0
1753548900000,0.04254,0.04254,0.04250,0.0425,57296,1753548959999,2436.36416,24,18556,789.18993,0
1753548960000,0.04251,0.04251,0.04250,0.0425,75211,1753549019999,3197.18860,13,68259,2901.69009,0
1753549020000,0.04251,0.04252,0.04250,0.0425,28374,1753549079999,1206.06498,19,17708,752.69681,0
1753549080000,0.04250,0.04252,0.04250,0.04252,33875,1753549139999,1440.32447,16,30890,1313.43843,0
1753549140000,0.04254,0.04257,0.04254,0.04257,58104,1753549199999,2473.32656,24,3996,170.00928,0
1753549200000,0.04256,0.04256,0.04241,0.0425,2755570,1753549259999,117036.24001,431,731225,31058.93842,0
1753549260000,0.04251,0.04253,0.04247,0.04247,283122,1753549319999,12030.93634,104,86406,3672.75083,0
1753549320000,0.04248,0.04249,0.04240,0.0424,410189,1753549379999,17412.05748,111,225176,9560.44960,0
1753549380000,0.04240,0.04243,0.04240,0.04243,242699,1753549439999,10295.44592,56,237930,10093.16187,0
1753549440000,0.04243,0.04246,0.04241,0.04246,345816,1753549499999,14679.00226,85,319587,13565.94011,0
1753549500000,0.04246,0.04246,0.04245,0.04245,19696,1753549559999,836.11375,18,12414,526.97751,0
1753549560000,0.04245,0.04245,0.04239,0.04239,386103,1753549619999,16369.45355,56,0,0,0
1753549620000,0.04238,0.04241,0.04234,0.04238,1246566,1753549679999,52818.92683,164,206391,8744.75977,0
1753549680000,0.04240,0.04242,0.04240,0.0424,115435,1753549739999,4894.74998,36,77743,3296.60918,0
1753549740000,0.04239,0.04239,0.04235,0.04235,66177,1753549799999,2804.31112,30,8416,356.50192,0
1753549800000,0.04235,0.04237,0.04234,0.04235,369386,1753549859999,15644.69368,70,114409,4846.53857,0
1753549860000,0.04235,0.04237,0.04235,0.04237,45973,1753549919999,1947.30164,38,35320,1496.14709,0
1753549920000,0.04238,0.04238,0.04238,0.04238,25571,1753549979999,1083.69898,25,13072,553.99136,0
1753549980000,0.04239,0.04242,0.04239,0.04239,54641,1753550039999,2316.80208,37,38878,1648.44456,0
1753550040000,0.04239,0.04241,0.04239,0.0424,35707,1753550099999,1513.85498,31,29353,1244.44538,0
1753550100000,0.04238,0.04239,0.04237,0.04238,132415,1753550159999,5611.22607,47,109839,4654.61751,0
1753550160000,0.04238,0.04241,0.04238,0.04241,259141,1753550219999,10984.84952,59,15756,668.06952,0
1753550220000,0.04241,0.04241,0.04240,0.0424,135738,1753550279999,5755.46784,26,108112,4583.94880,0
1753550280000,0.04241,0.04245,0.04241,0.04241,41144,1753550339999,1745.21220,31,25947,1100.64079,0
1753550340000,0.04241,0.04242,0.04241,0.04242,40080,1753550399999,1699.82367,17,39349,1668.81465,0
1753550400000,0.04240,0.04245,0.04240,0.04245,10294,1753550459999,436.65416,26,7024,297.95955,0
1753550460000,0.04246,0.04247,0.04244,0.04246,56828,1753550519999,2412.95245,28,33124,1406.62734,0
1753550520000,0.04244,0.04246,0.04244,0.04246,16135,1753550579999,684.88526,13,7812,331.65714,0
1753550580000,0.04247,0.04248,0.04247,0.04248,17085,1753550639999,725.74068,11,17085,725.74068,0
1753550640000,0.04250,0.04252,0.04248,0.04248,96138,1753550699999,4087.05764,33,80581,3425.81125,0
1753550700000,0.04248,0.04249,0.04244,0.04245,94578,1753550759999,4016.22370,37,44382,1884.45302,0
1753550760000,0.04245,0.04246,0.04244,0.04245,7525,1753550819999,319.46116,15,1435,60.92862,0
1753550820000,0.04246,0.04247,0.04246,0.04246,35642,1753550879999,1513.38825,21,23430,994.86529,0
1753550880000,0.04247,0.04250,0.04247,0.04249,99138,1753550939999,4212.01480,28,42727,1815.06638,0
1753550940000,0.04250,0.04251,0.04247,0.04247,45184,1753550999999,1920.59496,23,24665,1048.50915,0
1753551000000,0.04246,0.04248,0.04243,0.04243,34515,1753551059999,1465.36354,28,2272,96.47812,0
1753551060000,0.04243,0.04245,0.04241,0.04243,110944,1753551119999,4708.21867,47,65082,2762.32276,0
1753551120000,0.04242,0.04243,0.04238,0.04239,73046,1753551179999,3096.61453,31,60875,2580.42515,0
1753551180000,0.04239,0.04243,0.04239,0.04242,21114,1753551239999,895.25477,10,15573,660.15733,0
1753551240000,0.04242,0.04242,0.04240,0.0424,16695,1753551299999,707.87980,9,0,0,0
1753551300000,0.04239,0.04243,0.04238,0.04243,56010,1753551359999,2374.63840,36,42797,1814.53237,0
1753551360000,0.04244,0.04247,0.04244,0.04246,175113,1753551419999,7433.34767,53,139597,5925.74584,0
1753551420000,0.04244,0.04244,0.04243,0.04243,14665,1753551479999,622.28812,14,5833,247.49419,0
1753551480000,0.04245,0.04245,0.04240,0.0424,96194,1753551539999,4083.08802,25,80000,3396.00000,0
1753551540000,0.04240,0.04240,0.04239,0.04239,52781,1753551599999,2237.49087,13,10179,431.58960,0
1753551600000,0.04238,0.04241,0.04238,0.04241,69026,1753551659999,2927.10064,29,50123,2125.42441,0
1753551660000,0.04240,0.04241,0.04240,0.0424,50642,1753551719999,2147.22292,12,47388,2009.25332,0
1753551720000,0.04239,0.04239,0.04238,0.04238,24354,1753551779999,1032.22635,34,16854,714.30135,0
1753551780000,0.04238,0.04238,0.04231,0.04233,419076,1753551839999,17744.68438,116,56322,2385.26871,0
1753551840000,0.04234,0.04235,0.04234,0.04235,181174,1753551899999,7671.37794,57,171374,7256.43983,0
1753551900000,0.04235,0.04235,0.04233,0.04234,76129,1753551959999,3223.05646,32,22285,943.57750,0
1753551960000,0.04234,0.04235,0.04234,0.04235,43816,1753552019999,1855.48946,21,27373,1159.24655,0
1753552020000,0.04234,0.04234,0.04232,0.04232,22927,1753552079999,970.65588,13,8845,374.48898,0
1753552080000,0.04232,0.04236,0.04232,0.04236,83999,1753552139999,3556.90788,48,79484,3365.74213,0
1753552140000,0.04235,0.04237,0.04235,0.04237,41918,1753552199999,1775.45225,17,16164,684.77032,0
1753552200000,0.04237,0.04237,0.04235,0.04235,57072,1753552259999,2417.74217,23,6680,282.96722,0
1753552260000,0.04235,0.04237,0.04235,0.04237,28678,1753552319999,1214.76374,34,15240,645.65714,0
1753552320000,0.04236,0.04236,0.04235,0.04235,13447,1753552379999,569.61373,9,0,0,0
1753552380000,0.04234,0.04235,0.04234,0.04235,7144,1753552439999,302.51165,13,7144,302.51165,0
1753552440000,0.04236,0.04236,0.04234,0.04234,44300,1753552499999,1875.91288,30,17286,731.88924,0
1753552500000,0.04235,0.04237,0.04235,0.04237,6035,1753552559999,255.69107,16,6035,255.69107,0
1753552560000,0.04237,0.04239,0.04237,0.04239,43587,1753552619999,1847.27969,13,41729,1768.55623,0
1753552620000,0.04240,0.04241,0.04240,0.0424,110501,1753552679999,4685.75277,30,86297,3659.32659,0
1753552680000,0.04241,0.04242,0.04240,0.0424,46219,1753552739999,1960.51944,18,1982,84.06028,0
1753552740000,0.04241,0.04241,0.04241,0.04241,17365,1753552799999,736.44965,13,4925,208.86925,0
1753552800000,0.04241,0.04241,0.04238,0.04239,120571,1753552859999,5112.02053,74,79623,3376.09443,0
1753552860000,0.04238,0.04238,0.04236,0.04238,63804,1753552919999,2703.75969,50,5330,225.84328,0
1753552920000,0.04239,0.04243,0.04239,0.04243,144114,1753552979999,6113.61258,81,98111,4162.15764,0
1753552980000,0.04243,0.04249,0.04243,0.04248,131989,1753553039999,5602.77459,45,66195,2809.61669,0
1753553040000,0.04249,0.04252,0.04249,0.04252,209575,1753553099999,8908.77512,63,176178,7489.10346,0
1753553100000,0.04253,0.04253,0.04249,0.0425,107977,1753553159999,4591.02287,58,58924,2505.64037,0
1753553160000,0.04250,0.04254,0.04250,0.04254,130022,1753553219999,5529.13860,61,80853,3438.13382,0
1753553220000,0.04254,0.04254,0.04253,0.04253,142507,1753553279999,6062.19626,19,137355,5843.08170,0
1753553280000,0.04253,0.04253,0.04251,0.04252,80465,1753553339999,3421.18521,44,9192,390.84384,0
1753553340000,0.04252,0.04252,0.04248,0.04248,20984,1753553399999,891.91653,24,4700,199.79700,0
1753553400000,0.04247,0.04250,0.04247,0.0425,137205,1753553459999,5828.32398,51,117720,5000.60118,0
1753553460000,0.04250,0.04250,0.04246,0.04247,11835,1753553519999,502.69407,26,3288,139.61928,0
1753553520000,0.04247,0.04247,0.04244,0.04244,46479,1753553579999,1973.34888,56,29580,1255.94514,0
1753553580000,0.04245,0.04248,0.04244,0.04247,88563,1753553639999,3761.12530,71,85983,3651.55996,0
1753553640000,0.04247,0.04248,0.04247,0.04247,46497,1753553699999,1974.74317,27,38467,1633.70086,0
1753553700000,0.04248,0.04248,0.04240,0.04241,65326,1753553759999,2772.59389,61,10794,458.41383,0
1753553760000,0.04241,0.04241,0.04227,0.04228,776168,1753553819999,32862.34903,206,107876,4564.54091,0
1753553820000,0.04227,0.04227,0.04224,0.04227,92003,1753553879999,3887.58681,54,38523,1627.95710,0
1753553880000,0.04227,0.04232,0.04227,0.04232,203351,1753553939999,8602.58301,45,174796,7394.76403,0
1753553940000,0.04232,0.04236,0.04232,0.04234,58027,1753553999999,2456.59238,26,47297,2002.15788,0
1753554000000,0.04235,0.04236,0.04234,0.04234,30843,1753554059999,1306.27982,18,6486,274.74696,0
1753554060000,0.04235,0.04239,0.04233,0.04239,61639,1753554119999,2611.77806,31,48724,2064.90983,0
1753554120000,0.04237,0.04241,0.04237,0.04241,11242,1753554179999,476.35274,13,2212,93.75164,0
1753554180000,0.04242,0.04243,0.04241,0.04243,29803,1753554239999,1264.22921,19,20481,868.87719,0
1753554240000,0.04243,0.04243,0.04243,0.04243,5441,1753554299999,230.86163,10,0,0,0
1753554300000,0.04243,0.04243,0.04238,0.04238,34466,1753554359999,1462.21513,25,24140,1024.26020,0
1753554360000,0.04238,0.04244,0.04238,0.04244,47745,1753554419999,2025.10408,32,44563,1890.16932,0
1753554420000,0.04245,0.04247,0.04244,0.04245,254577,1753554479999,10808.65508,51,240854,10226.23237,0
1753554480000,0.04245,0.04245,0.04243,0.04243,54188,1753554539999,2299.24402,20,52189,2214.40817,0
1753554540000,0.04244,0.04247,0.04244,0.04247,18598,1753554599999,789.61195,16,14135,600.13338,0
1753554600000,0.04247,0.04253,0.04247,0.04253,86559,1753554659999,3678.50605,44,26539,1127.94255,0
1753554660000,0.04253,0.04253,0.04247,0.04248,55705,1753554719999,2366.53843,44,7002,297.55794,0
1753554720000,0.04249,0.04252,0.04249,0.04252,29272,1753554779999,1244.43055,34,6679,283.85322,0
1753554780000,0.04253,0.04254,0.04252,0.04253,293975,1753554839999,12504.50776,72,215025,9146.52401,0
1753554840000,0.04253,0.04255,0.04253,0.04255,36555,1753554899999,1555.18232,22,25926,1103.04054,0
1753554900000,0.04255,0.04256,0.04253,0.04253,134326,1753554959999,5715.41875,58,60489,2573.80695,0
1753554960000,0.04253,0.04257,0.04252,0.04256,394323,1753555019999,16781.29454,86,293344,12483.22505,0
1753555020000,0.04257,0.04257,0.04254,0.04255,40878,1753555079999,1739.99020,28,137,5.82935,0
1753555080000,0.04256,0.04260,0.04256,0.0426,231547,1753555139999,9860.49363,70,220933,9408.76179,0
1753555140000,0.04260,0.04263,0.04260,0.04263,173790,1753555199999,7405.81550,60,151932,6474.44612,0
1753555200000,0.04263,0.04263,0.04262,0.04262,34994,1753555259999,1491.61357,31,3077,131.17251,0
1753555260000,0.04263,0.04267,0.04262,0.04267,462752,1753555319999,19734.14531,104,390370,16648.44002,0
1753555320000,0.04266,0.04269,0.04264,0.04267,381485,1753555379999,16277.92801,92,267581,11417.81204,0
1753555380000,0.04267,0.04268,0.04267,0.04268,96447,1753555439999,4115.83893,41,65771,2806.89401,0
1753555440000,0.04268,0.04271,0.04267,0.04267,337617,1753555499999,14415.07187,70,256965,10972.95248,0
1753555500000,0.04267,0.04269,0.04265,0.04267,238886,1753555559999,10194.81091,72,203666,8691.76811,0
1753555560000,0.04268,0.04271,0.04268,0.04269,164652,1753555619999,7030.47745,48,78963,3371.08349,0
1753555620000,0.04270,0.04274,0.04270,0.04274,40341,1753555679999,1723.33685,31,39856,1702.61765,0
1753555680000,0.04275,0.04276,0.04271,0.04274,296491,1753555739999,12673.24811,58,117666,5030.12689,0
1753555740000,0.04274,0.04280,0.04274,0.0428,231169,1753555799999,9890.01580,48,190150,8134.81279,0
1753555800000,0.04280,0.04280,0.04278,0.04278,59372,1753555859999,2540.80086,37,29049,1243.29720,0
1753555860000,0.04279,0.04282,0.04279,0.04282,315012,1753555919999,13486.73582,63,233557,9999.21323,0
1753555920000,0.04282,0.04282,0.04279,0.04279,37063,1753555979999,1586.21994,22,12787,547.17376,0
1753555980000,0.04280,0.04283,0.04280,0.04282,169749,1753556039999,7269.75187,37,165508,7088.11170,0
1753556040000,0.04283,0.04283,0.04278,0.04278,32750,1753556099999,1402.12440,23,119,5.09677,0
1753556100000,0.04278,0.04278,0.04275,0.04277,77740,1753556159999,3324.48827,32,47531,2032.69282,0
1753556160000,0.04278,0.04280,0.04277,0.0428,116773,1753556219999,4995.24610,54,83737,3582.29235,0
1753556220000,0.04279,0.04279,0.04278,0.04278,27972,1753556279999,1196.66459,15,11866,507.62748,0
1753556280000,0.04277,0.04278,0.04275,0.04275,14433,1753556339999,617.22630,18,877,37.51806,0
1753556340000,0.04274,0.04275,0.04274,0.04275,76359,1753556399999,3263.76781,21,47585,2033.96705,0
1753556400000,0.04276,0.04276,0.04275,0.04276,92792,1753556459999,3967.19721,42,55243,2361.89498,0
1753556460000,0.04276,0.04282,0.04276,0.04282,444077,1753556519999,19000.15681,92,389621,16669.33905,0
1753556520000,0.04282,0.04283,0.04280,0.04283,47922,1753556579999,2051.67620,33,45454,1946.03363,0
1753556580000,0.04283,0.04283,0.04278,0.0428,106716,1753556639999,4567.26515,77,49901,2135.62516,0
1753556640000,0.04279,0.04285,0.04279,0.04283,228535,1753556699999,9785.42577,62,213677,9149.37347,0
1753556700000,0.04283,0.04286,0.04283,0.04286,335839,1753556759999,14390.35280,92,231699,9928.11076,0
1753556760000,0.04287,0.04289,0.04287,0.04288,106049,1753556819999,4547.79084,52,74642,3201.20097,0
1753556820000,0.04288,0.04289,0.04285,0.04285,25741,1753556879999,1103.85888,36,15367,659.03714,0
1753556880000,0.04286,0.04286,0.04283,0.04284,62444,1753556939999,2675.77475,32,56979,2441.63241,0
1753556940000,0.04284,0.04284,0.04283,0.04283,80109,1753556999999,3431.31203,36,66878,2864.62830,0
1753557000000,0.04283,0.04283,0.04280,0.04282,88038,1753557059999,3769.28435,62,64457,2759.75112,0
1753557060000,0.04283,0.04284,0.04281,0.04282,262334,1753557119999,11235.31613,74,198558,8503.85591,0
1753557120000,0.04283,0.04284,0.04283,0.04284,67083,1753557179999,2873.29857,51,65132,2789.71773,0
1753557180000,0.04285,0.04285,0.04284,0.04285,56099,1753557239999,2403.64778,50,42681,1828.82066,0
1753557240000,0.04285,0.04286,0.04284,0.04286,257718,1753557299999,11043.18428,51,93043,3986.93929,0
1753557300000,0.04286,0.04289,0.04286,0.04289,129338,1753557359999,5545.72520,56,105989,4544.49465,0
1753557360000,0.04290,0.04290,0.04287,0.04287,35515,1753557419999,1523.40495,34,15846,679.79340,0
1753557420000,0.04286,0.04286,0.04282,0.04284,70155,1753557479999,3005.14915,50,40302,1726.29704,0
1753557480000,0.04285,0.04294,0.04285,0.04292,425978,1753557539999,18277.60619,122,410744,17623.95612,0
1753557540000,0.04292,0.04292,0.04287,0.04287,97820,1753557599999,4196.51632,46,2849,122.21865,0
1753557600000,0.04286,0.04287,0.04285,0.04287,27135,1753557659999,1162.93690,33,17432,747.13004,0
1753557660000,0.04288,0.04288,0.04284,0.04284,66697,1753557719999,2857.99132,19,5522,236.62700,0
1753557720000,0.04284,0.04284,0.04282,0.04282,9630,1753557779999,412.37103,15,411,17.60538,0
1753557780000,0.04281,0.04284,0.04281,0.04284,55159,1753557839999,2361.73614,37,33606,1439.05053,0
1753557840000,0.04285,0.04288,0.04285,0.04285,46568,1753557899999,1995.99951,23,19068,817.35587,0
1753557900000,0.04284,0.04290,0.04284,0.04288,36104,1753557959999,1547.79245,27,18135,777.18437,0
1753557960000,0.04288,0.04288,0.04285,0.04286,34099,1753558019999,1461.61035,23,9792,419.68592,0
1753558020000,0.04287,0.04291,0.04286,0.04291,30536,1753558079999,1309.31966,23,28673,1229.47148,0
1753558080000,0.04292,0.04296,0.04292,0.04292,119735,1753558139999,5142.47025,33,103762,4456.80545,0
1753558140000,0.04292,0.04292,0.04290,0.0429,39059,1753558199999,1676.14119,18,6697,287.43524,0
1753558200000,0.04291,0.04299,0.04291,0.04297,131844,1753558259999,5665.03053,86,77432,3326.95851,0
1753558260000,0.04296,0.04296,0.04290,0.0429,79921,1753558319999,3429.97882,34,7800,335.07672,0
1753558320000,0.04290,0.04292,0.04286,0.04287,609235,1753558379999,26132.52107,117,341473,14650.36216,0
1753558380000,0.04287,0.04294,0.04287,0.04294,245023,1753558439999,10512.40944,226,216881,9304.85314,0
1753558440000,0.04294,0.04294,0.04292,0.04293,194948,1753558499999,8369.67106,53,176415,7574.12177,0
1753558500000,0.04294,0.04294,0.04290,0.04291,107098,1753558559999,4595.56604,26,550,23.60566,0
1753558560000,0.04291,0.04291,0.04290,0.04291,56838,1753558619999,2438.65110,41,36487,1565.55763,0
1753558620000,0.04292,0.04292,0.04291,0.04291,8432,1753558679999,361.82324,10,5928,254.37660,0
1753558680000,0.04290,0.04292,0.04290,0.04291,135181,1753558739999,5800.76749,66,95821,4111.91655,0
1753558740000,0.04291,0.04292,0.04290,0.04292,17381,1753558799999,745.90454,22,15127,649.18540,0
1753558800000,0.04293,0.04294,0.04289,0.04289,75645,1753558859999,3246.80241,34,15145,650.09235,0
1753558860000,0.04289,0.04289,0.04287,0.04288,403258,1753558919999,17290.11435,76,67918,2912.32384,0
1753558920000,0.04289,0.04289,0.04289,0.04289,9922,1753558979999,425.55458,8,9733,417.44837,0
1753558980000,0.04288,0.04292,0.04288,0.04292,73945,1753559039999,3172.96533,33,68537,2941.00564,0
1753559040000,0.04292,0.04296,0.04292,0.04296,78707,1753559099999,3380.45482,29,75386,3237.89706,0
1753559100000,0.04295,0.04297,0.04295,0.04297,45292,1753559159999,1945.85925,32,35426,1522.06261,0
1753559160000,0.04297,0.04300,0.04295,0.04297,221708,1753559219999,9528.98388,71,176879,7602.24516,0
1753559220000,0.04296,0.04296,0.04292,0.04292,64194,1753559279999,2756.62849,29,44744,1921.47048,0
1753559280000,0.04292,0.04296,0.04292,0.04294,160945,1753559339999,6909.37599,86,72983,3133.45740,0
1753559340000,0.04295,0.04297,0.04295,0.04297,8276,1753559399999,355.51669,9,7017,301.44264,0
1753559400000,0.04296,0.04299,0.04295,0.04298,105418,1753559459999,4529.28103,95,28646,1231.04761,0
1753559460000,0.04298,0.04299,0.04293,0.04295,1279913,1753559519999,54969.74498,216,208967,8972.36244,0
1753559520000,0.04295,0.04297,0.04293,0.04293,264149,1753559579999,11343.88249,89,123833,5318.75406,0
1753559580000,0.04293,0.04297,0.04293,0.04297,37005,1753559639999,1589.01922,31,22946,985.43303,0
1753559640000,0.04297,0.04297,0.04296,0.04297,5604,1753559699999,240.79781,4,4997,214.72109,0
1753559700000,0.04297,0.04298,0.04296,0.04296,59981,1753559759999,2577.02879,66,3818,164.06420,0
1753559760000,0.04296,0.04296,0.04293,0.04293,83307,1753559819999,3576.80476,33,5794,248.73642,0
1753559820000,0.04293,0.04295,0.04292,0.04294,21039,1753559879999,903.49130,18,4949,212.55107,0
1753559880000,0.04294,0.04295,0.04294,0.04294,30675,1753559939999,1317.24857,19,7453,320.09589,0
1753559940000,0.04293,0.04294,0.04292,0.04294,35837,1753559999999,1538.46419,21,17921,769.39509,0
1753560000000,0.04294,0.04299,0.04292,0.04292,918615,1753560059999,39467.04573,153,758965,32610.14695,0
1753560060000,0.04293,0.04293,0.04292,0.04292,135070,1753560119999,5797.82098,44,74058,3179.18594,0
1753560120000,0.04292,0.04293,0.04290,0.0429,177132,1753560179999,7602.06403,52,74668,3204.75311,0
1753560180000,0.04290,0.04290,0.04285,0.04287,139807,1753560239999,5992.20081,162,34276,1469.17579,0
1753560240000,0.04287,0.04299,0.04287,0.04295,2690338,1753560299999,115508.83693,407,2456973,105484.93131,0
1753560300000,0.04295,0.04295,0.04292,0.04293,61052,1753560359999,2621.43839,32,22178,952.11508,0
1753560360000,0.04293,0.04294,0.04289,0.04289,57889,1753560419999,2483.72566,15,3704,159.04976,0
1753560420000,0.04290,0.04294,0.04290,0.04294,138940,1753560479999,5962.45603,64,134936,5790.65937,0
1753560480000,0.04293,0.04293,0.04290,0.0429,61265,1753560539999,2628.49215,32,20770,891.05091,0
1753560540000,0.04291,0.04292,0.04290,0.04292,26225,1753560599999,1125.34095,25,23930,1026.88545,0
1753560600000,0.04293,0.04295,0.04292,0.04293,137554,1753560659999,5905.16881,60,61748,2650.87321,0
1753560660000,0.04294,0.04295,0.04294,0.04295,217450,1753560719999,9337.88240,83,106504,4573.86116,0
1753560720000,0.04295,0.04295,0.04295,0.04295,98303,1753560779999,4222.11385,38,35070,1506.25650,0
1753560780000,0.04294,0.04295,0.04293,0.04294,151472,1753560839999,6504.53088,43,56085,2408.76686,0
1753560840000,0.04294,0.04295,0.04291,0.04291,61289,1753560899999,2631.32033,62,153,6.57135,0
1753560900000,0.04291,0.04292,0.04290,0.0429,67428,1753560959999,2892.83089,56,5005,214.76639,0
1753560960000,0.04290,0.04292,0.04290,0.04292,55612,1753561019999,2386.48641,45,44173,1895.65008,0
1753561020000,0.04292,0.04292,0.04290,0.0429,63673,1753561079999,2732.04243,71,18831,807.84990,0
1753561080000,0.04289,0.04289,0.04286,0.04288,17018,1753561139999,729.78426,31,5445,233.44783,0
1753561140000,0.04288,0.04290,0.04288,0.04289,54457,1753561199999,2335.34518,41,43130,1849.63580,0
1753561200000,0.04291,0.04292,0.04287,0.04288,696654,1753561259999,29875.77947,95,11066,474.84374,0
1753561260000,0.04288,0.04288,0.04285,0.04285,105113,1753561319999,4505.52019,30,10158,435.39039,0
1753561320000,0.04286,0.04286,0.04286,0.04286,28609,1753561379999,1226.18174,20,8701,372.92486,0
1753561380000,0.04286,0.04288,0.04286,0.04288,69360,1753561439999,2973.31204,17,69360,2973.31204,0
1753561440000,0.04288,0.04288,0.04285,0.04285,49923,1753561499999,2139.96671,29,735,31.49475,0
1753561500000,0.04286,0.04287,0.04281,0.04281,189691,1753561559999,8128.55540,41,74403,3188.73245,0
1753561560000,0.04282,0.04285,0.04282,0.04285,209546,1753561619999,8977.01595,48,207494,8889.14359,0
1753561620000,0.04286,0.04287,0.04284,0.04284,648037,1753561679999,27769.73854,78,207089,8877.05956,0
1753561680000,0.04283,0.04286,0.04283,0.04285,230613,1753561739999,9882.22052,53,216108,9260.82035,0
1753561740000,0.04286,0.04288,0.04281,0.04281,684008,1753561799999,29309.87882,66,189872,8139.63833,0
1753561800000,0.04282,0.04286,0.04282,0.04286,580693,1753561859999,24876.03636,97,325879,13961.96165,0
1753561860000,0.04286,0.04287,0.04285,0.04286,112588,1753561919999,4825.37841,54,42968,1841.54524,0
1753561920000,0.04286,0.04286,0.04284,0.04284,14552,1753561979999,623.43730,11,0,0,0
1753561980000,0.04285,0.04289,0.04285,0.04289,69298,1753562039999,2970.98360,38,69013,2958.76850,0
1753562040000,0.04289,0.04290,0.04289,0.0429,11704,1753562099999,502.08555,21,10099,433.24710,0
1753562100000,0.04291,0.04294,0.04291,0.04294,84929,1753562159999,3645.62480,37,77906,3344.20258,0
1753562160000,0.04293,0.04293,0.04291,0.04291,11928,1753562219999,511.98292,17,0,0,0
1753562220000,0.04291,0.04291,0.04290,0.0429,12724,1753562279999,545.87998,12,2038,87.45058,0
1753562280000,0.04291,0.04292,0.04291,0.04292,40816,1753562339999,1751.48630,31,40816,1751.48630,0
1753562340000,0.04293,0.04294,0.04291,0.04291,51569,1753562399999,2214.17062,22,41547,1783.96378,0
1753562400000,0.04291,0.04292,0.04289,0.0429,41117,1753562459999,1764.02532,28,10700,459.09552,0
1753562460000,0.04289,0.04289,0.04289,0.04289,15163,1753562519999,650.34107,30,0,0,0
1753562520000,0.04289,0.04290,0.04288,0.0429,57127,1753562579999,2450.18727,68,28329,1215.09554,0
1753562580000,0.04290,0.04290,0.04290,0.0429,1750,1753562639999,75.07500,9,0,0,0
1753562640000,0.04290,0.04290,0.04289,0.0429,53371,1753562699999,2289.51481,54,4679,200.72910,0
1753562700000,0.04291,0.04291,0.04290,0.0429,19790,1753562759999,849.08706,20,9606,412.19346,0
1753562760000,0.04290,0.04290,0.04288,0.0429,86273,1753562819999,3701.07104,65,29784,1277.69745,0
1753562820000,0.04290,0.04290,0.04282,0.04282,160888,1753562879999,6895.21415,100,0,0,0
1753562880000,0.04282,0.04282,0.04281,0.04281,56709,1753562939999,2427.95578,54,29747,1273.46907,0
1753562940000,0.04281,0.04282,0.04280,0.04281,49228,1753562999999,2107.44041,60,16545,708.32826,0
1753563000000,0.04281,0.04282,0.04281,0.04282,25342,1753563059999,1085.10823,12,20461,876.14002,0
1753563060000,0.04282,0.04283,0.04282,0.04282,39042,1753563119999,1671.77984,33,140,5.99620,0
1753563120000,0.04281,0.04281,0.04279,0.0428,41669,1753563179999,1783.22559,21,1057,45.23960,0
1753563180000,0.04280,0.04280,0.04279,0.04279,4701,1753563239999,201.20090,12,0,0,0
1753563240000,0.04279,0.04281,0.04278,0.04281,22593,1753563299999,966.74129,17,12901,552.04685,0
1753563300000,0.04281,0.04281,0.04278,0.04279,76783,1753563359999,3285.27184,32,10308,441.07932,0
1753563360000,0.04279,0.04279,0.04276,0.04277,6743,1753563419999,288.38393,13,2879,123.13604,0
1753563420000,0.04277,0.04281,0.04277,0.04279,45763,1753563479999,1957.98902,26,22295,953.65862,0
1753563480000,0.04279,0.04279,0.04279,0.04279,0,1753563539999,0,0,0,0,0
1753563540000,0.04279,0.04279,0.04277,0.04277,24145,1753563599999,1032.91248,16,0,0,0
1753563600000,0.04275,0.04277,0.04274,0.04275,65306,1753563659999,2791.72858,77,9580,409.57509,0
1753563660000,0.04275,0.04276,0.04271,0.04273,112772,1753563719999,4820.14817,49,27079,1157.31099,0
1753563720000,0.04272,0.04273,0.04272,0.04273,72586,1753563779999,3101.59713,32,55295,2362.75535,0
1753563780000,0.04272,0.04273,0.04272,0.04273,28118,1753563839999,1201.47276,14,17464,746.23672,0
1753563840000,0.04272,0.04272,0.04271,0.04271,21988,1753563899999,939.32472,8,0,0,0
1753563900000,0.04271,0.04273,0.04271,0.04272,84236,1753563959999,3598.95907,49,19049,813.86753,0
1753563960000,0.04271,0.04272,0.04271,0.04271,32357,1753564019999,1382.02584,22,5837,249.35664,0
1753564020000,0.04272,0.04273,0.04272,0.04273,26226,1753564079999,1120.45428,15,26226,1120.45428,0
1753564080000,0.04273,0.04276,0.04273,0.04275,61059,1753564139999,2609.56191,42,46224,1975.43076,0
1753564140000,0.04274,0.04274,0.04272,0.04272,42788,1753564199999,1828.50429,29,2404,102.69888,0
1753564200000,0.04272,0.04272,0.04272,0.04272,20951,1753564259999,895.02672,9,394,16.83168,0
1753564260000,0.04272,0.04273,0.04272,0.04273,16397,1753564319999,700.48316,19,332,14.18636,0
1753564320000,0.04272,0.04272,0.04270,0.0427,100701,1753564379999,4300.81509,98,3159,134.95248,0
1753564380000,0.04269,0.04269,0.04268,0.04268,14383,1753564439999,614.00753,24,0,0,0
1753564440000,0.04269,0.04271,0.04267,0.04267,228041,1753564499999,9737.74859,88,151845,6484.34499,0
1753564500000,0.04268,0.04270,0.04268,0.0427,134408,1753564559999,5738.70753,42,68283,2915.18737,0
1753564560000,0.04271,0.04271,0.04270,0.0427,379670,1753564619999,16214.00375,84,32175,1374.07816,0
1753564620000,0.04271,0.04272,0.04271,0.04271,9626,1753564679999,411.12881,16,3324,141.97039,0
1753564680000,0.04272,0.04272,0.04270,0.0427,29621,1753564739999,1265.18915,28,11704,499.99488,0
1753564740000,0.04270,0.04271,0.04269,0.04269,91525,1753564799999,3908.31670,53,70848,3025.27250,0
1753564800000,0.04270,0.04271,0.04270,0.0427,36924,1753564859999,1576.89280,8,24213,1034.13310,0
1753564860000,0.04270,0.04273,0.04269,0.04273,59287,1753564919999,2531.86535,39,16805,717.88647,0
1753564920000,0.04273,0.04275,0.04271,0.04271,395498,1753564979999,16902.00800,67,248276,10611.45526,0
1753564980000,0.04272,0.04273,0.04272,0.04273,31349,1753565039999,1339.49773,21,7274,310.77298,0
1753565040000,0.04273,0.04273,0.04273,0.04273,15956,1753565099999,681.79988,14,15815,675.77495,0
1753565100000,0.04274,0.04275,0.04274,0.04275,88351,1753565159999,3776.27894,55,49057,2096.81940,0
1753565160000,0.04276,0.04276,0.04273,0.04275,28210,1753565219999,1205.82876,27,16669,712.52908,0
1753565220000,0.04274,0.04277,0.04273,0.04275,231895,1753565279999,9916.40405,54,231513,9900.07696,0
1753565280000,0.04275,0.04279,0.04275,0.04279,17228,1753565339999,736.59345,20,8660,370.31145,0
1753565340000,0.04278,0.04278,0.04275,0.04275,56602,1753565399999,2420.82483,30,2340,100.10520,0
1753565400000,0.04276,0.04278,0.04276,0.04277,61667,1753565459999,2637.80810,31,14760,631.24563,0
1753565460000,0.04277,0.04278,0.04277,0.04278,2280,1753565519999,97.53551,10,1991,85.17498,0
1753565520000,0.04277,0.04278,0.04277,0.04278,392,1753565579999,16.76839,2,255,10.90890,0
1753565580000,0.04277,0.04277,0.04277,0.04277,3365,1753565639999,143.92105,6,0,0,0
1753565640000,0.04277,0.04278,0.04277,0.04278,32175,1753565699999,1376.41099,33,28483,1218.50274,0
1753565700000,0.04280,0.04280,0.04278,0.04278,26599,1753565759999,1138.16372,17,367,15.70760,0
1753565760000,0.04278,0.04279,0.04278,0.04279,9560,1753565819999,409.04170,8,6490,277.70710,0
1753565820000,0.04278,0.04281,0.04278,0.0428,43713,1753565879999,1870.60617,40,42731,1828.59055,0
1753565880000,0.04280,0.04283,0.04279,0.04283,116005,1753565939999,4966.72772,64,107679,4610.37859,0
1753565940000,0.04282,0.04285,0.04282,0.04285,127878,1753565999999,5478.17955,33,122401,5243.58729,0
1753566000000,0.04286,0.04286,0.04282,0.04282,86948,1753566059999,3724.56970,32,6467,277.17115,0
1753566060000,0.04282,0.04282,0.04282,0.04282,8258,1753566119999,353.60756,15,0,0,0
1753566120000,0.04283,0.04283,0.04282,0.04282,64254,1753566179999,2751.49960,49,32067,1373.25226,0
1753566180000,0.04281,0.04282,0.04281,0.04282,14689,1753566239999,628.97634,17,14025,600.55050,0
1753566240000,0.04281,0.04284,0.04281,0.04283,82707,1753566299999,3542.33651,50,72514,3105.95784,0
1753566300000,0.04284,0.04285,0.04283,0.04285,9872,1753566359999,422.97543,18,8508,364.53059,0
1753566360000,0.04285,0.04285,0.04284,0.04284,51064,1753566419999,2188.05358,15,0,0,0
1753566420000,0.04284,0.04284,0.04283,0.04283,7177,1753566479999,307.46133,12,0,0,0
1753566480000,0.04283,0.04283,0.04283,0.04283,897,1753566539999,38.41851,2,897,38.41851,0
1753566540000,0.04282,0.04287,0.04282,0.04287,116286,1753566599999,4983.05788,66,112472,4819.70920,0
1753566600000,0.04285,0.04286,0.04284,0.04284,15966,1753566659999,683.99448,13,302,12.94372,0
1753566660000,0.04285,0.04287,0.04284,0.04286,56096,1753566719999,2404.65132,30,54171,2322.15172,0
1753566720000,0.04286,0.04286,0.04286,0.04286,1318,1753566779999,56.48948,4,0,0,0
1753566780000,0.04286,0.04286,0.04286,0.04286,9299,1753566839999,398.55514,9,0,0,0
1753566840000,0.04287,0.04292,0.04286,0.04292,120501,1753566899999,5171.13660,58,120380,5165.95054,0
1753566900000,0.04293,0.04295,0.04293,0.04295,58020,1753566959999,2491.78098,46,45810,1967.48481,0
1753566960000,0.04295,0.04296,0.04291,0.04292,190202,1753567019999,8166.11678,61,31028,1332.36508,0
1753567020000,0.04292,0.04293,0.04292,0.04293,24180,1753567079999,1038.02438,17,21878,939.22254,0
1753567080000,0.04293,0.04296,0.04293,0.04295,84709,1753567139999,3638.03601,51,82629,3548.74161,0
1753567140000,0.04295,0.04297,0.04294,0.04294,55478,1753567199999,2383.76447,29,51225,2201.11245,0
1753567200000,0.04293,0.04298,0.04293,0.04297,99192,1753567259999,4260.17762,64,83999,3607.54219,0
1753567260000,0.04298,0.04301,0.04297,0.04297,532553,1753567319999,22899.53122,124,255454,10985.15325,0
1753567320000,0.04297,0.04298,0.04292,0.04292,437268,1753567379999,18778.92839,126,126878,5449.96112,0
1753567380000,0.04293,0.04297,0.04293,0.04296,60645,1753567439999,2605.22495,42,48806,2096.55425,0
1753567440000,0.04297,0.04298,0.04296,0.04298,60871,1753567499999,2615.88255,47,54845,2356.97432,0
1753567500000,0.04299,0.04301,0.04296,0.04296,630944,1753567559999,27110.69218,93,507667,21812.44069,0
1753567560000,0.04297,0.04300,0.04297,0.043,150433,1753567619999,6465.27505,51,148941,6401.11905,0
1753567620000,0.04301,0.04304,0.04300,0.04303,26606,1753567679999,1144.54156,36,22003,946.48929,0
1753567680000,0.04303,0.04303,0.04301,0.04302,33395,1753567739999,1436.73371,16,11614,499.63428,0
1753567740000,0.04301,0.04303,0.04301,0.04303,60197,1753567799999,2589.77404,39,51495,2215.42754,0
1753567800000,0.04303,0.04304,0.04303,0.04304,26760,1753567859999,1151.68488,27,20208,869.75232,0
1753567860000,0.04304,0.04308,0.04301,0.04301,222694,1753567919999,9587.23659,107,112942,4862.96630,0
1753567920000,0.04302,0.04303,0.04296,0.04297,273698,1753567979999,11763.19950,45,14877,639.69516,0
1753567980000,0.04298,0.04300,0.04298,0.043,50560,1753568039999,2173.44402,32,44502,1913.01060,0
1753568040000,0.04301,0.04302,0.04296,0.04297,76664,1753568099999,3294.70968,30,8300,356.81400,0
1753568100000,0.04298,0.04298,0.04292,0.04293,39153,1753568159999,1682.01880,42,19450,835.74385,0
1753568160000,0.04293,0.04293,0.04290,0.0429,23399,1753568219999,1004.25957,10,511,21.93723,0
1753568220000,0.04290,0.04291,0.04289,0.04291,76849,1753568279999,3296.90455,41,57220,2454.93850,0
1753568280000,0.04291,0.04297,0.04291,0.04297,98550,1753568339999,4232.28351,48,98285,4220.91108,0
1753568340000,0.04297,0.04303,0.04296,0.04303,301568,1753568399999,12963.59453,87,246817,10611.37360,0
1753568400000,0.04303,0.04303,0.04299,0.04299,53091,1753568459999,2283.54255,21,3477,149.54887,0
1753568460000,0.04299,0.04302,0.04298,0.04302,86004,1753568519999,3698.09467,50,79524,3419.55333,0
1753568520000,0.04302,0.04307,0.04302,0.04306,163038,1753568579999,7019.22432,70,92997,4003.08733,0
1753568580000,0.04307,0.04309,0.04307,0.04309,214387,1753568639999,9234.12048,48,50719,2184.70516,0
1753568640000,0.04308,0.04318,0.04307,0.04311,574567,1753568699999,24785.40036,178,224415,9679.43263,0
1753568700000,0.04313,0.04317,0.04307,0.04308,409057,1753568759999,17641.26906,137,124474,5369.06831,0
1753568760000,0.04309,0.04310,0.04298,0.04299,380683,1753568819999,16383.22867,123,105996,4564.31132,0
1753568820000,0.04299,0.04299,0.04293,0.04295,278133,1753568879999,11943.36040,60,53647,2304.68560,0
1753568880000,0.04295,0.04295,0.04284,0.04284,338853,1753568939999,14535.27263,76,39089,1676.38420,0
1753568940000,0.04283,0.04283,0.04281,0.04281,74572,1753568999999,3193.14929,48,13575,581.24860,0
1753569000000,0.04281,0.04286,0.04277,0.04284,199202,1753569059999,8529.32068,93,127191,5445.70965,0
1753569060000,0.04284,0.04286,0.04282,0.04282,174016,1753569119999,7454.50146,82,113085,4845.07840,0
1753569120000,0.04282,0.04285,0.04280,0.0428,208302,1753569179999,8921.20762,79,115318,4940.03442,0
1753569180000,0.04281,0.04281,0.04276,0.04276,88975,1753569239999,3807.19926,48,3690,157.96890,0
1753569240000,0.04276,0.04280,0.04276,0.0428,52240,1753569299999,2235.13636,51,45669,1953.98041,0
1753569300000,0.04282,0.04282,0.04280,0.04281,21436,1753569359999,917.66375,22,2365,101.24875,0
1753569360000,0.04280,0.04280,0.04275,0.04275,56525,1753569419999,2418.14405,33,536,22.91853,0
1753569420000,0.04275,0.04277,0.04274,0.04277,103896,1753569479999,4442.46622,57,87109,3724.91366,0
1753569480000,0.04277,0.04277,0.04274,0.04275,120769,1753569539999,5162.96783,49,18535,792.67753,0
1753569540000,0.04276,0.04278,0.04275,0.04278,23947,1753569599999,1024.11707,26,18197,778.30457,0
1753569600000,0.04279,0.04279,0.04274,0.04274,159415,1753569659999,6815.57104,91,4508,192.72237,0
1753569660000,0.04273,0.04274,0.04272,0.04274,198865,1753569719999,8498.38924,84,124968,5340.84903,0
1753569720000,0.04274,0.04276,0.04274,0.04276,52992,1753569779999,2265.87857,50,11849,506.60389,0
1753569780000,0.04277,0.04281,0.04277,0.04281,152627,1753569839999,6531.07187,64,96625,4134.81760,0
1753569840000,0.04280,0.04280,0.04278,0.04278,35785,1753569899999,1531.28909,32,320,13.68960,0
1753569900000,0.04278,0.04279,0.04276,0.04276,67069,1753569959999,2869.04185,33,7093,303.37077,0
1753569960000,0.04277,0.04277,0.04275,0.04275,62644,1753570019999,2679.16967,30,38928,1664.95056,0
1753570020000,0.04277,0.04278,0.04277,0.04278,10042,1753570079999,429.55900,15,3899,166.76146,0
1753570080000,0.04277,0.04277,0.04277,0.04277,10866,1753570139999,464.73882,13,1047,44.78019,0
1753570140000,0.04278,0.04281,0.04278,0.04281,20135,1753570199999,861.61528,23,20135,861.61528,0
1753570200000,0.04281,0.04282,0.04277,0.04278,67527,1753570259999,2890.36019,34,13432,575.01770,0
1753570260000,0.04278,0.04279,0.04278,0.04279,3807,1753570319999,162.89702,13,3356,143.60324,0
1753570320000,0.04279,0.04279,0.04277,0.04277,37933,1753570379999,1622.96383,16,0,0,0
1753570380000,0.04277,0.04277,0.04275,0.04275,12159,1753570439999,520.00125,10,0,0,0
1753570440000,0.04275,0.04276,0.04275,0.04276,5921,1753570499999,253.17355,13,5080,217.22080,0
1753570500000,0.04275,0.04276,0.04274,0.04274,6838,1753570559999,292.31404,19,195,8.33820,0
1753570560000,0.04274,0.04275,0.04270,0.04273,537543,1753570619999,22958.63280,113,229551,9804.93102,0
1753570620000,0.04274,0.04276,0.04274,0.04274,36441,1753570679999,1558.04131,27,26697,1141.41315,0
1753570680000,0.04274,0.04275,0.04274,0.04275,16990,1753570739999,726.16272,10,16990,726.16272,0
1753570740000,0.04274,0.04276,0.04274,0.04276,7779,1753570799999,332.55301,17,5175,221.24097,0
1753570800000,0.04277,0.04277,0.04275,0.04276,39487,1753570859999,1688.28631,55,24368,1041.92626,0
1753570860000,0.04277,0.04278,0.04275,0.04275,40271,1753570919999,1722.23591,39,3118,133.35686,0
1753570920000,0.04275,0.04276,0.04272,0.04273,79336,1753570979999,3391.06926,45,52683,2251.60740,0
1753570980000,0.04274,0.04275,0.04274,0.04274,4902,1753571039999,209.51281,12,3805,162.62703,0
1753571040000,0.04274,0.04276,0.04274,0.04276,65479,1753571099999,2799.70884,33,41671,1781.67876,0
1753571100000,0.04276,0.04277,0.04275,0.04275,3317,1753571159999,141.83456,9,3103,132.68606,0
1753571160000,0.04275,0.04275,0.04274,0.04274,34736,1753571219999,1484.86909,21,3508,149.96700,0
1753571220000,0.04275,0.04275,0.04268,0.04269,113034,1753571279999,4825.06910,49,1380,58.94492,0
1753571280000,0.04269,0.04272,0.04268,0.04272,89122,1753571339999,3806.32505,45,78000,3331.42727,0
1753571340000,0.04272,0.04272,0.04269,0.0427,130021,1753571399999,5552.55508,39,46215,1973.94474,0
1753571400000,0.04271,0.04273,0.04271,0.04272,65007,1753571459999,2777.36976,40,64772,2767.33056,0
1753571460000,0.04272,0.04273,0.04272,0.04273,87375,1753571519999,3733.17100,52,61028,2607.36369,0
1753571520000,0.04274,0.04274,0.04272,0.04272,40932,1753571579999,1749.34217,40,15558,664.94892,0
1753571580000,0.04272,0.04273,0.04272,0.04273,8661,1753571639999,370.04880,23,3909,167.03157,0
1753571640000,0.04272,0.04272,0.04268,0.04268,3195,1753571699999,136.42321,11,0,0,0
1753571700000,0.04268,0.04268,0.04265,0.04266,39583,1753571759999,1688.53600,32,9575,408.55689,0
1753571760000,0.04266,0.04266,0.04264,0.04266,17968,1753571819999,766.38206,24,7192,306.77543,0
1753571820000,0.04267,0.04267,0.04264,0.04264,27366,1753571879999,1167.42582,15,2628,112.11048,0
1753571880000,0.04263,0.04266,0.04263,0.04264,39004,1753571939999,1663.48130,25,6941,296.04466,0
1753571940000,0.04264,0.04264,0.04260,0.04263,202138,1753571999999,8613.93473,63,8420,358.95470,0
1753572000000,0.04263,0.04264,0.04261,0.04261,33207,1753572059999,1415.59473,14,18256,778.36923,0
1753572060000,0.04262,0.04266,0.04262,0.04266,151059,1753572119999,6439.94775,34,139338,5940.06068,0
1753572120000,0.04266,0.04267,0.04266,0.04267,17345,1753572179999,739.95333,21,1703,72.66561,0
1753572180000,0.04268,0.04268,0.04266,0.04266,9791,1753572239999,417.76858,11,1923,82.03766,0
1753572240000,0.04267,0.04267,0.04267,0.04267,1152,1753572299999,49.15584,5,750,32.00250,0
1753572300000,0.04267,0.04268,0.04265,0.04265,10586,1753572359999,451.62447,15,1730,73.82033,0
1753572360000,0.04265,0.04265,0.04262,0.04262,58276,1753572419999,2484.47628,20,5169,220.35447,0
1753572420000,0.04263,0.04263,0.04263,0.04263,2456,1753572479999,104.69928,8,2456,104.69928,0
1753572480000,0.04264,0.04265,0.04261,0.04263,95373,1753572539999,4065.05419,41,22769,970.97610,0
1753572540000,0.04264,0.04264,0.04263,0.04263,16408,1753572599999,699.59278,12,2661,113.46504,0
1753572600000,0.04263,0.04263,0.04260,0.0426,168228,1753572659999,7167.49680,33,4248,181.01065,0
1753572660000,0.04260,0.04261,0.04256,0.04256,108373,1753572719999,4616.36231,30,17129,729.84573,0
1753572720000,0.04257,0.04257,0.04255,0.04255,10523,1753572779999,447.85848,21,3359,142.99263,0
1753572780000,0.04256,0.04257,0.04255,0.04256,37368,1753572839999,1590.22514,21,6283,267.44625,0
1753572840000,0.04257,0.04258,0.04257,0.04257,8282,1753572899999,352.59185,16,5109,217.51724,0
1753572900000,0.04257,0.04259,0.04255,0.04259,163350,1753572959999,6953.83502,58,136775,5822.94651,0
1753572960000,0.04260,0.04260,0.04260,0.0426,23608,1753573019999,1005.70080,12,16631,708.48060,0
1753573020000,0.04259,0.04259,0.04257,0.04257,11145,1753573079999,474.59738,10,0,0,0
1753573080000,0.04258,0.04258,0.04256,0.04256,9608,1753573139999,409.00477,9,378,16.09524,0
1753573140000,0.04256,0.04257,0.04256,0.04256,19459,1753573199999,828.25319,19,4735,201.56895,0
1753573200000,0.04256,0.04257,0.04256,0.04257,30459,1753573259999,1296.50434,30,14848,632.02062,0
1753573260000,0.04256,0.04258,0.04256,0.04258,33542,1753573319999,1427.97018,43,4166,177.34662,0
1753573320000,0.04257,0.04257,0.04255,0.04256,46544,1753573379999,1981.08623,65,1045,44.48307,0
1753573380000,0.04255,0.04255,0.04252,0.04253,90573,1753573439999,3851.93754,56,4172,177.43516,0
1753573440000,0.04253,0.04253,0.04251,0.04251,22592,1753573499999,960.63130,18,0,0,0
1753573500000,0.04252,0.04252,0.04245,0.04245,224217,1753573559999,9526.26867,97,13328,566.26523,0
1753573560000,0.04245,0.04245,0.04241,0.04243,535794,1753573619999,22730.42507,125,194219,8240.46825,0
1753573620000,0.04244,0.04245,0.04244,0.04244,15153,1753573679999,643.21591,16,5317,225.67937,0
1753573680000,0.04244,0.04248,0.04244,0.04248,47649,1753573739999,2023.17378,28,36703,1558.21114,0
1753573740000,0.04247,0.04249,0.04247,0.04247,46061,1753573799999,1956.48821,40,5559,236.14869,0
1753573800000,0.04247,0.04248,0.04245,0.04245,75310,1753573859999,3198.33325,31,7019,298.10824,0
1753573860000,0.04245,0.04245,0.04243,0.04245,48657,1753573919999,2065.10435,43,14285,606.27807,0
1753573920000,0.04246,0.04246,0.04246,0.04246,6671,1753573979999,283.25066,17,4855,206.14330,0
1753573980000,0.04247,0.04247,0.04246,0.04247,15603,1753574039999,662.65656,15,15318,650.55546,0
1753574040000,0.04247,0.04248,0.04245,0.04245,22412,1753574099999,951.75717,24,1718,72.98064,0
1753574100000,0.04245,0.04245,0.04241,0.04241,138201,1753574159999,5863.49396,65,3944,167.40780,0
1753574160000,0.04242,0.04245,0.04242,0.04245,204415,1753574219999,8671.39507,23,199222,8451.10452,0
1753574220000,0.04244,0.04244,0.04244,0.04244,1429,1753574279999,60.64676,5,0,0,0
1753574280000,0.04245,0.04246,0.04244,0.04244,16817,1753574339999,713.80271,19,2412,102.40496,0
1753574340000,0.04244,0.04248,0.04244,0.04248,41166,1753574399999,1747.69454,28,27038,1148.04534,0
1753574400000,0.04247,0.04250,0.04247,0.04247,319084,1753574459999,13557.11356,70,41279,1753.72066,0
1753574460000,0.04247,0.04249,0.04245,0.04249,108614,1753574519999,4612.60356,58,45764,1943.77469,0
1753574520000,0.04249,0.04250,0.04249,0.04249,85652,1753574579999,3639.56665,64,26520,1127.03144,0
1753574580000,0.04248,0.04248,0.04245,0.04245,45956,1753574639999,1951.54955,40,8577,364.26519,0
1753574640000,0.04245,0.04245,0.04245,0.04245,2410,1753574699999,102.30450,6,0,0,0
1753574700000,0.04245,0.04249,0.04244,0.04249,311370,1753574759999,13221.45179,97,221449,9404.08980,0
1753574760000,0.04248,0.04255,0.04248,0.04255,37394,1753574819999,1589.53504,38,35778,1520.88312,0
1753574820000,0.04255,0.04255,0.04252,0.04252,54596,1753574879999,2322.57466,45,0,0,0
1753574880000,0.04252,0.04257,0.04252,0.04253,351378,1753574939999,14953.73305,63,316435,13467.02737,0
1753574940000,0.04252,0.04252,0.04250,0.04252,238413,1753574999999,10135.09238,34,183304,7792.28465,0
1753575000000,0.04253,0.04257,0.04253,0.04257,32220,1753575059999,1370.96374,32,31309,1332.20843,0
1753575060000,0.04257,0.04258,0.04256,0.04257,204379,1753575119999,8701.77063,95,43743,1862.29019,0
1753575120000,0.04256,0.04257,0.04255,0.04257,142230,1753575179999,6053.32689,43,27085,1152.75986,0
1753575180000,0.04256,0.04256,0.04252,0.04255,60924,1753575239999,2592.05884,57,13482,573.52618,0
1753575240000,0.04255,0.04256,0.04254,0.04255,219622,1753575299999,9346.58611,35,202140,8602.74016,0
1753575300000,0.04254,0.04254,0.04253,0.04253,10838,1753575359999,461.03455,16,6336,269.53344,0
1753575360000,0.04254,0.04254,0.04251,0.04254,191988,1753575419999,8164.90221,77,109731,4666.55474,0
1753575420000,0.04255,0.04257,0.04253,0.04257,146586,1753575479999,6236.04607,41,137716,5858.66573,0
1753575480000,0.04257,0.04258,0.04257,0.04257,33523,1753575539999,1427.07565,16,154,6.55732,0
1753575540000,0.04258,0.04259,0.04256,0.04256,139113,1753575599999,5924.14215,49,120706,5140.51141,0
1753575600000,0.04256,0.04258,0.04256,0.04258,11210,1753575659999,477.13029,19,11088,471.93797,0
1753575660000,0.04258,0.04260,0.04257,0.04259,30666,1753575719999,1305.95497,37,25481,1085.19719,0
1753575720000,0.04259,0.04260,0.04256,0.04257,56376,1753575779999,2400.85228,24,7729,329.02894,0
1753575780000,0.04256,0.04256,0.04254,0.04254,13044,1753575839999,554.94469,14,0,0,0
1753575840000,0.04255,0.04256,0.04251,0.04251,19949,1753575899999,848.41883,24,5159,219.52626,0
1753575900000,0.04252,0.04252,0.04244,0.04244,96064,1753575959999,4082.28651,39,78390,3331.36178,0
1753575960000,0.04244,0.04244,0.04242,0.04242,241098,1753576019999,10227.86309,60,105722,4484.75894,0
1753576020000,0.04243,0.04249,0.04243,0.04249,108425,1753576079999,4601.25465,35,108425,4601.25465,0
1753576080000,0.04250,0.04251,0.04247,0.04248,24557,1753576139999,1043.50868,25,3138,133.34543,0
1753576140000,0.04246,0.04248,0.04246,0.04248,11368,1753576199999,482.84698,24,9641,409.51856,0
1753576200000,0.04249,0.04251,0.04247,0.04248,116290,1753576259999,4941.48996,93,70503,2995.73236,0
1753576260000,0.04249,0.04249,0.04246,0.04247,71474,1753576319999,3035.87742,50,37168,1578.80887,0
1753576320000,0.04246,0.04248,0.04246,0.04248,43987,1753576379999,1868.24722,42,43085,1829.94830,0
1753576380000,0.04247,0.04250,0.04247,0.0425,43677,1753576439999,1855.74907,42,43262,1838.12402,0
1753576440000,0.04252,0.04255,0.04252,0.04253,126682,1753576499999,5388.61641,59,61458,2613.54491,0
1753576500000,0.04252,0.04252,0.04250,0.0425,41643,1753576559999,1770.55876,18,0,0,0
1753576560000,0.04250,0.04250,0.04247,0.04248,36226,1753576619999,1539.03527,45,20426,867.70406,0
1753576620000,0.04248,0.04249,0.04248,0.04249,60782,1753576679999,2582.39006,50,60157,2555.83882,0
1753576680000,0.04249,0.04251,0.04249,0.04249,28583,1753576739999,1214.62536,37,17569,746.58712,0
1753576740000,0.04249,0.04249,0.04248,0.04248,41088,1753576799999,1745.47404,49,32930,1398.91728,0
1753576800000,0.04249,0.04250,0.04248,0.0425,19356,1753576859999,822.51713,33,17737,753.72093,0
1753576860000,0.04250,0.04250,0.04246,0.04248,49301,1753576919999,2094.31738,64,11426,485.28150,0
1753576920000,0.04248,0.04248,0.04246,0.04246,64994,1753576979999,2760.10339,69,32319,1372.49188,0
1753576980000,0.04245,0.04249,0.04245,0.04249,49153,1753577039999,2087.39538,52,26777,1137.21623,0
1753577040000,0.04248,0.04248,0.04242,0.04246,1038892,1753577099999,44096.73537,125,29000,1231.34000,0
1753577100000,0.04245,0.04246,0.04241,0.04241,478165,1753577159999,20289.91121,109,37437,1588.78792,0
1753577160000,0.04242,0.04243,0.04241,0.04243,108058,1753577219999,4584.40813,41,93800,3979.46363,0
1753577220000,0.04242,0.04242,0.04240,0.04241,81691,1753577279999,3464.67471,38,45688,1937.64110,0
1753577280000,0.04240,0.04242,0.04239,0.04242,186314,1753577339999,7900.84220,77,51272,2174.44970,0
1753577340000,0.04242,0.04245,0.04241,0.04242,49436,1753577399999,2097.86389,43,35930,1524.77280,0
1753577400000,0.04243,0.04246,0.04242,0.04246,43402,1753577459999,1842.18604,37,41707,1770.23202,0
1753577460000,0.04245,0.04250,0.04245,0.0425,36607,1753577519999,1554.67545,37,35645,1513.83855,0
1753577520000,0.04251,0.04254,0.04251,0.04254,184048,1753577579999,7827.53102,52,172289,7327.30316,0
1753577580000,0.04253,0.04253,0.04250,0.04252,22029,1753577639999,936.66571,32,6430,273.39742,0
1753577640000,0.04253,0.04254,0.04249,0.04249,37840,1753577699999,1608.66359,29,4546,193.36482,0
1753577700000,0.04249,0.04249,0.04246,0.04248,95150,1753577759999,4041.30663,28,79677,3384.18074,0
1753577760000,0.04249,0.04251,0.04249,0.04251,16395,1753577819999,696.79434,32,15735,668.75094,0
1753577820000,0.04251,0.04255,0.04251,0.04255,14531,1753577879999,617.90941,23,10712,455.56372,0
1753577880000,0.04254,0.04256,0.04248,0.04254,1191921,1753577939999,50675.87119,185,469587,19980.11546,0
1753577940000,0.04255,0.04257,0.04254,0.04257,52500,1753577999999,2233.94256,25,9614,409.15369,0
1753578000000,0.04256,0.04261,0.04256,0.04261,129593,1753578059999,5521.24493,70,51191,2180.56001,0
1753578060000,0.04261,0.04261,0.04255,0.04255,86969,1753578119999,3702.72473,49,4570,194.49920,0
1753578120000,0.04254,0.04254,0.04250,0.04251,41953,1753578179999,1783.47840,32,33793,1436.54047,0
1753578180000,0.04251,0.04251,0.04248,0.04248,17027,1753578239999,723.55818,23,1302,55.34294,0
1753578240000,0.04245,0.04246,0.04244,0.04245,44645,1753578299999,1895.21226,47,38790,1646.67902,0
1753578300000,0.04245,0.04246,0.04244,0.04246,179840,1753578359999,7634.26536,65,172487,7322.14254,0
1753578360000,0.04247,0.04250,0.04247,0.0425,60689,1753578419999,2578.43589,51,42832,1819.69698,0
1753578420000,0.04251,0.04255,0.04251,0.04254,30494,1753578479999,1296.98643,29,15655,665.82479,0
1753578480000,0.04255,0.04261,0.04255,0.04261,37506,1753578539999,1597.73978,34,27605,1175.92533,0
1753578540000,0.04262,0.04264,0.04259,0.0426,90723,1753578599999,3866.42982,65,55449,2363.59274,0
1753578600000,0.04260,0.04264,0.04259,0.04264,28384,1753578659999,1209.41166,37,22912,976.27560,0
1753578660000,0.04263,0.04265,0.04262,0.04265,34919,1753578719999,1488.79182,51,21191,903.48923,0
1753578720000,0.04264,0.04265,0.04264,0.04264,8485,1753578779999,361.81837,19,1797,76.64205,0
1753578780000,0.04265,0.04268,0.04264,0.04268,90460,1753578839999,3859.35879,75,35453,1512.47499,0
1753578840000,0.04267,0.04267,0.04265,0.04266,81426,1753578899999,3473.34315,54,9047,385.90843,0
1753578900000,0.04267,0.04269,0.04267,0.04268,83298,1753578959999,3555.37901,61,65423,2792.33297,0
1753578960000,0.04267,0.04267,0.04262,0.04265,176532,1753579019999,7529.57503,42,20919,891.96489,0
1753579020000,0.04266,0.04271,0.04266,0.04269,54345,1753579079999,2319.82266,34,43300,1848.31397,0
1753579080000,0.04268,0.04271,0.04267,0.0427,65947,1753579139999,2815.21733,42,43910,1874.78426,0
1753579140000,0.04269,0.04272,0.04269,0.04271,593905,1753579199999,25360.33511,76,132565,5661.17864,0
1753579200000,0.04272,0.04273,0.04269,0.04269,137896,1753579259999,5891.80369,55,130640,5581.95329,0
1753579260000,0.04269,0.04271,0.04267,0.04267,29795,1753579319999,1272.17113,30,17428,744.20594,0
1753579320000,0.04267,0.04270,0.04265,0.0427,246790,1753579379999,10529.78352,52,120697,5150.59226,0
1753579380000,0.04270,0.04273,0.04269,0.0427,262418,1753579439999,11209.14315,114,83747,3577.71981,0
1753579440000,0.04271,0.04272,0.04270,0.04271,57380,1753579499999,2450.93462,22,52599,2246.73977,0
1753579500000,0.04271,0.04273,0.04270,0.04271,213985,1753579559999,9138.10855,61,36914,1576.94371,0
1753579560000,0.04271,0.04273,0.04270,0.04271,109338,1753579619999,4670.34799,33,59665,2548.81076,0
1753579620000,0.04270,0.04270,0.04268,0.04269,200218,1753579679999,8548.67456,35,69853,2982.35702,0
1753579680000,0.04268,0.04269,0.04267,0.04269,32964,1753579739999,1407.05427,32,19688,840.46251,0
1753579740000,0.04270,0.04270,0.04269,0.0427,15865,1753579799999,677.42696,22,14892,635.88840,0
1753579800000,0.04270,0.04270,0.04264,0.04265,100442,1753579859999,4285.56283,49,21275,907.78765,0
1753579860000,0.04265,0.04265,0.04262,0.04262,22901,1753579919999,976.45274,23,0,0,0
1753579920000,0.04261,0.04264,0.04259,0.04264,101088,1753579979999,4307.33516,74,84189,3587.11050,0
1753579980000,0.04263,0.04264,0.04262,0.04264,31807,1753580039999,1356.09036,42,28522,1216.07137,0
1753580040000,0.04265,0.04266,0.04264,0.04266,94847,1753580099999,4045.23760,49,60469,2579.02385,0
1753580100000,0.04267,0.04268,0.04267,0.04268,95229,1753580159999,4064.21228,51,90173,3848.47276,0
1753580160000,0.04268,0.04270,0.04267,0.04267,50956,1753580219999,2175.07151,49,25080,1070.60734,0
1753580220000,0.04268,0.04268,0.04266,0.04266,27581,1753580279999,1177.06922,25,20268,865.03824,0
1753580280000,0.04266,0.04272,0.04266,0.04272,74831,1753580339999,3194.61376,49,72412,3091.41408,0
1753580340000,0.04273,0.04274,0.04268,0.04268,22888,1753580399999,977.82957,26,5860,250.43090,0
1753580400000,0.04268,0.04269,0.04266,0.04267,35711,1753580459999,1524.02160,39,22601,964.56061,0
1753580460000,0.04267,0.04269,0.04267,0.04269,21731,1753580519999,927.51662,25,21419,914.20358,0
1753580520000,0.04269,0.04270,0.04268,0.04269,41681,1753580579999,1779.46031,61,11303,482.61874,0
1753580580000,0.04270,0.04270,0.04267,0.04268,32067,1753580639999,1368.76848,42,18043,770.15348,0
1753580640000,0.04267,0.04267,0.04265,0.04266,7750,1753580699999,330.61705,11,2685,114.54210,0
1753580700000,0.04266,0.04266,0.04261,0.04262,57117,1753580759999,2434.82475,49,28246,1204.19161,0
1753580760000,0.04262,0.04262,0.04257,0.04259,109037,1753580819999,4643.73511,40,7399,315.23714,0
1753580820000,0.04260,0.04263,0.04260,0.04263,104667,1753580879999,4460.48439,50,87650,3735.21368,0
1753580880000,0.04262,0.04264,0.04261,0.04264,15616,1753580939999,665.62845,30,12366,527.12628,0
1753580940000,0.04263,0.04266,0.04262,0.04266,14225,1753580999999,606.57333,32,11550,492.55171,0
1753581000000,0.04267,0.04267,0.04263,0.04263,37522,1753581059999,1600.38736,34,21295,908.37225,0
1753581060000,0.04263,0.04263,0.04261,0.04262,7805,1753581119999,332.63281,20,4657,198.48134,0
1753581120000,0.04262,0.04262,0.04259,0.04261,49144,1753581179999,2093.63638,33,44099,1878.68314,0
1753581180000,0.04262,0.04265,0.04262,0.04265,44536,1753581239999,1898.80778,32,36395,1551.83836,0
1753581240000,0.04266,0.04266,0.04263,0.04263,164207,1753581299999,7001.74465,34,39853,1699.35044,0
1753581300000,0.04264,0.04264,0.04260,0.0426,13101,1753581359999,558.50462,12,8003,341.24792,0
1753581360000,0.04261,0.04261,0.04259,0.04259,24486,1753581419999,1043.10656,13,4076,173.67836,0
1753581420000,0.04259,0.04259,0.04258,0.04258,5542,1753581479999,235.99587,8,1751,74.57509,0
1753581480000,0.04258,0.04261,0.04258,0.0426,83029,1753581539999,3537.35087,39,42259,1800.32745,0
1753581540000,0.04258,0.04259,0.04258,0.04259,9124,1753581599999,388.58993,7,3286,139.95074,0
1753581600000,0.04259,0.04261,0.04257,0.04261,130309,1753581659999,5551.00297,47,119794,5103.23920,0
1753581660000,0.04261,0.04262,0.04260,0.04261,104929,1753581719999,4471.39953,63,59448,2533.18373,0
1753581720000,0.04260,0.04261,0.04259,0.04261,50038,1753581779999,2131.61836,36,34156,1455.12563,0
1753581780000,0.04260,0.04261,0.04255,0.04255,89457,1753581839999,3809.76952,39,58127,2476.17551,0
1753581840000,0.04255,0.04256,0.04253,0.04255,26215,1753581899999,1115.21946,33,11472,488.12090,0
1753581900000,0.04256,0.04256,0.04255,0.04255,60554,1753581959999,2577.16140,39,54826,2333.39456,0
1753581960000,0.04255,0.04255,0.04255,0.04255,1694,1753582019999,72.07970,9,0,0,0
1753582020000,0.04253,0.04253,0.04246,0.04249,1472429,1753582079999,62549.64030,236,187464,7964.28341,0
1753582080000,0.04250,0.04251,0.04249,0.04251,267459,1753582139999,11368.71192,57,235238,9999.10548,0
1753582140000,0.04252,0.04256,0.04252,0.04256,428894,1753582199999,18241.37206,85,420940,17903.02324,0
1753582200000,0.04257,0.04257,0.04256,0.04257,32567,1753582259999,1386.27295,33,916,38.99412,0
1753582260000,0.04258,0.04260,0.04258,0.0426,98872,1753582319999,4211.34482,72,35442,1509.46178,0
1753582320000,0.04259,0.04265,0.04259,0.04264,414960,1753582379999,17682.17601,39,407398,17359.95403,0
1753582380000,0.04265,0.04266,0.04265,0.04265,82772,1753582439999,3530.62873,72,9642,411.26446,0
1753582440000,0.04265,0.04266,0.04264,0.04266,38407,1753582499999,1638.39935,41,27119,1156.87759,0
1753582500000,0.04267,0.04271,0.04266,0.04271,57881,1753582559999,2471.30859,46,54094,2309.69293,0
1753582560000,0.04272,0.04275,0.04272,0.04275,14103,1753582619999,602.69185,22,12975,554.49187,0
1753582620000,0.04276,0.04277,0.04276,0.04276,108387,1753582679999,4634.63901,56,84900,3630.33489,0
1753582680000,0.04277,0.04277,0.04272,0.04272,126905,1753582739999,5424.05793,70,53903,2303.60977,0
1753582740000,0.04273,0.04274,0.04272,0.04272,11322,1753582799999,483.85967,21,3636,155.37287,0
1753582800000,0.04272,0.04274,0.04272,0.04274,122681,1753582859999,5241.96019,35,120689,5156.84514,0
1753582860000,0.04273,0.04274,0.04271,0.04274,27344,1753582919999,1168.33978,36,19108,816.48277,0
1753582920000,0.04275,0.04278,0.04274,0.04274,83605,1753582979999,3575.71743,36,59469,2543.37484,0
1753582980000,0.04275,0.04275,0.04271,0.04271,70682,1753583039999,3019.58625,23,48464,2070.21722,0
1753583040000,0.04271,0.04271,0.04269,0.0427,17711,1753583099999,756.25909,20,4605,196.63350,0
1753583100000,0.04270,0.04272,0.04266,0.04266,106448,1753583159999,4546.66921,48,94160,4022.17989,0
1753583160000,0.04265,0.04267,0.04263,0.04267,132412,1753583219999,5647.19298,48,9668,412.37456,0
1753583220000,0.04267,0.04267,0.04265,0.04266,17660,1753583279999,753.43326,26,12609,537.95312,0
1753583280000,0.04267,0.04267,0.04266,0.04266,43042,1753583339999,1836.19341,27,38847,1657.21902,0
1753583340000,0.04265,0.04268,0.04265,0.04267,44133,1753583399999,1883.26507,38,26490,1130.41089,0
1753583400000,0.04267,0.04267,0.04266,0.04266,13184,1753583459999,562.53309,17,10365,442.27455,0
1753583460000,0.04265,0.04266,0.04264,0.04266,116876,1753583519999,4985.37961,53,97246,4147.97890,0
1753583520000,0.04267,0.04274,0.04267,0.04274,7061,1753583579999,301.50536,25,4785,204.33671,0
1753583580000,0.04273,0.04273,0.04270,0.0427,11623,1753583639999,496.56789,27,3554,151.82835,0
1753583640000,0.04270,0.04272,0.04270,0.04271,61527,1753583699999,2627.27705,26,56715,2421.77432,0
1753583700000,0.04269,0.04272,0.04269,0.04272,5325,1753583759999,227.42603,15,4564,194.93610,0
1753583760000,0.04273,0.04279,0.04273,0.04278,249937,1753583819999,10686.36830,37,244652,10460.35724,0
1753583820000,0.04278,0.04280,0.04276,0.04279,74319,1753583879999,3178.70660,29,62477,2672.20759,0
1753583880000,0.04280,0.04282,0.04280,0.04281,60661,1753583939999,2596.86693,36,50948,2181.10541,0
1753583940000,0.04282,0.04282,0.04280,0.0428,22204,1753583999999,950.60964,19,516,22.09512,0
1753584000000,0.04280,0.04283,0.04279,0.04282,117249,1753584059999,5018.92336,38,113535,4859.97346,0
1753584060000,0.04283,0.04284,0.04283,0.04284,85228,1753584119999,3650.63605,52,43977,1883.85572,0
1753584120000,0.04284,0.04284,0.04281,0.04281,60848,1753584179999,2606.34473,62,26989,1156.19876,0
1753584180000,0.04279,0.04279,0.04277,0.04279,88616,1753584239999,3791.06364,28,62446,2671.51350,0
1753584240000,0.04278,0.04279,0.04278,0.04279,39316,1753584299999,1682.31783,22,37935,1623.23865,0
1753584300000,0.04279,0.04282,0.04277,0.04277,93124,1753584359999,3985.87323,58,60988,2610.69424,0
1753584360000,0.04276,0.04278,0.04275,0.04278,247178,1753584419999,10570.44607,35,156626,6698.43649,0
1753584420000,0.04278,0.04278,0.04272,0.04273,71664,1753584479999,3065.07953,38,65346,2794.93161,0
1753584480000,0.04274,0.04276,0.04274,0.04276,50305,1753584539999,2150.79692,35,49504,2116.55417,0
1753584540000,0.04276,0.04278,0.04275,0.04277,33072,1753584599999,1414.20486,22,31371,1341.47607,0
1753584600000,0.04278,0.04279,0.04275,0.04275,49728,1753584659999,2126.91598,34,26268,1123.75017,0
1753584660000,0.04275,0.04279,0.04275,0.04279,90824,1753584719999,3884.58615,35,89795,3840.59640,0
1753584720000,0.04280,0.04282,0.04280,0.0428,41885,1753584779999,1792.97205,27,24746,1059.42285,0
1753584780000,0.04280,0.04299,0.04279,0.04294,1323547,1753584839999,56752.95042,388,1088427,46674.65166,0
1753584840000,0.04294,0.04298,0.04294,0.04296,132528,1753584899999,5694.15342,59,76507,3287.38066,0
1753584900000,0.04294,0.04294,0.04287,0.04288,40729,1753584959999,1747.42786,36,14873,637.75763,0
1753584960000,0.04287,0.04290,0.04287,0.04289,31876,1753585019999,1367.04914,36,16009,686.56847,0
1753585020000,0.04289,0.04289,0.04285,0.04285,25517,1753585079999,1094.20414,30,9645,413.50800,0
1753585080000,0.04286,0.04286,0.04282,0.04282,89086,1753585139999,3816.15699,44,847,36.30242,0
1753585140000,0.04282,0.04286,0.04282,0.04286,83562,1753585199999,3580.25904,49,67963,2912.27866,0
1753585200000,0.04287,0.04292,0.04286,0.04286,360310,1753585259999,15453.81740,133,326654,14010.76175,0
1753585260000,0.04286,0.04287,0.04284,0.04286,191314,1753585319999,8199.43266,74,188253,8068.26928,0
1753585320000,0.04286,0.04288,0.04286,0.04288,15129,1753585379999,648.66441,30,11394,488.55571,0
1753585380000,0.04289,0.04291,0.04288,0.0429,84843,1753585439999,3639.52519,52,73625,3158.49341,0
1753585440000,0.04290,0.04290,0.04287,0.04287,72250,1753585499999,3097.97565,30,5648,242.24272,0
1753585500000,0.04287,0.04290,0.04286,0.04286,158055,1753585559999,6778.30593,69,135236,5799.98811,0
1753585560000,0.04286,0.04286,0.04276,0.04276,962578,1753585619999,41201.65552,170,107352,4592.68459,0
1753585620000,0.04276,0.04277,0.04275,0.04275,118656,1753585679999,5074.02009,51,51720,2211.73508,0
1753585680000,0.04275,0.04275,0.04273,0.04273,128937,1753585739999,5510.46277,39,45523,1945.38423,0
1753585740000,0.04274,0.04275,0.04274,0.04274,61139,1753585799999,2613.08263,29,56363,2408.95639,0
1753585800000,0.04274,0.04278,0.04274,0.04277,95886,1753585859999,4099.69438,33,93014,3976.87086,0
1753585860000,0.04277,0.04280,0.04276,0.04278,301521,1753585919999,12903.81416,72,201782,8635.58721,0
1753585920000,0.04278,0.04279,0.04277,0.04277,37078,1753585979999,1586.36715,47,16689,714.11700,0
1753585980000,0.04277,0.04278,0.04273,0.04273,76871,1753586039999,3286.16901,52,477,20.39896,0
1753586040000,0.04273,0.04273,0.04273,0.04273,13810,1753586099999,590.10130,10,2064,88.19472,0
1753586100000,0.04272,0.04276,0.04271,0.04276,186210,1753586159999,7959.06409,64,153120,6545.32916,0
1753586160000,0.04277,0.04277,0.04275,0.04275,40552,1753586219999,1734.39748,27,35266,1508.32682,0
1753586220000,0.04272,0.04272,0.04269,0.0427,88031,1753586279999,3759.97573,44,15396,657.71358,0
1753586280000,0.04270,0.04270,0.04269,0.0427,3599,1753586339999,153.67463,7,3332,142.27640,0
1753586340000,0.04269,0.04269,0.04267,0.04267,26328,1753586399999,1123.60350,29,703,30.01107,0
1753586400000,0.04268,0.04268,0.04265,0.04265,84640,1753586459999,3610.80304,21,29776,1270.55175,0
1753586460000,0.04265,0.04266,0.04264,0.04265,77861,1753586519999,3320.91463,28,74232,3166.14937,0
1753586520000,0.04265,0.04268,0.04264,0.04268,43651,1753586579999,1862.50067,27,28422,1212.99347,0
1753586580000,0.04269,0.04271,0.04269,0.04271,27291,1753586639999,1165.07728,24,25673,1096.00250,0
1753586640000,0.04269,0.04270,0.04268,0.04268,3118,1753586699999,133.09546,16,355,15.15850,0
1753586700000,0.04267,0.04269,0.04267,0.04269,60557,1753586759999,2584.19239,26,49156,2097.53635,0
1753586760000,0.04268,0.04269,0.04266,0.04266,24749,1753586819999,1056.28187,26,2025,86.43055,0
1753586820000,0.04267,0.04268,0.04266,0.04266,14048,1753586879999,599.40223,23,8844,377.37703,0
1753586880000,0.04266,0.04266,0.04264,0.04264,49477,1753586939999,2109.94216,20,4013,171.19458,0
1753586940000,0.04265,0.04270,0.04264,0.0427,70010,1753586999999,2986.60468,32,54910,2342.69673,0
1753587000000,0.04270,0.04271,0.04266,0.04266,64896,1753587059999,2769.86985,47,43731,1866.64209,0
1753587060000,0.04266,0.04267,0.04265,0.04267,89826,1753587119999,3831.96145,43,77789,3318.48228,0
1753587120000,0.04267,0.04268,0.04266,0.04266,38912,1753587179999,1660.29845,36,2991,127.62896,0
1753587180000,0.04265,0.04265,0.04264,0.04265,11396,1753587239999,485.99558,15,532,22.68980,0
1753587240000,0.04264,0.04268,0.04264,0.04268,129271,1753587299999,5516.25824,57,118503,5057.11072,0
1753587300000,0.04269,0.04271,0.04268,0.04268,16410,1753587359999,700.68597,22,1071,45.72668,0
1753587360000,0.04268,0.04270,0.04267,0.0427,114605,1753587419999,4891.27137,47,59084,2521.72162,0
1753587420000,0.04270,0.04270,0.04269,0.0427,9899,1753587479999,422.63236,27,2316,98.88916,0
1753587480000,0.04269,0.04269,0.04269,0.04269,7578,1753587539999,323.50482,18,0,0,0
1753587540000,0.04268,0.04271,0.04268,0.04271,38678,1753587599999,1651.69823,32,22191,947.60269,0
1753587600000,0.04270,0.04270,0.04269,0.04269,7727,1753587659999,329.90447,24,0,0,0
1753587660000,0.04268,0.04269,0.04268,0.04269,5738,1753587719999,244.92490,23,2706,115.51914,0
1753587720000,0.04269,0.04271,0.04269,0.04271,9791,1753587779999,418.04095,37,5491,234.47395,0
1753587780000,0.04270,0.04270,0.04269,0.04269,54112,1753587839999,2310.26528,52,1627,69.47290,0
1753587840000,0.04269,0.04269,0.04269,0.04269,7156,1753587899999,305.48964,19,1757,75.00633,0
1753587900000,0.04270,0.04270,0.04267,0.04267,122145,1753587959999,5212.77498,86,65134,2779.42866,0
1753587960000,0.04268,0.04268,0.04267,0.04268,28869,1753588019999,1232.10798,19,26775,1142.75700,0
1753588020000,0.04268,0.04271,0.04267,0.04271,66832,1753588079999,2853.52587,60,53844,2299.23031,0
1753588080000,0.04270,0.04270,0.04267,0.04268,41406,1753588139999,1767.39866,32,584,24.92512,0
1753588140000,0.04268,0.04269,0.04268,0.04269,5943,1753588199999,253.67572,22,2621,111.89049,0
1753588200000,0.04269,0.04269,0.04266,0.04266,7951,1753588259999,339.30710,27,1694,72.29992,0
1753588260000,0.04265,0.04266,0.04265,0.04266,36259,1753588319999,1546.79400,20,753,32.12298,0
1753588320000,0.04264,0.04265,0.04264,0.04265,16478,1753588379999,702.72050,32,11454,488.48963,0
1753588380000,0.04264,0.04265,0.04264,0.04264,5473,1753588439999,233.37025,21,153,6.52545,0
1753588440000,0.04263,0.04264,0.04263,0.04264,12264,1753588499999,522.85902,16,2298,97.98672,0
1753588500000,0.04264,0.04266,0.04262,0.04265,54708,1753588559999,2332.45406,35,11351,484.15261,0
1753588560000,0.04264,0.04264,0.04264,0.04264,6157,1753588619999,262.53448,18,0,0,0
1753588620000,0.04263,0.04263,0.04261,0.04262,19038,1753588679999,811.42871,31,3832,163.31984,0
1753588680000,0.04262,0.04263,0.04260,0.04261,152678,1753588739999,6505.45415,55,1107,47.19141,0
1753588740000,0.04260,0.04263,0.04260,0.04262,138242,1753588799999,5892.22681,52,126097,5374.76000,0
1753588800000,0.04263,0.04265,0.04262,0.04264,60510,1753588859999,2579.68665,43,48237,2056.47961,0
1753588860000,0.04264,0.04265,0.04264,0.04265,56006,1753588919999,2388.61126,51,22056,940.68840,0
1753588920000,0.04264,0.04267,0.04263,0.04267,80552,1753588979999,3435.14873,82,66618,2841.03116,0
1753588980000,0.04268,0.04270,0.04266,0.04268,210038,1753589039999,8966.47099,68,165008,7044.31130,0
1753589040000,0.04268,0.04268,0.04265,0.04267,196244,1753589099999,8372.57555,66,176759,7541.51293,0
1753589100000,0.04267,0.04270,0.04267,0.0427,28204,1753589159999,1203.84929,38,13183,562.73383,0
1753589160000,0.04270,0.04273,0.04270,0.04273,55307,1753589219999,2362.59235,41,42521,1816.52998,0
1753589220000,0.04273,0.04273,0.04271,0.04271,44562,1753589279999,1903.83978,45,5721,244.40112,0
1753589280000,0.04271,0.04274,0.04271,0.04272,78668,1753589339999,3361.67449,45,36063,1541.17473,0
1753589340000,0.04271,0.04271,0.04265,0.04265,50225,1753589399999,2143.59233,37,5407,230.71010,0
1753589400000,0.04265,0.04266,0.04264,0.04265,16191,1753589459999,690.63251,31,9954,424.61301,0
1753589460000,0.04266,0.04268,0.04266,0.04266,62237,1753589519999,2655.45647,65,5391,230.00205,0
1753589520000,0.04266,0.04266,0.04263,0.04263,62880,1753589579999,2681.42081,77,6146,262.11524,0
1753589580000,0.04263,0.04265,0.04262,0.04265,50469,1753589639999,2152.10941,47,47046,2006.20727,0
1753589640000,0.04264,0.04266,0.04264,0.04265,25777,1753589699999,1099.29456,43,13474,574.67516,0
1753589700000,0.04264,0.04269,0.04263,0.04269,24065,1753589759999,1026.81844,42,18383,784.43036,0
1753589760000,0.04267,0.04268,0.04267,0.04267,14676,1753589819999,626.24305,22,2720,116.08053,0
1753589820000,0.04266,0.04268,0.04266,0.04268,25263,1753589879999,1077.88252,35,16526,705.12277,0
1753589880000,0.04268,0.04270,0.04267,0.04267,24215,1753589939999,1033.68256,30,4129,176.27245,0
1753589940000,0.04266,0.04270,0.04266,0.0427,5331,1753589999999,227.47441,22,1884,80.42417,0
1753590000000,0.04269,0.04269,0.04267,0.04267,10897,1753590059999,465.08203,28,4833,206.27965,0
1753590060000,0.04267,0.04268,0.04265,0.04265,14941,1753590119999,637.43901,30,1029,43.91406,0
1753590120000,0.04265,0.04270,0.04264,0.0427,51846,1753590179999,2212.42472,32,49014,2091.66824,0
1753590180000,0.04269,0.04272,0.04269,0.04272,46912,1753590239999,2003.29543,36,37566,1604.31469,0
1753590240000,0.04271,0.04275,0.04271,0.04275,59406,1753590299999,2539.44237,33,17985,768.82806,0
1753590300000,0.04274,0.04276,0.04272,0.04272,42794,1753590359999,1829.35381,40,35217,1505.53524,0
1753590360000,0.04271,0.04271,0.04268,0.04269,39716,1753590419999,1695.60072,38,2454,104.76587,0
1753590420000,0.04269,0.04273,0.04269,0.04272,142183,1753590479999,6073.55977,45,139409,5955.12390,0
1753590480000,0.04271,0.04272,0.04271,0.04271,11353,1753590539999,484.89570,21,907,38.74704,0
1753590540000,0.04270,0.04274,0.04270,0.04274,29660,1753590599999,1267.41664,27,2558,109.26148,0
1753590600000,0.04274,0.04274,0.04270,0.0427,35464,1753590659999,1514.85603,36,22407,956.94478,0
1753590660000,0.04270,0.04271,0.04268,0.0427,209224,1753590719999,8931.83895,52,16750,715.09376,0
1753590720000,0.04269,0.04273,0.04269,0.04273,68058,1753590779999,2906.05410,42,64286,2745.02742,0
1753590780000,0.04274,0.04275,0.04273,0.04273,18361,1753590839999,784.74853,27,4172,178.28589,0
1753590840000,0.04273,0.04273,0.04273,0.04273,3286,1753590899999,140.41078,14,446,19.05758,0
1753590900000,0.04273,0.04274,0.04272,0.04274,115690,1753590959999,4944.38856,40,108240,4626.07904,0
1753590960000,0.04275,0.04278,0.04275,0.04278,400014,1753591019999,17105.02556,45,394349,16862.83505,0
1753591020000,0.04279,0.04283,0.04278,0.04283,71493,1753591079999,3060.42867,45,56302,2410.55769,0
1753591080000,0.04281,0.04281,0.04274,0.04275,168102,1753591139999,7190.37388,50,60731,2596.16635,0
1753591140000,0.04275,0.04277,0.04275,0.04277,6693,1753591199999,286.14707,24,1463,62.56457,0
1753591200000,0.04278,0.04278,0.04277,0.04277,4692,1753591259999,200.67833,15,684,29.25617,0
1753591260000,0.04277,0.04279,0.04277,0.04278,29862,1753591319999,1277.64381,51,3608,154.37932,0
1753591320000,0.04278,0.04282,0.04276,0.04282,991704,1753591379999,42443.83177,143,975467,41749.31456,0
1753591380000,0.04282,0.04282,0.04277,0.04277,53338,1753591439999,2282.42705,36,1540,65.87957,0
1753591440000,0.04277,0.04278,0.04277,0.04278,13612,1753591499999,582.23750,27,9456,404.46638,0
1753591500000,0.04278,0.04278,0.04275,0.04275,48013,1753591559999,2053.50867,38,13979,597.88183,0
1753591560000,0.04275,0.04276,0.04275,0.04276,6800,1753591619999,290.74947,18,4947,211.53372,0
1753591620000,0.04276,0.04278,0.04276,0.04278,5384,1753591679999,230.27223,20,3146,134.57535,0
1753591680000,0.04277,0.04277,0.04275,0.04276,24686,1753591739999,1055.76294,22,0,0,0
1753591740000,0.04274,0.04276,0.04274,0.04276,7754,1753591799999,331.45033,21,3253,139.07759,0
1753591800000,0.04275,0.04276,0.04273,0.04276,6227,1753591859999,266.14677,22,1464,62.58339,0
1753591860000,0.04277,0.04277,0.04276,0.04277,10988,1753591919999,469.92165,20,7477,319.79129,0
1753591920000,0.04278,0.04279,0.04278,0.04279,4175,1753591979999,178.61194,15,2161,92.45302,0
1753591980000,0.04279,0.04279,0.04277,0.04279,410448,1753592039999,17563.04889,30,387454,16579.14747,0
1753592040000,0.04278,0.04280,0.04277,0.04277,15879,1753592099999,679.28122,19,9181,392.68559,0
1753592100000,0.04277,0.04277,0.04276,0.04276,13941,1753592159999,596.18712,24,8571,366.56592,0
1753592160000,0.04277,0.04290,0.04277,0.04287,2276121,1753592219999,97519.93311,274,2205880,94508.70532,0
1753592220000,0.04287,0.04287,0.04286,0.04286,66032,1753592279999,2830.40264,26,4085,175.08310,0
1753592280000,0.04286,0.04289,0.04286,0.04289,57680,1753592339999,2472.99973,38,16935,726.08169,0
1753592340000,0.04289,0.04289,0.04288,0.04289,131992,1753592399999,5660.43036,52,40664,1743.89518,0
1753592400000,0.04288,0.04290,0.04286,0.0429,77457,1753592459999,3321.55057,60,30154,1293.25947,0
1753592460000,0.04289,0.04294,0.04289,0.04291,333769,1753592519999,14326.40519,106,145974,6264.11470,0
1753592520000,0.04290,0.04290,0.04286,0.04286,28182,1753592579999,1208.14429,23,0,0,0
1753592580000,0.04286,0.04286,0.04285,0.04286,30949,1753592639999,1326.42985,36,21064,902.80304,0
1753592640000,0.04286,0.04286,0.04285,0.04286,9181,1753592699999,393.44946,22,4361,186.91246,0
1753592700000,0.04287,0.04287,0.04285,0.04285,16141,1753592759999,691.84826,35,5449,233.59863,0
1753592760000,0.04286,0.04288,0.04285,0.04286,59489,1753592819999,2549.93820,70,49554,2124.11496,0
1753592820000,0.04286,0.04287,0.04285,0.04287,25042,1753592879999,1073.49092,35,21324,914.15988,0
1753592880000,0.04286,0.04286,0.04285,0.04285,86463,1753592939999,3705.10809,45,5684,243.61624,0
1753592940000,0.04283,0.04285,0.04283,0.04283,46120,1753592999999,1975.72622,34,23348,1000.40146,0
1753593000000,0.04283,0.04284,0.04283,0.04284,48357,1753593059999,2071.23147,20,48357,2071.23147,0
1753593060000,0.04284,0.04285,0.04284,0.04285,29172,1753593119999,1249.92803,45,19955,855.07175,0
1753593120000,0.04285,0.04285,0.04283,0.04283,22645,1753593179999,970.28086,46,0,0,0
1753593180000,0.04284,0.04286,0.04284,0.04286,79976,1753593239999,3426.60755,62,20457,876.65103,0
1753593240000,0.04285,0.04290,0.04284,0.04288,520964,1753593299999,22337.08303,115,395021,16938.14168,0
1753593300000,0.04287,0.04288,0.04283,0.04284,97312,1753593359999,4170.11414,49,13625,583.77344,0
1753593360000,0.04285,0.04285,0.04282,0.04284,109443,1753593419999,4687.52286,49,6232,266.93657,0
1753593420000,0.04284,0.04287,0.04284,0.04287,74642,1753593479999,3198.04634,42,26915,1153.42166,0
1753593480000,0.04287,0.04288,0.04285,0.04286,204537,1753593539999,8767.94494,46,192914,8269.71310,0
1753593540000,0.04286,0.04288,0.04286,0.04288,328770,1753593599999,14097.60472,41,323772,13883.33074,0
1753593600000,0.04289,0.04293,0.04288,0.0429,232278,1753593659999,9968.67405,74,227157,9749.02657,0
1753593660000,0.04290,0.04291,0.04290,0.0429,3344,1753593719999,143.45938,14,246,10.55340,0
1753593720000,0.04291,0.04291,0.04287,0.0429,133608,1753593779999,5730.14005,49,24141,1035.50569,0
1753593780000,0.04290,0.04297,0.04290,0.04297,241226,1753593839999,10358.94465,78,166121,7134.23697,0
1753593840000,0.04298,0.04304,0.04298,0.04298,661536,1753593899999,28445.54551,143,168230,7235.43990,0
1753593900000,0.04299,0.04301,0.04298,0.04301,81539,1753593959999,3505.95856,34,73654,3166.85810,0
1753593960000,0.04301,0.04302,0.04297,0.043,188139,1753594019999,8089.61051,88,34668,1490.71573,0
1753594020000,0.04301,0.04304,0.04300,0.04304,254544,1753594079999,10950.36745,69,133963,5764.03745,0
1753594080000,0.04303,0.04303,0.04296,0.04296,483351,1753594139999,20780.29653,60,369014,15863.91186,0
1753594140000,0.04296,0.04299,0.04296,0.04298,19832,1753594199999,852.30915,34,16856,724.42958,0
1753594200000,0.04297,0.04297,0.04293,0.04293,127102,1753594259999,5457.72829,59,11533,495.22702,0
1753594260000,0.04292,0.04300,0.04291,0.04299,139310,1753594319999,5981.02344,52,114096,4898.77533,0
1753594320000,0.04299,0.04299,0.04297,0.04298,32936,1753594379999,1415.81152,48,28931,1243.66493,0
1753594380000,0.04300,0.04301,0.04295,0.04295,248701,1753594439999,10688.88295,91,10286,442.30032,0
1753594440000,0.04295,0.04295,0.04294,0.04295,7282,1753594499999,312.74242,22,3043,130.69685,0
1753594500000,0.04296,0.04300,0.04295,0.04297,102617,1753594559999,4409.01760,52,12607,541.89487,0
1753594560000,0.04296,0.04296,0.04295,0.04295,77770,1753594619999,3340.61006,36,60705,2607.66831,0
1753594620000,0.04296,0.04297,0.04295,0.04295,26530,1753594679999,1139.77324,35,23416,1005.99401,0
1753594680000,0.04297,0.04304,0.04297,0.04304,60502,1753594739999,2601.60445,45,53076,2282.21219,0
1753594740000,0.04306,0.04311,0.04303,0.04309,668012,1753594799999,28760.79105,141,223960,9648.13152,0
1753594800000,0.04309,0.04309,0.04305,0.04306,271732,1753594859999,11703.71295,71,114441,4928.75329,0
1753594860000,0.04305,0.04306,0.04301,0.04301,158569,1753594919999,6825.29581,96,15192,653.71437,0
1753594920000,0.04300,0.04304,0.04300,0.04304,15456,1753594979999,664.96339,19,13912,598.56233,0
1753594980000,0.04304,0.04304,0.04297,0.04297,40638,1753595039999,1748.59365,43,4981,214.03357,0
1753595040000,0.04296,0.04297,0.04296,0.04296,43095,1753595099999,1851.51244,44,15001,644.59297,0
1753595100000,0.04295,0.04295,0.04292,0.04294,34920,1753595159999,1499.32975,33,23927,1027.32917,0
1753595160000,0.04293,0.04295,0.04289,0.04295,54684,1753595219999,2347.05631,44,17901,768.19445,0
1753595220000,0.04295,0.04295,0.04289,0.0429,58137,1753595279999,2494.18955,32,40484,1736.72348,0
1753595280000,0.04291,0.04292,0.04287,0.04287,317841,1753595339999,13630.63744,76,42130,1807.10912,0
1753595340000,0.04287,0.04287,0.04286,0.04286,103598,1753595399999,4440.89855,25,0,0,0
1753595400000,0.04286,0.04288,0.04286,0.04288,26922,1753595459999,1154.16633,28,23843,1022.16173,0
1753595460000,0.04287,0.04290,0.04287,0.0429,10094,1753595519999,432.89764,17,8270,354.70276,0
1753595520000,0.04291,0.04291,0.04288,0.04288,17627,1753595579999,756.27440,23,9765,418.98752,0
1753595580000,0.04288,0.04290,0.04288,0.0429,5436,1753595639999,233.14461,16,3545,152.05853,0
1753595640000,0.04291,0.04295,0.04291,0.04295,103807,1753595699999,4458.10495,41,101476,4358.08174,0
1753595700000,0.04295,0.04297,0.04294,0.04297,9695,1753595759999,416.44101,24,7826,336.17432,0
1753595760000,0.04297,0.04298,0.04293,0.04296,78847,1753595819999,3387.69013,40,5042,216.58015,0
1753595820000,0.04295,0.04296,0.04294,0.04295,5534,1753595879999,237.68178,15,2171,93.26175,0
1753595880000,0.04295,0.04295,0.04294,0.04295,3330,1753595939999,143.02082,15,1241,53.30095,0
1753595940000,0.04294,0.04295,0.04294,0.04294,25072,1753595999999,1076.66491,26,22914,984.00039,0
1753596000000,0.04294,0.04294,0.04292,0.04293,35856,1753596059999,1539.46468,39,7632,327.65421,0
1753596060000,0.04294,0.04294,0.04291,0.04291,183216,1753596119999,7865.23696,70,8890,381.52582,0
1753596120000,0.04291,0.04293,0.04290,0.0429,58820,1753596179999,2523.82000,55,22697,973.98275,0
1753596180000,0.04290,0.04294,0.04290,0.04294,25048,1753596239999,1075.06130,36,18445,791.68672,0
1753596240000,0.04295,0.04298,0.04294,0.04297,38531,1753596299999,1655.67258,36,31573,1356.82692,0
1753596300000,0.04297,0.04297,0.04290,0.0429,86968,1753596359999,3733.83945,61,13032,559.50274,0
1753596360000,0.04290,0.04290,0.04289,0.0429,15614,1753596419999,669.82478,28,6652,285.37080,0
1753596420000,0.04290,0.04296,0.04288,0.04293,958803,1753596479999,41152.87986,170,954767,40979.77827,0
1753596480000,0.04291,0.04293,0.04290,0.04293,24268,1753596539999,1041.41842,21,21641,928.71785,0
1753596540000,0.04295,0.04295,0.04291,0.04291,305646,1753596599999,13121.78252,88,237394,10191.81890,0
1753596600000,0.04291,0.04291,0.04287,0.04287,254699,1753596659999,10923.05810,68,1883,80.79953,0
1753596660000,0.04287,0.04291,0.04286,0.04289,281272,1753596719999,12062.24890,114,75461,3236.27062,0
1753596720000,0.04288,0.04288,0.04282,0.04284,120544,1753596779999,5164.35152,80,20426,875.04518,0
1753596780000,0.04285,0.04286,0.04285,0.04285,37790,1753596839999,1619.56295,28,26386,1130.90155,0
1753596840000,0.04286,0.04287,0.04286,0.04286,47639,1753596899999,2041.90465,24,2305,98.79230,0
1753596900000,0.04285,0.04286,0.04283,0.04283,31578,1753596959999,1352.70911,50,3639,155.90700,0
1753596960000,0.04283,0.04289,0.04283,0.04289,75001,1753597019999,3215.40324,42,66233,2839.58337,0
1753597020000,0.04290,0.04290,0.04289,0.04289,22826,1753597079999,979.11824,36,9920,425.56800,0
1753597080000,0.04289,0.04289,0.04288,0.04288,19589,1753597139999,840.16616,18,16277,698.11448,0
1753597140000,0.04288,0.04290,0.04288,0.0429,27760,1753597199999,1190.70465,31,23602,1012.40576,0
1753597200000,0.04290,0.04291,0.04289,0.04289,11161,1753597259999,478.76994,23,5193,222.78482,0
1753597260000,0.04288,0.04288,0.04286,0.04286,20316,1753597319999,871.00160,39,4642,199.04594,0
1753597320000,0.04285,0.04288,0.04285,0.04286,45996,1753597379999,1971.79893,32,41367,1773.44355,0
1753597380000,0.04286,0.04287,0.04286,0.04287,8344,1753597439999,357.68704,24,4028,172.66012,0
1753597440000,0.04287,0.04287,0.04286,0.04286,8949,1753597499999,383.60805,20,205,8.78630,0
1753597500000,0.04285,0.04285,0.04278,0.04281,320765,1753597559999,13734.46440,98,29463,1260.98081,0
1753597560000,0.04281,0.04281,0.04277,0.04278,35549,1753597619999,1520.82650,37,21572,922.86414,0
1753597620000,0.04278,0.04278,0.04275,0.04275,75217,1753597679999,3216.21347,38,35592,1521.56891,0
1753597680000,0.04275,0.04275,0.04273,0.04275,232231,1753597739999,9926.71134,50,82721,3536.30987,0
1753597740000,0.04276,0.04277,0.04274,0.04276,270735,1753597799999,11573.14074,68,32029,1369.56458,0
1753597800000,0.04276,0.04276,0.04274,0.04274,10932,1753597859999,467.24398,27,5648,241.40283,0
1753597860000,0.04273,0.04276,0.04272,0.04276,62725,1753597919999,2680.74944,40,27299,1167.18325,0
1753597920000,0.04276,0.04279,0.04276,0.04279,21696,1753597979999,927.86713,35,15193,649.78456,0
1753597980000,0.04278,0.04278,0.04271,0.04271,105851,1753598039999,4525.02785,75,13182,563.05313,0
1753598040000,0.04272,0.04278,0.04272,0.04277,29547,1753598099999,1262.35633,29,26767,1143.57498,0
1753598100000,0.04278,0.04278,0.04276,0.04278,125628,1753598159999,5372.74110,43,7595,324.80232,0
1753598160000,0.04277,0.04281,0.04276,0.04281,112923,1753598219999,4832.69672,47,107442,4598.29552,0
1753598220000,0.04281,0.04286,0.04280,0.04286,222978,1753598279999,9549.17874,55,97496,4176.86355,0
1753598280000,0.04286,0.04286,0.04284,0.04284,82040,1753598339999,3516.15650,27,0,0,0
1753598340000,0.04284,0.04284,0.04284,0.04284,3251,1753598399999,139.27284,15,0,0,0
1753598400000,0.04285,0.04289,0.04285,0.04289,85077,1753598459999,3647.61408,46,53922,2311.80509,0
1753598460000,0.04288,0.04289,0.04287,0.04288,78516,1753598519999,3366.76441,85,20459,877.40204,0
1753598520000,0.04287,0.04288,0.04287,0.04288,24257,1753598579999,1039.92385,47,3816,163.59842,0
1753598580000,0.04287,0.04288,0.04286,0.04287,62699,1753598639999,2687.58228,44,42131,1805.96911,0
1753598640000,0.04288,0.04289,0.04287,0.04289,24321,1753598699999,1042.88448,28,16504,707.73555,0
1753598700000,0.04290,0.04294,0.04290,0.04292,148644,1753598759999,6379.44462,62,86084,3693.84766,0
1753598760000,0.04292,0.04292,0.04290,0.04291,230568,1753598819999,9894.40009,44,16684,715.91044,0
1753598820000,0.04291,0.04291,0.04282,0.04282,286889,1753598879999,12302.08858,64,26988,1158.05508,0
1753598880000,0.04282,0.04284,0.04281,0.04283,76900,1753598939999,3293.63927,34,71120,3046.14192,0
1753598940000,0.04281,0.04282,0.04281,0.04281,9748,1753598999999,417.35793,29,5458,233.70303,0
1753599000000,0.04281,0.04286,0.04281,0.04286,47617,1753599059999,2039.92269,30,44735,1916.47309,0
1753599060000,0.04286,0.04286,0.04284,0.04284,9680,1753599119999,414.81703,27,0,0,0
1753599120000,0.04280,0.04280,0.04276,0.04279,547314,1753599179999,23415.28873,105,24129,1032.31269,0
1753599180000,0.04280,0.04283,0.04280,0.04282,47283,1753599239999,2024.59386,30,44246,1894.60160,0
1753599240000,0.04284,0.04290,0.04284,0.0429,47723,1753599299999,2046.50463,38,42136,1807.00371,0
1753599300000,0.04291,0.04294,0.04291,0.04293,57290,1753599359999,2459.52357,39,19398,832.76136,0
1753599360000,0.04292,0.04296,0.04291,0.04294,266919,1753599419999,11460.70362,66,185378,7960.05759,0
1753599420000,0.04294,0.04294,0.04292,0.04292,258957,1753599479999,11119.46567,27,41044,1762.31548,0
1753599480000,0.04290,0.04296,0.04290,0.04296,44011,1753599539999,1889.63376,21,42693,1833.09156,0
1753599540000,0.04295,0.04296,0.04295,0.04296,13553,1753599599999,582.11360,29,6283,269.86710,0
1753599600000,0.04296,0.04298,0.04295,0.04297,100438,1753599659999,4315.51930,77,52656,2262.45358,0
1753599660000,0.04297,0.04297,0.04296,0.04297,34820,1753599719999,1495.97545,45,25756,1106.57717,0
1753599720000,0.04296,0.04297,0.04293,0.04293,174140,1753599779999,7480.46051,87,43113,1852.16745,0
1753599780000,0.04293,0.04294,0.04291,0.04294,104764,1753599839999,4496.11069,42,89909,3858.44112,0
1753599840000,0.04295,0.04301,0.04295,0.04301,188988,1753599899999,8122.37298,80,150103,6450.92982,0
1753599900000,0.04302,0.04302,0.04299,0.04299,40468,1753599959999,1740.13428,32,7713,331.81326,0
1753599960000,0.04299,0.04303,0.04299,0.04302,122923,1753600019999,5288.07646,55,11661,501.49052,0
1753600020000,0.04301,0.04306,0.04301,0.04306,110593,1753600079999,4758.22243,55,71910,3093.95340,0
1753600080000,0.04305,0.04307,0.04304,0.04307,195173,1753600139999,8403.66482,48,175610,7561.53310,0
1753600140000,0.04307,0.04308,0.04304,0.04306,221314,1753600199999,9529.56032,65,53899,2321.40349,0
1753600200000,0.04306,0.04306,0.04305,0.04306,18585,1753600259999,800.23640,18,15215,655.15790,0
1753600260000,0.04306,0.04306,0.04303,0.04304,88367,1753600319999,3803.33753,53,4694,202.01181,0
1753600320000,0.04304,0.04304,0.04304,0.04304,63127,1753600379999,2716.98608,61,51904,2233.94816,0
1753600380000,0.04304,0.04305,0.04303,0.04305,17066,1753600439999,734.60310,44,11942,514.06614,0
1753600440000,0.04305,0.04305,0.04303,0.04303,278420,1753600499999,11983.67326,44,30237,1301.65190,0
1753600500000,0.04303,0.04304,0.04298,0.04299,360969,1753600559999,15522.32877,72,62251,2677.46218,0
1753600560000,0.04301,0.04301,0.04300,0.04301,55270,1753600619999,2376.95945,34,46695,2008.18068,0
1753600620000,0.04300,0.04304,0.04299,0.04304,79802,1753600679999,3433.18347,42,47877,2059.88496,0
1753600680000,0.04304,0.04305,0.04304,0.04305,27910,1753600739999,1201.49514,25,20748,893.20140,0
1753600740000,0.04304,0.04308,0.04304,0.04307,49115,1753600799999,2115.53572,35,4744,204.26298,0
1753600800000,0.04306,0.04307,0.04305,0.04307,124851,1753600859999,5376.38574,50,75065,3232.88344,0
1753600860000,0.04309,0.04310,0.04308,0.04308,15306,1753600919999,659.52975,27,5437,234.30987,0
1753600920000,0.04308,0.04311,0.04307,0.04311,77896,1753600979999,3355.56117,43,17166,739.55975,0
1753600980000,0.04309,0.04309,0.04303,0.04303,15397,1753601039999,662.75450,28,1884,81.08184,0
1753601040000,0.04303,0.04306,0.04301,0.04306,16625,1753601099999,715.54271,22,9815,422.43930,0
1753601100000,0.04306,0.04308,0.04306,0.04308,16931,1753601159999,729.21120,29,8085,348.19660,0
1753601160000,0.04307,0.04309,0.04305,0.04309,292858,1753601219999,12613.09620,49,34845,1500.73729,0
1753601220000,0.04308,0.04308,0.04305,0.04305,32343,1753601279999,1392.78060,42,17754,764.48727,0
1753601280000,0.04304,0.04305,0.04301,0.04304,133021,1753601339999,5723.94078,54,61579,2650.24382,0
1753601340000,0.04304,0.04305,0.04304,0.04305,10232,1753601399999,440.46257,20,4740,204.05700,0
1753601400000,0.04304,0.04305,0.04295,0.04295,45248,1753601459999,1946.67740,40,20566,885.16215,0
1753601460000,0.04295,0.04300,0.04295,0.043,128160,1753601519999,5508.69247,43,126008,5416.24917,0
1753601520000,0.04300,0.04303,0.04300,0.04303,49835,1753601579999,2143.44371,92,29378,1263.62822,0
1753601580000,0.04304,0.04304,0.04304,0.04304,98583,1753601639999,4243.01232,65,58609,2522.53136,0
1753601640000,0.04303,0.04305,0.04303,0.04305,54849,1753601699999,2361.08465,36,51361,2210.99601,0
1753601700000,0.04305,0.04305,0.04297,0.04297,97546,1753601759999,4197.92779,53,896,38.50112,0
1753601760000,0.04297,0.04299,0.04297,0.04299,87508,1753601819999,3761.65611,50,70253,3019.97364,0
1753601820000,0.04298,0.04298,0.04292,0.04294,33488,1753601879999,1438.00777,48,16054,689.22900,0
1753601880000,0.04294,0.04294,0.04291,0.04291,14014,1753601939999,601.54136,28,0,0,0
1753601940000,0.04291,0.04292,0.04291,0.04291,40422,1753601999999,1734.59633,29,32512,1395.09913,0
1753602000000,0.04292,0.04292,0.04290,0.04291,63152,1753602059999,2709.40061,36,3925,168.38630,0
1753602060000,0.04291,0.04291,0.04291,0.04291,4757,1753602119999,204.12287,15,1897,81.40027,0
1753602120000,0.04291,0.04291,0.04288,0.0429,90675,1753602179999,3889.62486,80,59122,2536.25806,0
1753602180000,0.04290,0.04293,0.04290,0.04293,38955,1753602239999,1671.42374,48,33087,1419.68058,0
1753602240000,0.04292,0.04295,0.04292,0.04295,32200,1753602299999,1382.55662,28,16805,721.49543,0
1753602300000,0.04295,0.04296,0.04294,0.04295,88437,1753602359999,3798.30445,52,18122,778.52112,0
1753602360000,0.04294,0.04294,0.04289,0.04289,45595,1753602419999,1956.76545,25,0,0,0
1753602420000,0.04289,0.04290,0.04289,0.04289,58959,1753602479999,2529.16255,35,52856,2267.40369,0
1753602480000,0.04289,0.04296,0.04288,0.04296,176154,1753602539999,7559.42979,55,123629,5306.64979,0
1753602540000,0.04296,0.04296,0.04295,0.04296,26766,1753602599999,1149.79018,32,16921,726.92616,0
1753602600000,0.04295,0.04296,0.04294,0.04296,7204,1753602659999,309.36647,22,581,24.95976,0
1753602660000,0.04294,0.04294,0.04292,0.04292,8403,1753602719999,360.81250,23,518,22.23774,0
1753602720000,0.04292,0.04292,0.04291,0.04291,28635,1753602779999,1228.96940,19,24155,1036.73260,0
1753602780000,0.04291,0.04291,0.04290,0.04291,5448,1753602839999,233.73280,17,0,0,0
1753602840000,0.04290,0.04292,0.04287,0.04287,213522,1753602899999,9159.09107,74,77603,3330.11570,0
1753602900000,0.04287,0.04287,0.04287,0.04287,4296,1753602959999,184.16952,15,2193,94.01391,0
1753602960000,0.04287,0.04290,0.04286,0.0429,98526,1753603019999,4224.42777,46,80833,3465.72970,0
1753603020000,0.04291,0.04295,0.04291,0.04294,63435,1753603079999,2723.21416,50,42292,1815.49741,0
1753603080000,0.04294,0.04295,0.04294,0.04295,6480,1753603139999,278.26551,20,1431,61.46145,0
1753603140000,0.04296,0.04297,0.04296,0.04297,10200,1753603199999,438.26279,25,3121,134.07816,0
1753603200000,0.04296,0.04301,0.04296,0.04299,360471,1753603259999,15500.79106,108,311518,13396.28038,0
1753603260000,0.04299,0.04300,0.04297,0.043,71569,1753603319999,3076.56115,46,55972,2406.18031,0
1753603320000,0.04301,0.04302,0.04300,0.04302,20547,1753603379999,883.77709,26,16005,688.47109,0
1753603380000,0.04303,0.04305,0.04303,0.04304,81829,1753603439999,3521.71326,61,35021,1507.10556,0
1753603440000,0.04303,0.04303,0.04299,0.04299,19332,1753603499999,831.76650,24,0,0,0
1753603500000,0.04299,0.04299,0.04295,0.04295,252789,1753603559999,10865.70716,77,20038,861.05679,0
1753603560000,0.04295,0.04295,0.04293,0.04293,19844,1753603619999,852.19616,26,1606,68.94558,0
1753603620000,0.04292,0.04294,0.04291,0.04291,36583,1753603679999,1570.37610,36,13822,593.34881,0
1753603680000,0.04289,0.04293,0.04289,0.04293,46737,1753603739999,2005.31699,45,41820,1794.34586,0
1753603740000,0.04292,0.04293,0.04291,0.04293,16446,1753603799999,705.83190,29,5268,226.15155,0
1753603800000,0.04293,0.04293,0.04292,0.04292,39691,1753603859999,1703.53986,52,8665,371.90394,0
1753603860000,0.04293,0.04293,0.04292,0.04293,33365,1753603919999,1432.05989,29,3409,146.34837,0
1753603920000,0.04293,0.04293,0.04288,0.04288,84618,1753603979999,3631.61731,44,164,7.04052,0
1753603980000,0.04289,0.04289,0.04287,0.04287,72505,1753604039999,3108.70238,73,43809,1878.30561,0
1753604040000,0.04286,0.04287,0.04286,0.04286,77693,1753604099999,3330.05101,50,40910,1753.53163,0
1753604100000,0.04287,0.04290,0.04286,0.04286,45785,1753604159999,1963.39367,43,23451,1005.54034,0
1753604160000,0.04286,0.04286,0.04282,0.04282,76947,1753604219999,3296.16887,49,34277,1468.09759,0
1753604220000,0.04282,0.04285,0.04282,0.04283,128245,1753604279999,5492.36724,41,17502,749.62955,0
1753604280000,0.04283,0.04287,0.04283,0.04287,39380,1753604339999,1686.82217,27,36655,1570.11042,0
1753604340000,0.04287,0.04289,0.04287,0.04289,36158,1753604399999,1550.42249,30,31534,1352.19161,0
1753604400000,0.04291,0.04292,0.04288,0.04288,238564,1753604459999,10233.60752,77,50508,2166.61720,0
1753604460000,0.04287,0.04288,0.04287,0.04288,23874,1753604519999,1023.67597,23,19759,847.26592,0
1753604520000,0.04288,0.04288,0.04286,0.04286,47910,1753604579999,2053.77892,30,7329,314.19767,0
1753604580000,0.04285,0.04287,0.04285,0.04286,96811,1753604639999,4149.62319,27,93579,4011.08948,0
1753604640000,0.04287,0.04287,0.04284,0.04284,32777,1753604699999,1404.81616,24,1607,68.89209,0
1753604700000,0.04283,0.04285,0.04278,0.04278,75347,1753604759999,3226.06452,55,11105,475.81525,0
1753604760000,0.04279,0.04279,0.04277,0.04278,45328,1753604819999,1939.13292,37,17429,745.67860,0
1753604820000,0.04280,0.04281,0.04279,0.04279,56917,1753604879999,2436.20519,32,30953,1324.94825,0
1753604880000,0.04278,0.04281,0.04276,0.04279,277151,1753604939999,11856.60380,67,40428,1729.94626,0
1753604940000,0.04279,0.04280,0.04279,0.0428,19197,1753604999999,821.60898,27,6318,270.41040,0
1753605000000,0.04280,0.04280,0.04277,0.04278,97510,1753605059999,4171.96511,51,55052,2355.50966,0
1753605060000,0.04277,0.04277,0.04275,0.04275,585506,1753605119999,25030.88420,51,9030,386.17660,0
1753605120000,0.04276,0.04279,0.04276,0.04276,106241,1753605179999,4544.95795,70,12072,516.49619,0
1753605180000,0.04277,0.04277,0.04274,0.04275,91514,1753605239999,3912.28484,41,42417,1813.35663,0
1753605240000,0.04275,0.04275,0.04271,0.04271,95562,1753605299999,4082.63052,67,5123,218.85126,0
1753605300000,0.04271,0.04271,0.04268,0.04268,96679,1753605359999,4127.43667,57,7923,338.21223,0
1753605360000,0.04268,0.04270,0.04266,0.04266,74157,1753605419999,3165.28321,49,37887,1617.22913,0
1753605420000,0.04266,0.04268,0.04266,0.04268,135375,1753605479999,5776.43931,46,78000,3328.35196,0
1753605480000,0.04268,0.04269,0.04268,0.04269,35976,1753605539999,1535.61980,32,14298,610.36657,0
1753605540000,0.04270,0.04270,0.04267,0.04267,114684,1753605599999,4895.07190,58,7326,312.73605,0
1753605600000,0.04268,0.04274,0.04268,0.04274,45661,1753605659999,1950.92021,20,44865,1916.93897,0
1753605660000,0.04275,0.04276,0.04274,0.04276,83389,1753605719999,3564.49529,69,29704,1269.88516,0
1753605720000,0.04274,0.04274,0.04273,0.04273,39502,1753605779999,1688.19784,57,0,0,0
1753605780000,0.04272,0.04274,0.04271,0.04274,21558,1753605839999,921.00901,25,6051,258.57753,0
1753605840000,0.04275,0.04279,0.04275,0.04279,267708,1753605899999,11453.79085,55,257172,11003.11763,0
1753605900000,0.04279,0.04279,0.04276,0.04277,266630,1753605959999,11405.58901,86,12498,534.73812,0
1753605960000,0.04278,0.04282,0.04278,0.04282,43689,1753606019999,1869.53867,27,39270,1680.43379,0
1753606020000,0.04282,0.04285,0.04281,0.04284,154549,1753606079999,6621.34382,61,117909,5051.53181,0
1753606080000,0.04283,0.04283,0.04279,0.04279,19351,1753606139999,828.47760,17,0,0,0
1753606140000,0.04279,0.04279,0.04277,0.04277,29853,1753606199999,1276.94948,47,1052,45.01216,0
1753606200000,0.04277,0.04277,0.04276,0.04276,12956,1753606259999,554.00042,21,9698,414.68834,0
1753606260000,0.04277,0.04277,0.04274,0.04274,9524,1753606319999,407.27440,24,2248,96.13702,0
1753606320000,0.04273,0.04274,0.04273,0.04273,445612,1753606379999,19041.49651,44,315703,13490.06044,0
1753606380000,0.04274,0.04276,0.04274,0.04276,68150,1753606439999,2913.72420,25,44264,1892.43857,0
1753606440000,0.04277,0.04278,0.04275,0.04277,228048,1753606499999,9753.53937,57,73615,3148.50760,0
1753606500000,0.04277,0.04277,0.04274,0.04274,195434,1753606559999,8353.57797,43,147777,6316.37274,0
1753606560000,0.04276,0.04277,0.04275,0.04276,4449,1753606619999,190.24476,10,592,25.31392,0
1753606620000,0.04275,0.04275,0.04271,0.04271,27309,1753606679999,1167.02211,28,0,0,0
1753606680000,0.04271,0.04273,0.04271,0.04272,37725,1753606739999,1611.81162,23,32490,1388.17480,0
1753606740000,0.04271,0.04274,0.04271,0.04274,8488,1753606799999,362.66494,16,1248,53.32938,0
1753606800000,0.04274,0.04274,0.04271,0.04271,72761,1753606859999,3109.12132,68,15155,647.63919,0
1753606860000,0.04271,0.04271,0.04270,0.04271,23932,1753606919999,1022.10079,23,20540,877.24722,0
1753606920000,0.04272,0.04272,0.04268,0.04272,65180,1753606979999,2783.71030,56,17348,740.83149,0
1753606980000,0.04273,0.04275,0.04273,0.04275,111319,1753607039999,4757.63945,74,31464,1344.53653,0
1753607040000,0.04275,0.04275,0.04274,0.04274,23985,1753607099999,1025.17238,38,5323,227.50502,0
1753607100000,0.04275,0.04275,0.04273,0.04273,30529,1753607159999,1304.73299,30,7056,301.50608,0
1753607160000,0.04274,0.04280,0.04274,0.0428,166559,1753607219999,7122.22231,44,21823,933.32078,0
1753607220000,0.04280,0.04282,0.04278,0.04278,136617,1753607279999,5846.33666,99,11416,488.60359,0
1753607280000,0.04278,0.04278,0.04275,0.04275,32245,1753607339999,1378.60007,80,23621,1009.81255,0
1753607340000,0.04276,0.04277,0.04275,0.04277,27087,1753607399999,1157.99271,89,2301,98.39121,0
1753607400000,0.04277,0.04277,0.04275,0.04277,9559,1753607459999,408.67275,63,7358,314.57601,0
1753607460000,0.04277,0.04279,0.04275,0.04279,39691,1753607519999,1697.46903,114,3953,169.05475,0
1753607520000,0.04279,0.04281,0.04276,0.04277,119859,1753607579999,5129.24692,120,62033,2655.26583,0
1753607580000,0.04277,0.04277,0.04273,0.04273,36720,1753607639999,1569.37805,73,768,32.82636,0
1753607640000,0.04273,0.04274,0.04271,0.04273,11245,1753607699999,480.45685,74,4321,184.61781,0
1753607700000,0.04273,0.04273,0.04269,0.04272,69231,1753607759999,2956.14690,89,54264,2317.07865,0
1753607760000,0.04272,0.04273,0.04269,0.04269,24129,1753607819999,1030.44498,96,4021,171.72202,0
1753607820000,0.04269,0.04269,0.04266,0.04268,13547,1753607879999,578.25203,66,12201,520.81356,0
1753607880000,0.04268,0.04270,0.04267,0.0427,20235,1753607939999,863.64780,80,5215,222.61944,0
1753607940000,0.04270,0.04271,0.04269,0.04271,6263,1753607999999,267.38113,71,1359,58.02937,0
1753608000000,0.04271,0.04271,0.04266,0.04267,30762,1753608059999,1312.50575,87,3387,144.50636,0
1753608060000,0.04267,0.04267,0.04265,0.04266,103548,1753608119999,4416.77448,102,1713,73.06048,0
1753608120000,0.04266,0.04269,0.04265,0.04269,4583,1753608179999,195.50438,22,2189,93.40028,0
1753608180000,0.04269,0.04271,0.04269,0.04271,13718,1753608239999,585.80194,21,3570,152.45128,0
1753608240000,0.04271,0.04271,0.04269,0.0427,13373,1753608299999,571.04314,25,4199,179.30526,0
1753608300000,0.04269,0.04269,0.04267,0.04269,14341,1753608359999,612.05591,29,2723,116.23277,0
1753608360000,0.04268,0.04268,0.04266,0.04267,58069,1753608419999,2478.20972,43,4189,178.75508,0
1753608420000,0.04266,0.04267,0.04264,0.04267,223013,1753608479999,9510.54886,60,6312,269.32781,0
1753608480000,0.04267,0.04268,0.04265,0.04267,26592,1753608539999,1134.64101,30,17160,732.24205,0
1753608540000,0.04266,0.04266,0.04259,0.04261,543607,1753608599999,23160.11974,118,21121,900.00290,0
1753608600000,0.04261,0.04261,0.04258,0.0426,58962,1753608659999,2511.40435,52,9404,400.62808,0
1753608660000,0.04260,0.04262,0.04259,0.04259,316516,1753608719999,13486.62785,71,248915,10606.96750,0
1753608720000,0.04259,0.04259,0.04257,0.04257,117705,1753608779999,5011.94772,57,1927,82.04284,0
1753608780000,0.04258,0.04258,0.04256,0.04258,53524,1753608839999,2278.57995,30,44989,1915.26262,0
1753608840000,0.04259,0.04260,0.04256,0.04258,164715,1753608899999,7013.39101,60,45519,1938.73202,0
1753608900000,0.04259,0.04263,0.04259,0.04263,70733,1753608959999,3013.98206,44,56503,2407.56188,0
1753608960000,0.04262,0.04263,0.04260,0.04262,72207,1753609019999,3077.54885,40,50078,2134.49498,0
1753609020000,0.04263,0.04266,0.04263,0.04266,168965,1753609079999,7206.64293,51,161053,6869.27525,0
1753609080000,0.04265,0.04270,0.04265,0.0427,104632,1753609139999,4465.82459,44,101861,4347.64144,0
1753609140000,0.04269,0.04269,0.04265,0.04267,149788,1753609199999,6391.15788,50,32207,1373.89493,0
1753609200000,0.04267,0.04267,0.04265,0.04265,10630,1753609259999,453.55178,20,0,0,0
1753609260000,0.04265,0.04265,0.04263,0.04263,48717,1753609319999,2077.39364,53,417,17.77671,0
1753609320000,0.04263,0.04264,0.04261,0.04261,44188,1753609379999,1883.28154,45,1732,73.83557,0
1753609380000,0.04260,0.04260,0.04257,0.04257,80095,1753609439999,3410.84854,57,0,0,0
1753609440000,0.04256,0.04256,0.04252,0.04256,181058,1753609499999,7702.29400,66,55210,2349.03009,0
1753609500000,0.04258,0.04258,0.04255,0.04255,89562,1753609559999,3811.46350,44,12565,534.77084,0
1753609560000,0.04254,0.04255,0.04251,0.04251,557500,1753609619999,23708.30367,68,64682,2751.57352,0
1753609620000,0.04252,0.04252,0.04251,0.04252,28349,1753609679999,1205.35227,18,16414,697.92328,0
1753609680000,0.04251,0.04252,0.04249,0.04252,137103,1753609739999,5827.35983,57,51860,2204.86400,0
1753609740000,0.04253,0.04254,0.04251,0.04253,47360,1753609799999,2014.09992,39,21852,929.38687,0
1753609800000,0.04252,0.04253,0.04252,0.04252,2944,1753609859999,125.18236,11,348,14.80044,0
1753609860000,0.04253,0.04254,0.04252,0.04252,23563,1753609919999,1002.18825,22,8397,357.18634,0
1753609920000,0.04252,0.04256,0.04252,0.04256,4286,1753609979999,182.30172,14,3859,164.14568,0
1753609980000,0.04257,0.04258,0.04250,0.0425,217946,1753610039999,9270.77900,95,5832,248.27157,0
1753610040000,0.04251,0.04252,0.04250,0.04252,99780,1753610099999,4241.71338,23,99545,4231.72118,0
1753610100000,0.04252,0.04252,0.04249,0.04251,22916,1753610159999,974.15661,34,10317,438.61814,0
1753610160000,0.04251,0.04255,0.04249,0.04255,355541,1753610219999,15115.16535,91,83969,3571.84362,0
1753610220000,0.04256,0.04258,0.04254,0.04258,75077,1753610279999,3196.11585,37,61372,2612.98525,0
1753610280000,0.04259,0.04261,0.04258,0.04259,395628,1753610339999,16855.08732,71,216625,9228.91956,0
1753610340000,0.04259,0.04260,0.04258,0.0426,3063,1753610399999,130.45356,8,1242,52.89925,0
1753610400000,0.04258,0.04260,0.04258,0.04259,19722,1753610459999,839.92121,33,9530,405.88272,0
1753610460000,0.04260,0.04268,0.04260,0.04268,253150,1753610519999,10795.73861,124,217136,9260.10949,0
1753610520000,0.04268,0.04268,0.04267,0.04267,50978,1753610579999,2175.53911,49,18470,788.13175,0
1753610580000,0.04268,0.04269,0.04268,0.04268,35619,1753610639999,1520.48214,44,30467,1300.59478,0
1753610640000,0.04267,0.04268,0.04267,0.04268,5011,1753610699999,213.84447,20,760,32.43680,0
1753610700000,0.04268,0.04271,0.04268,0.04271,29829,1753610759999,1273.57270,34,27560,1176.73178,0
1753610760000,0.04270,0.04271,0.04270,0.0427,136854,1753610819999,5843.83423,29,4166,177.92986,0
1753610820000,0.04271,0.04273,0.04271,0.04273,18968,1753610879999,810.16804,30,6868,293.37704,0
1753610880000,0.04273,0.04274,0.04272,0.04273,82121,1753610939999,3508.89724,37,75342,3219.25417,0
1753610940000,0.04274,0.04274,0.04274,0.04274,6385,1753610999999,272.89490,11,5444,232.67656,0
1753611000000,0.04274,0.04275,0.04274,0.04274,162009,1753611059999,6925.09294,70,32971,1409.51025,0
1753611060000,0.04274,0.04276,0.04273,0.04276,19576,1753611119999,836.78658,22,19312,825.50586,0
1753611120000,0.04277,0.04278,0.04277,0.04277,164639,1753611179999,7043.21480,61,72812,3114.89736,0
1753611180000,0.04277,0.04277,0.04276,0.04277,11562,1753611239999,494.48311,21,4743,202.85811,0
1753611240000,0.04276,0.04276,0.04275,0.04275,25294,1753611299999,1081.56628,13,141,6.02916,0
1753611300000,0.04274,0.04279,0.04274,0.04279,103191,1753611359999,4413.39427,55,73307,3135.88673,0
1753611360000,0.04279,0.04279,0.04276,0.04276,18703,1753611419999,800.04984,25,0,0,0
1753611420000,0.04275,0.04278,0.04275,0.04278,38221,1753611479999,1634.98702,24,36973,1581.63326,0
1753611480000,0.04278,0.04278,0.04276,0.04278,5905,1753611539999,252.53937,22,3284,140.46541,0
1753611540000,0.04279,0.04283,0.04279,0.04283,75996,1753611599999,3253.66495,31,57358,2456.13745,0
1753611600000,0.04283,0.04287,0.04283,0.04287,29801,1753611659999,1276.90572,23,18853,807.88136,0
1753611660000,0.04286,0.04286,0.04284,0.04284,17358,1753611719999,743.87758,18,1025,43.91100,0
1753611720000,0.04284,0.04287,0.04284,0.04287,22770,1753611779999,975.87602,20,20288,869.53610,0
1753611780000,0.04287,0.04290,0.04286,0.04288,52963,1753611839999,2270.99873,36,31813,1364.15319,0
1753611840000,0.04289,0.04289,0.04287,0.04287,3520,1753611899999,150.91652,9,1166,49.99808,0
1753611900000,0.04286,0.04286,0.04282,0.04283,26486,1753611959999,1134.31373,35,16358,700.46489,0
1753611960000,0.04282,0.04284,0.04282,0.04284,21998,1753612019999,942.26433,21,13404,574.11226,0
1753612020000,0.04284,0.04285,0.04284,0.04285,3868,1753612079999,165.71072,13,1856,79.51664,0
1753612080000,0.04284,0.04284,0.04283,0.04283,74078,1753612139999,3172.95780,27,7811,334.62324,0
1753612140000,0.04283,0.04284,0.04282,0.04284,8435,1753612199999,361.28623,13,8156,349.33945,0
1753612200000,0.04283,0.04284,0.04280,0.04282,122556,1753612259999,5247.21760,43,11606,496.87434,0
1753612260000,0.04282,0.04286,0.04282,0.04286,171879,1753612319999,7363.55964,52,167377,7170.67312,0
1753612320000,0.04286,0.04287,0.04286,0.04287,90826,1753612379999,3893.70276,39,3935,168.69345,0
1753612380000,0.04286,0.04287,0.04284,0.04287,63347,1753612439999,2715.44470,27,55475,2378.12665,0
1753612440000,0.04287,0.04289,0.04287,0.04289,41182,1753612499999,1766.13266,19,40252,1726.26356,0
1753612500000,0.04290,0.04291,0.04289,0.0429,64039,1753612559999,2746.95223,49,31791,1363.77154,0
1753612560000,0.04289,0.04289,0.04289,0.04289,7378,1753612619999,316.44242,16,5295,227.10255,0
1753612620000,0.04289,0.04292,0.04289,0.04292,17965,1753612679999,770.59598,15,17432,747.73561,0
1753612680000,0.04292,0.04292,0.04289,0.04289,31060,1753612739999,1332.64484,32,6635,284.58007,0
1753612740000,0.04288,0.04290,0.04288,0.0429,27645,1753612799999,1185.86205,24,23797,1020.82869,0
1753612800000,0.04291,0.04298,0.04291,0.04298,186988,1753612859999,8029.01522,76,147553,6335.89589,0
1753612860000,0.04298,0.04306,0.04297,0.04305,814724,1753612919999,35042.35934,155,730137,31401.61563,0
1753612920000,0.04304,0.04308,0.04303,0.04303,159018,1753612979999,6846.39248,48,96386,4150.22179,0
1753612980000,0.04304,0.04304,0.04300,0.043,224963,1753613039999,9676.62883,71,101111,4349.49492,0
1753613040000,0.04301,0.04306,0.04301,0.04304,323128,1753613099999,13904.97784,65,301611,12979.34091,0
1753613100000,0.04304,0.04304,0.04301,0.04302,186663,1753613159999,8030.75840,59,30608,1316.69690,0
1753613160000,0.04302,0.04305,0.04302,0.04304,10304,1753613219999,443.39809,10,7976,343.20728,0
1753613220000,0.04304,0.04304,0.04302,0.04303,36852,1753613279999,1585.97213,16,359,15.44777,0
1753613280000,0.04303,0.04314,0.04303,0.04314,116579,1753613339999,5022.82737,68,104746,4512.63314,0
1753613340000,0.04315,0.04318,0.04313,0.04315,555842,1753613399999,23985.47497,93,188710,8143.07992,0
1753613400000,0.04316,0.04317,0.04310,0.04315,347640,1753613459999,14991.44473,118,49748,2146.34884,0
1753613460000,0.04315,0.04318,0.04315,0.04317,60079,1753613519999,2593.51166,23,26189,1130.43679,0
1753613520000,0.04317,0.04321,0.04315,0.04318,608826,1753613579999,26292.16679,144,421053,18185.03906,0
1753613580000,0.04318,0.04319,0.04317,0.04318,122637,1753613639999,5296.19724,40,77187,3333.46855,0
1753613640000,0.04318,0.04319,0.04316,0.04316,96164,1753613699999,4151.04525,41,33050,1426.78302,0
1753613700000,0.04316,0.04318,0.04316,0.04318,50676,1753613759999,2187.90962,24,38198,1649.15351,0
1753613760000,0.04317,0.04319,0.04317,0.04317,102298,1753613819999,4416.96560,54,39491,1705.12769,0
1753613820000,0.04318,0.04319,0.04307,0.04308,182186,1753613879999,7859.66485,82,73548,3173.50693,0
1753613880000,0.04309,0.04313,0.04309,0.04312,109916,1753613939999,4738.56109,36,41411,1785.51843,0
1753613940000,0.04313,0.04315,0.04313,0.04314,50518,1753613999999,2179.20260,33,26155,1128.09707,0
1753614000000,0.04314,0.04317,0.04314,0.04314,161416,1753614059999,6965.51275,88,43272,1867.61817,0
1753614060000,0.04313,0.04319,0.04313,0.04319,262391,1753614119999,11325.50768,74,67816,2927.52755,0
1753614120000,0.04319,0.04319,0.04318,0.04318,68118,1753614179999,2941.40881,51,31992,1381.48813,0
1753614180000,0.04318,0.04318,0.04315,0.04315,141965,1753614239999,6128.11382,63,11424,493.04311,0
1753614240000,0.04315,0.04320,0.04302,0.04314,2946865,1753614299999,127065.94243,503,311641,13448.12699,0
1753614300000,0.04315,0.04317,0.04314,0.04315,475676,1753614359999,20528.70988,100,142266,6139.68179,0
1753614360000,0.04315,0.04315,0.04310,0.0431,148337,1753614419999,6397.93696,64,521,22.46552,0
1753614420000,0.04311,0.04311,0.04308,0.0431,138347,1753614479999,5961.69339,70,74923,3228.88163,0
1753614480000,0.04311,0.04314,0.04311,0.04312,68055,1753614539999,2934.70214,43,52356,2257.68894,0
1753614540000,0.04312,0.04312,0.04310,0.04311,40684,1753614599999,1753.88781,25,3453,148.86077,0
1753614600000,0.04310,0.04314,0.04309,0.04312,50974,1753614659999,2198.11183,32,3134,135.18348,0
1753614660000,0.04313,0.04314,0.04312,0.04314,49723,1753614719999,2144.55536,45,24514,1057.29259,0
1753614720000,0.04313,0.04314,0.04312,0.04314,84285,1753614779999,3634.78170,47,47302,2039.70790,0
1753614780000,0.04313,0.04316,0.04313,0.04316,37861,1753614839999,1633.54901,20,26753,1154.39126,0
1753614840000,0.04317,0.04319,0.04313,0.04313,366971,1753614899999,15843.54291,102,282938,12217.29642,0
1753614900000,0.04313,0.04315,0.04312,0.04315,55231,1753614959999,2382.65993,28,13976,602.90614,0
1753614960000,0.04315,0.04321,0.04315,0.0432,57231,1753615019999,2472.22152,29,5788,249.99887,0
1753615020000,0.04320,0.04324,0.04320,0.04324,868884,1753615079999,37552.11333,130,590594,25524.59011,0
1753615080000,0.04324,0.04324,0.04320,0.04322,233302,1753615139999,10084.42443,65,88757,3836.49886,0
1753615140000,0.04321,0.04321,0.04319,0.04319,134632,1753615199999,5816.93986,33,1612,69.65452,0
1753615200000,0.04319,0.04322,0.04318,0.04322,123053,1753615259999,5316.87505,40,67911,2934.88358,0
1753615260000,0.04322,0.04325,0.04322,0.04324,357634,1753615319999,15464.05112,72,324620,14036.89952,0
1753615320000,0.04323,0.04323,0.04322,0.04322,24074,1753615379999,1040.53009,21,9327,403.13607,0
1753615380000,0.04321,0.04321,0.04315,0.04315,161033,1753615439999,6954.74266,53,20661,892.32400,0
1753615440000,0.04314,0.04317,0.04314,0.04317,50033,1753615499999,2159.35988,19,50033,2159.35988,0
1753615500000,0.04317,0.04321,0.04315,0.04317,110963,1753615559999,4790.93637,51,19939,861.18492,0
1753615560000,0.04317,0.04321,0.04317,0.04321,251327,1753615619999,10855.46311,54,216776,9363.55670,0
1753615620000,0.04321,0.04323,0.04321,0.04321,129217,1753615679999,5584.71214,27,29740,1285.36280,0
1753615680000,0.04320,0.04320,0.04317,0.04317,71246,1753615739999,3077.16845,21,2976,128.50368,0
1753615740000,0.04317,0.04321,0.04317,0.04321,14720,1753615799999,635.89821,13,14720,635.89821,0
1753615800000,0.04321,0.04321,0.04319,0.0432,15321,1753615859999,661.88694,14,6211,268.36571,0
1753615860000,0.04319,0.04329,0.04318,0.04327,1003533,1753615919999,43408.18328,247,918173,39718.43133,0
1753615920000,0.04327,0.04328,0.04324,0.04324,130273,1753615979999,5636.59809,58,45857,1984.54753,0
1753615980000,0.04324,0.04325,0.04324,0.04324,18625,1753616039999,805.37532,14,7941,343.39916,0
1753616040000,0.04325,0.04325,0.04322,0.04322,122666,1753616099999,5303.93076,40,3915,169.32375,0
1753616100000,0.04321,0.04324,0.04320,0.04322,135279,1753616159999,5846.37449,57,48068,2077.50534,0
1753616160000,0.04322,0.04322,0.04316,0.04317,265205,1753616219999,11452.73496,115,155058,6695.59255,0
1753616220000,0.04319,0.04319,0.04312,0.04314,131000,1753616279999,5651.66060,109,9562,412.58448,0
1753616280000,0.04314,0.04314,0.04305,0.04305,184929,1753616339999,7968.93053,111,18631,802.98399,0
1753616340000,0.04305,0.04309,0.04305,0.04307,129792,1753616399999,5589.82524,61,40408,1740.21054,0
1753616400000,0.04307,0.04309,0.04305,0.04309,220358,1753616459999,9490.43116,96,101308,4363.81855,0
1753616460000,0.04310,0.04315,0.04310,0.04314,91993,1753616519999,3968.36701,73,36181,1560.59022,0
1753616520000,0.04314,0.04317,0.04314,0.04316,659213,1753616579999,28450.44120,152,569657,24586.21445,0
1753616580000,0.04316,0.04317,0.04314,0.04314,232653,1753616639999,10039.32155,86,141272,6096.02607,0
1753616640000,0.04314,0.04315,0.04312,0.04313,121411,1753616699999,5237.14667,51,89088,3843.01095,0
1753616700000,0.04313,0.04314,0.04309,0.04314,261449,1753616759999,11271.58070,101,102080,4401.31763,0
1753616760000,0.04313,0.04314,0.04306,0.04307,200340,1753616819999,8634.82798,66,74557,3212.92038,0
1753616820000,0.04308,0.04310,0.04303,0.04303,459946,1753616879999,19799.91586,110,379802,16348.83197,0
1753616880000,0.04304,0.04305,0.04299,0.04304,414615,1753616939999,17831.74995,122,30023,1291.98209,0
1753616940000,0.04303,0.04307,0.04303,0.04307,99075,1753616999999,4264.50662,46,27509,1184.13778,0
1753617000000,0.04307,0.04307,0.04306,0.04306,100651,1753617059999,4334.17781,40,69886,3009.31635,0
1753617060000,0.04307,0.04308,0.04304,0.04304,104030,1753617119999,4479.77884,56,59285,2553.52216,0
1753617120000,0.04303,0.04304,0.04303,0.04304,48009,1753617179999,2066.15076,22,31701,1364.41104,0
1753617180000,0.04304,0.04310,0.04304,0.04308,217134,1753617239999,9349.35124,72,89399,3850.32779,0
1753617240000,0.04307,0.04307,0.04305,0.04305,14151,1753617299999,609.39336,13,623,26.83261,0
1753617300000,0.04305,0.04305,0.04297,0.04298,227485,1753617359999,9780.76244,75,75904,3263.86610,0
1753617360000,0.04297,0.04297,0.04295,0.04295,9536,1753617419999,409.61988,10,0,0,0
1753617420000,0.04294,0.04296,0.04294,0.04295,104848,1753617479999,4503.12697,34,44789,1923.68335,0
1753617480000,0.04296,0.04298,0.04296,0.04297,4815,1753617539999,206.89713,13,1083,46.53100,0
1753617540000,0.04301,0.04305,0.04301,0.04304,69367,1753617599999,2985.55214,17,28472,1225.41781,0
1753617600000,0.04303,0.04304,0.04302,0.04303,210605,1753617659999,9062.30056,74,27485,1182.78635,0
1753617660000,0.04303,0.04306,0.04300,0.04306,267101,1753617719999,11495.14591,87,161835,6965.92362,0
1753617720000,0.04306,0.04308,0.04305,0.04308,89703,1753617779999,3863.01513,48,62416,2688.14298,0
1753617780000,0.04308,0.04309,0.04308,0.04309,86140,1753617839999,3711.67053,31,12071,520.04119,0
1753617840000,0.04310,0.04312,0.04309,0.04311,136965,1753617899999,5904.36400,75,64655,2787.60916,0
1753617900000,0.04311,0.04315,0.04310,0.04311,165472,1753617959999,7136.56314,74,78261,3375.62774,0
1753617960000,0.04310,0.04311,0.04305,0.04305,152157,1753618019999,6557.12090,64,89502,3857.22443,0
1753618020000,0.04305,0.04306,0.04302,0.04305,292091,1753618079999,12571.37079,86,165338,7116.40687,0
1753618080000,0.04305,0.04309,0.04305,0.04308,84495,1753618139999,3638.70120,51,9039,389.26046,0
1753618140000,0.04307,0.04312,0.04307,0.04311,145922,1753618199999,6290.95305,63,73795,3181.61201,0
1753618200000,0.04310,0.04310,0.04304,0.04304,293354,1753618259999,12637.50119,77,48253,2077.58324,0
1753618260000,0.04303,0.04303,0.04301,0.04303,121620,1753618319999,5231.89208,66,25064,1078.33688,0
1753618320000,0.04304,0.04308,0.04304,0.04308,41216,1753618379999,1774.43894,42,24164,1040.36039,0
1753618380000,0.04308,0.04314,0.04308,0.04312,131994,1753618439999,5690.03401,114,48653,2097.04951,0
1753618440000,0.04312,0.04313,0.04310,0.04311,123926,1753618499999,5342.80875,82,76104,3281.08255,0
1753618500000,0.04311,0.04314,0.04309,0.0431,207550,1753618559999,8948.85426,80,110732,4774.74617,0
1753618560000,0.04309,0.04310,0.04307,0.04309,52169,1753618619999,2247.79713,44,10719,461.89204,0
1753618620000,0.04309,0.04310,0.04305,0.04307,111933,1753618679999,4821.04769,55,64384,2773.11927,0
1753618680000,0.04307,0.04311,0.04306,0.04311,30270,1753618739999,1304.00326,31,10722,462.05240,0
1753618740000,0.04312,0.04314,0.04312,0.04313,55219,1753618799999,2381.17739,36,24583,1060.08967,0
1753618800000,0.04312,0.04313,0.04309,0.0431,22405,1753618859999,965.83440,24,8979,386.92944,0
1753618860000,0.04311,0.04315,0.04310,0.04315,167588,1753618919999,7227.28822,55,159024,6858.00528,0
1753618920000,0.04316,0.04330,0.04315,0.04325,3964606,1753618979999,171562.24930,341,2152771,93118.79043,0
1753618980000,0.04325,0.04327,0.04320,0.04321,676312,1753619039999,29244.25603,115,509129,22016.77304,0
1753619040000,0.04320,0.04322,0.04320,0.04322,321442,1753619099999,13891.35412,45,299661,12950.33098,0
1753619100000,0.04322,0.04324,0.04318,0.04318,189862,1753619159999,8205.44063,64,75723,3273.50222,0
1753619160000,0.04320,0.04323,0.04320,0.0432,320956,1753619219999,13867.47618,76,277252,11979.35710,0
1753619220000,0.04319,0.04319,0.04316,0.04316,166570,1753619279999,7193.47119,32,73322,3166.76274,0
1753619280000,0.04315,0.04317,0.04311,0.04311,195816,1753619339999,8449.67752,58,89887,3879.65480,0
1753619340000,0.04311,0.04311,0.04303,0.04304,572279,1753619399999,24648.82977,76,187019,8054.18835,0
1753619400000,0.04305,0.04313,0.04305,0.04311,281339,1753619459999,12124.63266,115,190214,8197.72710,0
1753619460000,0.04311,0.04314,0.04310,0.04314,305850,1753619519999,13187.54355,99,263481,11360.35386,0
1753619520000,0.04314,0.04317,0.04309,0.0431,443655,1753619579999,19140.45122,130,347356,14985.39824,0
1753619580000,0.04310,0.04311,0.04302,0.04302,377680,1753619639999,16266.04700,132,234199,10088.19518,0
1753619640000,0.04303,0.04305,0.04298,0.04301,1086577,1753619699999,46724.15516,208,254392,10942.84614,0
1753619700000,0.04301,0.04301,0.04291,0.04292,406756,1753619759999,17481.97717,190,100769,4331.89268,0
1753619760000,0.04292,0.04301,0.04292,0.04298,371272,1753619819999,15949.44469,115,270398,11613.71923,0
1753619820000,0.04297,0.04309,0.04297,0.04308,373138,1753619879999,16063.06956,98,250895,10799.89212,0
1753619880000,0.04308,0.04308,0.04301,0.04305,2939724,1753619939999,126516.31251,121,437757,18837.98565,0
1753619940000,0.04305,0.04307,0.04300,0.04302,2160155,1753619999999,92928.82895,153,166824,7177.24174,0
1753620000000,0.04303,0.04305,0.04302,0.04305,662063,1753620059999,28497.50315,96,554706,23877.27886,0
1753620060000,0.04305,0.04305,0.04304,0.04305,179605,1753620119999,7731.99028,72,119422,5141.11710,0
1753620120000,0.04304,0.04310,0.04304,0.04309,880528,1753620179999,37924.22501,113,847467,36500.21746,0
1753620180000,0.04308,0.04319,0.04308,0.04317,2184120,1753620239999,94253.92972,288,1438354,62074.04100,0
1753620240000,0.04318,0.04318,0.04313,0.04314,762067,1753620299999,32879.68498,95,385101,16612.48701,0
1753620300000,0.04315,0.04317,0.04314,0.04314,318563,1753620359999,13747.06901,71,65646,2833.37995,0
1753620360000,0.04315,0.04320,0.04314,0.04314,247297,1753620419999,10675.50364,87,179400,7743.94446,0
1753620420000,0.04315,0.04323,0.04312,0.04323,626321,1753620479999,27038.16096,115,430801,18600.56352,0
1753620480000,0.04323,0.04335,0.04322,0.04334,875812,1753620539999,37917.82642,174,843727,36528.60236,0
1753620540000,0.04334,0.04344,0.04334,0.04341,1390875,1753620599999,60353.51821,226,1171273,50820.35974,0
1753620600000,0.04341,0.04342,0.04336,0.04338,733569,1753620659999,31828.66225,140,530832,23030.77300,0
1753620660000,0.04338,0.04343,0.04337,0.0434,496876,1753620719999,21567.39440,114,285976,12414.70288,0
1753620720000,0.04340,0.04361,0.04340,0.04356,4376549,1753620779999,190571.71957,612,3936483,171417.10747,0
1753620780000,0.04356,0.04364,0.04354,0.04362,1075491,1753620839999,46870.51375,167,764968,33341.30892,0
1753620840000,0.04362,0.04366,0.04361,0.04361,927408,1753620899999,40466.00646,173,523929,22862.72741,0
1753620900000,0.04361,0.04370,0.04356,0.04367,1556187,1753620959999,67952.67885,236,1314028,57382.09603,0
1753620960000,0.04367,0.04371,0.04366,0.04368,891749,1753621019999,38953.61803,92,692129,30232.46563,0
1753621020000,0.04369,0.04370,0.04363,0.04365,1104423,1753621079999,48212.84249,140,141033,6155.53593,0
1753621080000,0.04366,0.04368,0.04361,0.04367,790352,1753621139999,34490.70050,161,313852,13700.78250,0
1753621140000,0.04367,0.04373,0.04367,0.04371,661051,1753621199999,28887.60736,142,545760,23848.84129,0
1753621200000,0.04370,0.04376,0.04361,0.04362,1606598,1753621259999,70208.77566,378,535889,23419.24860,0
1753621260000,0.04361,0.04361,0.04355,0.04358,983023,1753621319999,42835.53414,472,504092,21966.82303,0
1753621320000,0.04358,0.04365,0.04357,0.04361,840149,1753621379999,36639.89139,171,430545,18780.96467,0
1753621380000,0.04361,0.04367,0.04359,0.04366,624941,1753621439999,27262.10960,128,236490,10319.66810,0
1753621440000,0.04367,0.04370,0.04361,0.04362,612790,1753621499999,26739.86088,121,213217,9306.86482,0
1753621500000,0.04360,0.04361,0.04346,0.04347,1406330,1753621559999,61176.43940,243,261773,11401.61282,0
1753621560000,0.04347,0.04347,0.04336,0.04337,1244859,1753621619999,54055.90078,208,238630,10352.47551,0
1753621620000,0.04338,0.04338,0.04330,0.0433,421271,1753621679999,18256.50795,153,77182,3345.82451,0
1753621680000,0.04329,0.04339,0.04328,0.04336,3188882,1753621739999,138120.92662,228,2973715,128801.50172,0
1753621740000,0.04336,0.04340,0.04335,0.04338,298557,1753621799999,12951.55919,131,179598,7790.88456,0
1753621800000,0.04338,0.04339,0.04333,0.04337,753871,1753621859999,32685.56880,143,539264,23381.51273,0
1753621860000,0.04336,0.04343,0.04336,0.04338,65162,1753621919999,2828.00455,65,21230,921.11585,0
1753621920000,0.04337,0.04338,0.04331,0.04331,154200,1753621979999,6686.34196,79,56662,2457.40643,0
1753621980000,0.04332,0.04333,0.04331,0.04331,215716,1753622039999,9344.44452,98,79124,3428.02167,0
1753622040000,0.04330,0.04336,0.04328,0.04334,574446,1753622099999,24890.94817,167,462151,20028.72526,0
1753622100000,0.04334,0.04338,0.04333,0.04338,350279,1753622159999,15187.56299,144,327789,14212.50426,0
1753622160000,0.04338,0.04338,0.04335,0.04337,125986,1753622219999,5462.59966,51,60324,2615.78178,0
1753622220000,0.04336,0.04336,0.04331,0.04331,123974,1753622279999,5370.29096,47,11482,497.31172,0
1753622280000,0.04332,0.04335,0.04332,0.04334,83824,1753622339999,3632.84569,60,40028,1734.58857,0
1753622340000,0.04333,0.04333,0.04329,0.04333,137088,1753622399999,5937.51809,57,41565,1800.46544,0
1753622400000,0.04332,0.04334,0.04328,0.0433,198311,1753622459999,8587.86372,60,73940,3201.16951,0
1753622460000,0.04327,0.04329,0.04323,0.04327,306595,1753622519999,13265.33121,93,172350,7457.78441,0
1753622520000,0.04327,0.04333,0.04327,0.04333,179573,1753622579999,7777.68657,73,140537,6087.24410,0
1753622580000,0.04332,0.04332,0.04328,0.04328,72035,1753622639999,3118.81738,40,5021,217.35545,0
1753622640000,0.04326,0.04330,0.04326,0.0433,51827,1753622699999,2243.73774,33,45165,1955.47888,0
1753622700000,0.04330,0.04332,0.04329,0.04329,127085,1753622759999,5503.05827,49,58798,2546.45747,0
1753622760000,0.04330,0.04344,0.04329,0.04342,971433,1753622819999,42126.32636,241,880499,38181.69417,0
1753622820000,0.04342,0.04342,0.04337,0.0434,538178,1753622879999,23359.48694,102,55247,2397.90472,0
1753622880000,0.04340,0.04340,0.04334,0.04334,129844,1753622939999,5631.82271,46,2668,115.65780,0
1753622940000,0.04334,0.04338,0.04334,0.04338,395701,1753622999999,17157.07679,48,365211,15835.45684,0
1753623000000,0.04338,0.04339,0.04334,0.04334,174182,1753623059999,7553.21344,89,62599,2715.40758,0
1753623060000,0.04334,0.04334,0.04330,0.0433,140704,1753623119999,6095.81109,69,58893,2551.95976,0
1753623120000,0.04329,0.04330,0.04308,0.04312,5358630,1753623179999,231444.03043,509,1540444,66501.85835,0
1753623180000,0.04312,0.04313,0.04304,0.04306,673888,1753623239999,29029.33593,124,109374,4711.41674,0
1753623240000,0.04307,0.04309,0.04304,0.04307,484573,1753623299999,20871.22444,93,318117,13702.84034,0
1753623300000,0.04307,0.04312,0.04306,0.04308,622630,1753623359999,26835.44519,161,439682,18951.89376,0
1753623360000,0.04309,0.04309,0.04306,0.04307,379496,1753623419999,16347.81618,58,46840,2017.34057,0
1753623420000,0.04307,0.04311,0.04307,0.04311,1181428,1753623479999,50919.38135,60,1136029,48962.97344,0
1753623480000,0.04311,0.04316,0.04311,0.04313,728944,1753623539999,31448.97422,131,256242,11054.76862,0
1753623540000,0.04316,0.04320,0.04316,0.04318,221269,1753623599999,9557.33068,59,84270,3639.62810,0
1753623600000,0.04319,0.04323,0.04318,0.0432,317942,1753623659999,13736.54258,104,159188,6878.69511,0
1753623660000,0.04320,0.04321,0.04315,0.04321,627158,1753623719999,27094.37526,89,328790,14205.95109,0
1753623720000,0.04321,0.04324,0.04320,0.04324,354259,1753623779999,15310.02116,135,194005,8383.98499,0
1753623780000,0.04324,0.04326,0.04320,0.04324,223991,1753623839999,9682.56533,97,86419,3735.58813,0
1753623840000,0.04326,0.04326,0.04323,0.04323,199317,1753623899999,8619.71376,138,96790,4185.50627,0
1753623900000,0.04322,0.04323,0.04320,0.0432,151190,1753623959999,6533.72589,110,85037,3674.92530,0
1753623960000,0.04320,0.04321,0.04314,0.04316,60804,1753624019999,2625.20424,42,48318,2086.08490,0
1753624020000,0.04317,0.04323,0.04317,0.04323,132113,1753624079999,5707.81234,74,120236,5194.83995,0
1753624080000,0.04323,0.04325,0.04321,0.04324,48381,1753624139999,2091.74177,39,31342,1355.31967,0
1753624140000,0.04323,0.04326,0.04322,0.04324,65239,1753624199999,2821.17808,49,41090,1777.22400,0
1753624200000,0.04322,0.04325,0.04319,0.04322,188786,1753624259999,8161.90305,85,113318,4899.88399,0
1753624260000,0.04322,0.04323,0.04321,0.04321,24534,1753624319999,1060.46415,93,11876,513.36198,0
1753624320000,0.04321,0.04323,0.04319,0.0432,45526,1753624379999,1967.38269,107,19791,855.30214,0
1753624380000,0.04320,0.04321,0.04316,0.04316,131958,1753624439999,5696.24206,129,1854,80.07756,0
1753624440000,0.04316,0.04318,0.04311,0.04311,68338,1753624499999,2947.86165,104,9728,419.98431,0
1753624500000,0.04311,0.04316,0.04311,0.04316,111436,1753624559999,4806.38531,102,80775,3483.86515,0
1753624560000,0.04316,0.04322,0.04315,0.04316,252016,1753624619999,10884.49541,153,167068,7217.67633,0
1753624620000,0.04316,0.04319,0.04316,0.04317,213242,1753624679999,9206.84921,84,11654,503.20802,0
1753624680000,0.04318,0.04320,0.04317,0.0432,154823,1753624739999,6686.54192,65,32248,1392.78622,0
1753624740000,0.04321,0.04321,0.04317,0.04317,202460,1753624799999,8744.31509,72,36222,1564.77894,0
1753624800000,0.04317,0.04325,0.04316,0.04325,110273,1753624859999,4764.38589,93,80084,3460.48536,0
1753624860000,0.04325,0.04333,0.04325,0.0433,209438,1753624919999,9069.19649,105,86460,3742.96305,0
1753624920000,0.04330,0.04335,0.04330,0.04335,81807,1753624979999,3543.62708,60,70739,3064.26269,0
1753624980000,0.04335,0.04338,0.04332,0.04332,94627,1753625039999,4103.84014,87,21985,953.51000,0
1753625040000,0.04332,0.04333,0.04330,0.04333,241786,1753625099999,10472.50324,105,86254,3736.24993,0
1753625100000,0.04333,0.04333,0.04325,0.04325,203395,1753625159999,8807.58251,94,23470,1016.28332,0
1753625160000,0.04325,0.04328,0.04325,0.04325,264293,1753625219999,11435.67008,103,166327,7196.15696,0
1753625220000,0.04325,0.04326,0.04320,0.04322,102731,1753625279999,4439.12902,63,65528,2831.07748,0
1753625280000,0.04322,0.04329,0.04322,0.04329,68168,1753625339999,2947.12936,59,49493,2139.88461,0
1753625340000,0.04329,0.04332,0.04326,0.04332,84561,1753625399999,3660.26971,65,23234,1006.10604,0
1753625400000,0.04333,0.04335,0.04326,0.0433,247252,1753625459999,10701.70837,95,130087,5631.38052,0
1753625460000,0.04330,0.04330,0.04327,0.04327,97207,1753625519999,4207.77145,105,10600,458.83703,0
1753625520000,0.04327,0.04327,0.04322,0.04324,92811,1753625579999,4012.66788,88,37452,1619.11607,0
1753625580000,0.04323,0.04323,0.04319,0.04323,111158,1753625639999,4803.70888,56,13517,584.14871,0
1753625640000,0.04324,0.04325,0.04323,0.04324,95829,1753625699999,4143.36953,60,86315,3732.01960,0
1753625700000,0.04325,0.04329,0.04324,0.04326,125525,1753625759999,5430.93673,67,49994,2163.26501,0
1753625760000,0.04327,0.04336,0.04327,0.04334,89088,1753625819999,3860.62579,59,70323,3047.45599,0
1753625820000,0.04334,0.04338,0.04332,0.04338,246305,1753625879999,10676.55987,89,115777,5018.22158,0
1753625880000,0.04339,0.04340,0.04334,0.04337,146736,1753625939999,6366.03008,66,31539,1367.91009,0
1753625940000,0.04338,0.04341,0.04336,0.04337,113443,1753625999999,4922.64124,77,36548,1585.98138,0
1753626000000,0.04336,0.04336,0.04331,0.04331,126872,1753626059999,5498.71607,82,47556,2060.83177,0
1753626060000,0.04331,0.04331,0.04324,0.04324,248462,1753626119999,10755.53400,77,171225,7412.89790,0
1753626120000,0.04324,0.04328,0.04324,0.04326,126441,1753626179999,5470.96859,64,58700,2539.69489,0
1753626180000,0.04325,0.04325,0.04321,0.04323,93087,1753626239999,4024.51054,64,39376,1702.14646,0
1753626240000,0.04323,0.04323,0.04317,0.04317,346866,1753626299999,14978.86279,65,10937,472.56052,0
1753626300000,0.04316,0.04320,0.04314,0.04317,172520,1753626359999,7447.23632,67,126682,5467.78377,0
1753626360000,0.04317,0.04320,0.04317,0.04319,66506,1753626419999,2871.78249,51,56151,2424.65868,0
1753626420000,0.04319,0.04319,0.04317,0.04318,62891,1753626479999,2715.52171,50,48248,2083.31222,0
1753626480000,0.04318,0.04320,0.04316,0.04318,148385,1753626539999,6406.16823,58,23914,1032.57840,0
1753626540000,0.04317,0.04317,0.04314,0.04317,21770,1753626599999,939.44147,32,9288,400.79761,0
1753626600000,0.04318,0.04320,0.04316,0.04318,207105,1753626659999,8943.61231,85,142479,6153.19267,0
1753626660000,0.04318,0.04321,0.04318,0.0432,62811,1753626719999,2713.60203,58,33743,1457.90337,0
1753626720000,0.04321,0.04323,0.04321,0.04322,38959,1753626779999,1683.96690,38,27459,1186.93043,0
1753626780000,0.04322,0.04322,0.04318,0.04319,79385,1753626839999,3428.90228,39,54075,2335.43050,0
1753626840000,0.04317,0.04317,0.04299,0.04303,4442065,1753626899999,191241.71432,450,1271061,54667.93638,0
1753626900000,0.04303,0.04308,0.04303,0.04304,804598,1753626959999,34642.79637,133,529438,22794.72271,0
1753626960000,0.04304,0.04304,0.04296,0.043,603035,1753627019999,25934.92793,135,185898,7994.01666,0
1753627020000,0.04300,0.04301,0.04296,0.04296,348742,1753627079999,14988.74116,60,78662,3381.36786,0
1753627080000,0.04295,0.04295,0.04292,0.04292,96899,1753627139999,4160.05499,47,5169,222.00855,0
1753627140000,0.04291,0.04298,0.04288,0.04297,432574,1753627199999,18557.27448,97,151987,6522.66330,0
1753627200000,0.04297,0.04304,0.04296,0.04304,649033,1753627259999,27906.17412,140,537316,23104.62766,0
1753627260000,0.04304,0.04306,0.04303,0.04305,320580,1753627319999,13800.15415,113,213825,9205.31943,0
1753627320000,0.04305,0.04307,0.04304,0.04305,95715,1753627379999,4121.75910,87,33843,1457.57474,0
1753627380000,0.04306,0.04311,0.04306,0.04309,95692,1753627439999,4122.53664,75,62731,2702.51112,0
1753627440000,0.04308,0.04308,0.04298,0.04298,612635,1753627499999,26340.13257,127,447782,19246.66286,0
1753627500000,0.04299,0.04300,0.04288,0.04288,359747,1753627559999,15444.93206,157,30437,1307.90968,0
1753627560000,0.04287,0.04291,0.04284,0.04284,602577,1753627619999,25836.61197,112,499735,21428.49635,0
1753627620000,0.04285,0.04292,0.04284,0.0429,324916,1753627679999,13930.18083,86,279656,11989.99779,0
1753627680000,0.04290,0.04292,0.04289,0.04291,44130,1753627739999,1893.43333,44,21932,941.06470,0
1753627740000,0.04290,0.04293,0.04290,0.04293,178629,1753627799999,7663.90168,41,138158,5927.45420,0
1753627800000,0.04294,0.04297,0.04290,0.0429,279662,1753627859999,12013.10424,87,166121,7135.76099,0
1753627860000,0.04289,0.04292,0.04282,0.04292,371778,1753627919999,15929.13883,106,132826,5692.15624,0
1753627920000,0.04293,0.04302,0.04293,0.04302,66831,1753627979999,2872.38027,56,44597,1916.81051,0
1753627980000,0.04302,0.04302,0.04298,0.04298,170650,1753628039999,7338.78365,64,6840,294.17366,0
1753628040000,0.04298,0.04300,0.04296,0.04296,44414,1753628099999,1909.22389,37,9877,424.58001,0
1753628100000,0.04297,0.04304,0.04296,0.04302,786801,1753628159999,33819.45935,120,710761,30550.12166,0
1753628160000,0.04301,0.04301,0.04296,0.04299,123746,1753628219999,5320.39787,63,25486,1095.56161,0
1753628220000,0.04300,0.04300,0.04297,0.04297,204914,1753628279999,8809.34393,89,35336,1519.38223,0
1753628280000,0.04298,0.04302,0.04298,0.04302,46689,1753628339999,2007.51125,57,34652,1489.92109,0
1753628340000,0.04303,0.04303,0.04302,0.04302,47653,1753628399999,2050.34554,45,13522,581.85166,0
1753628400000,0.04301,0.04302,0.04299,0.04299,396124,1753628459999,17033.82827,128,73284,3151.52579,0
1753628460000,0.04299,0.04303,0.04297,0.04299,277044,1753628519999,11912.97155,163,192724,8286.95042,0
1753628520000,0.04299,0.04301,0.04299,0.04301,34609,1753628579999,1488.34355,35,30627,1317.15737,0
1753628580000,0.04301,0.04302,0.04300,0.04302,151912,1753628639999,6533.41901,98,50080,2154.01416,0
1753628640000,0.04303,0.04306,0.04303,0.04306,96457,1753628699999,4151.99326,75,78386,3374.21742,0
1753628700000,0.04307,0.04310,0.04293,0.04294,810492,1753628759999,34880.04660,223,515174,22185.13968,0
1753628760000,0.04295,0.04296,0.04289,0.04296,792120,1753628819999,33990.25735,126,590772,25350.92090,0
1753628820000,0.04295,0.04295,0.04285,0.04287,753476,1753628879999,32317.89401,194,164412,7051.06080,0
1753628880000,0.04287,0.04288,0.04283,0.04284,388294,1753628939999,16641.62059,132,100090,4291.15881,0
1753628940000,0.04285,0.04290,0.04284,0.04284,182752,1753628999999,7835.96543,82,104572,4484.70465,0
1753629000000,0.04283,0.04289,0.04280,0.04289,79556,1753629059999,3407.36100,83,17999,771.13402,0
1753629060000,0.04290,0.04290,0.04284,0.04285,133337,1753629119999,5717.29439,114,47941,2056.21483,0
1753629120000,0.04285,0.04292,0.04285,0.04287,694846,1753629179999,29808.39888,186,560154,24032.00017,0
1753629180000,0.04287,0.04290,0.04285,0.04287,362539,1753629239999,15542.59871,184,40091,1719.14152,0
1753629240000,0.04287,0.04289,0.04286,0.04286,717332,1753629299999,30751.17537,88,314497,13484.13732,0
1753629300000,0.04286,0.04286,0.04280,0.0428,2002708,1753629359999,85827.99722,125,337942,14480.89229,0
1753629360000,0.04280,0.04288,0.04277,0.04287,299502,1753629419999,12821.99855,86,138056,5914.05616,0
1753629420000,0.04287,0.04291,0.04284,0.04291,424985,1753629479999,18215.00505,91,67507,2893.80117,0
1753629480000,0.04292,0.04297,0.04291,0.04294,125199,1753629539999,5375.86757,77,106777,4584.86106,0
1753629540000,0.04295,0.04298,0.04293,0.04298,49328,1753629599999,2119.11263,61,32186,1382.76678,0
1753629600000,0.04298,0.04299,0.04291,0.04292,95403,1753629659999,4097.86134,70,41914,1800.36914,0
1753629660000,0.04293,0.04297,0.04292,0.04297,428403,1753629719999,18394.15967,120,19997,858.81112,0
1753629720000,0.04298,0.04298,0.04291,0.04296,511248,1753629779999,21944.54079,74,459759,19732.97608,0
1753629780000,0.04297,0.04298,0.04294,0.04295,918818,1753629839999,39475.52559,126,557473,23949.78542,0
1753629840000,0.04295,0.04300,0.04295,0.04296,58502,1753629899999,2514.30096,42,38452,1652.69990,0
1753629900000,0.04295,0.04295,0.04291,0.04291,176406,1753629959999,7575.40395,62,130102,5587.68833,0
1753629960000,0.04290,0.04291,0.04288,0.04291,201121,1753630019999,8628.03524,44,170502,7314.71073,0
1753630020000,0.04290,0.04291,0.04287,0.04291,125045,1753630079999,5364.59547,63,53687,2303.35899,0
1753630080000,0.04291,0.04291,0.04287,0.04287,164373,1753630139999,7051.71532,64,120148,5155.42732,0
1753630140000,0.04286,0.04288,0.04284,0.04288,283183,1753630199999,12134.74755,58,17829,764.19990,0
1753630200000,0.04288,0.04290,0.04286,0.0429,59229,1753630259999,2540.12743,53,8547,366.62724,0
1753630260000,0.04290,0.04294,0.04286,0.04286,300375,1753630319999,12882.85418,88,40468,1736.38363,0
1753630320000,0.04286,0.04286,0.04283,0.04286,14198,1753630379999,608.34483,29,11110,476.03504,0
1753630380000,0.04287,0.04290,0.04287,0.0429,88208,1753630439999,3782.22047,54,24961,1070.38036,0
1753630440000,0.04290,0.04294,0.04290,0.04292,108916,1753630499999,4673.97921,71,25059,1075.45202,0
1753630500000,0.04292,0.04293,0.04290,0.0429,44559,1753630559999,1912.39174,39,15266,655.21182,0
1753630560000,0.04291,0.04293,0.04288,0.04292,377588,1753630619999,16201.36157,90,283957,12184.09327,0
1753630620000,0.04292,0.04293,0.04288,0.04288,131861,1753630679999,5657.05126,65,5424,232.80030,0
1753630680000,0.04287,0.04287,0.04285,0.04285,50415,1753630739999,2160.66020,36,21410,917.60473,0
1753630740000,0.04284,0.04289,0.04283,0.04289,627745,1753630799999,26904.24079,96,323361,13858.30716,0
1753630800000,0.04290,0.04294,0.04288,0.0429,245285,1753630859999,10522.59976,71,83239,3571.54743,0
1753630860000,0.04290,0.04293,0.04290,0.04293,126285,1753630919999,5419.63484,89,81014,3476.61141,0
1753630920000,0.04294,0.04297,0.04291,0.04297,91239,1753630979999,3917.64908,88,20421,876.98044,0
1753630980000,0.04297,0.04298,0.04296,0.04296,205161,1753631039999,8817.06480,84,135222,5811.81950,0
1753631040000,0.04297,0.04299,0.04296,0.04298,250735,1753631099999,10777.17929,114,195619,8408.50936,0
1753631100000,0.04298,0.04300,0.04298,0.043,256701,1753631159999,11033.58938,96,153629,6603.11747,0
1753631160000,0.04300,0.04301,0.04291,0.04291,189615,1753631219999,8145.25730,93,66628,2863.77505,0
1753631220000,0.04292,0.04292,0.04287,0.04287,90217,1753631279999,3869.76344,52,19654,843.45336,0
1753631280000,0.04287,0.04292,0.04287,0.04292,37804,1753631339999,1621.47773,36,28758,1233.67317,0
1753631340000,0.04292,0.04295,0.04291,0.04294,50353,1753631399999,2161.71982,48,42419,1821.15930,0
1753631400000,0.04294,0.04297,0.04293,0.04296,87591,1753631459999,3761.63810,48,16543,710.37548,0
1753631460000,0.04295,0.04295,0.04293,0.04294,32497,1753631519999,1395.46984,40,10243,439.80291,0
1753631520000,0.04292,0.04293,0.04292,0.04293,10603,1753631579999,455.13866,24,5790,248.56470,0
1753631580000,0.04293,0.04295,0.04293,0.04295,39911,1753631639999,1713.60912,44,27808,1194.02733,0
1753631640000,0.04296,0.04298,0.04296,0.04297,59655,1753631699999,2562.93948,49,8802,378.21934,0
1753631700000,0.04297,0.04297,0.04292,0.04294,173676,1753631759999,7459.19276,112,79188,3401.15608,0
1753631760000,0.04294,0.04295,0.04293,0.04294,108240,1753631819999,4646.79069,89,7403,317.82791,0
1753631820000,0.04294,0.04299,0.04294,0.04299,161756,1753631879999,6948.97997,103,150763,6476.72549,0
1753631880000,0.04299,0.04303,0.04299,0.04302,92878,1753631939999,3994.55360,98,78519,3377.07511,0
1753631940000,0.04302,0.04304,0.04301,0.04303,50491,1753631999999,2172.21870,103,33576,1444.59888,0
1753632000000,0.04303,0.04314,0.04303,0.04312,385388,1753632059999,16612.37843,170,276004,11900.14256,0
1753632060000,0.04312,0.04312,0.04308,0.04312,207135,1753632119999,8928.43872,178,131350,5661.94430,0
1753632120000,0.04312,0.04318,0.04310,0.04317,426394,1753632179999,18398.81752,88,357852,15440.85476,0
1753632180000,0.04316,0.04319,0.04316,0.04318,421083,1753632239999,18180.32932,106,256400,11070.94362,0
1753632240000,0.04319,0.04324,0.04317,0.04322,408026,1753632299999,17629.53689,91,362477,15661.65016,0
1753632300000,0.04321,0.04324,0.04320,0.04322,1112627,1753632359999,48077.36368,107,901222,38942.67968,0
1753632360000,0.04322,0.04327,0.04322,0.04326,316954,1753632419999,13705.21898,83,288620,12479.51806,0
1753632420000,0.04326,0.04326,0.04320,0.04322,430437,1753632479999,18608.24147,74,267076,11546.64432,0
1753632480000,0.04321,0.04323,0.04319,0.04321,185380,1753632539999,8008.07848,64,24082,1040.63532,0
1753632540000,0.04321,0.04325,0.04321,0.04324,81128,1753632599999,3507.74494,51,65982,2852.96274,0
1753632600000,0.04323,0.04327,0.04320,0.04327,178017,1753632659999,7696.87890,59,43572,1883.60989,0
1753632660000,0.04328,0.04334,0.04328,0.0433,442148,1753632719999,19140.33034,124,155355,6724.80626,0
1753632720000,0.04331,0.04335,0.04327,0.04327,443867,1753632779999,19227.45277,125,274973,11915.48246,0
1753632780000,0.04327,0.04331,0.04327,0.04331,68075,1753632839999,2946.75650,38,51429,2226.41257,0
1753632840000,0.04331,0.04335,0.04331,0.04334,256158,1753632899999,11100.17024,74,226801,9828.32562,0
1753632900000,0.04334,0.04334,0.04328,0.04332,560738,1753632959999,24278.39853,109,68278,2956.73247,0
1753632960000,0.04333,0.04344,0.04333,0.04343,586390,1753633019999,25457.30798,155,532627,23124.36273,0
1753633020000,0.04343,0.04343,0.04339,0.04339,165075,1753633079999,7165.02053,56,57572,2499.23647,0
1753633080000,0.04339,0.04340,0.04336,0.04338,94532,1753633139999,4101.64473,38,29278,1270.56368,0
1753633140000,0.04338,0.04342,0.04338,0.04339,274096,1753633199999,11894.27248,53,81443,3533.96424,0
1753633200000,0.04339,0.04341,0.04337,0.0434,452152,1753633259999,19619.69492,66,274871,11927.31534,0
1753633260000,0.04339,0.04344,0.04337,0.04344,120283,1753633319999,5220.66717,48,90992,3949.83912,0
1753633320000,0.04344,0.04346,0.04344,0.04344,568094,1753633379999,24679.04848,56,50589,2198.23683,0
1753633380000,0.04343,0.04348,0.04342,0.04348,287708,1753633439999,12499.50017,79,244674,10630.49281,0
1753633440000,0.04348,0.04349,0.04346,0.04348,252532,1753633499999,10977.65626,56,61077,2655.59718,0
1753633500000,0.04346,0.04351,0.04345,0.04351,300113,1753633559999,13047.96425,64,178223,7751.26441,0
1753633560000,0.04349,0.04349,0.04341,0.04341,442852,1753633619999,19235.79144,128,72148,3133.22778,0
1753633620000,0.04342,0.04343,0.04338,0.04343,492350,1753633679999,21370.79316,120,231244,10039.09930,0
1753633680000,0.04344,0.04347,0.04343,0.04347,299696,1753633739999,13026.27400,73,243685,10591.86878,0
1753633740000,0.04347,0.04354,0.04347,0.04352,248275,1753633799999,10805.23945,63,205015,8922.89350,0
1753633800000,0.04353,0.04355,0.04351,0.04353,276449,1753633859999,12032.78914,59,28090,1222.85405,0
1753633860000,0.04353,0.04356,0.04348,0.04352,269015,1753633919999,11707.77626,83,127192,5534.89899,0
1753633920000,0.04351,0.04352,0.04350,0.04351,133847,1753633979999,5823.12291,57,81867,3561.78005,0
1753633980000,0.04350,0.04351,0.04347,0.04348,214440,1753634039999,9326.79845,46,75804,3296.94158,0
1753634040000,0.04349,0.04354,0.04347,0.04353,468947,1753634099999,20397.68864,109,280462,12202.11735,0
1753634100000,0.04352,0.04356,0.04350,0.0435,664015,1753634159999,28892.99270,118,401046,17452.51241,0
1753634160000,0.04350,0.04358,0.04348,0.04357,112790,1753634219999,4907.39884,73,42719,1858.33778,0
1753634220000,0.04359,0.04361,0.04359,0.04361,99430,1753634279999,4335.26620,62,63776,2780.58703,0
1753634280000,0.04361,0.04363,0.04359,0.04363,154328,1753634339999,6730.21134,115,103839,4528.54407,0
1753634340000,0.04363,0.04367,0.04363,0.04365,160556,1753634399999,7007.83935,73,146445,6391.88822,0
1753634400000,0.04364,0.04364,0.04360,0.04364,140835,1753634459999,6144.19010,60,97755,4264.82952,0
1753634460000,0.04363,0.04365,0.04360,0.04361,119998,1753634519999,5235.91270,107,45584,1988.85023,0
1753634520000,0.04362,0.04363,0.04360,0.0436,79785,1753634579999,3479.95612,69,50566,2205.65632,0
1753634580000,0.04361,0.04361,0.04346,0.04346,598265,1753634639999,26058.08916,160,189343,8247.75939,0
1753634640000,0.04345,0.04349,0.04341,0.04343,371176,1753634699999,16123.73700,106,95234,4139.40466,0
1753634700000,0.04343,0.04352,0.04343,0.0435,149887,1753634759999,6520.10906,59,69134,3007.00400,0
1753634760000,0.04350,0.04354,0.04349,0.04352,72066,1753634819999,3135.31461,42,13342,580.54630,0
1753634820000,0.04353,0.04357,0.04353,0.04357,30615,1753634879999,1333.38073,24,4793,208.66317,0
1753634880000,0.04356,0.04356,0.04350,0.04351,202032,1753634939999,8791.15102,59,58638,2551.60487,0
1753634940000,0.04351,0.04351,0.04350,0.04351,31393,1753634999999,1365.80909,29,4740,206.23572,0
1753635000000,0.04352,0.04352,0.04347,0.04347,60313,1753635059999,2622.86176,42,1749,76.06964,0
1753635060000,0.04347,0.04347,0.04336,0.04342,448388,1753635119999,19462.72082,108,207058,8984.86863,0
1753635120000,0.04341,0.04342,0.04338,0.04338,73926,1753635179999,3208.24883,42,46906,2035.64164,0
1753635180000,0.04338,0.04339,0.04332,0.04334,414035,1753635239999,17953.51769,93,155573,6747.76070,0
1753635240000,0.04335,0.04337,0.04333,0.04333,185478,1753635299999,8043.38879,42,53276,2310.35652,0
1753635300000,0.04334,0.04335,0.04330,0.04332,242100,1753635359999,10492.50700,75,132738,5753.44951,0
1753635360000,0.04334,0.04334,0.04324,0.04325,227324,1753635419999,9839.96967,80,47651,2062.28078,0
1753635420000,0.04325,0.04328,0.04318,0.04322,174604,1753635479999,7545.46604,64,10786,466.22185,0
1753635480000,0.04323,0.04333,0.04323,0.0433,104405,1753635539999,4521.08554,44,80297,3477.08031,0
1753635540000,0.04329,0.04330,0.04326,0.0433,151645,1753635599999,6561.68375,47,33818,1463.62984,0
1753635600000,0.04332,0.04333,0.04321,0.04323,159290,1753635659999,6892.97075,83,34883,1508.35087,0
1753635660000,0.04323,0.04329,0.04323,0.04325,91340,1753635719999,3951.96503,70,57923,2506.30324,0
1753635720000,0.04325,0.04326,0.04319,0.0432,112728,1753635779999,4873.48688,71,47714,2063.02860,0
1753635780000,0.04320,0.04326,0.04320,0.04322,96849,1753635839999,4188.05309,62,55252,2389.18491,0
1753635840000,0.04320,0.04326,0.04320,0.04326,48955,1753635899999,2115.39458,24,30849,1333.21538,0
1753635900000,0.04328,0.04337,0.04328,0.04337,127643,1753635959999,5530.40104,71,108642,4707.86790,0
1753635960000,0.04337,0.04339,0.04333,0.04333,53792,1753636019999,2332.27286,36,41261,1788.86101,0
1753636020000,0.04333,0.04334,0.04326,0.04326,110794,1753636079999,4798.58400,51,70575,3057.91117,0
1753636080000,0.04327,0.04333,0.04327,0.04332,91404,1753636139999,3957.97035,57,66668,2886.91661,0
1753636140000,0.04331,0.04334,0.04328,0.04328,107092,1753636199999,4638.09141,43,10929,473.45725,0
1753636200000,0.04328,0.04331,0.04327,0.04327,119644,1753636259999,5178.66608,40,70094,3033.43940,0
1753636260000,0.04328,0.04328,0.04323,0.04325,141452,1753636319999,6117.78191,100,9666,418.23695,0
1753636320000,0.04325,0.04328,0.04323,0.04328,88937,1753636379999,3847.05396,82,46506,2011.54726,0
1753636380000,0.04328,0.04331,0.04327,0.04331,222025,1753636439999,9614.18011,76,216990,9396.27602,0
1753636440000,0.04332,0.04332,0.04328,0.0433,41893,1753636499999,1813.81921,34,13647,590.95637,0
1753636500000,0.04329,0.04329,0.04324,0.04329,40945,1753636559999,1772.03569,32,14730,637.52721,0
1753636560000,0.04330,0.04333,0.04327,0.04327,114974,1753636619999,4979.11843,44,12611,546.25784,0
1753636620000,0.04329,0.04329,0.04322,0.04322,19627,1753636679999,849.02294,20,7336,317.11857,0
1753636680000,0.04321,0.04325,0.04321,0.04323,67494,1753636739999,2917.54419,44,22348,966.00054,0
1753636740000,0.04321,0.04321,0.04317,0.0432,77882,1753636799999,3363.85700,46,48950,2114.35050,0
1753636800000,0.04319,0.04323,0.04317,0.04323,35151,1753636859999,1518.18219,30,12849,555.07621,0
1753636860000,0.04325,0.04327,0.04323,0.04324,63617,1753636919999,2750.90058,33,55197,2386.79352,0
1753636920000,0.04323,0.04325,0.04321,0.04324,70104,1753636979999,3030.61005,37,55684,2407.37182,0
1753636980000,0.04323,0.04325,0.04319,0.04319,106920,1753637039999,4623.23960,49,86841,3755.28789,0
1753637040000,0.04319,0.04320,0.04318,0.0432,18809,1753637099999,812.23483,18,8416,363.45941,0
1753637100000,0.04320,0.04323,0.04318,0.04322,60584,1753637159999,2617.16092,34,28914,1249.37983,0
1753637160000,0.04323,0.04327,0.04321,0.04327,45382,1753637219999,1961.67012,26,33372,1442.63521,0
1753637220000,0.04328,0.04336,0.04328,0.04336,233734,1753637279999,10128.70850,63,233026,10098.04066,0
1753637280000,0.04337,0.04338,0.04332,0.04333,188380,1753637339999,8165.08859,68,39182,1698.16886,0
1753637340000,0.04336,0.04338,0.04335,0.04335,54730,1753637399999,2373.46210,23,27012,1171.37122,0
1753637400000,0.04335,0.04339,0.04335,0.04338,292626,1753637459999,12689.91707,55,101436,4399.48497,0
1753637460000,0.04338,0.04338,0.04333,0.04335,116393,1753637519999,5044.47145,62,52867,2291.40383,0
1753637520000,0.04336,0.04340,0.04336,0.04336,57872,1753637579999,2510.25364,50,32306,1401.04997,0
1753637580000,0.04335,0.04335,0.04333,0.04333,110675,1753637639999,4796.03873,50,79701,3453.72804,0
1753637640000,0.04333,0.04333,0.04323,0.04323,93163,1753637699999,4030.32526,54,16076,695.87408,0
1753637700000,0.04325,0.04326,0.04317,0.04317,69201,1753637759999,2990.59882,44,32858,1420.60590,0
1753637760000,0.04318,0.04326,0.04318,0.04326,81797,1753637819999,3535.56543,39,39274,1696.87091,0
1753637820000,0.04327,0.04329,0.04326,0.04326,66906,1753637879999,2895.22154,48,52227,2260.01260,0
1753637880000,0.04326,0.04326,0.04325,0.04325,24275,1753637939999,1050.08211,18,13113,567.26838,0
1753637940000,0.04326,0.04327,0.04326,0.04327,74669,1753637999999,3230.77980,40,61626,2666.41052,0
1753638000000,0.04326,0.04327,0.04325,0.04325,187005,1753638059999,8089.42757,56,28758,1243.92063,0
1753638060000,0.04325,0.04328,0.04325,0.04328,54661,1753638119999,2364.82219,31,45392,1963.72104,0
1753638120000,0.04329,0.04332,0.04328,0.04332,28942,1753638179999,1253.05566,33,25673,1111.54477,0
1753638180000,0.04331,0.04334,0.04330,0.04334,49543,1753638239999,2145.71477,76,21724,940.95534,0
1753638240000,0.04335,0.04336,0.04333,0.04333,40856,1753638299999,1770.87787,51,7934,343.91332,0
1753638300000,0.04333,0.04338,0.04331,0.04337,125107,1753638359999,5423.96731,62,69640,3018.28559,0
1753638360000,0.04339,0.04339,0.04336,0.04338,72245,1753638419999,3133.19111,28,64374,2791.73462,0
1753638420000,0.04339,0.04340,0.04337,0.0434,78846,1753638479999,3421.30290,30,77137,3347.17503,0
1753638480000,0.04340,0.04342,0.04338,0.0434,95847,1753638539999,4159.95176,40,24907,1081.01058,0
1753638540000,0.04341,0.04344,0.04341,0.04344,190302,1753638599999,8261.44892,32,32813,1424.85143,0
1753638600000,0.04345,0.04351,0.04345,0.04349,125088,1753638659999,5439.68710,34,89937,3911.06378,0
1753638660000,0.04348,0.04348,0.04339,0.04339,102409,1753638719999,4447.17873,41,5783,251.05557,0
1753638720000,0.04339,0.04342,0.04339,0.04342,68756,1753638779999,2984.93386,31,67122,2914.03460,0
1753638780000,0.04343,0.04343,0.04340,0.0434,24500,1753638839999,1063.91006,25,11098,481.98614,0
1753638840000,0.04340,0.04343,0.04340,0.04343,17735,1753638899999,770.17442,13,13379,581.03383,0
1753638900000,0.04343,0.04345,0.04342,0.04344,34444,1753638959999,1496.00586,29,9307,404.30544,0
1753638960000,0.04344,0.04346,0.04344,0.04346,9640,1753639019999,418.81252,5,9640,418.81252,0
1753639020000,0.04346,0.04349,0.04346,0.04346,262909,1753639079999,11430.77813,75,145028,6306.10437,0
1753639080000,0.04347,0.04347,0.04344,0.04345,52928,1753639139999,2299.62418,26,38202,1659.68221,0
1753639140000,0.04345,0.04346,0.04344,0.04346,60665,1753639199999,2636.03797,24,56978,2475.83569,0
1753639200000,0.04345,0.04352,0.04345,0.04349,106649,1753639259999,4637.66738,58,77892,3386.80613,0
1753639260000,0.04349,0.04349,0.04345,0.04347,128446,1753639319999,5582.38638,83,125172,5440.02467,0
1753639320000,0.04346,0.04346,0.04345,0.04346,69339,1753639379999,3012.96941,39,22621,982.92323,0
1753639380000,0.04347,0.04352,0.04347,0.04352,73250,1753639439999,3186.22118,50,67911,2953.87615,0
1753639440000,0.04352,0.04358,0.04352,0.04358,204438,1753639499999,8902.70075,53,112585,4903.35361,0
1753639500000,0.04359,0.04360,0.04357,0.04359,93168,1753639559999,4060.96154,48,58562,2552.65603,0
1753639560000,0.04359,0.04361,0.04358,0.0436,142724,1753639619999,6220.94345,49,124243,5415.50080,0
1753639620000,0.04361,0.04362,0.04359,0.04362,42019,1753639679999,1831.94558,32,39208,1709.38598,0
1753639680000,0.04361,0.04361,0.04356,0.04357,92785,1753639739999,4043.60153,38,34561,1505.53525,0
1753639740000,0.04356,0.04356,0.04354,0.04356,34362,1753639799999,1496.44933,29,20955,912.60671,0
1753639800000,0.04357,0.04361,0.04354,0.04361,120200,1753639859999,5239.06263,54,114901,5008.18297,0
1753639860000,0.04359,0.04363,0.04359,0.04361,77937,1753639919999,3399.41253,47,61065,2663.50805,0
1753639920000,0.04362,0.04364,0.04362,0.04364,81495,1753639979999,3555.86766,41,49740,2170.28145,0
1753639980000,0.04364,0.04365,0.04360,0.04361,399113,1753640039999,17407.28197,72,209776,9148.96871,0
1753640040000,0.04361,0.04362,0.04360,0.04362,35978,1753640099999,1569.10200,26,23168,1010.44375,0
1753640100000,0.04361,0.04361,0.04352,0.04352,119724,1753640159999,5216.16594,59,31070,1353.77762,0
1753640160000,0.04355,0.04356,0.04348,0.04349,171895,1753640219999,7479.52193,67,46148,2009.96623,0
1753640220000,0.04349,0.04358,0.04349,0.04357,85552,1753640279999,3723.27483,44,82618,3595.59922,0
1753640280000,0.04359,0.04367,0.04358,0.04364,505364,1753640339999,22050.95996,136,310332,13542.98753,0
1753640340000,0.04363,0.04363,0.04361,0.04362,25830,1753640399999,1126.75043,23,7936,346.16832,0
1753640400000,0.04361,0.04361,0.04356,0.04357,84502,1753640459999,3682.10546,42,53381,2325.79792,0
1753640460000,0.04357,0.04360,0.04355,0.0436,54713,1753640519999,2384.30918,31,37254,1623.68503,0
1753640520000,0.04360,0.04362,0.04355,0.0436,32547,1753640579999,1418.55346,67,23414,1020.63271,0
1753640580000,0.04360,0.04360,0.04357,0.04358,59997,1753640639999,2614.69964,78,11575,504.46842,0
1753640640000,0.04358,0.04365,0.04356,0.04365,33638,1753640699999,1466.57785,80,28144,1226.93866,0
1753640700000,0.04365,0.04366,0.04361,0.04366,185167,1753640759999,8079.05231,122,141404,6170.09817,0
1753640760000,0.04365,0.04366,0.04363,0.04365,44309,1753640819999,1934.09732,79,25441,1110.51192,0
1753640820000,0.04365,0.04366,0.04364,0.04366,59059,1753640879999,2578.09689,76,5150,224.79193,0
1753640880000,0.04366,0.04366,0.04363,0.04363,76657,1753640939999,3345.03680,86,5060,220.82638,0
1753640940000,0.04363,0.04365,0.04362,0.04365,23353,1753640999999,1018.97842,65,22637,987.74650,0
1753641000000,0.04365,0.04368,0.04365,0.04367,177636,1753641059999,7756.18765,114,154497,6746.00036,0
1753641060000,0.04367,0.04368,0.04362,0.04362,82462,1753641119999,3599.80202,96,27442,1198.18272,0
1753641120000,0.04361,0.04362,0.04356,0.04358,381525,1753641179999,16629.04124,100,180530,7868.90075,0
1753641180000,0.04357,0.04357,0.04352,0.04357,168291,1753641239999,7328.02958,51,60280,2625.77777,0
1753641240000,0.04357,0.04367,0.04357,0.04367,56763,1753641299999,2476.49057,29,36293,1583.45976,0
1753641300000,0.04366,0.04368,0.04364,0.04365,350289,1753641359999,15295.83211,72,129274,5644.60035,0
1753641360000,0.04365,0.04366,0.04363,0.04363,101674,1753641419999,4438.18602,49,44365,1936.55414,0
1753641420000,0.04363,0.04365,0.04360,0.04361,202278,1753641479999,8823.18686,74,85400,3725.95049,0
1753641480000,0.04362,0.04363,0.04360,0.04363,25010,1753641539999,1090.84120,29,16350,713.13352,0
1753641540000,0.04362,0.04362,0.04360,0.04362,72021,1753641599999,3141.25120,38,29573,1289.81089,0
1753641600000,0.04361,0.04362,0.04361,0.04362,88757,1753641659999,3870.74239,28,72238,3150.31855,0
1753641660000,0.04365,0.04372,0.04365,0.04372,49220,1753641719999,2150.71124,33,44542,1946.45264,0
1753641720000,0.04370,0.04373,0.04368,0.04368,612193,1753641779999,26763.01975,175,421853,18444.15611,0
1753641780000,0.04369,0.04370,0.04369,0.04369,25019,1753641839999,1093.18355,20,21667,946.73467,0
1753641840000,0.04368,0.04368,0.04365,0.04367,99479,1753641899999,4343.73751,50,44945,1962.42997,0
1753641900000,0.04367,0.04368,0.04364,0.04364,100587,1753641959999,4391.52163,55,38712,1690.61659,0
1753641960000,0.04364,0.04367,0.04364,0.04364,63643,1753642019999,2778.22719,30,3924,171.28503,0
1753642020000,0.04363,0.04363,0.04356,0.04358,241200,1753642079999,10515.07980,105,25440,1108.85979,0
1753642080000,0.04360,0.04363,0.04360,0.04363,54483,1753642139999,2376.16564,28,41970,1830.47371,0
1753642140000,0.04364,0.04365,0.04363,0.04363,144420,1753642199999,6302.20086,49,100536,4387.32485,0
1753642200000,0.04363,0.04363,0.04358,0.04359,65849,1753642259999,2872.47593,32,49568,2162.39432,0
1753642260000,0.04359,0.04362,0.04359,0.04361,116288,1753642319999,5071.64162,42,57180,2493.99803,0
1753642320000,0.04361,0.04362,0.04358,0.04358,503948,1753642379999,21973.26264,66,103492,4512.56205,0
1753642380000,0.04357,0.04357,0.04355,0.04357,35647,1753642439999,1552.87101,29,19588,853.26567,0
1753642440000,0.04358,0.04359,0.04354,0.04356,209913,1753642499999,9143.28853,65,78814,3432.03899,0
1753642500000,0.04356,0.04361,0.04356,0.04361,166329,1753642559999,7249.97852,51,159498,6952.28169,0
1753642560000,0.04361,0.04366,0.04360,0.04365,287440,1753642619999,12545.58414,81,183883,8027.20802,0
1753642620000,0.04364,0.04367,0.04363,0.04367,59828,1753642679999,2611.97182,17,58605,2558.60650,0
1753642680000,0.04369,0.04371,0.04367,0.04367,40965,1753642739999,1789.95536,26,13964,610.05415,0
1753642740000,0.04367,0.04370,0.04367,0.04369,52699,1753642799999,2302.30121,21,2732,119.35027,0
1753642800000,0.04368,0.04369,0.04365,0.04367,348597,1753642859999,15225.26034,92,212422,9278.14328,0
1753642860000,0.04365,0.04366,0.04362,0.04366,83945,1753642919999,3663.01206,59,35783,1561.14467,0
1753642920000,0.04367,0.04370,0.04366,0.04367,71719,1753642979999,3133.12345,47,34317,1499.18804,0
1753642980000,0.04366,0.04368,0.04362,0.04363,116896,1753643039999,5104.97130,27,12316,537.65486,0
1753643040000,0.04364,0.04365,0.04360,0.0436,52679,1753643099999,2297.57821,30,16196,706.23624,0
1753643100000,0.04359,0.04362,0.04357,0.04357,204441,1753643159999,8911.49552,61,122679,5347.74840,0
1753643160000,0.04356,0.04356,0.04352,0.04353,386707,1753643219999,16837.27672,56,31854,1386.73619,0
1753643220000,0.04353,0.04353,0.04348,0.04349,362774,1753643279999,15779.34539,58,56304,2448.83879,0
1753643280000,0.04350,0.04359,0.04350,0.04358,107431,1753643339999,4678.91530,41,77001,3353.31856,0
1753643340000,0.04358,0.04360,0.04356,0.0436,106091,1753643399999,4622.17205,27,1541,67.16487,0
1753643400000,0.04360,0.04364,0.04359,0.0436,76421,1753643459999,3333.44759,34,63072,2751.29685,0
1753643460000,0.04359,0.04359,0.04353,0.04353,249827,1753643519999,10884.97949,86,563,24.52428,0
1753643520000,0.04352,0.04353,0.04349,0.04353,176188,1753643579999,7665.78988,68,51445,2238.20976,0
1753643580000,0.04352,0.04353,0.04351,0.04351,15314,1753643639999,666.39708,20,9337,406.27209,0
1753643640000,0.04351,0.04355,0.04351,0.04354,22578,1753643699999,982.69374,18,12122,527.42822,0
1753643700000,0.04352,0.04352,0.04348,0.04349,96349,1753643759999,4190.05205,46,37930,1649.40514,0
1753643760000,0.04349,0.04349,0.04341,0.04341,173482,1753643819999,7536.12350,79,11858,515.25012,0
1753643820000,0.04340,0.04346,0.04340,0.04345,333611,1753643879999,14485.85671,44,241943,10505.48086,0
1753643880000,0.04346,0.04348,0.04345,0.04346,60113,1753643939999,2612.67563,33,23469,1020.07047,0
1753643940000,0.04345,0.04347,0.04345,0.04347,42020,1753643999999,1825.88073,13,4167,181.09782,0
1753644000000,0.04349,0.04349,0.04346,0.04346,42293,1753644059999,1838.58523,31,9308,404.68311,0
1753644060000,0.04346,0.04348,0.04342,0.04342,112037,1753644119999,4868.18954,38,44919,1951.98309,0
1753644120000,0.04341,0.04347,0.04341,0.04345,33978,1753644179999,1476.22312,30,23890,1037.94392,0
1753644180000,0.04347,0.04349,0.04346,0.04349,83394,1753644239999,3626.17496,32,44503,1935.20195,0
1753644240000,0.04350,0.04353,0.04349,0.04353,56716,1753644299999,2468.04132,29,52003,2262.91855,0
1753644300000,0.04353,0.04353,0.04351,0.04351,43574,1753644359999,1896.21660,36,23562,1025.34435,0
1753644360000,0.04351,0.04351,0.04347,0.04347,111735,1753644419999,4860.85466,52,17127,744.90832,0
1753644420000,0.04347,0.04354,0.04347,0.04354,47923,1753644479999,2083.92119,36,46111,2005.10579,0
1753644480000,0.04353,0.04353,0.04350,0.0435,63392,1753644539999,2758.38217,46,42484,1848.49938,0
1753644540000,0.04351,0.04351,0.04351,0.04351,307,1753644599999,13.35757,3,307,13.35757,0
1753644600000,0.04351,0.04358,0.04351,0.04358,629312,1753644659999,27413.04433,122,550955,23998.89228,0
1753644660000,0.04359,0.04361,0.04357,0.04359,89376,1753644719999,3896.06955,37,74558,3250.23822,0
1753644720000,0.04361,0.04362,0.04359,0.04361,100665,1753644779999,4389.34375,40,46168,2012.96536,0
1753644780000,0.04362,0.04366,0.04362,0.04363,86104,1753644839999,3757.49373,35,74070,3232.33376,0
1753644840000,0.04363,0.04364,0.04362,0.04364,50263,1753644899999,2193.05366,24,24742,1079.62069,0
1753644900000,0.04364,0.04370,0.04364,0.04367,387168,1753644959999,16911.01642,57,123559,5396.76636,0
1753644960000,0.04367,0.04367,0.04364,0.04364,81790,1753645019999,3570.38548,62,29047,1268.12363,0
1753645020000,0.04364,0.04364,0.04356,0.04359,669813,1753645079999,29195.91654,98,38813,1691.53165,0
1753645080000,0.04359,0.04360,0.04355,0.04355,38358,1753645139999,1671.65864,72,6766,294.96800,0
1753645140000,0.04356,0.04359,0.04356,0.04356,20679,1753645199999,901.12257,71,16045,699.18378,0
1753645200000,0.04356,0.04358,0.04355,0.04357,28553,1753645259999,1243.70947,31,6672,290.66340,0
1753645260000,0.04356,0.04359,0.04355,0.04358,256974,1753645319999,11197.74347,90,225649,9832.98009,0
1753645320000,0.04358,0.04359,0.04353,0.04354,161145,1753645379999,7018.65247,51,47488,2067.73820,0
1753645380000,0.04354,0.04361,0.04354,0.04361,633181,1753645439999,27605.43309,76,265140,11558.98045,0
1753645440000,0.04360,0.04364,0.04359,0.04361,769533,1753645499999,33566.69093,108,331198,14448.24809,0
1753645500000,0.04361,0.04364,0.04361,0.04364,250089,1753645559999,10913.10502,68,118111,5153.78627,0
1753645560000,0.04364,0.04364,0.04362,0.04362,188014,1753645619999,8203.70198,49,27715,1209.02293,0
1753645620000,0.04363,0.04372,0.04363,0.04371,1143047,1753645679999,49930.89185,197,949187,41462.64311,0
1753645680000,0.04372,0.04373,0.04371,0.04372,363293,1753645739999,15882.57708,63,77072,3369.72639,0
1753645740000,0.04371,0.04378,0.04370,0.04375,1790918,1753645799999,78343.50813,205,1419870,62109.08145,0
1753645800000,0.04376,0.04380,0.04368,0.04372,1881372,1753645859999,82306.07175,265,950770,41601.88279,0
1753645860000,0.04372,0.04375,0.04371,0.04371,826320,1753645919999,36143.64833,113,502954,21999.60089,0
1753645920000,0.04371,0.04376,0.04371,0.04374,214921,1753645979999,9398.47642,49,45914,2007.50168,0
1753645980000,0.04373,0.04381,0.04373,0.04378,756809,1753646039999,33136.58788,132,556023,24349.12638,0
1753646040000,0.04377,0.04383,0.04377,0.04383,704037,1753646099999,30847.75440,91,524135,22965.44542,0
1753646100000,0.04384,0.04394,0.04381,0.04394,3627849,1753646159999,159179.12589,435,2645537,116097.96250,0
1753646160000,0.04394,0.04395,0.04386,0.04388,874203,1753646219999,38390.14553,220,331654,14560.92701,0
1753646220000,0.04388,0.04392,0.04387,0.0439,338365,1753646279999,14853.35339,104,126531,5555.07802,0
1753646280000,0.04391,0.04391,0.04382,0.04382,194161,1753646339999,8518.14908,67,7436,326.14991,0
1753646340000,0.04383,0.04387,0.04383,0.04387,268137,1753646399999,11758.11590,59,161304,7072.94407,0
1753646400000,0.04387,0.04398,0.04386,0.04391,1218979,1753646459999,53542.23030,247,777188,34143.38505,0
1753646460000,0.04392,0.04395,0.04392,0.04393,518680,1753646519999,22788.63796,98,323581,14217.34797,0
1753646520000,0.04393,0.04407,0.04392,0.04405,759126,1753646579999,33390.67509,213,681551,29976.06133,0
1753646580000,0.04406,0.04414,0.04402,0.04412,1330592,1753646639999,58649.36015,198,803747,35434.27744,0
1753646640000,0.04412,0.04414,0.04410,0.04412,942067,1753646699999,41560.61902,122,429846,18966.16584,0
1753646700000,0.04411,0.04414,0.04410,0.04411,620383,1753646759999,27368.69079,153,237420,10473.44117,0
1753646760000,0.04410,0.04417,0.04410,0.04417,151073,1753646819999,6664.98635,129,125006,5514.97594,0
1753646820000,0.04418,0.04419,0.04413,0.04419,368522,1753646879999,16272.92291,128,252347,11142.94813,0
1753646880000,0.04419,0.04420,0.04412,0.04412,1289299,1753646939999,56944.61145,267,482610,21322.11834,0
1753646940000,0.04412,0.04415,0.04409,0.04412,939598,1753646999999,41458.32268,230,343456,15152.87186,0
1753647000000,0.04412,0.04415,0.04409,0.04415,468588,1753647059999,20669.42219,138,142225,6274.90170,0
1753647060000,0.04415,0.04416,0.04410,0.04416,402171,1753647119999,17747.32248,142,174996,7722.45870,0
1753647120000,0.04415,0.04421,0.04410,0.04419,1047668,1753647179999,46249.70048,242,397673,17557.86047,0
1753647180000,0.04418,0.04424,0.04418,0.04424,822408,1753647239999,36372.11245,195,639314,28273.44470,0
1753647240000,0.04423,0.04424,0.04418,0.0442,918629,1753647299999,40609.75794,224,634552,28051.91240,0
1753647300000,0.04420,0.04430,0.04419,0.04428,680314,1753647359999,30108.69712,198,435565,19280.66077,0
1753647360000,0.04428,0.04429,0.04416,0.04416,816110,1753647419999,36088.12623,198,171865,7598.93358,0
1753647420000,0.04415,0.04415,0.04403,0.04403,1059245,1753647479999,46707.26184,467,171687,7569.80182,0
1753647480000,0.04403,0.04413,0.04402,0.04411,298128,1753647539999,13143.46549,89,262215,11560.66347,0
1753647540000,0.04410,0.04410,0.04404,0.04405,302230,1753647599999,13321.44946,84,209844,9250.03186,0
1753647600000,0.04405,0.04405,0.04397,0.04398,161806,1753647659999,7120.38434,50,11603,510.96429,0
1753647660000,0.04397,0.04405,0.04396,0.04404,242828,1753647719999,10691.24570,79,217231,9564.08941,0
1753647720000,0.04404,0.04404,0.04399,0.04401,359125,1753647779999,15809.29368,68,27539,1211.98505,0
1753647780000,0.04402,0.04402,0.04396,0.04396,98793,1753647839999,4345.30532,30,7173,315.44623,0
1753647840000,0.04396,0.04398,0.04393,0.04396,198775,1753647899999,8736.27574,73,118912,5227.40601,0
1753647900000,0.04397,0.04400,0.04395,0.04396,110676,1753647959999,4867.68249,55,69320,3048.85574,0
1753647960000,0.04397,0.04399,0.04396,0.04397,75554,1753648019999,3322.51716,42,57940,2547.94018,0
1753648020000,0.04397,0.04406,0.04397,0.04406,199209,1753648079999,8768.89260,66,185936,8184.59516,0
1753648080000,0.04406,0.04407,0.04405,0.04407,55346,1753648139999,2438.53543,28,50801,2238.32818,0
1753648140000,0.04409,0.04413,0.04409,0.04412,39153,1753648199999,1726.46669,24,38786,1710.27745,0
1753648200000,0.04412,0.04412,0.04402,0.04402,82572,1753648259999,3637.71407,60,31563,1389.82983,0
1753648260000,0.04403,0.04404,0.04399,0.04399,76783,1753648319999,3379.93490,37,6604,290.81830,0
1753648320000,0.04400,0.04400,0.04397,0.04398,102396,1753648379999,4504.91759,50,68939,3033.19904,0
1753648380000,0.04398,0.04400,0.04394,0.04398,531313,1753648439999,23354.06627,115,188226,8276.78422,0
1753648440000,0.04398,0.04399,0.04396,0.04399,268788,1753648499999,11821.33693,82,147145,6471.26359,0
1753648500000,0.04400,0.04404,0.04400,0.04402,167782,1753648559999,7384.57480,54,137503,6051.43956,0
1753648560000,0.04401,0.04401,0.04399,0.04401,149952,1753648619999,6598.09229,49,65317,2873.87370,0
1753648620000,0.04401,0.04406,0.04399,0.04406,91461,1753648679999,4026.51565,48,69458,3058.19957,0
1753648680000,0.04406,0.04406,0.04400,0.044,65186,1753648739999,2870.01104,31,24932,1098.09526,0
1753648740000,0.04398,0.04425,0.04398,0.04419,2587305,1753648799999,114157.24752,530,1922825,84791.81655,0
1753648800000,0.04419,0.04419,0.04412,0.04412,417804,1753648859999,18448.58135,71,204577,9033.21280,0
1753648860000,0.04412,0.04417,0.04409,0.04417,442541,1753648919999,19535.61186,147,344016,15186.06357,0
1753648920000,0.04417,0.04419,0.04416,0.04418,255425,1753648979999,11283.17573,68,155481,6868.16845,0
1753648980000,0.04418,0.04425,0.04414,0.04415,1407775,1753649039999,62226.49918,209,710772,31419.26773,0
1753649040000,0.04416,0.04416,0.04412,0.04415,480139,1753649099999,21191.16444,101,58669,2589.92844,0
1753649100000,0.04413,0.04417,0.04413,0.04413,153748,1753649159999,6786.20620,64,87425,3859.02199,0
1753649160000,0.04413,0.04413,0.04405,0.04405,815036,1753649219999,35940.93765,180,257831,11367.80267,0
1753649220000,0.04405,0.04406,0.04403,0.04404,139777,1753649279999,6155.33063,35,56761,2499.57882,0
1753649280000,0.04404,0.04406,0.04402,0.04406,152125,1753649339999,6698.52802,41,99173,4367.00498,0
1753649340000,0.04407,0.04408,0.04405,0.04407,222532,1753649399999,9806.83652,101,138364,6097.54039,0
1753649400000,0.04406,0.04408,0.04401,0.04401,153667,1753649459999,6769.53864,56,10712,472.08617,0
1753649460000,0.04401,0.04402,0.04396,0.04398,341787,1753649519999,15035.07390,73,71728,3155.29655,0
1753649520000,0.04396,0.04397,0.04389,0.04391,676369,1753649579999,29716.93556,103,25532,1121.96052,0
1753649580000,0.04391,0.04393,0.04384,0.04384,759509,1753649639999,33320.91609,110,34059,1495.07713,0
1753649640000,0.04385,0.04386,0.04380,0.04383,314417,1753649699999,13778.81638,75,135545,5939.62388,0
1753649700000,0.04383,0.04385,0.04379,0.04384,439146,1753649759999,19238.87092,109,112783,4942.84355,0
1753649760000,0.04385,0.04387,0.04383,0.04387,259257,1753649819999,11366.74459,59,84442,3702.61190,0
1753649820000,0.04386,0.04387,0.04382,0.04383,106848,1753649879999,4685.96265,33,67744,2971.65266,0
1753649880000,0.04383,0.04383,0.04376,0.04381,519929,1753649939999,22767.90750,106,32821,1437.39291,0
1753649940000,0.04382,0.04383,0.04380,0.04381,225244,1753649999999,9868.37424,62,107869,4725.73997,0
1753650000000,0.04381,0.04389,0.04380,0.04384,374634,1753650059999,16421.30305,101,209724,9191.56373,0
1753650060000,0.04385,0.04387,0.04380,0.04386,250950,1753650119999,11003.97747,100,140033,6139.81126,0
1753650120000,0.04388,0.04393,0.04388,0.04393,88374,1753650179999,3879.92418,45,85799,3766.92103,0
1753650180000,0.04392,0.04392,0.04386,0.04387,173564,1753650239999,7617.57501,68,18511,812.84210,0
1753650240000,0.04387,0.04388,0.04383,0.04383,99932,1753650299999,4382.24504,42,10126,444.03784,0
1753650300000,0.04385,0.04387,0.04385,0.04387,57660,1753650359999,2528.89099,46,18938,830.68279,0
1753650360000,0.04387,0.04389,0.04386,0.04389,101954,1753650419999,4473.37690,69,49766,2183.93474,0
1753650420000,0.04389,0.04394,0.04389,0.04391,109206,1753650479999,4795.96199,59,69777,3064.28550,0
1753650480000,0.04391,0.04400,0.04391,0.044,204235,1753650539999,8977.89814,71,177295,7793.72039,0
1753650540000,0.04399,0.04401,0.04395,0.04395,355522,1753650599999,15636.69721,66,123806,5445.99826,0
1753650600000,0.04394,0.04394,0.04391,0.04391,250640,1753650659999,11006.92875,58,187264,8223.27612,0
1753650660000,0.04391,0.04392,0.04387,0.04387,56064,1753650719999,2461.14287,43,5936,260.66089,0
1753650720000,0.04387,0.04387,0.04382,0.04382,158794,1753650779999,6962.55053,64,79638,3492.11819,0
1753650780000,0.04381,0.04387,0.04381,0.04384,364087,1753650839999,15960.06208,114,208930,9158.61049,0
1753650840000,0.04383,0.04383,0.04376,0.04379,484939,1753650899999,21228.97017,162,227254,9948.97692,0
1753650900000,0.04378,0.04383,0.04376,0.04383,114927,1753650959999,5033.01663,73,85256,3734.33450,0
1753650960000,0.04383,0.04387,0.04383,0.04387,51065,1753651019999,2239.06890,38,29901,1310.99811,0
1753651020000,0.04386,0.04390,0.04386,0.04389,34820,1753651079999,1527.99494,31,11585,508.29616,0
1753651080000,0.04391,0.04398,0.04390,0.04397,29984,1753651139999,1317.61210,44,12767,560.95705,0
1753651140000,0.04398,0.04398,0.04392,0.04394,78717,1753651199999,3460.07587,51,9541,419.22357,0
1753651200000,0.04395,0.04395,0.04391,0.04391,71903,1753651259999,3159.65149,51,6723,295.33957,0
1753651260000,0.04390,0.04391,0.04385,0.04391,303258,1753651319999,13306.92469,95,44603,1957.76257,0
1753651320000,0.04392,0.04398,0.04391,0.04391,256424,1753651379999,11266.44061,90,86662,3808.93929,0
1753651380000,0.04392,0.04394,0.04391,0.04394,117005,1753651439999,5139.67436,29,116288,5108.18336,0
1753651440000,0.04393,0.04396,0.04393,0.04395,69833,1753651499999,3068.77194,29,48324,2123.52573,0
1753651500000,0.04394,0.04403,0.04394,0.044,832258,1753651559999,36606.63871,188,666123,29296.95626,0
1753651560000,0.04400,0.04400,0.04398,0.04398,51383,1753651619999,2260.38100,34,35810,1575.33234,0
1753651620000,0.04396,0.04397,0.04395,0.04396,40658,1753651679999,1787.34828,23,23419,1029.53255,0
1753651680000,0.04396,0.04397,0.04393,0.04393,92646,1753651739999,4071.48008,39,17255,758.70235,0
1753651740000,0.04392,0.04397,0.04392,0.04396,97343,1753651799999,4278.40197,52,88863,3905.67662,0
1753651800000,0.04397,0.04409,0.04397,0.04409,144737,1753651859999,6374.47797,72,142883,6292.90197,0
1753651860000,0.04409,0.04414,0.04401,0.04403,362868,1753651919999,15987.07915,109,112387,4953.85320,0
1753651920000,0.04403,0.04403,0.04398,0.04399,293161,1753651979999,12898.75184,74,158042,6952.88906,0
1753651980000,0.04400,0.04405,0.04400,0.04405,179292,1753652039999,7893.00734,103,169045,7442.05310,0
1753652040000,0.04404,0.04408,0.04404,0.04407,164760,1753652099999,7259.39670,64,143384,6317.99766,0
1753652100000,0.04408,0.04408,0.04407,0.04407,39135,1753652159999,1724.77981,18,10036,442.38688,0
1753652160000,0.04406,0.04409,0.04405,0.04406,257228,1753652219999,11335.89925,103,202390,8919.46930,0
1753652220000,0.04405,0.04405,0.04401,0.04401,137922,1753652279999,6073.27084,24,3509,154.48190,0
1753652280000,0.04401,0.04401,0.04393,0.04393,299582,1753652339999,13169.46412,76,22967,1008.94938,0
1753652340000,0.04392,0.04395,0.04391,0.04391,300345,1753652399999,13192.86908,85,134976,5930.67248,0
1753652400000,0.04392,0.04396,0.04390,0.04393,276175,1753652459999,12131.58118,148,163000,7160.27901,0
1753652460000,0.04392,0.04393,0.04390,0.0439,205976,1753652519999,9043.73041,65,50341,2210.80528,0
1753652520000,0.04390,0.04390,0.04387,0.04389,79213,1753652579999,3476.04539,45,26316,1155.00924,0
1753652580000,0.04389,0.04390,0.04385,0.04388,705734,1753652639999,30958.28855,185,91765,4027.90586,0
1753652640000,0.04387,0.04392,0.04387,0.0439,190118,1753652699999,8346.59119,88,170787,7498.20035,0
1753652700000,0.04390,0.04395,0.04389,0.04394,107128,1753652759999,4706.40165,56,105734,4645.20275,0
1753652760000,0.04393,0.04394,0.04393,0.04393,9468,1753652819999,415.97533,18,4609,202.51946,0
1753652820000,0.04393,0.04399,0.04393,0.04399,87409,1753652879999,3842.29173,53,76768,3374.54641,0
1753652880000,0.04397,0.04400,0.04395,0.044,209251,1753652939999,9203.07346,60,130576,5744.40665,0
1753652940000,0.04401,0.04404,0.04400,0.044,159426,1753652999999,7018.85652,57,153348,6751.33247,0
1753653000000,0.04401,0.04468,0.04401,0.04466,9270244,1753653059999,411143.90889,1460,8172991,362431.37994,0
1753653060000,0.04466,0.04478,0.04457,0.04471,10265701,1753653119999,458747.54948,1814,4488793,200676.66729,0
1753653120000,0.04470,0.04490,0.04464,0.04486,4461942,1753653179999,199719.64429,706,2459154,110113.02868,0
1753653180000,0.04487,0.04501,0.04479,0.04498,6515033,1753653239999,292444.17794,1057,3419062,153577.38798,0
1753653240000,0.04498,0.04518,0.04491,0.04506,4282309,1753653299999,192851.74172,828,2153867,97005.78771,0
1753653300000,0.04507,0.04516,0.04489,0.04503,4624384,1753653359999,208269.79350,1092,2258907,101764.04776,0
1753653360000,0.04502,0.04505,0.04494,0.04505,1875570,1753653419999,84392.99983,512,896915,40363.12682,0
1753653420000,0.04504,0.04513,0.04503,0.04508,1439596,1753653479999,64894.39943,339,483130,21780.03749,0
1753653480000,0.04507,0.04507,0.04498,0.04506,1158596,1753653539999,52156.34741,240,297926,13416.55802,0
1753653540000,0.04506,0.04509,0.04501,0.04509,706807,1753653599999,31834.87411,219,368498,16601.96334,0
1753653600000,0.04509,0.04521,0.04508,0.04514,2952742,1753653659999,133303.07525,763,1882959,85006.87980,0
1753653660000,0.04515,0.04550,0.04514,0.04549,3617649,1753653719999,163995.29776,1113,2468118,111864.88732,0
1753653720000,0.04550,0.04563,0.04550,0.04558,3649912,1753653779999,166299.23411,840,1930965,87979.49230,0
1753653780000,0.04557,0.04558,0.04537,0.04541,4736979,1753653839999,215417.31802,998,1134250,51579.09358,0
1753653840000,0.04541,0.04542,0.04534,0.04541,1451060,1753653899999,65855.01608,455,711069,32278.89062,0
1753653900000,0.04541,0.04543,0.04520,0.04527,3139580,1753653959999,142140.22562,551,1455449,65857.88924,0
1753653960000,0.04525,0.04530,0.04503,0.04504,1923321,1753654019999,86848.56503,490,485693,21956.71457,0
1753654020000,0.04505,0.04510,0.04503,0.04504,980340,1753654079999,44171.20323,295,677212,30511.67339,0
1753654080000,0.04504,0.04505,0.04495,0.04504,2134959,1753654139999,96094.19635,332,663648,29876.03397,0
1753654140000,0.04504,0.04506,0.04496,0.04498,756385,1753654199999,34037.71856,330,210508,9475.21952,0
1753654200000,0.04499,0.04502,0.04485,0.0449,2218399,1753654259999,99684.57788,578,631509,28391.49985,0
1753654260000,0.04490,0.04490,0.04475,0.04477,1688942,1753654319999,75689.61026,454,380462,17056.96425,0
1753654320000,0.04476,0.04488,0.04475,0.04483,1175182,1753654379999,52669.35599,353,908861,40736.63063,0
1753654380000,0.04483,0.04492,0.04483,0.04492,435901,1753654439999,19559.04603,259,398333,17872.77807,0
1753654440000,0.04492,0.04497,0.04485,0.04497,1720211,1753654499999,77201.77272,314,1208577,54239.15803,0
1753654500000,0.04497,0.04499,0.04489,0.04489,1012035,1753654559999,45482.84556,236,351193,15777.96302,0
1753654560000,0.04490,0.04490,0.04467,0.04471,1969235,1753654619999,88157.86463,448,468922,20991.08665,0
1753654620000,0.04471,0.04479,0.04468,0.04478,992011,1753654679999,44370.47815,247,709525,31737.07588,0
1753654680000,0.04479,0.04483,0.04475,0.04475,486643,1753654739999,21797.75581,195,118212,5295.60085,0
1753654740000,0.04475,0.04478,0.04470,0.04474,2254658,1753654799999,100853.14351,357,1233524,55176.68651,0
1753654800000,0.04474,0.04479,0.04474,0.04478,237024,1753654859999,10610.74330,113,166103,7435.35491,0
1753654860000,0.04478,0.04479,0.04471,0.04471,931874,1753654919999,41712.94295,261,415273,18591.19449,0
1753654920000,0.04472,0.04477,0.04467,0.04476,1261124,1753654979999,56383.86146,241,264721,11841.51999,0
1753654980000,0.04476,0.04476,0.04472,0.04475,299047,1753655039999,13377.46367,96,191380,8561.27270,0
1753655040000,0.04475,0.04477,0.04472,0.04474,436312,1753655099999,19520.62331,121,121585,5441.04116,0
1753655100000,0.04473,0.04473,0.04467,0.04469,438565,1753655159999,19605.82877,121,148112,6621.73707,0
1753655160000,0.04469,0.04469,0.04458,0.04464,1209381,1753655219999,53947.51109,190,707584,31557.52135,0
1753655220000,0.04465,0.04466,0.04461,0.04463,433151,1753655279999,19332.71082,88,129048,5760.17585,0
1753655280000,0.04462,0.04462,0.04453,0.04457,613864,1753655339999,27359.24426,134,196036,8737.07291,0
1753655340000,0.04458,0.04458,0.04456,0.04458,73662,1753655399999,3283.44827,43,66759,2975.78269,0
1753655400000,0.04459,0.04468,0.04458,0.04458,796949,1753655459999,35572.97640,195,313565,13997.95194,0
1753655460000,0.04458,0.04463,0.04455,0.0446,702507,1753655519999,31324.57635,146,474273,21152.24832,0
1753655520000,0.04460,0.04468,0.04456,0.04468,458264,1753655579999,20439.50891,147,293255,13083.11646,0
1753655580000,0.04469,0.04469,0.04462,0.04462,407095,1753655639999,18183.90459,120,53233,2376.79466,0
1753655640000,0.04462,0.04462,0.04457,0.04457,400391,1753655699999,17858.38001,116,69924,3119.11627,0
1753655700000,0.04456,0.04463,0.04453,0.04459,2235917,1753655759999,99660.32347,283,2005306,89380.10702,0
1753655760000,0.04457,0.04461,0.04456,0.0446,210937,1753655819999,9403.40839,108,84277,3757.72668,0
1753655820000,0.04460,0.04464,0.04454,0.04455,451363,1753655879999,20126.87709,136,113981,5085.54266,0
1753655880000,0.04455,0.04456,0.04448,0.04456,1320042,1753655939999,58764.39763,150,857592,38178.88681,0
1753655940000,0.04456,0.04456,0.04451,0.04454,280219,1753655999999,12478.91476,74,87446,3894.09686,0
1753656000000,0.04454,0.04458,0.04454,0.04458,149104,1753656059999,6644.43761,83,79501,3542.75659,0
1753656060000,0.04458,0.04468,0.04456,0.04456,1210130,1753656119999,53989.36667,261,669539,29858.98670,0
1753656120000,0.04457,0.04458,0.04457,0.04458,85676,1753656179999,3819.37402,66,37917,1690.28919,0
1753656180000,0.04458,0.04463,0.04457,0.04461,259982,1753656239999,11594.37473,153,135536,6044.58763,0
1753656240000,0.04462,0.04463,0.04459,0.04461,269120,1753656299999,12005.32386,127,139837,6238.24680,0
1753656300000,0.04461,0.04461,0.04451,0.04451,609157,1753656359999,27139.49086,134,113250,5044.59966,0
1753656360000,0.04451,0.04458,0.04451,0.04457,176612,1753656419999,7868.86098,76,138861,6186.82220,0
1753656420000,0.04457,0.04458,0.04455,0.04455,111561,1753656479999,4970.85884,56,48855,2176.63621,0
1753656480000,0.04456,0.04461,0.04455,0.0446,151631,1753656539999,6760.38637,99,96501,4303.11945,0
1753656540000,0.04460,0.04463,0.04456,0.04457,823880,1753656599999,36732.32689,151,701261,31265.58415,0
1753656600000,0.04457,0.04459,0.04455,0.04456,474595,1753656659999,21154.05629,165,317266,14143.14943,0
1753656660000,0.04457,0.04465,0.04450,0.04452,432721,1753656719999,19291.86039,172,232127,10351.60674,0
1753656720000,0.04452,0.04452,0.04445,0.0445,339011,1753656779999,15075.57365,117,61572,2738.52132,0
1753656780000,0.04450,0.04450,0.04443,0.04443,392886,1753656839999,17461.03204,106,86475,3843.48775,0
1753656840000,0.04444,0.04445,0.04441,0.04442,468087,1753656899999,20795.16060,94,125946,5596.18000,0
1753656900000,0.04442,0.04444,0.04438,0.04438,150107,1753656959999,6665.52920,91,52606,2336.03690,0
1753656960000,0.04439,0.04439,0.04434,0.04438,554905,1753657019999,24616.09324,141,256788,11393.61338,0
1753657020000,0.04438,0.04440,0.04436,0.04436,75611,1753657079999,3355.33382,47,31717,1407.22268,0
1753657080000,0.04437,0.04440,0.04432,0.04439,960895,1753657139999,42620.70151,228,266028,11805.74906,0
1753657140000,0.04438,0.04444,0.04437,0.04441,420314,1753657199999,18667.09583,116,286568,12727.80852,0
1753657200000,0.04439,0.04441,0.04438,0.0444,357893,1753657259999,15890.55852,142,270673,12018.47130,0
1753657260000,0.04439,0.04441,0.04426,0.04428,944848,1753657319999,41886.88979,487,464521,20594.11920,0
1753657320000,0.04427,0.04427,0.04416,0.04416,747497,1753657379999,33051.18817,225,114855,5082.58625,0
1753657380000,0.04417,0.04430,0.04416,0.0443,598038,1753657439999,26449.96981,242,268773,11892.16302,0
1753657440000,0.04429,0.04429,0.04423,0.04424,392732,1753657499999,17386.42420,157,97576,4319.49449,0
1753657500000,0.04423,0.04427,0.04418,0.04427,206586,1753657559999,9135.14980,118,87290,3860.44152,0
1753657560000,0.04428,0.04430,0.04425,0.04425,123581,1753657619999,5472.05296,78,49815,2206.24149,0
1753657620000,0.04425,0.04428,0.04425,0.04428,106834,1753657679999,4729.57436,79,76322,3378.77760,0
1753657680000,0.04427,0.04428,0.04425,0.04427,233532,1753657739999,10336.50810,86,194549,8610.84956,0
1753657740000,0.04426,0.04426,0.04421,0.04423,296422,1753657799999,13113.82743,90,126891,5612.35508,0
1753657800000,0.04424,0.04426,0.04410,0.04416,1113781,1753657859999,49189.30631,244,654436,28912.25577,0
1753657860000,0.04417,0.04418,0.04413,0.04416,218912,1753657919999,9666.60225,144,105801,4672.61694,0
1753657920000,0.04416,0.04422,0.04416,0.04418,212311,1753657979999,9381.43441,115,64817,2863.66632,0
1753657980000,0.04417,0.04420,0.04409,0.04412,1148848,1753658039999,50694.52896,199,196292,8663.90195,0
1753658040000,0.04413,0.04413,0.04406,0.0441,849656,1753658099999,37470.72376,190,206838,9122.40144,0
1753658100000,0.04411,0.04419,0.04411,0.04419,215355,1753658159999,9509.12912,109,112786,4981.08255,0
1753658160000,0.04418,0.04421,0.04416,0.04416,264702,1753658219999,11696.86161,130,153208,6770.36072,0
1753658220000,0.04417,0.04421,0.04417,0.04419,105902,1753658279999,4679.29351,67,60926,2692.20040,0
1753658280000,0.04419,0.04421,0.04411,0.04416,482188,1753658339999,21281.84857,133,81785,3612.42223,0
1753658340000,0.04416,0.04417,0.04413,0.04415,191658,1753658399999,8460.55548,79,145364,6416.94623,0
1753658400000,0.04414,0.04420,0.04414,0.04419,75981,1753658459999,3355.50289,59,56342,2488.47961,0
1753658460000,0.04418,0.04418,0.04414,0.04414,126889,1753658519999,5602.52360,51,41223,1820.85037,0
1753658520000,0.04413,0.04417,0.04412,0.04414,233622,1753658579999,10312.37503,82,200010,8829.02560,0
1753658580000,0.04414,0.04418,0.04412,0.04417,61121,1753658639999,2698.94720,49,48683,2150.02997,0
1753658640000,0.04417,0.04425,0.04416,0.04421,153438,1753658699999,6783.91268,89,121224,5360.13390,0
1753658700000,0.04422,0.04424,0.04418,0.04422,215640,1753658759999,9531.16613,89,97705,4319.77276,0
1753658760000,0.04423,0.04425,0.04421,0.04423,136708,1753658819999,6045.94402,64,67048,2965.51107,0
1753658820000,0.04424,0.04426,0.04421,0.04426,78408,1753658879999,3468.31028,57,45661,2020.12653,0
1753658880000,0.04426,0.04427,0.04425,0.04425,47128,1753658939999,2085.96114,38,35291,1561.95401,0
1753658940000,0.04424,0.04424,0.04419,0.04422,75016,1753658999999,3317.49231,47,21506,950.72449,0
1753659000000,0.04422,0.04428,0.04422,0.04425,84685,1753659059999,3747.80468,62,48077,2127.16525,0
1753659060000,0.04423,0.04424,0.04410,0.04411,491541,1753659119999,21699.64043,139,32673,1443.86923,0
1753659120000,0.04410,0.04410,0.04402,0.04403,546914,1753659179999,24090.56450,153,77948,3433.76207,0
1753659180000,0.04403,0.04410,0.04403,0.04409,363485,1753659239999,16013.46649,100,241464,10637.93719,0
1753659240000,0.04409,0.04409,0.04403,0.04403,125699,1753659299999,5538.92449,68,26770,1179.10170,0
1753659300000,0.04403,0.04406,0.04400,0.04402,277343,1753659359999,12210.75696,119,84233,3708.73942,0
1753659360000,0.04402,0.04406,0.04401,0.04406,72567,1753659419999,3194.77999,78,33410,1471.13494,0
1753659420000,0.04406,0.04409,0.04404,0.04406,77718,1753659479999,3424.46389,67,42376,1867.29920,0
1753659480000,0.04406,0.04411,0.04404,0.0441,81059,1753659539999,3572.02834,71,58196,2564.74709,0
1753659540000,0.04411,0.04412,0.04409,0.0441,89240,1753659599999,3936.16972,65,57134,2520.11351,0
1753659600000,0.04409,0.04409,0.04406,0.04406,160122,1753659659999,7057.72283,80,65113,2869.95024,0
1753659660000,0.04405,0.04405,0.04401,0.04404,349087,1753659719999,15370.71337,99,143955,6340.04911,0
1753659720000,0.04404,0.04409,0.04402,0.04409,696156,1753659779999,30661.72249,117,490799,21620.12031,0
1753659780000,0.04408,0.04409,0.04404,0.04406,583695,1753659839999,25717.34640,131,340752,15014.96191,0
1753659840000,0.04406,0.04411,0.04405,0.04406,1146049,1753659899999,50510.09877,172,827877,36487.38090,0
1753659900000,0.04406,0.04408,0.04403,0.04405,646945,1753659959999,28504.76092,135,461463,20331.26597,0
1753659960000,0.04404,0.04411,0.04403,0.04411,323536,1753660019999,14251.84619,111,130994,5773.52395,0
1753660020000,0.04411,0.04411,0.04408,0.04408,81146,1753660079999,3577.36531,49,56557,2493.17470,0
1753660080000,0.04409,0.04412,0.04408,0.04412,437018,1753660139999,19269.90866,100,227914,10050.03579,0
1753660140000,0.04412,0.04413,0.04411,0.04412,422514,1753660199999,18637.43205,66,40264,1776.15977,0
1753660200000,0.04412,0.04420,0.04412,0.04418,204954,1753660259999,9051.92447,87,112503,4966.28253,0
1753660260000,0.04416,0.04423,0.04416,0.04423,140026,1753660319999,6186.89047,73,124354,5494.69501,0
1753660320000,0.04423,0.04425,0.04423,0.04424,190044,1753660379999,8408.17675,85,143253,6338.14422,0
1753660380000,0.04424,0.04425,0.04421,0.04425,120861,1753660439999,5345.61960,57,71725,3172.02034,0
1753660440000,0.04426,0.04426,0.04421,0.04425,586065,1753660499999,25922.16055,126,191404,8467.93454,0
1753660500000,0.04427,0.04430,0.04426,0.04426,117804,1753660559999,5216.36804,63,57371,2540.16635,0
1753660560000,0.04426,0.04428,0.04425,0.04426,60919,1753660619999,2696.53000,41,53525,2369.30543,0
1753660620000,0.04425,0.04427,0.04425,0.04427,44798,1753660679999,1982.87694,43,30351,1343.38171,0
1753660680000,0.04427,0.04427,0.04425,0.04426,36239,1753660739999,1604.18021,22,235,10.40110,0
1753660740000,0.04425,0.04427,0.04423,0.04425,966100,1753660799999,42741.08563,83,72260,3197.36270,0
1753660800000,0.04426,0.04435,0.04419,0.04419,712151,1753660859999,31531.00398,214,432282,19149.44383,0
1753660860000,0.04420,0.04429,0.04420,0.04428,1274155,1753660919999,56344.54440,196,1194722,52831.69753,0
1753660920000,0.04428,0.04430,0.04421,0.04421,621769,1753660979999,27518.46957,204,267366,11830.26211,0
1753660980000,0.04421,0.04428,0.04417,0.04426,973202,1753661039999,43038.39902,191,502513,22218.10134,0
1753661040000,0.04427,0.04427,0.04421,0.04424,311519,1753661099999,13782.35895,101,67489,2985.28791,0
1753661100000,0.04424,0.04424,0.04417,0.04421,113874,1753661159999,5032.83566,93,70337,3108.61726,0
1753661160000,0.04420,0.04423,0.04418,0.0442,773170,1753661219999,34176.44135,165,596979,26389.34281,0
1753661220000,0.04420,0.04422,0.04418,0.0442,125120,1753661279999,5530.18419,85,91796,4057.37270,0
1753661280000,0.04421,0.04426,0.04418,0.0442,111932,1753661339999,4948.61884,81,54308,2401.84415,0
1753661340000,0.04420,0.04423,0.04417,0.0442,509513,1753661399999,22518.43962,153,175790,7770.58169,0
1753661400000,0.04419,0.04424,0.04418,0.04424,192426,1753661459999,8505.26243,86,102963,4552.00625,0
1753661460000,0.04424,0.04426,0.04422,0.04424,219528,1753661519999,9711.15919,153,130162,5758.22834,0
1753661520000,0.04425,0.04430,0.04425,0.04429,411403,1753661579999,18215.66275,117,347357,15380.08798,0
1753661580000,0.04429,0.04431,0.04428,0.04431,142266,1753661639999,6301.88420,86,58651,2598.10541,0
1753661640000,0.04431,0.04439,0.04430,0.04439,407100,1753661699999,18050.11761,148,308433,13676.26224,0
1753661700000,0.04439,0.04443,0.04432,0.04443,233156,1753661759999,10347.14791,131,174408,7739.37130,0
1753661760000,0.04442,0.04444,0.04431,0.04443,953191,1753661819999,42302.21451,265,493840,21922.18702,0
1753661820000,0.04443,0.04451,0.04443,0.04447,521932,1753661879999,23217.63699,157,306336,13626.55181,0
1753661880000,0.04449,0.04451,0.04447,0.0445,153661,1753661939999,6836.42953,77,100809,4485.09039,0
1753661940000,0.04450,0.04461,0.04450,0.04459,393502,1753661999999,17533.40399,181,314510,14014.93854,0
1753662000000,0.04460,0.04460,0.04450,0.04457,559370,1753662059999,24925.35229,160,134638,5999.28191,0
1753662060000,0.04458,0.04459,0.04446,0.04447,461641,1753662119999,20553.31415,141,346811,15441.74482,0
1753662120000,0.04449,0.04450,0.04440,0.0445,420725,1753662179999,18700.56985,151,132389,5884.48707,0
1753662180000,0.04451,0.04455,0.04447,0.04454,247767,1753662239999,11029.67335,106,66534,2962.48045,0
1753662240000,0.04453,0.04456,0.04453,0.04456,180512,1753662299999,8041.91255,78,124772,5558.78464,0
1753662300000,0.04456,0.04460,0.04452,0.04457,392774,1753662359999,17506.78413,123,230913,10291.01222,0
1753662360000,0.04458,0.04461,0.04450,0.04452,346361,1753662419999,15433.10314,128,117078,5218.70570,0
1753662420000,0.04451,0.04456,0.04449,0.04456,61450,1753662479999,2735.85309,63,53145,2366.21443,0
1753662480000,0.04455,0.04455,0.04450,0.04455,170872,1753662539999,7607.78514,73,90537,4031.10141,0
1753662540000,0.04455,0.04455,0.04449,0.04449,112118,1753662599999,4992.43960,67,10828,481.96454,0
1753662600000,0.04448,0.04449,0.04438,0.0444,287175,1753662659999,12763.52391,91,104134,4627.38270,0
1753662660000,0.04440,0.04444,0.04435,0.0444,112189,1753662719999,4980.48457,109,72513,3218.11587,0
1753662720000,0.04440,0.04444,0.04437,0.04437,314442,1753662779999,13960.17915,111,50491,2242.68202,0
1753662780000,0.04437,0.04443,0.04434,0.04442,180058,1753662839999,7990.64760,103,109883,4876.15913,0
1753662840000,0.04443,0.04448,0.04440,0.04444,155814,1753662899999,6923.81380,80,70207,3119.01389,0
1753662900000,0.04443,0.04447,0.04441,0.04447,102950,1753662959999,4574.00554,68,32703,1453.18600,0
1753662960000,0.04447,0.04448,0.04442,0.04445,80905,1753663019999,3596.30595,71,36919,1640.89967,0
1753663020000,0.04446,0.04448,0.04442,0.04444,246955,1753663079999,10976.80321,119,63371,2817.82515,0
1753663080000,0.04443,0.04443,0.04437,0.04438,110708,1753663139999,4916.27773,60,64283,2854.51947,0
1753663140000,0.04437,0.04443,0.04434,0.04442,281841,1753663199999,12509.52086,120,164949,7322.46391,0
1753663200000,0.04441,0.04441,0.04435,0.04437,159508,1753663259999,7079.19832,97,42050,1866.28189,0
1753663260000,0.04438,0.04442,0.04437,0.04439,175084,1753663319999,7772.18749,111,85698,3804.20220,0
1753663320000,0.04437,0.04441,0.04437,0.04439,135802,1753663379999,6028.73164,78,82010,3640.55170,0
1753663380000,0.04438,0.04440,0.04432,0.04432,212532,1753663439999,9425.87263,111,156693,6950.18595,0
1753663440000,0.04432,0.04433,0.04430,0.04432,82755,1753663499999,3667.71926,61,43092,1909.99926,0
1753663500000,0.04433,0.04438,0.04431,0.04432,293807,1753663559999,13027.56733,125,148229,6573.98101,0
1753663560000,0.04432,0.04433,0.04418,0.04428,761552,1753663619999,33685.74855,215,242383,10724.88499,0
1753663620000,0.04429,0.04431,0.04425,0.04425,125704,1753663679999,5567.37630,66,17026,754.22137,0
1753663680000,0.04425,0.04429,0.04422,0.04422,113827,1753663739999,5036.87733,62,36983,1636.36767,0
1753663740000,0.04422,0.04427,0.04422,0.04426,66121,1753663799999,2925.77336,56,20408,903.03495,0
1753663800000,0.04424,0.04427,0.04424,0.04424,91024,1753663859999,4028.45839,51,41675,1844.90581,0
1753663860000,0.04424,0.04424,0.04416,0.0442,162041,1753663919999,7161.02367,81,9202,406.67155,0
1753663920000,0.04420,0.04428,0.04420,0.0442,275881,1753663979999,12204.15737,102,154860,6849.41095,0
1753663980000,0.04422,0.04428,0.04422,0.04427,70440,1753664039999,3116.41835,42,34349,1519.50094,0
1753664040000,0.04427,0.04429,0.04424,0.04426,208328,1753664099999,9222.37578,78,150529,6664.18016,0
1753664100000,0.04425,0.04425,0.04419,0.04425,245209,1753664159999,10845.18776,86,57228,2530.76728,0
1753664160000,0.04424,0.04424,0.04417,0.04418,124856,1753664219999,5519.08019,70,14868,656.91870,0
1753664220000,0.04417,0.04417,0.04409,0.04409,82222,1753664279999,3627.06045,55,5548,244.70752,0
1753664280000,0.04408,0.04410,0.04405,0.0441,112508,1753664339999,4958.11957,69,53165,2343.02923,0
1753664340000,0.04411,0.04411,0.04405,0.04405,58073,1753664399999,2560.21161,46,7950,350.64904,0
1753664400000,0.04405,0.04407,0.04392,0.04395,1559192,1753664459999,68580.47785,314,288455,12690.08949,0
1753664460000,0.04394,0.04396,0.04388,0.04393,1143351,1753664519999,50208.87710,248,306934,13482.05893,0
1753664520000,0.04392,0.04393,0.04386,0.04386,257942,1753664579999,11323.73840,122,58347,2561.80974,0
1753664580000,0.04387,0.04395,0.04387,0.04395,191017,1753664639999,8386.33823,96,154823,6796.83874,0
1753664640000,0.04395,0.04398,0.04391,0.04393,198130,1753664699999,8706.85941,122,125407,5510.86054,0
1753664700000,0.04394,0.04394,0.04392,0.04392,413782,1753664759999,18176.96180,108,65363,2871.14965,0
1753664760000,0.04393,0.04396,0.04392,0.04393,155328,1753664819999,6823.77618,75,75586,3320.48665,0
1753664820000,0.04393,0.04394,0.04388,0.04394,367001,1753664879999,16113.63441,75,86643,3805.23642,0
1753664880000,0.04394,0.04396,0.04393,0.04395,273208,1753664939999,12006.52843,91,173899,7642.57644,0
1753664940000,0.04397,0.04407,0.04393,0.04405,1029012,1753664999999,45279.43386,221,841893,37046.06041,0
1753665000000,0.04404,0.04404,0.04396,0.04397,248353,1753665059999,10929.89735,86,40979,1802.48613,0
1753665060000,0.04396,0.04397,0.04391,0.04391,113929,1753665119999,5005.36959,62,33629,1477.23369,0
1753665120000,0.04390,0.04394,0.04386,0.04388,219798,1753665179999,9645.96451,83,48879,2145.81305,0
1753665180000,0.04389,0.04389,0.04386,0.04386,164118,1753665239999,7200.13137,60,36782,1613.98473,0
1753665240000,0.04385,0.04389,0.04385,0.04389,111971,1753665299999,4911.69820,59,101966,4472.86923,0
1753665300000,0.04388,0.04392,0.04383,0.04392,244371,1753665359999,10723.25016,95,177920,7808.73689,0
1753665360000,0.04392,0.04398,0.04392,0.04398,141737,1753665419999,6229.61820,99,114987,5053.98826,0
1753665420000,0.04399,0.04399,0.04395,0.04396,296270,1753665479999,13026.58412,88,188403,8283.93567,0
1753665480000,0.04396,0.04400,0.04393,0.04397,267183,1753665539999,11748.92286,64,212456,9343.29468,0
1753665540000,0.04398,0.04400,0.04396,0.04399,143182,1753665599999,6298.20783,52,135751,5971.43238,0
1753665600000,0.04399,0.04403,0.04397,0.04398,182397,1753665659999,8025.86355,66,87161,3835.05743,0
1753665660000,0.04398,0.04399,0.04395,0.04398,479806,1753665719999,21095.89162,95,148955,6549.91600,0
1753665720000,0.04398,0.04401,0.04398,0.04399,151013,1753665779999,6641.92441,58,89613,3941.26827,0
1753665780000,0.04401,0.04402,0.04396,0.04397,103009,1753665839999,4531.60665,53,13629,599.68931,0
1753665840000,0.04397,0.04397,0.04388,0.04388,81592,1753665899999,3584.69803,40,22996,1010.65079,0
1753665900000,0.04387,0.04388,0.04382,0.04382,144807,1753665959999,6350.46716,76,7574,332.14818,0
1753665960000,0.04383,0.04383,0.04377,0.04377,250890,1753666019999,10988.04108,64,97072,4252.14144,0
1753666020000,0.04378,0.04391,0.04378,0.0439,937003,1753666079999,41102.92656,181,838405,36778.68309,0
1753666080000,0.04391,0.04393,0.04387,0.04388,116882,1753666139999,5131.85275,55,20515,900.84096,0
1753666140000,0.04388,0.04394,0.04388,0.04394,87395,1753666199999,3838.11946,43,47263,2075.08108,0
1753666200000,0.04392,0.04392,0.04387,0.04392,336862,1753666259999,14789.20031,96,79699,3498.73618,0
1753666260000,0.04391,0.04391,0.04386,0.04388,111161,1753666319999,4879.10286,78,55882,2452.83551,0
1753666320000,0.04388,0.04389,0.04385,0.04387,37338,1753666379999,1637.92230,48,12551,550.63672,0
1753666380000,0.04386,0.04386,0.04377,0.04377,486978,1753666439999,21335.65186,66,2548,111.62404,0
1753666440000,0.04378,0.04378,0.04368,0.04369,1750674,1753666499999,76539.10472,279,326723,14295.53199,0
1753666500000,0.04370,0.04371,0.04365,0.04367,850533,1753666559999,37155.99834,118,470519,20560.50603,0
1753666560000,0.04368,0.04370,0.04364,0.04367,1219295,1753666619999,53250.55539,165,515789,22531.84735,0
1753666620000,0.04368,0.04369,0.04362,0.04369,1263050,1753666679999,55129.07743,199,494458,21585.22520,0
1753666680000,0.04369,0.04373,0.04369,0.0437,563956,1753666739999,24646.33239,72,498381,21779.83153,0
1753666740000,0.04370,0.04371,0.04365,0.04368,444410,1753666799999,19409.24944,101,57360,2505.56338,0
1753666800000,0.04369,0.04371,0.04369,0.04369,322633,1753666859999,14099.87713,54,135090,5902.99464,0
1753666860000,0.04369,0.04370,0.04364,0.04364,109205,1753666919999,4768.73871,59,12412,541.83543,0
1753666920000,0.04365,0.04368,0.04365,0.04367,117139,1753666979999,5114.88695,80,66971,2924.14105,0
1753666980000,0.04368,0.04369,0.04364,0.04364,210189,1753667039999,9176.75784,84,77515,3384.13347,0
1753667040000,0.04365,0.04369,0.04365,0.04369,314080,1753667099999,13717.57339,66,291723,12740.95323,0
1753667100000,0.04368,0.04368,0.04364,0.04368,258322,1753667159999,11279.77610,69,133898,5847.26651,0
1753667160000,0.04368,0.04368,0.04362,0.04363,104184,1753667219999,4549.23844,38,11519,502.61460,0
1753667220000,0.04364,0.04367,0.04361,0.04364,125765,1753667279999,5487.42949,69,43835,1913.23028,0
1753667280000,0.04364,0.04368,0.04363,0.04368,277812,1753667339999,12130.86176,68,262301,11453.88726,0
1753667340000,0.04371,0.04374,0.04370,0.0437,136423,1753667399999,5965.70607,48,112149,4904.39907,0
1753667400000,0.04370,0.04371,0.04368,0.04368,309287,1753667459999,13512.49240,53,109992,4806.87691,0
1753667460000,0.04368,0.04368,0.04366,0.04366,136404,1753667519999,5956.22726,50,97649,4264.12900,0
1753667520000,0.04366,0.04370,0.04366,0.0437,71001,1753667579999,3101.89195,28,45914,2005.83588,0
1753667580000,0.04371,0.04373,0.04371,0.04371,43869,1753667639999,1918.08639,18,32581,1424.59968,0
1753667640000,0.04372,0.04372,0.04370,0.0437,32569,1753667699999,1423.63201,15,2477,108.29444,0
1753667700000,0.04369,0.04369,0.04367,0.04368,70127,1753667759999,3063.14850,44,20586,899.19956,0
1753667760000,0.04367,0.04369,0.04366,0.04368,144826,1753667819999,6324.40413,44,52513,2293.25025,0
1753667820000,0.04367,0.04367,0.04366,0.04367,40144,1753667879999,1752.97362,23,36047,1574.08359,0
1753667880000,0.04368,0.04376,0.04368,0.04376,128228,1753667939999,5608.17069,51,126622,5537.90902,0
1753667940000,0.04377,0.04378,0.04374,0.04375,293914,1753667999999,12859.63684,60,46943,2054.63094,0
1753668000000,0.04375,0.04378,0.04372,0.04378,472179,1753668059999,20659.01100,139,421703,18451.19813,0
1753668060000,0.04378,0.04380,0.04373,0.0438,798777,1753668119999,34956.37251,207,731553,32014.53030,0
1753668120000,0.04378,0.04378,0.04370,0.04378,824065,1753668179999,36037.03078,155,143732,6286.15506,0
1753668180000,0.04377,0.04377,0.04374,0.04375,43983,1753668239999,1924.11759,38,19858,868.64639,0
1753668240000,0.04374,0.04380,0.04374,0.04379,79146,1753668299999,3463.65584,43,60778,2659.89010,0
1753668300000,0.04379,0.04381,0.04374,0.04374,261751,1753668359999,11454.58143,57,27531,1205.88395,0
1753668360000,0.04374,0.04383,0.04374,0.04379,464488,1753668419999,20338.67282,109,340273,14896.83883,0
1753668420000,0.04377,0.04383,0.04377,0.04381,162114,1753668479999,7101.60473,57,151023,6615.70380,0
1753668480000,0.04382,0.04384,0.04378,0.04379,353742,1753668539999,15501.01295,90,112762,4941.23213,0
1753668540000,0.04380,0.04383,0.04380,0.04383,69730,1753668599999,3055.34031,37,45798,2006.70105,0
1753668600000,0.04384,0.04391,0.04384,0.04391,130276,1753668659999,5718.13024,60,117481,5156.35508,0
1753668660000,0.04391,0.04397,0.04391,0.04394,570308,1753668719999,25062.48697,170,481157,21145.16058,0
1753668720000,0.04393,0.04393,0.04390,0.04393,260120,1753668779999,11425.18382,115,228955,10056.63605,0
1753668780000,0.04393,0.04395,0.04392,0.04394,162451,1753668839999,7136.79632,91,125649,5520.13175,0
1753668840000,0.04395,0.04400,0.04393,0.04399,198448,1753668899999,8724.61915,114,182175,8009.38607,0
1753668900000,0.04399,0.04406,0.04398,0.04406,580631,1753668959999,25558.35534,99,476903,20991.48175,0
1753668960000,0.04406,0.04408,0.04405,0.04407,271114,1753669019999,11945.87821,45,82563,3638.23060,0
1753669020000,0.04407,0.04415,0.04407,0.04415,1189562,1753669079999,52497.02026,170,1180812,52110.96326,0
1753669080000,0.04414,0.04416,0.04411,0.04411,236751,1753669139999,10446.94815,65,62848,2773.61108,0
1753669140000,0.04413,0.04414,0.04411,0.04414,49538,1753669199999,2185.88801,36,42512,1875.91823,0
1753669200000,0.04414,0.04416,0.04411,0.04415,129828,1753669259999,5730.92797,66,121437,5360.66542,0
1753669260000,0.04414,0.04417,0.04409,0.04409,257515,1753669319999,11370.14775,81,186950,8256.08147,0
1753669320000,0.04410,0.04413,0.04409,0.0441,138755,1753669379999,6119.99930,50,107366,4735.22580,0
1753669380000,0.04411,0.04411,0.04410,0.0441,79593,1753669439999,3510.33850,22,16214,715.10903,0
1753669440000,0.04409,0.04416,0.04409,0.04416,139903,1753669499999,6173.25625,51,134429,5931.87700,0
1753669500000,0.04416,0.04420,0.04416,0.0442,201376,1753669559999,8898.52176,70,67233,2970.83010,0
1753669560000,0.04421,0.04421,0.04416,0.04418,302337,1753669619999,13361.41057,63,36243,1601.60460,0
1753669620000,0.04418,0.04421,0.04417,0.04421,71712,1753669679999,3169.18224,47,71049,3139.89753,0
1753669680000,0.04421,0.04421,0.04419,0.04419,177360,1753669739999,7839.77540,48,93651,4139.93542,0
1753669740000,0.04417,0.04419,0.04416,0.04419,170127,1753669799999,7515.28077,51,147099,6498.15070,0
1753669800000,0.04419,0.04424,0.04418,0.04424,236304,1753669859999,10448.72614,75,103759,4587.62240,0
1753669860000,0.04424,0.04433,0.04422,0.04433,308896,1753669919999,13672.81839,125,205961,9118.97905,0
1753669920000,0.04432,0.04437,0.04432,0.04437,253908,1753669979999,11256.16735,118,130457,5783.93871,0
1753669980000,0.04437,0.04447,0.04435,0.04437,959637,1753670039999,42630.99958,252,598480,26589.13760,0
1753670040000,0.04437,0.04442,0.04437,0.04442,230494,1753670099999,10230.69909,86,134369,5964.82158,0
1753670100000,0.04443,0.04446,0.04439,0.04443,497662,1753670159999,22111.27999,127,129656,5761.08652,0
1753670160000,0.04443,0.04443,0.04434,0.04441,1186511,1753670219999,52652.83562,200,105366,4678.41765,0
1753670220000,0.04442,0.04449,0.04440,0.04447,746484,1753670279999,33182.35762,217,298864,13286.15277,0
1753670280000,0.04444,0.04444,0.04428,0.0443,353931,1753670339999,15699.24302,135,76508,3391.06008,0
1753670340000,0.04431,0.04435,0.04429,0.04433,233968,1753670399999,10369.60579,105,116753,5175.43714,0
1753670400000,0.04433,0.04437,0.04432,0.04437,270000,1753670459999,11971.18887,112,183580,8140.01728,0
1753670460000,0.04437,0.04437,0.04432,0.04435,202115,1753670519999,8961.48210,94,74921,3321.97748,0
1753670520000,0.04435,0.04439,0.04435,0.04439,110762,1753670579999,4914.77710,128,95861,4253.51691,0
1753670580000,0.04439,0.04443,0.04439,0.04439,285670,1753670639999,12685.80242,110,166187,7380.78389,0
1753670640000,0.04438,0.04442,0.04436,0.04442,134433,1753670699999,5967.10481,92,100131,4444.86372,0
1753670700000,0.04443,0.04445,0.04441,0.04445,561134,1753670759999,24933.86185,141,160150,7117.01807,0
1753670760000,0.04445,0.04450,0.04444,0.04445,430138,1753670819999,19131.36246,98,167378,7443.56670,0
1753670820000,0.04444,0.04446,0.04442,0.04443,80407,1753670879999,3572.84302,50,30600,1359.66308,0
1753670880000,0.04443,0.04447,0.04442,0.04447,72565,1753670939999,3225.01074,47,40247,1788.61620,0
1753670940000,0.04448,0.04448,0.04442,0.04444,118239,1753670999999,5255.01531,53,95733,4254.54200,0
1753671000000,0.04444,0.04444,0.04439,0.04439,130057,1753671059999,5776.97748,49,22438,996.46565,0
1753671060000,0.04440,0.04441,0.04439,0.0444,113533,1753671119999,5041.01852,42,90077,3999.43663,0
1753671120000,0.04440,0.04440,0.04439,0.0444,19306,1753671179999,857.05047,17,3134,139.12349,0
1753671180000,0.04440,0.04441,0.04434,0.04434,55698,1753671239999,2471.66400,29,3918,173.95842,0
1753671240000,0.04435,0.04439,0.04435,0.04439,184712,1753671299999,8196.06641,45,173865,7714.70910,0
1753671300000,0.04438,0.04439,0.04436,0.04438,365086,1753671359999,16201.33244,64,27218,1207.91962,0
1753671360000,0.04438,0.04445,0.04438,0.04444,283922,1753671419999,12616.20378,81,248468,11041.63673,0
1753671420000,0.04443,0.04445,0.04441,0.04441,150282,1753671479999,6677.29217,52,22894,1017.41198,0
1753671480000,0.04443,0.04445,0.04443,0.04445,58546,1753671539999,2601.54972,19,15771,700.73387,0
1753671540000,0.04444,0.04444,0.04441,0.04442,19160,1753671599999,851.20834,23,5584,247.99357,0
1753671600000,0.04443,0.04451,0.04443,0.04448,195989,1753671659999,8716.96989,123,119513,5314.66723,0
1753671660000,0.04448,0.04450,0.04446,0.0445,95507,1753671719999,4248.04379,74,55529,2470.25222,0
1753671720000,0.04450,0.04452,0.04449,0.04451,143103,1753671779999,6369.64100,97,130442,5805.98761,0
1753671780000,0.04451,0.04451,0.04449,0.04449,80917,1753671839999,3601.07413,57,35120,1563.00386,0
1753671840000,0.04448,0.04448,0.04446,0.04446,135122,1753671899999,6008.53066,76,87172,3876.19661,0
1753671900000,0.04447,0.04447,0.04444,0.04445,116875,1753671959999,5196.18564,49,62209,2766.03847,0
1753671960000,0.04444,0.04447,0.04443,0.04447,196609,1753672019999,8737.49531,84,154409,6862.09271,0
1753672020000,0.04447,0.04447,0.04442,0.04446,50700,1753672079999,2253.55522,34,38395,1706.54842,0
1753672080000,0.04446,0.04446,0.04443,0.04444,224047,1753672139999,9957.58998,62,72086,3203.37420,0
1753672140000,0.04445,0.04445,0.04437,0.04439,152421,1753672199999,6770.63075,47,121245,5385.80880,0
1753672200000,0.04440,0.04441,0.04430,0.04433,279601,1753672259999,12394.71799,85,37272,1653.50433,0
1753672260000,0.04432,0.04433,0.04428,0.04428,32139,1753672319999,1423.55772,46,19906,881.65519,0
1753672320000,0.04429,0.04430,0.04427,0.0443,125003,1753672379999,5536.02381,100,106918,4735.19091,0
1753672380000,0.04430,0.04431,0.04428,0.04431,180352,1753672439999,7988.31329,80,56643,2509.16968,0
1753672440000,0.04431,0.04435,0.04431,0.04435,34978,1753672499999,1550.23851,32,26959,1194.83011,0
1753672500000,0.04434,0.04438,0.04434,0.04438,189564,1753672559999,8406.00749,53,50158,2224.68583,0
1753672560000,0.04438,0.04444,0.04438,0.04443,72836,1753672619999,3235.17499,41,22673,1006.88031,0
1753672620000,0.04443,0.04443,0.04437,0.04437,21849,1753672679999,970.01736,36,5643,250.38668,0
1753672680000,0.04436,0.04436,0.04432,0.04435,69316,1753672739999,3073.84180,55,22059,978.12948,0
1753672740000,0.04435,0.04438,0.04435,0.04438,37708,1753672799999,1672.81238,27,32309,1433.31274,0
1753672800000,0.04438,0.04438,0.04432,0.04432,43572,1753672859999,1932.82653,22,14364,637.38975,0
1753672860000,0.04433,0.04434,0.04432,0.04433,29179,1753672919999,1293.49346,25,12553,556.46288,0
1753672920000,0.04434,0.04434,0.04433,0.04433,21771,1753672979999,965.14465,18,7690,340.93392,0
1753672980000,0.04432,0.04432,0.04428,0.04431,133337,1753673039999,5907.01178,31,1860,82.38385,0
1753673040000,0.04431,0.04432,0.04431,0.04431,120479,1753673099999,5338.54638,14,1419,62.88234,0
1753673100000,0.04432,0.04432,0.04430,0.0443,80705,1753673159999,3575.56459,37,14353,636.08978,0
1753673160000,0.04431,0.04433,0.04426,0.04429,156884,1753673219999,6946.58262,63,17716,784.56967,0
1753673220000,0.04429,0.04429,0.04425,0.04426,152989,1753673279999,6771.95135,46,1624,71.90747,0
1753673280000,0.04425,0.04427,0.04423,0.04427,56682,1753673339999,2507.83216,25,41137,1820.07430,0
1753673340000,0.04427,0.04431,0.04426,0.04426,118723,1753673399999,5258.65324,48,100395,4447.22392,0
1753673400000,0.04427,0.04429,0.04425,0.04429,43229,1753673459999,1913.51468,31,32790,1451.47711,0
1753673460000,0.04430,0.04432,0.04429,0.04431,152260,1753673519999,6746.26535,48,39980,1771.56067,0
1753673520000,0.04431,0.04436,0.04431,0.04434,101852,1753673579999,4515.41984,69,79749,3535.35228,0
1753673580000,0.04434,0.04435,0.04433,0.04433,50432,1753673639999,2236.28236,32,44404,1968.99821,0
1753673640000,0.04433,0.04435,0.04432,0.04435,96301,1753673699999,4269.84706,39,62846,2786.90659,0
1753673700000,0.04437,0.04442,0.04437,0.04442,169293,1753673759999,7516.27852,56,112122,4977.88612,0
1753673760000,0.04444,0.04444,0.04439,0.04439,319154,1753673819999,14175.72078,62,120776,5365.37138,0
1753673820000,0.04438,0.04441,0.04438,0.0444,29790,1753673879999,1322.67969,32,22912,1017.23405,0
1753673880000,0.04440,0.04442,0.04438,0.04438,38386,1753673939999,1704.31659,36,25843,1147.48174,0
1753673940000,0.04438,0.04438,0.04433,0.04435,200319,1753673999999,8884.92507,72,16604,736.29079,0
1753674000000,0.04434,0.04434,0.04433,0.04434,41090,1753674059999,1821.86590,31,21507,953.62038,0
1753674060000,0.04435,0.04435,0.04429,0.04429,64469,1753674119999,2855.49289,54,51938,2300.36426,0
1753674120000,0.04429,0.04431,0.04429,0.0443,87467,1753674179999,3875.05189,78,69472,3077.72506,0
1753674180000,0.04430,0.04431,0.04428,0.04429,91024,1753674239999,4031.85637,49,19027,842.84238,0
1753674240000,0.04429,0.04433,0.04429,0.04433,46916,1753674299999,2079.10977,30,46916,2079.10977,0
1753674300000,0.04433,0.04442,0.04433,0.04442,542375,1753674359999,24068.84636,121,450082,19969.47455,0
1753674360000,0.04442,0.04446,0.04442,0.04445,202744,1753674419999,9011.20376,61,179316,7970.06344,0
1753674420000,0.04445,0.04446,0.04442,0.04445,217320,1753674479999,9658.41817,85,163530,7267.82219,0
1753674480000,0.04446,0.04450,0.04446,0.04449,271221,1753674539999,12064.53625,77,196419,8737.12938,0
1753674540000,0.04449,0.04454,0.04449,0.04453,219450,1753674599999,9766.99773,75,213950,9522.16867,0
1753674600000,0.04452,0.04452,0.04449,0.0445,145613,1753674659999,6479.90489,32,11240,500.16960,0
1753674660000,0.04451,0.04451,0.04450,0.04451,38942,1753674719999,1733.11103,37,28323,1260.56553,0
1753674720000,0.04450,0.04452,0.04450,0.0445,56789,1753674779999,2527.71262,36,27741,1234.79011,0
1753674780000,0.04450,0.04452,0.04450,0.04452,37168,1753674839999,1654.13678,27,34413,1531.51637,0
1753674840000,0.04451,0.04453,0.04451,0.04452,38312,1753674899999,1705.57565,32,17644,785.39200,0
1753674900000,0.04451,0.04454,0.04449,0.04451,373369,1753674959999,16617.66019,92,47816,2128.70061,0
1753674960000,0.04451,0.04451,0.04449,0.04449,39495,1753675019999,1757.62742,33,15295,680.73056,0
1753675020000,0.04449,0.04451,0.04449,0.0445,46085,1753675079999,2050.73691,31,21351,950.21277,0
1753675080000,0.04451,0.04456,0.04451,0.04455,177323,1753675139999,7896.60666,59,47878,2132.13940,0
1753675140000,0.04455,0.04456,0.04454,0.04455,39120,1753675199999,1742.80564,29,13222,589.04149,0
1753675200000,0.04454,0.04454,0.04451,0.04451,163128,1753675259999,7262.55559,59,33667,1498.61708,0
1753675260000,0.04452,0.04455,0.04451,0.04454,128019,1753675319999,5700.40042,83,101961,4540.10534,0
1753675320000,0.04454,0.04457,0.04451,0.04451,317482,1753675379999,14141.36361,144,112331,5003.93578,0
1753675380000,0.04450,0.04451,0.04447,0.04451,172118,1753675439999,7658.06384,86,141610,6300.79289,0
1753675440000,0.04450,0.04454,0.04450,0.04454,82574,1753675499999,3675.48895,62,77482,3448.86915,0
1753675500000,0.04454,0.04454,0.04451,0.04452,237985,1753675559999,10595.27355,66,79449,3537.42583,0
1753675560000,0.04451,0.04453,0.04449,0.04452,80745,1753675619999,3594.22474,80,53715,2391.00231,0
1753675620000,0.04452,0.04453,0.04448,0.04448,71484,1753675679999,3181.66096,42,50334,2240.64920,0
1753675680000,0.04448,0.04449,0.04442,0.04442,86715,1753675739999,3855.41967,53,20478,910.89610,0
1753675740000,0.04441,0.04444,0.04441,0.04441,96946,1753675799999,4306.50116,64,67868,3015.13487,0
1753675800000,0.04441,0.04443,0.04437,0.04437,166761,1753675859999,7403.51755,79,48303,2145.11001,0
1753675860000,0.04438,0.04442,0.04438,0.04441,117745,1753675919999,5228.03056,100,86380,3834.96663,0
1753675920000,0.04441,0.04444,0.04441,0.04442,84608,1753675979999,3758.77948,75,66468,2952.93871,0
1753675980000,0.04442,0.04442,0.04440,0.0444,31267,1753676039999,1388.54870,46,22486,998.62803,0
1753676040000,0.04440,0.04441,0.04434,0.04435,334005,1753676099999,14827.81687,71,285760,12686.61501,0
1753676100000,0.04435,0.04439,0.04435,0.04435,147524,1753676159999,6545.22407,94,113324,5027.89412,0
1753676160000,0.04434,0.04434,0.04426,0.04426,307752,1753676219999,13628.80609,129,21269,942.22356,0
1753676220000,0.04426,0.04428,0.04421,0.04422,163655,1753676279999,7238.82422,95,41293,1827.51432,0
1753676280000,0.04422,0.04424,0.04421,0.04422,77218,1753676339999,3415.15754,75,66245,2929.85528,0
1753676340000,0.04422,0.04427,0.04422,0.04426,40007,1753676399999,1769.97989,50,36462,1613.10993,0
1753676400000,0.04427,0.04429,0.04426,0.04426,53256,1753676459999,2358.10969,38,17833,789.57784,0
1753676460000,0.04425,0.04430,0.04425,0.0443,60331,1753676519999,2670.69823,40,53019,2347.09390,0
1753676520000,0.04430,0.04431,0.04427,0.0443,91524,1753676579999,4054.36130,31,42609,1887.46397,0
1753676580000,0.04430,0.04430,0.04426,0.04427,20239,1753676639999,896.41711,23,554,24.52558,0
1753676640000,0.04428,0.04438,0.04426,0.04434,1141793,1753676699999,50608.65562,298,764336,33876.05120,0
1753676700000,0.04436,0.04437,0.04434,0.04437,238159,1753676759999,10564.35237,73,97695,4333.85301,0
1753676760000,0.04436,0.04439,0.04436,0.04436,54656,1753676819999,2425.38508,43,21805,967.58819,0
1753676820000,0.04436,0.04444,0.04436,0.04444,83404,1753676879999,3702.87982,37,79228,3517.38294,0
1753676880000,0.04444,0.04448,0.04442,0.04448,68399,1753676939999,3040.16504,46,43141,1917.53038,0
1753676940000,0.04448,0.04453,0.04448,0.0445,229208,1753676999999,10204.31933,67,87604,3899.63753,0
1753677000000,0.04450,0.04450,0.04444,0.04446,107758,1753677059999,4791.86213,59,16965,754.24390,0
1753677060000,0.04446,0.04446,0.04442,0.04442,76463,1753677119999,3397.63883,45,26005,1155.91642,0
1753677120000,0.04440,0.04441,0.04438,0.04438,84024,1753677179999,3730.72737,51,73939,3283.03933,0
1753677180000,0.04437,0.04437,0.04431,0.04433,90112,1753677239999,3994.62983,60,50564,2241.30172,0
1753677240000,0.04433,0.04443,0.04433,0.0444,160538,1753677299999,7123.69268,99,130614,5795.59393,0
1753677300000,0.04439,0.04439,0.04437,0.04438,97706,1753677359999,4335.37047,57,41016,1819.99497,0
1753677360000,0.04439,0.04446,0.04439,0.04445,196723,1753677419999,8744.31005,76,180270,8013.10212,0
1753677420000,0.04445,0.04447,0.04444,0.04447,43518,1753677479999,1934.44414,48,40496,1800.11624,0
1753677480000,0.04447,0.04451,0.04447,0.0445,25232,1753677539999,1122.57900,33,16648,740.74139,0
1753677540000,0.04450,0.04452,0.04450,0.04452,82062,1753677599999,3652.64390,41,76875,3421.75990,0
1753677600000,0.04452,0.04458,0.04451,0.04456,130243,1753677659999,5802.06329,72,82353,3668.64692,0
1753677660000,0.04456,0.04469,0.04456,0.04468,763064,1753677719999,34057.76131,239,717432,32020.01554,0
1753677720000,0.04469,0.04476,0.04467,0.04475,762979,1753677779999,34129.82429,153,733652,32819.26216,0
1753677780000,0.04475,0.04475,0.04467,0.04468,290200,1753677839999,12974.80638,80,56589,2530.43163,0
1753677840000,0.04468,0.04471,0.04465,0.04468,370087,1753677899999,16531.09771,97,69745,3116.12766,0
1753677900000,0.04469,0.04473,0.04469,0.04472,310616,1753677959999,13888.07851,65,89271,3991.09517,0
1753677960000,0.04472,0.04472,0.04464,0.04464,101975,1753678019999,4558.15263,43,55326,2473.49608,0
1753678020000,0.04463,0.04463,0.04458,0.04458,96897,1753678079999,4321.44348,59,37811,1686.16263,0
1753678080000,0.04459,0.04465,0.04459,0.04464,233809,1753678139999,10433.99323,87,226981,10129.41560,0
1753678140000,0.04465,0.04465,0.04460,0.04462,100667,1753678199999,4492.50520,52,22341,997.07381,0
1753678200000,0.04464,0.04466,0.04459,0.04463,185534,1753678259999,8278.31981,67,181658,8105.34203,0
1753678260000,0.04463,0.04463,0.04459,0.04461,122996,1753678319999,5485.53280,41,22722,1013.62472,0
1753678320000,0.04462,0.04465,0.04462,0.04465,107990,1753678379999,4819.74461,40,31383,1400.66362,0
1753678380000,0.04464,0.04465,0.04458,0.04458,14669,1753678439999,654.08989,23,8966,399.73928,0
1753678440000,0.04457,0.04457,0.04454,0.04455,43406,1753678499999,1933.52659,26,26084,1161.97534,0
1753678500000,0.04455,0.04458,0.04452,0.04454,437964,1753678559999,19505.67235,91,98927,4406.02862,0
1753678560000,0.04456,0.04457,0.04453,0.04453,103264,1753678619999,4598.97570,20,16976,756.45638,0
1753678620000,0.04452,0.04452,0.04450,0.04451,98178,1753678679999,4369.97139,50,33476,1490.09349,0
1753678680000,0.04452,0.04453,0.04452,0.04453,48071,1753678739999,2140.45661,21,42863,1908.59645,0
1753678740000,0.04455,0.04455,0.04454,0.04455,10188,1753678799999,453.86720,10,9368,417.34440,0
1753678800000,0.04455,0.04461,0.04454,0.04458,368113,1753678859999,16410.80906,121,121630,5422.37744,0
1753678860000,0.04459,0.04462,0.04454,0.04454,222862,1753678919999,9935.15660,80,103236,4602.24487,0
1753678920000,0.04454,0.04456,0.04454,0.04456,73108,1753678979999,3256.84802,61,52201,2325.40452,0
1753678980000,0.04456,0.04460,0.04456,0.0446,92232,1753679039999,4111.60428,59,89118,3972.81210,0
1753679040000,0.04459,0.04460,0.04456,0.04456,172464,1753679099999,7687.58935,99,80806,3602.11404,0
1753679100000,0.04457,0.04457,0.04454,0.04455,256157,1753679159999,11414.07200,81,147464,6571.27238,0
1753679160000,0.04453,0.04454,0.04450,0.04454,133444,1753679219999,5940.13851,68,80539,3585.44861,0
1753679220000,0.04456,0.04456,0.04456,0.04456,5101,1753679279999,227.30056,11,300,13.36800,0
1753679280000,0.04457,0.04459,0.04457,0.04458,32233,1753679339999,1436.71725,32,31095,1385.98461,0
1753679340000,0.04459,0.04461,0.04458,0.0446,147682,1753679399999,6585.06771,48,114855,5121.43867,0
1753679400000,0.04459,0.04459,0.04457,0.04459,35761,1753679459999,1594.48015,27,11029,491.73743,0
1753679460000,0.04459,0.04460,0.04455,0.04459,110329,1753679519999,4918.31396,77,76429,3407.19692,0
1753679520000,0.04459,0.04461,0.04457,0.04461,276241,1753679579999,12317.14337,132,197329,8799.31338,0
1753679580000,0.04461,0.04463,0.04460,0.0446,570367,1753679639999,25448.02535,113,555140,24768.72145,0
1753679640000,0.04461,0.04462,0.04461,0.04461,83370,1753679699999,3719.31099,42,68633,3061.88615,0
1753679700000,0.04462,0.04469,0.04461,0.04469,477300,1753679759999,21307.44503,179,387615,17301.68963,0
1753679760000,0.04469,0.04471,0.04468,0.04471,218177,1753679819999,9752.57325,68,136896,6120.23590,0
1753679820000,0.04471,0.04475,0.04471,0.04475,117808,1753679879999,5269.50139,62,74873,3349.27113,0
1753679880000,0.04476,0.04477,0.04471,0.04473,1168862,1753679939999,52288.33856,138,932694,41722.60082,0
1753679940000,0.04473,0.04475,0.04471,0.04472,173446,1753679999999,7759.23007,86,97748,4373.01723,0
1753680000000,0.04472,0.04478,0.04471,0.04475,467060,1753680059999,20898.77490,115,242066,10832.52349,0
1753680060000,0.04475,0.04475,0.04473,0.04474,220792,1753680119999,9877.49152,78,100856,4512.14596,0
1753680120000,0.04474,0.04475,0.04472,0.04472,172106,1753680179999,7697.39237,62,81227,3632.90026,0
1753680180000,0.04471,0.04474,0.04470,0.0447,119937,1753680239999,5363.34980,42,64596,2888.77351,0
1753680240000,0.04470,0.04474,0.04470,0.04472,571610,1753680299999,25560.73719,80,527050,23567.96546,0
1753680300000,0.04470,0.04471,0.04465,0.04471,206602,1753680359999,9229.33938,69,141192,6307.31410,0
1753680360000,0.04471,0.04474,0.04470,0.04474,12288,1753680419999,549.43533,23,11551,516.48291,0
1753680420000,0.04474,0.04477,0.04471,0.04477,197867,1753680479999,8851.60467,62,89530,4006.16242,0
1753680480000,0.04478,0.04478,0.04473,0.04477,114069,1753680539999,5105.76537,70,39114,1750.84509,0
1753680540000,0.04477,0.04477,0.04472,0.04474,82162,1753680599999,3676.54483,46,30346,1358.03108,0
1753680600000,0.04475,0.04476,0.04469,0.0447,149671,1753680659999,6692.11395,62,22684,1014.21618,0
1753680660000,0.04469,0.04469,0.04458,0.04458,288098,1753680719999,12861.25510,119,51144,2282.58854,0
1753680720000,0.04458,0.04470,0.04458,0.04469,324649,1753680779999,14494.14395,113,205659,9178.93148,0
1753680780000,0.04470,0.04470,0.04467,0.04468,169301,1753680839999,7565.34389,62,85045,3800.79841,0
1753680840000,0.04467,0.04470,0.04466,0.0447,159869,1753680899999,7142.96798,58,74296,3320.30288,0
1753680900000,0.04471,0.04472,0.04466,0.04469,167349,1753680959999,7476.82000,70,11194,500.24264,0
1753680960000,0.04469,0.04473,0.04468,0.04469,131806,1753681019999,5892.38079,109,79527,3555.96739,0
1753681020000,0.04469,0.04469,0.04463,0.04468,360158,1753681079999,16080.39149,152,107187,4787.08719,0
1753681080000,0.04469,0.04473,0.04467,0.04472,108323,1753681139999,4842.65390,111,70094,3133.92488,0
1753681140000,0.04471,0.04471,0.04464,0.04465,195890,1753681199999,8751.94384,110,99826,4459.64946,0
1753681200000,0.04464,0.04469,0.04462,0.04469,116760,1753681259999,5213.67176,67,81714,3649.22043,0
1753681260000,0.04470,0.04472,0.04468,0.0447,81109,1753681319999,3625.60184,80,69931,3125.99065,0
1753681320000,0.04472,0.04472,0.04471,0.04471,43682,1753681379999,1953.39744,81,36517,1633.04024,0
1753681380000,0.04471,0.04472,0.04470,0.0447,82898,1753681439999,3706.11918,75,41810,1869.25966,0
1753681440000,0.04470,0.04470,0.04468,0.04468,34665,1753681499999,1549.21860,25,5,0.22350,0
1753681500000,0.04469,0.04469,0.04466,0.04467,169803,1753681559999,7586.93833,108,79517,3553.24140,0
1753681560000,0.04466,0.04466,0.04461,0.04466,109696,1753681619999,4895.39939,62,13030,581.41934,0
1753681620000,0.04465,0.04470,0.04464,0.04467,155159,1753681679999,6931.99778,64,123926,5536.91363,0
1753681680000,0.04468,0.04469,0.04463,0.04469,42891,1753681739999,1915.48846,59,16350,730.24333,0
1753681740000,0.04469,0.04473,0.04469,0.04473,132166,1753681799999,5908.53562,69,118892,5315.23729,0
1753681800000,0.04474,0.04478,0.04473,0.04478,112045,1753681859999,5015.92866,66,53314,2386.17551,0
1753681860000,0.04479,0.04481,0.04478,0.04481,122574,1753681919999,5490.86757,64,93514,4189.31009,0
1753681920000,0.04481,0.04482,0.04480,0.04482,53629,1753681979999,2403.30857,43,28669,1284.84928,0
1753681980000,0.04481,0.04482,0.04479,0.04481,276330,1753682039999,12381.93412,59,68282,3060.03798,0
1753682040000,0.04481,0.04482,0.04480,0.04481,144413,1753682099999,6471.17835,33,127308,5704.71112,0
1753682100000,0.04480,0.04480,0.04478,0.04479,37940,1753682159999,1699.35515,35,13205,591.45991,0
1753682160000,0.04480,0.04481,0.04478,0.04481,120631,1753682219999,5402.62023,45,9387,420.57353,0
1753682220000,0.04481,0.04481,0.04477,0.04478,148532,1753682279999,6654.36433,59,31581,1414.93995,0
1753682280000,0.04479,0.04479,0.04478,0.04478,1383,1753682339999,61.93497,8,423,18.94617,0
1753682340000,0.04479,0.04479,0.04473,0.04473,65519,1753682399999,2932.34930,48,6644,297.28866,0
1753682400000,0.04474,0.04478,0.04474,0.04476,184599,1753682459999,8264.90305,71,43020,1926.20974,0
1753682460000,0.04476,0.04479,0.04475,0.04478,65722,1753682519999,2942.46941,87,42852,1918.74695,0
1753682520000,0.04478,0.04481,0.04475,0.04477,490082,1753682579999,21945.85560,176,251223,11251.84142,0
1753682580000,0.04476,0.04476,0.04471,0.04472,64013,1753682639999,2863.42126,48,24962,1116.63016,0
1753682640000,0.04472,0.04475,0.04472,0.04475,35765,1753682699999,1599.86860,37,31666,1416.43835,0
1753682700000,0.04475,0.04475,0.04472,0.04472,68258,1753682759999,3052.83584,32,11597,518.61784,0
1753682760000,0.04473,0.04473,0.04469,0.04469,140821,1753682819999,6296.92644,42,818,36.58389,0
1753682820000,0.04469,0.04469,0.04466,0.04469,154460,1753682879999,6899.95325,62,129342,5777.75150,0
1753682880000,0.04469,0.04470,0.04465,0.04469,204164,1753682939999,9121.00798,74,93593,4182.55448,0
1753682940000,0.04469,0.04474,0.04468,0.04472,77581,1753682999999,3469.58075,52,43727,1955.82578,0
1753683000000,0.04470,0.04470,0.04468,0.04468,27224,1753683059999,1216.74307,26,8513,380.53110,0
1753683060000,0.04467,0.04467,0.04464,0.04465,194088,1753683119999,8664.74152,70,140099,6254.18172,0
1753683120000,0.04466,0.04468,0.04466,0.04468,25727,1753683179999,1149.27304,29,25494,1138.86493,0
1753683180000,0.04468,0.04472,0.04467,0.04471,70916,1753683239999,3169.79881,68,40342,1802.84478,0
1753683240000,0.04471,0.04472,0.04471,0.04472,41321,1753683299999,1847.67928,40,24576,1098.92087,0
1753683300000,0.04473,0.04473,0.04467,0.04469,258368,1753683359999,11547.51822,99,57488,2568.97904,0
1753683360000,0.04469,0.04473,0.04469,0.04473,225316,1753683419999,10074.21125,68,133691,5977.10264,0
1753683420000,0.04473,0.04474,0.04468,0.04469,68109,1753683479999,3045.73908,47,14293,638.83364,0
1753683480000,0.04469,0.04470,0.04468,0.04469,25435,1753683539999,1136.73940,30,7638,341.37354,0
1753683540000,0.04468,0.04468,0.04463,0.04463,266482,1753683599999,11893.97613,60,116757,5210.89400,0
1753683600000,0.04464,0.04466,0.04463,0.04466,88958,1753683659999,3971.68707,34,15736,702.46354,0
1753683660000,0.04466,0.04466,0.04460,0.04461,146155,1753683719999,6520.12449,77,28944,1291.60766,0
1753683720000,0.04461,0.04463,0.04460,0.04463,49079,1753683779999,2189.32841,30,10246,457.22489,0
1753683780000,0.04463,0.04466,0.04462,0.04464,93847,1753683839999,4189.24731,39,22150,988.93627,0
1753683840000,0.04464,0.04466,0.04463,0.04466,74578,1753683899999,3329.24339,35,16804,750.40284,0
1753683900000,0.04466,0.04466,0.04463,0.04464,77455,1753683959999,3458.64880,31,12819,572.24016,0
1753683960000,0.04464,0.04466,0.04460,0.04464,1110779,1753684019999,49563.47353,163,97535,4353.90689,0
1753684020000,0.04464,0.04464,0.04463,0.04463,79416,1753684079999,3544.63027,38,6770,302.21280,0
1753684080000,0.04462,0.04463,0.04460,0.0446,59282,1753684139999,2644.41933,28,1679,74.93377,0
1753684140000,0.04460,0.04461,0.04458,0.04458,212553,1753684199999,9477.56586,42,50948,2271.49954,0
1753684200000,0.04458,0.04458,0.04453,0.04454,140590,1753684259999,6263.57029,61,44896,2000.16798,0
1753684260000,0.04455,0.04455,0.04448,0.04451,207301,1753684319999,9227.09878,88,76985,3427.71719,0
1753684320000,0.04452,0.04454,0.04450,0.04454,318096,1753684379999,14163.72949,91,270723,12055.32853,0
1753684380000,0.04454,0.04454,0.04450,0.0445,106146,1753684439999,4725.10918,40,2022,90.05688,0
1753684440000,0.04450,0.04453,0.04450,0.04453,97318,1753684499999,4331.60532,53,70274,3128.11544,0
1753684500000,0.04454,0.04455,0.04453,0.04453,52996,1753684559999,2360.42116,38,24143,1075.36397,0
1753684560000,0.04454,0.04457,0.04453,0.04457,94862,1753684619999,4227.02276,43,82994,3698.07624,0
1753684620000,0.04458,0.04460,0.04457,0.04457,247293,1753684679999,11026.90233,66,65608,2926.04705,0
1753684680000,0.04457,0.04457,0.04455,0.04456,58906,1753684739999,2624.92214,50,36055,1606.73672,0
1753684740000,0.04457,0.04460,0.04456,0.0446,16388,1753684799999,730.63033,20,16131,719.17841,0
1753684800000,0.04462,0.04462,0.04455,0.04456,185663,1753684859999,8273.78837,72,76249,3398.02686,0
1753684860000,0.04457,0.04460,0.04457,0.04459,72818,1753684919999,3246.84015,60,36173,1612.84650,0
1753684920000,0.04459,0.04462,0.04459,0.04461,209147,1753684979999,9328.72277,105,146845,6549.65719,0
1753684980000,0.04461,0.04461,0.04459,0.04459,102649,1753685039999,4578.01942,51,20929,933.54208,0
1753685040000,0.04459,0.04460,0.04458,0.0446,536049,1753685099999,23897.69427,48,32160,1434.06955,0
1753685100000,0.04460,0.04461,0.04456,0.04457,719468,1753685159999,32078.04119,86,90618,4041.01607,0
1753685160000,0.04458,0.04460,0.04458,0.0446,157428,1753685219999,7019.19346,55,85695,3820.82242,0
1753685220000,0.04461,0.04466,0.04461,0.04466,85924,1753685279999,3835.60274,37,79428,3545.68626,0
1753685280000,0.04467,0.04473,0.04467,0.04467,361089,1753685339999,16139.92638,95,145755,6515.77984,0
1753685340000,0.04467,0.04468,0.04464,0.04467,141671,1753685399999,6326.23333,44,18069,806.83921,0
1753685400000,0.04467,0.04475,0.04467,0.04473,117244,1753685459999,5242.33543,42,105407,4713.41049,0
1753685460000,0.04474,0.04476,0.04472,0.04472,199691,1753685519999,8933.47136,58,116329,5204.54202,0
1753685520000,0.04473,0.04473,0.04470,0.04472,91348,1753685579999,4084.98938,46,9028,403.63031,0
1753685580000,0.04475,0.04477,0.04473,0.04477,129821,1753685639999,5808.92424,39,113127,5061.89952,0
1753685640000,0.04477,0.04477,0.04467,0.04467,253017,1753685699999,11317.59322,65,32452,1451.89112,0
1753685700000,0.04467,0.04468,0.04466,0.04468,276425,1753685759999,12348.07881,31,241952,10808.10291,0
1753685760000,0.04468,0.04468,0.04466,0.04467,41155,1753685819999,1838.13120,28,26754,1194.94330,0
1753685820000,0.04468,0.04470,0.04468,0.0447,65859,1753685879999,2943.12722,27,32815,1466.28023,0
1753685880000,0.04469,0.04470,0.04469,0.0447,26140,1753685939999,1168.30755,18,0,0,0
1753685940000,0.04471,0.04472,0.04470,0.0447,44769,1753685999999,2001.68804,25,7849,350.97109,0
1753686000000,0.04471,0.04474,0.04468,0.04474,162745,1753686059999,7278.30589,54,107316,4798.97123,0
1753686060000,0.04473,0.04476,0.04472,0.04474,195172,1753686119999,8732.69429,77,181969,8142.14338,0
1753686120000,0.04474,0.04474,0.04472,0.04472,118501,1753686179999,5300.27261,56,25992,1162.64456,0
1753686180000,0.04472,0.04472,0.04462,0.04462,634152,1753686239999,28344.01759,122,44635,1994.31689,0
1753686240000,0.04462,0.04463,0.04460,0.04463,115665,1753686299999,5159.77940,78,70577,3148.56239,0
1753686300000,0.04462,0.04462,0.04451,0.04451,275181,1753686359999,12261.60878,115,36637,1632.32118,0
1753686360000,0.04450,0.04452,0.04447,0.04448,791615,1753686419999,35227.72750,121,704952,31371.95547,0
1753686420000,0.04448,0.04448,0.04436,0.04437,1268094,1753686479999,56326.79865,255,71041,3154.08549,0
1753686480000,0.04438,0.04444,0.04437,0.04437,233968,1753686539999,10390.16510,118,49805,2211.00593,0
1753686540000,0.04436,0.04436,0.04427,0.04431,1146597,1753686599999,50794.95033,224,583741,25854.52818,0
1753686600000,0.04433,0.04438,0.04433,0.04437,166289,1753686659999,7375.43003,64,95473,4234.05149,0
1753686660000,0.04437,0.04438,0.04428,0.04429,499296,1753686719999,22120.40900,159,204124,9041.28620,0
1753686720000,0.04430,0.04435,0.04430,0.04433,303406,1753686779999,13447.86392,112,213981,9484.50461,0
1753686780000,0.04432,0.04438,0.04432,0.04438,124075,1753686839999,5502.04210,99,77924,3455.48363,0
1753686840000,0.04439,0.04439,0.04432,0.04432,386720,1753686899999,17155.29602,122,128641,5707.90957,0
1753686900000,0.04432,0.04434,0.04427,0.04433,697860,1753686959999,30924.00840,122,548271,24295.38525,0
1753686960000,0.04433,0.04433,0.04427,0.04428,505829,1753687019999,22408.69379,67,20960,928.71646,0
1753687020000,0.04426,0.04427,0.04419,0.04424,616911,1753687079999,27283.14735,149,142176,6291.56139,0
1753687080000,0.04425,0.04428,0.04425,0.04426,196928,1753687139999,8718.04662,72,150505,6663.08830,0
1753687140000,0.04426,0.04432,0.04420,0.04428,972474,1753687199999,43017.83533,184,361942,16017.66754,0
1753687200000,0.04428,0.04432,0.04426,0.04428,266730,1753687259999,11814.20509,81,82846,3668.90651,0
1753687260000,0.04428,0.04432,0.04426,0.04428,987250,1753687319999,43716.81579,149,309887,13722.42722,0
1753687320000,0.04427,0.04436,0.04426,0.04435,138415,1753687379999,6133.06497,76,114250,5062.75047,0
1753687380000,0.04435,0.04437,0.04435,0.04436,101000,1753687439999,4480.52730,34,63082,2798.48482,0
1753687440000,0.04435,0.04435,0.04432,0.04432,179217,1753687499999,7944.82898,40,30622,1357.78766,0
1753687500000,0.04430,0.04432,0.04429,0.04432,318626,1753687559999,14118.08981,56,291078,12897.74398,0
1753687560000,0.04434,0.04435,0.04431,0.04432,73496,1753687619999,3257.48904,48,10200,452.14639,0
1753687620000,0.04434,0.04435,0.04430,0.04431,231025,1753687679999,10239.95925,73,29940,1326.97883,0
1753687680000,0.04432,0.04435,0.04432,0.04435,105481,1753687739999,4676.30409,43,50183,2225.06007,0
1753687740000,0.04436,0.04437,0.04433,0.04433,25001,1753687799999,1108.96687,39,5500,244.00733,0
1753687800000,0.04432,0.04434,0.04428,0.04428,219124,1753687859999,9711.28355,76,75878,3363.30918,0
1753687860000,0.04429,0.04433,0.04423,0.04425,162786,1753687919999,7205.31995,99,70101,3101.83442,0
1753687920000,0.04425,0.04429,0.04421,0.04421,132685,1753687979999,5872.64375,74,76013,3364.94040,0
1753687980000,0.04421,0.04422,0.04408,0.04421,2071740,1753688039999,91436.74149,371,347872,15364.19927,0
1753688040000,0.04422,0.04424,0.04420,0.04422,411090,1753688099999,18175.10472,70,339328,15001.68562,0
1753688100000,0.04423,0.04431,0.04423,0.04429,1491601,1753688159999,66045.35216,253,1339528,59313.24289,0
1753688160000,0.04428,0.04428,0.04425,0.04426,220797,1753688219999,9773.01073,85,120555,5336.34080,0
1753688220000,0.04426,0.04429,0.04426,0.04426,169996,1753688279999,7525.61545,102,108489,4802.86566,0
1753688280000,0.04425,0.04428,0.04424,0.04425,211867,1753688339999,9375.86637,80,52336,2316.38365,0
1753688340000,0.04426,0.04436,0.04426,0.04432,309938,1753688399999,13737.38043,70,151495,6711.99941,0
1753688400000,0.04431,0.04437,0.04431,0.04437,25516,1753688459999,1131.27325,30,20598,913.35667,0
1753688460000,0.04438,0.04438,0.04436,0.04436,116700,1753688519999,5177.13013,69,87925,3900.54778,0
1753688520000,0.04435,0.04439,0.04434,0.04439,317299,1753688579999,14075.57910,66,288151,12782.47608,0
1753688580000,0.04438,0.04444,0.04438,0.04444,341168,1753688639999,15153.82016,78,288524,12817.01412,0
1753688640000,0.04443,0.04443,0.04437,0.04437,64111,1753688699999,2846.36714,43,14813,657.25281,0
1753688700000,0.04438,0.04439,0.04435,0.04437,126947,1753688759999,5632.42627,68,75778,3362.20946,0
1753688760000,0.04437,0.04439,0.04436,0.04437,104238,1753688819999,4624.98249,46,77412,3434.87127,0
1753688820000,0.04437,0.04438,0.04437,0.04438,69805,1753688879999,3097.39948,31,66061,2931.24373,0
1753688880000,0.04438,0.04440,0.04438,0.0444,118380,1753688939999,5254.96563,19,116098,5153.69047,0
1753688940000,0.04440,0.04440,0.04438,0.04439,42014,1753688999999,1864.85842,29,12198,541.39223,0
1753689000000,0.04439,0.04440,0.04436,0.04438,144400,1753689059999,6408.08706,53,37384,1659.17146,0
1753689060000,0.04437,0.04440,0.04434,0.04434,152226,1753689119999,6756.33418,53,141089,6262.26155,0
1753689120000,0.04432,0.04436,0.04430,0.04436,187720,1753689179999,8322.09817,55,68405,3032.45707,0
1753689180000,0.04435,0.04435,0.04432,0.04435,42565,1753689239999,1887.13185,21,1024,45.40702,0
1753689240000,0.04435,0.04436,0.04433,0.04433,101288,1753689299999,4491.51543,37,70970,3147.08571,0
1753689300000,0.04433,0.04433,0.04431,0.04431,79883,1753689359999,3540.94766,24,26547,1176.56304,0
1753689360000,0.04432,0.04432,0.04430,0.04431,145704,1753689419999,6455.26741,46,42014,1861.61501,0
1753689420000,0.04432,0.04434,0.04432,0.04434,20538,1753689479999,910.51865,13,6744,298.89646,0
1753689480000,0.04435,0.04439,0.04434,0.04438,1100874,1753689539999,48827.09530,76,1036669,45979.61330,0
1753689540000,0.04439,0.04439,0.04437,0.04437,432830,1753689599999,19212.99960,31,56052,2488.12575,0
1753689600000,0.04436,0.04440,0.04434,0.04436,380273,1753689659999,16877.12765,94,307633,13654.14817,0
1753689660000,0.04436,0.04437,0.04432,0.04432,266265,1753689719999,11807.46447,53,72956,3236.03079,0
1753689720000,0.04431,0.04432,0.04428,0.04428,194480,1753689779999,8616.66214,106,47491,2104.27232,0
1753689780000,0.04429,0.04431,0.04426,0.04429,165697,1753689839999,7338.76349,90,60667,2687.09566,0
1753689840000,0.04429,0.04433,0.04428,0.04432,202049,1753689899999,8952.33087,82,184144,8159.20408,0
1753689900000,0.04431,0.04438,0.04429,0.04435,626565,1753689959999,27779.85218,188,448908,19907.93201,0
1753689960000,0.04434,0.04437,0.04430,0.0443,250791,1753690019999,11121.32542,107,92544,4105.09463,0
1753690020000,0.04431,0.04440,0.04431,0.0444,512138,1753690079999,22714.80361,148,367163,16286.06711,0
1753690080000,0.04441,0.04445,0.04441,0.04443,181378,1753690139999,8058.27879,70,133383,5925.87175,0
1753690140000,0.04444,0.04444,0.04436,0.04437,149639,1753690199999,6643.21271,69,98650,4380.02835,0
1753690200000,0.04437,0.04438,0.04429,0.04429,546072,1753690259999,24221.55187,148,182447,8095.41161,0
1753690260000,0.04429,0.04433,0.04426,0.04431,150894,1753690319999,6683.12190,116,107492,4760.80193,0
1753690320000,0.04430,0.04430,0.04423,0.04423,90962,1753690379999,4026.67030,62,42922,1900.26849,0
1753690380000,0.04422,0.04424,0.04420,0.04424,245530,1753690439999,10856.11933,117,228693,10111.77244,0
1753690440000,0.04425,0.04430,0.04425,0.04429,159863,1753690499999,7074.53367,54,35528,1572.51308,0
1753690500000,0.04429,0.04432,0.04429,0.0443,221628,1753690559999,9819.70218,83,161318,7147.57111,0
1753690560000,0.04432,0.04432,0.04422,0.04424,110321,1753690619999,4883.11712,42,9059,401.10013,0
1753690620000,0.04422,0.04426,0.04422,0.04426,58592,1753690679999,2591.77944,44,51239,2266.58888,0
1753690680000,0.04427,0.04430,0.04427,0.04429,42645,1753690739999,1888.68663,31,27614,1222.82635,0
1753690740000,0.04429,0.04431,0.04428,0.04428,100893,1753690799999,4468.24327,59,31289,1385.72438,0
1753690800000,0.04428,0.04428,0.04420,0.04424,110192,1753690859999,4873.42525,55,53802,2379.78202,0
1753690860000,0.04426,0.04428,0.04424,0.04428,100458,1753690919999,4446.53571,52,50071,2216.17876,0
1753690920000,0.04429,0.04434,0.04428,0.04433,195426,1753690979999,8657.76581,61,118940,5269.33104,0
1753690980000,0.04436,0.04440,0.04436,0.04438,286825,1753691039999,12730.33413,69,33480,1485.81228,0
1753691040000,0.04437,0.04437,0.04434,0.04434,77814,1753691099999,3451.85874,46,17929,795.19858,0
1753691100000,0.04434,0.04434,0.04428,0.04432,330513,1753691159999,14650.11603,90,77146,3419.85443,0
1753691160000,0.04430,0.04430,0.04427,0.04427,129325,1753691219999,5725.91260,38,16558,733.22375,0
1753691220000,0.04428,0.04429,0.04426,0.04426,215488,1753691279999,9538.86010,40,22860,1012.18786,0
1753691280000,0.04426,0.04432,0.04426,0.04432,999735,1753691339999,44261.14174,77,286275,12680.56223,0
1753691340000,0.04432,0.04436,0.04432,0.04436,169252,1753691399999,7507.14864,47,81911,3632.73774,0
1753691400000,0.04437,0.04437,0.04430,0.0443,247800,1753691459999,10986.06840,42,31487,1396.75551,0
1753691460000,0.04431,0.04431,0.04424,0.04424,1264422,1753691519999,55965.07651,64,7437,329.42424,0
1753691520000,0.04424,0.04425,0.04419,0.04422,356838,1753691579999,15779.91489,126,175080,7742.33600,0
1753691580000,0.04420,0.04421,0.04413,0.04414,444015,1753691639999,19620.93057,98,158134,6988.00289,0
1753691640000,0.04414,0.04414,0.04403,0.04406,398980,1753691699999,17585.50973,148,81393,3587.05365,0
1753691700000,0.04406,0.04409,0.04404,0.04406,433844,1753691759999,19115.61499,118,207341,9136.36949,0
1753691760000,0.04406,0.04410,0.04405,0.0441,181640,1753691819999,8002.40246,80,144193,6352.77837,0
1753691820000,0.04411,0.04412,0.04409,0.04409,127978,1753691879999,5643.76964,49,32451,1430.94098,0
1753691880000,0.04410,0.04412,0.04407,0.04412,334069,1753691939999,14726.47228,147,112262,4949.44101,0
1753691940000,0.04412,0.04414,0.04410,0.04413,191323,1753691999999,8439.93053,77,82169,3625.00921,0
1753692000000,0.04412,0.04413,0.04409,0.04413,258493,1753692059999,11401.50884,98,140511,6198.14304,0
1753692060000,0.04413,0.04413,0.04409,0.04411,315790,1753692119999,13928.51279,122,101514,4476.92917,0
1753692120000,0.04410,0.04412,0.04408,0.04409,182422,1753692179999,8045.20879,116,64253,2833.32000,0
1753692180000,0.04408,0.04410,0.04407,0.04409,256963,1753692239999,11325.96936,90,54379,2396.72315,0
1753692240000,0.04409,0.04412,0.04409,0.04412,257992,1753692299999,11377.27635,70,226952,10008.68658,0
1753692300000,0.04413,0.04421,0.04413,0.0442,592992,1753692359999,26187.51238,111,422346,18649.08106,0
1753692360000,0.04417,0.04417,0.04413,0.04413,1062315,1753692419999,46898.90529,205,125802,5553.05223,0
1753692420000,0.04414,0.04417,0.04407,0.04413,940914,1753692479999,41520.97037,179,272986,12045.01630,0
1753692480000,0.04413,0.04413,0.04407,0.04409,199612,1753692539999,8799.41261,58,36340,1602.11014,0
1753692540000,0.04411,0.04413,0.04408,0.04409,330152,1753692599999,14559.30430,128,94973,4188.14175,0
1753692600000,0.04409,0.04409,0.04405,0.04407,207417,1753692659999,9140.93509,61,18576,818.48137,0
1753692660000,0.04406,0.04411,0.04406,0.04411,330762,1753692719999,14581.59075,129,87217,3845.65393,0
1753692720000,0.04411,0.04411,0.04406,0.04406,281343,1753692779999,12402.83918,101,75791,3340.80666,0
1753692780000,0.04406,0.04410,0.04405,0.0441,469553,1753692839999,20688.83237,159,216784,9552.71947,0
1753692840000,0.04409,0.04409,0.04406,0.04408,408958,1753692899999,18026.56249,145,117620,5184.98974,0
1753692900000,0.04408,0.04411,0.04407,0.04411,144904,1753692959999,6387.84397,52,58720,2589.21235,0
1753692960000,0.04413,0.04417,0.04413,0.04417,289162,1753693019999,12761.65603,100,48455,2138.90107,0
1753693020000,0.04419,0.04421,0.04416,0.04421,178836,1753693079999,7900.82542,76,6535,288.77493,0
1753693080000,0.04420,0.04425,0.04420,0.04425,203471,1753693139999,8999.56173,40,184144,8144.89793,0
1753693140000,0.04425,0.04425,0.04422,0.04423,80446,1753693199999,3558.02253,22,21986,972.65764,0
1753693200000,0.04424,0.04425,0.04420,0.0442,325565,1753693259999,14398.43636,82,13500,597.11315,0
1753693260000,0.04421,0.04424,0.04420,0.04422,114576,1753693319999,5065.87863,58,92290,4080.57025,0
1753693320000,0.04422,0.04424,0.04416,0.04418,481970,1753693379999,21298.91705,103,123217,5445.76440,0
1753693380000,0.04418,0.04418,0.04412,0.04412,355799,1753693439999,15713.32270,66,74537,3292.98968,0
1753693440000,0.04411,0.04413,0.04411,0.04413,192434,1753693499999,8489.40465,99,115808,5109.16535,0
1753693500000,0.04414,0.04416,0.04408,0.04408,698736,1753693559999,30824.95760,147,141481,6240.86390,0
1753693560000,0.04408,0.04415,0.04408,0.04415,174275,1753693619999,7689.91649,76,151671,6692.62806,0
1753693620000,0.04416,0.04417,0.04414,0.04416,454632,1753693679999,20076.03004,84,338530,14949.74754,0
1753693680000,0.04417,0.04419,0.04414,0.04416,118661,1753693739999,5240.21854,64,58724,2593.30489,0
1753693740000,0.04416,0.04417,0.04413,0.04413,187291,1753693799999,8270.31789,59,77904,3440.36556,0
1753693800000,0.04412,0.04419,0.04412,0.04414,720502,1753693859999,31821.90836,133,403384,17816.55827,0
1753693860000,0.04414,0.04419,0.04411,0.04419,215841,1753693919999,9526.49928,116,116910,5161.36778,0
1753693920000,0.04420,0.04427,0.04420,0.04425,220490,1753693979999,9755.55390,90,102630,4539.68943,0
1753693980000,0.04425,0.04431,0.04425,0.04429,532977,1753694039999,23598.96426,114,273032,12091.35580,0
1753694040000,0.04430,0.04431,0.04429,0.0443,130962,1753694099999,5802.03521,66,91782,4066.02487,0
1753694100000,0.04429,0.04429,0.04422,0.04425,228633,1753694159999,10115.28327,104,90928,4022.73628,0
1753694160000,0.04428,0.04435,0.04428,0.04433,227007,1753694219999,10058.29275,81,132083,5852.71031,0
1753694220000,0.04433,0.04433,0.04429,0.04429,79266,1753694279999,3511.77590,35,55524,2459.64546,0
1753694280000,0.04430,0.04430,0.04424,0.04427,141088,1753694339999,6243.95138,41,61882,2738.87931,0
1753694340000,0.04428,0.04436,0.04428,0.04436,176472,1753694399999,7819.33025,63,149118,6607.68112,0
1753694400000,0.04436,0.04441,0.04432,0.04434,116662,1753694459999,5175.52917,57,76510,3394.50166,0
1753694460000,0.04433,0.04435,0.04430,0.0443,101152,1753694519999,4483.75648,42,70275,3115.26144,0
1753694520000,0.04429,0.04432,0.04426,0.04427,212574,1753694579999,9417.83475,82,151785,6725.52362,0
1753694580000,0.04427,0.04427,0.04423,0.04423,46452,1753694639999,2055.41109,26,14629,647.40438,0
1753694640000,0.04422,0.04422,0.04418,0.0442,209157,1753694699999,9244.77275,71,55772,2465.54325,0
1753694700000,0.04423,0.04430,0.04423,0.0443,226973,1753694759999,10048.69566,56,167367,7409.57186,0
1753694760000,0.04429,0.04438,0.04428,0.04432,810226,1753694819999,35928.53179,144,754920,33476.76960,0
1753694820000,0.04433,0.04434,0.04430,0.0443,239451,1753694879999,10614.49056,63,149105,6610.46701,0
1753694880000,0.04430,0.04432,0.04427,0.04427,399998,1753694939999,17712.32183,65,76701,3396.90207,0
1753694940000,0.04428,0.04429,0.04425,0.04429,271343,1753694999999,12009.17417,62,14473,640.84073,0
1753695000000,0.04430,0.04431,0.04424,0.04425,154886,1753695059999,6855.16775,50,22331,988.99288,0
1753695060000,0.04424,0.04430,0.04424,0.04425,230207,1753695119999,10190.56033,60,137357,6080.33854,0
1753695120000,0.04423,0.04428,0.04423,0.04425,123517,1753695179999,5465.09863,66,94511,4181.06374,0
1753695180000,0.04426,0.04429,0.04426,0.04427,68522,1753695239999,3033.62672,52,54523,2413.75472,0
1753695240000,0.04426,0.04427,0.04421,0.04424,326503,1753695299999,14440.64958,80,96153,4253.49104,0
1753695300000,0.04425,0.04426,0.04420,0.04424,882058,1753695359999,39008.37467,178,168364,7447.46706,0
1753695360000,0.04425,0.04432,0.04425,0.04431,157866,1753695419999,6991.45124,52,131238,5812.37483,0
1753695420000,0.04429,0.04430,0.04427,0.0443,58434,1753695479999,2587.92962,39,15105,668.89013,0
1753695480000,0.04429,0.04429,0.04424,0.04424,86507,1753695539999,3828.84029,45,28832,1276.49360,0
1753695540000,0.04425,0.04425,0.04417,0.04417,385093,1753695599999,17021.85539,81,41580,1838.28860,0
1753695600000,0.04417,0.04417,0.04406,0.04406,614817,1753695659999,27129.39987,131,274020,12093.70094,0
1753695660000,0.04407,0.04409,0.04402,0.04409,543115,1753695719999,23928.14761,123,185807,8187.15949,0
1753695720000,0.04409,0.04411,0.04407,0.04409,140496,1753695779999,6192.78268,51,23257,1025.31762,0
1753695780000,0.04409,0.04413,0.04407,0.04413,618759,1753695839999,27282.03595,111,203176,8960.92147,0
1753695840000,0.04412,0.04418,0.04412,0.04414,94381,1753695899999,4165.55657,53,66404,2930.66694,0
1753695900000,0.04414,0.04417,0.04412,0.04417,65243,1753695959999,2880.71197,41,44894,1982.14998,0
1753695960000,0.04416,0.04418,0.04415,0.04416,57823,1753696019999,2553.65161,35,3962,174.98567,0
1753696020000,0.04417,0.04428,0.04417,0.04427,109627,1753696079999,4847.75772,41,57736,2553.17318,0
1753696080000,0.04426,0.04426,0.04422,0.04422,45016,1753696139999,1991.16929,23,21037,930.25614,0
1753696140000,0.04420,0.04424,0.04418,0.04423,167785,1753696199999,7417.13103,54,111205,4916.05382,0
1753696200000,0.04423,0.04427,0.04422,0.04426,148820,1753696259999,6586.96263,41,122034,5401.66836,0
1753696260000,0.04426,0.04434,0.04426,0.04434,93083,1753696319999,4125.61573,45,48139,2133.27301,0
1753696320000,0.04435,0.04438,0.04432,0.04433,697680,1753696379999,30952.42859,94,534013,23692.75965,0
1753696380000,0.04433,0.04437,0.04432,0.04433,226642,1753696439999,10052.39081,59,170402,7558.69321,0
1753696440000,0.04434,0.04434,0.04426,0.0443,961928,1753696499999,42602.23566,189,56220,2490.95877,0
1753696500000,0.04430,0.04434,0.04430,0.04433,166330,1753696559999,7373.65642,45,87389,3874.11099,0
1753696560000,0.04434,0.04436,0.04433,0.04433,191937,1753696619999,8510.75547,60,60282,2673.41939,0
1753696620000,0.04433,0.04433,0.04429,0.04432,153651,1753696679999,6808.13438,51,68169,3020.47971,0
1753696680000,0.04430,0.04430,0.04425,0.04428,256615,1753696739999,11359.56636,76,110412,4887.83396,0
1753696740000,0.04428,0.04432,0.04425,0.04429,754802,1753696799999,33426.83437,105,543031,24050.09870,0
1753696800000,0.04431,0.04431,0.04427,0.04427,205213,1753696859999,9089.33136,52,135065,5981.89848,0
1753696860000,0.04427,0.04429,0.04425,0.04425,153328,1753696919999,6786.09959,66,113251,5011.95154,0
1753696920000,0.04424,0.04424,0.04419,0.04421,433160,1753696979999,19149.72071,121,129033,5704.65627,0
1753696980000,0.04420,0.04424,0.04419,0.04423,141216,1753697039999,6243.79443,94,113732,5029.00755,0
1753697040000,0.04423,0.04425,0.04418,0.04418,99606,1753697099999,4404.80795,92,32256,1426.54587,0
1753697100000,0.04418,0.04421,0.04417,0.04418,176518,1753697159999,7799.97200,142,43618,1927.79200,0
1753697160000,0.04418,0.04419,0.04416,0.04416,123410,1753697219999,5452.26981,101,60690,2681.46637,0
1753697220000,0.04415,0.04418,0.04415,0.04417,71950,1753697279999,3177.41265,85,39381,1739.30538,0
1753697280000,0.04417,0.04418,0.04414,0.04415,498580,1753697339999,22010.24141,129,285252,12592.01159,0
1753697340000,0.04415,0.04417,0.04409,0.0441,684168,1753697399999,30182.38771,159,226242,9980.82220,0
1753697400000,0.04410,0.04413,0.04408,0.0441,143376,1753697459999,6323.65808,107,74565,3289.19684,0
1753697460000,0.04410,0.04411,0.04409,0.04411,63832,1753697519999,2815.44574,45,46658,2057.98060,0
1753697520000,0.04411,0.04411,0.04407,0.0441,93127,1753697579999,4105.29078,51,44934,1981.03365,0
1753697580000,0.04410,0.04410,0.04404,0.04407,246868,1753697639999,10879.09013,81,111992,4936.01971,0
1753697640000,0.04408,0.04410,0.04407,0.0441,211898,1753697699999,9341.63416,48,135182,5960.41301,0
1753697700000,0.04408,0.04409,0.04404,0.04408,159692,1753697759999,7038.69823,57,61480,2709.97412,0
1753697760000,0.04409,0.04413,0.04409,0.0441,72431,1753697819999,3194.51072,43,41378,1824.93911,0
1753697820000,0.04411,0.04412,0.04411,0.04412,105940,1753697879999,4673.14642,28,39284,1732.95026,0
1753697880000,0.04412,0.04416,0.04412,0.04413,145525,1753697939999,6423.71331,53,55625,2455.13885,0
1753697940000,0.04413,0.04415,0.04413,0.04414,88877,1753697999999,3923.21167,23,58771,2594.38824,0
1753698000000,0.04415,0.04418,0.04414,0.04416,218441,1753698059999,9644.52983,51,99420,4389.01203,0
1753698060000,0.04416,0.04418,0.04414,0.04418,192054,1753698119999,8482.61579,51,115779,5114.38832,0
1753698120000,0.04418,0.04422,0.04418,0.04422,86639,1753698179999,3830.40072,29,21035,929.88842,0
1753698180000,0.04422,0.04425,0.04420,0.04425,161189,1753698239999,7129.36519,59,107559,4758.52152,0
1753698240000,0.04425,0.04426,0.04419,0.0442,88170,1753698299999,3900.08425,31,11184,494.75472,0
1753698300000,0.04420,0.04420,0.04415,0.04415,86086,1753698359999,3802.83195,48,36991,1634.63551,0
1753698360000,0.04414,0.04414,0.04411,0.04411,45621,1753698419999,2013.21423,41,11124,490.80739,0
1753698420000,0.04411,0.04411,0.04409,0.04411,273190,1753698479999,12046.72499,51,262101,11557.71241,0
1753698480000,0.04411,0.04415,0.04411,0.04414,123641,1753698539999,5455.25057,34,110189,4861.51281,0
1753698540000,0.04414,0.04416,0.04411,0.04411,78749,1753698599999,3475.46267,33,20930,924.15513,0
1753698600000,0.04411,0.04411,0.04405,0.04405,215904,1753698659999,9517.37815,51,68434,3017.25328,0
1753698660000,0.04405,0.04405,0.04396,0.04396,969598,1753698719999,42659.40432,155,93348,4107.51401,0
1753698720000,0.04398,0.04399,0.04392,0.04393,608535,1753698779999,26750.37275,157,137150,6030.99283,0
1753698780000,0.04393,0.04399,0.04393,0.04399,165115,1753698839999,7257.45672,65,66582,2926.80283,0
1753698840000,0.04398,0.04399,0.04397,0.04398,112939,1753698899999,4966.82331,63,56326,2477.21561,0
1753698900000,0.04397,0.04399,0.04395,0.04395,208439,1753698959999,9166.50012,46,148126,6514.69712,0
1753698960000,0.04396,0.04404,0.04396,0.044,841269,1753699019999,37019.14411,152,790379,34779.30142,0
1753699020000,0.04399,0.04402,0.04396,0.04396,156347,1753699079999,6877.19342,55,42209,1857.00954,0
1753699080000,0.04396,0.04396,0.04394,0.04395,52370,1753699139999,2301.74172,37,22108,971.76280,0
1753699140000,0.04395,0.04396,0.04391,0.04396,175223,1753699199999,7699.12877,64,92099,4046.76050,0
1753699200000,0.04395,0.04396,0.04393,0.04395,169001,1753699259999,7424.90834,37,125561,5515.92092,0
1753699260000,0.04393,0.04393,0.04392,0.04392,131638,1753699319999,5782.13156,67,12486,548.50440,0
1753699320000,0.04391,0.04395,0.04390,0.04393,153709,1753699379999,6751.75213,59,107950,4742.54004,0
1753699380000,0.04393,0.04395,0.04393,0.04395,173449,1753699439999,7622.17289,50,140202,6161.16261,0
1753699440000,0.04394,0.04396,0.04393,0.04396,90665,1753699499999,3984.63780,40,27815,1222.63345,0
1753699500000,0.04395,0.04395,0.04389,0.04389,376773,1753699559999,16545.80777,96,231149,10150.92012,0
1753699560000,0.04391,0.04391,0.04384,0.0439,1061007,1753699619999,46540.75749,149,126020,5530.48380,0
1753699620000,0.04391,0.04395,0.04390,0.04395,175964,1753699679999,7727.48784,40,97478,4281.21308,0
1753699680000,0.04395,0.04396,0.04394,0.04396,206349,1753699739999,9068.98612,42,87972,3866.47193,0
1753699740000,0.04397,0.04402,0.04397,0.04398,57454,1753699799999,2527.66278,43,32427,1426.66106,0
1753699800000,0.04399,0.04399,0.04397,0.04397,214962,1753699859999,9454.19958,30,181915,8000.75021,0
1753699860000,0.04397,0.04403,0.04397,0.044,349745,1753699919999,15391.74933,60,211745,9318.90644,0
1753699920000,0.04402,0.04407,0.04402,0.04407,20801,1753699979999,916.18630,18,10342,455.44523,0
1753699980000,0.04406,0.04407,0.04403,0.04407,204011,1753700039999,8987.04009,36,54527,2402.43631,0
1753700040000,0.04407,0.04407,0.04404,0.04404,48242,1753700099999,2125.36563,14,14657,645.67128,0
1753700100000,0.04403,0.04403,0.04400,0.04403,183699,1753700159999,8084.54387,23,144492,6359.29643,0
1753700160000,0.04404,0.04405,0.04402,0.04402,93374,1753700219999,4111.54812,25,18497,814.64575,0
1753700220000,0.04402,0.04403,0.04400,0.044,45094,1753700279999,1984.59201,15,596,26.23865,0
1753700280000,0.04399,0.04402,0.04398,0.04402,34303,1753700339999,1509.46151,24,30498,1342.10362,0
1753700340000,0.04401,0.04402,0.04399,0.04402,76777,1753700399999,3377.94235,32,18753,825.28206,0
1753700400000,0.04401,0.04401,0.04395,0.04396,101191,1753700459999,4451.28395,54,8222,361.82353,0
1753700460000,0.04396,0.04400,0.04396,0.044,298993,1753700519999,13147.74361,97,256644,11284.88045,0
1753700520000,0.04399,0.04400,0.04397,0.04397,165125,1753700579999,7262.31005,64,61297,2695.83197,0
1753700580000,0.04397,0.04398,0.04397,0.04398,95442,1753700639999,4196.76733,73,75214,3307.34097,0
1753700640000,0.04398,0.04400,0.04396,0.04398,121908,1753700699999,5360.57672,70,89426,3932.10888,0
1753700700000,0.04398,0.04398,0.04393,0.04394,781268,1753700759999,34341.56981,136,325544,14309.47223,0
1753700760000,0.04393,0.04396,0.04393,0.04396,423284,1753700819999,18604.48346,89,201230,8845.25262,0
1753700820000,0.04395,0.04395,0.04390,0.0439,172872,1753700879999,7596.28378,64,27478,1207.37861,0
1753700880000,0.04391,0.04391,0.04386,0.04386,262326,1753700939999,11510.02797,67,153800,6747.98271,0
1753700940000,0.04388,0.04389,0.04388,0.04389,283632,1753700999999,12445.99388,48,122676,5383.24182,0
1753701000000,0.04389,0.04393,0.04389,0.04391,249564,1753701059999,10956.18373,53,159505,7002.50089,0
1753701060000,0.04390,0.04390,0.04389,0.04389,22432,1753701119999,984.76027,30,12891,565.91490,0
1753701120000,0.04389,0.04389,0.04387,0.04389,510545,1753701179999,22397.97684,66,106143,4656.51777,0
1753701180000,0.04389,0.04392,0.04386,0.04391,1678870,1753701239999,73708.38528,167,1463463,64251.04505,0
1753701240000,0.04391,0.04393,0.04391,0.04392,239607,1753701299999,10523.96036,53,101373,4452.10605,0
1753701300000,0.04391,0.04391,0.04386,0.04386,120904,1753701359999,5307.54953,23,387,16.97541,0
1753701360000,0.04386,0.04387,0.04385,0.04385,319949,1753701419999,14032.47014,58,213846,9379.34866,0
1753701420000,0.04385,0.04388,0.04384,0.04388,309801,1753701479999,13585.97459,66,139854,6134.91567,0
1753701480000,0.04387,0.04388,0.04386,0.04387,10948,1753701539999,480.29853,23,6479,284.23887,0
1753701540000,0.04387,0.04387,0.04384,0.04384,73751,1753701599999,3234.38029,27,1276,55.97538,0
1753701600000,0.04384,0.04384,0.04381,0.04384,169121,1753701659999,7411.85928,65,88273,3869.10348,0
1753701660000,0.04384,0.04384,0.04381,0.04381,166536,1753701719999,7296.72308,42,78615,3444.24995,0
1753701720000,0.04382,0.04388,0.04378,0.04383,1421460,1753701779999,62313.26165,208,1035498,45406.24512,0
1753701780000,0.04382,0.04384,0.04382,0.04383,40241,1753701839999,1763.74525,27,23122,1013.44040,0
1753701840000,0.04383,0.04384,0.04382,0.04384,97699,1753701899999,4282.13876,29,26949,1181.37744,0
1753701900000,0.04384,0.04384,0.04380,0.04381,355931,1753701959999,15593.67870,59,69805,3057.52659,0
1753701960000,0.04382,0.04384,0.04382,0.04384,26404,1753702019999,1157.17608,26,8307,364.10746,0
1753702020000,0.04383,0.04384,0.04382,0.04384,54865,1753702079999,2404.85052,19,39458,1729.56318,0
1753702080000,0.04384,0.04384,0.04378,0.04379,86881,1753702139999,3804.89356,40,4856,212.62889,0
1753702140000,0.04378,0.04378,0.04374,0.04376,339448,1753702199999,14852.84451,66,58150,2544.70266,0
1753702200000,0.04377,0.04382,0.04376,0.04381,858777,1753702259999,37606.56457,136,702129,30750.64936,0
1753702260000,0.04381,0.04383,0.04381,0.04382,215657,1753702319999,9450.34930,45,108228,4742.92245,0
1753702320000,0.04382,0.04390,0.04382,0.04386,415857,1753702379999,18242.75361,106,249127,10928.81319,0
1753702380000,0.04385,0.04385,0.04377,0.04377,387258,1753702439999,16972.05733,91,93287,4089.10600,0
1753702440000,0.04376,0.04379,0.04374,0.04377,534878,1753702499999,23405.01810,104,74186,3247.35164,0
1753702500000,0.04377,0.04378,0.04371,0.04376,511351,1753702559999,22360.53914,107,251650,11004.57751,0
1753702560000,0.04378,0.04379,0.04375,0.04379,98577,1753702619999,4313.96086,39,63014,2757.47229,0
1753702620000,0.04380,0.04387,0.04380,0.04386,78569,1753702679999,3445.60551,57,43008,1886.10898,0
1753702680000,0.04385,0.04388,0.04384,0.04388,50347,1753702739999,2207.69589,27,40810,1789.49964,0
1753702740000,0.04389,0.04391,0.04389,0.04391,93730,1753702799999,4114.58971,52,62209,2731.04886,0
1753702800000,0.04392,0.04395,0.04391,0.04392,146673,1753702859999,6443.57862,49,127317,5593.24088,0
1753702860000,0.04390,0.04392,0.04386,0.04392,204877,1753702919999,8990.58539,73,106649,4680.88166,0
1753702920000,0.04392,0.04393,0.04391,0.04391,23986,1753702979999,1053.55401,23,4259,187.05528,0
1753702980000,0.04391,0.04393,0.04389,0.0439,308760,1753703039999,13557.65044,88,104638,4595.93507,0
1753703040000,0.04390,0.04390,0.04388,0.04388,56175,1753703099999,2465.61656,36,6918,303.63102,0
1753703100000,0.04389,0.04394,0.04389,0.04393,106994,1753703159999,4698.52923,62,87907,3860.07279,0
1753703160000,0.04394,0.04396,0.04394,0.04396,55202,1753703219999,2425.74393,38,18249,801.99932,0
1753703220000,0.04396,0.04396,0.04395,0.04395,88550,1753703279999,3892.45436,45,10881,478.32876,0
1753703280000,0.04395,0.04397,0.04393,0.04395,78760,1753703339999,3461.09059,41,22695,997.47586,0
1753703340000,0.04395,0.04395,0.04393,0.04393,7145,1753703399999,313.92053,18,3013,132.36109,0
1753703400000,0.04393,0.04394,0.04392,0.04392,155341,1753703459999,6824.45385,38,140429,6169.49472,0
1753703460000,0.04393,0.04396,0.04393,0.04395,38070,1753703519999,1673.35937,18,26900,1182.38646,0
1753703520000,0.04396,0.04396,0.04394,0.04395,47731,1753703579999,2097.64772,30,33801,1485.42542,0
1753703580000,0.04393,0.04394,0.04392,0.04393,60463,1753703639999,2656.07476,28,24480,1075.61745,0
1753703640000,0.04393,0.04395,0.04393,0.04394,131311,1753703699999,5769.62130,26,51232,2251.28833,0
1753703700000,0.04395,0.04397,0.04393,0.04393,225213,1753703759999,9898.94626,41,93685,4118.30801,0
1753703760000,0.04394,0.04396,0.04394,0.04394,125083,1753703819999,5497.07517,47,84837,3728.54083,0
1753703820000,0.04394,0.04397,0.04394,0.04396,18120,1753703879999,796.54357,30,13155,578.32663,0
1753703880000,0.04396,0.04397,0.04396,0.04396,31199,1753703939999,1371.51278,13,474,20.84178,0
1753703940000,0.04395,0.04395,0.04394,0.04394,7658,1753703999999,336.50090,5,286,12.56970,0
1753704000000,0.04395,0.04400,0.04395,0.04397,645494,1753704059999,28388.47137,125,368594,16208.40264,0
1753704060000,0.04396,0.04397,0.04391,0.04392,477327,1753704119999,20966.86750,103,127918,5620.23504,0
1753704120000,0.04391,0.04391,0.04383,0.04383,431935,1753704179999,18946.00136,160,86676,3800.53329,0
1753704180000,0.04382,0.04382,0.04379,0.04381,79820,1753704239999,3496.90324,76,54328,2380.07077,0
1753704240000,0.04381,0.04381,0.04379,0.04379,72774,1753704299999,3187.62766,54,21294,932.46938,0
1753704300000,0.04380,0.04382,0.04380,0.04381,409879,1753704359999,17957.93949,102,203094,8898.33026,0
1753704360000,0.04380,0.04380,0.04376,0.04377,101959,1753704419999,4463.77934,58,62348,2729.80278,0
1753704420000,0.04378,0.04383,0.04378,0.04382,233401,1753704479999,10223.77891,69,214437,9392.77643,0
1753704480000,0.04381,0.04381,0.04376,0.04381,138652,1753704539999,6071.32927,71,58786,2574.76817,0
1753704540000,0.04382,0.04389,0.04381,0.04387,185523,1753704599999,8139.91747,57,167904,7367.07766,0
1753704600000,0.04386,0.04390,0.04383,0.0439,124252,1753704659999,5447.17553,46,110888,4861.23622,0
1753704660000,0.04390,0.04391,0.04388,0.04391,95192,1753704719999,4178.22992,51,67378,2957.45640,0
1753704720000,0.04392,0.04394,0.04392,0.04392,103641,1753704779999,4553.35616,56,58395,2565.37956,0
1753704780000,0.04392,0.04397,0.04392,0.04396,72721,1753704839999,3196.18237,35,41768,1835.61125,0
1753704840000,0.04396,0.04396,0.04390,0.0439,138600,1753704899999,6091.55061,41,24864,1092.86716,0
1753704900000,0.04389,0.04389,0.04384,0.04388,255320,1753704959999,11198.14694,129,75907,3329.81030,0
1753704960000,0.04387,0.04391,0.04387,0.04389,115777,1753705019999,5082.18159,40,67244,2951.73537,0
1753705020000,0.04389,0.04391,0.04388,0.0439,29438,1753705079999,1292.01867,41,23543,1033.23115,0
1753705080000,0.04389,0.04391,0.04389,0.04389,25642,1753705139999,1125.88627,20,8988,394.64130,0
1753705140000,0.04389,0.04393,0.04388,0.04393,119071,1753705199999,5228.46286,51,111003,4874.35475,0
1753705200000,0.04394,0.04396,0.04389,0.0439,56304,1753705259999,2472.15157,44,46274,2031.61887,0
1753705260000,0.04391,0.04394,0.04391,0.04394,33688,1753705319999,1479.96376,27,18835,827.47696,0
1753705320000,0.04395,0.04396,0.04393,0.04396,123938,1753705379999,5446.88378,57,100961,4437.15513,0
1753705380000,0.04396,0.04399,0.04396,0.04398,304269,1753705439999,13378.61590,72,90778,3991.83305,0
1753705440000,0.04398,0.04404,0.04398,0.04404,74279,1753705499999,3269.16037,49,74279,3269.16037,0
1753705500000,0.04404,0.04405,0.04401,0.04401,231616,1753705559999,10198.73192,56,89787,3953.85029,0
1753705560000,0.04400,0.04400,0.04393,0.04393,418961,1753705619999,18432.62055,54,42151,1853.59208,0
1753705620000,0.04392,0.04392,0.04387,0.0439,82929,1753705679999,3639.04558,55,70268,3083.55636,0
1753705680000,0.04390,0.04393,0.04390,0.04393,44795,1753705739999,1967.04431,30,27455,1205.77828,0
1753705740000,0.04394,0.04397,0.04394,0.04394,78350,1753705799999,3443.79389,25,75875,3335.00003,0
1753705800000,0.04393,0.04395,0.04388,0.04395,208723,1753705859999,9163.26542,72,134741,5915.26647,0
1753705860000,0.04394,0.04396,0.04392,0.04392,94494,1753705919999,4151.81716,49,62447,2744.24487,0
1753705920000,0.04392,0.04394,0.04391,0.04394,102665,1753705979999,4509.26828,64,98456,4324.44257,0
1753705980000,0.04394,0.04398,0.04394,0.04398,37647,1753706039999,1655.17007,51,31108,1367.65079,0
1753706040000,0.04398,0.04398,0.04391,0.04392,98695,1753706099999,4334.40864,46,80499,3535.13534,0
1753706100000,0.04392,0.04392,0.04385,0.04388,203443,1753706159999,8926.97357,75,66338,2909.60930,0
1753706160000,0.04388,0.04390,0.04385,0.04389,348928,1753706219999,15307.78371,74,109773,4817.22225,0
1753706220000,0.04389,0.04391,0.04387,0.0439,703905,1753706279999,30894.24191,146,184227,8087.14594,0
1753706280000,0.04390,0.04390,0.04386,0.04386,73293,1753706339999,3215.96071,32,44589,1956.39281,0
1753706340000,0.04386,0.04390,0.04386,0.04389,69173,1753706399999,3035.54314,33,66824,2932.44746,0
1753706400000,0.04390,0.04392,0.04390,0.04391,49255,1753706459999,2163.03941,39,23098,1014.34650,0
1753706460000,0.04391,0.04392,0.04387,0.04388,51080,1753706519999,2241.44899,54,16087,705.97184,0
1753706520000,0.04388,0.04390,0.04384,0.04384,106280,1753706579999,4663.26702,44,89453,3924.85195,0
1753706580000,0.04383,0.04383,0.04377,0.04379,212487,1753706639999,9303.50121,71,21510,941.78580,0
1753706640000,0.04379,0.04382,0.04379,0.04382,214187,1753706699999,9381.00567,60,125906,5514.75259,0
1753706700000,0.04382,0.04382,0.04369,0.04369,323294,1753706759999,14149.24216,98,58475,2557.75878,0
1753706760000,0.04368,0.04368,0.04359,0.04363,1995592,1753706819999,87063.99887,286,624099,27229.49610,0
1753706820000,0.04363,0.04366,0.04362,0.04366,139358,1753706879999,6080.61527,51,81232,3544.35437,0
1753706880000,0.04365,0.04371,0.04364,0.04371,992883,1753706939999,43363.10143,101,865199,37788.71138,0
1753706940000,0.04370,0.04374,0.04368,0.04371,227948,1753706999999,9960.87894,75,175207,7656.23903,0
1753707000000,0.04372,0.04377,0.04371,0.04374,405226,1753707059999,17722.84298,57,387541,16949.10626,0
1753707060000,0.04373,0.04373,0.04366,0.04371,276400,1753707119999,12074.56774,105,114663,5009.96623,0
1753707120000,0.04371,0.04371,0.04370,0.04371,14971,1753707179999,654.28202,16,3986,174.21057,0
1753707180000,0.04369,0.04373,0.04369,0.04373,11160,1753707239999,487.68695,28,6618,289.23295,0
1753707240000,0.04373,0.04373,0.04369,0.04369,10948,1753707299999,478.56791,24,3598,157.30501,0
1753707300000,0.04370,0.04372,0.04362,0.04362,202565,1753707359999,8850.80579,71,120992,5288.99800,0
1753707360000,0.04362,0.04362,0.04355,0.0436,726397,1753707419999,31645.77940,160,24843,1082.67317,0
1753707420000,0.04361,0.04368,0.04361,0.04368,54921,1753707479999,2396.90208,29,28910,1261.91441,0
1753707480000,0.04366,0.04370,0.04362,0.04362,169588,1753707539999,7404.29481,78,86224,3765.45817,0
1753707540000,0.04361,0.04364,0.04361,0.04364,155595,1753707599999,6786.63126,47,145039,6326.16479,0
1753707600000,0.04365,0.04366,0.04359,0.04359,349928,1753707659999,15266.92959,78,101115,4413.19007,0
1753707660000,0.04359,0.04359,0.04352,0.04352,906175,1753707719999,39458.90944,163,325810,14183.57831,0
1753707720000,0.04352,0.04354,0.04348,0.04353,826611,1753707779999,35961.75195,204,215203,9364.45568,0
1753707780000,0.04352,0.04353,0.04348,0.04348,385210,1753707839999,16757.59847,94,97401,4237.72893,0
1753707840000,0.04348,0.04349,0.04347,0.04347,191782,1753707899999,8338.20625,81,115941,5040.90737,0
1753707900000,0.04347,0.04357,0.04347,0.04355,389582,1753707959999,16952.77059,134,308358,13417.46462,0
1753707960000,0.04356,0.04360,0.04355,0.04356,755253,1753708019999,32904.41375,129,336339,14657.99496,0
1753708020000,0.04357,0.04363,0.04356,0.0436,323011,1753708079999,14079.76082,108,261192,11385.54646,0
1753708080000,0.04360,0.04366,0.04359,0.04366,346318,1753708139999,15112.98576,109,167299,7301.34245,0
1753708140000,0.04366,0.04368,0.04366,0.04366,116772,1753708199999,5099.06213,60,33817,1476.76641,0
1753708200000,0.04367,0.04367,0.04356,0.04359,173137,1753708259999,7549.39071,68,72514,3160.10834,0
1753708260000,0.04360,0.04364,0.04357,0.04357,166236,1753708319999,7250.05886,117,89243,3893.38336,0
1753708320000,0.04357,0.04359,0.04351,0.04351,86330,1753708379999,3761.04699,55,13064,569.17547,0
1753708380000,0.04350,0.04350,0.04339,0.04347,673423,1753708439999,29248.91507,167,314238,13652.54115,0
1753708440000,0.04347,0.04348,0.04341,0.04344,280429,1753708499999,12184.31848,82,51811,2251.43693,0
1753708500000,0.04345,0.04356,0.04344,0.0435,1003124,1753708559999,43656.46876,191,770155,33520.88174,0
1753708560000,0.04350,0.04353,0.04345,0.04353,345960,1753708619999,15044.12165,111,156269,6794.58368,0
1753708620000,0.04351,0.04356,0.04347,0.0435,150612,1753708679999,6553.80214,71,82569,3593.20504,0
1753708680000,0.04351,0.04351,0.04349,0.04349,58935,1753708739999,2563.30177,36,27345,1189.44104,0
1753708740000,0.04350,0.04350,0.04336,0.0434,404579,1753708799999,17564.98703,117,93279,4049.86193,0
1753708800000,0.04339,0.04339,0.04329,0.04332,2307369,1753708859999,99983.76966,353,392418,17014.15200,0
1753708860000,0.04332,0.04332,0.04319,0.04322,1349769,1753708919999,58383.16518,290,467530,20227.51299,0
1753708920000,0.04323,0.04324,0.04311,0.04312,1661710,1753708979999,71706.62875,286,340480,14696.10885,0
1753708980000,0.04312,0.04318,0.04310,0.04314,1166249,1753709039999,50291.84978,145,317432,13692.22105,0
1753709040000,0.04318,0.04324,0.04318,0.04323,452779,1753709099999,19565.39138,169,283082,12232.05071,0
1753709100000,0.04323,0.04328,0.04319,0.04319,628741,1753709159999,27200.84981,170,314612,13611.31394,0
1753709160000,0.04319,0.04319,0.04309,0.04312,925601,1753709219999,39912.13268,191,140754,6069.46696,0
1753709220000,0.04312,0.04320,0.04312,0.04319,425616,1753709279999,18364.59459,114,235030,10141.85046,0
1753709280000,0.04320,0.04343,0.04320,0.04341,15271656,1753709339999,661589.07197,1582,12013813,520498.68150,0
1753709340000,0.04340,0.04349,0.04339,0.04347,8986313,1753709399999,390376.92786,779,5783529,251257.47866,0
1753709400000,0.04345,0.04352,0.04343,0.04345,3733679,1753709459999,162318.27201,450,2432382,105741.75585,0
1753709460000,0.04345,0.04347,0.04320,0.04327,3945389,1753709519999,170895.11914,497,1288143,55865.59909,0
1753709520000,0.04327,0.04327,0.04314,0.04315,1964054,1753709579999,84825.23988,344,1334329,57633.98718,0
1753709580000,0.04315,0.04322,0.04308,0.0432,3330485,1753709639999,143661.92899,384,1678170,72406.38953,0
1753709640000,0.04321,0.04325,0.04318,0.04323,2962863,1753709699999,128025.65062,209,1679575,72580.30382,0
1753709700000,0.04321,0.04339,0.04321,0.04335,734767,1753709759999,31805.77274,192,630853,27307.32882,0
1753709760000,0.04335,0.04342,0.04332,0.04342,712798,1753709819999,30900.75794,169,295501,12814.30389,0
1753709820000,0.04342,0.04343,0.04335,0.04338,782023,1753709879999,33931.04516,147,256026,11106.55746,0
1753709880000,0.04338,0.04347,0.04338,0.04347,1204623,1753709939999,52319.68308,200,915204,39752.04822,0
1753709940000,0.04345,0.04350,0.04344,0.0435,263140,1753709999999,11436.04879,102,141688,6158.52079,0
1753710000000,0.04349,0.04351,0.04339,0.04342,1168773,1753710059999,50777.05521,208,484401,21044.74482,0
1753710060000,0.04342,0.04353,0.04342,0.04349,758469,1753710119999,32972.96770,201,446575,19410.94493,0
1753710120000,0.04349,0.04351,0.04345,0.04347,443232,1753710179999,19275.76888,96,368855,16042.20612,0
1753710180000,0.04348,0.04351,0.04338,0.04338,979399,1753710239999,42587.14577,136,815277,35458.01932,0
1753710240000,0.04339,0.04343,0.04339,0.04339,218214,1753710299999,9472.94586,69,157390,6833.07577,0
1753710300000,0.04339,0.04351,0.04339,0.04348,316583,1753710359999,13760.63974,103,192612,8371.42387,0
1753710360000,0.04348,0.04348,0.04340,0.04341,281426,1753710419999,12225.72549,88,97432,4232.52230,0
1753710420000,0.04341,0.04342,0.04328,0.04329,587901,1753710479999,25471.30982,178,226177,9802.41677,0
1753710480000,0.04327,0.04331,0.04325,0.04331,397973,1753710539999,17222.52466,109,191606,8292.51854,0
1753710540000,0.04332,0.04341,0.04332,0.04337,208430,1753710599999,9041.96005,81,147305,6391.30845,0
1753710600000,0.04337,0.04343,0.04335,0.04336,638656,1753710659999,27698.05792,117,54954,2384.02458,0
1753710660000,0.04337,0.04338,0.04329,0.04332,212814,1753710719999,9221.40172,97,126506,5482.01203,0
1753710720000,0.04334,0.04334,0.04326,0.04333,369171,1753710779999,15975.10402,89,69613,3014.35589,0
1753710780000,0.04334,0.04335,0.04332,0.04333,148271,1753710839999,6425.80731,60,102061,4423.01121,0
1753710840000,0.04333,0.04333,0.04321,0.04321,511345,1753710899999,22130.62703,123,22722,984.23970,0
1753710900000,0.04321,0.04323,0.04316,0.04321,862608,1753710959999,37253.47542,194,406244,17546.29012,0
1753710960000,0.04321,0.04331,0.04321,0.04327,441301,1753711019999,19086.98265,114,238869,10334.96991,0
1753711020000,0.04328,0.04329,0.04322,0.04324,197933,1753711079999,8558.76412,64,44006,1903.86261,0
1753711080000,0.04324,0.04329,0.04324,0.04326,341201,1753711139999,14765.61420,79,307389,13302.32284,0
1753711140000,0.04326,0.04328,0.04324,0.04328,90962,1753711199999,3935.16863,77,56241,2433.06404,0
1753711200000,0.04329,0.04329,0.04322,0.04324,191315,1753711259999,8272.77228,104,65792,2844.92492,0
1753711260000,0.04325,0.04333,0.04325,0.04332,395285,1753711319999,17115.29401,153,294040,12731.80841,0
1753711320000,0.04331,0.04334,0.04330,0.04331,117986,1753711379999,5110.30332,60,79738,3454.07733,0
1753711380000,0.04331,0.04332,0.04324,0.04327,151492,1753711439999,6556.22674,104,63247,2737.67697,0
1753711440000,0.04327,0.04327,0.04310,0.04314,892692,1753711499999,38507.72702,189,200924,8665.53587,0
1753711500000,0.04314,0.04322,0.04312,0.04322,479647,1753711559999,20706.83445,158,277382,11972.34210,0
1753711560000,0.04323,0.04335,0.04323,0.04331,314235,1753711619999,13611.26905,108,117179,5074.32168,0
1753711620000,0.04330,0.04341,0.04330,0.0434,374360,1753711679999,16231.83070,129,274443,11899.94455,0
1753711680000,0.04341,0.04344,0.04339,0.04342,289228,1753711739999,12557.41255,96,214969,9333.70442,0
1753711740000,0.04341,0.04341,0.04332,0.04338,336662,1753711799999,14593.98297,104,88983,3859.64297,0
1753711800000,0.04338,0.04338,0.04325,0.04325,532720,1753711859999,23048.89260,119,149625,6476.09568,0
1753711860000,0.04325,0.04332,0.04322,0.04322,240276,1753711919999,10397.82835,74,76042,3291.59220,0
1753711920000,0.04322,0.04327,0.04322,0.04326,216097,1753711979999,9344.30325,82,174161,7531.41137,0
1753711980000,0.04325,0.04328,0.04322,0.04322,128600,1753712039999,5562.28248,54,50814,2198.67232,0
1753712040000,0.04323,0.04324,0.04314,0.04317,2238362,1753712099999,96651.11336,329,1216409,52540.38904,0
1753712100000,0.04319,0.04323,0.04316,0.04321,461578,1753712159999,19944.31572,102,216432,9353.80825,0
1753712160000,0.04322,0.04323,0.04311,0.04312,1546426,1753712219999,66695.92878,229,812706,35048.41181,0
1753712220000,0.04311,0.04312,0.04287,0.04293,4579072,1753712279999,196879.89565,653,1068763,45954.99346,0
1753712280000,0.04294,0.04295,0.04286,0.04292,1060254,1753712339999,45485.36998,187,463653,19893.23164,0
1753712340000,0.04292,0.04292,0.04283,0.04288,1385688,1753712399999,59410.76617,248,842923,36139.90785,0
1753712400000,0.04287,0.04291,0.04284,0.04289,1216469,1753712459999,52154.92778,192,682173,29251.61669,0
1753712460000,0.04289,0.04290,0.04284,0.04289,823573,1753712519999,35314.87238,137,372755,15984.73881,0
1753712520000,0.04288,0.04294,0.04282,0.04284,945297,1753712579999,40521.35476,192,529527,22705.35850,0
1753712580000,0.04284,0.04293,0.04283,0.04291,1072065,1753712639999,45963.33476,160,778072,33356.45120,0
1753712640000,0.04289,0.04289,0.04267,0.04277,2018533,1753712699999,86282.83841,454,426715,18250.07613,0
1753712700000,0.04278,0.04279,0.04270,0.0427,1170591,1753712759999,50041.49955,224,574795,24574.40533,0
1753712760000,0.04271,0.04283,0.04263,0.04281,2364896,1753712819999,100982.18265,470,1152328,49238.23246,0
1753712820000,0.04281,0.04284,0.04272,0.04272,1248202,1753712879999,53399.36890,166,767721,32846.00228,0
1753712880000,0.04271,0.04283,0.04259,0.04279,2226769,1753712939999,95019.14232,291,812232,34700.04164,0
1753712940000,0.04279,0.04281,0.04269,0.04271,936937,1753712999999,40050.17338,171,448739,19185.41589,0
1753713000000,0.04272,0.04272,0.04259,0.04269,1505042,1753713059999,64233.76479,312,791956,33802.01908,0
1753713060000,0.04271,0.04282,0.04270,0.04282,668513,1753713119999,28582.96249,138,418394,17892.57872,0
1753713120000,0.04283,0.04286,0.04279,0.04283,841591,1753713179999,36044.84922,151,363099,15557.28336,0
1753713180000,0.04283,0.04292,0.04281,0.04288,1622226,1753713239999,69538.97060,288,939837,40285.63329,0
1753713240000,0.04287,0.04291,0.04283,0.04284,1450242,1753713299999,62191.43692,164,904109,38773.80548,0
1753713300000,0.04283,0.04284,0.04268,0.04276,1586107,1753713359999,67807.47201,280,873615,37358.63976,0
1753713360000,0.04277,0.04283,0.04276,0.04281,457293,1753713419999,19567.70759,128,209336,8958.33109,0
1753713420000,0.04282,0.04293,0.04282,0.04293,525049,1753713479999,22518.83659,109,375650,16110.61079,0
1753713480000,0.04293,0.04293,0.04287,0.04289,455520,1753713539999,19539.47828,110,177245,7600.91535,0
1753713540000,0.04290,0.04293,0.04288,0.04289,395878,1753713599999,16983.53135,90,103222,4427.65872,0
1753713600000,0.04289,0.04291,0.04278,0.04278,203698,1753713659999,8729.90752,95,88340,3786.52658,0
1753713660000,0.04280,0.04288,0.04280,0.04288,196436,1753713719999,8412.15031,82,132864,5689.85869,0
1753713720000,0.04289,0.04291,0.04285,0.04286,121930,1753713779999,5228.37444,102,39084,1676.10342,0
1753713780000,0.04286,0.04297,0.04286,0.04295,352039,1753713839999,15115.91933,104,298454,12815.18421,0
1753713840000,0.04295,0.04300,0.04295,0.04299,1180316,1753713899999,50741.34395,170,715837,30771.01762,0
1753713900000,0.04300,0.04301,0.04289,0.0429,1935260,1753713959999,83118.86347,260,215303,9239.69391,0
1753713960000,0.04291,0.04291,0.04277,0.04277,809874,1753714019999,34689.94717,147,213764,9153.82533,0
1753714020000,0.04278,0.04286,0.04278,0.04282,183478,1753714079999,7857.01230,75,111260,4763.94704,0
1753714080000,0.04282,0.04287,0.04282,0.04285,122651,1753714139999,5254.98859,60,49827,2135.55185,0
1753714140000,0.04286,0.04287,0.04281,0.04282,307266,1753714199999,13166.05323,85,15560,666.77899,0
1753714200000,0.04282,0.04282,0.04273,0.04273,200355,1753714259999,8570.60303,94,29258,1251.81278,0
1753714260000,0.04273,0.04282,0.04272,0.04278,462238,1753714319999,19774.45070,122,208307,8908.19436,0
1753714320000,0.04279,0.04287,0.04279,0.04279,413231,1753714379999,17688.67449,98,41329,1770.08267,0
1753714380000,0.04279,0.04282,0.04279,0.04281,222608,1753714439999,9528.61398,90,147865,6329.83493,0
1753714440000,0.04282,0.04284,0.04280,0.04284,65069,1753714499999,2785.60314,49,28688,1228.47299,0
1753714500000,0.04284,0.04285,0.04281,0.04281,173636,1753714559999,7438.86959,62,69790,2990.24128,0
1753714560000,0.04280,0.04281,0.04275,0.04277,342867,1753714619999,14665.95366,67,15743,673.49342,0
1753714620000,0.04277,0.04277,0.04269,0.04269,466482,1753714679999,19928.94079,95,120891,5164.50479,0
1753714680000,0.04270,0.04270,0.04269,0.0427,247457,1753714739999,10565.05492,72,55274,2360.12303,0
1753714740000,0.04270,0.04274,0.04270,0.04273,145558,1753714799999,6219.09624,60,42396,1811.45419,0
1753714800000,0.04273,0.04279,0.04273,0.04274,452696,1753714859999,19355.41454,154,347361,14852.31911,0
1753714860000,0.04274,0.04280,0.04273,0.04279,196621,1753714919999,8410.26273,132,103578,4430.34498,0
1753714920000,0.04279,0.04279,0.04277,0.04278,129706,1753714979999,5548.88688,89,61010,2610.09511,0
1753714980000,0.04279,0.04283,0.04276,0.04282,350231,1753715039999,14986.05207,99,252961,10825.02466,0
1753715040000,0.04283,0.04283,0.04276,0.04278,124742,1753715099999,5338.74454,59,61811,2645.55498,0
1753715100000,0.04278,0.04279,0.04274,0.04278,172409,1753715159999,7373.48708,91,47814,2044.91465,0
1753715160000,0.04279,0.04279,0.04272,0.04279,218847,1753715219999,9358.83702,73,67798,2900.67634,0
1753715220000,0.04279,0.04283,0.04278,0.04283,221528,1753715279999,9482.73103,78,208212,8913.00964,0
1753715280000,0.04281,0.04281,0.04277,0.04278,312841,1753715339999,13385.73395,88,61194,2618.29844,0
1753715340000,0.04279,0.04282,0.04277,0.04277,419117,1753715399999,17937.61278,101,265352,11359.48936,0
1753715400000,0.04279,0.04279,0.04275,0.04275,276977,1753715459999,11847.53022,69,105522,4512.97432,0
1753715460000,0.04276,0.04285,0.04276,0.04284,146204,1753715519999,6260.90349,65,135949,5821.56863,0
1753715520000,0.04283,0.04284,0.04278,0.04278,113846,1753715579999,4874.17184,60,52493,2247.64367,0
1753715580000,0.04279,0.04280,0.04276,0.0428,227655,1753715639999,9737.20268,61,60014,2567.47586,0
1753715640000,0.04281,0.04292,0.04281,0.04291,569759,1753715699999,24430.10442,125,514039,22041.80037,0
1753715700000,0.04291,0.04293,0.04286,0.04291,727871,1753715759999,31217.96933,119,187103,8024.42093,0
1753715760000,0.04292,0.04299,0.04291,0.04298,437641,1753715819999,18801.98384,112,332810,14297.96276,0
1753715820000,0.04298,0.04302,0.04298,0.04301,405298,1753715879999,17432.30573,74,326040,14023.46421,0
1753715880000,0.04302,0.04307,0.04301,0.04305,1142435,1753715939999,49172.73243,181,983142,42319.51560,0
1753715940000,0.04305,0.04305,0.04294,0.04295,671937,1753715999999,28886.19543,127,212027,9112.42595,0
1753716000000,0.04295,0.04295,0.04287,0.04291,935665,1753716059999,40140.24245,136,220481,9462.14607,0
1753716060000,0.04290,0.04296,0.04287,0.04296,654639,1753716119999,28079.85195,96,160184,6875.06984,0
1753716120000,0.04296,0.04298,0.04296,0.04297,193025,1753716179999,8293.02321,48,83554,3590.14398,0
1753716180000,0.04298,0.04302,0.04297,0.04298,337523,1753716239999,14509.67848,79,106325,4572.06538,0
1753716240000,0.04299,0.04299,0.04291,0.04294,124022,1753716299999,5325.04632,50,66260,2845.08892,0
1753716300000,0.04295,0.04296,0.04287,0.04287,105184,1753716359999,4515.02972,50,37160,1595.73456,0
1753716360000,0.04288,0.04288,0.04279,0.04281,1481586,1753716419999,63475.82471,99,91639,3924.14484,0
1753716420000,0.04280,0.04288,0.04280,0.04287,99578,1753716479999,4265.26777,60,57778,2474.06961,0
1753716480000,0.04288,0.04294,0.04288,0.04294,191861,1753716539999,8233.53882,54,160211,6875.39142,0
1753716540000,0.04295,0.04296,0.04293,0.04295,39304,1753716599999,1687.75879,34,24684,1059.85789,0
1753716600000,0.04292,0.04301,0.04292,0.04299,173716,1753716659999,7467.94939,57,48642,2089.80838,0
1753716660000,0.04297,0.04299,0.04293,0.04299,279268,1753716719999,11995.44650,84,215623,9261.26596,0
1753716720000,0.04301,0.04304,0.04293,0.04294,131533,1753716779999,5656.57451,50,41854,1800.67041,0
1753716780000,0.04294,0.04299,0.04293,0.04299,212708,1753716839999,9140.71669,45,212504,9131.95285,0
1753716840000,0.04299,0.04304,0.04298,0.04299,396077,1753716899999,17033.36791,89,302247,12998.94730,0
1753716900000,0.04299,0.04300,0.04288,0.04291,882108,1753716959999,37857.99269,88,282549,12128.10537,0
1753716960000,0.04290,0.04296,0.04289,0.04293,151990,1753717019999,6521.45067,67,75895,3256.48399,0
1753717020000,0.04292,0.04292,0.04287,0.04287,66301,1753717079999,2843.68064,42,26495,1136.72281,0
1753717080000,0.04288,0.04288,0.04280,0.0428,246850,1753717139999,10574.52285,79,78902,3381.48748,0
1753717140000,0.04281,0.04284,0.04280,0.04281,124115,1753717199999,5314.39273,60,93924,4021.33762,0
1753717200000,0.04280,0.04280,0.04275,0.0428,406777,1753717259999,17395.54994,118,100570,4301.51932,0
1753717260000,0.04281,0.04286,0.04279,0.04285,440950,1753717319999,18889.98279,122,321899,13790.16245,0
1753717320000,0.04286,0.04288,0.04284,0.04284,159830,1753717379999,6850.85435,52,115525,4952.01038,0
1753717380000,0.04285,0.04285,0.04282,0.04285,319823,1753717439999,13698.51965,70,55806,2390.65370,0
1753717440000,0.04283,0.04283,0.04278,0.04278,88093,1753717499999,3770.23159,47,52195,2233.77453,0
1753717500000,0.04280,0.04290,0.04280,0.0429,208880,1753717559999,8954.15892,63,197582,8470.36764,0
1753717560000,0.04290,0.04293,0.04289,0.04291,191693,1753717619999,8223.83376,62,55155,2366.74702,0
1753717620000,0.04291,0.04291,0.04289,0.04289,83330,1753717679999,3574.30710,34,57111,2449.52101,0
1753717680000,0.04288,0.04289,0.04283,0.04283,180972,1753717739999,7756.56774,50,18458,791.44523,0
1753717740000,0.04283,0.04283,0.04272,0.04274,472101,1753717799999,20187.10773,138,159320,6811.90352,0
1753717800000,0.04274,0.04274,0.04253,0.04256,2029794,1753717859999,86464.40884,490,399684,17024.84274,0
1753717860000,0.04254,0.04256,0.04246,0.04247,1424945,1753717919999,60566.63358,275,331351,14089.37541,0
1753717920000,0.04247,0.04258,0.04247,0.04256,380978,1753717979999,16212.15551,109,95710,4070.66627,0
1753717980000,0.04256,0.04267,0.04256,0.04264,366204,1753718039999,15612.41070,103,229546,9786.27897,0
1753718040000,0.04266,0.04267,0.04259,0.04265,293712,1753718099999,12518.50633,73,109609,4672.59408,0
1753718100000,0.04265,0.04273,0.04265,0.04273,568019,1753718159999,24246.16507,89,481767,20563.20225,0
1753718160000,0.04273,0.04281,0.04272,0.04281,306381,1753718219999,13097.84596,77,238364,10191.76579,0
1753718220000,0.04281,0.04281,0.04274,0.04274,256846,1753718279999,10985.62286,78,154722,6617.06810,0
1753718280000,0.04274,0.04274,0.04269,0.04272,71580,1753718339999,3057.13248,34,18878,806.31960,0
1753718340000,0.04273,0.04274,0.04270,0.0427,200199,1753718399999,8551.49424,48,165335,7062.73760,0
1753718400000,0.04270,0.04270,0.04263,0.04268,309953,1753718459999,13221.97252,141,166146,7088.40936,0
1753718460000,0.04268,0.04270,0.04258,0.0426,210371,1753718519999,8967.91039,125,47978,2046.25642,0
1753718520000,0.04260,0.04268,0.04260,0.04264,354409,1753718579999,15113.44425,79,274008,11685.42312,0
1753718580000,0.04263,0.04263,0.04259,0.04262,144537,1753718639999,6158.35852,69,49218,2097.18666,0
1753718640000,0.04262,0.04264,0.04260,0.0426,179527,1753718699999,7651.10079,79,108900,4641.49011,0
1753718700000,0.04261,0.04268,0.04260,0.04261,197830,1753718759999,8432.93821,62,95401,4066.39497,0
1753718760000,0.04261,0.04261,0.04250,0.04259,383119,1753718819999,16293.03059,108,78338,3333.25511,0
1753718820000,0.04260,0.04266,0.04258,0.04259,278198,1753718879999,11855.82789,91,230231,9810.96330,0
1753718880000,0.04258,0.04260,0.04254,0.04254,310242,1753718939999,13207.61534,61,129330,5506.81883,0
1753718940000,0.04255,0.04258,0.04251,0.04252,250762,1753718999999,10662.69308,75,201632,8573.28906,0
1753719000000,0.04252,0.04258,0.04252,0.04253,409506,1753719059999,17422.22974,120,111959,4763.47347,0
1753719060000,0.04253,0.04254,0.04247,0.04247,695122,1753719119999,29538.70398,184,122499,5206.81521,0
1753719120000,0.04247,0.04249,0.04240,0.04245,1358711,1753719179999,57652.31013,251,436409,18522.72153,0
1753719180000,0.04245,0.04252,0.04245,0.04248,211995,1753719239999,9008.15798,79,129888,5519.14430,0
1753719240000,0.04250,0.04257,0.04249,0.04252,519184,1753719299999,22067.60890,95,491255,20880.23109,0
1753719300000,0.04251,0.04260,0.04250,0.04256,403031,1753719359999,17153.51756,111,226111,9622.13297,0
1753719360000,0.04259,0.04260,0.04256,0.0426,212750,1753719419999,9059.29448,67,72589,3091.12204,0
1753719420000,0.04259,0.04259,0.04250,0.04255,100771,1753719479999,4287.75357,70,37310,1587.24848,0
1753719480000,0.04257,0.04260,0.04252,0.04252,141104,1753719539999,6008.33953,65,56697,2415.13231,0
1753719540000,0.04254,0.04260,0.04254,0.04255,236991,1753719599999,10088.80434,55,54192,2307.04944,0
1753719600000,0.04254,0.04254,0.04248,0.04253,188442,1753719659999,8007.41761,72,67875,2884.22862,0
1753719660000,0.04251,0.04251,0.04241,0.04248,1159239,1753719719999,49208.71581,141,396232,16832.32307,0
1753719720000,0.04248,0.04254,0.04248,0.04251,237608,1753719779999,10098.87168,90,66794,2839.17105,0
1753719780000,0.04250,0.04258,0.04250,0.04258,155409,1753719839999,6609.37069,58,125190,5323.99332,0
1753719840000,0.04260,0.04261,0.04249,0.04252,338286,1753719899999,14392.20452,85,139438,5930.11615,0
1753719900000,0.04252,0.04259,0.04251,0.04258,131017,1753719959999,5573.91859,74,115508,4914.18826,0
1753719960000,0.04258,0.04262,0.04257,0.0426,215276,1753720019999,9170.89376,65,206319,8789.35286,0
1753720020000,0.04262,0.04262,0.04256,0.04259,382185,1753720079999,16274.50226,87,194951,8300.77134,0
1753720080000,0.04260,0.04264,0.04258,0.04264,73925,1753720139999,3149.87307,49,68154,2904.06327,0
1753720140000,0.04264,0.04269,0.04264,0.04266,126255,1753720199999,5386.25024,68,100334,4280.03163,0
1753720200000,0.04265,0.04265,0.04259,0.04264,162958,1753720259999,6945.04805,78,27438,1169.21722,0
1753720260000,0.04266,0.04268,0.04261,0.04262,225856,1753720319999,9631.93214,96,127837,5453.42419,0
1753720320000,0.04262,0.04262,0.04249,0.04249,273298,1753720379999,11632.30522,81,42851,1823.42527,0
1753720380000,0.04251,0.04262,0.04249,0.04259,288987,1753720439999,12302.12515,80,210992,8984.94082,0
1753720440000,0.04258,0.04260,0.04257,0.04259,69244,1753720499999,2948.98827,56,14885,633.92196,0
1753720500000,0.04260,0.04269,0.04259,0.04269,178386,1753720559999,7608.00239,82,146835,6262.71245,0
1753720560000,0.04268,0.04275,0.04268,0.04271,247548,1753720619999,10574.26239,96,213812,9133.33845,0
1753720620000,0.04271,0.04272,0.04266,0.04266,272976,1753720679999,11650.47784,78,97188,4147.75812,0
1753720680000,0.04266,0.04267,0.04259,0.04263,1012690,1753720739999,43163.41540,180,84753,3613.51176,0
1753720740000,0.04263,0.04264,0.04257,0.04257,221016,1753720799999,9417.45363,71,100839,4297.84458,0
1753720800000,0.04259,0.04264,0.04258,0.04264,154138,1753720859999,6565.79707,59,51678,2201.58760,0
1753720860000,0.04263,0.04264,0.04261,0.04264,192397,1753720919999,8201.49474,82,136012,5798.19936,0
1753720920000,0.04264,0.04269,0.04264,0.04267,72712,1753720979999,3101.35933,68,54888,2340.99337,0
1753720980000,0.04268,0.04271,0.04265,0.04265,196776,1753721039999,8401.08642,78,160241,6841.92931,0
1753721040000,0.04265,0.04269,0.04265,0.04268,470164,1753721099999,20065.31859,62,406556,17351.10634,0
1753721100000,0.04269,0.04271,0.04267,0.04269,196769,1753721159999,8400.38359,67,74530,3181.77697,0
1753721160000,0.04269,0.04273,0.04268,0.04273,44418,1753721219999,1896.82590,49,36808,1571.87253,0
1753721220000,0.04274,0.04276,0.04269,0.04269,136084,1753721279999,5812.76833,55,80564,3441.99672,0
1753721280000,0.04270,0.04275,0.04270,0.04275,159010,1753721339999,6793.04677,69,101514,4337.22192,0
1753721340000,0.04276,0.04279,0.04276,0.04279,133810,1753721399999,5725.29733,43,47565,2034.89492,0
1753721400000,0.04280,0.04281,0.04270,0.0427,227974,1753721459999,9747.27337,77,81182,3473.27556,0
1753721460000,0.04270,0.04270,0.04263,0.04268,223437,1753721519999,9531.77276,88,130594,5569.90436,0
1753721520000,0.04264,0.04264,0.04253,0.04253,227395,1753721579999,9674.63832,69,5437,231.75442,0
1753721580000,0.04253,0.04261,0.04252,0.04261,232374,1753721639999,9893.74727,66,175809,7485.12476,0
1753721640000,0.04259,0.04263,0.04256,0.04256,157516,1753721699999,6711.20463,62,115450,4919.59107,0
1753721700000,0.04254,0.04258,0.04254,0.04258,112363,1753721759999,4782.04628,55,75023,3193.25300,0
1753721760000,0.04259,0.04259,0.04257,0.04259,49593,1753721819999,2111.85204,39,24457,1041.56201,0
1753721820000,0.04259,0.04260,0.04257,0.04259,143342,1753721879999,6103.84160,55,140036,5963.10184,0
1753721880000,0.04260,0.04261,0.04257,0.04258,335415,1753721939999,14285.23840,67,185007,7879.16349,0
1753721940000,0.04259,0.04260,0.04257,0.04258,273814,1753721999999,11661.62821,63,198839,8468.64793,0
1753722000000,0.04257,0.04262,0.04257,0.04261,209754,1753722059999,8935.33875,91,82947,3533.47216,0
1753722060000,0.04261,0.04264,0.04259,0.04259,176030,1753722119999,7501.12519,55,150723,6422.76064,0
1753722120000,0.04259,0.04261,0.04255,0.04259,122827,1753722179999,5230.29311,74,72584,3091.05232,0
1753722180000,0.04259,0.04263,0.04257,0.04263,126861,1753722239999,5405.65625,66,90789,3868.85115,0
1753722240000,0.04263,0.04265,0.04262,0.04263,218093,1753722299999,9299.93615,71,132694,5658.67829,0
1753722300000,0.04264,0.04264,0.04250,0.0425,1746757,1753722359999,74325.20333,183,29594,1259.20636,0
1753722360000,0.04252,0.04255,0.04250,0.04253,706393,1753722419999,30038.86777,101,615618,26179.43317,0
1753722420000,0.04253,0.04258,0.04252,0.04256,85386,1753722479999,3632.65670,49,45593,1940.27686,0
1753722480000,0.04256,0.04257,0.04253,0.04253,150855,1753722539999,6418.07507,54,77800,3310.54838,0
1753722540000,0.04253,0.04258,0.04253,0.04258,164899,1753722599999,7014.35710,48,80030,3404.20544,0
1753722600000,0.04258,0.04262,0.04258,0.0426,50682,1753722659999,2159.00001,46,19225,818.96484,0
1753722660000,0.04261,0.04263,0.04259,0.0426,78388,1753722719999,3339.58924,79,55912,2382.00949,0
1753722720000,0.04262,0.04262,0.04255,0.04255,65436,1753722779999,2785.61569,51,13358,569.04766,0
1753722780000,0.04254,0.04254,0.04250,0.0425,244526,1753722839999,10398.81319,74,181350,7713.15723,0
1753722840000,0.04249,0.04249,0.04241,0.04241,351923,1753722899999,14935.55622,90,29155,1237.67508,0
1753722900000,0.04241,0.04241,0.04226,0.04227,1925288,1753722959999,81531.84386,297,480986,20381.10965,0
1753722960000,0.04226,0.04238,0.04224,0.04235,572153,1753723019999,24201.75146,161,507331,21459.97549,0
1753723020000,0.04236,0.04243,0.04236,0.04241,368191,1753723079999,15609.07897,134,180407,7647.89557,0
1753723080000,0.04240,0.04240,0.04233,0.04233,224910,1753723139999,9524.74458,76,50097,2121.66910,0
1753723140000,0.04234,0.04234,0.04229,0.04233,653988,1753723199999,27668.74095,105,221032,9352.97591,0
1753723200000,0.04232,0.04233,0.04219,0.04232,563398,1753723259999,23791.55651,194,229482,9694.41708,0
1753723260000,0.04233,0.04239,0.04233,0.04239,213677,1753723319999,9051.49261,105,142502,6037.01197,0
1753723320000,0.04240,0.04242,0.04232,0.04235,266266,1753723379999,11279.67770,91,99793,4228.37787,0
1753723380000,0.04231,0.04241,0.04230,0.0424,135212,1753723439999,5727.29632,53,131960,5589.62995,0
1753723440000,0.04240,0.04242,0.04239,0.0424,610214,1753723499999,25873.30089,86,589789,25007.34944,0
1753723500000,0.04241,0.04245,0.04237,0.04244,302058,1753723559999,12815.35842,77,212830,9031.48902,0
1753723560000,0.04246,0.04250,0.04245,0.04248,435871,1753723619999,18514.10632,109,209014,8879.01999,0
1753723620000,0.04249,0.04251,0.04249,0.0425,144578,1753723679999,6144.46219,60,104867,4456.78156,0
1753723680000,0.04250,0.04252,0.04249,0.04251,147048,1753723739999,6249.68938,53,98579,4190.09184,0
1753723740000,0.04253,0.04255,0.04252,0.04254,21065,1753723799999,896.05524,45,16330,694.63116,0
1753723800000,0.04255,0.04258,0.04254,0.04256,74330,1753723859999,3163.28905,80,48922,2081.88095,0
1753723860000,0.04257,0.04258,0.04248,0.04248,62044,1753723919999,2639.77843,53,19471,828.34869,0
1753723920000,0.04248,0.04250,0.04246,0.04246,76217,1753723979999,3237.87410,55,70188,2981.77515,0
1753723980000,0.04247,0.04251,0.04242,0.04242,58901,1753724039999,2500.57870,52,32703,1388.88286,0
1753724040000,0.04241,0.04244,0.04238,0.04238,268309,1753724099999,11379.58348,81,129465,5492.72928,0
1753724100000,0.04237,0.04240,0.04235,0.04239,165968,1753724159999,7032.99486,67,49784,2110.33187,0
1753724160000,0.04238,0.04238,0.04230,0.0423,420386,1753724219999,17806.56430,80,225772,9565.65418,0
1753724220000,0.04229,0.04234,0.04228,0.04232,253752,1753724279999,10732.92240,85,242156,10242.24586,0
1753724280000,0.04232,0.04235,0.04231,0.04231,37185,1753724339999,1574.44688,39,27954,1183.65207,0
1753724340000,0.04232,0.04239,0.04232,0.04239,536940,1753724399999,22729.14189,114,443249,18763.13435,0
1753724400000,0.04240,0.04243,0.04237,0.04237,92331,1753724459999,3915.18709,49,21812,924.88308,0
1753724460000,0.04236,0.04237,0.04231,0.04235,185729,1753724519999,7863.27348,93,22856,967.69484,0
1753724520000,0.04235,0.04236,0.04229,0.04232,342155,1753724579999,14475.87439,136,37790,1599.96406,0
1753724580000,0.04232,0.04233,0.04225,0.04225,47526,1753724639999,2010.11329,73,18104,766.14379,0
1753724640000,0.04225,0.04231,0.04224,0.0423,87513,1753724699999,3699.46206,59,58290,2464.54048,0
1753724700000,0.04230,0.04230,0.04221,0.04221,284450,1753724759999,12020.37997,92,77910,3292.99940,0
1753724760000,0.04220,0.04221,0.04216,0.04219,904768,1753724819999,38160.91532,166,434573,18329.05339,0
1753724820000,0.04220,0.04227,0.04220,0.04225,557298,1753724879999,23541.40951,113,388994,16431.92002,0
1753724880000,0.04226,0.04232,0.04226,0.04231,225450,1753724939999,9535.72983,92,170363,7206.00239,0
1753724940000,0.04231,0.04231,0.04227,0.04228,197763,1753724999999,8362.79909,68,149714,6330.77139,0
1753725000000,0.04228,0.04229,0.04225,0.04228,199159,1753725059999,8418.50725,66,162879,6884.93891,0
1753725060000,0.04229,0.04234,0.04228,0.04234,347802,1753725119999,14716.23965,99,258851,10953.99614,0
1753725120000,0.04233,0.04233,0.04230,0.04231,53729,1753725179999,2273.42498,45,16421,694.89662,0
1753725180000,0.04231,0.04234,0.04231,0.04234,84796,1753725239999,3588.65127,50,55522,2349.81522,0
1753725240000,0.04235,0.04235,0.04230,0.04232,334177,1753725299999,14147.11618,57,140379,5942.05434,0
1753725300000,0.04233,0.04235,0.04228,0.04228,122618,1753725359999,5188.38081,49,76008,3216.80567,0
1753725360000,0.04228,0.04232,0.04227,0.04232,148309,1753725419999,6272.14036,64,64442,2725.03606,0
1753725420000,0.04233,0.04236,0.04231,0.04231,93820,1753725479999,3972.91899,45,91773,3886.28009,0
1753725480000,0.04232,0.04232,0.04223,0.04223,184086,1753725539999,7779.40559,57,11248,475.75889,0
1753725540000,0.04223,0.04225,0.04221,0.04225,129689,1753725599999,5475.65706,62,27714,1170.35842,0
1753725600000,0.04226,0.04229,0.04225,0.04229,256496,1753725659999,10841.50681,83,216890,9167.86493,0
1753725660000,0.04228,0.04228,0.04225,0.04228,127201,1753725719999,5377.23530,87,55570,2348.89755,0
1753725720000,0.04229,0.04231,0.04226,0.04227,67236,1753725779999,2843.92222,61,25563,1081.30580,0
1753725780000,0.04228,0.04228,0.04215,0.04216,546409,1753725839999,23044.40274,133,112832,4759.35053,0
1753725840000,0.04216,0.04216,0.04201,0.04204,2682510,1753725899999,112894.72075,422,735828,30958.17610,0
1753725900000,0.04203,0.04206,0.04193,0.04195,2066327,1753725959999,86771.20757,352,814969,34234.55979,0
1753725960000,0.04194,0.04194,0.04107,0.0417,25725703,1753726019999,1068822.08670,2791,7860510,326834.79730,0
1753726020000,0.04169,0.04187,0.04168,0.04184,1662265,1753726079999,69481.54662,417,1168410,48836.09360,0
1753726080000,0.04184,0.04191,0.04182,0.04183,1646896,1753726139999,68958.88009,231,1409059,59004.02222,0
1753726140000,0.04183,0.04183,0.04173,0.0418,658108,1753726199999,27493.58156,176,424588,17737.17213,0
1753726200000,0.04182,0.04190,0.04180,0.0419,1496412,1753726259999,62626.75033,178,1245774,52141.02350,0
1753726260000,0.04191,0.04200,0.04190,0.04199,935123,1753726319999,39220.59926,225,723772,30360.09409,0
1753726320000,0.04199,0.04203,0.04198,0.04203,565044,1753726379999,23735.08335,139,263065,11049.72575,0
1753726380000,0.04203,0.04207,0.04203,0.04205,204222,1753726439999,8587.55748,96,121463,5107.21863,0
1753726440000,0.04206,0.04206,0.04202,0.04203,530299,1753726499999,22298.32246,89,207846,8739.43997,0
1753726500000,0.04204,0.04207,0.04197,0.04198,552193,1753726559999,23196.61163,132,56793,2388.14591,0
1753726560000,0.04198,0.04199,0.04188,0.04188,692519,1753726619999,29054.14633,139,204842,8592.87579,0
1753726620000,0.04189,0.04195,0.04186,0.04187,274390,1753726679999,11498.56538,103,175835,7367.95419,0
1753726680000,0.04187,0.04191,0.04181,0.04181,667763,1753726739999,27944.52881,146,218581,9155.35002,0
1753726740000,0.04180,0.04183,0.04166,0.04166,1086998,1753726799999,45383.54536,267,325893,13622.13303,0
1753726800000,0.04166,0.04171,0.04162,0.04168,1008556,1753726859999,42024.13394,259,694334,28935.12351,0
1753726860000,0.04168,0.04173,0.04165,0.04173,655262,1753726919999,27322.40744,138,479868,20013.68485,0
1753726920000,0.04172,0.04181,0.04169,0.04179,409062,1753726979999,17071.21791,148,254883,10636.49318,0
1753726980000,0.04179,0.04179,0.04175,0.04179,208402,1753727039999,8706.48913,79,147734,6172.01456,0
1753727040000,0.04180,0.04189,0.04180,0.04189,381124,1753727099999,15945.91604,124,374177,15655.45353,0
1753727100000,0.04189,0.04189,0.04180,0.04181,236288,1753727159999,9882.08265,98,104189,4357.32616,0
1753727160000,0.04182,0.04187,0.04180,0.04184,2010875,1753727219999,84129.85431,262,1759884,73631.84595,0
1753727220000,0.04185,0.04187,0.04182,0.04182,177706,1753727279999,7436.01535,71,58250,2437.78791,0
1753727280000,0.04180,0.04180,0.04169,0.04176,813097,1753727339999,33930.23972,190,181984,7593.71483,0
1753727340000,0.04176,0.04177,0.04174,0.04177,212684,1753727399999,8880.44644,76,28870,1205.75687,0
1753727400000,0.04177,0.04181,0.04165,0.04166,746679,1753727459999,31151.91043,159,439247,18332.30168,0
1753727460000,0.04166,0.04172,0.04155,0.04164,2053444,1753727519999,85448.48786,312,978865,40751.79253,0
1753727520000,0.04162,0.04167,0.04161,0.04163,330461,1753727579999,13758.63637,96,189586,7892.26334,0
1753727580000,0.04165,0.04165,0.04152,0.04157,751384,1753727639999,31238.07614,174,160468,6675.74378,0
1753727640000,0.04157,0.04160,0.04153,0.04157,363537,1753727699999,15109.83566,95,238900,9929.79500,0
1753727700000,0.04157,0.04166,0.04157,0.04163,152179,1753727759999,6332.64002,107,77005,3205.52131,0
1753727760000,0.04164,0.04170,0.04164,0.04167,330489,1753727819999,13772.09315,117,195857,8160.35915,0
1753727820000,0.04166,0.04167,0.04164,0.04164,318532,1753727879999,13268.11588,107,64480,2685.98659,0
1753727880000,0.04165,0.04168,0.04163,0.04166,463292,1753727939999,19302.89500,116,389108,16211.66737,0
1753727940000,0.04167,0.04177,0.04167,0.04177,314344,1753727999999,13119.76834,110,165130,6890.09649,0
1753728000000,0.04178,0.04184,0.04178,0.04183,282985,1753728059999,11835.67729,107,252722,10570.02124,0
1753728060000,0.04184,0.04185,0.04180,0.04182,287454,1753728119999,12022.19140,143,109772,4592.00493,0
1753728120000,0.04183,0.04186,0.04181,0.04186,143925,1753728179999,6018.93720,103,68760,2875.94202,0
1753728180000,0.04186,0.04188,0.04185,0.04187,147713,1753728239999,6184.15937,103,108061,4524.18722,0
1753728240000,0.04187,0.04187,0.04182,0.04185,147842,1753728299999,6186.36947,82,39556,1655.34657,0
1753728300000,0.04186,0.04187,0.04176,0.04176,149520,1753728359999,6254.17028,85,31127,1302.69374,0
1753728360000,0.04176,0.04179,0.04172,0.04178,153118,1753728419999,6394.85320,78,91028,3802.47521,0
1753728420000,0.04179,0.04180,0.04172,0.04172,166109,1753728479999,6937.40154,69,80314,3355.29581,0
1753728480000,0.04170,0.04175,0.04168,0.04174,269251,1753728539999,11227.90641,101,34922,1457.26353,0
1753728540000,0.04172,0.04173,0.04168,0.04172,193805,1753728599999,8084.49154,56,151818,6333.10700,0
1753728600000,0.04173,0.04177,0.04173,0.04177,244820,1753728659999,10220.40090,84,122126,5099.13097,0
1753728660000,0.04177,0.04184,0.04175,0.04184,562275,1753728719999,23514.16028,111,523645,21901.01953,0
1753728720000,0.04184,0.04184,0.04174,0.04175,135867,1753728779999,5677.77241,63,57116,2385.77064,0
1753728780000,0.04174,0.04177,0.04173,0.04173,230279,1753728839999,9611.61575,53,27323,1140.95817,0
1753728840000,0.04172,0.04172,0.04164,0.04164,244690,1753728899999,10199.15616,75,65135,2715.68989,0
1753728900000,0.04167,0.04169,0.04163,0.04163,232314,1753728959999,9679.17492,73,127808,5326.38444,0
1753728960000,0.04163,0.04172,0.04163,0.04172,140980,1753729019999,5876.83356,69,134473,5605.54896,0
1753729020000,0.04173,0.04175,0.04172,0.04175,177950,1753729079999,7426.69621,59,107244,4476.20632,0
1753729080000,0.04175,0.04175,0.04168,0.04168,246526,1753729139999,10286.45956,70,39857,1663.78398,0
1753729140000,0.04169,0.04174,0.04169,0.04174,58308,1753729199999,2432.44614,51,57145,2383.92578,0
1753729200000,0.04174,0.04179,0.04174,0.04178,243173,1753729259999,10156.27979,125,190085,7938.61095,0
1753729260000,0.04178,0.04178,0.04172,0.04177,117115,1753729319999,4890.08573,70,62254,2599.39330,0
1753729320000,0.04177,0.04178,0.04172,0.04173,254761,1753729379999,10635.64702,86,33608,1403.00657,0
1753729380000,0.04174,0.04189,0.04173,0.04189,1507851,1753729439999,63026.20436,304,1289858,53904.21880,0
1753729440000,0.04189,0.04190,0.04184,0.04188,387411,1753729499999,16224.00122,124,185451,7768.25521,0
1753729500000,0.04190,0.04191,0.04188,0.04191,397214,1753729559999,16641.30362,87,257359,10781.98831,0
1753729560000,0.04191,0.04191,0.04189,0.04191,506832,1753729619999,21237.35236,89,277010,11608.19010,0
1753729620000,0.04191,0.04192,0.04188,0.04191,265401,1753729679999,11119.84597,83,107738,4513.66991,0
1753729680000,0.04191,0.04191,0.04180,0.0418,253466,1753729739999,10606.58001,81,14859,622.49811,0
1753729740000,0.04180,0.04185,0.04180,0.0418,255829,1753729799999,10698.72637,85,198105,8284.71030,0
1753729800000,0.04179,0.04183,0.04178,0.04183,403953,1753729859999,16880.17885,87,372748,15575.36018,0
1753729860000,0.04183,0.04184,0.04182,0.04183,286331,1753729919999,11976.03746,92,203694,8518.91358,0
1753729920000,0.04183,0.04183,0.04177,0.04178,171667,1753729979999,7175.58543,143,99025,4138.29452,0
1753729980000,0.04179,0.04181,0.04178,0.04181,229753,1753730039999,9601.94767,82,210908,8814.43728,0
1753730040000,0.04181,0.04186,0.04180,0.04186,135403,1753730099999,5663.37907,75,106273,4444.60997,0
1753730100000,0.04186,0.04188,0.04180,0.04182,346113,1753730159999,14484.17426,164,182461,7638.08350,0
1753730160000,0.04184,0.04189,0.04182,0.04186,920003,1753730219999,38512.73355,187,678579,28408.32279,0
1753730220000,0.04186,0.04196,0.04186,0.04196,440831,1753730279999,18473.60758,117,341037,14290.12462,0
1753730280000,0.04197,0.04200,0.04193,0.04193,376162,1753730339999,15791.29194,106,214084,8988.19529,0
1753730340000,0.04193,0.04193,0.04189,0.04189,93173,1753730399999,3904.94097,81,56715,2377.09599,0
1753730400000,0.04188,0.04189,0.04188,0.04188,45704,1753730459999,1914.34922,65,20814,871.85727,0
1753730460000,0.04189,0.04197,0.04189,0.04197,135334,1753730519999,5675.28223,68,119923,5029.14534,0
1753730520000,0.04198,0.04198,0.04194,0.04196,133504,1753730579999,5601.03756,79,92516,3881.40951,0
1753730580000,0.04195,0.04195,0.04192,0.04193,100159,1753730639999,4200.43487,109,42326,1774.92757,0
1753730640000,0.04193,0.04196,0.04192,0.04196,74277,1753730699999,3114.90281,49,64075,2687.23353,0
1753730700000,0.04196,0.04199,0.04195,0.04195,98918,1753730759999,4152.45223,58,16955,711.66876,0
1753730760000,0.04194,0.04196,0.04193,0.04196,49061,1753730819999,2057.71651,48,45011,1887.86327,0
1753730820000,0.04197,0.04197,0.04193,0.04194,99728,1753730879999,4183.30606,50,33435,1402.27558,0
1753730880000,0.04194,0.04194,0.04187,0.04191,215488,1753730939999,9028.72356,70,105530,4421.11239,0
1753730940000,0.04190,0.04192,0.04190,0.04191,18778,1753730999999,787.00818,39,11972,501.76476,0
1753731000000,0.04190,0.04190,0.04170,0.0417,2820241,1753731059999,117910.73435,547,700999,29307.28731,0
1753731060000,0.04171,0.04174,0.04168,0.0417,700220,1753731119999,29203.92419,152,480392,20036.49032,0
1753731120000,0.04171,0.04174,0.04169,0.04169,421478,1753731179999,17580.81869,160,241826,10087.67529,0
1753731180000,0.04169,0.04169,0.04161,0.04164,1142175,1753731239999,47555.62724,196,221400,9220.26237,0
1753731240000,0.04163,0.04164,0.04162,0.04162,381277,1753731299999,15870.52320,112,288179,11995.69231,0
1753731300000,0.04162,0.04163,0.04160,0.04163,111266,1753731359999,4630.46695,97,70111,2917.90662,0
1753731360000,0.04163,0.04165,0.04160,0.04162,162972,1753731419999,6783.53386,99,130408,5428.35717,0
1753731420000,0.04164,0.04165,0.04162,0.04165,190987,1753731479999,7950.46774,89,98677,4108.14978,0
1753731480000,0.04166,0.04166,0.04163,0.04163,57187,1753731539999,2382.18831,46,53272,2219.13494,0
1753731540000,0.04162,0.04163,0.04160,0.04161,79883,1753731599999,3324.61751,56,66360,2761.87956,0
1753731600000,0.04160,0.04162,0.04157,0.04162,180520,1753731659999,7508.35884,107,100835,4193.92483,0
1753731660000,0.04162,0.04166,0.04161,0.04161,104579,1753731719999,4354.03837,56,66152,2754.21032,0
1753731720000,0.04161,0.04161,0.04158,0.04158,151116,1753731779999,6285.08964,81,57991,2412.81645,0
1753731780000,0.04157,0.04158,0.04154,0.04155,102720,1753731839999,4268.90196,75,58675,2438.58629,0
1753731840000,0.04154,0.04154,0.04136,0.04139,3693694,1753731899999,152994.80184,524,243641,10092.64540,0
1753731900000,0.04139,0.04142,0.04131,0.04132,599836,1753731959999,24813.25061,190,215117,8902.86762,0
1753731960000,0.04131,0.04135,0.04130,0.04133,555949,1753732019999,22975.12086,161,285617,11804.58040,0
1753732020000,0.04134,0.04140,0.04134,0.04137,412364,1753732079999,17064.32493,123,308402,12762.68720,0
1753732080000,0.04136,0.04136,0.04134,0.04135,154906,1753732139999,6405.23589,83,66950,2768.51613,0
1753732140000,0.04134,0.04140,0.04134,0.0414,834635,1753732199999,34523.59340,175,666499,27569.13474,0
1753732200000,0.04140,0.04143,0.04139,0.04141,250825,1753732259999,10387.17690,96,177527,7352.18973,0
1753732260000,0.04141,0.04150,0.04140,0.0415,319517,1753732319999,13238.68399,111,147798,6126.09259,0
1753732320000,0.04150,0.04156,0.04150,0.04156,131448,1753732379999,5456.93051,95,72541,3011.84659,0
1753732380000,0.04157,0.04160,0.04157,0.04158,152302,1753732439999,6333.06272,59,52476,2181.91372,0
1753732440000,0.04159,0.04161,0.04157,0.0416,188112,1753732499999,7822.81354,58,42107,1751.33099,0
1753732500000,0.04161,0.04164,0.04159,0.04164,162433,1753732559999,6759.31174,73,119753,4983.49116,0
1753732560000,0.04164,0.04167,0.04162,0.04162,177030,1753732619999,7372.28098,71,73908,3078.74690,0
1753732620000,0.04163,0.04166,0.04160,0.04161,61604,1753732679999,2564.32932,54,30954,1288.77977,0
1753732680000,0.04160,0.04162,0.04160,0.04162,100643,1753732739999,4187.39634,48,28186,1172.81201,0
1753732740000,0.04161,0.04164,0.04160,0.04164,417190,1753732799999,17366.46636,97,333086,13865.64938,0
1753732800000,0.04165,0.04170,0.04159,0.0416,409060,1753732859999,17030.44122,144,180516,7514.57972,0
1753732860000,0.04160,0.04161,0.04156,0.0416,89120,1753732919999,3706.42882,89,69520,2891.47485,0
1753732920000,0.04160,0.04169,0.04160,0.04166,421271,1753732979999,17550.93715,152,378630,15775.16968,0
1753732980000,0.04167,0.04168,0.04160,0.04161,451878,1753733039999,18810.60087,94,99853,4157.42211,0
1753733040000,0.04161,0.04161,0.04157,0.0416,162628,1753733099999,6763.99232,99,97749,4065.45699,0
1753733100000,0.04161,0.04162,0.04154,0.04155,454323,1753733159999,18884.84023,134,77209,3210.85856,0
1753733160000,0.04156,0.04157,0.04145,0.04145,259502,1753733219999,10771.64327,124,44062,1830.00473,0
1753733220000,0.04144,0.04148,0.04142,0.04144,601451,1753733279999,24932.18342,180,323148,13395.48256,0
1753733280000,0.04144,0.04148,0.04144,0.04145,205656,1753733339999,8527.31443,114,113365,4699.62338,0
1753733340000,0.04145,0.04147,0.04143,0.04144,347533,1753733399999,14403.68146,112,101632,4212.36202,0
1753733400000,0.04144,0.04144,0.04137,0.04139,591417,1753733459999,24476.51078,137,77295,3200.52654,0
1753733460000,0.04139,0.04139,0.04133,0.04136,266426,1753733519999,11018.83718,112,162160,6706.13472,0
1753733520000,0.04135,0.04136,0.04130,0.04131,183804,1753733579999,7597.41978,77,95418,3944.24953,0
1753733580000,0.04131,0.04139,0.04131,0.04138,191007,1753733639999,7901.84598,83,139856,5785.29620,0
1753733640000,0.04137,0.04140,0.04137,0.04137,150395,1753733699999,6224.65463,74,96667,4001.29574,0
1753733700000,0.04137,0.04146,0.04137,0.04146,175824,1753733759999,7277.86514,124,120742,4998.23037,0
1753733760000,0.04145,0.04145,0.04138,0.04139,558890,1753733819999,23144.55239,116,407222,16860.47804,0
1753733820000,0.04138,0.04138,0.04133,0.04135,235068,1753733879999,9720.77254,104,105250,4352.13166,0
1753733880000,0.04135,0.04140,0.04134,0.0414,120562,1753733939999,4987.48392,113,81991,3391.71555,0
1753733940000,0.04141,0.04142,0.04140,0.04142,55449,1753733999999,2296.27250,83,31986,1324.73724,0
1753734000000,0.04143,0.04143,0.04141,0.04142,94596,1753734059999,3917.87975,124,41087,1701.78359,0
1753734060000,0.04142,0.04143,0.04139,0.04139,235386,1753734119999,9746.81227,130,52964,2193.39053,0
1753734120000,0.04139,0.04141,0.04137,0.04137,211515,1753734179999,8754.73780,123,30213,1250.68269,0
1753734180000,0.04136,0.04136,0.04132,0.04136,86517,1753734239999,3577.41049,82,15856,655.62019,0
1753734240000,0.04137,0.04145,0.04137,0.04145,430569,1753734299999,17831.98498,104,297792,12332.46915,0
1753734300000,0.04144,0.04144,0.04139,0.0414,517489,1753734359999,21435.80703,147,67242,2783.78797,0
1753734360000,0.04140,0.04140,0.04132,0.04132,596326,1753734419999,24668.67546,180,457850,18941.00404,0
1753734420000,0.04131,0.04133,0.04117,0.04119,1379658,1753734479999,56909.19951,353,310995,12835.68621,0
1753734480000,0.04120,0.04127,0.04119,0.04119,1000431,1753734539999,41243.55801,242,511521,21090.26484,0
1753734540000,0.04120,0.04124,0.04115,0.0412,793460,1753734599999,32693.03090,233,493835,20346.91251,0
1753734600000,0.04120,0.04125,0.04119,0.04123,521719,1753734659999,21506.76428,181,369955,15250.81105,0
1753734660000,0.04124,0.04131,0.04124,0.04125,495506,1753734719999,20451.16884,304,263232,10865.82965,0
1753734720000,0.04125,0.04129,0.04122,0.04129,303205,1753734779999,12507.78756,144,181506,7489.26689,0
1753734780000,0.04130,0.04136,0.04130,0.04136,283678,1753734839999,11727.62293,145,174834,7227.78069,0
1753734840000,0.04135,0.04136,0.04130,0.04135,198031,1753734899999,8185.65342,118,143735,5941.62670,0
1753734900000,0.04136,0.04138,0.04133,0.04138,278020,1753734959999,11498.34328,131,53448,2210.56652,0
1753734960000,0.04138,0.04141,0.04133,0.04141,345298,1753735019999,14285.63704,163,241900,10009.84755,0
1753735020000,0.04141,0.04141,0.04136,0.0414,421186,1753735079999,17430.07551,158,129497,5357.79700,0
1753735080000,0.04140,0.04140,0.04127,0.04129,217319,1753735139999,8979.65430,154,53793,2223.52742,0
1753735140000,0.04129,0.04136,0.04129,0.04133,496797,1753735199999,20532.73603,183,226374,9355.65208,0
1753735200000,0.04133,0.04135,0.04130,0.04132,337522,1753735259999,13945.55216,174,135468,5597.79510,0
1753735260000,0.04131,0.04133,0.04127,0.04128,197868,1753735319999,8172.46769,164,98468,4067.54080,0
1753735320000,0.04128,0.04131,0.04126,0.04129,166012,1753735379999,6852.37201,168,102399,4226.79725,0
1753735380000,0.04129,0.04129,0.04125,0.04127,78495,1753735439999,3239.46052,115,49001,2022.16245,0
1753735440000,0.04127,0.04131,0.04127,0.04127,182262,1753735499999,7524.97575,115,49426,2040.17166,0
1753735500000,0.04127,0.04132,0.04126,0.04132,160938,1753735559999,6645.33153,138,85024,3510.85044,0
1753735560000,0.04133,0.04138,0.04133,0.04134,59827,1753735619999,2474.23881,121,38781,1603.76186,0
1753735620000,0.04133,0.04133,0.04119,0.04123,130077,1753735679999,5365.42926,141,44119,1818.89040,0
1753735680000,0.04121,0.04126,0.04121,0.04124,253916,1753735739999,10471.98150,141,207910,8575.03829,0
1753735740000,0.04123,0.04124,0.04116,0.04116,159482,1753735799999,6570.69956,101,46554,1918.73936,0
1753735800000,0.04116,0.04124,0.04116,0.04124,99750,1753735859999,4108.04095,127,97548,4017.30207,0
1753735860000,0.04123,0.04129,0.04122,0.04129,268661,1753735919999,11085.91100,122,26269,1083.86393,0
1753735920000,0.04129,0.04129,0.04120,0.0412,71090,1753735979999,2931.68640,129,21621,892.04235,0
1753735980000,0.04120,0.04126,0.04120,0.04126,115648,1753736039999,4767.34876,112,74708,3080.25740,0
1753736040000,0.04126,0.04140,0.04125,0.04139,194949,1753736099999,8060.21150,144,183213,7575.04955,0
1753736100000,0.04140,0.04144,0.04139,0.04144,615352,1753736159999,25482.49397,164,230745,9557.46912,0
1753736160000,0.04143,0.04143,0.04139,0.04142,95029,1753736219999,3934.80288,105,62995,2608.32302,0
1753736220000,0.04142,0.04144,0.04139,0.04139,39003,1753736279999,1615.26984,95,22305,923.79024,0
1753736280000,0.04139,0.04139,0.04135,0.04137,379751,1753736339999,15711.88406,106,38235,1581.87059,0
1753736340000,0.04137,0.04139,0.04133,0.04133,242238,1753736399999,10021.98483,121,65639,2716.03463,0
1753736400000,0.04132,0.04134,0.04126,0.04131,279347,1753736459999,11533.27026,205,97306,4018.34753,0
1753736460000,0.04132,0.04132,0.04127,0.04128,112886,1753736519999,4660.20543,122,36434,1504.46949,0
1753736520000,0.04128,0.04134,0.04128,0.04134,132454,1753736579999,5470.91362,170,115878,4786.36113,0
1753736580000,0.04133,0.04137,0.04132,0.04137,114953,1753736639999,4751.48545,129,92739,3833.23055,0
1753736640000,0.04137,0.04141,0.04136,0.04141,194389,1753736699999,8044.56703,182,87101,3604.52200,0
1753736700000,0.04141,0.04143,0.04137,0.0414,128517,1753736759999,5319.84025,151,76306,3158.82659,0
1753736760000,0.04140,0.04145,0.04138,0.04138,96496,1753736819999,3997.27902,118,64818,2685.23265,0
1753736820000,0.04138,0.04138,0.04130,0.0413,135277,1753736879999,5592.06193,148,70722,2923.22770,0
1753736880000,0.04130,0.04132,0.04128,0.04128,216633,1753736939999,8946.99755,144,83092,3432.45193,0
1753736940000,0.04128,0.04129,0.04122,0.04125,123203,1753736999999,5082.39154,132,48223,1989.38451,0
1753737000000,0.04124,0.04125,0.04120,0.04124,156623,1753737059999,6456.11589,168,99986,4121.23582,0
1753737060000,0.04124,0.04132,0.04124,0.04132,225505,1753737119999,9306.40894,201,168872,6969.44504,0
1753737120000,0.04131,0.04133,0.04129,0.0413,76357,1753737179999,3153.69809,114,43830,1810.23512,0
1753737180000,0.04130,0.04131,0.04125,0.04127,127753,1753737239999,5272.11745,116,33052,1364.22818,0
1753737240000,0.04126,0.04134,0.04124,0.04132,508476,1753737299999,21000.01444,186,268900,11104.61282,0
1753737300000,0.04132,0.04136,0.04129,0.04131,1044028,1753737359999,43147.24703,241,401795,16608.47030,0
1753737360000,0.04131,0.04131,0.04126,0.04127,186869,1753737419999,7714.54686,133,93066,3842.01274,0
1753737420000,0.04127,0.04131,0.04126,0.04131,175796,1753737479999,7256.01947,132,118179,4877.94354,0
1753737480000,0.04132,0.04132,0.04126,0.04127,99459,1753737539999,4106.08455,128,77170,3185.88059,0
1753737540000,0.04127,0.04129,0.04123,0.04128,105039,1753737599999,4333.24635,126,95357,3933.75318,0
1753737600000,0.04127,0.04128,0.04122,0.04128,81188,1753737659999,3348.14188,125,67969,2802.86127,0
1753737660000,0.04128,0.04132,0.04124,0.04127,118908,1753737719999,4908.63603,121,80599,3327.66974,0
1753737720000,0.04127,0.04127,0.04121,0.04121,28341,1753737779999,1168.37949,104,20347,838.82979,0
1753737780000,0.04121,0.04122,0.04110,0.0411,317016,1753737839999,13042.67113,196,69806,2875.16825,0
1753737840000,0.04111,0.04117,0.04109,0.04113,292434,1753737899999,12027.88259,155,122114,5023.84907,0
1753737900000,0.04113,0.04113,0.04095,0.04099,1695701,1753737959999,69551.57924,426,131355,5390.85400,0
1753737960000,0.04099,0.04106,0.04099,0.04106,551426,1753738019999,22615.57210,163,388555,15935.65012,0
1753738020000,0.04106,0.04114,0.04106,0.04114,795696,1753738079999,32708.13595,145,783316,32198.98515,0
1753738080000,0.04114,0.04120,0.04112,0.0412,252445,1753738139999,10390.55110,142,197562,8132.90853,0
1753738140000,0.04120,0.04120,0.04117,0.04117,143712,1753738199999,5918.26589,53,15792,650.33824,0
1753738200000,0.04116,0.04116,0.04110,0.04114,79379,1753738259999,3264.75021,79,46331,1905.72775,0
1753738260000,0.04115,0.04125,0.04115,0.04125,57919,1753738319999,2388.18048,55,41272,1701.53551,0
1753738320000,0.04126,0.04132,0.04125,0.04132,145901,1753738379999,6022.11422,100,122450,5054.50320,0
1753738380000,0.04133,0.04134,0.04130,0.04131,207645,1753738439999,8579.95511,83,87185,3602.52709,0
1753738440000,0.04131,0.04139,0.04129,0.04139,88087,1753738499999,3640.85044,68,70459,2912.65816,0
1753738500000,0.04140,0.04147,0.04140,0.04145,309629,1753738559999,12834.83492,88,105983,4391.02205,0
1753738560000,0.04145,0.04155,0.04145,0.04155,1824177,1753738619999,75720.92351,291,1464733,60800.76420,0
1753738620000,0.04154,0.04155,0.04144,0.04147,472434,1753738679999,19600.14767,138,137575,5702.60804,0
1753738680000,0.04147,0.04150,0.04147,0.04149,24222,1753738739999,1004.89006,33,21280,882.82958,0
1753738740000,0.04149,0.04152,0.04148,0.04152,52523,1753738799999,2179.49950,47,37700,1564.51725,0
1753738800000,0.04153,0.04157,0.04153,0.04157,179425,1753738859999,7455.82506,75,175766,7303.75702,0
1753738860000,0.04158,0.04158,0.04153,0.04153,11645,1753738919999,483.81869,22,1285,53.38466,0
1753738920000,0.04152,0.04152,0.04148,0.04152,176807,1753738979999,7336.80519,54,151472,6285.26313,0
1753738980000,0.04153,0.04157,0.04153,0.04154,291517,1753739039999,12113.09909,98,221733,9213.36906,0
1753739040000,0.04154,0.04155,0.04153,0.04153,55823,1753739099999,2318.90536,15,12342,512.81010,0
1753739100000,0.04152,0.04153,0.04152,0.04153,140959,1753739159999,5853.99808,29,138040,5732.80120,0
1753739160000,0.04154,0.04157,0.04154,0.04155,167394,1753739219999,6955.67364,63,106627,4430.46604,0
1753739220000,0.04155,0.04155,0.04154,0.04154,15469,1753739279999,642.58727,17,0,0,0
1753739280000,0.04154,0.04154,0.04149,0.04149,81482,1753739339999,3382.40082,42,3908,162.18200,0
1753739340000,0.04148,0.04148,0.04146,0.04146,64362,1753739399999,2669.36174,23,0,0,0
1753739400000,0.04145,0.04145,0.04140,0.04141,186568,1753739459999,7727.42334,72,65151,2698.55970,0
1753739460000,0.04141,0.04142,0.04140,0.04141,131254,1753739519999,5434.80885,107,60036,2486.10929,0
1753739520000,0.04141,0.04143,0.04141,0.04142,98065,1753739579999,4062.28381,38,90797,3761.24325,0
1753739580000,0.04141,0.04141,0.04134,0.04134,99108,1753739639999,4102.28547,55,11530,477.05866,0
1753739640000,0.04133,0.04133,0.04128,0.04132,222072,1753739699999,9172.79316,111,93323,3855.15885,0
1753739700000,0.04132,0.04132,0.04129,0.04129,46043,1753739759999,1901.51595,36,19257,795.30699,0
1753739760000,0.04129,0.04129,0.04121,0.04122,172737,1753739819999,7123.20086,140,27356,1128.35549,0
1753739820000,0.04122,0.04122,0.04119,0.0412,59961,1753739879999,2471.16146,45,48882,2014.52275,0
1753739880000,0.04121,0.04125,0.04121,0.04125,69387,1753739939999,2860.65550,56,55540,2289.48361,0
1753739940000,0.04128,0.04130,0.04128,0.04129,88698,1753739999999,3662.17838,44,53611,2213.33693,0
1753740000000,0.04129,0.04134,0.04127,0.04133,175042,1753740059999,7230.89849,125,122656,5066.70850,0
1753740060000,0.04134,0.04140,0.04134,0.0414,219968,1753740119999,9100.72628,142,157888,6531.81125,0
1753740120000,0.04141,0.04143,0.04139,0.04141,444082,1753740179999,18394.34312,163,314637,13033.21742,0
1753740180000,0.04141,0.04144,0.04139,0.04142,286878,1753740239999,11879.52692,97,129079,5346.20273,0
1753740240000,0.04141,0.04141,0.04134,0.04134,111590,1753740299999,4615.65988,52,40385,1671.18101,0
1753740300000,0.04133,0.04142,0.04133,0.04142,115804,1753740359999,4790.19761,55,114496,4736.13289,0
1753740360000,0.04142,0.04143,0.04139,0.04143,194267,1753740419999,8046.31166,48,36955,1530.81279,0
1753740420000,0.04143,0.04146,0.04140,0.0414,274063,1753740479999,11351.98841,74,98617,4084.91215,0
1753740480000,0.04141,0.04141,0.04139,0.04139,96123,1753740539999,3979.42375,32,44109,1826.49604,0
1753740540000,0.04140,0.04140,0.04132,0.04132,103454,1753740599999,4279.21725,65,25026,1035.13501,0
1753740600000,0.04131,0.04132,0.04130,0.04132,190899,1753740659999,7886.66912,51,153772,6352.62990,0
1753740660000,0.04131,0.04131,0.04120,0.0412,179620,1753740719999,7407.83337,138,40995,1690.27676,0
1753740720000,0.04120,0.04125,0.04120,0.04124,60373,1753740779999,2488.95642,77,47180,1944.88079,0
1753740780000,0.04124,0.04131,0.04124,0.04128,46407,1753740839999,1915.61434,31,44968,1856.21513,0
1753740840000,0.04129,0.04133,0.04129,0.04133,169183,1753740899999,6989.13160,81,152270,6290.43411,0
1753740900000,0.04134,0.04138,0.04130,0.04131,85919,1753740959999,3551.93473,87,62302,2575.19279,0
1753740960000,0.04130,0.04131,0.04128,0.04131,43715,1753741019999,1804.88533,43,22126,913.53094,0
1753741020000,0.04132,0.04136,0.04132,0.04136,52344,1753741079999,2164.33587,37,34574,1429.67075,0
1753741080000,0.04138,0.04141,0.04138,0.0414,169184,1753741139999,7004.75837,40,81959,3393.08150,0
1753741140000,0.04140,0.04140,0.04129,0.04129,279968,1753741199999,11579.79533,56,47601,1970.22854,0
1753741200000,0.04128,0.04131,0.04125,0.04125,155898,1753741259999,6436.83842,72,100678,4156.81039,0
1753741260000,0.04125,0.04127,0.04122,0.04122,129700,1753741319999,5349.36398,63,70317,2899.85416,0
1753741320000,0.04122,0.04123,0.04118,0.04118,210348,1753741379999,8667.00856,78,35805,1475.39310,0
1753741380000,0.04119,0.04121,0.04117,0.04119,222267,1753741439999,9157.05795,59,81393,3353.29754,0
1753741440000,0.04120,0.04125,0.04120,0.04125,91003,1753741499999,3751.57370,58,49098,2023.98329,0
1753741500000,0.04124,0.04125,0.04122,0.04123,101547,1753741559999,4187.01621,43,41669,1718.21223,0
1753741560000,0.04124,0.04129,0.04120,0.04129,230194,1753741619999,9492.00989,90,78289,3229.59641,0
1753741620000,0.04129,0.04130,0.04128,0.04129,97954,1753741679999,4044.94794,42,49194,2031.41772,0
1753741680000,0.04128,0.04129,0.04123,0.04123,49559,1753741739999,2044.42106,40,30051,1239.59005,0
1753741740000,0.04124,0.04124,0.04120,0.04122,53740,1753741799999,2215.30643,53,27257,1123.78331,0
1753741800000,0.04123,0.04125,0.04116,0.04116,261617,1753741859999,10784.95954,96,180525,7444.20314,0
1753741860000,0.04116,0.04116,0.04106,0.04114,1431530,1753741919999,58845.28178,330,485457,19963.97943,0
1753741920000,0.04115,0.04121,0.04115,0.04118,503305,1753741979999,20728.08583,157,122608,5049.61831,0
1753741980000,0.04117,0.04120,0.04113,0.04113,372475,1753742039999,15330.51076,151,60017,2470.99347,0
1753742040000,0.04113,0.04116,0.04110,0.0411,352424,1753742099999,14494.83459,152,78655,3235.91044,0
1753742100000,0.04110,0.04112,0.04107,0.04112,165358,1753742159999,6796.59148,131,63359,2604.20965,0
1753742160000,0.04112,0.04120,0.04111,0.0412,44982,1753742219999,1851.00409,58,22569,928.71628,0
1753742220000,0.04121,0.04122,0.04115,0.04122,108154,1753742279999,4453.31453,79,56973,2345.82410,0
1753742280000,0.04123,0.04124,0.04117,0.04118,118492,1753742339999,4881.51781,85,43496,1791.69903,0
1753742340000,0.04118,0.04121,0.04115,0.04115,51838,1753742399999,2135.27305,69,10784,444.24898,0
1753742400000,0.04114,0.04114,0.04108,0.04108,314430,1753742459999,12926.76739,155,98798,4061.88617,0
1753742460000,0.04108,0.04108,0.04097,0.04098,622641,1753742519999,25541.57027,274,144494,5925.60588,0
1753742520000,0.04100,0.04105,0.04100,0.04105,317948,1753742579999,13043.53585,115,278793,11437.68198,0
1753742580000,0.04106,0.04107,0.04089,0.04096,980858,1753742639999,40158.41520,321,380390,15586.08432,0
1753742640000,0.04097,0.04109,0.04097,0.04107,782716,1753742699999,32109.04880,249,616141,25271.63283,0
1753742700000,0.04106,0.04106,0.04101,0.04103,344181,1753742759999,14123.69015,136,86081,3532.43026,0
1753742760000,0.04101,0.04102,0.04098,0.04102,100132,1753742819999,4104.94792,77,43336,1776.34399,0
1753742820000,0.04103,0.04103,0.04098,0.04101,210552,1753742879999,8633.54762,83,67143,2753.21894,0
1753742880000,0.04103,0.04115,0.04103,0.04115,131810,1753742939999,5413.74727,69,66305,2724.85435,0
1753742940000,0.04116,0.04116,0.04111,0.04111,117704,1753742999999,4842.49143,69,75317,3098.52124,0
1753743000000,0.04112,0.04116,0.04110,0.0411,297843,1753743059999,12247.73635,98,46485,1912.20405,0
1753743060000,0.04110,0.04117,0.04110,0.04117,439992,1753743119999,18101.69657,143,95659,3935.44910,0
1753743120000,0.04116,0.04118,0.04115,0.04116,44031,1753743179999,1812.76582,50,26394,1086.77844,0
1753743180000,0.04115,0.04118,0.04113,0.04115,65639,1753743239999,2701.02716,50,51142,2104.56099,0
1753743240000,0.04113,0.04114,0.04110,0.0411,116320,1753743299999,4781.22302,56,41927,1723.36546,0
1753743300000,0.04112,0.04113,0.04108,0.04109,168664,1753743359999,6931.82875,80,56106,2305.64669,0
1753743360000,0.04110,0.04112,0.04109,0.04112,37141,1753743419999,1526.52409,50,27796,1142.43279,0
1753743420000,0.04111,0.04114,0.04108,0.04114,106987,1753743479999,4399.08184,33,17109,702.93777,0
1753743480000,0.04113,0.04113,0.04111,0.04112,68009,1753743539999,2796.14264,36,4782,196.66732,0
1753743540000,0.04111,0.04112,0.04110,0.04112,59480,1753743599999,2445.12962,31,3295,135.48499,0
1753743600000,0.04113,0.04114,0.04108,0.04111,400496,1753743659999,16465.66634,135,95435,3923.30483,0
1753743660000,0.04110,0.04112,0.04106,0.04107,226392,1753743719999,9297.52829,100,120057,4931.03588,0
1753743720000,0.04108,0.04111,0.04107,0.04109,143824,1753743779999,5908.21654,61,121951,5009.34760,0
1753743780000,0.04108,0.04111,0.04106,0.04111,497260,1753743839999,20425.96514,107,167560,6884.82094,0
1753743840000,0.04111,0.04114,0.04111,0.04114,221654,1753743899999,9116.64664,81,191720,7885.47420,0
1753743900000,0.04113,0.04121,0.04111,0.04121,742931,1753743959999,30573.72449,71,729268,30011.82232,0
1753743960000,0.04122,0.04129,0.04122,0.04126,233116,1753744019999,9617.27584,104,118048,4869.09114,0
1753744020000,0.04125,0.04125,0.04121,0.04121,180095,1753744079999,7424.28076,64,85632,3530.19070,0
1753744080000,0.04120,0.04120,0.04115,0.04117,118215,1753744139999,4867.24108,91,36597,1506.49496,0
1753744140000,0.04117,0.04117,0.04114,0.04114,38474,1753744199999,1583.33019,39,25290,1040.77868,0
1753744200000,0.04114,0.04116,0.04114,0.04114,97223,1753744259999,4001.03187,63,57855,2380.80670,0
1753744260000,0.04114,0.04114,0.04111,0.04112,126425,1753744319999,5199.54391,99,51166,2104.24856,0
1753744320000,0.04111,0.04113,0.04111,0.04112,78917,1753744379999,3245.38198,64,56594,2327.32844,0
1753744380000,0.04111,0.04111,0.04107,0.04108,212845,1753744439999,8746.37736,74,18695,768.16652,0
1753744440000,0.04108,0.04111,0.04108,0.04111,237950,1753744499999,9781.04225,59,141668,5823.80432,0
1753744500000,0.04111,0.04115,0.04111,0.04114,156960,1753744559999,6456.02472,114,112884,4642.95270,0
1753744560000,0.04114,0.04115,0.04110,0.04113,94786,1753744619999,3898.38700,64,50144,2062.67609,0
1753744620000,0.04113,0.04115,0.04110,0.0411,82933,1753744679999,3411.31944,59,39455,1623.19548,0
1753744680000,0.04110,0.04113,0.04107,0.04112,688278,1753744739999,28289.83557,80,617972,25400.94383,0
1753744740000,0.04113,0.04114,0.04112,0.04114,47299,1753744799999,1945.20426,41,36501,1501.07544,0
1753744800000,0.04114,0.04116,0.04112,0.04115,136083,1753744859999,5598.86706,46,60211,2476.57288,0
1753744860000,0.04115,0.04118,0.04114,0.04118,49676,1753744919999,2044.48773,36,25919,1066.89134,0
1753744920000,0.04119,0.04125,0.04119,0.04123,77637,1753744979999,3200.83676,50,30494,1257.12794,0
1753744980000,0.04122,0.04125,0.04118,0.04125,381217,1753745039999,15709.66468,115,225370,9288.55660,0
1753745040000,0.04126,0.04126,0.04121,0.04121,90700,1753745099999,3739.39754,35,18996,783.57041,0
1753745100000,0.04121,0.04121,0.04109,0.04109,159226,1753745159999,6547.44156,66,26104,1073.91856,0
1753745160000,0.04108,0.04110,0.04106,0.04107,406980,1753745219999,16714.50244,106,176874,7264.04585,0
1753745220000,0.04106,0.04112,0.04106,0.04112,29218,1753745279999,1200.78947,39,27864,1145.14441,0
1753745280000,0.04110,0.04111,0.04108,0.04111,28017,1753745339999,1151.27140,34,9651,396.61041,0
1753745340000,0.04110,0.04110,0.04106,0.04109,255324,1753745399999,10492.84671,72,252419,10373.47709,0
1753745400000,0.04108,0.04111,0.04105,0.04111,210795,1753745459999,8659.50097,84,110325,4532.77687,0
1753745460000,0.04109,0.04119,0.04109,0.04119,107713,1753745519999,4430.87314,59,93034,3826.99253,0
1753745520000,0.04120,0.04124,0.04119,0.04124,73071,1753745579999,3011.84801,65,33376,1375.56238,0
1753745580000,0.04123,0.04123,0.04119,0.04123,87341,1753745639999,3600.33980,62,28763,1185.53321,0
1753745640000,0.04124,0.04126,0.04122,0.04123,172356,1753745699999,7109.34858,59,126403,5214.06196,0
1753745700000,0.04122,0.04123,0.04116,0.04118,43823,1753745759999,1805.12074,61,14162,583.22917,0
1753745760000,0.04119,0.04126,0.04119,0.04124,93270,1753745819999,3846.18407,65,42129,1737.05218,0
1753745820000,0.04124,0.04124,0.04118,0.04118,36642,1753745879999,1509.88382,48,12464,513.38393,0
1753745880000,0.04119,0.04121,0.04118,0.04121,40517,1753745939999,1668.76716,40,23323,960.63569,0
1753745940000,0.04119,0.04123,0.04118,0.04122,102678,1753745999999,4231.41674,54,90495,3729.29606,0
1753746000000,0.04123,0.04124,0.04119,0.0412,76033,1753746059999,3133.56998,67,8514,350.83854,0
1753746060000,0.04120,0.04123,0.04120,0.04121,42169,1753746119999,1737.71234,61,14098,580.95702,0
1753746120000,0.04119,0.04119,0.04115,0.04115,90423,1753746179999,3722.66652,65,59825,2462.76704,0
1753746180000,0.04114,0.04115,0.04112,0.04113,60695,1753746239999,2496.25862,40,30380,1249.39005,0
1753746240000,0.04112,0.04113,0.04110,0.0411,48830,1753746299999,2007.42504,30,16695,686.36363,0
1753746300000,0.04110,0.04115,0.04107,0.04114,146896,1753746359999,6036.09841,66,33885,1392.89704,0
1753746360000,0.04114,0.04114,0.04109,0.04112,139795,1753746419999,5747.64151,63,122595,5040.62100,0
1753746420000,0.04112,0.04117,0.04112,0.04117,84545,1753746479999,3478.27905,49,63915,2629.66448,0
1753746480000,0.04118,0.04122,0.04118,0.04122,162447,1753746539999,6691.84901,62,58010,2390.02207,0
1753746540000,0.04123,0.04123,0.04121,0.04122,136631,1753746599999,5632.38989,51,7041,290.24542,0
1753746600000,0.04122,0.04123,0.04121,0.04122,64455,1753746659999,2657.34704,29,41088,1694.00855,0
1753746660000,0.04123,0.04124,0.04112,0.04112,191934,1753746719999,7901.95985,64,48566,1999.01249,0
1753746720000,0.04113,0.04114,0.04107,0.04107,67259,1753746779999,2764.22701,49,53262,2188.97738,0
1753746780000,0.04107,0.04108,0.04100,0.041,1783307,1753746839999,73148.51706,216,185099,7593.97073,0
1753746840000,0.04100,0.04105,0.04100,0.04105,818678,1753746899999,33575.24821,125,334411,13718.79926,0
1753746900000,0.04104,0.04110,0.04104,0.04109,485133,1753746959999,19926.94041,100,434903,17862.58774,0
1753746960000,0.04109,0.04110,0.04108,0.04108,103301,1753747019999,4245.15812,49,69067,2838.22581,0
1753747020000,0.04108,0.04113,0.04107,0.04113,80078,1753747079999,3291.37893,46,71904,2955.47096,0
1753747080000,0.04113,0.04119,0.04113,0.04119,182254,1753747139999,7499.84951,47,126559,5208.48693,0
1753747140000,0.04120,0.04128,0.04120,0.04128,156268,1753747199999,6443.78567,43,151638,6252.80682,0
1753747200000,0.04127,0.04128,0.04110,0.04112,1090893,1753747259999,44912.01743,247,307354,12641.92943,0
1753747260000,0.04112,0.04114,0.04105,0.04106,278023,1753747319999,11427.21442,107,155976,6410.20975,0
1753747320000,0.04107,0.04110,0.04107,0.0411,181468,1753747379999,7456.72153,113,156679,6438.22142,0
1753747380000,0.04111,0.04116,0.04111,0.04116,69958,1753747439999,2878.19810,36,44747,1841.04461,0
1753747440000,0.04116,0.04116,0.04107,0.04109,306845,1753747499999,12612.94424,87,171526,7050.79789,0
1753747500000,0.04109,0.04112,0.04103,0.04105,661790,1753747559999,27167.40874,165,223961,9195.77950,0
1753747560000,0.04105,0.04110,0.04104,0.0411,141305,1753747619999,5802.48247,90,129429,5314.85461,0
1753747620000,0.04112,0.04118,0.04112,0.04118,140135,1753747679999,5767.60409,63,91176,3752.84276,0
1753747680000,0.04119,0.04123,0.04116,0.04123,378843,1753747739999,15613.87189,108,324094,13357.33267,0
1753747740000,0.04124,0.04128,0.04119,0.04119,321818,1753747799999,13275.45193,79,142361,5875.50278,0
1753747800000,0.04119,0.04124,0.04117,0.04124,165105,1753747859999,6799.80992,87,63126,2600.47372,0
1753747860000,0.04126,0.04131,0.04125,0.04129,232923,1753747919999,9615.35054,78,183512,7575.95878,0
1753747920000,0.04128,0.04129,0.04126,0.04128,154911,1753747979999,6394.45535,41,32485,1341.12680,0
1753747980000,0.04127,0.04127,0.04122,0.04126,439363,1753748039999,18123.84311,132,349516,14417.24202,0
1753748040000,0.04127,0.04131,0.04126,0.0413,176958,1753748099999,7305.42684,73,102692,4240.39127,0
1753748100000,0.04130,0.04131,0.04127,0.0413,74433,1753748159999,3073.64103,62,43747,1806.81514,0
1753748160000,0.04131,0.04146,0.04130,0.04143,1518276,1753748219999,62851.86987,303,981600,40636.57484,0
1753748220000,0.04144,0.04145,0.04140,0.04141,289503,1753748279999,11989.68447,93,76536,3170.49141,0
1753748280000,0.04140,0.04141,0.04136,0.04136,165593,1753748339999,6852.28820,58,28603,1183.69211,0
1753748340000,0.04136,0.04137,0.04130,0.0413,117564,1753748399999,4860.67016,58,28204,1166.35510,0
1753748400000,0.04130,0.04137,0.04130,0.04131,106417,1753748459999,4396.93410,54,52318,2161.24850,0
1753748460000,0.04131,0.04135,0.04130,0.04135,25024,1753748519999,1034.15236,45,21773,899.74579,0
1753748520000,0.04133,0.04136,0.04131,0.04136,102092,1753748579999,4218.63530,54,76290,3152.44707,0
1753748580000,0.04136,0.04139,0.04136,0.04137,61254,1753748639999,2534.66143,48,43775,1811.45299,0
1753748640000,0.04138,0.04138,0.04132,0.04134,61793,1753748699999,2554.83302,41,27715,1145.78583,0
1753748700000,0.04134,0.04137,0.04132,0.04136,74317,1753748759999,3072.73727,61,53640,2217.70088,0
1753748760000,0.04137,0.04139,0.04135,0.04137,37005,1753748819999,1531.11379,56,21587,893.20538,0
1753748820000,0.04138,0.04141,0.04137,0.04137,56019,1753748879999,2317.84067,43,10885,450.49004,0
1753748880000,0.04138,0.04143,0.04137,0.04138,54462,1753748939999,2255.01812,32,27673,1146.02485,0
1753748940000,0.04138,0.04138,0.04129,0.04129,224245,1753748999999,9265.95805,75,68352,2824.16115,0
1753749000000,0.04130,0.04134,0.04128,0.04129,78190,1753749059999,3229.85654,55,63061,2604.98836,0
1753749060000,0.04129,0.04135,0.04129,0.04135,54213,1753749119999,2240.89872,39,37444,1547.71955,0
1753749120000,0.04137,0.04140,0.04135,0.04138,358812,1753749179999,14849.61364,110,280808,11621.90655,0
1753749180000,0.04138,0.04138,0.04121,0.04121,203527,1753749239999,8393.07458,109,18554,764.85454,0
1753749240000,0.04121,0.04121,0.04100,0.041,1446152,1753749299999,59417.36653,386,422430,17344.91744,0
1753749300000,0.04101,0.04104,0.04084,0.04095,11736158,1753749359999,480944.56907,704,1689540,69236.50122,0
1753749360000,0.04095,0.04095,0.04090,0.04091,828890,1753749419999,33920.33309,188,333949,13666.17590,0
1753749420000,0.04089,0.04089,0.04077,0.04085,1266417,1753749479999,51689.37609,316,332854,13588.98701,0
1753749480000,0.04086,0.04093,0.04084,0.04085,512060,1753749539999,20938.64994,155,254586,10409.30131,0
1753749540000,0.04085,0.04088,0.04082,0.04087,334434,1753749599999,13662.48557,152,147922,6043.88487,0
1753749600000,0.04087,0.04088,0.04069,0.0407,1234363,1753749659999,50356.82093,322,482644,19692.08751,0
1753749660000,0.04071,0.04072,0.04063,0.04066,1906260,1753749719999,77535.68399,453,610963,24853.94042,0
1753749720000,0.04066,0.04066,0.04049,0.04059,2314921,1753749779999,93904.08868,522,949045,38502.74289,0
1753749780000,0.04058,0.04072,0.04058,0.04072,292978,1753749839999,11910.79609,254,174445,7093.31699,0
1753749840000,0.04072,0.04074,0.04060,0.04065,1406591,1753749899999,57196.36268,397,635952,25854.42553,0
1753749900000,0.04065,0.04080,0.04061,0.0408,506803,1753749959999,20612.85756,187,281681,11462.71350,0
1753749960000,0.04080,0.04093,0.04078,0.04092,656427,1753750019999,26821.37513,213,555426,22696.33854,0
1753750020000,0.04091,0.04096,0.04087,0.04093,629809,1753750079999,25766.70923,169,299216,12245.11653,0
1753750080000,0.04092,0.04095,0.04091,0.04091,128352,1753750139999,5253.79586,83,83750,3428.11811,0
1753750140000,0.04091,0.04095,0.04091,0.04094,115802,1753750199999,4740.87250,81,80974,3315.07807,0
1753750200000,0.04095,0.04098,0.04093,0.04098,90535,1753750259999,3707.03177,80,77323,3166.08775,0
1753750260000,0.04099,0.04099,0.04091,0.04095,231884,1753750319999,9493.10744,84,208281,8526.72891,0
1753750320000,0.04096,0.04100,0.04095,0.041,159539,1753750379999,6537.17532,73,77615,3180.42544,0
1753750380000,0.04100,0.04103,0.04099,0.04102,127839,1753750439999,5242.62820,84,49737,2039.53256,0
1753750440000,0.04102,0.04105,0.04099,0.041,149350,1753750499999,6127.19611,74,91662,3760.88849,0
1753750500000,0.04101,0.04104,0.04100,0.04102,220503,1753750559999,9044.22304,84,44749,1835.94772,0
1753750560000,0.04100,0.04106,0.04098,0.04106,83797,1753750619999,3435.79756,69,51979,2131.74708,0
1753750620000,0.04107,0.04107,0.04103,0.04104,77450,1753750679999,3179.56074,55,47975,1969.95767,0
1753750680000,0.04104,0.04105,0.04101,0.04104,174172,1753750739999,7146.63323,69,154127,6324.13377,0
1753750740000,0.04103,0.04106,0.04103,0.04106,40753,1753750799999,1672.75828,50,22167,909.84171,0
1753750800000,0.04106,0.04109,0.04104,0.04107,418747,1753750859999,17191.21648,121,117775,4836.03725,0
1753750860000,0.04107,0.04108,0.04102,0.04103,122151,1753750919999,5015.24013,82,81872,3361.88889,0
1753750920000,0.04102,0.04103,0.04090,0.0409,80058,1753750979999,3278.04742,74,31018,1270.67030,0
1753750980000,0.04091,0.04094,0.04090,0.04092,204478,1753751039999,8366.52296,119,162171,6635.28126,0
1753751040000,0.04093,0.04103,0.04091,0.04102,175892,1753751099999,7201.86639,99,116809,4783.38898,0
1753751100000,0.04102,0.04107,0.04097,0.04097,657388,1753751159999,26988.43772,162,550314,22593.07863,0
1753751160000,0.04097,0.04101,0.04093,0.04094,156551,1753751219999,6413.01172,98,122869,5033.15495,0
1753751220000,0.04094,0.04104,0.04094,0.04104,284859,1753751279999,11682.69679,116,244913,10044.32849,0
1753751280000,0.04104,0.04113,0.04102,0.04112,325379,1753751339999,13363.58878,163,301496,12383.34962,0
1753751340000,0.04112,0.04114,0.04110,0.04112,382102,1753751399999,15714.57024,112,306607,12610.29917,0
1753751400000,0.04112,0.04113,0.04107,0.04109,118421,1753751459999,4867.13439,69,51811,2129.65706,0
1753751460000,0.04109,0.04109,0.04104,0.04107,141434,1753751519999,5807.57793,96,60419,2480.71618,0
1753751520000,0.04107,0.04119,0.04107,0.04116,1813580,1753751579999,74642.39000,255,1630341,67105.70651,0
1753751580000,0.04115,0.04117,0.04114,0.04114,269228,1753751639999,11080.18849,79,90515,3725.44491,0
1753751640000,0.04112,0.04115,0.04112,0.04112,109879,1753751699999,4519.90909,54,30062,1236.63664,0
1753751700000,0.04113,0.04113,0.04109,0.0411,159996,1753751759999,6579.51649,69,68510,2817.72734,0
1753751760000,0.04110,0.04116,0.04110,0.04115,77808,1753751819999,3199.79895,65,52588,2162.49327,0
1753751820000,0.04115,0.04116,0.04113,0.04116,241904,1753751879999,9953.71561,78,14568,599.49154,0
1753751880000,0.04115,0.04120,0.04115,0.04119,51336,1753751939999,2114.26791,44,50272,2070.44691,0
1753751940000,0.04117,0.04117,0.04114,0.04116,52741,1753751999999,2170.79877,45,35086,1444.09369,0
1753752000000,0.04116,0.04122,0.04116,0.0412,69663,1753752059999,2870.11952,48,52510,2163.27567,0
1753752060000,0.04121,0.04121,0.04115,0.04115,151124,1753752119999,6222.51598,88,14293,588.81173,0
1753752120000,0.04115,0.04122,0.04115,0.04121,176614,1753752179999,7273.87042,57,118486,4878.78251,0
1753752180000,0.04121,0.04125,0.04121,0.04124,92390,1753752239999,3809.27073,44,49331,2033.73499,0
1753752240000,0.04125,0.04126,0.04124,0.04124,90644,1753752299999,3738.69529,40,30330,1251.11972,0
1753752300000,0.04123,0.04123,0.04120,0.04121,56198,1753752359999,2315.81153,45,24811,1022.40792,0
1753752360000,0.04123,0.04127,0.04123,0.04127,245378,1753752419999,10121.50939,71,94979,3918.35979,0
1753752420000,0.04128,0.04129,0.04126,0.04126,110411,1753752479999,4558.21776,41,56992,2353.04876,0
1753752480000,0.04126,0.04127,0.04125,0.04125,182188,1753752539999,7516.41377,53,23502,969.67786,0
1753752540000,0.04126,0.04128,0.04126,0.04126,178020,1753752599999,7346.09161,60,62761,2589.86416,0
1753752600000,0.04127,0.04128,0.04125,0.04125,296666,1753752659999,12240.19181,94,67400,2780.84939,0
1753752660000,0.04124,0.04126,0.04124,0.04126,137530,1753752719999,5671.91195,40,83138,3428.78587,0
1753752720000,0.04127,0.04128,0.04125,0.04126,68339,1753752779999,2820.15599,69,36741,1516.29578,0
1753752780000,0.04125,0.04130,0.04125,0.04128,30378,1753752839999,1254.29835,40,5451,225.01274,0
1753752840000,0.04128,0.04128,0.04124,0.04124,161214,1753752899999,6649.53420,56,61214,2524.80612,0
1753752900000,0.04125,0.04127,0.04123,0.04123,81873,1753752959999,3377.39271,42,20363,840.06984,0
1753752960000,0.04123,0.04126,0.04119,0.04125,86934,1753753019999,3583.66690,64,52408,2160.14138,0
1753753020000,0.04125,0.04127,0.04124,0.04127,28751,1753753079999,1186.24301,41,25396,1047.81861,0
1753753080000,0.04127,0.04127,0.04122,0.04122,54618,1753753139999,2252.59575,28,3934,162.30899,0
1753753140000,0.04122,0.04124,0.04119,0.0412,127946,1753753199999,5271.12553,58,30146,1242.31060,0
1753753200000,0.04119,0.04124,0.04119,0.04121,137608,1753753259999,5671.04003,60,59838,2465.72020,0
1753753260000,0.04122,0.04123,0.04121,0.04122,28631,1753753319999,1180.18900,33,25667,1058.01422,0
1753753320000,0.04122,0.04123,0.04121,0.04121,84751,1753753379999,3493.70057,45,7124,293.71701,0
1753753380000,0.04120,0.04124,0.04120,0.04123,43999,1753753439999,1813.83878,60,35306,1455.37914,0
1753753440000,0.04122,0.04122,0.04121,0.04121,28330,1753753499999,1167.67514,48,8546,352.26612,0
1753753500000,0.04120,0.04120,0.04110,0.0411,247659,1753753559999,10189.11946,110,6694,275.75080,0
1753753560000,0.04110,0.04112,0.04108,0.04108,92959,1753753619999,3820.80754,62,80570,3311.64889,0
1753753620000,0.04108,0.04108,0.04099,0.04101,306628,1753753679999,12580.17521,82,125445,5149.77426,0
1753753680000,0.04101,0.04107,0.04098,0.04098,47881,1753753739999,1964.52394,38,46979,1927.50508,0
1753753740000,0.04097,0.04099,0.04096,0.04097,68042,1753753799999,2787.46776,46,27949,1145.20968,0
1753753800000,0.04099,0.04102,0.04096,0.04102,159473,1753753859999,6534.04929,79,30784,1262.02358,0
1753753860000,0.04100,0.04100,0.04096,0.04096,92682,1753753919999,3797.36680,61,51922,2127.36261,0
1753753920000,0.04096,0.04097,0.04094,0.04096,56568,1753753979999,2316.73495,82,13675,560.08324,0
1753753980000,0.04095,0.04095,0.04080,0.04087,2057252,1753754039999,84045.10019,352,282823,11560.85422,0
1753754040000,0.04088,0.04090,0.04087,0.04088,68433,1753754099999,2797.76870,53,63453,2594.18119,0
1753754100000,0.04088,0.04093,0.04087,0.04092,169294,1753754159999,6924.02566,85,150757,6165.92432,0
1753754160000,0.04092,0.04092,0.04090,0.0409,137584,1753754219999,5629.27105,92,88045,3602.65404,0
1753754220000,0.04089,0.04094,0.04089,0.04092,106433,1753754279999,4355.29112,53,96207,3936.78215,0
1753754280000,0.04091,0.04091,0.04085,0.04085,133851,1753754339999,5471.83969,75,94900,3880.01108,0
1753754340000,0.04086,0.04086,0.04084,0.04085,63226,1753754399999,2582.72559,70,42301,1728.01394,0
1753754400000,0.04085,0.04086,0.04081,0.04082,183407,1753754459999,7489.20657,172,86876,3547.91605,0
1753754460000,0.04081,0.04086,0.04079,0.04086,332825,1753754519999,13591.92304,126,290466,11863.49105,0
1753754520000,0.04086,0.04090,0.04084,0.04088,178878,1753754579999,7311.58957,102,104835,4284.59570,0
1753754580000,0.04088,0.04088,0.04084,0.04084,206516,1753754639999,8437.64150,83,74233,3033.98944,0
1753754640000,0.04084,0.04084,0.04079,0.04082,242234,1753754699999,9885.40811,98,96392,3933.58157,0
1753754700000,0.04083,0.04094,0.04083,0.04094,390316,1753754759999,15955.62799,165,317964,12997.47658,0
1753754760000,0.04093,0.04094,0.04089,0.04093,439327,1753754819999,17973.89499,93,66757,2731.79552,0
1753754820000,0.04092,0.04093,0.04088,0.04093,79320,1753754879999,3244.58166,55,71109,2908.72400,0
1753754880000,0.04093,0.04097,0.04091,0.04091,56328,1753754939999,2306.64656,63,40561,1660.98813,0
1753754940000,0.04091,0.04093,0.04089,0.04092,57252,1753754999999,2341.92562,56,45077,1843.86232,0
1753755000000,0.04092,0.04096,0.04092,0.04092,66784,1753755059999,2733.95922,80,21772,891.10627,0
1753755060000,0.04093,0.04093,0.04087,0.04087,133284,1753755119999,5450.46704,124,30908,1264.09701,0
1753755120000,0.04087,0.04095,0.04087,0.04094,109551,1753755179999,4483.97219,114,70974,2904.96816,0
1753755180000,0.04093,0.04096,0.04092,0.04095,71566,1753755239999,2929.60646,83,34188,1399.56948,0
1753755240000,0.04096,0.04098,0.04096,0.04097,306908,1753755299999,12572.43868,67,51938,2127.85565,0
1753755300000,0.04096,0.04097,0.04091,0.04091,199206,1753755359999,8160.20599,85,162531,6657.99642,0
1753755360000,0.04089,0.04091,0.04078,0.0408,122866,1753755419999,5016.72540,76,73941,3018.94291,0
1753755420000,0.04080,0.04083,0.04075,0.04075,204114,1753755479999,8328.34158,91,119316,4869.32887,0
1753755480000,0.04074,0.04074,0.04056,0.04059,568871,1753755539999,23099.10409,240,224751,9123.99662,0
1753755540000,0.04060,0.04066,0.04059,0.04064,344591,1753755599999,13997.95637,165,98444,4001.44662,0
1753755600000,0.04064,0.04077,0.04064,0.04076,512829,1753755659999,20866.74077,195,407907,16597.64316,0
1753755660000,0.04076,0.04080,0.04071,0.0408,423400,1753755719999,17248.94568,190,85798,3495.99258,0
1753755720000,0.04081,0.04083,0.04076,0.04076,161347,1753755779999,6582.65817,105,82735,3376.19841,0
1753755780000,0.04074,0.04079,0.04072,0.04072,114280,1753755839999,4657.88897,66,73904,3012.30067,0
1753755840000,0.04071,0.04082,0.04069,0.04082,115532,1753755899999,4706.97003,87,75754,3085.14187,0
1753755900000,0.04083,0.04084,0.04078,0.04084,326372,1753755959999,13319.14195,103,83566,3410.18031,0
1753755960000,0.04084,0.04086,0.04082,0.04082,125053,1753756019999,5107.78421,57,97702,3990.99454,0
1753756020000,0.04083,0.04090,0.04082,0.0409,123389,1753756079999,5043.74102,85,62596,2559.46272,0
1753756080000,0.04092,0.04092,0.04087,0.04092,53520,1753756139999,2188.57432,45,44601,1823.87846,0
1753756140000,0.04093,0.04093,0.04088,0.0409,294546,1753756199999,12045.94662,89,71189,2913.00689,0
1753756200000,0.04092,0.04092,0.04084,0.04087,384335,1753756259999,15712.21622,179,192105,7855.47843,0
1753756260000,0.04086,0.04092,0.04086,0.04092,252915,1753756319999,10339.83655,122,162425,6640.50602,0
1753756320000,0.04093,0.04094,0.04092,0.04093,39064,1753756379999,1599.02032,46,21215,868.47534,0
1753756380000,0.04094,0.04099,0.04093,0.04095,74430,1753756439999,3047.67142,44,27885,1142.03510,0
1753756440000,0.04095,0.04102,0.04095,0.04099,425882,1753756499999,17463.67786,75,63913,2619.59301,0
1753756500000,0.04098,0.04098,0.04090,0.0409,79181,1753756559999,3242.43820,50,67802,2776.45881,0
1753756560000,0.04091,0.04092,0.04084,0.04085,58850,1753756619999,2405.85119,55,43878,1794.20439,0
1753756620000,0.04085,0.04093,0.04085,0.0409,125296,1753756679999,5122.25521,71,101023,4129.20520,0
1753756680000,0.04089,0.04089,0.04077,0.04078,106226,1753756739999,4336.70396,81,30904,1261.46586,0
1753756740000,0.04078,0.04082,0.04078,0.0408,140975,1753756799999,5752.72065,92,74308,3032.19187,0
1753756800000,0.04080,0.04081,0.04073,0.04073,105651,1753756859999,4308.91811,96,43607,1778.33746,0
1753756860000,0.04075,0.04078,0.04072,0.04075,108931,1753756919999,4438.42410,76,59512,2424.82213,0
1753756920000,0.04074,0.04077,0.04073,0.04077,78963,1753756979999,3217.51400,61,55696,2269.41686,0
1753756980000,0.04076,0.04086,0.04075,0.04086,93091,1753757039999,3797.85036,86,64710,2640.51383,0
1753757040000,0.04086,0.04088,0.04083,0.04088,292374,1753757099999,11943.59895,60,123149,5030.79453,0
1753757100000,0.04089,0.04096,0.04087,0.04096,847105,1753757159999,34675.10471,143,620112,25382.44093,0
1753757160000,0.04097,0.04097,0.04090,0.0409,245110,1753757219999,10031.24284,95,93519,3826.30238,0
1753757220000,0.04091,0.04093,0.04091,0.04093,176404,1753757279999,7219.27832,53,90820,3716.92152,0
1753757280000,0.04092,0.04092,0.04080,0.04084,230401,1753757339999,9412.29016,119,78576,3211.00145,0
1753757340000,0.04085,0.04091,0.04085,0.0409,40473,1753757399999,1655.05762,62,18235,745.73729,0
1753757400000,0.04092,0.04093,0.04077,0.04078,159983,1753757459999,6529.18753,78,44323,1809.39839,0
1753757460000,0.04079,0.04081,0.04066,0.04072,383077,1753757519999,15590.87430,170,121361,4939.89052,0
1753757520000,0.04073,0.04078,0.04073,0.04075,86832,1753757579999,3539.01835,89,43040,1754.18801,0
1753757580000,0.04074,0.04078,0.04074,0.04078,84229,1753757639999,3433.09238,62,59157,2411.29889,0
1753757640000,0.04078,0.04078,0.04072,0.04076,411508,1753757699999,16767.59211,126,176658,7199.54562,0
1753757700000,0.04076,0.04084,0.04076,0.04077,58361,1753757759999,2381.24392,72,37517,1530.92890,0
1753757760000,0.04077,0.04077,0.04068,0.04075,144113,1753757819999,5868.70538,98,48121,1959.89002,0
1753757820000,0.04073,0.04077,0.04067,0.04077,423097,1753757879999,17226.06695,118,251269,10233.76666,0
1753757880000,0.04077,0.04084,0.04075,0.04082,697923,1753757939999,28484.80898,183,329286,13442.64225,0
1753757940000,0.04082,0.04082,0.04078,0.04078,96362,1753757999999,3930.85930,45,56301,2296.63489,0
1753758000000,0.04077,0.04085,0.04077,0.04085,435004,1753758059999,17751.48100,155,52421,2138.50459,0
1753758060000,0.04085,0.04093,0.04084,0.04093,78782,1753758119999,3220.15359,65,38830,1587.45601,0
1753758120000,0.04093,0.04093,0.04083,0.04083,485993,1753758179999,19864.21281,122,73955,3022.92092,0
1753758180000,0.04083,0.04092,0.04083,0.04087,97400,1753758239999,3981.11204,61,89849,3672.31780,0
1753758240000,0.04086,0.04086,0.04080,0.04085,122113,1753758299999,4985.46260,75,56609,2311.74266,0
1753758300000,0.04086,0.04093,0.04086,0.0409,262190,1753758359999,10723.72323,81,85788,3507.82212,0
1753758360000,0.04090,0.04107,0.04089,0.04106,252196,1753758419999,10343.42042,138,206636,8474.02542,0
1753758420000,0.04105,0.04112,0.04105,0.04112,316611,1753758479999,13007.82730,90,145981,6000.65442,0
1753758480000,0.04113,0.04116,0.04112,0.04116,97959,1753758539999,4030.59232,63,75038,3087.63173,0
1753758540000,0.04117,0.04118,0.04112,0.04116,93288,1753758599999,3839.31227,67,44074,1814.18026,0
1753758600000,0.04116,0.04125,0.04116,0.04122,234097,1753758659999,9651.46913,95,177657,7324.08095,0
1753758660000,0.04122,0.04125,0.04119,0.04121,217671,1753758719999,8971.30062,60,105417,4343.51735,0
1753758720000,0.04120,0.04122,0.04118,0.04122,42542,1753758779999,1752.48229,35,18046,743.54285,0
1753758780000,0.04120,0.04122,0.04118,0.0412,32684,1753758839999,1346.30754,29,14147,582.80800,0
1753758840000,0.04119,0.04122,0.04118,0.04122,75024,1753758899999,3091.04406,32,63945,2634.57938,0
1753758900000,0.04121,0.04122,0.04114,0.04114,133008,1753758959999,5478.55275,44,85520,3522.56818,0
1753758960000,0.04114,0.04115,0.04110,0.04114,114227,1753759019999,4697.66756,55,67601,2780.20128,0
1753759020000,0.04114,0.04118,0.04113,0.04113,82564,1753759079999,3398.51481,32,26310,1082.80364,0
1753759080000,0.04111,0.04112,0.04105,0.04105,179354,1753759139999,7369.82366,76,46581,1914.37253,0
1753759140000,0.04104,0.04107,0.04103,0.04106,134079,1753759199999,5503.74237,53,67977,2790.87660,0
1753759200000,0.04107,0.04111,0.04107,0.04109,186713,1753759259999,7669.74344,64,161441,6631.57051,0
1753759260000,0.04109,0.04113,0.04107,0.04111,101062,1753759319999,4151.97786,51,61045,2507.79948,0
1753759320000,0.04111,0.04111,0.04104,0.04107,404976,1753759379999,16635.34623,132,30124,1236.96929,0
1753759380000,0.04107,0.04111,0.04107,0.04107,29438,1753759439999,1209.41119,25,3215,132.06085,0
1753759440000,0.04106,0.04107,0.04104,0.04105,81611,1753759499999,3350.78929,49,36965,1517.78379,0
1753759500000,0.04105,0.04108,0.04104,0.04104,170340,1753759559999,6993.94567,54,90047,3698.17338,0
1753759560000,0.04105,0.04110,0.04105,0.0411,31160,1753759619999,1279.88743,34,21309,875.21374,0
1753759620000,0.04109,0.04109,0.04101,0.04104,132015,1753759679999,5416.85776,55,31451,1290.35406,0
1753759680000,0.04105,0.04108,0.04104,0.04104,26548,1753759739999,1090.05095,24,14111,579.34115,0
1753759740000,0.04104,0.04105,0.04103,0.04104,8044,1753759799999,330.13672,16,6022,247.15531,0
1753759800000,0.04105,0.04108,0.04101,0.04108,100218,1753759859999,4112.62828,55,58007,2380.30970,0
1753759860000,0.04109,0.04120,0.04109,0.0412,1512972,1753759919999,62272.48265,219,1420900,58483.08654,0
1753759920000,0.04120,0.04120,0.04107,0.04109,238546,1753759979999,9813.32956,85,47957,1970.95712,0
1753759980000,0.04109,0.04115,0.04107,0.04112,400188,1753760039999,16456.03519,99,336636,13843.04936,0
1753760040000,0.04112,0.04113,0.04108,0.04108,171772,1753760099999,7061.66220,45,25168,1034.94004,0
1753760100000,0.04109,0.04111,0.04105,0.04105,251971,1753760159999,10350.41776,54,189706,7792.70094,0
1753760160000,0.04105,0.04108,0.04103,0.04105,111507,1753760219999,4577.48307,40,42870,1759.68677,0
1753760220000,0.04105,0.04107,0.04102,0.04107,68253,1753760279999,2801.26098,38,28304,1161.81959,0
1753760280000,0.04109,0.04118,0.04109,0.04114,143240,1753760339999,5895.64004,41,60184,2477.11410,0
1753760340000,0.04114,0.04117,0.04112,0.04116,89315,1753760399999,3674.42606,37,7254,298.49424,0
1753760400000,0.04116,0.04127,0.04116,0.04127,152379,1753760459999,6282.25608,55,135986,5606.26226,0
1753760460000,0.04127,0.04129,0.04125,0.04128,106480,1753760519999,4394.56100,41,67253,2775.42069,0
1753760520000,0.04128,0.04131,0.04128,0.0413,79053,1753760579999,3264.67090,31,61479,2538.86870,0
1753760580000,0.04130,0.04140,0.04130,0.04134,1215463,1753760639999,50289.51574,185,1137297,47056.71485,0
1753760640000,0.04133,0.04134,0.04130,0.04134,243368,1753760699999,10055.88249,53,202502,8367.33971,0
1753760700000,0.04135,0.04138,0.04134,0.04138,120525,1753760759999,4984.27037,47,81785,3382.56793,0
1753760760000,0.04140,0.04140,0.04133,0.04139,361427,1753760819999,14952.97637,103,108731,4498.91562,0
1753760820000,0.04138,0.04142,0.04137,0.04142,76936,1753760879999,3185.07796,47,50877,2106.49558,0
1753760880000,0.04142,0.04142,0.04138,0.04138,114026,1753760939999,4720.23509,45,60256,2494.54874,0
1753760940000,0.04138,0.04139,0.04131,0.04131,170207,1753760999999,7040.72882,45,68114,2818.47386,0
1753761000000,0.04130,0.04131,0.04128,0.04128,161182,1753761059999,6656.89420,39,43588,1800.15672,0
1753761060000,0.04127,0.04131,0.04126,0.04131,70862,1753761119999,2924.93308,48,61310,2530.75400,0
1753761120000,0.04132,0.04134,0.04125,0.04125,122320,1753761179999,5049.14548,48,38477,1588.48280,0
1753761180000,0.04125,0.04131,0.04124,0.04131,77959,1753761239999,3216.74835,36,33087,1365.09534,0
1753761240000,0.04131,0.04132,0.04128,0.04128,30380,1753761299999,1255.07898,25,18064,746.32324,0
1753761300000,0.04129,0.04133,0.04129,0.0413,64608,1753761359999,2669.18874,47,47982,1982.42467,0
1753761360000,0.04131,0.04139,0.04131,0.04138,35438,1753761419999,1465.11782,36,29193,1206.81781,0
1753761420000,0.04137,0.04145,0.04135,0.04144,213181,1753761479999,8827.85269,94,197209,8167.08537,0
1753761480000,0.04145,0.04146,0.04143,0.04143,97057,1753761539999,4023.37552,42,56080,2324.75415,0
1753761540000,0.04142,0.04142,0.04135,0.04136,108909,1753761599999,4506.85564,47,24954,1032.59140,0
1753761600000,0.04136,0.04137,0.04132,0.04134,135619,1753761659999,5607.58533,98,96370,3984.85755,0
1753761660000,0.04133,0.04136,0.04133,0.04133,114714,1753761719999,4742.26979,58,38576,1595.12909,0
1753761720000,0.04134,0.04134,0.04129,0.04133,206882,1753761779999,8547.84968,50,22332,922.70093,0
1753761780000,0.04133,0.04142,0.04133,0.04139,159635,1753761839999,6607.90761,84,139617,5779.65877,0
1753761840000,0.04138,0.04141,0.04135,0.04141,95570,1753761899999,3953.94486,34,31514,1304.78814,0
1753761900000,0.04141,0.04145,0.04140,0.04143,133751,1753761959999,5540.98298,65,63719,2639.62808,0
1753761960000,0.04144,0.04145,0.04141,0.04141,94395,1753762019999,3911.02384,64,60935,2524.50913,0
1753762020000,0.04142,0.04143,0.04139,0.04142,292936,1753762079999,12132.74326,64,82777,3428.08816,0
1753762080000,0.04141,0.04144,0.04140,0.04144,239938,1753762139999,9940.04664,43,41130,1704.00472,0
1753762140000,0.04143,0.04144,0.04140,0.04144,99809,1753762199999,4133.56070,48,47900,1983.77514,0
1753762200000,0.04143,0.04143,0.04141,0.04142,18271,1753762259999,756.78118,30,8743,362.11488,0
1753762260000,0.04142,0.04144,0.04142,0.04144,177320,1753762319999,7346.49470,60,31916,1322.56474,0
1753762320000,0.04144,0.04146,0.04142,0.04146,252201,1753762379999,10449.76777,58,179261,7428.37403,0
1753762380000,0.04145,0.04146,0.04144,0.04144,105905,1753762439999,4390.43076,43,61123,2534.15958,0
1753762440000,0.04144,0.04145,0.04142,0.04145,123626,1753762499999,5122.94672,38,65888,2730.84434,0
1753762500000,0.04144,0.04144,0.04136,0.04138,253591,1753762559999,10498.70032,95,92838,3842.29731,0
1753762560000,0.04137,0.04137,0.04131,0.04131,574047,1753762619999,23729.27759,72,70130,2899.41643,0
1753762620000,0.04131,0.04135,0.04130,0.04133,217122,1753762679999,8971.08766,82,114601,4736.19888,0
1753762680000,0.04133,0.04136,0.04133,0.04136,142286,1753762739999,5882.64018,44,104869,4335.55167,0
1753762740000,0.04135,0.04137,0.04134,0.04136,16636,1753762799999,687.94585,25,6345,262.45414,0
1753762800000,0.04136,0.04140,0.04136,0.0414,138410,1753762859999,5728.14756,65,72076,2982.94866,0
1753762860000,0.04140,0.04140,0.04137,0.04137,97782,1753762919999,4046.08227,47,42318,1750.78418,0
1753762920000,0.04136,0.04137,0.04134,0.04137,67265,1753762979999,2781.50450,44,34136,1411.70318,0
1753762980000,0.04136,0.04139,0.04136,0.04138,31291,1753763039999,1294.46700,36,9546,394.92401,0
1753763040000,0.04137,0.04138,0.04135,0.04135,31258,1753763099999,1293.00207,28,6474,267.83777,0
1753763100000,0.04137,0.04139,0.04136,0.04137,40620,1753763159999,1680.76113,31,26539,1098.12057,0
1753763160000,0.04138,0.04139,0.04136,0.04138,21622,1753763219999,894.56544,28,12837,531.11925,0
1753763220000,0.04138,0.04138,0.04136,0.04136,30737,1753763279999,1271.58508,31,14895,616.23996,0
1753763280000,0.04135,0.04136,0.04133,0.04133,39585,1753763339999,1636.87976,28,8190,338.60969,0
1753763340000,0.04133,0.04134,0.04132,0.04134,32649,1753763399999,1349.42378,17,28618,1182.78498,0
1753763400000,0.04133,0.04136,0.04130,0.04133,65970,1753763459999,2727.23377,46,51249,2118.78542,0
1753763460000,0.04134,0.04134,0.04128,0.04128,48008,1753763519999,1983.40577,25,1708,70.57684,0
1753763520000,0.04128,0.04129,0.04124,0.04128,101306,1753763579999,4180.43426,52,14527,599.59059,0
1753763580000,0.04130,0.04134,0.04130,0.04134,37227,1753763639999,1537.84240,30,28872,1192.70009,0
1753763640000,0.04136,0.04136,0.04130,0.0413,37002,1753763699999,1529.59384,34,4482,185.17056,0
1753763700000,0.04131,0.04133,0.04129,0.04129,29149,1753763759999,1204.40633,26,21719,897.42472,0
1753763760000,0.04131,0.04134,0.04127,0.04128,46961,1753763819999,1939.39284,37,18808,776.40844,0
1753763820000,0.04129,0.04130,0.04127,0.04129,211839,1753763879999,8745.16158,61,18181,750.71134,0
1753763880000,0.04128,0.04128,0.04127,0.04127,7112,1753763939999,293.57556,14,5491,226.66848,0
1753763940000,0.04127,0.04137,0.04127,0.04137,65367,1753763999999,2700.65772,33,58362,2411.15649,0
1753764000000,0.04138,0.04141,0.04136,0.04138,159146,1753764059999,6587.23636,65,115624,4785.94683,0
1753764060000,0.04139,0.04140,0.04131,0.04133,316055,1753764119999,13070.41303,54,21982,908.79412,0
1753764120000,0.04133,0.04133,0.04127,0.04127,53868,1753764179999,2225.04449,38,6297,260.11909,0
1753764180000,0.04127,0.04130,0.04126,0.04129,235840,1753764239999,9737.12820,56,36240,1495.86816,0
1753764240000,0.04128,0.04128,0.04126,0.04127,32678,1753764299999,1348.52176,24,11844,488.78739,0
1753764300000,0.04128,0.04132,0.04128,0.04129,136746,1753764359999,5645.85040,70,120894,4991.27978,0
1753764360000,0.04129,0.04133,0.04127,0.04133,53057,1753764419999,2190.56516,34,22171,915.30436,0
1753764420000,0.04132,0.04132,0.04129,0.0413,63516,1753764479999,2622.96589,23,12805,528.93050,0
1753764480000,0.04130,0.04131,0.04129,0.04129,6339,1753764539999,261.80997,19,2536,104.74313,0
1753764540000,0.04127,0.04127,0.04122,0.04123,19407,1753764599999,800.14553,25,3513,144.83431,0
1753764600000,0.04123,0.04124,0.04118,0.04121,231087,1753764659999,9521.19819,69,28820,1187.68148,0
1753764660000,0.04122,0.04122,0.04118,0.0412,56551,1753764719999,2330.21189,26,31499,1298.06264,0
1753764720000,0.04119,0.04119,0.04116,0.04118,20991,1753764779999,864.10764,20,8169,336.28506,0
1753764780000,0.04120,0.04126,0.04118,0.04126,135892,1753764839999,5600.71046,35,71431,2945.54941,0
1753764840000,0.04127,0.04127,0.04123,0.04125,136011,1753764899999,5608.94687,49,19566,806.76740,0
1753764900000,0.04125,0.04125,0.04122,0.04122,230866,1753764959999,9521.32896,32,6712,276.84214,0
1753764960000,0.04123,0.04124,0.04123,0.04124,107514,1753765019999,4433.78025,39,25834,1065.38719,0
1753765020000,0.04124,0.04125,0.04120,0.04125,301671,1753765079999,12435.14851,56,262099,10803.89324,0
1753765080000,0.04126,0.04127,0.04123,0.04123,55729,1753765139999,2299.11383,39,22798,940.61270,0
1753765140000,0.04123,0.04123,0.04122,0.04122,130496,1753765199999,5379.80481,32,117971,4863.49680,0
1753765200000,0.04122,0.04126,0.04119,0.04126,450911,1753765259999,18577.37742,122,77216,3182.61537,0
1753765260000,0.04126,0.04131,0.04126,0.04128,111315,1753765319999,4595.45232,55,11692,482.55215,0
1753765320000,0.04127,0.04132,0.04127,0.0413,50657,1753765379999,2092.45382,48,37731,1558.47543,0
1753765380000,0.04130,0.04131,0.04127,0.04127,68580,1753765439999,2831.58159,54,17390,718.14987,0
1753765440000,0.04126,0.04133,0.04125,0.04133,108733,1753765499999,4487.90285,56,49970,2063.00912,0
1753765500000,0.04133,0.04135,0.04132,0.04135,370736,1753765559999,15321.17412,87,66146,2733.83421,0
1753765560000,0.04135,0.04137,0.04135,0.04137,216437,1753765619999,8950.61929,61,28544,1180.74092,0
1753765620000,0.04138,0.04143,0.04138,0.04142,203752,1753765679999,8437.61616,65,137190,5680.26422,0
1753765680000,0.04142,0.04143,0.04139,0.04143,90709,1753765739999,3756.01686,49,56377,2334.88906,0
1753765740000,0.04141,0.04141,0.04135,0.04135,28233,1753765799999,1168.02237,39,3064,126.75768,0
1753765800000,0.04134,0.04136,0.04132,0.04136,60242,1753765859999,2490.30432,46,36244,1498.45306,0
1753765860000,0.04136,0.04136,0.04132,0.04132,18922,1753765919999,782.32500,32,7850,324.44050,0
1753765920000,0.04132,0.04132,0.04129,0.04129,55942,1753765979999,2310.75439,41,7256,299.66602,0
1753765980000,0.04130,0.04133,0.04129,0.04133,37553,1753766039999,1551.46348,41,32307,1334.78957,0
1753766040000,0.04134,0.04135,0.04132,0.04132,204271,1753766099999,8444.39092,50,36730,1518.41224,0
1753766100000,0.04132,0.04132,0.04123,0.04124,200483,1753766159999,8277.79922,115,84372,3484.86552,0
1753766160000,0.04125,0.04130,0.04122,0.0413,67181,1753766219999,2771.49084,77,46702,1926.69965,0
1753766220000,0.04131,0.04135,0.04130,0.04135,160383,1753766279999,6628.26604,58,151584,6264.83101,0
1753766280000,0.04137,0.04137,0.04132,0.04134,158946,1753766339999,6572.87243,52,58001,2398.33321,0
1753766340000,0.04135,0.04141,0.04135,0.04141,91092,1753766399999,3769.15229,53,54915,2272.06491,0
1753766400000,0.04141,0.04145,0.04141,0.04145,65580,1753766459999,2716.92469,49,55328,2292.20719,0
1753766460000,0.04146,0.04151,0.04145,0.04151,121617,1753766519999,5044.63956,51,97774,4055.98985,0
1753766520000,0.04151,0.04151,0.04144,0.04145,102540,1753766579999,4252.51970,48,56967,2361.56703,0
1753766580000,0.04146,0.04147,0.04142,0.04142,50405,1753766639999,2089.45497,38,30574,1267.43020,0
1753766640000,0.04141,0.04144,0.04141,0.04142,99713,1753766699999,4131.04432,23,12623,522.97884,0
1753766700000,0.04142,0.04148,0.04142,0.04148,109458,1753766759999,4538.82371,54,61480,2548.97159,0
1753766760000,0.04149,0.04151,0.04147,0.0415,199051,1753766819999,8259.67646,73,78441,3254.90165,0
1753766820000,0.04150,0.04150,0.04147,0.04147,142822,1753766879999,5923.59475,41,29731,1233.31904,0
1753766880000,0.04146,0.04154,0.04146,0.04154,54910,1753766939999,2279.02211,47,49925,2072.16943,0
1753766940000,0.04154,0.04156,0.04153,0.04156,152375,1753766999999,6331.77083,50,146873,6103.24324,0
1753767000000,0.04156,0.04157,0.04149,0.0415,334732,1753767059999,13906.89678,99,25075,1041.19363,0
1753767060000,0.04153,0.04154,0.04150,0.04151,130730,1753767119999,5428.08115,38,49999,2076.21680,0
1753767120000,0.04152,0.04152,0.04149,0.0415,37008,1753767179999,1536.16590,37,9309,386.44148,0
1753767180000,0.04151,0.04159,0.04150,0.04159,71045,1753767239999,2950.66869,39,65628,2725.73006,0
1753767240000,0.04160,0.04162,0.04159,0.04161,267007,1753767299999,11108.14405,68,61123,2543.28028,0
1753767300000,0.04163,0.04165,0.04163,0.04163,201424,1753767359999,8387.53332,68,131220,5464.35728,0
1753767360000,0.04164,0.04172,0.04164,0.04167,683530,1753767419999,28501.04775,169,525528,21914.47403,0
1753767420000,0.04167,0.04168,0.04163,0.04166,160028,1753767479999,6666.31038,84,105782,4406.82845,0
1753767480000,0.04166,0.04167,0.04164,0.04166,135216,1753767539999,5631.94721,63,55008,2291.21186,0
1753767540000,0.04166,0.04170,0.04164,0.0417,17969,1753767599999,748.75424,36,16414,683.99634,0
1753767600000,0.04170,0.04170,0.04167,0.04167,132654,1753767659999,5530.92649,60,11567,482.16568,0
1753767660000,0.04167,0.04172,0.04167,0.04172,38458,1753767719999,1603.70455,55,23822,993.23872,0
1753767720000,0.04172,0.04174,0.04171,0.04171,137594,1753767779999,5742.23329,83,113198,4724.44998,0
1753767780000,0.04171,0.04171,0.04166,0.04166,48630,1753767839999,2026.53414,28,9943,414.33926,0
1753767840000,0.04167,0.04170,0.04166,0.04169,123124,1753767899999,5132.96879,34,102451,4271.12099,0
1753767900000,0.04170,0.04172,0.04169,0.04171,143992,1753767959999,6005.79967,64,95970,4002.43239,0
1753767960000,0.04172,0.04173,0.04170,0.0417,107065,1753768019999,4466.10124,58,71297,2974.36603,0
1753768020000,0.04169,0.04178,0.04169,0.04177,664105,1753768079999,27723.67798,143,473863,19780.48575,0
1753768080000,0.04176,0.04177,0.04174,0.04175,271717,1753768139999,11346.45135,46,64661,2700.22153,0
1753768140000,0.04176,0.04178,0.04173,0.04177,453298,1753768199999,18932.29519,96,358745,14985.33605,0
1753768200000,0.04177,0.04179,0.04176,0.04179,75379,1753768259999,3148.69060,44,44996,1879.79894,0
1753768260000,0.04180,0.04183,0.04179,0.04183,137744,1753768319999,5760.28827,65,77441,3238.60804,0
1753768320000,0.04183,0.04185,0.04183,0.04185,137053,1753768379999,5734.02536,47,92048,3851.46226,0
1753768380000,0.04186,0.04186,0.04180,0.0418,186700,1753768439999,7806.77343,48,10843,453.45708,0
1753768440000,0.04181,0.04186,0.04180,0.04186,274001,1753768499999,11462.81549,65,250075,10462.49416,0
1753768500000,0.04185,0.04187,0.04185,0.04187,333126,1753768559999,13943.61661,93,76478,3201.54692,0
1753768560000,0.04188,0.04191,0.04186,0.04188,117198,1753768619999,4908.46081,79,76447,3201.56606,0
1753768620000,0.04188,0.04191,0.04187,0.04189,44846,1753768679999,1879.04156,48,15112,633.17489,0
1753768680000,0.04189,0.04195,0.04189,0.04193,112389,1753768739999,4713.06722,60,24381,1022.25968,0
1753768740000,0.04193,0.04194,0.04190,0.04194,70357,1753768799999,2949.14942,35,36791,1542.33721,0
1753768800000,0.04194,0.04194,0.04182,0.04182,258314,1753768859999,10815.68965,127,110239,4615.62509,0
1753768860000,0.04182,0.04184,0.04180,0.04182,169030,1753768919999,7067.80663,113,71398,2986.09417,0
1753768920000,0.04182,0.04185,0.04182,0.04184,121224,1753768979999,5071.18549,58,72177,3019.23814,0
1753768980000,0.04183,0.04185,0.04183,0.04184,49903,1753769039999,2087.73915,46,35719,1494.31137,0
1753769040000,0.04184,0.04186,0.04184,0.04186,89431,1753769099999,3742.87139,41,85879,3594.18597,0
1753769100000,0.04185,0.04189,0.04183,0.04189,265728,1753769159999,11122.15438,94,93487,3913.31601,0
1753769160000,0.04190,0.04196,0.04190,0.04194,412036,1753769219999,17282.75330,68,86235,3615.83985,0
1753769220000,0.04193,0.04193,0.04189,0.04189,207279,1753769279999,8689.12484,51,26368,1105.60474,0
1753769280000,0.04189,0.04189,0.04187,0.04187,47689,1753769339999,1997.11732,36,35064,1468.41246,0
1753769340000,0.04186,0.04188,0.04185,0.04186,30496,1753769399999,1276.77580,31,5306,222.19022,0
1753769400000,0.04186,0.04187,0.04184,0.04187,75023,1753769459999,3140.31935,54,42555,1781.17778,0
1753769460000,0.04188,0.04191,0.04187,0.04191,126185,1753769519999,5285.16639,67,65260,2733.18415,0
1753769520000,0.04191,0.04193,0.04191,0.04193,117414,1753769579999,4921.28969,43,68591,2874.91064,0
1753769580000,0.04193,0.04194,0.04192,0.04193,78549,1753769639999,3293.44349,54,10583,443.76026,0
1753769640000,0.04194,0.04196,0.04194,0.04194,291883,1753769699999,12244.52673,66,76453,3207.36152,0
1753769700000,0.04194,0.04202,0.04193,0.04201,427902,1753769759999,17961.94441,140,277531,11653.18090,0
1753769760000,0.04201,0.04201,0.04195,0.04195,179169,1753769819999,7521.67884,55,123058,5166.13768,0
1753769820000,0.04196,0.04201,0.04196,0.04201,51551,1753769879999,2164.84653,31,42256,1774.37311,0
1753769880000,0.04202,0.04202,0.04200,0.04202,89320,1753769939999,3752.49076,44,68121,2862.11277,0
1753769940000,0.04203,0.04203,0.04200,0.04202,30499,1753769999999,1281.40357,35,21599,907.48343,0
1753770000000,0.04202,0.04209,0.04202,0.04202,446928,1753770059999,18799.62047,101,315222,13260.47854,0
1753770060000,0.04203,0.04207,0.04203,0.04207,117025,1753770119999,4920.07122,74,95226,4003.77584,0
1753770120000,0.04206,0.04208,0.04206,0.04208,75915,1753770179999,3193.88084,42,32363,1361.65346,0
1753770180000,0.04208,0.04212,0.04208,0.04212,313335,1753770239999,13192.72689,146,217716,9166.41438,0
1753770240000,0.04212,0.04214,0.04212,0.04212,109991,1753770299999,4633.98574,85,60185,2535.81526,0
1753770300000,0.04213,0.04213,0.04210,0.04211,235677,1753770359999,9926.45226,101,52462,2209.61797,0
1753770360000,0.04211,0.04212,0.04206,0.04207,192360,1753770419999,8095.42477,121,74628,3140.79288,0
1753770420000,0.04208,0.04213,0.04208,0.04212,108151,1753770479999,4554.07287,57,90074,3792.71005,0
1753770480000,0.04211,0.04211,0.04208,0.0421,210288,1753770539999,8853.80403,79,35236,1483.23675,0
1753770540000,0.04209,0.04212,0.04208,0.04211,78442,1753770599999,3302.88503,52,53583,2256.18028,0
1753770600000,0.04212,0.04212,0.04207,0.04211,206292,1753770659999,8682.95737,95,86785,3652.67821,0
1753770660000,0.04212,0.04215,0.04211,0.04215,275639,1753770719999,11611.57686,120,76636,3228.31231,0
1753770720000,0.04216,0.04227,0.04216,0.04226,1119500,1753770779999,47264.29369,278,878718,37090.96627,0
1753770780000,0.04225,0.04225,0.04222,0.04224,143837,1753770839999,6075.53336,39,40201,1697.78316,0
1753770840000,0.04224,0.04224,0.04219,0.04219,71169,1753770899999,3005.35557,36,43648,1843.69152,0
1753770900000,0.04218,0.04221,0.04217,0.04221,118427,1753770959999,4996.56775,58,73573,3104.21177,0
1753770960000,0.04221,0.04222,0.04220,0.04222,188009,1753771019999,7935.19447,46,67490,2848.68219,0
1753771020000,0.04223,0.04225,0.04222,0.04222,85869,1753771079999,3626.39367,34,41647,1758.93481,0
1753771080000,0.04223,0.04225,0.04223,0.04225,96792,1753771139999,4088.16714,36,48566,2051.33313,0
1753771140000,0.04224,0.04225,0.04223,0.04224,51435,1753771199999,2172.63615,24,17693,747.42377,0
1753771200000,0.04224,0.04224,0.04219,0.0422,119846,1753771259999,5058.57074,58,17845,753.10095,0
1753771260000,0.04221,0.04221,0.04215,0.04217,63848,1753771319999,2692.65287,38,3798,160.14120,0
1753771320000,0.04218,0.04225,0.04218,0.04223,87168,1753771379999,3679.54421,42,76708,3237.74977,0
1753771380000,0.04222,0.04228,0.04222,0.04226,75992,1753771439999,3211.56180,34,35671,1507.82104,0
1753771440000,0.04228,0.04231,0.04227,0.04229,338587,1753771499999,14319.95836,86,241299,10205.66448,0
1753771500000,0.04230,0.04232,0.04229,0.04231,150726,1753771559999,6375.62418,53,85355,3610.81558,0
1753771560000,0.04229,0.04230,0.04227,0.04227,82244,1753771619999,3477.66109,42,17013,719.38560,0
1753771620000,0.04226,0.04230,0.04225,0.04228,164852,1753771679999,6971.80434,35,27430,1159.52562,0
1753771680000,0.04227,0.04230,0.04226,0.0423,331224,1753771739999,14004.75847,74,240116,10152.66565,0
1753771740000,0.04231,0.04236,0.04230,0.04233,613472,1753771799999,25970.92998,142,381193,16138.94662,0
1753771800000,0.04233,0.04239,0.04232,0.04238,311398,1753771859999,13185.70971,75,216411,9165.27851,0
1753771860000,0.04236,0.04236,0.04232,0.04235,308229,1753771919999,13050.74802,67,165867,7023.21440,0
1753771920000,0.04235,0.04240,0.04235,0.04235,752968,1753771979999,31903.36436,125,215910,9148.39301,0
1753771980000,0.04235,0.04236,0.04232,0.04232,171517,1753772039999,7261.30361,43,40345,1708.21057,0
1753772040000,0.04232,0.04238,0.04229,0.04235,639584,1753772099999,27071.65398,150,547919,23192.77466,0
1753772100000,0.04235,0.04237,0.04234,0.04237,233168,1753772159999,9875.79141,73,177328,7510.92178,0
1753772160000,0.04237,0.04239,0.04234,0.04238,333328,1753772219999,14125.65934,117,234859,9953.01425,0
1753772220000,0.04237,0.04239,0.04235,0.04239,93640,1753772279999,3967.88034,51,76049,3222.72204,0
1753772280000,0.04239,0.04240,0.04239,0.04239,113840,1753772339999,4826.07329,42,79232,3358.98497,0
1753772340000,0.04239,0.04239,0.04235,0.04236,90281,1753772399999,3824.03748,25,43159,1827.78691,0
1753772400000,0.04236,0.04239,0.04235,0.04235,304803,1753772459999,12913.79236,88,173293,7343.48364,0
1753772460000,0.04235,0.04236,0.04232,0.04235,303260,1753772519999,12839.55527,105,185465,7852.17795,0
1753772520000,0.04235,0.04236,0.04234,0.04235,90223,1753772579999,3821.04863,38,31803,1346.96045,0
1753772580000,0.04236,0.04238,0.04233,0.04238,319248,1753772639999,13520.37780,104,136250,5771.12014,0
1753772640000,0.04237,0.04240,0.04237,0.0424,46084,1753772699999,1953.24003,30,30941,1311.49780,0
1753772700000,0.04239,0.04239,0.04231,0.04231,149596,1753772759999,6334.31485,67,38500,1629.33311,0
1753772760000,0.04232,0.04240,0.04231,0.04237,490981,1753772819999,20785.09996,124,392003,16593.50343,0
1753772820000,0.04237,0.04239,0.04235,0.04238,433781,1753772879999,18381.13130,85,210447,8917.67215,0
1753772880000,0.04239,0.04241,0.04239,0.0424,66602,1753772939999,2823.81458,36,26386,1118.72641,0
1753772940000,0.04240,0.04241,0.04236,0.04236,88093,1753772999999,3734.33251,28,3376,143.11006,0
1753773000000,0.04236,0.04237,0.04234,0.04236,137547,1753773059999,5825.28656,46,93249,3949.13227,0
1753773060000,0.04237,0.04240,0.04236,0.04239,72122,1753773119999,3055.99998,34,38813,1644.91228,0
1753773120000,0.04238,0.04238,0.04235,0.04235,180367,1753773179999,7640.45458,35,35615,1508.30941,0
1753773180000,0.04234,0.04237,0.04234,0.04234,120416,1753773239999,5099.98369,33,101341,4292.03734,0
1753773240000,0.04234,0.04234,0.04228,0.04232,776992,1753773299999,32876.54456,110,529691,22415.89870,0
1753773300000,0.04233,0.04239,0.04233,0.04237,203638,1753773359999,8628.03102,65,169175,7167.69735,0
1753773360000,0.04237,0.04237,0.04232,0.04237,195686,1753773419999,8288.41289,64,50522,2139.64308,0
1753773420000,0.04237,0.04240,0.04237,0.04237,141805,1753773479999,6010.96695,60,102852,4360.05052,0
1753773480000,0.04239,0.04243,0.04239,0.04242,128805,1753773539999,5464.35671,48,102992,4369.25071,0
1753773540000,0.04243,0.04244,0.04240,0.0424,63901,1753773599999,2711.07513,36,8811,373.86164,0
1753773600000,0.04241,0.04243,0.04241,0.04242,45543,1753773659999,1931.96564,40,27157,1152.00675,0
1753773660000,0.04243,0.04243,0.04240,0.0424,50967,1753773719999,2162.34100,31,6307,267.60601,0
1753773720000,0.04239,0.04239,0.04235,0.04235,61838,1753773779999,2619.80946,42,26752,1133.42370,0
1753773780000,0.04234,0.04237,0.04230,0.04237,65999,1753773839999,2792.81302,52,8297,351.23006,0
1753773840000,0.04237,0.04237,0.04233,0.04233,24529,1753773899999,1038.99682,18,501,21.22472,0
1753773900000,0.04231,0.04231,0.04228,0.0423,57698,1753773959999,2440.56436,31,25370,1073.19703,0
1753773960000,0.04229,0.04229,0.04227,0.04227,132379,1753774019999,5597.82474,43,26997,1141.68119,0
1753774020000,0.04228,0.04231,0.04226,0.04226,84687,1753774079999,3579.84622,40,32802,1386.90192,0
1753774080000,0.04227,0.04232,0.04227,0.04231,77781,1753774139999,3289.51248,26,72357,3060.02304,0
1753774140000,0.04230,0.04230,0.04227,0.04227,50379,1753774199999,2130.16158,23,7097,299.99019,0
1753774200000,0.04227,0.04235,0.04227,0.04233,56175,1753774259999,2378.06335,30,21623,915.05327,0
1753774260000,0.04232,0.04232,0.04225,0.04225,82729,1753774319999,3498.06867,39,9571,404.87839,0
1753774320000,0.04226,0.04241,0.04226,0.04241,671055,1753774379999,28420.04516,160,486447,20599.32512,0
1753774380000,0.04240,0.04243,0.04238,0.04241,204792,1753774439999,8685.74164,80,83810,3554.51618,0
1753774440000,0.04241,0.04249,0.04241,0.04248,434519,1753774499999,18451.15685,99,309906,13158.02640,0
1753774500000,0.04248,0.04249,0.04245,0.04245,48032,1753774559999,2039.81532,27,14650,622.47850,0
1753774560000,0.04244,0.04244,0.04236,0.04236,306376,1753774619999,12989.78239,62,22162,940.32800,0
1753774620000,0.04238,0.04242,0.04238,0.04242,114009,1753774679999,4833.60636,39,48736,2065.90568,0
1753774680000,0.04243,0.04244,0.04237,0.04237,47481,1753774739999,2013.28986,38,1815,76.95838,0
1753774740000,0.04236,0.04243,0.04231,0.04243,288457,1753774799999,12224.02630,101,247585,10492.95807,0
1753774800000,0.04243,0.04253,0.04241,0.04252,480921,1753774859999,20428.71885,178,314911,13378.97989,0
1753774860000,0.04253,0.04255,0.04252,0.04253,197032,1753774919999,8382.58961,54,94882,4036.89339,0
1753774920000,0.04252,0.04253,0.04249,0.0425,143557,1753774979999,6102.04807,64,35162,1494.56988,0
1753774980000,0.04249,0.04254,0.04249,0.04254,144588,1753775039999,6147.04423,51,73482,3124.33404,0
1753775040000,0.04253,0.04253,0.04251,0.04252,401887,1753775099999,17088.18036,54,377852,16066.26594,0
1753775100000,0.04252,0.04259,0.04252,0.04259,228235,1753775159999,9711.33957,74,93684,3986.77863,0
1753775160000,0.04259,0.04261,0.04257,0.04261,364147,1753775219999,15511.18687,94,302239,12874.64723,0
1753775220000,0.04262,0.04264,0.04261,0.04263,230244,1753775279999,9813.90296,60,84027,3581.77042,0
1753775280000,0.04262,0.04262,0.04257,0.04259,120090,1753775339999,5114.36171,52,18702,796.87210,0
1753775340000,0.04258,0.04263,0.04256,0.04262,588427,1753775399999,25054.49475,120,117979,5024.60558,0
1753775400000,0.04262,0.04267,0.04262,0.04263,115409,1753775459999,4922.54587,41,76244,3252.62789,0
1753775460000,0.04263,0.04264,0.04260,0.04263,152845,1753775519999,6513.42886,49,83776,3570.32313,0
1753775520000,0.04263,0.04263,0.04259,0.04259,45615,1753775579999,1943.63211,33,7664,326.70683,0
1753775580000,0.04258,0.04262,0.04258,0.0426,56548,1753775639999,2409.21520,35,25509,1086.77769,0
1753775640000,0.04260,0.04260,0.04257,0.04257,159947,1753775699999,6811.37113,51,54746,2331.25848,0
1753775700000,0.04257,0.04258,0.04253,0.04256,722754,1753775759999,30763.39255,103,449722,19144.96639,0
1753775760000,0.04255,0.04255,0.04252,0.04255,109132,1753775819999,4642.41608,27,17742,754.85607,0
1753775820000,0.04254,0.04254,0.04252,0.04253,121083,1753775879999,5149.67257,39,9261,393.87179,0
1753775880000,0.04252,0.04256,0.04252,0.04256,34162,1753775939999,1453.28223,23,22313,949.44847,0
1753775940000,0.04256,0.04258,0.04255,0.04255,103605,1753775999999,4410.37363,38,58821,2504.28070,0
1753776000000,0.04256,0.04262,0.04252,0.04261,817439,1753776059999,34787.96576,137,712388,30316.59295,0
1753776060000,0.04260,0.04261,0.04256,0.0426,236569,1753776119999,10075.33974,82,110589,4710.49769,0
1753776120000,0.04261,0.04262,0.04257,0.04261,268814,1753776179999,11448.37357,67,41496,1767.66957,0
1753776180000,0.04261,0.04262,0.04257,0.04257,66183,1753776239999,2819.34027,49,21228,904.55561,0
1753776240000,0.04257,0.04260,0.04256,0.04258,250073,1753776299999,10644.73601,61,151691,6456.86296,0
1753776300000,0.04257,0.04257,0.04246,0.04248,365615,1753776359999,15546.15539,108,59147,2513.68297,0
1753776360000,0.04248,0.04248,0.04245,0.04248,115970,1753776419999,4925.53617,55,43149,1832.94688,0
1753776420000,0.04248,0.04249,0.04241,0.04241,87057,1753776479999,3696.42936,56,49747,2112.53395,0
1753776480000,0.04240,0.04242,0.04239,0.04239,133121,1753776539999,5644.03098,69,24016,1018.43412,0
1753776540000,0.04239,0.04242,0.04239,0.04241,39580,1753776599999,1678.21103,37,23954,1015.56732,0
1753776600000,0.04242,0.04244,0.04242,0.04242,63671,1753776659999,2700.94343,29,39121,1659.52304,0
1753776660000,0.04243,0.04243,0.04242,0.04242,86241,1753776719999,3658.65628,49,15583,661.18015,0
1753776720000,0.04242,0.04243,0.04240,0.0424,96784,1753776779999,4105.95881,40,9716,412.22461,0
1753776780000,0.04239,0.04240,0.04237,0.04239,152797,1753776839999,6477.66477,52,9235,391.46985,0
1753776840000,0.04239,0.04243,0.04239,0.04243,135104,1753776899999,5729.56939,34,117817,4996.31542,0
1753776900000,0.04243,0.04245,0.04243,0.04245,88229,1753776959999,3744.51742,32,83266,3533.93393,0
1753776960000,0.04245,0.04246,0.04240,0.0424,138185,1753777019999,5863.54021,53,18442,782.26844,0
1753777020000,0.04240,0.04242,0.04239,0.04239,124339,1753777079999,5272.66662,30,42053,1783.61107,0
1753777080000,0.04239,0.04239,0.04239,0.04239,14895,1753777139999,631.39905,12,504,21.36456,0
1753777140000,0.04241,0.04244,0.04241,0.04244,23547,1753777199999,999.04369,23,4164,176.62426,0
1753777200000,0.04245,0.04252,0.04245,0.04251,129747,1753777259999,5514.11708,45,69070,2935.25479,0
1753777260000,0.04250,0.04252,0.04248,0.04248,34590,1753777319999,1469.85891,29,7530,320.02538,0
1753777320000,0.04249,0.04249,0.04246,0.04246,91183,1753777379999,3872.25268,33,15362,652.43986,0
1753777380000,0.04245,0.04247,0.04245,0.04246,71204,1753777439999,3023.38194,32,44410,1885.95987,0
1753777440000,0.04245,0.04247,0.04244,0.04245,212724,1753777499999,9031.79642,60,156274,6635.60762,0
1753777500000,0.04244,0.04244,0.04234,0.04234,144610,1753777559999,6130.86459,63,36391,1543.10534,0
1753777560000,0.04234,0.04237,0.04232,0.04235,554399,1753777619999,23473.47173,112,13498,571.66462,0
1753777620000,0.04236,0.04238,0.04234,0.04235,477236,1753777679999,20214.77081,87,205269,8693.68325,0
1753777680000,0.04235,0.04235,0.04226,0.04227,538312,1753777739999,22773.74061,121,53544,2264.97039,0
1753777740000,0.04228,0.04229,0.04225,0.04229,148855,1753777799999,6291.90464,61,79039,3341.48750,0
1753777800000,0.04231,0.04235,0.04230,0.04235,275873,1753777859999,11672.68970,78,217878,9219.07454,0
1753777860000,0.04235,0.04237,0.04233,0.04237,164813,1753777919999,6980.52108,45,135120,5723.03215,0
1753777920000,0.04235,0.04241,0.04234,0.04239,53011,1753777979999,2246.29539,33,5519,233.89720,0
1753777980000,0.04238,0.04238,0.04233,0.04234,57111,1753778039999,2418.62312,29,23238,983.86036,0
1753778040000,0.04234,0.04234,0.04231,0.04234,166208,1753778099999,7035.28133,48,98608,4174.14308,0
1753778100000,0.04234,0.04234,0.04231,0.04231,90320,1753778159999,3822.02361,39,20366,861.89363,0
1753778160000,0.04232,0.04237,0.04231,0.04231,70859,1753778219999,2999.84514,55,31188,1320.38690,0
1753778220000,0.04231,0.04231,0.04228,0.04228,29148,1753778279999,1232.89958,35,6915,292.50450,0
1753778280000,0.04229,0.04234,0.04229,0.04233,151403,1753778339999,6406.03248,45,143304,6063.24887,0
1753778340000,0.04233,0.04233,0.04231,0.04231,161781,1753778399999,6846.04207,33,7278,307.97958,0
1753778400000,0.04232,0.04237,0.04232,0.04234,180952,1753778459999,7661.37974,49,166029,7029.22948,0
1753778460000,0.04234,0.04234,0.04231,0.04231,146108,1753778519999,6182.55394,39,21514,910.32876,0
1753778520000,0.04230,0.04231,0.04229,0.04231,66778,1753778579999,2824.99899,42,12587,532.47655,0
1753778580000,0.04232,0.04232,0.04230,0.04231,84768,1753778639999,3586.53357,18,617,26.10906,0
1753778640000,0.04231,0.04231,0.04230,0.0423,180535,1753778699999,7638.31133,23,22167,937.88577,0
1753778700000,0.04230,0.04232,0.04228,0.04231,394387,1753778759999,16685.77510,82,290001,12269.79874,0
1753778760000,0.04230,0.04232,0.04230,0.04232,182828,1753778819999,7735.40493,24,129003,5458.11693,0
1753778820000,0.04231,0.04238,0.04231,0.04238,162837,1753778879999,6896.33578,33,162837,6896.33578,0
1753778880000,0.04238,0.04242,0.04236,0.04236,176853,1753778939999,7496.89975,49,31637,1341.06237,0
1753778940000,0.04236,0.04236,0.04228,0.04228,253156,1753778999999,10719.86539,35,9650,408.12180,0
1753779000000,0.04227,0.04231,0.04225,0.04226,705978,1753779059999,29842.80898,129,133047,5627.46820,0
1753779060000,0.04227,0.04228,0.04225,0.04227,280463,1753779119999,11851.94506,64,55114,2329.52858,0
1753779120000,0.04226,0.04231,0.04226,0.04231,248753,1753779179999,10518.74528,54,202824,8576.96348,0
1753779180000,0.04232,0.04236,0.04232,0.04233,39454,1753779239999,1670.23610,32,16419,695.10995,0
1753779240000,0.04232,0.04232,0.04228,0.0423,169025,1753779299999,7148.97311,40,23232,982.48278,0
1753779300000,0.04230,0.04236,0.04230,0.04234,326445,1753779359999,13823.18478,81,96841,4100.69707,0
1753779360000,0.04234,0.04235,0.04233,0.04235,48573,1753779419999,2056.47110,20,34477,1459.76088,0
1753779420000,0.04235,0.04235,0.04232,0.04232,34262,1753779479999,1450.27500,29,2999,126.94767,0
1753779480000,0.04233,0.04237,0.04231,0.04237,157489,1753779539999,6664.67863,59,77715,3289.13947,0
1753779540000,0.04237,0.04239,0.04237,0.04239,34785,1753779599999,1474.16735,20,29465,1248.70575,0
1753779600000,0.04240,0.04243,0.04239,0.04239,471662,1753779659999,20005.79192,132,372691,15807.60807,0
1753779660000,0.04239,0.04240,0.04234,0.0424,309123,1753779719999,13097.09502,88,139217,5896.79925,0
1753779720000,0.04240,0.04240,0.04236,0.04239,131536,1753779779999,5574.88891,61,100181,4245.90925,0
1753779780000,0.04240,0.04242,0.04239,0.04241,156683,1753779839999,6644.44049,67,132401,5614.70217,0
1753779840000,0.04242,0.04242,0.04237,0.04238,71394,1753779899999,3026.13240,50,28776,1219.78770,0
1753779900000,0.04237,0.04237,0.04235,0.04237,91684,1753779959999,3884.00609,61,46040,1950.44083,0
1753779960000,0.04238,0.04240,0.04234,0.04234,82078,1753780019999,3477.68429,68,58654,2485.26033,0
1753780020000,0.04233,0.04234,0.04230,0.04234,184192,1753780079999,7793.05692,65,90632,3834.23530,0
1753780080000,0.04233,0.04233,0.04231,0.04231,55920,1753780139999,2366.20240,30,44894,1899.48262,0
1753780140000,0.04232,0.04233,0.04232,0.04233,29708,1753780199999,1257.40859,32,11293,478.01840,0
1753780200000,0.04232,0.04235,0.04229,0.04229,50764,1753780259999,2149.01394,41,28235,1195.55940,0
1753780260000,0.04229,0.04229,0.04223,0.04223,89349,1753780319999,3775.10853,54,19889,840.30905,0
1753780320000,0.04223,0.04223,0.04218,0.0422,283513,1753780379999,11966.20282,86,106768,4506.54546,0
1753780380000,0.04220,0.04221,0.04219,0.0422,48895,1753780439999,2063.37712,22,30176,1273.42910,0
1753780440000,0.04220,0.04220,0.04212,0.04216,797672,1753780499999,33622.41391,143,66746,2813.51614,0
1753780500000,0.04217,0.04219,0.04217,0.04218,66371,1753780559999,2799.51419,45,27515,1160.58410,0
1753780560000,0.04220,0.04220,0.04211,0.04211,97173,1753780619999,4097.38862,47,21460,904.56134,0
1753780620000,0.04210,0.04214,0.04209,0.04212,92034,1753780679999,3876.10566,59,26432,1113.19227,0
1753780680000,0.04213,0.04217,0.04213,0.04217,49230,1753780739999,2074.83448,35,31578,1330.75418,0
1753780740000,0.04218,0.04224,0.04218,0.04224,178886,1753780799999,7552.00374,68,107183,4524.43373,0
1753780800000,0.04225,0.04233,0.04225,0.04233,116908,1753780859999,4944.47640,59,110362,4667.51514,0
1753780860000,0.04232,0.04233,0.04229,0.04229,179178,1753780919999,7580.75702,68,62314,2636.42604,0
1753780920000,0.04230,0.04231,0.04229,0.0423,44012,1753780979999,1861.93654,32,15426,652.56659,0
1753780980000,0.04230,0.04234,0.04230,0.04234,24580,1753781039999,1040.20573,34,20069,849.30021,0
1753781040000,0.04235,0.04239,0.04235,0.04239,76843,1753781099999,3255.01966,41,65954,2793.83102,0
1753781100000,0.04239,0.04239,0.04234,0.04235,129966,1753781159999,5505.30276,41,52140,2208.55680,0
1753781160000,0.04235,0.04236,0.04230,0.04232,426870,1753781219999,18075.44297,97,383939,16258.00958,0
1753781220000,0.04231,0.04233,0.04229,0.04229,256238,1753781279999,10840.62357,58,86860,3674.63906,0
1753781280000,0.04229,0.04232,0.04229,0.0423,33753,1753781339999,1427.97722,25,8568,362.40485,0
1753781340000,0.04229,0.04232,0.04228,0.04231,391950,1753781399999,16583.32362,65,178287,7544.05293,0
1753781400000,0.04230,0.04230,0.04225,0.04225,185710,1753781459999,7851.04349,45,105067,4442.16128,0
1753781460000,0.04224,0.04225,0.04220,0.0422,217541,1753781519999,9186.52211,77,76100,3214.15423,0
1753781520000,0.04221,0.04224,0.04221,0.04224,51159,1753781579999,2159.99865,58,40430,1707.00300,0
1753781580000,0.04225,0.04226,0.04220,0.0422,47838,1753781639999,2020.84141,36,24167,1020.94209,0
1753781640000,0.04222,0.04223,0.04221,0.04222,36970,1753781699999,1560.87742,34,20134,850.06825,0
1753781700000,0.04221,0.04221,0.04213,0.04213,79094,1753781759999,3334.69267,61,4399,185.57282,0
1753781760000,0.04214,0.04216,0.04213,0.04213,93565,1753781819999,3943.07502,55,27132,1143.49965,0
1753781820000,0.04214,0.04217,0.04211,0.04211,162428,1753781879999,6844.59362,54,48157,2030.24540,0
1753781880000,0.04212,0.04212,0.04211,0.04212,35398,1753781939999,1490.81667,40,22287,938.71246,0
1753781940000,0.04213,0.04217,0.04213,0.04215,103132,1753781999999,4347.56562,38,36805,1551.21535,0
1753782000000,0.04215,0.04216,0.04212,0.04216,74464,1753782059999,3138.19776,57,21987,926.49263,0
1753782060000,0.04216,0.04221,0.04214,0.04221,68462,1753782119999,2886.77528,42,51511,2172.11915,0
1753782120000,0.04221,0.04221,0.04219,0.04219,94728,1753782179999,3997.58830,88,28524,1203.73175,0
1753782180000,0.04218,0.04221,0.04217,0.04221,41110,1753782239999,1734.17694,63,29723,1253.94918,0
1753782240000,0.04221,0.04221,0.04220,0.04221,110144,1753782299999,4648.67062,89,31352,1323.28972,0
1753782300000,0.04221,0.04221,0.04217,0.04219,88449,1753782359999,3731.36293,63,56741,2393.64340,0
1753782360000,0.04218,0.04221,0.04216,0.04219,77648,1753782419999,3275.11343,94,36597,1543.71810,0
1753782420000,0.04219,0.04221,0.04218,0.04221,74625,1753782479999,3148.23911,45,56839,2397.87894,0
1753782480000,0.04222,0.04222,0.04215,0.04215,82911,1753782539999,3498.53301,104,22110,933.15850,0
1753782540000,0.04215,0.04215,0.04213,0.04213,61710,1753782599999,2600.44896,98,6717,283.08043,0
1753782600000,0.04212,0.04216,0.04212,0.04216,52441,1753782659999,2209.62719,47,39797,1676.85935,0
1753782660000,0.04216,0.04216,0.04212,0.04215,114148,1753782719999,4810.25334,95,47646,2007.84475,0
1753782720000,0.04216,0.04217,0.04213,0.04213,357979,1753782779999,15084.96433,117,92742,3907.60449,0
1753782780000,0.04214,0.04216,0.04212,0.04212,53151,1753782839999,2239.88222,78,11318,477.12550,0
1753782840000,0.04212,0.04212,0.04210,0.04212,350607,1753782899999,14762.89238,104,38438,1618.65311,0
1753782900000,0.04211,0.04215,0.04211,0.04215,67842,1753782959999,2857.86294,80,29264,1232.89544,0
1753782960000,0.04214,0.04216,0.04214,0.04214,92477,1753783019999,3897.81862,88,35556,1498.81625,0
1753783020000,0.04215,0.04215,0.04214,0.04215,35492,1753783079999,1495.69569,40,4773,201.15988,0
1753783080000,0.04215,0.04216,0.04213,0.04214,173733,1753783139999,7321.16611,81,75519,3182.66560,0
1753783140000,0.04213,0.04215,0.04213,0.04214,20717,1753783199999,872.96596,29,3713,156.48233,0
1753783200000,0.04215,0.04217,0.04215,0.04216,80133,1753783259999,3378.28153,91,44602,1880.47732,0
1753783260000,0.04215,0.04215,0.04210,0.0421,804567,1753783319999,33897.24033,187,612700,25815.86582,0
1753783320000,0.04210,0.04211,0.04204,0.04205,399118,1753783379999,16792.86045,134,73786,3105.05461,0
1753783380000,0.04205,0.04205,0.04199,0.04199,121785,1753783439999,5117.24180,73,17484,734.85086,0
1753783440000,0.04201,0.04207,0.04201,0.04207,70980,1753783499999,2983.95706,80,55234,2322.03161,0
1753783500000,0.04207,0.04207,0.04202,0.04202,90172,1753783559999,3791.38118,50,34821,1463.89784,0
1753783560000,0.04203,0.04203,0.04200,0.042,89247,1753783619999,3749.53070,67,18754,787.96693,0
1753783620000,0.04201,0.04204,0.04199,0.04199,62784,1753783679999,2638.40667,60,52127,2190.61672,0
1753783680000,0.04199,0.04199,0.04194,0.04196,468265,1753783739999,19650.05966,80,97824,4106.88221,0
1753783740000,0.04197,0.04197,0.04188,0.04189,150987,1753783799999,6332.24819,94,22812,957.22661,0
1753783800000,0.04189,0.04191,0.04186,0.04187,243680,1753783859999,10207.99905,104,34176,1431.63172,0
1753783860000,0.04188,0.04192,0.04188,0.04191,253948,1753783919999,10642.77791,113,116460,4880.89058,0
1753783920000,0.04191,0.04193,0.04190,0.0419,142711,1753783979999,5981.63851,90,31097,1303.47757,0
1753783980000,0.04190,0.04190,0.04188,0.04188,162089,1753784039999,6789.69101,124,72511,3037.35876,0
1753784040000,0.04187,0.04187,0.04181,0.04185,156043,1753784099999,6529.66109,116,54151,2266.20431,0
1753784100000,0.04186,0.04189,0.04185,0.04186,207523,1753784159999,8688.62596,128,89555,3749.53530,0
1753784160000,0.04188,0.04192,0.04188,0.04192,109405,1753784219999,4583.43396,74,52488,2199.22302,0
1753784220000,0.04193,0.04197,0.04193,0.04193,58279,1753784279999,2444.39844,75,17146,719.19088,0
1753784280000,0.04194,0.04198,0.04194,0.04196,142781,1753784339999,5991.20962,93,36708,1540.25522,0
1753784340000,0.04196,0.04196,0.04193,0.04193,211293,1753784399999,8860.41005,120,11150,467.70751,0
1753784400000,0.04192,0.04194,0.04191,0.04192,143774,1753784459999,6028.29750,115,81540,3419.23987,0
1753784460000,0.04191,0.04193,0.04189,0.0419,157305,1753784519999,6591.84546,105,24075,1009.07321,0
1753784520000,0.04188,0.04188,0.04180,0.04183,231187,1753784579999,9670.62859,117,51163,2140.88290,0
1753784580000,0.04183,0.04185,0.04183,0.04184,110782,1753784639999,4634.81572,68,53400,2234.11209,0
1753784640000,0.04185,0.04188,0.04185,0.04188,36946,1753784699999,1546.35506,31,21246,889.31006,0
1753784700000,0.04189,0.04191,0.04186,0.04187,176951,1753784759999,7413.53823,90,114189,4784.74349,0
1753784760000,0.04187,0.04187,0.04182,0.04185,56976,1753784819999,2384.35313,61,23329,976.29891,0
1753784820000,0.04186,0.04188,0.04186,0.04188,146188,1753784879999,6120.48109,57,132259,5537.27200,0
1753784880000,0.04187,0.04188,0.04183,0.04187,74536,1753784939999,3120.63699,58,29257,1224.75263,0
1753784940000,0.04187,0.04187,0.04185,0.04187,45235,1753784999999,1893.77896,57,14121,591.16013,0
1753785000000,0.04188,0.04190,0.04185,0.04185,137170,1753785059999,5744.71287,73,42753,1790.75655,0
1753785060000,0.04185,0.04198,0.04185,0.04198,127748,1753785119999,5355.40627,80,94014,3940.98765,0
1753785120000,0.04198,0.04198,0.04194,0.04198,39277,1753785179999,1647.92529,44,13733,576.20356,0
1753785180000,0.04197,0.04199,0.04194,0.04194,89847,1753785239999,3771.70020,49,4609,193.48092,0
1753785240000,0.04194,0.04194,0.04188,0.04191,88463,1753785299999,3707.84563,80,35965,1507.70120,0
1753785300000,0.04192,0.04193,0.04184,0.04185,264635,1753785359999,11080.88286,79,56790,2378.72454,0
1753785360000,0.04184,0.04186,0.04181,0.04181,98457,1753785419999,4119.21512,57,77393,3237.88422,0
1753785420000,0.04182,0.04187,0.04182,0.04187,59029,1753785479999,2470.75370,49,54359,2275.22080,0
1753785480000,0.04186,0.04186,0.04175,0.04176,229022,1753785539999,9570.57360,68,62192,2598.01206,0
1753785540000,0.04176,0.04176,0.04171,0.04171,117864,1753785599999,4919.75538,68,19540,815.66174,0
1753785600000,0.04170,0.04172,0.04169,0.04172,150605,1753785659999,6280.95952,75,54935,2291.19733,0
1753785660000,0.04173,0.04175,0.04173,0.04175,123899,1753785719999,5170.96219,101,49522,2066.99816,0
1753785720000,0.04175,0.04175,0.04172,0.04172,47607,1753785779999,1987.14815,59,14826,618.89952,0
1753785780000,0.04172,0.04172,0.04167,0.04168,311009,1753785839999,12964.40832,96,213084,8882.28726,0
1753785840000,0.04169,0.04170,0.04167,0.04168,121300,1753785899999,5056.52616,66,36079,1503.95475,0
1753785900000,0.04169,0.04169,0.04166,0.04166,113634,1753785959999,4735.11274,55,68615,2859.06676,0
1753785960000,0.04165,0.04165,0.04161,0.04165,185416,1753786019999,7719.74837,90,89382,3721.30843,0
1753786020000,0.04165,0.04166,0.04159,0.0416,211593,1753786079999,8803.45289,91,44496,1851.92802,0
1753786080000,0.04160,0.04161,0.04154,0.04155,597762,1753786139999,24854.68999,116,393082,16348.07982,0
1753786140000,0.04156,0.04159,0.04154,0.04159,98647,1753786199999,4099.45573,68,55625,2311.87029,0
1753786200000,0.04158,0.04158,0.04157,0.04158,57307,1753786259999,2382.79697,41,36600,1521.82800,0
1753786260000,0.04157,0.04157,0.04152,0.04152,154019,1753786319999,6400.71462,69,80421,3342.63729,0
1753786320000,0.04152,0.04158,0.04149,0.04158,347812,1753786379999,14445.91047,141,277202,11514.93489,0
1753786380000,0.04159,0.04159,0.04148,0.04152,1268424,1753786439999,52673.16420,248,132708,5510.66444,0
1753786440000,0.04153,0.04154,0.04151,0.04151,121128,1753786499999,5030.10172,54,91375,3794.49958,0
1753786500000,0.04151,0.04151,0.04150,0.0415,130454,1753786559999,5414.28741,54,99304,4121.54641,0
1753786560000,0.04150,0.04150,0.04139,0.0414,407539,1753786619999,16881.59809,126,118074,4892.90282,0
1753786620000,0.04140,0.04141,0.04135,0.04139,251197,1753786679999,10391.45828,93,101645,4206.05874,0
1753786680000,0.04139,0.04141,0.04138,0.04141,180084,1753786739999,7454.51444,66,174239,7212.62732,0
1753786740000,0.04141,0.04144,0.04141,0.04144,156795,1753786799999,6496.59892,67,141174,5849.30383,0
1753786800000,0.04144,0.04144,0.04139,0.04141,282425,1753786859999,11694.55472,131,127693,5287.62975,0
1753786860000,0.04141,0.04146,0.04141,0.04146,277835,1753786919999,11512.05146,98,165042,6838.79448,0
1753786920000,0.04146,0.04146,0.04141,0.04146,162757,1753786979999,6744.56400,119,121470,5033.70065,0
1753786980000,0.04147,0.04147,0.04145,0.04145,151517,1753787039999,6281.05256,64,108532,4499.10104,0
1753787040000,0.04145,0.04150,0.04145,0.0415,377110,1753787099999,15642.22239,132,321709,13345.22088,0
1753787100000,0.04150,0.04156,0.04149,0.04156,365113,1753787159999,15166.37018,110,235865,9799.59980,0
1753787160000,0.04155,0.04158,0.04155,0.04156,135128,1753787219999,5616.61489,69,113718,4726.89378,0
1753787220000,0.04156,0.04156,0.04155,0.04156,317383,1753787279999,13189.27430,67,267811,11129.55770,0
1753787280000,0.04157,0.04159,0.04152,0.04153,935434,1753787339999,38849.42223,86,63853,2652.84004,0
1753787340000,0.04153,0.04159,0.04153,0.04158,165458,1753787399999,6875.78876,79,155940,6480.26341,0
1753787400000,0.04158,0.04160,0.04156,0.04158,228019,1753787459999,9480.97366,89,80298,3339.39951,0
1753787460000,0.04158,0.04160,0.04158,0.0416,76677,1753787519999,3188.99104,82,30029,1248.90140,0
1753787520000,0.04159,0.04160,0.04157,0.04159,131351,1753787579999,5461.95252,113,74691,3106.07738,0
1753787580000,0.04159,0.04168,0.04159,0.04168,363444,1753787639999,15138.68534,107,152169,6337.11904,0
1753787640000,0.04167,0.04168,0.04165,0.04168,92310,1753787699999,3846.02690,63,55643,2318.30329,0
1753787700000,0.04169,0.04169,0.04163,0.04165,208147,1753787759999,8670.59349,79,94386,3931.27258,0
1753787760000,0.04164,0.04165,0.04162,0.04162,35168,1753787819999,1464.29891,41,20802,866.15034,0
1753787820000,0.04162,0.04171,0.04162,0.0417,236900,1753787879999,9871.59115,68,114788,4781.78464,0
1753787880000,0.04170,0.04179,0.04170,0.04175,211833,1753787939999,8846.99892,77,192099,8023.10404,0
1753787940000,0.04176,0.04176,0.04171,0.04174,82830,1753787999999,3456.90701,49,64512,2692.39413,0
1753788000000,0.04174,0.04180,0.04174,0.04178,120788,1753788059999,5045.07011,42,98716,4122.46575,0
1753788060000,0.04177,0.04177,0.04170,0.04175,73851,1753788119999,3081.61454,59,35501,1481.30779,0
1753788120000,0.04175,0.04178,0.04174,0.04178,97779,1753788179999,4083.67507,43,57274,2392.34231,0
1753788180000,0.04178,0.04180,0.04178,0.04178,29781,1753788239999,1244.59912,33,27879,1165.13356,0
1753788240000,0.04178,0.04179,0.04177,0.04178,67218,1753788299999,2808.37265,35,54040,2257.83525,0
1753788300000,0.04176,0.04177,0.04174,0.04177,235088,1753788359999,9814.44182,59,171210,7147.45795,0
1753788360000,0.04178,0.04178,0.04176,0.04176,28465,1753788419999,1189.02844,40,19483,813.90136,0
1753788420000,0.04177,0.04180,0.04177,0.0418,18340,1753788479999,766.36940,26,17915,748.60865,0
1753788480000,0.04182,0.04182,0.04180,0.0418,199427,1753788539999,8337.96855,34,16917,707.38449,0
1753788540000,0.04180,0.04183,0.04177,0.04179,378555,1753788599999,15818.80239,83,26375,1102.78234,0
1753788600000,0.04178,0.04181,0.04177,0.04179,84371,1753788659999,3525.94067,47,54456,2275.77387,0
1753788660000,0.04179,0.04182,0.04178,0.04181,180767,1753788719999,7555.56610,64,129386,5407.73951,0
1753788720000,0.04181,0.04181,0.04178,0.04179,94514,1753788779999,3949.86192,50,57062,2384.86525,0
1753788780000,0.04177,0.04177,0.04169,0.04169,105334,1753788839999,4397.23283,46,60329,2518.68913,0
1753788840000,0.04168,0.04172,0.04165,0.04165,146258,1753788899999,6096.88325,47,70205,2926.84410,0
1753788900000,0.04166,0.04167,0.04157,0.04163,852511,1753788959999,35467.50406,178,170391,7090.98769,0
1753788960000,0.04167,0.04171,0.04167,0.04171,214449,1753789019999,8941.42626,63,176629,7364.93353,0
1753789020000,0.04171,0.04171,0.04166,0.04166,35621,1753789079999,1484.65240,35,10333,430.82434,0
1753789080000,0.04167,0.04168,0.04166,0.04168,46563,1753789139999,1940.34929,40,30699,1279.30698,0
1753789140000,0.04169,0.04172,0.04169,0.0417,54248,1753789199999,2262.36714,35,26098,1088.33915,0
1753789200000,0.04168,0.04168,0.04164,0.04164,36507,1753789259999,1520.88509,61,19873,827.98536,0
1753789260000,0.04165,0.04168,0.04165,0.04168,35156,1753789319999,1464.99916,44,29933,1247.35675,0
1753789320000,0.04170,0.04171,0.04169,0.04171,86642,1753789379999,3613.18567,36,70272,2930.40945,0
1753789380000,0.04171,0.04173,0.04169,0.04173,82129,1753789439999,3426.48669,31,79857,3331.72913,0
1753789440000,0.04174,0.04177,0.04173,0.04173,17206,1753789499999,718.33021,32,5147,214.90743,0
1753789500000,0.04173,0.04173,0.04170,0.0417,63807,1753789559999,2661.28326,46,18154,757.29588,0
1753789560000,0.04170,0.04173,0.04169,0.04171,315739,1753789619999,13166.62471,46,20265,845.22390,0
1753789620000,0.04169,0.04174,0.04169,0.04174,21397,1753789679999,892.61687,25,21271,887.36393,0
1753789680000,0.04173,0.04174,0.04173,0.04174,132003,1753789739999,5508.56340,22,19968,833.34285,0
1753789740000,0.04175,0.04175,0.04172,0.04172,31269,1753789799999,1304.93958,35,10630,443.75343,0
1753789800000,0.04171,0.04172,0.04169,0.04169,33791,1753789859999,1409.13861,28,26608,1109.61663,0
1753789860000,0.04171,0.04171,0.04168,0.0417,24940,1753789919999,1039.83799,27,17861,744.64768,0
1753789920000,0.04170,0.04172,0.04170,0.04172,16543,1753789979999,690.01411,23,6241,260.31769,0
1753789980000,0.04174,0.04175,0.04172,0.04174,31257,1753790039999,1304.26724,23,9977,416.45412,0
1753790040000,0.04174,0.04175,0.04174,0.04175,31160,1753790099999,1300.71879,24,24604,1027.02392,0
1753790100000,0.04174,0.04174,0.04172,0.04172,67393,1753790159999,2811.99661,34,3118,130.08903,0
1753790160000,0.04174,0.04175,0.04174,0.04174,20026,1753790219999,836.00816,25,15772,658.43951,0
1753790220000,0.04173,0.04176,0.04172,0.04176,15469,1753790279999,645.56925,25,3836,160.14183,0
1753790280000,0.04177,0.04179,0.04177,0.04178,39114,1753790339999,1634.22401,25,24036,1004.20573,0
1753790340000,0.04178,0.04178,0.04175,0.04176,29414,1753790399999,1228.30604,17,4190,174.97565,0
1753790400000,0.04176,0.04180,0.04175,0.04176,152567,1753790459999,6373.61820,74,65351,2730.49229,0
1753790460000,0.04177,0.04180,0.04176,0.0418,314799,1753790519999,13154.27493,103,200838,8391.86236,0
1753790520000,0.04181,0.04185,0.04181,0.04185,294949,1753790579999,12334.94994,41,259396,10848.03438,0
1753790580000,0.04183,0.04194,0.04182,0.04194,611403,1753790639999,25605.84699,164,590548,24732.44625,0
1753790640000,0.04196,0.04197,0.04187,0.04187,157996,1753790699999,6621.98580,71,71442,2995.07584,0
1753790700000,0.04187,0.04189,0.04185,0.04186,356009,1753790759999,14907.46297,85,70506,2951.79681,0
1753790760000,0.04186,0.04190,0.04186,0.0419,219220,1753790819999,9184.06487,54,97202,4071.76068,0
1753790820000,0.04189,0.04189,0.04183,0.04183,88403,1753790879999,3700.07580,42,19548,818.27928,0
1753790880000,0.04184,0.04184,0.04176,0.04176,224791,1753790939999,9399.69879,68,12382,517.31996,0
1753790940000,0.04176,0.04182,0.04176,0.04182,717938,1753790999999,30014.62266,121,598507,25021.98117,0
1753791000000,0.04183,0.04184,0.04181,0.04184,158389,1753791059999,6624.82373,51,73258,3064.34402,0
1753791060000,0.04185,0.04185,0.04184,0.04184,122512,1753791119999,5126.27169,49,5558,232.57764,0
1753791120000,0.04185,0.04191,0.04183,0.04191,255757,1753791179999,10703.93008,87,125805,5266.37985,0
1753791180000,0.04192,0.04193,0.04188,0.04188,76445,1753791239999,3204.04147,40,30243,1267.64059,0
1753791240000,0.04187,0.04187,0.04186,0.04186,57866,1753791299999,2422.76913,26,4851,203.10489,0
1753791300000,0.04186,0.04192,0.04184,0.04188,100565,1753791359999,4212.28682,65,78378,3283.66970,0
1753791360000,0.04188,0.04200,0.04188,0.04197,1150342,1753791419999,48240.25712,249,722636,30304.74141,0
1753791420000,0.04198,0.04202,0.04194,0.04194,396677,1753791479999,16651.34632,78,112467,4721.73200,0
1753791480000,0.04193,0.04194,0.04191,0.04194,230255,1753791539999,9651.89315,52,28178,1181.51900,0
1753791540000,0.04194,0.04201,0.04194,0.04201,38393,1753791599999,1611.26092,29,32749,1374.45586,0
1753791600000,0.04200,0.04209,0.04197,0.04209,399899,1753791659999,16805.06558,138,318536,13388.05317,0
1753791660000,0.04210,0.04211,0.04203,0.04203,346075,1753791719999,14561.87443,106,93118,3919.32887,0
1753791720000,0.04202,0.04203,0.04201,0.04203,117764,1753791779999,4948.33884,38,70961,2981.76471,0
1753791780000,0.04204,0.04205,0.04200,0.04203,101415,1753791839999,4261.00915,48,80679,3389.67181,0
1753791840000,0.04204,0.04205,0.04202,0.04204,22426,1753791899999,942.80173,21,18608,782.29117,0
1753791900000,0.04203,0.04207,0.04201,0.04205,90352,1753791959999,3798.99146,49,58256,2449.53845,0
1753791960000,0.04204,0.04209,0.04204,0.04209,65300,1753792019999,2747.79299,25,63284,2663.04035,0
1753792020000,0.04210,0.04215,0.04209,0.04214,194188,1753792079999,8181.26691,46,82150,3461.62510,0
1753792080000,0.04214,0.04219,0.04214,0.04218,108957,1753792139999,4594.05911,34,83521,3521.46280,0
1753792140000,0.04219,0.04220,0.04213,0.04213,276522,1753792199999,11664.39065,58,111892,4720.14725,0
1753792200000,0.04212,0.04214,0.04208,0.04208,898955,1753792259999,37851.43074,137,225014,9477.38604,0
1753792260000,0.04208,0.04211,0.04206,0.04206,85281,1753792319999,3589.64386,52,31843,1340.55630,0
1753792320000,0.04206,0.04206,0.04199,0.042,136857,1753792379999,5749.28122,62,29425,1237.43958,0
1753792380000,0.04200,0.04207,0.04200,0.04206,124985,1753792439999,5254.03942,52,116480,4896.64817,0
1753792440000,0.04210,0.04213,0.04210,0.04211,71213,1753792499999,2999.03762,34,62311,2624.12205,0
1753792500000,0.04210,0.04214,0.04209,0.04214,135547,1753792559999,5710.56720,53,34960,1472.65615,0
1753792560000,0.04215,0.04218,0.04215,0.04218,68886,1753792619999,2904.28343,35,67960,2865.24813,0
1753792620000,0.04217,0.04224,0.04217,0.04223,145371,1753792679999,6136.35917,46,94175,3975.59572,0
1753792680000,0.04223,0.04223,0.04220,0.04221,116304,1753792739999,4908.89880,38,88716,3744.45613,0
1753792740000,0.04222,0.04223,0.04221,0.04223,94965,1753792799999,4009.40183,40,61302,2588.29454,0
1753792800000,0.04223,0.04224,0.04221,0.04224,206496,1753792859999,8718.59443,70,61530,2598.12779,0
1753792860000,0.04223,0.04225,0.04216,0.04216,208206,1753792919999,8790.27549,80,89273,3771.38292,0
1753792920000,0.04216,0.04219,0.04216,0.04217,50239,1753792979999,2119.22503,34,29816,1257.70857,0
1753792980000,0.04217,0.04219,0.04216,0.04218,111036,1753793039999,4682.77077,47,105500,4449.26198,0
1753793040000,0.04219,0.04224,0.04218,0.0422,802738,1753793099999,33878.00293,140,82681,3489.73796,0
1753793100000,0.04220,0.04223,0.04219,0.04223,206575,1753793159999,8719.21447,56,167054,7051.15162,0
1753793160000,0.04223,0.04226,0.04219,0.04223,636133,1753793219999,26862.53704,127,410673,17344.91939,0
1753793220000,0.04224,0.04224,0.04222,0.04222,101347,1753793279999,4280.73439,31,56052,2367.63186,0
1753793280000,0.04221,0.04222,0.04214,0.04216,185526,1753793339999,7824.02553,53,31418,1326.17158,0
1753793340000,0.04217,0.04217,0.04214,0.04216,27013,1753793399999,1138.88400,25,10583,446.19925,0
1753793400000,0.04215,0.04215,0.04211,0.04212,38571,1753793459999,1625.08478,28,7535,317.50485,0
1753793460000,0.04211,0.04211,0.04207,0.0421,43053,1753793519999,1811.64363,34,33125,1393.73267,0
1753793520000,0.04210,0.04212,0.04210,0.04212,68377,1753793579999,2879.44645,19,58960,2482.80241,0
1753793580000,0.04211,0.04214,0.04209,0.0421,70201,1753793639999,2957.04595,37,53326,2246.45273,0
1753793640000,0.04211,0.04214,0.04211,0.04211,22437,1753793699999,944.94605,26,8708,366.74757,0
1753793700000,0.04211,0.04212,0.04207,0.04207,61816,1753793759999,2601.98797,33,9025,380.07515,0
1753793760000,0.04208,0.04209,0.04207,0.04209,20535,1753793819999,864.10685,33,10490,441.42830,0
1753793820000,0.04209,0.04210,0.04208,0.04209,14310,1753793879999,602.27600,22,10192,428.96062,0
1753793880000,0.04209,0.04215,0.04209,0.04213,54348,1753793939999,2290.31983,22,47394,1997.34781,0
1753793940000,0.04211,0.04211,0.04208,0.04208,8440,1753793999999,355.23983,12,141,5.93751,0
1753794000000,0.04207,0.04208,0.04205,0.04207,137695,1753794059999,5792.47711,87,66796,2810.06696,0
1753794060000,0.04208,0.04208,0.04206,0.04208,43065,1753794119999,1811.93862,35,15195,639.18973,0
1753794120000,0.04209,0.04214,0.04209,0.04214,152951,1753794179999,6441.85440,83,102187,4303.34052,0
1753794180000,0.04213,0.04215,0.04213,0.04215,72685,1753794239999,3062.42841,54,66366,2796.20894,0
1753794240000,0.04215,0.04216,0.04211,0.04211,92290,1753794299999,3889.26447,40,20646,870.30887,0
1753794300000,0.04210,0.04210,0.04206,0.04206,67945,1753794359999,2859.71742,45,35889,1510.51827,0
1753794360000,0.04206,0.04206,0.04196,0.04196,212060,1753794419999,8910.34504,88,64839,2723.26766,0
1753794420000,0.04196,0.04200,0.04196,0.04198,251813,1753794479999,10570.43046,83,123213,5171.89651,0
1753794480000,0.04198,0.04200,0.04197,0.04199,50468,1753794539999,2118.63991,31,14718,617.85556,0
1753794540000,0.04198,0.04199,0.04196,0.04199,108668,1753794599999,4561.92463,41,22352,938.40856,0
1753794600000,0.04199,0.04200,0.04194,0.04195,51982,1753794659999,2181.77673,42,18857,791.62769,0
1753794660000,0.04196,0.04199,0.04196,0.04199,72176,1753794719999,3029.70943,49,60521,2540.43906,0
1753794720000,0.04200,0.04200,0.04194,0.04196,124757,1753794779999,5235.37259,42,10738,450.60061,0
1753794780000,0.04195,0.04200,0.04195,0.04198,214665,1753794839999,9010.77946,56,36627,1537.56803,0
1753794840000,0.04198,0.04200,0.04198,0.04199,21716,1753794899999,911.80565,18,13257,556.52886,0
1753794900000,0.04199,0.04200,0.04197,0.04199,32696,1753794959999,1372.51300,34,16616,697.40774,0
1753794960000,0.04198,0.04205,0.04198,0.04202,92315,1753795019999,3880.82481,42,10699,449.58859,0
1753795020000,0.04200,0.04200,0.04194,0.04194,34738,1753795079999,1457.21370,29,9958,417.65526,0
1753795080000,0.04194,0.04199,0.04193,0.04198,161545,1753795139999,6777.81763,50,25351,1063.90549,0
1753795140000,0.04200,0.04203,0.04199,0.042,23607,1753795199999,991.78649,33,18689,785.16112,0
1753795200000,0.04198,0.04200,0.04198,0.04199,22907,1753795259999,961.77322,28,11327,475.61432,0
1753795260000,0.04200,0.04212,0.04200,0.04212,210735,1753795319999,8866.51709,61,191483,8056.43719,0
1753795320000,0.04212,0.04213,0.04210,0.04212,185471,1753795379999,7811.98667,34,57248,2411.23565,0
1753795380000,0.04212,0.04212,0.04209,0.04212,26496,1753795439999,1115.63791,23,13939,586.87912,0
1753795440000,0.04213,0.04213,0.04208,0.0421,28944,1753795499999,1218.87821,25,4994,210.35016,0
1753795500000,0.04209,0.04221,0.04206,0.0422,692907,1753795559999,29197.33975,187,593440,25000.15364,0
1753795560000,0.04221,0.04224,0.04220,0.0422,175543,1753795619999,7413.43714,52,142232,6006.76590,0
1753795620000,0.04222,0.04222,0.04219,0.04219,20978,1753795679999,885.36468,25,4148,175.08708,0
1753795680000,0.04220,0.04222,0.04218,0.04222,123749,1753795739999,5222.10658,56,64403,2717.93637,0
1753795740000,0.04221,0.04221,0.04216,0.04216,70654,1753795799999,2980.49984,27,0,0,0
1753795800000,0.04216,0.04219,0.04216,0.04219,33062,1753795859999,1394.48174,55,24829,1047.26656,0
1753795860000,0.04219,0.04219,0.04211,0.04215,144904,1753795919999,6107.19301,79,100853,4249.99023,0
1753795920000,0.04214,0.04214,0.04202,0.04207,237912,1753795979999,10006.53828,84,38139,1604.29433,0
1753795980000,0.04208,0.04211,0.04208,0.04211,1979694,1753796039999,83308.19110,72,1909475,80352.01275,0
1753796040000,0.04211,0.04211,0.04208,0.04209,561475,1753796099999,23633.81155,99,33944,1429.06596,0
1753796100000,0.04208,0.04209,0.04205,0.04206,151014,1753796159999,6352.61912,72,16924,711.96476,0
1753796160000,0.04205,0.04215,0.04205,0.04215,120507,1753796219999,5074.33500,79,70341,2962.39813,0
1753796220000,0.04212,0.04212,0.04205,0.04205,58737,1753796279999,2471.95688,35,13303,560.07958,0
1753796280000,0.04205,0.04208,0.04205,0.04208,59615,1753796339999,2507.63201,38,51509,2166.60986,0
1753796340000,0.04207,0.04207,0.04202,0.04203,140506,1753796399999,5905.98255,41,51712,2173.31591,0
1753796400000,0.04204,0.04206,0.04201,0.04206,311448,1753796459999,13092.05197,90,192494,8092.48266,0
1753796460000,0.04206,0.04207,0.04198,0.042,91403,1753796519999,3841.56358,56,10429,438.47754,0
1753796520000,0.04198,0.04199,0.04192,0.04192,111473,1753796579999,4676.89026,60,26751,1122.06643,0
1753796580000,0.04193,0.04195,0.04183,0.04186,857877,1753796639999,35904.47791,164,5453,228.65482,0
1753796640000,0.04187,0.04195,0.04186,0.04195,263641,1753796699999,11050.53438,79,201814,8459.44243,0
1753796700000,0.04194,0.04198,0.04190,0.0419,166186,1753796759999,6969.77895,67,57902,2429.47659,0
1753796760000,0.04189,0.04200,0.04189,0.04197,217683,1753796819999,9132.14104,73,121585,5098.77301,0
1753796820000,0.04197,0.04197,0.04192,0.04193,84153,1753796879999,3529.65386,47,18213,763.81156,0
1753796880000,0.04191,0.04198,0.04188,0.04198,81814,1753796939999,3428.52115,61,36482,1529.74089,0
1753796940000,0.04198,0.04198,0.04185,0.04185,186634,1753796999999,7820.91330,67,58590,2455.73848,0
1753797000000,0.04185,0.04185,0.04170,0.04176,790660,1753797059999,33004.02022,190,152899,6387.71760,0
1753797060000,0.04177,0.04177,0.04173,0.04173,215683,1753797119999,9002.56970,67,102346,4271.85738,0
1753797120000,0.04173,0.04177,0.04169,0.0417,339909,1753797179999,14189.85755,117,208142,8689.49523,0
1753797180000,0.04171,0.04175,0.04170,0.04171,24309,1753797239999,1014.34660,36,11787,491.74339,0
1753797240000,0.04171,0.04172,0.04165,0.04166,64558,1753797299999,2691.20168,53,7870,328.22453,0
1753797300000,0.04165,0.04165,0.04154,0.04158,622575,1753797359999,25884.79038,153,73426,3052.74328,0
1753797360000,0.04159,0.04164,0.04158,0.04158,449006,1753797419999,18684.45387,119,343463,14293.02618,0
1753797420000,0.04158,0.04160,0.04145,0.04155,695948,1753797479999,28898.57181,189,308748,12826.24917,0
1753797480000,0.04154,0.04155,0.04152,0.04154,165602,1753797539999,6878.48257,67,71726,2979.47463,0
1753797540000,0.04153,0.04155,0.04151,0.04155,277372,1753797599999,11521.35783,82,189764,7882.38211,0
1753797600000,0.04156,0.04157,0.04134,0.04142,1852975,1753797659999,76712.29151,361,400381,16585.57078,0
1753797660000,0.04142,0.04146,0.04134,0.04143,854115,1753797719999,35358.67001,253,409517,16953.51369,0
1753797720000,0.04144,0.04144,0.04136,0.0414,363144,1753797779999,15034.74355,169,238840,9889.24678,0
1753797780000,0.04139,0.04139,0.04132,0.04136,633847,1753797839999,26212.03504,156,214065,8851.80973,0
1753797840000,0.04135,0.04135,0.04127,0.0413,589599,1753797899999,24353.14231,246,315914,13051.42802,0
1753797900000,0.04129,0.04129,0.04114,0.04114,1414271,1753797959999,58254.67428,384,575757,23713.16310,0
1753797960000,0.04114,0.04119,0.04110,0.04111,537632,1753798019999,22114.67220,251,144302,5937.27870,0
1753798020000,0.04110,0.04116,0.04109,0.04111,629260,1753798079999,25873.59140,193,274036,11267.78893,0
1753798080000,0.04112,0.04113,0.04098,0.04106,1049275,1753798139999,43056.90700,256,180669,7419.53387,0
1753798140000,0.04106,0.04121,0.04105,0.04112,540850,1753798199999,22252.71528,231,425151,17495.19555,0
1753798200000,0.04112,0.04119,0.04111,0.04113,438581,1753798259999,18047.39986,155,246340,10136.56629,0
1753798260000,0.04113,0.04118,0.04111,0.04117,503407,1753798319999,20720.69712,175,407328,16767.22848,0
1753798320000,0.04118,0.04122,0.04113,0.04121,399268,1753798379999,16435.79738,176,227606,9372.45790,0
1753798380000,0.04122,0.04130,0.04122,0.04124,487581,1753798439999,20118.52104,187,382887,15798.35355,0
1753798440000,0.04125,0.04126,0.04117,0.04117,281533,1753798499999,11603.87927,114,85034,3504.87717,0
1753798500000,0.04116,0.04123,0.04114,0.04123,499168,1753798559999,20553.83411,128,205519,8468.50385,0
1753798560000,0.04124,0.04132,0.04122,0.04132,263991,1753798619999,10895.15446,109,113819,4698.16217,0
1753798620000,0.04133,0.04134,0.04130,0.04132,70659,1753798679999,2919.93997,68,37156,1535.61205,0
1753798680000,0.04132,0.04132,0.04122,0.04125,136532,1753798739999,5633.18858,89,86346,3563.44048,0
1753798740000,0.04127,0.04127,0.04117,0.04123,349124,1753798799999,14387.23949,143,134803,5556.69745,0
1753798800000,0.04123,0.04126,0.04120,0.04122,304251,1753798859999,12547.71825,98,273066,11261.91019,0
1753798860000,0.04123,0.04129,0.04123,0.04129,119005,1753798919999,4911.66594,83,58039,2395.56152,0
1753798920000,0.04127,0.04131,0.04124,0.04129,129638,1753798979999,5351.36965,62,108645,4485.10127,0
1753798980000,0.04131,0.04136,0.04131,0.04134,267664,1753799039999,11067.34337,82,226946,9383.81074,0
1753799040000,0.04133,0.04146,0.04133,0.04144,405178,1753799099999,16776.00975,105,99954,4137.04869,0
1753799100000,0.04144,0.04152,0.04142,0.04148,1261700,1753799159999,52325.84557,234,1033665,42877.33067,0
1753799160000,0.04148,0.04150,0.04143,0.04143,178469,1753799219999,7399.88507,83,79136,3281.40828,0
1753799220000,0.04143,0.04144,0.04136,0.04144,204037,1753799279999,8449.48427,82,83396,3452.98119,0
1753799280000,0.04144,0.04145,0.04142,0.04145,134090,1753799339999,5557.02624,58,78514,3254.25874,0
1753799340000,0.04146,0.04149,0.04145,0.04146,148145,1753799399999,6145.74412,63,144404,5990.60648,0
1753799400000,0.04147,0.04150,0.04146,0.04148,322012,1753799459999,13356.96993,88,106490,4417.58732,0
1753799460000,0.04146,0.04147,0.04139,0.04147,129123,1753799519999,5349.72246,144,75667,3134.52623,0
1753799520000,0.04147,0.04149,0.04142,0.04144,50531,1753799579999,2094.76179,97,27042,1120.95240,0
1753799580000,0.04144,0.04144,0.04135,0.04136,199987,1753799639999,8274.94713,95,74600,3087.26095,0
1753799640000,0.04137,0.04141,0.04137,0.04139,157252,1753799699999,6508.94619,60,80235,3321.04149,0
1753799700000,0.04140,0.04147,0.04140,0.04147,154681,1753799759999,6407.74761,74,121724,5042.21640,0
1753799760000,0.04149,0.04150,0.04142,0.04144,119847,1753799819999,4971.45933,63,84724,3515.09781,0
1753799820000,0.04145,0.04146,0.04139,0.04139,46386,1753799879999,1921.88281,56,29988,1242.54438,0
1753799880000,0.04138,0.04140,0.04130,0.04131,161213,1753799939999,6664.43646,84,79024,3266.77287,0
1753799940000,0.04131,0.04134,0.04127,0.04133,109101,1753799999999,4507.64573,75,64659,2671.62310,0
1753800000000,0.04133,0.04140,0.04130,0.04139,212143,1753800059999,8774.31309,79,94357,3901.64551,0
1753800060000,0.04139,0.04139,0.04135,0.04138,85974,1753800119999,3556.45936,70,46080,1905.89903,0
1753800120000,0.04140,0.04140,0.04138,0.0414,40469,1753800179999,1674.95430,43,28519,1180.30591,0
1753800180000,0.04141,0.04141,0.04136,0.04139,107311,1753800239999,4441.25066,65,65415,2707.63224,0
1753800240000,0.04141,0.04143,0.04136,0.04136,39387,1753800299999,1630.53705,46,10919,452.23797,0
1753800300000,0.04138,0.04146,0.04138,0.04144,66714,1753800359999,2764.07684,50,40035,1658.22353,0
1753800360000,0.04144,0.04145,0.04134,0.04134,171639,1753800419999,7102.31087,85,26262,1087.64884,0
1753800420000,0.04133,0.04136,0.04123,0.04128,122340,1753800479999,5052.86209,81,81537,3367.84937,0
1753800480000,0.04128,0.04131,0.04121,0.04121,575101,1753800539999,23722.73938,119,62822,2593.82116,0
1753800540000,0.04120,0.04122,0.04112,0.04115,368504,1753800599999,15172.07679,135,119066,4902.08140,0
1753800600000,0.04116,0.04119,0.04110,0.04113,222882,1753800659999,9171.79275,88,146616,6034.44835,0
1753800660000,0.04110,0.04110,0.04101,0.04102,403804,1753800719999,16581.42829,127,282774,11611.47567,0
1753800720000,0.04102,0.04102,0.04091,0.04091,473719,1753800779999,19406.94010,149,120425,4934.13920,0
1753800780000,0.04091,0.04092,0.04082,0.04084,663905,1753800839999,27140.70428,204,175810,7183.65855,0
1753800840000,0.04083,0.04091,0.04082,0.04086,476315,1753800899999,19470.11500,177,300023,12264.24706,0
1753800900000,0.04086,0.04094,0.04079,0.04089,862959,1753800959999,35262.58876,295,214101,8746.54960,0
1753800960000,0.04088,0.04102,0.04088,0.04102,306141,1753801019999,12529.54115,167,138009,5648.61335,0
1753801020000,0.04100,0.04101,0.04092,0.04098,373870,1753801079999,15310.23965,163,60848,2493.90519,0
1753801080000,0.04096,0.04099,0.04092,0.04096,157775,1753801139999,6461.97572,87,56612,2319.15762,0
1753801140000,0.04097,0.04102,0.04097,0.041,103820,1753801199999,4257.76624,55,15321,628.18742,0
1753801200000,0.04100,0.04100,0.04090,0.04096,309312,1753801259999,12670.22842,151,148286,6073.80980,0
1753801260000,0.04097,0.04100,0.04094,0.04096,202893,1753801319999,8313.81814,113,114183,4680.13770,0
1753801320000,0.04096,0.04100,0.04091,0.04091,175941,1753801379999,7205.85987,98,53804,2204.67129,0
1753801380000,0.04093,0.04093,0.04084,0.04092,370099,1753801439999,15127.34027,111,254799,10413.30207,0
1753801440000,0.04093,0.04096,0.04090,0.04096,230827,1753801499999,9446.05732,77,103132,4221.49214,0
1753801500000,0.04097,0.04098,0.04090,0.0409,88883,1753801559999,3638.47737,70,35014,1433.36806,0
1753801560000,0.04091,0.04093,0.04083,0.04091,398601,1753801619999,16291.30200,148,241563,9869.75661,0
1753801620000,0.04090,0.04093,0.04088,0.0409,263425,1753801679999,10777.86235,89,217286,8891.23420,0
1753801680000,0.04089,0.04097,0.04086,0.04093,499251,1753801739999,20429.26416,117,344086,14082.08305,0
1753801740000,0.04092,0.04093,0.04086,0.04093,271870,1753801799999,11120.75111,86,186694,7638.12164,0
1753801800000,0.04094,0.04101,0.04094,0.04101,165273,1753801859999,6772.62651,87,119835,4911.41105,0
1753801860000,0.04100,0.04111,0.04097,0.04111,388873,1753801919999,15950.16449,164,197362,8098.54702,0
1753801920000,0.04112,0.04118,0.04111,0.04111,241053,1753801979999,9917.55628,160,141965,5840.10326,0
1753801980000,0.04111,0.04119,0.04111,0.04114,282169,1753802039999,11614.07695,166,207746,8550.15566,0
1753802040000,0.04114,0.04114,0.04104,0.04106,116152,1753802099999,4770.52004,80,31996,1314.31058,0
1753802100000,0.04105,0.04111,0.04104,0.04105,60582,1753802159999,2488.28516,54,39462,1620.91058,0
1753802160000,0.04103,0.04110,0.04101,0.04104,258583,1753802219999,10617.33712,121,166745,6846.65796,0
1753802220000,0.04102,0.04105,0.04101,0.04102,31979,1753802279999,1312.35775,45,21721,891.39391,0
1753802280000,0.04103,0.04104,0.04089,0.04089,328456,1753802339999,13450.28384,93,7975,327.16887,0
1753802340000,0.04090,0.04102,0.04090,0.04102,259232,1753802399999,10620.05515,89,192737,7894.46275,0
1753802400000,0.04102,0.04102,0.04099,0.04102,256009,1753802459999,10498.97287,92,196015,8038.72819,0
1753802460000,0.04103,0.04104,0.04091,0.04092,200370,1753802519999,8209.09050,92,67097,2751.76375,0
1753802520000,0.04092,0.04095,0.04088,0.04093,228348,1753802579999,9346.33320,72,59510,2436.21805,0
1753802580000,0.04094,0.04101,0.04093,0.04101,91002,1753802639999,3729.62713,53,16262,666.06998,0
1753802640000,0.04103,0.04106,0.04102,0.04104,108625,1753802699999,4457.91828,56,67487,2769.16695,0
1753802700000,0.04104,0.04104,0.04100,0.041,173007,1753802759999,7095.13402,66,105167,4313.42591,0
1753802760000,0.04099,0.04100,0.04097,0.041,43949,1753802819999,1801.26267,52,11134,456.35913,0
1753802820000,0.04100,0.04105,0.04099,0.04105,195670,1753802879999,8023.74586,70,51919,2129.50068,0
1753802880000,0.04103,0.04104,0.04098,0.04098,239628,1753802939999,9826.44096,78,22353,916.90397,0
1753802940000,0.04097,0.04099,0.04094,0.04094,56585,1753802999999,2317.35069,45,14890,610.15896,0
1753803000000,0.04095,0.04102,0.04095,0.04098,323125,1753803059999,13243.11068,84,194169,7958.65471,0
1753803060000,0.04095,0.04098,0.04093,0.04095,150540,1753803119999,6165.26842,71,130592,5348.40184,0
1753803120000,0.04094,0.04094,0.04083,0.04087,135075,1753803179999,5523.31343,130,28775,1176.51813,0
1753803180000,0.04088,0.04102,0.04088,0.04099,196856,1753803239999,8064.17660,94,130002,5326.46633,0
1753803240000,0.04100,0.04100,0.04093,0.04094,208055,1753803299999,8522.49832,81,143789,5889.85226,0
1753803300000,0.04091,0.04093,0.04087,0.04093,74323,1753803359999,3039.35422,78,31179,1275.02427,0
1753803360000,0.04094,0.04098,0.04092,0.04095,174904,1753803419999,7162.50628,70,57185,2342.13916,0
1753803420000,0.04095,0.04103,0.04093,0.04103,277797,1753803479999,11380.52142,93,160835,6591.21813,0
1753803480000,0.04101,0.04104,0.04099,0.04099,112596,1753803539999,4619.05074,56,30714,1259.90220,0
1753803540000,0.04098,0.04099,0.04097,0.04097,27858,1753803599999,1141.72114,41,10748,440.55740,0
1753803600000,0.04097,0.04106,0.04097,0.04106,252098,1753803659999,10337.34695,93,124912,5124.15951,0
1753803660000,0.04105,0.04105,0.04094,0.04097,410888,1753803719999,16839.39735,161,191285,7837.67181,0
1753803720000,0.04099,0.04099,0.04088,0.04088,349509,1753803779999,14305.94349,95,49932,2042.36816,0
1753803780000,0.04087,0.04100,0.04087,0.04099,246886,1753803839999,10115.04764,102,182116,7461.67286,0
1753803840000,0.04099,0.04115,0.04099,0.0411,495105,1753803899999,20351.71466,157,356121,14637.63484,0
1753803900000,0.04111,0.04114,0.04107,0.04114,337316,1753803959999,13868.37687,114,256346,10540.72102,0
1753803960000,0.04114,0.04120,0.04112,0.04118,132044,1753804019999,5434.47499,58,62989,2592.90306,0
1753804020000,0.04117,0.04131,0.04117,0.04128,151809,1753804079999,6261.53989,83,132221,5453.12464,0
1753804080000,0.04128,0.04131,0.04124,0.04129,903302,1753804139999,37276.94080,153,213707,8823.81527,0
1753804140000,0.04129,0.04133,0.04127,0.04131,311972,1753804199999,12884.98467,98,258955,10696.23380,0
1753804200000,0.04129,0.04129,0.04122,0.04123,128223,1753804259999,5290.47488,48,50648,2089.25549,0
1753804260000,0.04124,0.04127,0.04120,0.0412,122221,1753804319999,5041.68189,63,93069,3839.88146,0
1753804320000,0.04119,0.04124,0.04118,0.04124,73550,1753804379999,3031.64578,51,55794,2299.66302,0
1753804380000,0.04125,0.04129,0.04124,0.04127,245519,1753804439999,10130.38377,71,173154,7144.86092,0
1753804440000,0.04128,0.04129,0.04124,0.04124,154099,1753804499999,6358.12926,66,43434,1792.58169,0
1753804500000,0.04123,0.04124,0.04119,0.04122,215787,1753804559999,8891.14797,80,198065,8160.93362,0
1753804560000,0.04123,0.04124,0.04118,0.0412,119683,1753804619999,4933.74407,55,27313,1125.53294,0
1753804620000,0.04120,0.04122,0.04116,0.04116,76985,1753804679999,3171.19552,48,26178,1078.33723,0
1753804680000,0.04115,0.04116,0.04112,0.04115,26616,1753804739999,1095.08358,33,5213,214.53747,0
1753804740000,0.04116,0.04116,0.04115,0.04115,52224,1753804799999,2149.39167,28,26887,1106.64424,0
1753804800000,0.04115,0.04117,0.04111,0.04112,237719,1753804859999,9781.04552,103,82213,3382.71190,0
1753804860000,0.04112,0.04112,0.04107,0.04109,370576,1753804919999,15225.74635,161,80845,3321.74638,0
1753804920000,0.04110,0.04110,0.04108,0.04109,102518,1753804979999,4212.52817,81,52328,2150.37215,0
1753804980000,0.04109,0.04111,0.04106,0.0411,143334,1753805039999,5888.80929,88,49345,2027.59750,0
1753805040000,0.04110,0.04112,0.04109,0.04111,281851,1753805099999,11584.16730,87,27490,1129.95796,0
1753805100000,0.04112,0.04112,0.04103,0.04103,504070,1753805159999,20695.63551,128,65529,2691.28367,0
1753805160000,0.04102,0.04103,0.04097,0.04101,133717,1753805219999,5482.19470,101,40853,1674.74711,0
1753805220000,0.04101,0.04106,0.04100,0.04103,231198,1753805279999,9487.14225,80,73249,3005.81730,0
1753805280000,0.04104,0.04105,0.04097,0.04099,138837,1753805339999,5692.17406,57,17429,715.01938,0
1753805340000,0.04100,0.04105,0.04099,0.04104,130256,1753805399999,5344.59146,56,103439,4244.65846,0
1753805400000,0.04103,0.04103,0.04098,0.04099,226389,1753805459999,9282.36929,108,47046,1928.82834,0
1753805460000,0.04099,0.04101,0.04093,0.04095,242817,1753805519999,9949.87635,118,50881,2084.39434,0
1753805520000,0.04094,0.04094,0.04089,0.0409,417419,1753805579999,17080.30064,112,167393,6849.98955,0
1753805580000,0.04089,0.04097,0.04089,0.0409,537176,1753805639999,21979.75200,123,403913,16525.59603,0
1753805640000,0.04091,0.04099,0.04091,0.04098,286953,1753805699999,11747.85012,86,226183,9258.50048,0
1753805700000,0.04098,0.04101,0.04095,0.04098,304429,1753805759999,12473.04948,100,132284,5420.72452,0
1753805760000,0.04098,0.04100,0.04096,0.041,323636,1753805819999,13263.77758,81,246992,10123.05903,0
1753805820000,0.04101,0.04102,0.04091,0.04095,189102,1753805879999,7747.76665,92,69703,2856.51970,0
1753805880000,0.04095,0.04095,0.04079,0.04083,328773,1753805939999,13429.42685,155,77176,3150.82022,0
1753805940000,0.04083,0.04083,0.04072,0.04077,754078,1753805999999,30730.17588,211,220845,9000.23968,0
1753806000000,0.04077,0.04091,0.04076,0.0409,560582,1753806059999,22900.73471,169,488342,19950.90436,0
1753806060000,0.04090,0.04101,0.04090,0.04098,206479,1753806119999,8454.70704,91,107152,4387.17522,0
1753806120000,0.04098,0.04098,0.04093,0.04094,205602,1753806179999,8419.37115,69,68745,2814.93971,0
1753806180000,0.04095,0.04097,0.04086,0.04088,265661,1753806239999,10868.54436,98,67967,2779.28713,0
1753806240000,0.04089,0.04094,0.04089,0.04089,59884,1753806299999,2449.71284,41,37809,1546.69197,0
1753806300000,0.04089,0.04090,0.04085,0.04085,118733,1753806359999,4852.25149,72,39244,1604.07751,0
1753806360000,0.04086,0.04092,0.04080,0.04092,93572,1753806419999,3821.65621,49,33263,1358.83922,0
1753806420000,0.04092,0.04092,0.04087,0.04088,218248,1753806479999,8923.85904,44,46549,1903.73874,0
1753806480000,0.04088,0.04089,0.04087,0.04087,121755,1753806539999,4976.73812,71,64591,2640.28469,0
1753806540000,0.04087,0.04088,0.04084,0.04088,83423,1753806599999,3409.12729,59,55766,2279.01622,0
1753806600000,0.04089,0.04089,0.04084,0.04084,161903,1753806659999,6617.57174,55,111416,4554.05810,0
1753806660000,0.04084,0.04086,0.04078,0.04085,188305,1753806719999,7690.47686,95,122377,4998.46936,0
1753806720000,0.04086,0.04090,0.04084,0.04086,75313,1753806779999,3078.22046,70,24274,992.06330,0
1753806780000,0.04084,0.04085,0.04067,0.04068,289870,1753806839999,11799.24188,151,35656,1452.43046,0
1753806840000,0.04068,0.04071,0.04064,0.04068,328028,1753806899999,13341.38095,105,81227,3305.09168,0
1753806900000,0.04069,0.04074,0.04068,0.04071,160574,1753806959999,6536.26536,90,51817,2109.39027,0
1753806960000,0.04073,0.04073,0.04054,0.0406,1177933,1753807019999,47824.12542,245,174212,7077.16584,0
1753807020000,0.04061,0.04061,0.04053,0.04061,371029,1753807079999,15056.09566,131,177186,7189.40614,0
1753807080000,0.04061,0.04063,0.04055,0.0406,651569,1753807139999,26443.80502,129,374359,15192.85799,0
1753807140000,0.04061,0.04063,0.04057,0.04063,305465,1753807199999,12401.01952,74,230412,9354.35298,0
1753807200000,0.04063,0.04072,0.04062,0.0407,849293,1753807259999,34539.60846,306,617426,25113.32711,0
1753807260000,0.04070,0.04083,0.04069,0.04082,221229,1753807319999,9021.99544,139,94992,3872.56770,0
1753807320000,0.04082,0.04083,0.04077,0.04079,205287,1753807379999,8376.12404,82,70477,2875.64041,0
1753807380000,0.04079,0.04079,0.04075,0.04078,198817,1753807439999,8104.79804,71,36211,1476.30738,0
1753807440000,0.04079,0.04087,0.04079,0.04087,118664,1753807499999,4846.27090,69,84066,3433.17158,0
1753807500000,0.04088,0.04090,0.04079,0.04085,833658,1753807559999,34058.63843,167,736210,30077.66026,0
1753807560000,0.04083,0.04089,0.04081,0.04089,232067,1753807619999,9480.83978,73,166798,6815.30339,0
1753807620000,0.04090,0.04093,0.04087,0.04091,155232,1753807679999,6348.25038,58,69834,2856.42843,0
1753807680000,0.04092,0.04098,0.04092,0.04097,244936,1753807739999,10031.90557,85,200297,8203.68948,0
1753807740000,0.04096,0.04105,0.04096,0.04103,256645,1753807799999,10526.31567,89,107662,4416.14333,0
1753807800000,0.04103,0.04105,0.04101,0.04101,155944,1753807859999,6396.88346,44,56206,2305.83812,0
1753807860000,0.04102,0.04105,0.04101,0.04102,102226,1753807919999,4193.76201,51,35836,1470.48267,0
1753807920000,0.04103,0.04104,0.04098,0.041,184850,1753807979999,7581.72656,49,128658,5278.25632,0
1753807980000,0.04101,0.04104,0.04100,0.04101,230878,1753808039999,9472.08214,54,211507,8677.36355,0
1753808040000,0.04100,0.04101,0.04092,0.04094,212898,1753808099999,8725.76448,66,109857,4502.62643,0
1753808100000,0.04095,0.04099,0.04095,0.04098,123788,1753808159999,5071.55133,57,86442,3541.55092,0
1753808160000,0.04097,0.04104,0.04097,0.04104,41905,1753808219999,1718.11671,42,32680,1340.16445,0
1753808220000,0.04105,0.04106,0.04099,0.04099,45435,1753808279999,1864.10530,33,31328,1285.42293,0
1753808280000,0.04099,0.04107,0.04099,0.04107,53943,1753808339999,2213.17701,32,50412,2068.44132,0
1753808340000,0.04108,0.04111,0.04107,0.04107,74151,1753808399999,3046.31419,49,49671,2040.71372,0
1753808400000,0.04107,0.04108,0.04103,0.04105,279147,1753808459999,11458.59761,87,91863,3771.38744,0
1753808460000,0.04104,0.04110,0.04103,0.04107,202580,1753808519999,8319.85174,121,112329,4613.21167,0
1753808520000,0.04108,0.04110,0.04104,0.04104,165465,1753808579999,6795.19137,77,96468,3962.28112,0
1753808580000,0.04104,0.04111,0.04103,0.04111,111036,1753808639999,4561.05731,68,45146,1855.01049,0
1753808640000,0.04111,0.04115,0.04108,0.04108,109477,1753808699999,4502.54300,88,66794,2747.32993,0
1753808700000,0.04108,0.04112,0.04108,0.04112,73706,1753808759999,3028.89797,56,47526,1953.13656,0
1753808760000,0.04112,0.04114,0.04111,0.04114,55512,1753808819999,2282.53369,48,31527,1296.37781,0
1753808820000,0.04114,0.04114,0.04107,0.04107,115785,1753808879999,4757.80211,50,65843,2705.54553,0
1753808880000,0.04107,0.04112,0.04107,0.04108,74857,1753808939999,3076.50362,36,62053,2550.26381,0
1753808940000,0.04109,0.04113,0.04109,0.04111,124987,1753808999999,5137.67631,56,103942,4272.56613,0
1753809000000,0.04112,0.04115,0.04112,0.04115,130503,1753809059999,5367.91137,68,37551,1544.63359,0
1753809060000,0.04115,0.04118,0.04115,0.04117,54801,1753809119999,2255.48206,60,21199,872.58263,0
1753809120000,0.04119,0.04122,0.04118,0.04121,93232,1753809179999,3841.11305,54,31656,1304.31703,0
1753809180000,0.04121,0.04127,0.04121,0.04127,135503,1753809239999,5587.49082,78,83479,3443.53374,0
1753809240000,0.04126,0.04127,0.04123,0.04125,180792,1753809299999,7455.06646,53,131559,5424.81637,0
1753809300000,0.04124,0.04125,0.04118,0.04119,110061,1753809359999,4537.63819,56,21992,906.82324,0
1753809360000,0.04118,0.04122,0.04118,0.04122,80195,1753809419999,3303.75514,56,31894,1313.93974,0
1753809420000,0.04121,0.04123,0.04121,0.04122,64071,1753809479999,2641.38226,43,50692,2089.93734,0
1753809480000,0.04123,0.04125,0.04114,0.04114,517752,1753809539999,21325.12835,98,136100,5602.77767,0
1753809540000,0.04115,0.04116,0.04112,0.04116,85747,1753809599999,3527.90409,68,52568,2163.04320,0
1753809600000,0.04116,0.04117,0.04110,0.0411,26199,1753809659999,1078.17055,41,9108,374.95119,0
1753809660000,0.04111,0.04122,0.04110,0.04122,261992,1753809719999,10789.39695,82,230862,9508.59076,0
1753809720000,0.04121,0.04126,0.04119,0.04125,75041,1753809779999,3093.93014,60,39925,1646.38316,0
1753809780000,0.04125,0.04126,0.04122,0.04125,51144,1753809839999,2109.35007,34,38762,1598.86588,0
1753809840000,0.04125,0.04126,0.04123,0.04126,55149,1753809899999,2274.96272,36,47802,1971.92646,0
1753809900000,0.04127,0.04130,0.04127,0.0413,118261,1753809959999,4883.50506,46,46734,1929.58879,0
1753809960000,0.04130,0.04131,0.04130,0.0413,23827,1753810019999,984.12857,18,15099,623.66217,0
1753810020000,0.04130,0.04134,0.04129,0.04133,184027,1753810079999,7604.69285,55,65450,2704.22428,0
1753810080000,0.04133,0.04133,0.04123,0.04123,255262,1753810139999,10536.78767,73,120456,4969.44174,0
1753810140000,0.04123,0.04126,0.04122,0.04126,87695,1753810199999,3616.58171,45,59845,2468.38882,0
1753810200000,0.04127,0.04131,0.04125,0.04128,232010,1753810259999,9582.07083,56,180623,7460.50511,0
1753810260000,0.04127,0.04132,0.04126,0.04127,301273,1753810319999,12438.92991,85,75872,3132.89404,0
1753810320000,0.04127,0.04130,0.04126,0.04126,84392,1753810379999,3483.51585,53,45918,1895.31371,0
1753810380000,0.04125,0.04125,0.04120,0.04122,278984,1753810439999,11501.17831,61,93556,3857.20949,0
1753810440000,0.04122,0.04122,0.04119,0.0412,170484,1753810499999,7024.52007,51,22044,908.29074,0
1753810500000,0.04120,0.04120,0.04112,0.04112,165622,1753810559999,6820.85006,58,24017,989.33953,0
1753810560000,0.04113,0.04118,0.04113,0.04118,46895,1753810619999,1929.52886,51,33041,1359.49953,0
1753810620000,0.04118,0.04118,0.04116,0.04117,61541,1753810679999,2533.98031,47,20934,861.92706,0
1753810680000,0.04116,0.04116,0.04106,0.04112,194873,1753810739999,8006.13628,90,22215,912.93882,0
1753810740000,0.04111,0.04111,0.04105,0.04105,54167,1753810799999,2225.13026,29,5833,239.54364,0
1753810800000,0.04106,0.04110,0.04105,0.0411,204889,1753810859999,8414.25795,53,159121,6534.90796,0
1753810860000,0.04111,0.04111,0.04110,0.0411,94211,1753810919999,3872.54597,90,15025,617.67775,0
1753810920000,0.04109,0.04110,0.04105,0.04105,91051,1753810979999,3740.81150,50,3545,145.63897,0
1753810980000,0.04105,0.04106,0.04103,0.04105,42463,1753811039999,1742.71569,29,8041,329.99454,0
1753811040000,0.04104,0.04105,0.04103,0.04103,26347,1753811099999,1081.19183,25,5798,237.98132,0
1753811100000,0.04103,0.04107,0.04102,0.04107,78516,1753811159999,3222.32230,36,77408,3176.86286,0
1753811160000,0.04108,0.04110,0.04107,0.0411,55727,1753811219999,2289.59546,40,46183,1897.57844,0
1753811220000,0.04111,0.04114,0.04111,0.04112,92646,1753811279999,3810.66799,44,35016,1440.17681,0
1753811280000,0.04111,0.04114,0.04110,0.04113,25790,1753811339999,1060.67008,27,20557,845.47939,0
1753811340000,0.04112,0.04112,0.04109,0.0411,18648,1753811399999,766.38262,12,1566,64.35341,0
1753811400000,0.04111,0.04111,0.04109,0.04109,9649,1753811459999,396.49855,8,8034,330.11962,0
1753811460000,0.04108,0.04112,0.04106,0.04107,124829,1753811519999,5127.83075,44,6905,283.63774,0
1753811520000,0.04108,0.04109,0.04105,0.04105,65128,1753811579999,2674.68359,24,1688,69.35108,0
1753811580000,0.04104,0.04105,0.04103,0.04103,4836,1753811639999,198.45062,11,2440,100.12826,0
1753811640000,0.04106,0.04106,0.04104,0.04104,4423,1753811699999,181.56329,15,790,32.42525,0
1753811700000,0.04104,0.04114,0.04104,0.04114,343325,1753811759999,14113.58246,85,342639,14085.42884,0
1753811760000,0.04115,0.04115,0.04108,0.04108,79117,1753811819999,3253.58764,24,9809,403.64035,0
1753811820000,0.04108,0.04108,0.04106,0.04107,17378,1753811879999,713.68000,18,3472,142.62976,0
1753811880000,0.04106,0.04108,0.04105,0.04108,19411,1753811939999,796.97417,16,1677,68.85738,0
1753811940000,0.04107,0.04108,0.04107,0.04108,2758,1753811999999,113.27613,8,1116,45.83919,0
1753812000000,0.04108,0.04108,0.04104,0.04106,129404,1753812059999,5311.28418,45,12682,520.63540,0
1753812060000,0.04107,0.04112,0.04107,0.04112,76789,1753812119999,3155.66580,63,26963,1108.41256,0
1753812120000,0.04112,0.04112,0.04106,0.04107,126483,1753812179999,5197.93783,62,10152,417.34099,0
1753812180000,0.04107,0.04107,0.04102,0.04102,107492,1753812239999,4411.50936,56,21956,901.18813,0
1753812240000,0.04103,0.04104,0.04097,0.041,109138,1753812299999,4474.34876,57,44238,1813.29190,0
1753812300000,0.04100,0.04103,0.04099,0.04103,145545,1753812359999,5968.46693,44,36782,1508.78088,0
1753812360000,0.04104,0.04107,0.04104,0.04104,60949,1753812419999,2502.02906,36,18396,755.35341,0
1753812420000,0.04104,0.04106,0.04102,0.04102,121883,1753812479999,5002.64509,49,5009,205.61742,0
1753812480000,0.04101,0.04101,0.04095,0.04095,154794,1753812539999,6342.92458,62,10694,438.42154,0
1753812540000,0.04094,0.04094,0.04091,0.04093,175725,1753812599999,7190.74074,50,9118,373.11845,0
1753812600000,0.04094,0.04101,0.04094,0.04101,71264,1753812659999,2920.90173,64,46889,1921.61534,0
1753812660000,0.04100,0.04102,0.04098,0.04102,83414,1753812719999,3419.72505,69,41952,1720.00759,0
1753812720000,0.04102,0.04105,0.04101,0.04105,70658,1753812779999,2899.17022,65,30874,1267.14768,0
1753812780000,0.04106,0.04109,0.04106,0.04108,67533,1753812839999,2773.74214,49,24345,999.84366,0
1753812840000,0.04107,0.04107,0.04104,0.04107,119968,1753812899999,4926.05653,61,2931,120.33025,0
1753812900000,0.04107,0.04108,0.04106,0.04106,34650,1753812959999,1423.13420,43,16846,691.86000,0
1753812960000,0.04106,0.04107,0.04101,0.04101,24825,1753813019999,1019.26927,27,5674,233.00744,0
1753813020000,0.04101,0.04105,0.04100,0.04105,141687,1753813079999,5813.34048,40,55943,2295.37694,0
1753813080000,0.04106,0.04110,0.04106,0.04109,100210,1753813139999,4116.92138,33,34017,1397.69388,0
1753813140000,0.04108,0.04108,0.04104,0.04104,45572,1753813199999,1871.13516,27,17506,718.97142,0
1753813200000,0.04103,0.04104,0.04099,0.04099,62320,1753813259999,2556.37886,42,14939,613.09656,0
1753813260000,0.04099,0.04101,0.04098,0.04101,34876,1753813319999,1429.45877,33,25202,1033.00899,0
1753813320000,0.04102,0.04103,0.04101,0.04101,80713,1753813379999,3310.55738,28,6945,284.92176,0
1753813380000,0.04100,0.04100,0.04097,0.04097,139224,1753813439999,5706.18293,33,908,37.21892,0
1753813440000,0.04096,0.04103,0.04096,0.04103,167370,1753813499999,6859.56180,46,167370,6859.56180,0
1753813500000,0.04103,0.04103,0.04099,0.041,101894,1753813559999,4179.53909,37,6657,272.96117,0
1753813560000,0.04101,0.04102,0.04098,0.04098,14350,1753813619999,588.48632,33,10441,428.18919,0
1753813620000,0.04099,0.04102,0.04098,0.04102,18668,1753813679999,765.38922,30,14830,608.08586,0
1753813680000,0.04103,0.04107,0.04101,0.04107,39543,1753813739999,1623.01709,26,37733,1548.75921,0
1753813740000,0.04106,0.04107,0.04106,0.04106,16610,1753813799999,682.01099,17,6361,261.18705,0
1753813800000,0.04105,0.04106,0.04103,0.04105,48855,1753813859999,2005.11889,39,29133,1195.73339,0
1753813860000,0.04105,0.04110,0.04104,0.0411,66954,1753813919999,2750.04241,42,61965,2545.24586,0
1753813920000,0.04112,0.04113,0.04110,0.04111,118946,1753813979999,4890.63665,65,50749,2086.74191,0
1753813980000,0.04110,0.04110,0.04108,0.04109,34627,1753814039999,1422.66317,31,14534,597.08839,0
1753814040000,0.04108,0.04108,0.04105,0.04105,60577,1753814099999,2487.46396,32,29235,1200.44212,0
1753814100000,0.04104,0.04113,0.04104,0.04113,63734,1753814159999,2618.10770,44,58508,2403.42362,0
1753814160000,0.04113,0.04113,0.04108,0.04108,73969,1753814219999,3040.84535,42,17660,725.70629,0
1753814220000,0.04107,0.04109,0.04105,0.04109,26043,1753814279999,1069.60985,17,17478,717.89438,0
1753814280000,0.04110,0.04112,0.04110,0.04112,79317,1753814339999,3260.79648,49,53907,2216.16702,0
1753814340000,0.04113,0.04114,0.04110,0.0411,23636,1753814399999,971.93679,28,6108,251.17161,0
1753814400000,0.04110,0.04114,0.04110,0.04113,46587,1753814459999,1915.65270,43,32743,1346.33732,0
1753814460000,0.04113,0.04113,0.04108,0.04108,63558,1753814519999,2612.72295,59,704,28.92736,0
1753814520000,0.04109,0.04109,0.04103,0.04104,48504,1753814579999,1990.67889,22,2923,120.03860,0
1753814580000,0.04103,0.04104,0.04100,0.041,105746,1753814639999,4337.04860,40,24781,1016.91597,0
1753814640000,0.04100,0.04102,0.04100,0.041,87900,1753814699999,3605.22793,32,19678,806.92928,0
1753814700000,0.04100,0.04102,0.04099,0.04102,19086,1753814759999,782.57414,28,10730,439.97160,0
1753814760000,0.04101,0.04103,0.04099,0.041,22160,1753814819999,908.78923,25,6468,265.29577,0
1753814820000,0.04099,0.04099,0.04097,0.04097,60326,1753814879999,2471.83140,27,46821,1918.36993,0
1753814880000,0.04100,0.04107,0.04100,0.04107,37204,1753814939999,1526.68725,30,31531,1293.80598,0
1753814940000,0.04106,0.04108,0.04106,0.04107,71163,1753814999999,2922.58049,39,36236,1488.20191,0
1753815000000,0.04107,0.04108,0.04106,0.04108,32432,1753815059999,1331.80051,28,10828,444.68616,0
1753815060000,0.04109,0.04109,0.04107,0.04107,99225,1753815119999,4075.59934,30,86407,3549.14859,0
1753815120000,0.04106,0.04106,0.04100,0.041,76244,1753815179999,3128.88994,27,4470,183.49350,0
1753815180000,0.04100,0.04103,0.04100,0.04103,21056,1753815239999,863.67032,25,13019,533.99258,0
1753815240000,0.04103,0.04103,0.04099,0.04099,114404,1753815299999,4691.70348,22,4971,203.81957,0
1753815300000,0.04099,0.04099,0.04097,0.04097,16280,1753815359999,667.09982,8,0,0,0
1753815360000,0.04097,0.04097,0.04088,0.04088,251813,1753815419999,10304.46371,61,19203,786.53927,0
1753815420000,0.04088,0.04091,0.04087,0.04091,35592,1753815479999,1455.15489,28,25361,1036.93839,0
1753815480000,0.04093,0.04097,0.04093,0.04097,98643,1753815539999,4038.19039,29,98308,4024.47214,0
1753815540000,0.04097,0.04099,0.04095,0.04096,73247,1753815599999,3000.98072,34,27867,1141.98751,0
1753815600000,0.04096,0.04097,0.04094,0.04097,127834,1753815659999,5234.35822,65,75024,3072.04385,0
1753815660000,0.04096,0.04096,0.04090,0.04092,419545,1753815719999,17168.68881,108,127771,5229.14878,0
1753815720000,0.04092,0.04094,0.04090,0.04094,283348,1753815779999,11596.56277,111,174691,7149.58653,0
1753815780000,0.04093,0.04093,0.04089,0.04089,71183,1753815839999,2911.91817,42,20452,836.37528,0
1753815840000,0.04090,0.04091,0.04090,0.0409,71666,1753815899999,2931.21067,42,34603,1415.32820,0
1753815900000,0.04090,0.04097,0.04090,0.04096,582487,1753815959999,23840.49419,132,531178,21739.77221,0
1753815960000,0.04097,0.04097,0.04089,0.04089,198741,1753816019999,8133.66615,82,14175,579.63399,0
1753816020000,0.04090,0.04092,0.04087,0.04087,108538,1753816079999,4439.37820,69,36618,1498.03691,0
1753816080000,0.04087,0.04088,0.04086,0.04087,208121,1753816139999,8505.02737,63,152092,6214.92032,0
1753816140000,0.04087,0.04087,0.04083,0.04087,384289,1753816199999,15694.15529,83,170041,6944.74876,0
1753816200000,0.04088,0.04089,0.04087,0.04089,116901,1753816259999,4778.42314,47,76838,3141.00840,0
1753816260000,0.04091,0.04091,0.04087,0.04089,159492,1753816319999,6520.84688,81,29135,1191.17805,0
1753816320000,0.04089,0.04092,0.04089,0.04092,106086,1753816379999,4340.29454,86,42657,1745.19794,0
1753816380000,0.04091,0.04091,0.04089,0.04089,84238,1753816439999,3445.14779,61,17780,727.12865,0
1753816440000,0.04089,0.04095,0.04089,0.04095,103211,1753816499999,4222.47922,56,32814,1342.28892,0
1753816500000,0.04095,0.04106,0.04088,0.04106,1900385,1753816559999,77870.45989,393,1494269,61228.89054,0
1753816560000,0.04106,0.04107,0.04100,0.041,1388578,1753816619999,56993.34419,251,608600,24981.46367,0
1753816620000,0.04101,0.04111,0.04101,0.04108,478447,1753816679999,19644.33339,116,345036,14167.65583,0
1753816680000,0.04108,0.04108,0.04104,0.04107,140275,1753816739999,5760.58056,63,32957,1353.52129,0
1753816740000,0.04108,0.04109,0.04106,0.04108,122813,1753816799999,5045.59853,50,43245,1776.76064,0
1753816800000,0.04108,0.04112,0.04104,0.04112,293612,1753816859999,12055.99721,74,125893,5169.50416,0
1753816860000,0.04112,0.04113,0.04099,0.04099,317342,1753816919999,13032.55433,86,9162,376.83126,0
1753816920000,0.04099,0.04102,0.04077,0.04077,1563635,1753816979999,63984.82288,415,396495,16226.41264,0
1753816980000,0.04078,0.04081,0.04069,0.04069,358789,1753817039999,14616.14919,121,56715,2313.90069,0
1753817040000,0.04069,0.04071,0.04067,0.04067,968855,1753817099999,39434.75319,106,859606,34988.32792,0
1753817100000,0.04066,0.04066,0.04059,0.04059,1515589,1753817159999,61569.09608,195,629603,25576.90400,0
1753817160000,0.04058,0.04058,0.04054,0.04055,661784,1753817219999,26843.66659,107,134779,5467.58476,0
1753817220000,0.04055,0.04059,0.04052,0.04052,1117829,1753817279999,45330.60252,129,467427,18958.63008,0
1753817280000,0.04051,0.04058,0.04049,0.04057,1689881,1753817339999,68463.78220,167,984867,39911.06443,0
1753817340000,0.04058,0.04062,0.04057,0.04061,350043,1753817399999,14208.59246,76,219484,8909.33625,0
1753817400000,0.04062,0.04062,0.04056,0.04061,586047,1753817459999,23789.54120,121,346820,14080.41754,0
1753817460000,0.04061,0.04069,0.04061,0.04069,294577,1753817519999,11973.82607,99,178043,7236.97950,0
1753817520000,0.04069,0.04069,0.04063,0.04064,122376,1753817579999,4975.88522,71,40209,1634.33494,0
1753817580000,0.04064,0.04067,0.04064,0.04064,161816,1753817639999,6578.77654,64,69397,2821.12617,0
1753817640000,0.04064,0.04066,0.04058,0.04058,504386,1753817699999,20493.18707,114,186475,7577.08387,0
1753817700000,0.04059,0.04062,0.04059,0.04062,234596,1753817759999,9526.81177,95,102292,4153.15203,0
1753817760000,0.04062,0.04062,0.04059,0.04062,120473,1753817819999,4891.80461,76,66785,2711.70105,0
1753817820000,0.04061,0.04065,0.04061,0.04063,190906,1753817879999,7757.96678,78,89339,3630.94735,0
1753817880000,0.04062,0.04063,0.04059,0.04063,57292,1753817939999,2326.62207,48,37023,1503.55586,0
1753817940000,0.04063,0.04065,0.04062,0.04065,59974,1753817999999,2436.52922,53,29942,1216.59973,0
1753818000000,0.04065,0.04071,0.04065,0.04071,281340,1753818059999,11445.83545,89,269389,10959.58004,0
1753818060000,0.04071,0.04071,0.04065,0.04067,210612,1753818119999,8566.05839,125,26614,1082.22745,0
1753818120000,0.04068,0.04068,0.04064,0.04064,71455,1753818179999,2904.99617,57,15943,648.02141,0
1753818180000,0.04063,0.04064,0.04062,0.04064,96535,1753818239999,3922.02261,53,22040,895.39170,0
1753818240000,0.04064,0.04064,0.04063,0.04064,149030,1753818299999,6055.85132,46,78678,3197.44956,0
1753818300000,0.04065,0.04069,0.04065,0.04069,142402,1753818359999,5791.11239,77,46475,1889.78504,0
1753818360000,0.04070,0.04073,0.04070,0.04072,185690,1753818419999,7559.25666,42,163858,6670.26376,0
1753818420000,0.04072,0.04072,0.04068,0.04069,166983,1753818479999,6796.81668,60,24642,1002.89253,0
1753818480000,0.04070,0.04071,0.04068,0.0407,266956,1753818539999,10865.19056,51,124442,5065.03266,0
1753818540000,0.04070,0.04071,0.04069,0.04069,100766,1753818599999,4101.45552,43,49891,2030.85048,0
1753818600000,0.04068,0.04069,0.04066,0.04067,29586,1753818659999,1203.69266,37,10323,419.91254,0
1753818660000,0.04066,0.04066,0.04059,0.04059,112656,1753818719999,4574.83244,54,38119,1548.05025,0
1753818720000,0.04059,0.04060,0.04056,0.04057,246070,1753818779999,9986.22656,71,28860,1171.01970,0
1753818780000,0.04058,0.04064,0.04058,0.04064,78145,1753818839999,3173.94042,42,53072,2155.50029,0
1753818840000,0.04063,0.04063,0.04059,0.04059,32450,1753818899999,1318.00409,29,8200,333.10844,0
1753818900000,0.04059,0.04062,0.04059,0.04062,80648,1753818959999,3274.55917,40,27229,1105.85766,0
1753818960000,0.04063,0.04064,0.04062,0.04062,49889,1753819019999,2026.63088,38,3904,158.60611,0
1753819020000,0.04062,0.04065,0.04062,0.04064,22423,1753819079999,911.04482,32,16059,652.51508,0
1753819080000,0.04064,0.04065,0.04061,0.04063,72084,1753819139999,2927.80692,33,3416,138.80582,0
1753819140000,0.04062,0.04062,0.04054,0.04055,94422,1753819199999,3829.39929,52,11075,449.29632,0
1753819200000,0.04055,0.04055,0.04046,0.04047,454897,1753819259999,18423.33179,161,25017,1013.28151,0
1753819260000,0.04048,0.04054,0.04048,0.04054,270376,1753819319999,10954.54398,91,181354,7347.86231,0
1753819320000,0.04054,0.04054,0.04048,0.0405,140159,1753819379999,5677.28879,82,68613,2778.78917,0
1753819380000,0.04049,0.04052,0.04048,0.0405,174593,1753819439999,7071.56716,100,60391,2445.65347,0
1753819440000,0.04049,0.04050,0.04043,0.04044,135602,1753819499999,5488.85607,91,55614,2251.59379,0
1753819500000,0.04043,0.04047,0.04037,0.04046,540668,1753819559999,21846.61621,202,297813,12034.52021,0
1753819560000,0.04047,0.04049,0.04038,0.04038,336250,1753819619999,13596.69621,116,129587,5243.27001,0
1753819620000,0.04038,0.04040,0.04032,0.04035,290335,1753819679999,11716.23816,122,120154,4850.75329,0
1753819680000,0.04035,0.04038,0.04032,0.04035,169865,1753819739999,6855.39908,92,114318,4614.31332,0
1753819740000,0.04035,0.04036,0.04028,0.04031,283627,1753819799999,11433.05825,131,106363,4286.88001,0
1753819800000,0.04030,0.04032,0.04025,0.04028,811633,1753819859999,32701.06302,222,551969,22241.27016,0
1753819860000,0.04027,0.04028,0.04020,0.04024,431849,1753819919999,17375.24332,206,173245,6970.30850,0
1753819920000,0.04025,0.04025,0.04021,0.04025,963719,1753819979999,38768.63395,138,446573,17966.14319,0
1753819980000,0.04025,0.04028,0.04024,0.04027,443903,1753820039999,17868.91152,96,368159,14818.77441,0
1753820040000,0.04027,0.04027,0.04018,0.04022,1366113,1753820099999,54945.09977,269,128754,5178.89387,0
1753820100000,0.04021,0.04021,0.04014,0.04014,1109496,1753820159999,44584.68456,192,152464,6127.88889,0
1753820160000,0.04014,0.04017,0.04009,0.04014,1108932,1753820219999,44506.88366,220,558870,22433.48727,0
1753820220000,0.04015,0.04029,0.04015,0.04029,1240310,1753820279999,49867.15831,424,616107,24778.67491,0
1753820280000,0.04028,0.04034,0.04027,0.0403,302280,1753820339999,12184.52154,178,169481,6832.32978,0
1753820340000,0.04030,0.04053,0.04029,0.04053,2333242,1753820399999,94308.03671,484,1363975,55096.29223,0
1753820400000,0.04053,0.04064,0.04051,0.04064,345621,1753820459999,14019.55163,143,158563,6434.63097,0
1753820460000,0.04064,0.04073,0.04063,0.04073,525953,1753820519999,21388.15685,177,254002,10331.43056,0
1753820520000,0.04074,0.04078,0.04073,0.04077,269571,1753820579999,10987.62504,77,109102,4447.43760,0
1753820580000,0.04078,0.04082,0.04072,0.04074,380651,1753820639999,15517.09333,100,39468,1609.50860,0
1753820640000,0.04074,0.04076,0.04069,0.04069,179181,1753820699999,7296.73576,64,49027,1997.42886,0
1753820700000,0.04070,0.04072,0.04065,0.04069,175282,1753820759999,7131.47859,71,98712,4016.18394,0
1753820760000,0.04068,0.04068,0.04060,0.0406,203461,1753820819999,8269.55787,65,22279,905.98344,0
1753820820000,0.04060,0.04061,0.04051,0.04053,374419,1753820879999,15180.03818,103,138131,5600.03818,0
1753820880000,0.04053,0.04056,0.04052,0.04055,370982,1753820939999,15040.21856,78,165350,6704.62351,0
1753820940000,0.04057,0.04058,0.04055,0.04055,89916,1753820999999,3647.08328,41,33738,1368.64713,0
1753821000000,0.04054,0.04055,0.04050,0.04054,239067,1753821059999,9686.26547,80,121605,4927.28045,0
1753821060000,0.04057,0.04058,0.04053,0.04053,241086,1753821119999,9774.13716,66,57216,2320.03734,0
1753821120000,0.04052,0.04054,0.04042,0.04042,281932,1753821179999,11407.91979,95,134118,5427.50764,0
1753821180000,0.04041,0.04044,0.04037,0.04037,274775,1753821239999,11099.31137,93,108772,4394.37958,0
1753821240000,0.04036,0.04039,0.04036,0.04037,326972,1753821299999,13202.59867,89,231303,9340.49276,0
1753821300000,0.04037,0.04039,0.04034,0.04036,339189,1753821359999,13691.36516,85,164216,6629.77377,0
1753821360000,0.04037,0.04037,0.04032,0.04034,303392,1753821419999,12241.66221,99,142656,5756.42505,0
1753821420000,0.04034,0.04034,0.04031,0.04031,181526,1753821479999,7319.57131,81,65675,2648.84896,0
1753821480000,0.04031,0.04036,0.04031,0.04035,136991,1753821539999,5524.85751,68,72979,2943.50802,0
1753821540000,0.04034,0.04036,0.04034,0.04036,106033,1753821599999,4278.18205,59,87028,3511.33030,0
1753821600000,0.04036,0.04042,0.04035,0.04042,258968,1753821659999,10458.63953,73,127879,5164.76688,0
1753821660000,0.04043,0.04043,0.04039,0.0404,131907,1753821719999,5329.41497,62,65723,2655.29301,0
1753821720000,0.04040,0.04041,0.04037,0.04038,230337,1753821779999,9302.75462,67,173624,7012.36898,0
1753821780000,0.04039,0.04043,0.04039,0.04041,228000,1753821839999,9212.40369,50,199456,8058.96349,0
1753821840000,0.04040,0.04044,0.04040,0.04044,131020,1753821899999,5294.70309,37,75478,3049.55851,0
1753821900000,0.04045,0.04045,0.04039,0.04043,229827,1753821959999,9287.77938,85,166545,6730.58758,0
1753821960000,0.04043,0.04049,0.04040,0.04049,208327,1753822019999,8424.46358,75,154776,6260.39334,0
1753822020000,0.04050,0.04052,0.04049,0.04052,183903,1753822079999,7450.30743,46,76459,3097.33867,0
1753822080000,0.04052,0.04053,0.04049,0.04049,64637,1753822139999,2618.05507,33,29414,1191.68912,0
1753822140000,0.04048,0.04053,0.04046,0.0405,451840,1753822199999,18302.65971,70,25318,1025.33784,0
1753822200000,0.04052,0.04053,0.04048,0.04048,62447,1753822259999,2529.96234,37,2871,116.31946,0
1753822260000,0.04048,0.04048,0.04039,0.04039,105085,1753822319999,4248.16317,64,24681,997.69684,0
1753822320000,0.04038,0.04042,0.04038,0.04039,49292,1753822379999,1991.73202,27,3023,122.14838,0
1753822380000,0.04040,0.04044,0.04040,0.04043,116434,1753822439999,4706.98224,43,32641,1319.56615,0
1753822440000,0.04043,0.04044,0.04042,0.04042,75539,1753822499999,3053.37496,26,2882,116.51846,0
1753822500000,0.04041,0.04044,0.04040,0.04044,44315,1753822559999,1790.80732,53,14388,581.46536,0
1753822560000,0.04043,0.04043,0.04040,0.04042,136413,1753822619999,5513.18784,39,6093,246.28479,0
1753822620000,0.04041,0.04042,0.04040,0.04041,46247,1753822679999,1868.80155,23,16256,657.05460,0
1753822680000,0.04040,0.04044,0.04040,0.04044,49529,1753822739999,2002.20788,39,37766,1526.96343,0
1753822740000,0.04045,0.04051,0.04043,0.04051,410554,1753822799999,16613.20668,77,351967,14241.94712,0
1753822800000,0.04052,0.04055,0.04046,0.04051,232129,1753822859999,9398.98878,85,41063,1663.11485,0
1753822860000,0.04051,0.04051,0.04044,0.04046,142615,1753822919999,5772.26816,66,23861,965.34509,0
1753822920000,0.04047,0.04050,0.04044,0.0405,222289,1753822979999,8997.19851,70,194035,7854.27407,0
1753822980000,0.04051,0.04051,0.04048,0.04048,193893,1753823039999,7852.09853,79,76432,3095.04979,0
1753823040000,0.04049,0.04052,0.04044,0.04045,348227,1753823099999,14098.35945,85,174905,7082.01356,0
1753823100000,0.04047,0.04049,0.04040,0.04045,180591,1753823159999,7302.21984,72,90666,3665.65068,0
1753823160000,0.04046,0.04050,0.04046,0.04049,75868,1753823219999,3071.44050,66,55504,2247.10981,0
1753823220000,0.04050,0.04054,0.04050,0.0405,360766,1753823279999,14620.07017,87,227474,9218.38878,0
1753823280000,0.04049,0.04049,0.04045,0.04047,53716,1753823339999,2173.72953,30,10316,417.40521,0
1753823340000,0.04049,0.04056,0.04049,0.04056,186301,1753823399999,7547.91259,71,152323,6171.30227,0
1753823400000,0.04056,0.04062,0.04056,0.04062,136822,1753823459999,5553.06778,57,42459,1723.21104,0
1753823460000,0.04062,0.04073,0.04062,0.04071,122980,1753823519999,5002.54455,68,72771,2959.46579,0
1753823520000,0.04070,0.04071,0.04067,0.04069,151681,1753823579999,6172.90500,55,82881,3372.77527,0
1753823580000,0.04071,0.04071,0.04067,0.04067,12271,1753823639999,499.19114,30,1969,80.08663,0
1753823640000,0.04067,0.04069,0.04066,0.04066,151202,1753823699999,6149.72909,42,130554,5309.73194,0
1753823700000,0.04066,0.04066,0.04059,0.04064,154884,1753823759999,6291.90686,77,78916,3205.69153,0
1753823760000,0.04064,0.04064,0.04061,0.04063,54888,1753823819999,2230.30007,36,45925,1866.17457,0
1753823820000,0.04064,0.04066,0.04062,0.04062,85020,1753823879999,3455.58864,38,62771,2551.37236,0
1753823880000,0.04061,0.04064,0.04061,0.04064,62867,1753823939999,2554.12435,31,33230,1349.94649,0
1753823940000,0.04064,0.04064,0.04052,0.04052,213836,1753823999999,8680.17848,67,29456,1193.88161,0
1753824000000,0.04051,0.04051,0.04045,0.04045,167834,1753824059999,6795.43194,74,38851,1572.47210,0
1753824060000,0.04045,0.04053,0.04045,0.04049,140124,1753824119999,5674.88718,50,78977,3198.16213,0
1753824120000,0.04049,0.04049,0.04045,0.04047,42222,1753824179999,1708.68579,28,15619,632.03222,0
1753824180000,0.04048,0.04049,0.04044,0.04046,165203,1753824239999,6684.19199,35,105967,4287.59270,0
1753824240000,0.04046,0.04050,0.04045,0.04045,172231,1753824299999,6970.29884,60,107484,4350.99727,0
1753824300000,0.04045,0.04050,0.04044,0.04046,65684,1753824359999,2659.38024,43,26942,1090.58887,0
1753824360000,0.04044,0.04044,0.04039,0.04041,68245,1753824419999,2757.74332,49,15111,610.68177,0
1753824420000,0.04040,0.04043,0.04039,0.04043,80055,1753824479999,3235.02614,30,55326,2235.93137,0
1753824480000,0.04044,0.04055,0.04044,0.04055,75114,1753824539999,3040.46097,44,66263,2682.18291,0
1753824540000,0.04057,0.04058,0.04055,0.04055,53170,1753824599999,2156.59815,41,18187,737.51819,0
1753824600000,0.04055,0.04057,0.04052,0.04057,79120,1753824659999,3207.85825,40,19639,796.21601,0
1753824660000,0.04059,0.04067,0.04059,0.04067,109524,1753824719999,4450.87170,78,73295,2978.25525,0
1753824720000,0.04068,0.04073,0.04068,0.04073,167155,1753824779999,6805.36391,46,135121,5501.26606,0
1753824780000,0.04073,0.04077,0.04072,0.04077,67241,1753824839999,2740.21951,31,56914,2319.43759,0
1753824840000,0.04076,0.04076,0.04074,0.04074,165774,1753824899999,6755.50628,60,72538,2956.62694,0
1753824900000,0.04073,0.04073,0.04071,0.04071,136119,1753824959999,5542.52532,23,65712,2675.16536,0
1753824960000,0.04071,0.04071,0.04066,0.04066,16706,1753825019999,679.77457,8,0,0,0
1753825020000,0.04067,0.04067,0.04062,0.04062,16369,1753825079999,665.42085,23,4918,200.01506,0
1753825080000,0.04060,0.04067,0.04060,0.04067,52847,1753825139999,2147.01401,35,52282,2124.07501,0
1753825140000,0.04068,0.04071,0.04068,0.04071,76316,1753825199999,3105.47715,24,47959,1951.34725,0
1753825200000,0.04072,0.04073,0.04065,0.04065,88800,1753825259999,3613.91882,50,25212,1026.62483,0
1753825260000,0.04065,0.04068,0.04065,0.04065,145785,1753825319999,5927.78040,84,108759,4422.57260,0
1753825320000,0.04063,0.04063,0.04063,0.04063,171,1753825379999,6.94773,1,0,0,0
1753825380000,0.04064,0.04065,0.04064,0.04065,43097,1753825439999,1751.74128,50,42824,1740.64656,0
1753825440000,0.04064,0.04064,0.04060,0.04062,194260,1753825499999,7891.54079,47,19419,788.79978,0
1753825500000,0.04061,0.04061,0.04060,0.0406,47189,1753825559999,1916.34235,14,45879,1863.14619,0
1753825560000,0.04061,0.04062,0.04061,0.04062,11815,1753825619999,479.81106,7,11815,479.81106,0
1753825620000,0.04062,0.04065,0.04061,0.04065,9638,1753825679999,391.57580,25,9010,366.07272,0
1753825680000,0.04065,0.04070,0.04065,0.0407,31126,1753825739999,1266.34399,33,31002,1261.30091,0
1753825740000,0.04070,0.04076,0.04070,0.04076,23129,1753825799999,942.30510,22,22279,907.71010,0
1753825800000,0.04077,0.04078,0.04075,0.04076,109418,1753825859999,4460.04614,48,4903,199.94099,0
1753825860000,0.04076,0.04083,0.04076,0.04083,36960,1753825919999,1507.99462,53,33097,1350.53874,0
1753825920000,0.04083,0.04088,0.04083,0.04088,60538,1753825979999,2473.20874,33,50105,2047.18757,0
1753825980000,0.04086,0.04086,0.04085,0.04086,33991,1753826039999,1388.86961,14,15212,621.56232,0
1753826040000,0.04085,0.04087,0.04085,0.04087,41188,1753826099999,1683.24227,12,41005,1675.76672,0
1753826100000,0.04088,0.04093,0.04087,0.04092,187054,1753826159999,7652.20193,77,151867,6212.37600,0
1753826160000,0.04091,0.04096,0.04091,0.04096,53193,1753826219999,2177.89880,37,52446,2147.33903,0
1753826220000,0.04097,0.04126,0.04097,0.04123,761464,1753826279999,31309.51135,323,536194,22038.18962,0
1753826280000,0.04123,0.04123,0.04113,0.04113,345470,1753826339999,14228.08052,160,128829,5305.75407,0
1753826340000,0.04113,0.04113,0.04101,0.04102,463603,1753826399999,19043.13287,155,132769,5453.25994,0
1753826400000,0.04102,0.04105,0.04099,0.04104,232372,1753826459999,9530.89414,101,89405,3667.38893,0
1753826460000,0.04103,0.04106,0.04101,0.04105,454858,1753826519999,18669.80673,141,283191,11624.42445,0
1753826520000,0.04105,0.04112,0.04103,0.04112,400939,1753826579999,16466.82396,141,281348,11556.95328,0
1753826580000,0.04110,0.04116,0.04098,0.04101,980853,1753826639999,40304.96472,216,370819,15237.12640,0
1753826640000,0.04101,0.04101,0.04095,0.04096,368351,1753826699999,15092.72526,125,158782,6504.41208,0
1753826700000,0.04095,0.04099,0.04095,0.04099,237572,1753826759999,9731.77704,101,174552,7150.36726,0
1753826760000,0.04100,0.04105,0.04099,0.04105,88677,1753826819999,3636.47766,66,76399,3133.11587,0
1753826820000,0.04105,0.04107,0.04103,0.04103,73718,1753826879999,3026.83383,47,31823,1306.56659,0
1753826880000,0.04104,0.04104,0.04102,0.04102,35471,1753826939999,1455.14235,18,20670,847.88782,0
1753826940000,0.04103,0.04103,0.04098,0.04098,131001,1753826999999,5371.16081,103,30693,1258.58727,0
1753827000000,0.04098,0.04102,0.04098,0.04101,131100,1753827059999,5375.06873,54,89506,3669.54451,0
1753827060000,0.04099,0.04099,0.04097,0.04097,23417,1753827119999,959.57639,29,3856,157.98210,0
1753827120000,0.04096,0.04097,0.04089,0.04089,161949,1753827179999,6628.74038,76,27237,1115.00089,0
1753827180000,0.04090,0.04090,0.04081,0.04085,326306,1753827239999,13323.61512,120,154283,6298.52893,0
1753827240000,0.04083,0.04083,0.04083,0.04083,20207,1753827299999,825.05181,17,4610,188.22630,0
1753827300000,0.04084,0.04088,0.04084,0.04087,55415,1753827359999,2264.04002,60,35011,1430.36731,0
1753827360000,0.04087,0.04092,0.04087,0.0409,105112,1753827419999,4296.97471,55,69845,2855.34883,0
1753827420000,0.04090,0.04094,0.04089,0.04092,57571,1753827479999,2355.31283,45,46910,1919.06176,0
1753827480000,0.04094,0.04095,0.04089,0.0409,201045,1753827539999,8228.78666,55,20220,827.88482,0
1753827540000,0.04090,0.04093,0.04087,0.04093,186156,1753827599999,7614.11743,62,90875,3717.96785,0
1753827600000,0.04095,0.04098,0.04094,0.04098,93346,1753827659999,3823.63117,46,73660,3017.54896,0
1753827660000,0.04098,0.04098,0.04095,0.04095,11213,1753827719999,459.30213,29,4608,188.76588,0
1753827720000,0.04094,0.04095,0.04094,0.04095,71757,1753827779999,2937.88634,22,15983,654.47930,0
1753827780000,0.04095,0.04096,0.04094,0.04095,17007,1753827839999,696.47443,21,9251,378.87091,0
1753827840000,0.04094,0.04100,0.04094,0.041,152733,1753827899999,6255.60412,42,151947,6223.42528,0
1753827900000,0.04100,0.04102,0.04098,0.04098,51291,1753827959999,2103.37790,44,39418,1616.50008,0
1753827960000,0.04099,0.04099,0.04095,0.04095,19205,1753828019999,786.56983,16,12403,507.93933,0
1753828020000,0.04096,0.04098,0.04093,0.04093,9471,1753828079999,387.93697,21,5260,215.46736,0
1753828080000,0.04092,0.04092,0.04088,0.04091,66162,1753828139999,2706.19486,55,38139,1559.87009,0
1753828140000,0.04092,0.04093,0.04091,0.04093,16084,1753828199999,658.17027,25,12567,514.25226,0
1753828200000,0.04093,0.04094,0.04089,0.04094,65645,1753828259999,2684.91602,64,26285,1075.16982,0
1753828260000,0.04096,0.04098,0.04094,0.04098,51917,1753828319999,2126.88626,54,12003,491.75545,0
1753828320000,0.04098,0.04099,0.04093,0.04093,48037,1753828379999,1966.26872,19,598,24.50396,0
1753828380000,0.04091,0.04091,0.04087,0.04091,28951,1753828439999,1183.84888,32,10736,438.84922,0
1753828440000,0.04091,0.04091,0.04089,0.04089,39228,1753828499999,1604.49173,34,10999,449.96909,0
1753828500000,0.04088,0.04091,0.04085,0.04085,125540,1753828559999,5132.94705,40,102176,4177.88975,0
1753828560000,0.04086,0.04089,0.04085,0.04089,28017,1753828619999,1145.23682,21,7219,295.05615,0
1753828620000,0.04091,0.04091,0.04088,0.04091,56623,1753828679999,2315.77828,44,11193,457.90563,0
1753828680000,0.04091,0.04093,0.04091,0.04093,10118,1753828739999,413.93516,17,9052,370.32510,0
1753828740000,0.04093,0.04094,0.04090,0.0409,20468,1753828799999,837.42289,31,5226,213.81775,0
1753828800000,0.04090,0.04092,0.04090,0.04092,5569,1753828859999,227.81970,20,4233,173.17326,0
1753828860000,0.04092,0.04094,0.04092,0.04094,7395,1753828919999,302.63330,25,2426,99.30182,0
1753828920000,0.04094,0.04095,0.04093,0.04093,41988,1753828979999,1718.95396,48,7073,289.61097,0
1753828980000,0.04093,0.04093,0.04092,0.04092,14553,1753829039999,595.57797,17,1239,50.71227,0
1753829040000,0.04091,0.04094,0.04089,0.04089,128821,1753829099999,5270.58874,36,111465,4560.65570,0
1753829100000,0.04090,0.04090,0.04088,0.0409,21022,1753829159999,859.57278,28,10752,439.65541,0
1753829160000,0.04090,0.04094,0.04090,0.04094,56370,1753829219999,2306.48544,31,19928,815.27155,0
1753829220000,0.04094,0.04100,0.04094,0.04098,124002,1753829279999,5081.99980,58,103718,4250.62509,0
1753829280000,0.04099,0.04102,0.04099,0.04101,80211,1753829339999,3289.08920,39,33579,1376.98835,0
1753829340000,0.04100,0.04100,0.04097,0.04097,40513,1753829399999,1660.33407,25,267,10.94433,0
1753829400000,0.04098,0.04101,0.04097,0.04101,112619,1753829459999,4616.30652,52,72486,2970.99187,0
1753829460000,0.04101,0.04106,0.04100,0.04106,22407,1753829519999,919.35952,30,18552,761.27521,0
1753829520000,0.04106,0.04106,0.04101,0.04102,115486,1753829579999,4738.02090,66,9259,379.93016,0
1753829580000,0.04102,0.04104,0.04102,0.04104,11169,1753829639999,458.26737,25,7394,303.41431,0
1753829640000,0.04103,0.04103,0.04101,0.04102,35109,1753829699999,1439.89544,37,24140,990.00107,0
1753829700000,0.04104,0.04108,0.04104,0.04107,15856,1753829759999,650.99690,28,7990,328.03250,0
1753829760000,0.04108,0.04112,0.04108,0.0411,284436,1753829819999,11691.93296,80,260308,10700.50000,0
1753829820000,0.04108,0.04108,0.04106,0.04108,63129,1753829879999,2592.70276,28,8611,353.67905,0
1753829880000,0.04107,0.04107,0.04106,0.04106,3889,1753829939999,159.71641,16,945,38.80633,0
1753829940000,0.04106,0.04106,0.04104,0.04105,12741,1753829999999,523.05869,30,2533,103.97094,0
1753830000000,0.04106,0.04108,0.04106,0.04107,81148,1753830059999,3332.91036,69,24931,1023.91569,0
1753830060000,0.04108,0.04109,0.04105,0.04105,72588,1753830119999,2980.81052,72,14201,583.19236,0
1753830120000,0.04105,0.04105,0.04099,0.04101,109276,1753830179999,4484.10769,92,26574,1089.82495,0
1753830180000,0.04103,0.04104,0.04101,0.04104,85028,1753830239999,3488.56869,42,6955,285.39598,0
1753830240000,0.04104,0.04104,0.04101,0.04104,92628,1753830299999,3799.34466,57,10579,434.05903,0
1753830300000,0.04102,0.04105,0.04099,0.04105,54125,1753830359999,2219.81261,46,38622,1584.08253,0
1753830360000,0.04105,0.04105,0.04096,0.04096,160355,1753830419999,6573.34299,75,26619,1091.16922,0
1753830420000,0.04096,0.04099,0.04095,0.04099,53976,1753830479999,2211.03366,32,34458,1411.57638,0
1753830480000,0.04100,0.04102,0.04099,0.04101,109554,1753830539999,4492.36625,59,61669,2529.14477,0
1753830540000,0.04101,0.04102,0.04100,0.04102,33302,1753830599999,1365.60439,35,10692,438.48318,0
1753830600000,0.04103,0.04107,0.04103,0.04107,166596,1753830659999,6838.36117,61,141327,5800.69502,0
1753830660000,0.04106,0.04115,0.04105,0.0411,1241801,1753830719999,51061.45760,255,1116230,45900.37994,0
1753830720000,0.04109,0.04112,0.04109,0.04112,123376,1753830779999,5071.94344,55,92097,3785.83832,0
1753830780000,0.04111,0.04114,0.04109,0.04109,283474,1753830839999,11658.11501,81,194601,8004.26943,0
1753830840000,0.04109,0.04109,0.04106,0.04106,23948,1753830899999,983.78132,40,17677,726.20374,0
1753830900000,0.04106,0.04114,0.04105,0.0411,127862,1753830959999,5252.50556,81,46264,1901.44062,0
1753830960000,0.04110,0.04110,0.04105,0.04106,153972,1753831019999,6322.38949,73,38448,1578.44809,0
1753831020000,0.04106,0.04106,0.04100,0.041,47319,1753831079999,1940.53769,36,4438,182.01915,0
1753831080000,0.04100,0.04108,0.04099,0.04108,396615,1753831139999,16269.52442,102,381276,15640.66816,0
1753831140000,0.04109,0.04117,0.04109,0.04116,1152479,1753831199999,47412.16571,197,733335,30166.96504,0
1753831200000,0.04117,0.04123,0.04117,0.04119,1096568,1753831259999,45177.35424,169,484305,19958.48465,0
1753831260000,0.04119,0.04125,0.04118,0.04122,458296,1753831319999,18892.71995,113,440701,18167.93635,0
1753831320000,0.04123,0.04126,0.04122,0.04122,1467879,1753831379999,60529.26653,194,531621,21926.47922,0
1753831380000,0.04121,0.04121,0.04115,0.04116,179820,1753831439999,7404.11018,56,66763,2748.44121,0
1753831440000,0.04116,0.04118,0.04115,0.04118,189298,1753831499999,7792.80815,69,136833,5633.15377,0
1753831500000,0.04118,0.04118,0.04114,0.04115,365051,1753831559999,15024.88691,61,38156,1570.11940,0
1753831560000,0.04115,0.04117,0.04114,0.04117,76734,1753831619999,3158.37609,59,35863,1476.13210,0
1753831620000,0.04117,0.04118,0.04115,0.04116,40783,1753831679999,1679.18435,43,25915,1067.10516,0
1753831680000,0.04116,0.04118,0.04115,0.04118,55194,1753831739999,2271.79277,45,46149,1899.58808,0
1753831740000,0.04118,0.04118,0.04115,0.04115,27934,1753831799999,1150.12845,29,6340,261.04475,0
1753831800000,0.04115,0.04119,0.04114,0.04119,71183,1753831859999,2929.78497,58,49259,2027.61010,0
1753831860000,0.04119,0.04120,0.04116,0.0412,93997,1753831919999,3870.97884,64,49828,2052.31941,0
1753831920000,0.04121,0.04122,0.04119,0.0412,96063,1753831979999,3958.31520,47,52632,2168.88024,0
1753831980000,0.04120,0.04121,0.04116,0.04116,158500,1753832039999,6528.65804,78,95245,3923.62951,0
1753832040000,0.04117,0.04117,0.04113,0.04113,140488,1753832099999,5779.81087,57,19358,796.71172,0
1753832100000,0.04113,0.04116,0.04113,0.04115,41119,1753832159999,1692.03979,51,18514,761.88993,0
1753832160000,0.04114,0.04115,0.04112,0.04115,71248,1753832219999,2930.42931,56,43959,1808.10710,0
1753832220000,0.04117,0.04117,0.04115,0.04115,12780,1753832279999,526.03202,28,1298,53.43209,0
1753832280000,0.04116,0.04118,0.04116,0.04118,55287,1753832339999,2276.29890,47,40476,1666.56218,0
1753832340000,0.04119,0.04126,0.04119,0.04122,167806,1753832399999,6920.14925,72,38690,1595.58204,0
1753832400000,0.04123,0.04123,0.04117,0.04117,112353,1753832459999,4628.93824,62,85718,3531.69131,0
1753832460000,0.04118,0.04119,0.04112,0.04112,158150,1753832519999,6511.93996,117,37921,1561.62147,0
1753832520000,0.04112,0.04113,0.04110,0.04111,126276,1753832579999,5192.02389,52,57831,2377.38031,0
1753832580000,0.04111,0.04111,0.04110,0.0411,84130,1753832639999,3457.75436,31,4043,166.17866,0
1753832640000,0.04110,0.04110,0.04104,0.04104,182959,1753832699999,7512.29244,55,31582,1296.29499,0
1753832700000,0.04104,0.04106,0.04102,0.04104,226207,1753832759999,9282.07683,83,165787,6802.64635,0
1753832760000,0.04103,0.04107,0.04103,0.04106,95060,1753832819999,3902.73111,53,23709,973.59892,0
1753832820000,0.04107,0.04111,0.04106,0.0411,39149,1753832879999,1608.59044,44,20373,837.26933,0
1753832880000,0.04111,0.04114,0.04111,0.04111,63953,1753832939999,2629.93778,40,30454,1252.07722,0
1753832940000,0.04113,0.04117,0.04111,0.04117,31000,1753832999999,1275.12841,44,14563,599.05700,0
1753833000000,0.04117,0.04117,0.04114,0.04117,28944,1753833059999,1191.29458,26,531,21.86127,0
1753833060000,0.04117,0.04117,0.04114,0.04114,74578,1753833119999,3068.93959,47,1000,41.14798,0
1753833120000,0.04113,0.04117,0.04113,0.04115,52080,1753833179999,2143.49350,42,26277,1081.43188,0
1753833180000,0.04115,0.04118,0.04114,0.04117,37350,1753833239999,1537.67825,33,17967,739.71992,0
1753833240000,0.04119,0.04126,0.04119,0.04126,145856,1753833299999,6013.82019,69,117787,4856.91559,0
1753833300000,0.04127,0.04129,0.04127,0.04127,94074,1753833359999,3883.17116,78,22290,920.05166,0
1753833360000,0.04125,0.04125,0.04121,0.04121,29812,1753833419999,1229.14458,37,5116,210.88152,0
1753833420000,0.04122,0.04124,0.04121,0.04124,22465,1753833479999,926.08466,36,9525,392.70054,0
1753833480000,0.04125,0.04125,0.04123,0.04123,19910,1753833539999,821.03583,30,546,22.52250,0
1753833540000,0.04123,0.04123,0.04121,0.04121,21924,1753833599999,903.79778,33,7914,326.29422,0
1753833600000,0.04121,0.04122,0.04116,0.0412,1053192,1753833659999,43376.46492,275,400838,16510.85404,0
1753833660000,0.04120,0.04121,0.04116,0.04117,845745,1753833719999,34835.45128,266,416365,17151.51966,0
1753833720000,0.04116,0.04121,0.04114,0.04115,352782,1753833779999,14528.23397,111,181398,7472.54247,0
1753833780000,0.04115,0.04116,0.04113,0.04114,29035,1753833839999,1194.83289,32,20823,856.97307,0
1753833840000,0.04113,0.04115,0.04113,0.04114,34806,1753833899999,1432.05702,36,11452,471.09232,0
1753833900000,0.04115,0.04117,0.04113,0.04113,113866,1753833959999,4685.77559,76,25502,1049.65441,0
1753833960000,0.04112,0.04113,0.04110,0.04113,151561,1753834019999,6230.81275,80,58656,2411.51620,0
1753834020000,0.04112,0.04112,0.04109,0.04112,81975,1753834079999,3369.62758,55,36649,1506.45912,0
1753834080000,0.04112,0.04112,0.04109,0.04109,22473,1753834139999,923.77008,34,8419,346.02266,0
1753834140000,0.04109,0.04110,0.04106,0.04106,418201,1753834199999,17181.42393,114,228090,9372.11563,0
1753834200000,0.04107,0.04109,0.04104,0.04105,109576,1753834259999,4500.90951,57,39980,1642.29770,0
1753834260000,0.04106,0.04108,0.04103,0.04108,177645,1753834319999,7292.30822,120,69254,2842.99760,0
1753834320000,0.04108,0.04117,0.04108,0.04117,144049,1753834379999,5923.05554,106,119880,4928.88917,0
1753834380000,0.04118,0.04118,0.04110,0.04111,80258,1753834439999,3303.70772,72,20900,860.26710,0
1753834440000,0.04112,0.04114,0.04107,0.04108,158943,1753834499999,6532.37189,68,49165,2021.86338,0
1753834500000,0.04109,0.04112,0.04108,0.04112,156646,1753834559999,6438.09677,81,65437,2689.55312,0
1753834560000,0.04111,0.04111,0.04107,0.0411,140237,1753834619999,5761.54624,58,58895,2420.05932,0
1753834620000,0.04109,0.04109,0.04105,0.04109,75308,1753834679999,3093.04529,32,66511,2731.73151,0
1753834680000,0.04108,0.04110,0.04102,0.04102,135824,1753834739999,5576.22486,65,14842,609.97039,0
1753834740000,0.04103,0.04103,0.04095,0.04095,34798,1753834799999,1426.87167,29,18188,745.74114,0
1753834800000,0.04095,0.04099,0.04095,0.04097,136581,1753834859999,5596.49518,37,32499,1331.75227,0
1753834860000,0.04095,0.04095,0.04090,0.04091,24042,1753834919999,984.21478,21,393,16.08426,0
1753834920000,0.04090,0.04090,0.04081,0.04083,383923,1753834979999,15677.27633,103,54650,2231.56714,0
1753834980000,0.04084,0.04088,0.04081,0.04082,340262,1753835039999,13893.35212,80,63415,2591.14409,0
1753835040000,0.04083,0.04085,0.04082,0.04085,34823,1753835099999,1421.85080,19,12360,504.76195,0
1753835100000,0.04084,0.04086,0.04083,0.04085,42146,1753835159999,1721.57386,35,25449,1039.59714,0
1753835160000,0.04086,0.04086,0.04082,0.04084,78544,1753835219999,3207.32876,44,48324,1973.05891,0
1753835220000,0.04087,0.04090,0.04086,0.04089,203292,1753835279999,8309.24090,61,115450,4719.18126,0
1753835280000,0.04089,0.04089,0.04086,0.04086,152613,1753835339999,6238.43383,49,65871,2692.78976,0
1753835340000,0.04086,0.04086,0.04085,0.04085,4387,1753835399999,179.24728,10,258,10.54188,0
1753835400000,0.04084,0.04086,0.04079,0.04086,79083,1753835459999,3227.60862,50,21447,875.28140,0
1753835460000,0.04086,0.04090,0.04085,0.04086,121996,1753835519999,4986.83143,47,58404,2387.74838,0
1753835520000,0.04087,0.04089,0.04087,0.04087,68190,1753835579999,2787.35608,54,13608,556.30155,0
1753835580000,0.04087,0.04087,0.04078,0.04079,89376,1753835639999,3649.04320,51,35550,1451.12686,0
1753835640000,0.04078,0.04080,0.04076,0.04077,90268,1753835699999,3680.82055,55,42553,1735.18301,0
1753835700000,0.04077,0.04085,0.04077,0.04085,404378,1753835759999,16501.96963,93,369040,15060.25500,0
1753835760000,0.04084,0.04085,0.04077,0.04079,152499,1753835819999,6222.29142,54,5370,219.07554,0
1753835820000,0.04080,0.04080,0.04076,0.04076,57506,1753835879999,2344.78380,28,3120,127.26075,0
1753835880000,0.04077,0.04078,0.04076,0.04078,38370,1753835939999,1564.24208,31,17332,706.62386,0
1753835940000,0.04079,0.04079,0.04072,0.04075,401274,1753835999999,16349.07928,82,28145,1147.21846,0
1753836000000,0.04075,0.04076,0.04070,0.0407,97117,1753836059999,3956.65642,50,51951,2117.35684,0
1753836060000,0.04069,0.04072,0.04065,0.04072,171512,1753836119999,6976.80984,85,60822,2474.24067,0
1753836120000,0.04072,0.04072,0.04068,0.04069,147039,1753836179999,5984.64912,90,2355,95.84419,0
1753836180000,0.04068,0.04068,0.04064,0.04068,207953,1753836239999,8455.24787,97,74565,3032.67983,0
1753836240000,0.04070,0.04072,0.04069,0.04072,82615,1753836299999,3362.15478,61,4525,184.17730,0
1753836300000,0.04074,0.04075,0.04064,0.04064,152166,1753836359999,6193.64815,83,16168,658.29294,0
1753836360000,0.04064,0.04065,0.04063,0.04063,55229,1753836419999,2244.89660,37,18455,750.19105,0
1753836420000,0.04063,0.04065,0.04063,0.04064,28288,1753836479999,1149.60626,26,18192,739.32932,0
1753836480000,0.04065,0.04065,0.04064,0.04064,29707,1753836539999,1207.33412,22,19851,806.75395,0
1753836540000,0.04064,0.04064,0.04058,0.04058,48668,1753836599999,1975.45520,33,7460,302.87585,0
1753836600000,0.04058,0.04063,0.04058,0.04061,181379,1753836659999,7365.24395,57,142976,5805.56448,0
1753836660000,0.04062,0.04065,0.04060,0.04065,178004,1753836719999,7232.72832,52,154057,6260.00655,0
1753836720000,0.04064,0.04074,0.04063,0.04074,164271,1753836779999,6680.96764,68,146079,5940.36105,0
1753836780000,0.04074,0.04081,0.04073,0.04081,193342,1753836839999,7881.14539,55,137016,5585.44646,0
1753836840000,0.04081,0.04082,0.04080,0.04081,225731,1753836899999,9212.28790,56,192741,7865.96864,0
1753836900000,0.04081,0.04089,0.04081,0.04088,305723,1753836959999,12493.74961,86,171648,7014.85273,0
1753836960000,0.04088,0.04090,0.04087,0.0409,145475,1753837019999,5946.45581,43,89061,3640.39416,0
1753837020000,0.04089,0.04090,0.04086,0.04089,162039,1753837079999,6624.12598,58,94714,3871.23310,0
1753837080000,0.04088,0.04089,0.04083,0.04085,602330,1753837139999,24607.85026,109,106779,4362.40342,0
1753837140000,0.04084,0.04086,0.04084,0.04086,5274,1753837199999,215.42321,13,2946,120.34769,0
1753837200000,0.04086,0.04087,0.04084,0.04087,32392,1753837259999,1323.19084,30,10881,444.54912,0
1753837260000,0.04087,0.04091,0.04087,0.04088,121895,1753837319999,4984.56108,71,19125,781.85355,0
1753837320000,0.04089,0.04089,0.04084,0.04086,136183,1753837379999,5565.96369,85,71795,2934.39157,0
1753837380000,0.04086,0.04086,0.04082,0.04084,58613,1753837439999,2392.72715,37,22793,930.46044,0
1753837440000,0.04085,0.04089,0.04085,0.04089,124675,1753837499999,5095.16943,55,89312,3649.99825,0
1753837500000,0.04088,0.04088,0.04087,0.04087,75022,1753837559999,3066.41042,44,32006,1308.25177,0
1753837560000,0.04087,0.04089,0.04085,0.04085,192355,1753837619999,7860.63199,69,20876,853.36339,0
1753837620000,0.04085,0.04088,0.04085,0.04088,63378,1753837679999,2590.46798,39,58204,2379.01003,0
1753837680000,0.04089,0.04091,0.04086,0.04086,20856,1753837739999,852.86723,24,5713,233.60018,0
1753837740000,0.04086,0.04086,0.04082,0.04083,36750,1753837799999,1500.74741,41,21532,879.23755,0
1753837800000,0.04082,0.04082,0.04075,0.04079,147171,1753837859999,6000.97559,53,31668,1291.05771,0
1753837860000,0.04080,0.04090,0.04080,0.04089,231805,1753837919999,9470.20131,105,187834,7673.14837,0
1753837920000,0.04089,0.04089,0.04084,0.04089,145042,1753837979999,5927.72034,67,10008,408.89664,0
1753837980000,0.04088,0.04089,0.04084,0.04086,117155,1753838039999,4787.92439,58,16942,692.14699,0
1753838040000,0.04086,0.04086,0.04080,0.04081,41719,1753838099999,1702.93544,25,8242,336.32428,0
1753838100000,0.04081,0.04081,0.04073,0.04076,80536,1753838159999,3282.87421,63,23160,944.20307,0
1753838160000,0.04074,0.04074,0.04063,0.04063,84168,1753838219999,3423.68924,82,41759,1698.20015,0
1753838220000,0.04063,0.04064,0.04054,0.04055,115030,1753838279999,4669.68273,111,57679,2341.35213,0
1753838280000,0.04054,0.04054,0.04046,0.04046,266938,1753838339999,10814.40474,136,137127,5555.34525,0
1753838340000,0.04046,0.04054,0.04046,0.04054,68595,1753838399999,2776.91271,69,38827,1571.82176,0
1753838400000,0.04053,0.04056,0.04051,0.04051,68805,1753838459999,2789.14911,47,34513,1399.06919,0
1753838460000,0.04052,0.04057,0.04052,0.04057,46173,1753838519999,1872.49155,41,18934,767.67740,0
1753838520000,0.04058,0.04072,0.04058,0.04071,129214,1753838579999,5251.57077,57,117543,4777.15872,0
1753838580000,0.04072,0.04072,0.04067,0.04069,141677,1753838639999,5765.02086,49,57261,2329.68530,0
1753838640000,0.04070,0.04071,0.04064,0.04064,27566,1753838699999,1121.44230,24,3021,122.93868,0
1753838700000,0.04063,0.04068,0.04062,0.04068,49663,1753838759999,2019.10889,39,33792,1373.68592,0
1753838760000,0.04067,0.04067,0.04061,0.04061,30133,1753838819999,1224.38662,36,12967,526.74824,0
1753838820000,0.04062,0.04063,0.04060,0.04062,16106,1753838879999,654.16583,24,10900,442.78499,0
1753838880000,0.04062,0.04063,0.04056,0.04056,61272,1753838939999,2486.38836,39,38011,1542.35890,0
1753838940000,0.04056,0.04062,0.04056,0.04062,38695,1753838999999,1570.39586,26,24034,975.18368,0
1753839000000,0.04063,0.04063,0.04058,0.04058,188907,1753839059999,7667.42434,62,36848,1495.77552,0
1753839060000,0.04059,0.04062,0.04057,0.04061,88835,1753839119999,3607.07369,58,71294,2894.93444,0
1753839120000,0.04062,0.04075,0.04062,0.04075,102736,1753839179999,4177.53244,58,98181,3992.17476,0
1753839180000,0.04075,0.04083,0.04073,0.04082,173253,1753839239999,7069.43021,67,106242,4335.99818,0
1753839240000,0.04081,0.04082,0.04079,0.0408,76979,1753839299999,3141.44210,37,33525,1367.92835,0
1753839300000,0.04082,0.04089,0.04082,0.04089,257185,1753839359999,10509.92263,78,183636,7505.52564,0
1753839360000,0.04090,0.04097,0.04090,0.04095,137041,1753839419999,5610.19429,99,71915,2943.87511,0
1753839420000,0.04096,0.04098,0.04092,0.04093,172548,1753839479999,7066.84595,73,69471,2845.31171,0
1753839480000,0.04094,0.04099,0.04094,0.04099,81344,1753839539999,3331.07258,43,66744,2733.14984,0
1753839540000,0.04100,0.04100,0.04094,0.04094,216541,1753839599999,8868.05544,47,42746,1751.72299,0
1753839600000,0.04092,0.04099,0.04092,0.04099,76941,1753839659999,3152.01440,47,63016,2581.76311,0
1753839660000,0.04100,0.04106,0.04098,0.04106,87459,1753839719999,3587.67402,61,57536,2360.56250,0
1753839720000,0.04105,0.04111,0.04105,0.04111,233129,1753839779999,9577.23254,92,91662,3766.49106,0
1753839780000,0.04110,0.04110,0.04104,0.04106,85146,1753839839999,3497.00092,88,32406,1330.44654,0
1753839840000,0.04107,0.04108,0.04105,0.04106,36426,1753839899999,1495.94624,42,22508,924.40473,0
1753839900000,0.04108,0.04108,0.04106,0.04108,117480,1753839959999,4825.51669,53,40275,1654.19093,0
1753839960000,0.04107,0.04116,0.04107,0.04115,361697,1753840019999,14875.41172,112,282883,11634.53600,0
1753840020000,0.04116,0.04116,0.04111,0.04112,203333,1753840079999,8361.72399,86,38480,1582.68511,0
1753840080000,0.04112,0.04116,0.04112,0.04116,132262,1753840139999,5440.02816,40,59318,2440.36083,0
1753840140000,0.04117,0.04118,0.04114,0.04114,116337,1753840199999,4788.36172,49,38842,1599.04577,0
1753840200000,0.04114,0.04116,0.04112,0.04116,92981,1753840259999,3825.67057,47,54639,2248.24917,0
1753840260000,0.04116,0.04116,0.04112,0.04113,88011,1753840319999,3619.77665,35,29445,1211.08015,0
1753840320000,0.04114,0.04115,0.04107,0.04107,68664,1753840379999,2822.92106,21,314,12.91982,0
1753840380000,0.04108,0.04111,0.04108,0.04111,52649,1753840439999,2163.65785,20,37440,1538.55039,0
1753840440000,0.04112,0.04113,0.04111,0.04111,43456,1753840499999,1786.76351,35,20947,861.34834,0
1753840500000,0.04111,0.04111,0.04110,0.04111,59710,1753840559999,2454.64498,28,33039,1358.23329,0
1753840560000,0.04110,0.04111,0.04108,0.04111,138179,1753840619999,5677.49692,50,125497,5156.43531,0
1753840620000,0.04108,0.04109,0.04103,0.04103,121210,1753840679999,4978.06455,36,66078,2714.71555,0
1753840680000,0.04103,0.04104,0.04099,0.04101,97303,1753840739999,3989.07572,39,13270,544.26992,0
1753840740000,0.04102,0.04103,0.04102,0.04102,14338,1753840799999,588.20308,23,4930,202.26682,0
1753840800000,0.04102,0.04107,0.04102,0.04106,230067,1753840859999,9445.22636,89,68306,2803.92525,0
1753840860000,0.04106,0.04106,0.04102,0.04103,305475,1753840919999,12535.39021,86,48825,2003.01447,0
1753840920000,0.04104,0.04105,0.04101,0.04101,158709,1753840979999,6512.07827,87,19409,796.38807,0
1753840980000,0.04099,0.04099,0.04094,0.04095,176091,1753841039999,7213.42506,60,53700,2200.56154,0
1753841040000,0.04096,0.04098,0.04095,0.04095,102458,1753841099999,4197.14569,43,31291,1281.98243,0
1753841100000,0.04095,0.04103,0.04095,0.04101,104733,1753841159999,4292.29004,58,79016,3238.23397,0
1753841160000,0.04100,0.04100,0.04098,0.04098,49844,1753841219999,2042.87312,26,2707,110.94379,0
1753841220000,0.04097,0.04098,0.04093,0.04098,139834,1753841279999,5725.48629,58,59978,2456.21459,0
1753841280000,0.04099,0.04105,0.04098,0.04104,110625,1753841339999,4537.31151,69,60186,2468.26448,0
1753841340000,0.04103,0.04103,0.04101,0.04103,134229,1753841399999,5506.48508,44,88273,3621.46633,0
1753841400000,0.04103,0.04103,0.04098,0.04099,102842,1753841459999,4216.50226,39,33189,1360.43335,0
1753841460000,0.04100,0.04109,0.04100,0.04109,134875,1753841519999,5535.37525,86,59054,2422.85960,0
1753841520000,0.04109,0.04116,0.04109,0.04116,80168,1753841579999,3296.70777,71,50956,2095.80812,0
1753841580000,0.04116,0.04121,0.04114,0.04121,150463,1753841639999,6193.18917,98,89316,3677.05063,0
1753841640000,0.04122,0.04127,0.04122,0.04127,185706,1753841699999,7659.00027,110,84498,3485.13292,0
1753841700000,0.04127,0.04131,0.04126,0.04131,202848,1753841759999,8373.75049,100,143907,5940.98111,0
1753841760000,0.04132,0.04133,0.04127,0.04127,179687,1753841819999,7421.73747,87,103349,4268.29283,0
1753841820000,0.04126,0.04127,0.04120,0.04121,112396,1753841879999,4633.36532,52,50917,2097.87737,0
1753841880000,0.04122,0.04124,0.04120,0.0412,125416,1753841939999,5169.11471,63,96688,3984.91782,0
1753841940000,0.04121,0.04124,0.04119,0.04119,200983,1753841999999,8284.40858,64,127371,5250.88615,0
1753842000000,0.04119,0.04122,0.04116,0.04121,448843,1753842059999,18483.13169,90,50904,2096.41369,0
1753842060000,0.04120,0.04120,0.04117,0.04117,174979,1753842119999,7206.26040,33,101155,4166.74371,0
1753842120000,0.04117,0.04123,0.04117,0.04123,103910,1753842179999,4281.16922,41,102535,4224.49405,0
1753842180000,0.04123,0.04130,0.04123,0.04124,268100,1753842239999,11061.50021,63,84517,3485.43155,0
1753842240000,0.04121,0.04121,0.04117,0.04118,149590,1753842299999,6162.11680,48,129499,5334.25681,0
1753842300000,0.04118,0.04121,0.04114,0.0412,380267,1753842359999,15666.96826,93,290404,11965.12116,0
1753842360000,0.04119,0.04119,0.04116,0.04116,96956,1753842419999,3991.67863,44,21113,869.31038,0
1753842420000,0.04118,0.04119,0.04111,0.04112,61105,1753842479999,2515.60644,35,34622,1425.59412,0
1753842480000,0.04111,0.04114,0.04111,0.04114,89382,1753842539999,3674.77185,44,75290,3095.40650,0
1753842540000,0.04116,0.04117,0.04116,0.04117,11502,1753842599999,473.47642,15,11100,456.92608,0
1753842600000,0.04116,0.04116,0.04105,0.04105,109815,1753842659999,4514.29437,58,24445,1003.95615,0
1753842660000,0.04105,0.04112,0.04104,0.04112,250620,1753842719999,10297.09216,90,214177,8799.02894,0
1753842720000,0.04112,0.04117,0.04112,0.04116,211158,1753842779999,8687.77945,76,126576,5208.05901,0
1753842780000,0.04115,0.04119,0.04114,0.04119,34278,1753842839999,1410.46011,39,12806,527.02717,0
1753842840000,0.04119,0.04127,0.04119,0.04124,116166,1753842899999,4790.19243,53,59272,2443.41934,0
1753842900000,0.04125,0.04125,0.04118,0.04118,58654,1753842959999,2418.03462,53,18833,776.62492,0
1753842960000,0.04120,0.04123,0.04120,0.0412,35275,1753843019999,1453.79159,30,16521,680.81743,0
1753843020000,0.04119,0.04120,0.04115,0.04115,29629,1753843079999,1220.24133,23,20723,853.50874,0
1753843080000,0.04115,0.04119,0.04115,0.04117,21824,1753843139999,898.67954,24,7829,322.38289,0
1753843140000,0.04116,0.04116,0.04111,0.04113,62187,1753843199999,2558.00908,33,27048,1112.97005,0
1753843200000,0.04114,0.04122,0.04114,0.04119,210858,1753843259999,8683.98714,44,131494,5415.28484,0
1753843260000,0.04119,0.04129,0.04118,0.04129,286667,1753843319999,11824.54775,73,181347,7483.00837,0
1753843320000,0.04130,0.04131,0.04128,0.04129,177934,1753843379999,7347.21753,82,34644,1430.60153,0
1753843380000,0.04127,0.04128,0.04124,0.04124,48105,1753843439999,1984.82910,37,20198,833.61701,0
1753843440000,0.04123,0.04123,0.04120,0.0412,66037,1753843499999,2721.64801,33,15394,634.40583,0
1753843500000,0.04120,0.04121,0.04115,0.04119,93056,1753843559999,3832.86813,53,34660,1427.90673,0
1753843560000,0.04119,0.04119,0.04114,0.04117,55565,1753843619999,2287.58868,42,12476,513.61421,0
1753843620000,0.04118,0.04121,0.04116,0.04121,27468,1753843679999,1131.50368,23,24284,1000.40527,0
1753843680000,0.04121,0.04124,0.04119,0.04124,38532,1753843739999,1587.91955,17,17295,712.97691,0
1753843740000,0.04123,0.04126,0.04121,0.04126,151103,1753843799999,6231.78425,63,106775,4404.44945,0
1753843800000,0.04125,0.04127,0.04121,0.04121,94123,1753843859999,3881.61203,36,19975,823.81597,0
1753843860000,0.04121,0.04122,0.04119,0.0412,37846,1753843919999,1559.19149,24,11354,467.71596,0
1753843920000,0.04120,0.04124,0.04120,0.04123,7801,1753843979999,321.55802,17,3458,142.50014,0
1753843980000,0.04120,0.04122,0.04119,0.04122,15323,1753844039999,631.19013,10,14454,595.37251,0
1753844040000,0.04121,0.04121,0.04119,0.04119,5119,1753844099999,210.89236,14,672,27.67968,0
1753844100000,0.04120,0.04124,0.04120,0.04121,39433,1753844159999,1625.54372,23,37802,1558.30888,0
1753844160000,0.04121,0.04121,0.04114,0.04116,23793,1753844219999,979.22313,25,7816,321.55799,0
1753844220000,0.04114,0.04115,0.04113,0.04115,7445,1753844279999,306.28012,16,768,31.59680,0
1753844280000,0.04116,0.04118,0.04115,0.04117,23243,1753844339999,956.79000,23,16485,678.56125,0
1753844340000,0.04118,0.04118,0.04115,0.04116,210320,1753844399999,8655.05814,34,11866,488.30806,0
1753844400000,0.04116,0.04117,0.04115,0.04116,67462,1753844459999,2776.95132,42,15736,647.74219,0
1753844460000,0.04116,0.04117,0.04111,0.04115,253823,1753844519999,10442.96317,100,158175,6507.14693,0
1753844520000,0.04113,0.04115,0.04111,0.04113,99059,1753844579999,4074.40102,53,1716,70.59624,0
1753844580000,0.04113,0.04116,0.04110,0.04116,54655,1753844639999,2247.40645,44,11596,476.77737,0
1753844640000,0.04116,0.04116,0.04113,0.04114,42010,1753844699999,1728.47688,26,15044,618.78798,0
1753844700000,0.04112,0.04112,0.04105,0.04105,33455,1753844759999,1374.98207,35,12212,502.11872,0
1753844760000,0.04105,0.04106,0.04101,0.04105,359216,1753844819999,14739.18099,99,27717,1137.28628,0
1753844820000,0.04106,0.04111,0.04106,0.0411,73600,1753844879999,3023.84337,28,60377,2480.37807,0
1753844880000,0.04109,0.04109,0.04105,0.04105,36197,1753844939999,1486.70987,27,3159,129.75609,0
1753844940000,0.04105,0.04109,0.04105,0.04109,31904,1753844999999,1310.06149,38,18155,745.48436,0
1753845000000,0.04109,0.04113,0.04109,0.0411,80177,1753845059999,3295.88576,37,8883,365.15748,0
1753845060000,0.04111,0.04112,0.04110,0.0411,41581,1753845119999,1709.13248,54,4493,184.72374,0
1753845120000,0.04109,0.04109,0.04107,0.04107,204526,1753845179999,8401.98348,118,46233,1899.34419,0
1753845180000,0.04106,0.04110,0.04104,0.0411,29390,1753845239999,1206.93015,28,12638,519.14892,0
1753845240000,0.04110,0.04114,0.04110,0.04114,82537,1753845299999,3393.14136,41,51287,2108.76636,0
1753845300000,0.04115,0.04115,0.04110,0.0411,69718,1753845359999,2867.44265,69,11847,487.26673,0
1753845360000,0.04109,0.04110,0.04108,0.04108,49699,1753845419999,2042.45828,43,22277,915.55194,0
1753845420000,0.04108,0.04117,0.04108,0.04116,64179,1753845479999,2640.93106,33,46125,1897.86040,0
1753845480000,0.04115,0.04115,0.04110,0.0411,46053,1753845539999,1893.17807,34,36199,1488.05925,0
1753845540000,0.04109,0.04111,0.04107,0.04111,23398,1753845599999,961.10818,18,12547,515.44499,0
1753845600000,0.04111,0.04113,0.04109,0.04109,86579,1753845659999,3559.74920,37,68442,2814.17125,0
1753845660000,0.04110,0.04117,0.04110,0.04117,5060,1753845719999,208.15658,18,4026,165.61939,0
1753845720000,0.04116,0.04118,0.04115,0.04118,28536,1753845779999,1174.91647,17,15777,649.63830,0
1753845780000,0.04118,0.04121,0.04117,0.04117,17180,1753845839999,707.50212,15,16073,661.91094,0
1753845840000,0.04115,0.04116,0.04111,0.04111,19550,1753845899999,804.44168,9,18814,774.17136,0
1753845900000,0.04111,0.04116,0.04111,0.04115,884482,1753845959999,36389.76711,155,754230,31030.07335,0
1753845960000,0.04113,0.04114,0.04112,0.04113,39419,1753846019999,1621.46375,18,17169,706.30881,0
1753846020000,0.04112,0.04117,0.04110,0.04117,144346,1753846079999,5939.02242,50,109238,4495.16576,0
1753846080000,0.04115,0.04119,0.04114,0.04119,291791,1753846139999,12010.44299,75,281991,11607.20269,0
1753846140000,0.04120,0.04122,0.04118,0.04121,253331,1753846199999,10438.32352,70,182583,7523.52163,0
1753846200000,0.04122,0.04123,0.04122,0.04123,67551,1753846259999,2784.97550,35,33873,1396.45134,0
1753846260000,0.04121,0.04122,0.04119,0.0412,73378,1753846319999,3023.37105,38,56411,2324.31091,0
1753846320000,0.04120,0.04122,0.04119,0.0412,109437,1753846379999,4508.57046,62,24011,989.26139,0
1753846380000,0.04120,0.04123,0.04120,0.0412,25875,1753846439999,1066.42364,22,17708,729.74821,0
1753846440000,0.04119,0.04120,0.04117,0.04119,22932,1753846499999,944.43171,27,12831,528.40792,0
1753846500000,0.04120,0.04121,0.04120,0.04121,41830,1753846559999,1723.62017,38,20871,859.97062,0
1753846560000,0.04122,0.04123,0.04121,0.04121,32612,1753846619999,1344.53028,26,12834,529.11064,0
1753846620000,0.04121,0.04122,0.04119,0.04122,36620,1753846679999,1508.81579,33,24390,1004.92614,0
1753846680000,0.04123,0.04126,0.04123,0.04126,46268,1753846739999,1908.12456,38,22612,932.47248,0
1753846740000,0.04126,0.04127,0.04125,0.04126,55720,1753846799999,2299.00315,27,18494,763.06815,0
1753846800000,0.04126,0.04129,0.04126,0.04129,127904,1753846859999,5278.60785,45,101717,4198.07418,0
1753846860000,0.04129,0.04129,0.04128,0.04129,63096,1753846919999,2605.22333,64,11957,493.70453,0
1753846920000,0.04129,0.04129,0.04126,0.04126,133133,1753846979999,5495.25417,81,44875,1852.01044,0
1753846980000,0.04126,0.04127,0.04124,0.04125,83180,1753847039999,3431.74601,69,29106,1200.95973,0
1753847040000,0.04125,0.04126,0.04124,0.04126,51451,1753847099999,2122.56547,39,16293,672.11611,0
1753847100000,0.04126,0.04126,0.04122,0.04124,49713,1753847159999,2050.25915,45,10577,436.18347,0
1753847160000,0.04122,0.04123,0.04119,0.04119,67902,1753847219999,2798.75686,30,11404,469.94583,0
1753847220000,0.04118,0.04118,0.04113,0.04113,83761,1753847279999,3446.78346,52,3243,133.44498,0
1753847280000,0.04114,0.04116,0.04114,0.04116,19087,1753847339999,785.53390,20,6572,270.41650,0
1753847340000,0.04117,0.04121,0.04117,0.04117,89427,1753847399999,3682.63616,38,73051,3008.33428,0
1753847400000,0.04116,0.04122,0.04116,0.04122,7154,1753847459999,294.74184,18,4285,176.50184,0
1753847460000,0.04122,0.04125,0.04121,0.04125,37812,1753847519999,1559.16957,35,29817,1229.61324,0
1753847520000,0.04124,0.04129,0.04121,0.04129,124132,1753847579999,5122.91454,58,89942,3712.39534,0
1753847580000,0.04128,0.04131,0.04128,0.04131,141852,1753847639999,5857.81519,47,120620,4980.77443,0
1753847640000,0.04129,0.04129,0.04123,0.04123,28759,1753847699999,1186.41555,14,15576,642.74673,0
1753847700000,0.04122,0.04122,0.04118,0.04118,154073,1753847759999,6349.19908,54,37518,1545.91828,0
1753847760000,0.04120,0.04121,0.04120,0.0412,11223,1753847819999,462.39161,14,7595,312.91801,0
1753847820000,0.04118,0.04118,0.04109,0.0411,125905,1753847879999,5177.12302,60,23089,949.08244,0
1753847880000,0.04111,0.04112,0.04109,0.0411,83178,1753847939999,3419.69073,35,25795,1060.52180,0
1753847940000,0.04109,0.04112,0.04109,0.0411,26249,1753847999999,1078.88925,22,18259,750.46474,0
1753848000000,0.04110,0.04112,0.04106,0.04107,354294,1753848059999,14554.67368,136,104740,4303.63004,0
1753848060000,0.04108,0.04110,0.04108,0.04109,41180,1753848119999,1692.15114,43,14689,603.59017,0
1753848120000,0.04110,0.04113,0.04109,0.04113,84022,1753848179999,3453.21827,72,13952,573.55243,0
1753848180000,0.04113,0.04116,0.04113,0.04116,54948,1753848239999,2260.80164,45,33234,1367.50837,0
1753848240000,0.04116,0.04116,0.04112,0.04116,127344,1753848299999,5240.38536,89,31367,1290.52967,0
1753848300000,0.04116,0.04124,0.04116,0.04124,126100,1753848359999,5196.93100,70,67057,2763.01587,0
1753848360000,0.04123,0.04123,0.04121,0.04122,152859,1753848419999,6301.62807,73,92490,3813.01530,0
1753848420000,0.04122,0.04125,0.04120,0.0412,72939,1753848479999,3007.52270,56,37784,1558.05612,0
1753848480000,0.04122,0.04122,0.04119,0.04121,13918,1753848539999,573.51415,18,4709,194.01126,0
1753848540000,0.04121,0.04126,0.04121,0.04125,93334,1753848599999,3849.62586,52,45678,1883.68076,0
1753848600000,0.04124,0.04124,0.04120,0.0412,47301,1753848659999,1949.67428,48,9799,403.77700,0
1753848660000,0.04120,0.04121,0.04118,0.0412,102320,1753848719999,4215.54041,95,32449,1336.80820,0
1753848720000,0.04120,0.04126,0.04119,0.04124,324479,1753848779999,13383.41370,125,249885,10308.33407,0
1753848780000,0.04124,0.04124,0.04123,0.04123,59335,1753848839999,2446.87925,60,3687,152.05188,0
1753848840000,0.04124,0.04125,0.04123,0.04123,46251,1753848899999,1907.72263,57,16801,692.97253,0
1753848900000,0.04124,0.04125,0.04119,0.0412,55623,1753848959999,2293.13123,76,24716,1018.90014,0
1753848960000,0.04120,0.04121,0.04119,0.04121,24086,1753849019999,992.49543,27,16080,662.61713,0
1753849020000,0.04121,0.04121,0.04116,0.04116,23890,1753849079999,984.01305,44,8792,361.88879,0
1753849080000,0.04116,0.04118,0.04113,0.04113,49492,1753849139999,2036.57519,41,4723,194.33095,0
1753849140000,0.04112,0.04113,0.04111,0.04112,29520,1753849199999,1213.78174,36,14562,598.70878,0
1753849200000,0.04111,0.04115,0.04111,0.04115,50449,1753849259999,2075.14555,33,46356,1906.85368,0
1753849260000,0.04115,0.04116,0.04114,0.04116,79163,1753849319999,3257.64264,39,50329,2071.14180,0
1753849320000,0.04115,0.04115,0.04112,0.04112,128801,1753849379999,5298.74301,60,122537,5041.07542,0
1753849380000,0.04111,0.04113,0.04111,0.04112,103870,1753849439999,4271.60073,40,89390,3676.19166,0
1753849440000,0.04112,0.04112,0.04108,0.04111,65234,1753849499999,2681.26382,42,47105,1935.85849,0
1753849500000,0.04112,0.04112,0.04110,0.0411,72603,1753849559999,2984.18140,40,59368,2440.09688,0
1753849560000,0.04109,0.04114,0.04109,0.04114,17699,1753849619999,727.99454,26,13531,556.55454,0
1753849620000,0.04114,0.04114,0.04111,0.04111,78420,1753849679999,3225.08304,40,31167,1282.14892,0
1753849680000,0.04111,0.04112,0.04108,0.04109,39805,1753849739999,1635.80058,31,26429,1086.12585,0
1753849740000,0.04110,0.04112,0.04109,0.04109,194534,1753849799999,7996.28167,54,161745,6648.73379,0
1753849800000,0.04109,0.04110,0.04101,0.04101,167288,1753849859999,6868.94405,70,76112,3125.63654,0
1753849860000,0.04102,0.04103,0.04095,0.04095,156560,1753849919999,6414.34856,78,9012,369.65113,0
1753849920000,0.04096,0.04098,0.04095,0.04096,74201,1753849979999,3040.43612,47,39343,1612.08978,0
1753849980000,0.04096,0.04098,0.04093,0.04096,108577,1753850039999,4446.21337,49,52513,2150.22302,0
1753850040000,0.04097,0.04098,0.04094,0.04094,192437,1753850099999,7884.63893,61,103052,4222.80865,0
1753850100000,0.04094,0.04096,0.04093,0.04094,97050,1753850159999,3973.44262,43,35198,1440.95383,0
1753850160000,0.04094,0.04094,0.04087,0.04087,84927,1753850219999,3473.50784,55,10238,418.47090,0
1753850220000,0.04087,0.04090,0.04085,0.04088,359123,1753850279999,14675.35532,131,126483,5170.05860,0
1753850280000,0.04088,0.04090,0.04086,0.0409,151795,1753850339999,6205.37105,73,70782,2893.72992,0
1753850340000,0.04090,0.04090,0.04085,0.04086,50244,1753850399999,2052.90794,32,3043,124.40894,0
1753850400000,0.04084,0.04085,0.04082,0.04082,271057,1753850459999,11070.13406,60,85228,3480.77296,0
1753850460000,0.04082,0.04087,0.04082,0.04087,95044,1753850519999,3880.97464,72,64463,2632.65822,0
1753850520000,0.04087,0.04087,0.04084,0.04085,85961,1753850579999,3512.05823,85,6183,252.64910,0
1753850580000,0.04086,0.04094,0.04086,0.04093,104728,1753850639999,4282.77888,62,65393,2673.98919,0
1753850640000,0.04093,0.04093,0.04093,0.04093,17993,1753850699999,736.45349,26,316,12.93388,0
1753850700000,0.04092,0.04092,0.04088,0.04088,316543,1753850759999,12950.37578,102,64776,2649.53835,0
1753850760000,0.04088,0.04092,0.04086,0.04092,225837,1753850819999,9232.74486,99,109164,4463.74832,0
1753850820000,0.04092,0.04092,0.04086,0.04086,207039,1753850879999,8466.16139,66,3459,141.42964,0
1753850880000,0.04085,0.04085,0.04082,0.04082,26382,1753850939999,1077.24212,16,2166,88.46104,0
1753850940000,0.04082,0.04085,0.04081,0.04085,47830,1753850999999,1952.51586,30,19208,784.12234,0
1753851000000,0.04085,0.04085,0.04082,0.04083,91022,1753851059999,3716.77134,25,53751,2194.54899,0
1753851060000,0.04085,0.04086,0.04083,0.04083,6149,1753851119999,251.14611,16,2550,104.14710,0
1753851120000,0.04083,0.04084,0.04082,0.04083,195512,1753851179999,7982.85640,58,188897,7712.81446,0
1753851180000,0.04084,0.04086,0.04083,0.04086,47521,1753851239999,1941.10145,24,47392,1935.83309,0
1753851240000,0.04088,0.04090,0.04086,0.04086,6079,1753851299999,248.55965,11,2871,117.41625,0
1753851300000,0.04086,0.04087,0.04085,0.04086,50954,1753851359999,2081.77107,27,17376,709.89350,0
1753851360000,0.04087,0.04091,0.04087,0.04091,4958,1753851419999,202.77338,13,2908,118.93992,0
1753851420000,0.04090,0.04090,0.04086,0.04088,18859,1753851479999,770.96250,18,4338,177.26158,0
1753851480000,0.04087,0.04087,0.04082,0.04082,29752,1753851539999,1215.34928,13,3647,149.01642,0
1753851540000,0.04082,0.04086,0.04082,0.04086,30612,1753851599999,1249.88336,23,30489,1244.85881,0
1753851600000,0.04087,0.04087,0.04084,0.04084,107196,1753851659999,4379.40629,68,23604,964.53660,0
1753851660000,0.04084,0.04084,0.04078,0.0408,125343,1753851719999,5114.80350,97,73422,2994.81216,0
1753851720000,0.04081,0.04084,0.04081,0.04083,71053,1753851779999,2900.63294,53,43705,1784.05920,0
1753851780000,0.04084,0.04091,0.04084,0.04091,103035,1753851839999,4211.43835,69,86601,3539.62411,0
1753851840000,0.04091,0.04094,0.04089,0.04093,67003,1753851899999,2741.59817,61,48944,2002.54094,0
1753851900000,0.04093,0.04095,0.04091,0.04095,58757,1753851959999,2404.43986,42,51731,2116.90820,0
1753851960000,0.04094,0.04094,0.04086,0.04089,127966,1753852019999,5233.88472,63,48674,1990.94620,0
1753852020000,0.04089,0.04090,0.04087,0.04088,211639,1753852079999,8650.85812,48,8253,337.39576,0
1753852080000,0.04088,0.04088,0.04076,0.04076,246927,1753852139999,10085.10119,58,45945,1876.79781,0
1753852140000,0.04075,0.04078,0.04072,0.04072,79444,1753852199999,3237.14624,60,23612,962.43274,0
1753852200000,0.04071,0.04074,0.04071,0.04073,85241,1753852259999,3470.57739,43,67562,2750.71936,0
1753852260000,0.04073,0.04075,0.04071,0.04074,310106,1753852319999,12632.71606,124,233160,9499.40915,0
1753852320000,0.04073,0.04077,0.04073,0.04077,87836,1753852379999,3578.67724,47,57034,2323.84688,0
1753852380000,0.04077,0.04078,0.04076,0.04076,94360,1753852439999,3846.77860,40,47187,1923.88511,0
1753852440000,0.04075,0.04077,0.04073,0.04073,84778,1753852499999,3455.36802,36,32321,1317.44156,0
1753852500000,0.04075,0.04076,0.04071,0.04071,69998,1753852559999,2850.90794,51,22264,906.91689,0
1753852560000,0.04071,0.04072,0.04067,0.04072,96268,1753852619999,3918.64233,46,67556,2750.06910,0
1753852620000,0.04072,0.04078,0.04072,0.04077,29022,1753852679999,1183.05296,28,11028,449.41691,0
1753852680000,0.04076,0.04076,0.04071,0.04073,75026,1753852739999,3055.02508,30,23463,955.25652,0
1753852740000,0.04073,0.04082,0.04073,0.04082,59256,1753852799999,2414.94444,26,56240,2291.92075,0
1753852800000,0.04082,0.04082,0.04079,0.0408,69033,1753852859999,2817.38270,27,35640,1454.37203,0
1753852860000,0.04080,0.04081,0.04078,0.04078,20522,1753852919999,837.16647,26,12783,521.54788,0
1753852920000,0.04077,0.04079,0.04075,0.04078,26188,1753852979999,1067.84204,30,19928,812.57374,0
1753852980000,0.04080,0.04084,0.04078,0.04084,10437,1753853039999,425.98487,19,6161,251.53287,0
1753853040000,0.04085,0.04092,0.04085,0.04092,344462,1753853099999,14079.51695,90,169850,6944.38768,0
1753853100000,0.04092,0.04097,0.04087,0.04097,242397,1753853159999,9913.51819,77,86936,3556.23640,0
1753853160000,0.04097,0.04102,0.04096,0.04101,49562,1753853219999,2031.23441,44,30650,1256.15589,0
1753853220000,0.04100,0.04100,0.04095,0.04096,100115,1753853279999,4101.20537,52,37695,1544.08775,0
1753853280000,0.04096,0.04099,0.04096,0.04099,37040,1753853339999,1517.42785,23,24569,1006.56449,0
1753853340000,0.04099,0.04100,0.04098,0.04099,45685,1753853399999,1872.74319,28,27277,1118.18257,0
1753853400000,0.04099,0.04105,0.04098,0.04105,165593,1753853459999,6789.78262,60,45568,1868.85821,0
1753853460000,0.04104,0.04105,0.04095,0.04095,162421,1753853519999,6660.02379,63,43497,1783.91435,0
1753853520000,0.04095,0.04096,0.04088,0.04094,105298,1753853579999,4308.80521,65,66927,2739.33825,0
1753853580000,0.04095,0.04097,0.04091,0.04092,65171,1753853639999,2668.74990,36,45381,1858.54667,0
1753853640000,0.04091,0.04092,0.04090,0.04091,43833,1753853699999,1793.12964,31,27957,1143.65328,0
1753853700000,0.04092,0.04099,0.04090,0.04098,137968,1753853759999,5646.77636,48,8748,358.05147,0
1753853760000,0.04097,0.04097,0.04094,0.04094,57225,1753853819999,2343.26434,33,25565,1046.89314,0
1753853820000,0.04095,0.04097,0.04091,0.04092,35015,1753853879999,1433.23119,42,21917,896.98640,0
1753853880000,0.04094,0.04098,0.04094,0.04098,12922,1753853939999,529.30200,15,12115,496.26338,0
1753853940000,0.04099,0.04101,0.04096,0.04096,58863,1753853999999,2412.56221,27,10947,448.87452,0
1753854000000,0.04095,0.04097,0.04094,0.04097,41775,1753854059999,1710.73111,33,14341,587.26571,0
1753854060000,0.04097,0.04099,0.04096,0.04098,90269,1753854119999,3699.47680,77,39503,1619.04560,0
1753854120000,0.04098,0.04098,0.04096,0.04098,51507,1753854179999,2110.53274,72,3396,139.16229,0
1753854180000,0.04098,0.04099,0.04096,0.04096,21413,1753854239999,877.46246,38,5894,241.53552,0
1753854240000,0.04094,0.04097,0.04093,0.04093,16994,1753854299999,695.89203,25,12472,510.69238,0
1753854300000,0.04094,0.04096,0.04093,0.04094,22037,1753854359999,902.34904,29,8765,358.95587,0
1753854360000,0.04096,0.04097,0.04087,0.04087,81752,1753854419999,3346.18588,43,16636,681.15614,0
1753854420000,0.04088,0.04092,0.04088,0.0409,73094,1753854479999,2990.10564,30,57808,2365.15227,0
1753854480000,0.04090,0.04101,0.04090,0.041,70384,1753854539999,2884.76692,41,55972,2293.99824,0
1753854540000,0.04102,0.04104,0.04102,0.04103,106342,1753854599999,4363.19481,66,59606,2445.85991,0
1753854600000,0.04103,0.04107,0.04101,0.04106,76452,1753854659999,3136.98887,33,49457,2028.95304,0
1753854660000,0.04107,0.04113,0.04107,0.04109,61099,1753854719999,2510.62815,44,29667,1219.04788,0
1753854720000,0.04108,0.04108,0.04102,0.04102,30286,1753854779999,1243.64260,34,13740,564.36903,0
1753854780000,0.04101,0.04103,0.04100,0.04101,18823,1753854839999,771.84739,26,15530,636.78962,0
1753854840000,0.04100,0.04102,0.04100,0.04101,17577,1753854899999,720.75525,22,13985,573.45641,0
1753854900000,0.04100,0.04102,0.04100,0.04102,6048,1753854959999,248.01112,14,3510,143.94035,0
1753854960000,0.04101,0.04103,0.04101,0.04102,18047,1753855019999,740.16395,18,1429,58.61467,0
1753855020000,0.04102,0.04103,0.04099,0.04099,12500,1753855079999,512.72852,23,5564,228.28787,0
1753855080000,0.04099,0.04102,0.04099,0.04102,22429,1753855139999,919.96709,14,22429,919.96709,0
1753855140000,0.04101,0.04101,0.04098,0.04098,76600,1753855199999,3140.28712,32,7760,318.00480,0
1753855200000,0.04097,0.04102,0.04096,0.041,75046,1753855259999,3076.67511,72,8097,331.97035,0
1753855260000,0.04100,0.04101,0.04097,0.04099,157302,1753855319999,6447.80786,65,51504,2111.32268,0
1753855320000,0.04100,0.04100,0.04097,0.04098,95520,1753855379999,3915.29398,56,21686,888.97994,0
1753855380000,0.04098,0.04101,0.04098,0.04101,24005,1753855439999,984.25437,22,19542,801.23235,0
1753855440000,0.04102,0.04105,0.04102,0.04105,100607,1753855499999,4127.81739,63,32750,1343.74219,0
1753855500000,0.04106,0.04106,0.04103,0.04105,22943,1753855559999,941.85971,35,3953,162.27023,0
1753855560000,0.04104,0.04107,0.04100,0.041,50208,1753855619999,2060.57878,38,1921,78.86191,0
1753855620000,0.04099,0.04102,0.04098,0.04099,79863,1753855679999,3273.97024,48,45760,1875.77777,0
1753855680000,0.04098,0.04101,0.04098,0.04101,45883,1753855739999,1880.59411,26,40402,1655.92605,0
1753855740000,0.04100,0.04102,0.04099,0.04099,9318,1753855799999,382.15236,19,3195,131.04478,0
1753855800000,0.04099,0.04101,0.04098,0.04101,12632,1753855859999,517.74446,17,5568,228.24167,0
1753855860000,0.04102,0.04104,0.04102,0.04104,44273,1753855919999,1816.17908,42,17742,727.87746,0
1753855920000,0.04104,0.04104,0.04101,0.04101,36820,1753855979999,1510.87242,46,4832,198.16032,0
1753855980000,0.04102,0.04103,0.04101,0.04103,57288,1753856039999,2350.13663,50,8511,349.17504,0
1753856040000,0.04102,0.04102,0.04096,0.04097,62557,1753856099999,2564.14897,59,30157,1235.51009,0
1753856100000,0.04098,0.04098,0.04094,0.04097,93927,1753856159999,3846.94304,59,67476,2763.68130,0
1753856160000,0.04096,0.04097,0.04093,0.04096,38178,1753856219999,1563.14724,27,21707,888.66268,0
1753856220000,0.04096,0.04097,0.04095,0.04097,22130,1753856279999,906.48288,26,7264,297.57555,0
1753856280000,0.04098,0.04099,0.04096,0.04096,36671,1753856339999,1502.87030,25,19476,798.29557,0
1753856340000,0.04098,0.04099,0.04096,0.04096,4627,1753856399999,189.58158,11,3082,126.29193,0
1753856400000,0.04095,0.04095,0.04089,0.0409,31270,1753856459999,1279.95930,33,13433,549.67356,0
1753856460000,0.04090,0.04091,0.04090,0.0409,21550,1753856519999,881.47877,17,8377,342.70307,0
1753856520000,0.04088,0.04088,0.04085,0.04088,92005,1753856579999,3760.49206,37,76794,3138.86993,0
1753856580000,0.04088,0.04091,0.04088,0.04091,67846,1753856639999,2775.43187,19,65283,2670.63209,0
1753856640000,0.04091,0.04091,0.04090,0.0409,49435,1753856699999,2021.98735,18,5501,225.04591,0
1753856700000,0.04089,0.04091,0.04088,0.04091,74541,1753856759999,3048.84253,39,65018,2659.45204,0
1753856760000,0.04091,0.04096,0.04091,0.04096,29159,1753856819999,1193.73806,31,20445,837.08324,0
1753856820000,0.04096,0.04098,0.04094,0.04094,76674,1753856879999,3140.20209,42,27678,1133.62871,0
1753856880000,0.04093,0.04095,0.04093,0.04095,33012,1753856939999,1351.32734,26,27276,1116.49965,0
1753856940000,0.04095,0.04097,0.04095,0.04095,93324,1753856999999,3822.35959,39,15041,616.15037,0
1753857000000,0.04096,0.04098,0.04095,0.04097,35223,1753857059999,1442.78519,55,25417,1041.14051,0
1753857060000,0.04098,0.04100,0.04097,0.04097,93807,1753857119999,3845.09958,45,36873,1511.60767,0
1753857120000,0.04096,0.04097,0.04093,0.04097,25174,1753857179999,1031.16332,15,10441,427.69996,0
1753857180000,0.04095,0.04095,0.04092,0.04092,51180,1753857239999,2094.98198,22,9919,405.88548,0
1753857240000,0.04092,0.04092,0.04087,0.04087,113665,1753857299999,4646.01922,39,42612,1741.55553,0
1753857300000,0.04088,0.04089,0.04085,0.04085,21752,1753857359999,889.19978,27,13572,554.88466,0
1753857360000,0.04086,0.04086,0.04077,0.04077,161949,1753857419999,6609.63511,72,24047,981.30164,0
1753857420000,0.04078,0.04080,0.04078,0.04079,58907,1753857479999,2402.85540,29,39046,1592.71922,0
1753857480000,0.04081,0.04082,0.04079,0.04081,22379,1753857539999,913.17669,14,5329,217.48973,0
1753857540000,0.04079,0.04086,0.04079,0.04086,64513,1753857599999,2633.87191,28,63086,2575.66071,0
1753857600000,0.04086,0.04089,0.04084,0.04089,90570,1753857659999,3701.53062,39,6009,245.56722,0
1753857660000,0.04090,0.04093,0.04090,0.04093,46826,1753857719999,1915.68573,40,34451,1409.43226,0
1753857720000,0.04094,0.04096,0.04094,0.04095,133126,1753857779999,5451.44745,56,109331,4476.93027,0
1753857780000,0.04095,0.04095,0.04093,0.04094,256209,1753857839999,10488.38562,110,134492,5505.62869,0
1753857840000,0.04093,0.04094,0.04091,0.04094,69660,1753857899999,2850.71626,59,7613,311.54880,0
1753857900000,0.04093,0.04094,0.04087,0.04091,70432,1753857959999,2880.45274,61,5965,243.91154,0
1753857960000,0.04091,0.04093,0.04091,0.04093,15801,1753858019999,646.46764,23,12622,516.41475,0
1753858020000,0.04094,0.04095,0.04089,0.04091,35739,1753858079999,1462.08197,32,2058,84.23833,0
1753858080000,0.04091,0.04093,0.04091,0.04093,49406,1753858139999,2021.54436,34,37763,1545.02914,0
1753858140000,0.04094,0.04094,0.04093,0.04094,60765,1753858199999,2487.58584,33,12686,519.36108,0
1753858200000,0.04094,0.04095,0.04094,0.04094,13178,1753858259999,539.61053,14,9452,387.05304,0
1753858260000,0.04093,0.04095,0.04092,0.04095,19817,1753858319999,811.13244,21,9028,369.55538,0
1753858320000,0.04096,0.04099,0.04096,0.04099,59818,1753858379999,2450.73930,43,46078,1887.82005,0
1753858380000,0.04099,0.04100,0.04097,0.04097,14055,1753858439999,576.03050,27,3951,161.95737,0
1753858440000,0.04096,0.04096,0.04092,0.04092,7807,1753858499999,319.56190,12,2486,101.74602,0
1753858500000,0.04091,0.04094,0.04091,0.04094,188599,1753858559999,7719.75147,29,187596,7678.69868,0
1753858560000,0.04094,0.04094,0.04092,0.04092,11512,1753858619999,471.19897,23,1079,44.15268,0
1753858620000,0.04094,0.04094,0.04092,0.04092,2554,1753858679999,104.54304,9,0,0,0
1753858680000,0.04093,0.04093,0.04089,0.04089,15460,1753858739999,632.51507,19,152,6.22136,0
1753858740000,0.04089,0.04091,0.04089,0.0409,16843,1753858799999,688.76627,20,11337,463.61482,0
1753858800000,0.04089,0.04095,0.04089,0.04093,106893,1753858859999,4375.10446,50,62593,2562.18682,0
1753858860000,0.04092,0.04101,0.04092,0.04101,189882,1753858919999,7781.22459,75,159753,6548.10699,0
1753858920000,0.04101,0.04101,0.04093,0.04094,721480,1753858979999,29559.95981,331,480550,19691.31222,0
1753858980000,0.04095,0.04099,0.04094,0.04098,377915,1753859039999,15479.15664,108,233247,9554.88790,0
1753859040000,0.04098,0.04098,0.04092,0.04092,783940,1753859099999,32105.85466,200,405158,16593.56991,0
1753859100000,0.04092,0.04096,0.04090,0.04094,639990,1753859159999,26191.78893,136,439724,17996.46251,0
1753859160000,0.04094,0.04095,0.04091,0.04094,789579,1753859219999,32313.31103,162,345891,14156.43726,0
1753859220000,0.04093,0.04094,0.04091,0.04091,403413,1753859279999,16512.61840,91,241751,9895.51970,0
1753859280000,0.04091,0.04093,0.04090,0.0409,141003,1753859339999,5769.22738,48,57569,2355.79002,0
1753859340000,0.04089,0.04089,0.04081,0.04081,492757,1753859399999,20139.40190,101,67895,2774.16924,0
1753859400000,0.04082,0.04082,0.04071,0.04076,265805,1753859459999,10830.32167,102,46210,1882.43547,0
1753859460000,0.04077,0.04079,0.04076,0.04076,152708,1753859519999,6226.39076,88,66694,2719.84369,0
1753859520000,0.04077,0.04077,0.04071,0.04071,79917,1753859579999,3256.54067,91,7675,312.75900,0
1753859580000,0.04072,0.04072,0.04067,0.04068,112477,1753859639999,4576.18906,51,46679,1899.22944,0
1753859640000,0.04067,0.04067,0.04064,0.04066,265092,1753859699999,10777.46166,81,20835,847.30890,0
1753859700000,0.04068,0.04068,0.04061,0.04061,72461,1753859759999,2945.33744,44,4178,169.91598,0
1753859760000,0.04061,0.04063,0.04060,0.04062,79266,1753859819999,3219.21089,51,24038,976.31949,0
1753859820000,0.04062,0.04063,0.04060,0.04062,62238,1753859879999,2528.20882,35,5363,217.83648,0
1753859880000,0.04063,0.04065,0.04061,0.04061,31739,1753859939999,1289.70241,26,16328,663.63502,0
1753859940000,0.04061,0.04061,0.04059,0.04059,62192,1753859999999,2524.90551,31,25710,1043.94743,0
1753860000000,0.04059,0.04061,0.04057,0.0406,256933,1753860059999,10430.97576,56,91024,3695.51394,0
1753860060000,0.04060,0.04062,0.04059,0.04061,202655,1753860119999,8230.14300,54,184062,7475.27287,0
1753860120000,0.04061,0.04063,0.04060,0.04063,140858,1753860179999,5720.93801,41,119284,4844.83282,0
1753860180000,0.04064,0.04064,0.04061,0.04062,24671,1753860239999,1002.11560,25,8112,329.48980,0
1753860240000,0.04062,0.04064,0.04062,0.04063,135822,1753860299999,5518.44332,23,125203,5086.99929,0
1753860300000,0.04062,0.04063,0.04059,0.04061,102614,1753860359999,4168.33338,42,36261,1473.23404,0
1753860360000,0.04061,0.04061,0.04059,0.0406,11532,1753860419999,468.19543,14,8032,326.07732,0
1753860420000,0.04062,0.04066,0.04062,0.04066,152210,1753860479999,6184.82742,61,106801,4339.85975,0
1753860480000,0.04067,0.04072,0.04066,0.04072,91351,1753860539999,3716.31028,51,36172,1471.40430,0
1753860540000,0.04071,0.04072,0.04067,0.04072,121473,1753860599999,4942.38162,52,69755,2838.09401,0
1753860600000,0.04073,0.04076,0.04071,0.04075,273018,1753860659999,11120.49047,86,112763,4594.42417,0
1753860660000,0.04076,0.04076,0.04069,0.0407,108490,1753860719999,4417.69858,54,41310,1681.50347,0
1753860720000,0.04069,0.04070,0.04060,0.0406,287454,1753860779999,11687.72631,98,178605,7261.55631,0
1753860780000,0.04061,0.04066,0.04061,0.04064,120335,1753860839999,4889.30819,63,62576,2542.21883,0
1753860840000,0.04063,0.04065,0.04059,0.04059,135526,1753860899999,5508.18454,40,126618,5146.38333,0
1753860900000,0.04059,0.04065,0.04059,0.04061,65186,1753860959999,2647.20888,61,55367,2248.31312,0
1753860960000,0.04060,0.04065,0.04060,0.04065,61797,1753861019999,2510.08999,44,54321,2206.39031,0
1753861020000,0.04065,0.04066,0.04060,0.04061,51020,1753861079999,2073.15917,35,36220,1471.75109,0
1753861080000,0.04061,0.04061,0.04054,0.04057,159213,1753861139999,6459.90106,61,43176,1751.15352,0
1753861140000,0.04057,0.04057,0.04045,0.04045,213314,1753861199999,8639.66396,83,53808,2179.44440,0
1753861200000,0.04046,0.04047,0.04043,0.04045,256954,1753861259999,10393.86265,89,144044,5826.42603,0
1753861260000,0.04047,0.04051,0.04047,0.04048,174128,1753861319999,7051.13107,103,70698,2862.76925,0
1753861320000,0.04047,0.04048,0.04046,0.04046,43064,1753861379999,1742.52191,54,14546,588.54024,0
1753861380000,0.04046,0.04050,0.04046,0.04049,72672,1753861439999,2941.43248,39,55463,2244.54297,0
1753861440000,0.04053,0.04053,0.04048,0.04048,159332,1753861499999,6456.85314,71,112043,4541.06307,0
1753861500000,0.04047,0.04049,0.04046,0.04046,136878,1753861559999,5539.68233,98,28892,1169.47719,0
1753861560000,0.04045,0.04046,0.04042,0.04043,85211,1753861619999,3446.73333,63,57435,2323.47528,0
1753861620000,0.04044,0.04046,0.04043,0.04043,42171,1753861679999,1705.62766,27,21531,870.81122,0
1753861680000,0.04043,0.04045,0.04042,0.04045,120251,1753861739999,4861.51417,39,41309,1670.41784,0
1753861740000,0.04045,0.04048,0.04045,0.04048,161762,1753861799999,6544.79073,41,82986,3357.67696,0
1753861800000,0.04048,0.04051,0.04047,0.04051,146294,1753861859999,5923.78964,44,76113,3082.10683,0
1753861860000,0.04051,0.04052,0.04047,0.04047,59949,1753861919999,2428.00849,35,15212,616.25441,0
1753861920000,0.04046,0.04048,0.04043,0.04043,151697,1753861979999,6135.80923,45,72365,2927.64281,0
1753861980000,0.04043,0.04045,0.04039,0.04039,221768,1753862039999,8963.49821,80,36341,1468.92736,0
1753862040000,0.04039,0.04043,0.04037,0.04041,290400,1753862099999,11730.88335,85,91847,3709.45822,0
1753862100000,0.04041,0.04041,0.04035,0.04037,595545,1753862159999,24046.15956,130,198741,8024.10558,0
1753862160000,0.04036,0.04037,0.04033,0.04035,92598,1753862219999,3735.97372,39,6613,266.83636,0
1753862220000,0.04036,0.04039,0.04036,0.04039,68033,1753862279999,2747.03871,36,54312,2193.06147,0
1753862280000,0.04039,0.04044,0.04039,0.04043,55266,1753862339999,2233.94317,38,54070,2185.58889,0
1753862340000,0.04043,0.04046,0.04041,0.04046,30992,1753862399999,1252.94469,33,21559,871.66822,0
1753862400000,0.04045,0.04046,0.04039,0.04039,59015,1753862459999,2385.29398,48,4134,167.09610,0
1753862460000,0.04039,0.04041,0.04038,0.04039,86815,1753862519999,3507.56585,48,86132,3479.98373,0
1753862520000,0.04040,0.04041,0.04040,0.0404,63690,1753862579999,2573.40290,48,40415,1632.94265,0
1753862580000,0.04040,0.04048,0.04040,0.04047,91749,1753862639999,3711.67196,51,70729,2860.99503,0
1753862640000,0.04046,0.04046,0.04043,0.04043,19432,1753862699999,785.89906,20,11852,479.30278,0
1753862700000,0.04042,0.04042,0.04039,0.04039,214895,1753862759999,8681.12937,75,138771,5605.51650,0
1753862760000,0.04038,0.04041,0.04036,0.04041,358669,1753862819999,14486.40540,74,260401,10517.45665,0
1753862820000,0.04042,0.04043,0.04041,0.04043,59843,1753862879999,2418.85871,34,43489,1757.87183,0
1753862880000,0.04043,0.04052,0.04043,0.04052,214840,1753862939999,8695.68293,95,195987,7932.81706,0
1753862940000,0.04052,0.04052,0.04043,0.04043,231725,1753862999999,9377.04059,82,75300,3049.09611,0
1753863000000,0.04042,0.04044,0.04040,0.04042,344811,1753863059999,13937.68522,98,118673,4797.05705,0
1753863060000,0.04041,0.04042,0.04037,0.04037,96313,1753863119999,3890.33897,47,18176,734.46534,0
1753863120000,0.04037,0.04039,0.04026,0.04028,566221,1753863179999,22830.53145,148,328827,13266.02687,0
1753863180000,0.04028,0.04028,0.04022,0.04024,328677,1753863239999,13229.09522,132,274066,11031.11364,0
1753863240000,0.04025,0.04027,0.04025,0.04026,96909,1753863299999,3901.59655,44,11356,457.23740,0
1753863300000,0.04025,0.04026,0.04023,0.04024,74252,1753863359999,2988.35354,65,41209,1658.65424,0
1753863360000,0.04023,0.04029,0.04021,0.04028,304303,1753863419999,12242.71918,92,145007,5835.18709,0
1753863420000,0.04029,0.04036,0.04029,0.0403,81717,1753863479999,3296.32603,50,52961,2136.33021,0
1753863480000,0.04030,0.04033,0.04029,0.04029,316416,1753863539999,12753.99360,74,91593,3692.35060,0
1753863540000,0.04029,0.04037,0.04029,0.04037,24003,1753863599999,967.78078,20,19086,769.55761,0
1753863600000,0.04036,0.04036,0.04028,0.04029,55026,1753863659999,2218.24953,26,21293,858.65782,0
1753863660000,0.04029,0.04033,0.04029,0.04032,84451,1753863719999,3404.79628,31,83258,3356.71501,0
1753863720000,0.04032,0.04033,0.04031,0.04032,27384,1753863779999,1104.24394,24,5944,239.69896,0
1753863780000,0.04032,0.04037,0.04032,0.04037,158493,1753863839999,6394.82781,47,121485,4901.19660,0
1753863840000,0.04035,0.04035,0.04032,0.04032,37310,1753863899999,1504.83546,29,10803,435.76459,0
1753863900000,0.04031,0.04033,0.04031,0.04033,39830,1753863959999,1605.95510,33,7520,303.17821,0
1753863960000,0.04032,0.04035,0.04032,0.04034,76581,1753864019999,3089.53146,33,59382,2395.78854,0
1753864020000,0.04034,0.04036,0.04033,0.04035,54873,1753864079999,2213.78988,24,36939,1490.16873,0
1753864080000,0.04036,0.04036,0.04033,0.04033,28029,1753864139999,1130.97473,18,13279,535.94044,0
1753864140000,0.04033,0.04042,0.04033,0.04042,339440,1753864199999,13708.89283,91,318199,12851.57316,0
1753864200000,0.04042,0.04046,0.04038,0.04046,84747,1753864259999,3424.71876,61,46469,1878.29730,0
1753864260000,0.04045,0.04045,0.04034,0.04034,76286,1753864319999,3080.86525,58,29661,1197.18421,0
1753864320000,0.04034,0.04035,0.04031,0.04035,116019,1753864379999,4678.74127,54,59916,2415.94837,0
1753864380000,0.04035,0.04037,0.04031,0.04031,89757,1753864439999,3621.01628,55,40231,1623.44277,0
1753864440000,0.04033,0.04037,0.04033,0.04037,60128,1753864499999,2425.86682,33,36982,1492.18911,0
1753864500000,0.04037,0.04047,0.04036,0.04046,96189,1753864559999,3887.72384,42,64866,2621.02840,0
1753864560000,0.04046,0.04057,0.04046,0.04052,122950,1753864619999,4980.13561,73,62492,2531.61684,0
1753864620000,0.04052,0.04058,0.04051,0.04058,133835,1753864679999,5425.19919,59,109774,4450.26278,0
1753864680000,0.04059,0.04061,0.04057,0.04061,117313,1753864739999,4761.40634,43,45631,1852.27324,0
1753864740000,0.04061,0.04063,0.04061,0.04062,181240,1753864799999,7361.75465,46,156551,6359.02478,0
1753864800000,0.04061,0.04063,0.04060,0.04063,70382,1753864859999,2858.20495,37,21354,867.30600,0
1753864860000,0.04064,0.04064,0.04056,0.04057,142005,1753864919999,5764.38023,92,45604,1851.78704,0
1753864920000,0.04058,0.04065,0.04058,0.04065,185272,1753864979999,7522.80308,83,163546,6640.63247,0
1753864980000,0.04064,0.04065,0.04063,0.04064,82524,1753865039999,3353.65109,44,44770,1819.45035,0
1753865040000,0.04064,0.04065,0.04062,0.04064,70505,1753865099999,2865.28373,30,55679,2262.90927,0
1753865100000,0.04064,0.04065,0.04063,0.04065,151781,1753865159999,6167.50057,49,29342,1192.39310,0
1753865160000,0.04066,0.04068,0.04065,0.04065,65476,1753865219999,2663.06610,36,35904,1460.50557,0
1753865220000,0.04066,0.04071,0.04066,0.0407,389348,1753865279999,15843.88224,79,372019,15138.63481,0
1753865280000,0.04071,0.04072,0.04068,0.04068,55899,1753865339999,2274.65974,33,8452,344.08709,0
1753865340000,0.04069,0.04069,0.04066,0.04067,84825,1753865399999,3449.68995,32,33192,1349.66448,0
1753865400000,0.04067,0.04067,0.04060,0.04063,137885,1753865459999,5605.50077,50,29804,1211.20164,0
1753865460000,0.04063,0.04065,0.04061,0.04064,250399,1753865519999,10171.48962,49,37484,1523.20950,0
1753865520000,0.04065,0.04066,0.04061,0.04061,194029,1753865579999,7884.92402,59,37037,1504.60329,0
1753865580000,0.04061,0.04066,0.04061,0.04066,16497,1753865639999,670.16534,13,15536,631.13109,0
1753865640000,0.04065,0.04065,0.04059,0.04059,37013,1753865699999,1502.86253,33,275,11.16660,0
1753865700000,0.04059,0.04059,0.04054,0.04055,44311,1753865759999,1798.04143,35,4470,181.34530,0
1753865760000,0.04055,0.04057,0.04054,0.04057,70500,1753865819999,2859.21020,32,61678,2501.48380,0
1753865820000,0.04056,0.04057,0.04054,0.04054,68185,1753865879999,2765.18837,45,14935,605.76051,0
1753865880000,0.04054,0.04058,0.04054,0.04055,55201,1753865939999,2238.70311,27,35119,1424.18784,0
1753865940000,0.04055,0.04056,0.04049,0.04049,60819,1753865999999,2465.84079,31,32147,1303.65003,0
1753866000000,0.04049,0.04052,0.04044,0.04047,226415,1753866059999,9162.23690,96,172841,6993.72185,0
1753866060000,0.04046,0.04047,0.04039,0.04039,306776,1753866119999,12403.92091,106,130866,5293.41002,0
1753866120000,0.04038,0.04041,0.04038,0.04041,128212,1753866179999,5178.70068,65,35720,1442.71239,0
1753866180000,0.04041,0.04048,0.04041,0.04048,213915,1753866239999,8651.45552,86,129351,5231.28853,0
1753866240000,0.04048,0.04052,0.04047,0.04047,110521,1753866299999,4475.73476,55,54171,2193.46091,0
1753866300000,0.04048,0.04060,0.04048,0.04059,104956,1753866359999,4255.97930,72,75256,3051.63241,0
1753866360000,0.04060,0.04063,0.04058,0.04063,61492,1753866419999,2496.75290,68,17938,728.38996,0
1753866420000,0.04063,0.04063,0.04058,0.04061,47481,1753866479999,1927.79759,48,26865,1090.61688,0
1753866480000,0.04062,0.04065,0.04060,0.04061,47027,1753866539999,1910.72563,39,6073,246.71019,0
1753866540000,0.04062,0.04063,0.04057,0.04061,37893,1753866599999,1538.71979,40,6585,267.35285,0
1753866600000,0.04061,0.04063,0.04053,0.04055,144773,1753866659999,5875.02513,91,15283,620.00124,0
1753866660000,0.04056,0.04056,0.04048,0.04048,43273,1753866719999,1753.90911,67,21834,885.41268,0
1753866720000,0.04048,0.04052,0.04044,0.04044,108580,1753866779999,4394.88240,62,17124,693.24909,0
1753866780000,0.04046,0.04050,0.04045,0.04046,80163,1753866839999,3244.10449,54,19817,801.90880,0
1753866840000,0.04048,0.04050,0.04045,0.04047,1403295,1753866899999,56805.09577,74,69069,2796.07565,0
1753866900000,0.04046,0.04047,0.04043,0.04044,107192,1753866959999,4336.31022,63,63039,2550.33901,0
1753866960000,0.04043,0.04046,0.04041,0.04046,106633,1753867019999,4311.86232,51,72889,2947.62685,0
1753867020000,0.04047,0.04047,0.04045,0.04045,23564,1753867079999,953.36791,24,11427,462.41453,0
1753867080000,0.04046,0.04050,0.04046,0.04048,54012,1753867139999,2186.51705,35,27667,1119.95649,0
1753867140000,0.04047,0.04047,0.04044,0.04046,13198,1753867199999,533.94734,20,10386,420.20194,0
1753867200000,0.04046,0.04050,0.04046,0.04046,22705,1753867259999,918.82899,32,14408,583.09831,0
1753867260000,0.04044,0.04045,0.04043,0.04045,22810,1753867319999,922.41417,33,7959,321.86705,0
1753867320000,0.04045,0.04047,0.04044,0.04046,32643,1753867379999,1320.75893,23,11285,456.46920,0
1753867380000,0.04046,0.04047,0.04041,0.04043,23129,1753867439999,935.68894,17,22171,896.96336,0
1753867440000,0.04043,0.04043,0.04036,0.04036,40252,1753867499999,1625.80921,41,9199,371.64257,0
1753867500000,0.04036,0.04039,0.04036,0.04037,54299,1753867559999,2192.17141,48,43052,1738.04198,0
1753867560000,0.04038,0.04040,0.04036,0.04036,91002,1753867619999,3674.13542,52,53906,2176.33987,0
1753867620000,0.04036,0.04038,0.04032,0.04036,132984,1753867679999,5365.64587,71,35852,1446.90320,0
1753867680000,0.04037,0.04038,0.04035,0.04036,32306,1753867739999,1304.13719,19,9926,400.65960,0
1753867740000,0.04035,0.04035,0.04031,0.04034,130272,1753867799999,5253.24488,55,40622,1638.05080,0
1753867800000,0.04035,0.04035,0.04023,0.04023,214236,1753867859999,8628.75823,96,127831,5149.47940,0
1753867860000,0.04023,0.04025,0.04013,0.04022,535996,1753867919999,21536.81088,220,241951,9722.70026,0
1753867920000,0.04022,0.04023,0.04021,0.04022,201437,1753867979999,8100.83904,70,120720,4854.91844,0
1753867980000,0.04023,0.04030,0.04023,0.04026,155688,1753868039999,6269.26592,133,77136,3106.08125,0
1753868040000,0.04027,0.04029,0.04026,0.04026,163335,1753868099999,6577.57400,90,116462,4690.30599,0
1753868100000,0.04026,0.04032,0.04026,0.04029,300603,1753868159999,12109.13000,126,128512,5177.56757,0
1753868160000,0.04029,0.04029,0.04021,0.04021,405780,1753868219999,16335.32122,181,114477,4608.37908,0
1753868220000,0.04020,0.04022,0.04016,0.0402,282300,1753868279999,11344.97282,131,125693,5051.84454,0
1753868280000,0.04020,0.04020,0.04014,0.04018,231337,1753868339999,9292.36366,135,110709,4447.60826,0
1753868340000,0.04018,0.04022,0.04017,0.04018,231478,1753868399999,9303.54712,121,202723,8147.97190,0
1753868400000,0.04019,0.04024,0.04015,0.04019,180333,1753868459999,7249.96643,104,67686,2721.21612,0
1753868460000,0.04019,0.04022,0.04014,0.04022,146745,1753868519999,5894.23266,146,37006,1486.70110,0
1753868520000,0.04022,0.04026,0.04020,0.04023,529818,1753868579999,21319.14505,185,444954,17904.14339,0
1753868580000,0.04023,0.04026,0.04022,0.04022,79769,1753868639999,3209.54924,100,34762,1398.79304,0
1753868640000,0.04021,0.04023,0.04018,0.04019,51315,1753868699999,2063.38369,72,6673,268.35989,0
1753868700000,0.04020,0.04022,0.04016,0.04021,91060,1753868759999,3659.35006,97,55837,2243.77679,0
1753868760000,0.04021,0.04025,0.04019,0.04021,37121,1753868819999,1493.02037,83,4248,170.81751,0
1753868820000,0.04021,0.04026,0.04021,0.04024,30682,1753868879999,1234.52426,71,26243,1055.89372,0
1753868880000,0.04023,0.04025,0.04020,0.04021,17436,1753868939999,701.29856,81,2801,112.68335,0
1753868940000,0.04021,0.04027,0.04021,0.04025,17439,1753868999999,701.96961,90,12686,510.66519,0
1753869000000,0.04025,0.04027,0.04021,0.04026,268645,1753869059999,10804.90785,128,51011,2052.86658,0
1753869060000,0.04027,0.04028,0.04025,0.04026,177976,1753869119999,7166.70878,51,60428,2433.72273,0
1753869120000,0.04027,0.04029,0.04025,0.04025,119092,1753869179999,4795.99998,38,59799,2408.73662,0
1753869180000,0.04025,0.04029,0.04025,0.04025,58958,1753869239999,2373.83443,25,27325,1100.50053,0
1753869240000,0.04025,0.04025,0.04021,0.04021,67365,1753869299999,2710.06656,26,2258,90.81658,0
1753869300000,0.04022,0.04028,0.04020,0.04028,129345,1753869359999,5202.55757,41,31543,1268.91010,0
1753869360000,0.04026,0.04027,0.04024,0.04027,35547,1753869419999,1430.97208,32,4504,181.36313,0
1753869420000,0.04026,0.04029,0.04025,0.04029,26540,1753869479999,1068.90815,29,19408,781.84515,0
1753869480000,0.04030,0.04030,0.04027,0.04027,55668,1753869539999,2242.75257,28,16131,650.05386,0
1753869540000,0.04028,0.04028,0.04023,0.04023,58438,1753869599999,2352.77485,15,14216,571.93180,0
1753869600000,0.04023,0.04026,0.04021,0.04026,217462,1753869659999,8748.09292,98,69469,2795.26879,0
1753869660000,0.04026,0.04028,0.04025,0.04028,85882,1753869719999,3458.00327,46,30858,1242.75015,0
1753869720000,0.04028,0.04029,0.04024,0.04025,166414,1753869779999,6700.96365,82,29850,1201.85385,0
1753869780000,0.04025,0.04034,0.04025,0.04031,216461,1753869839999,8725.62821,84,139469,5622.82676,0
1753869840000,0.04031,0.04036,0.04031,0.04035,68914,1753869899999,2778.86390,39,27997,1129.20407,0
1753869900000,0.04034,0.04038,0.04032,0.04033,314416,1753869959999,12688.84661,86,85859,3465.53132,0
1753869960000,0.04033,0.04035,0.04032,0.04035,89995,1753870019999,3629.82722,38,54880,2213.48030,0
1753870020000,0.04035,0.04035,0.04032,0.04033,36324,1753870079999,1465.25441,31,10909,440.00802,0
1753870080000,0.04032,0.04032,0.04025,0.0403,27682,1753870139999,1115.09641,31,18333,738.37393,0
1753870140000,0.04031,0.04031,0.04028,0.04029,42943,1753870199999,1730.46727,25,3271,131.84115,0
1753870200000,0.04030,0.04032,0.04028,0.04032,90880,1753870259999,3662.34773,54,42732,1722.32487,0
1753870260000,0.04033,0.04038,0.04033,0.04038,79794,1753870319999,3220.77140,52,67544,2726.45182,0
1753870320000,0.04038,0.04040,0.04035,0.04035,36254,1753870379999,1463.75227,36,9714,392.29094,0
1753870380000,0.04035,0.04036,0.04031,0.04031,28603,1753870439999,1154.09607,30,10657,430.07668,0
1753870440000,0.04030,0.04033,0.04030,0.04032,60582,1753870499999,2442.18766,27,42814,1725.91096,0
1753870500000,0.04033,0.04034,0.04030,0.04031,101939,1753870559999,4110.99877,51,49256,1986.73215,0
1753870560000,0.04031,0.04035,0.04030,0.04033,27095,1753870619999,1092.58078,37,16295,657.08658,0
1753870620000,0.04032,0.04032,0.04025,0.04025,13115,1753870679999,528.69755,25,0,0,0
1753870680000,0.04024,0.04033,0.04024,0.04032,115844,1753870739999,4666.51401,52,79789,3215.59718,0
1753870740000,0.04031,0.04038,0.04031,0.04038,75060,1753870799999,3027.24078,42,58647,2365.34051,0
1753870800000,0.04038,0.04038,0.04034,0.04036,27875,1753870859999,1124.67886,27,13896,560.71062,0
1753870860000,0.04037,0.04038,0.04035,0.04038,20578,1753870919999,830.85419,24,2157,87.07214,0
1753870920000,0.04038,0.04040,0.04035,0.04035,60044,1753870979999,2424.49214,46,37042,1495.69975,0
1753870980000,0.04035,0.04037,0.04035,0.04037,9638,1753871039999,388.99053,18,4337,175.04217,0
1753871040000,0.04040,0.04042,0.04038,0.04042,56274,1753871099999,2272.98435,35,38304,1547.32319,0
1753871100000,0.04042,0.04046,0.04041,0.04046,39553,1753871159999,1599.58091,42,31680,1281.24851,0
1753871160000,0.04045,0.04045,0.04038,0.04039,37245,1753871219999,1505.64323,28,20926,846.03298,0
1753871220000,0.04040,0.04042,0.04037,0.04039,60016,1753871279999,2424.18351,32,29869,1206.27523,0
1753871280000,0.04038,0.04039,0.04037,0.04039,24542,1753871339999,991.01145,14,2635,106.40279,0
1753871340000,0.04040,0.04041,0.04035,0.04035,28308,1753871399999,1143.31665,33,6158,248.77104,0
1753871400000,0.04034,0.04034,0.04026,0.04026,30270,1753871459999,1220.15310,46,406,16.36585,0
1753871460000,0.04026,0.04036,0.04026,0.04036,26640,1753871519999,1074.18645,26,10742,433.08094,0
1753871520000,0.04035,0.04039,0.04034,0.04039,94183,1753871579999,3800.69793,74,46274,1867.81660,0
1753871580000,0.04040,0.04043,0.04039,0.04043,50983,1753871639999,2059.95121,42,10320,417.16686,0
1753871640000,0.04043,0.04044,0.04038,0.04038,68053,1753871699999,2751.24042,43,17666,714.28985,0
1753871700000,0.04038,0.04042,0.04038,0.04042,93181,1753871759999,3765.45672,49,53962,2180.56038,0
1753871760000,0.04042,0.04043,0.04041,0.04041,82975,1753871819999,3354.08982,49,11600,468.93284,0
1753871820000,0.04041,0.04045,0.04039,0.04039,34220,1753871879999,1383.51924,34,7813,316.02183,0
1753871880000,0.04040,0.04040,0.04037,0.04038,57816,1753871939999,2335.14277,40,19841,801.38029,0
1753871940000,0.04038,0.04042,0.04038,0.04042,55851,1753871999999,2255.84542,32,26207,1058.52553,0
1753872000000,0.04042,0.04043,0.04041,0.04041,86801,1753872059999,3508.89668,53,46478,1878.97947,0
1753872060000,0.04040,0.04040,0.04038,0.0404,65626,1753872119999,2650.96259,75,8519,344.10066,0
1753872120000,0.04040,0.04040,0.04032,0.04032,58975,1753872179999,2381.45979,61,784,31.62128,0
1753872180000,0.04033,0.04035,0.04033,0.04035,14845,1753872239999,598.80337,22,8527,343.94535,0
1753872240000,0.04036,0.04036,0.04031,0.04031,50658,1753872299999,2042.96704,31,18290,737.45630,0
1753872300000,0.04031,0.04034,0.04031,0.04034,55739,1753872359999,2248.21628,30,24214,976.58588,0
1753872360000,0.04034,0.04036,0.04033,0.04034,69222,1753872419999,2793.13708,38,22920,924.89738,0
1753872420000,0.04034,0.04034,0.04029,0.04029,19267,1753872479999,776.82694,30,2113,85.23187,0
1753872480000,0.04030,0.04030,0.04027,0.04027,29963,1753872539999,1207.05274,26,143,5.76147,0
1753872540000,0.04026,0.04026,0.04019,0.0402,100242,1753872599999,4033.61736,54,38149,1534.96254,0
1753872600000,0.04020,0.04020,0.04012,0.04012,236133,1753872659999,9482.33333,84,9958,399.94186,0
1753872660000,0.04012,0.04012,0.04006,0.04006,380810,1753872719999,15266.37510,101,238944,9578.98538,0
1753872720000,0.04006,0.04008,0.03995,0.03997,1675202,1753872779999,66987.07945,364,281471,11258.38841,0
1753872780000,0.03996,0.04000,0.03991,0.03999,412751,1753872839999,16490.54330,147,219072,8754.35737,0
1753872840000,0.03999,0.03999,0.03997,0.03997,130125,1753872899999,5201.75923,49,38440,1536.79779,0
1753872900000,0.03997,0.03999,0.03995,0.03997,237334,1753872959999,9488.42479,73,190322,7609.74863,0
1753872960000,0.03996,0.03997,0.03994,0.03996,90905,1753873019999,3631.88803,52,16003,639.54913,0
1753873020000,0.03997,0.03997,0.03987,0.03996,2295537,1753873079999,91638.53263,303,434508,17350.04452,0
1753873080000,0.03997,0.03997,0.03988,0.03988,539466,1753873139999,21543.21944,125,188058,7511.39019,0
1753873140000,0.03987,0.03990,0.03980,0.03989,424420,1753873199999,16910.47519,127,89812,3579.18539,0
1753873200000,0.03989,0.03995,0.03989,0.03989,339538,1753873259999,13556.89753,167,200173,7993.29186,0
1753873260000,0.03989,0.03992,0.03989,0.03992,181234,1753873319999,7231.65111,84,98197,3918.31137,0
1753873320000,0.03993,0.03995,0.03991,0.03993,149049,1753873379999,5952.30221,93,67228,2684.71170,0
1753873380000,0.03994,0.04000,0.03994,0.03996,129103,1753873439999,5160.79022,77,81810,3270.15800,0
1753873440000,0.03997,0.04000,0.03997,0.03999,96329,1753873499999,3851.14615,52,71536,2860.14288,0
1753873500000,0.03999,0.04005,0.03999,0.04004,102835,1753873559999,4115.25126,41,88017,3521.98559,0
1753873560000,0.04004,0.04004,0.03996,0.03999,101275,1753873619999,4049.48108,80,62598,2502.40044,0
1753873620000,0.04000,0.04001,0.03998,0.03999,41375,1753873679999,1654.44079,35,19494,779.61241,0
1753873680000,0.03998,0.04002,0.03996,0.04002,276492,1753873739999,11053.70246,67,129480,5178.24529,0
1753873740000,0.04002,0.04003,0.03999,0.04001,249646,1753873799999,9990.13069,60,169429,6780.75796,0
1753873800000,0.04002,0.04005,0.04002,0.04005,26433,1753873859999,1058.11242,38,11133,445.69239,0
1753873860000,0.04005,0.04013,0.04005,0.04009,158405,1753873919999,6350.86055,109,98347,3942.04364,0
1753873920000,0.04009,0.04009,0.04007,0.04008,69748,1753873979999,2795.64096,79,19531,782.82418,0
1753873980000,0.04009,0.04009,0.04004,0.04004,131028,1753874039999,5250.37965,87,20254,811.65495,0
1753874040000,0.04004,0.04007,0.04003,0.04006,186576,1753874099999,7474.16543,78,181850,7284.91165,0
1753874100000,0.04006,0.04009,0.04003,0.04003,186916,1753874159999,7490.45900,86,154007,6172.21231,0
1753874160000,0.04002,0.04003,0.03997,0.03997,92630,1753874219999,3706.17005,68,45504,1821.12819,0
1753874220000,0.03997,0.03998,0.03983,0.03991,820470,1753874279999,32723.02610,214,481847,19215.23266,0
1753874280000,0.03992,0.03997,0.03987,0.03987,215870,1753874339999,8620.50444,69,122622,4896.76752,0
1753874340000,0.03986,0.03988,0.03964,0.03974,3290734,1753874399999,130749.55216,609,412039,16383.91355,0
1753874400000,0.03974,0.03980,0.03972,0.03977,646809,1753874459999,25715.49910,164,336980,13397.69020,0
1753874460000,0.03977,0.03986,0.03976,0.03986,644729,1753874519999,25674.92389,214,137080,5460.50616,0
1753874520000,0.03986,0.03988,0.03983,0.03988,133946,1753874579999,5339.37459,90,76842,3063.39272,0
1753874580000,0.03987,0.03987,0.03980,0.03985,972476,1753874639999,38766.70187,62,106829,4256.11449,0
1753874640000,0.03985,0.03985,0.03972,0.03973,190571,1753874699999,7576.47527,87,71373,2837.87611,0
1753874700000,0.03972,0.03975,0.03959,0.03966,739387,1753874759999,29313.20452,258,226352,8978.04724,0
1753874760000,0.03965,0.03967,0.03960,0.03964,605312,1753874819999,23993.29781,215,321794,12755.39141,0
1753874820000,0.03965,0.03967,0.03961,0.03965,575328,1753874879999,22802.30885,122,266740,10575.61183,0
1753874880000,0.03966,0.03976,0.03966,0.0397,441394,1753874939999,17527.79487,143,313537,12451.24306,0
1753874940000,0.03972,0.03973,0.03965,0.03966,126114,1753874999999,5005.24479,64,73052,2899.42832,0
1753875000000,0.03967,0.03973,0.03967,0.03972,179028,1753875059999,7107.68098,97,91053,3615.28039,0
1753875060000,0.03971,0.03972,0.03969,0.03972,161173,1753875119999,6398.87166,50,154354,6128.17943,0
1753875120000,0.03973,0.03975,0.03969,0.03969,262807,1753875179999,10440.34606,49,120155,4773.03879,0
1753875180000,0.03971,0.03984,0.03971,0.03982,153050,1753875239999,6089.01634,72,104622,4161.72260,0
1753875240000,0.03982,0.03982,0.03977,0.03977,57763,1753875299999,2298.47741,43,37534,1493.67896,0
1753875300000,0.03976,0.03981,0.03976,0.03981,70804,1753875359999,2816.43067,44,57485,2286.73286,0
1753875360000,0.03981,0.03983,0.03973,0.03973,70318,1753875419999,2797.43969,43,33451,1331.55175,0
1753875420000,0.03974,0.03977,0.03972,0.03975,148393,1753875479999,5898.29485,67,36385,1446.30341,0
1753875480000,0.03975,0.03976,0.03970,0.03974,92183,1753875539999,3662.76609,32,43328,1721.76147,0
1753875540000,0.03973,0.03979,0.03972,0.03979,54665,1753875599999,2173.77658,45,50185,1995.72516,0
1753875600000,0.03980,0.03984,0.03974,0.03974,142430,1753875659999,5669.21881,54,98472,3919.88819,0
1753875660000,0.03974,0.03975,0.03967,0.03969,369421,1753875719999,14669.59029,97,111360,4419.79694,0
1753875720000,0.03969,0.03972,0.03966,0.03972,106919,1753875779999,4244.29868,48,82027,3256.59232,0
1753875780000,0.03972,0.03973,0.03961,0.03961,230620,1753875839999,9143.98901,73,48667,1928.80461,0
1753875840000,0.03961,0.03964,0.03958,0.03962,486575,1753875899999,19265.96258,132,135183,5354.24038,0
1753875900000,0.03961,0.03965,0.03960,0.03965,388007,1753875959999,15375.36727,84,219629,8704.80015,0
1753875960000,0.03965,0.03970,0.03964,0.0397,215106,1753876019999,8531.33381,73,103431,4102.80873,0
1753876020000,0.03970,0.03972,0.03965,0.03965,135636,1753876079999,5381.98600,49,54073,2146.74395,0
1753876080000,0.03966,0.03975,0.03965,0.03969,120522,1753876139999,4786.61114,53,93426,3710.92467,0
1753876140000,0.03970,0.03970,0.03955,0.03956,2115615,1753876199999,83756.40193,308,388383,15372.41460,0
1753876200000,0.03955,0.03961,0.03950,0.03958,7010348,1753876259999,277043.30383,564,1852920,73280.32808,0
1753876260000,0.03957,0.03958,0.03954,0.03955,592789,1753876319999,23448.99894,125,406354,16075.54372,0
1753876320000,0.03956,0.03967,0.03956,0.03965,675478,1753876379999,26768.23040,169,494874,19609.01677,0
1753876380000,0.03963,0.03964,0.03959,0.0396,135264,1753876439999,5358.57845,71,38855,1539.41564,0
1753876440000,0.03961,0.03961,0.03953,0.03958,246419,1753876499999,9752.33378,101,90286,3573.17823,0
1753876500000,0.03958,0.03958,0.03951,0.03951,708683,1753876559999,28016.57964,140,123302,4875.71337,0
1753876560000,0.03951,0.03957,0.03951,0.03957,826739,1753876619999,32691.20439,153,537937,21271.30218,0
1753876620000,0.03958,0.03966,0.03958,0.03965,375209,1753876679999,14867.13680,95,249556,9887.59723,0
1753876680000,0.03966,0.03973,0.03965,0.03973,129038,1753876739999,5123.19446,83,99559,3952.63577,0
1753876740000,0.03971,0.03971,0.03962,0.03964,640515,1753876799999,25405.15355,125,52152,2069.63907,0
1753876800000,0.03965,0.03966,0.03959,0.0396,1380157,1753876859999,54689.61692,239,440324,17453.05067,0
1753876860000,0.03958,0.03960,0.03951,0.03953,1041569,1753876919999,41199.52020,183,213234,8432.99461,0
1753876920000,0.03953,0.03958,0.03951,0.03953,1027610,1753876979999,40626.33269,210,521611,20624.63316,0
1753876980000,0.03952,0.03954,0.03951,0.03954,1194477,1753877039999,47210.90639,165,719035,28423.17876,0
1753877040000,0.03953,0.03957,0.03951,0.03952,860060,1753877099999,34000.08932,139,412181,16299.84046,0
1753877100000,0.03952,0.03956,0.03950,0.0395,5327272,1753877159999,210458.40316,250,446908,17666.71768,0
1753877160000,0.03950,0.03950,0.03941,0.03944,2488421,1753877219999,98248.91474,273,356289,14059.17657,0
1753877220000,0.03943,0.03950,0.03943,0.0395,376318,1753877279999,14853.77292,131,296606,11708.21214,0
1753877280000,0.03949,0.03956,0.03948,0.03953,374576,1753877339999,14803.37809,150,270256,10681.97371,0
1753877340000,0.03955,0.03955,0.03950,0.03954,294930,1753877399999,11658.25109,127,216540,8559.70538,0
1753877400000,0.03955,0.03960,0.03954,0.03955,451790,1753877459999,17878.67642,195,375057,14842.45708,0
1753877460000,0.03955,0.03955,0.03951,0.03952,151188,1753877519999,5976.45254,104,97719,3863.04227,0
1753877520000,0.03953,0.03964,0.03953,0.03959,296611,1753877579999,11739.62900,133,253052,10014.39792,0
1753877580000,0.03961,0.03966,0.03956,0.03965,117623,1753877639999,4659.01983,88,79151,3134.86825,0
1753877640000,0.03965,0.03965,0.03962,0.03962,161439,1753877699999,6399.19425,82,27323,1083.10365,0
1753877700000,0.03961,0.03962,0.03945,0.03947,490747,1753877759999,19390.61535,253,198240,7827.53481,0
1753877760000,0.03946,0.03959,0.03945,0.03954,601936,1753877819999,23797.51682,206,226406,8950.91259,0
1753877820000,0.03953,0.03958,0.03951,0.03954,211895,1753877879999,8379.96762,106,97774,3865.69667,0
1753877880000,0.03954,0.03964,0.03954,0.03955,521979,1753877939999,20669.07225,161,377865,14962.79887,0
1753877940000,0.03955,0.03958,0.03953,0.03957,79997,1753877999999,3164.16847,64,63431,2509.09752,0
1753878000000,0.03956,0.03964,0.03955,0.03963,131595,1753878059999,5210.49056,76,99350,3934.36538,0
1753878060000,0.03963,0.03967,0.03960,0.03967,249271,1753878119999,9882.29727,101,219133,8687.79807,0
1753878120000,0.03967,0.03989,0.03967,0.03989,1772665,1753878179999,70536.91331,432,1392152,55388.64851,0
1753878180000,0.03988,0.03993,0.03985,0.03988,466722,1753878239999,18621.86794,115,169573,6765.54062,0
1753878240000,0.03988,0.03993,0.03984,0.03993,301892,1753878299999,12037.38069,76,117894,4702.64939,0
1753878300000,0.03993,0.03998,0.03992,0.03992,802954,1753878359999,32076.10356,158,224773,8978.24681,0
1753878360000,0.03992,0.03995,0.03991,0.03995,68565,1753878419999,2737.42103,55,54020,2156.73392,0
1753878420000,0.03994,0.03994,0.03988,0.03988,84142,1753878479999,3357.90177,52,32698,1305.12840,0
1753878480000,0.03987,0.03987,0.03983,0.03987,192053,1753878539999,7655.41678,69,110334,4397.78548,0
1753878540000,0.03986,0.03989,0.03983,0.03989,500124,1753878599999,19933.11712,145,139616,5564.85018,0
1753878600000,0.03990,0.03997,0.03988,0.03991,239720,1753878659999,9573.49029,90,166654,6657.09087,0
1753878660000,0.03991,0.03991,0.03980,0.0398,293703,1753878719999,11702.01655,99,157567,6275.70804,0
1753878720000,0.03979,0.03981,0.03972,0.03972,244494,1753878779999,9727.33355,87,190716,7589.02170,0
1753878780000,0.03972,0.03978,0.03971,0.03977,104438,1753878839999,4151.14263,57,59144,2350.51602,0
1753878840000,0.03977,0.03983,0.03977,0.0398,78944,1753878899999,3141.37964,46,7803,310.59166,0
1753878900000,0.03979,0.03981,0.03975,0.03976,59528,1753878959999,2367.22080,48,11245,447.21914,0
1753878960000,0.03974,0.03977,0.03971,0.03971,96570,1753879019999,3837.44070,59,24317,966.36757,0
1753879020000,0.03972,0.03980,0.03971,0.03979,184368,1753879079999,7329.48855,62,135845,5400.45145,0
1753879080000,0.03981,0.03984,0.03978,0.03982,34786,1753879139999,1384.82112,43,16770,667.69031,0
1753879140000,0.03983,0.03987,0.03982,0.03987,49861,1753879199999,1986.33075,31,49256,1962.23875,0
1753879200000,0.03988,0.03991,0.03983,0.03985,80972,1753879259999,3228.42431,57,60277,2403.45817,0
1753879260000,0.03984,0.03985,0.03981,0.03985,312409,1753879319999,12441.69925,130,95461,3802.53036,0
1753879320000,0.03986,0.03991,0.03970,0.03972,1055253,1753879379999,42015.83535,285,243029,9667.08720,0
1753879380000,0.03972,0.03978,0.03972,0.03973,162933,1753879439999,6477.55378,89,127337,5062.24777,0
1753879440000,0.03972,0.03976,0.03971,0.03973,307505,1753879499999,12223.70371,103,263842,10488.51707,0
1753879500000,0.03973,0.03978,0.03971,0.03974,292864,1753879559999,11639.76412,117,208509,8287.14339,0
1753879560000,0.03974,0.03980,0.03972,0.0398,47063,1753879619999,1870.68371,56,31573,1255.34482,0
1753879620000,0.03980,0.03984,0.03979,0.03984,68044,1753879679999,2709.30220,55,36567,1455.97722,0
1753879680000,0.03983,0.03983,0.03973,0.03977,3216274,1753879739999,127884.98269,157,2835777,112753.18740,0
1753879740000,0.03980,0.03984,0.03979,0.03982,866397,1753879799999,34498.51613,157,556337,22154.74789,0
1753879800000,0.03981,0.03988,0.03981,0.03986,3072992,1753879859999,122487.30312,555,2191934,87373.64580,0
1753879860000,0.03986,0.03991,0.03985,0.03989,1015448,1753879919999,40496.75852,167,896751,35764.09744,0
1753879920000,0.03988,0.03998,0.03987,0.03997,6721992,1753879979999,268346.35166,524,5337250,213072.48530,0
1753879980000,0.03997,0.04001,0.03995,0.03999,1533245,1753880039999,61307.76727,171,942183,37674.35473,0
1753880040000,0.03999,0.03999,0.03995,0.03995,2700165,1753880099999,107951.47405,41,28259,1129.32721,0
1753880100000,0.03997,0.04001,0.03994,0.04001,279789,1753880159999,11180.55481,72,156222,6244.28098,0
1753880160000,0.04002,0.04006,0.04001,0.04005,351068,1753880219999,14056.84065,83,274586,10994.73472,0
1753880220000,0.04007,0.04007,0.03997,0.04,936186,1753880279999,37463.43365,207,502316,20100.18689,0
1753880280000,0.04000,0.04001,0.03997,0.03999,390592,1753880339999,15616.85059,92,230120,9201.15957,0
1753880340000,0.04000,0.04000,0.03994,0.03994,167598,1753880399999,6697.11064,52,88048,3518.35321,0
1753880400000,0.03995,0.04003,0.03995,0.04001,1084951,1753880459999,43383.24870,229,900138,35991.77575,0
1753880460000,0.04000,0.04007,0.03992,0.03997,5882653,1753880519999,235160.02522,651,1492415,59680.76714,0
1753880520000,0.03998,0.03998,0.03982,0.03987,6065461,1753880579999,242167.55987,527,499783,19939.86607,0
1753880580000,0.03987,0.03992,0.03987,0.03992,366595,1753880639999,14623.08644,109,159237,6351.06362,0
1753880640000,0.03993,0.03994,0.03980,0.0398,1466387,1753880699999,58490.83241,267,523497,20893.70953,0
1753880700000,0.03979,0.03984,0.03974,0.03984,460750,1753880759999,18324.03133,173,209212,8319.86394,0
1753880760000,0.03984,0.03994,0.03984,0.03992,2432505,1753880819999,97068.45309,286,1987681,79327.45731,0
1753880820000,0.03993,0.03993,0.03981,0.03986,896566,1753880879999,35736.58235,225,131958,5261.75711,0
1753880880000,0.03987,0.03987,0.03979,0.0398,624065,1753880939999,24860.40569,165,87079,3469.66949,0
1753880940000,0.03981,0.03984,0.03976,0.03979,888120,1753880999999,35345.15260,176,155016,6170.66324,0
1753881000000,0.03980,0.03985,0.03972,0.03974,6128325,1753881059999,243799.35840,427,1262370,50189.14588,0
1753881060000,0.03974,0.03975,0.03961,0.03968,1921402,1753881119999,76216.06912,385,328906,13040.55316,0
1753881120000,0.03967,0.03969,0.03964,0.03965,975237,1753881179999,38687.02383,211,171726,6811.78155,0
1753881180000,0.03965,0.03967,0.03962,0.03964,1334591,1753881239999,52912.02847,257,128697,5101.98395,0
1753881240000,0.03964,0.03964,0.03952,0.03962,1832113,1753881299999,72513.24417,336,539387,21348.98748,0
1753881300000,0.03962,0.03970,0.03958,0.03967,893064,1753881359999,35398.46828,187,392715,15569.90727,0
1753881360000,0.03967,0.03971,0.03962,0.0397,1975975,1753881419999,78354.05435,323,527721,20927.33679,0
1753881420000,0.03969,0.03970,0.03956,0.03959,2163579,1753881479999,85696.56354,413,398314,15781.15986,0
1753881480000,0.03959,0.03974,0.03959,0.03969,11042101,1753881539999,438067.78715,1192,4642051,184160.66964,0
1753881540000,0.03969,0.03969,0.03960,0.03964,2709220,1753881599999,107400.52173,257,542873,21529.92014,0
1753881600000,0.03964,0.03966,0.03947,0.03948,3645742,1753881659999,144172.85480,414,710917,28115.57261,0
1753881660000,0.03949,0.03955,0.03939,0.03954,10107832,1753881719999,398820.35850,747,4255337,167909.91541,0
1753881720000,0.03955,0.03958,0.03951,0.03953,3144404,1753881779999,124348.03897,273,787541,31153.80049,0
1753881780000,0.03954,0.03958,0.03953,0.03953,1866862,1753881839999,73840.79425,215,1128373,44636.72195,0
1753881840000,0.03953,0.03959,0.03952,0.03957,2617458,1753881899999,103518.34752,262,1486801,58807.61844,0
1753881900000,0.03958,0.03974,0.03953,0.03972,15199750,1753881959999,602115.89409,1705,9233641,365921.11710,0
1753881960000,0.03972,0.03975,0.03966,0.0397,6492452,1753882019999,257899.29556,574,4501766,178856.83522,0
1753882020000,0.03969,0.03973,0.03964,0.03968,2904225,1753882079999,115299.97543,367,2401995,95371.49013,0
1753882080000,0.03968,0.03974,0.03968,0.03968,1680546,1753882139999,66732.91799,214,1168871,46411.61398,0
1753882140000,0.03968,0.03970,0.03965,0.03967,333379,1753882199999,13226.40048,108,117909,4678.08700,0
1753882200000,0.03967,0.03970,0.03965,0.03968,266871,1753882259999,10587.11512,114,188562,7480.53532,0
1753882260000,0.03968,0.03977,0.03967,0.03967,501827,1753882319999,19929.19405,176,265493,10546.61423,0
1753882320000,0.03968,0.03969,0.03958,0.03964,840066,1753882379999,33308.14074,213,269789,10698.21323,0
1753882380000,0.03965,0.03972,0.03965,0.03972,333577,1753882439999,13238.88271,136,202579,8038.32985,0
1753882440000,0.03971,0.03973,0.03968,0.03973,374125,1753882499999,14853.74320,149,167354,6644.95708,0
1753882500000,0.03973,0.03984,0.03973,0.03981,767179,1753882559999,30537.95808,229,244478,9730.27466,0
1753882560000,0.03980,0.03981,0.03975,0.03979,616919,1753882619999,24541.43341,181,274661,10924.78371,0
1753882620000,0.03980,0.03983,0.03976,0.03982,383752,1753882679999,15272.95524,150,187306,7456.14746,0
1753882680000,0.03982,0.03988,0.03979,0.03988,534439,1753882739999,21289.26001,134,302016,12033.58952,0
1753882740000,0.03988,0.03993,0.03983,0.03983,403551,1753882799999,16103.76352,153,126165,5033.72283,0
1753882800000,0.03982,0.03986,0.03981,0.03982,414357,1753882859999,16502.79481,134,223539,8903.69053,0
1753882860000,0.03984,0.03987,0.03984,0.03984,195700,1753882919999,7800.04279,149,156104,6221.98943,0
1753882920000,0.03985,0.03985,0.03975,0.03975,454023,1753882979999,18067.95410,113,70229,2795.44562,0
1753882980000,0.03976,0.03980,0.03974,0.03978,220474,1753883039999,8767.43576,97,140240,5577.67813,0
1753883040000,0.03979,0.03982,0.03978,0.03978,269377,1753883099999,10720.33706,84,61561,2450.05932,0
1753883100000,0.03979,0.03988,0.03979,0.03988,163811,1753883159999,6527.65539,95,86800,3457.80457,0
1753883160000,0.03988,0.03993,0.03988,0.03993,274533,1753883219999,10956.47776,117,102719,4099.62923,0
1753883220000,0.03993,0.03994,0.03985,0.03985,694170,1753883279999,27687.56123,147,116743,4656.42005,0
1753883280000,0.03985,0.03989,0.03985,0.03989,299060,1753883339999,11921.64977,100,137580,5484.65379,0
1753883340000,0.03988,0.03988,0.03975,0.03975,89217,1753883399999,3552.33540,54,49430,1968.37424,0
1753883400000,0.03975,0.03976,0.03972,0.03972,66314,1753883459999,2635.62468,51,29004,1152.76385,0
1753883460000,0.03972,0.03980,0.03971,0.03976,111632,1753883519999,4438.25630,80,82271,3270.98699,0
1753883520000,0.03977,0.03985,0.03976,0.03982,218383,1753883579999,8686.92807,84,44873,1785.49361,0
1753883580000,0.03984,0.03985,0.03980,0.03984,250145,1753883639999,9963.72703,79,217509,8663.96367,0
1753883640000,0.03983,0.03984,0.03978,0.03984,120592,1753883699999,4799.44509,55,47652,1897.34480,0
1753883700000,0.03985,0.03987,0.03985,0.03987,182694,1753883759999,7282.63299,85,117346,4677.87392,0
1753883760000,0.03988,0.03989,0.03980,0.0398,88969,1753883819999,3543.42664,64,37587,1496.77897,0
1753883820000,0.03981,0.03996,0.03981,0.03994,937435,1753883879999,37399.53905,224,778063,31037.41535,0
1753883880000,0.03993,0.03994,0.03989,0.03994,426467,1753883939999,17023.07328,85,157755,6298.49458,0
1753883940000,0.03995,0.03995,0.03990,0.03992,103823,1753883999999,4145.17711,58,30782,1229.34228,0
1753884000000,0.03991,0.03992,0.03986,0.03986,370326,1753884059999,14772.58181,118,120083,4789.97129,0
1753884060000,0.03986,0.03989,0.03986,0.03989,314633,1753884119999,12548.41380,102,259590,10353.23318,0
1753884120000,0.03989,0.03989,0.03987,0.03989,71779,1753884179999,2862.39358,67,35897,1431.61411,0
1753884180000,0.03990,0.03991,0.03986,0.03986,103167,1753884239999,4114.45415,67,41601,1659.15009,0
1753884240000,0.03986,0.03988,0.03986,0.03988,131726,1753884299999,5251.90127,57,64099,2555.76081,0
1753884300000,0.03989,0.03994,0.03989,0.03991,423501,1753884359999,16904.88104,122,193913,7742.60183,0
1753884360000,0.03992,0.03992,0.03987,0.0399,68390,1753884419999,2728.88404,77,31978,1276.14371,0
1753884420000,0.03991,0.03991,0.03985,0.03987,294414,1753884479999,11739.06796,61,246164,9814.68258,0
1753884480000,0.03987,0.03989,0.03986,0.03986,175752,1753884539999,7009.14052,54,151725,6051.05192,0
1753884540000,0.03987,0.03990,0.03987,0.03987,37754,1753884599999,1505.56732,40,26248,1046.68697,0
1753884600000,0.03986,0.03986,0.03983,0.03986,316139,1753884659999,12595.45013,93,49565,1974.99669,0
1753884660000,0.03986,0.03988,0.03981,0.03981,149678,1753884719999,5963.57742,113,57209,2280.19234,0
1753884720000,0.03981,0.03985,0.03977,0.03985,332214,1753884779999,13220.18934,159,168404,6703.79552,0
1753884780000,0.03985,0.03987,0.03984,0.03987,131760,1753884839999,5251.54604,84,74256,2959.69136,0
1753884840000,0.03987,0.03992,0.03987,0.03992,523297,1753884899999,20880.18249,70,444901,17751.53009,0
1753884900000,0.03993,0.04000,0.03993,0.03994,366896,1753884959999,14668.02932,140,188214,7522.99025,0
1753884960000,0.03995,0.03995,0.03988,0.03988,465579,1753885019999,18589.34101,117,143020,5709.17982,0
1753885020000,0.03989,0.03991,0.03985,0.03985,219892,1753885079999,8770.40938,83,144671,5771.58999,0
1753885080000,0.03986,0.03994,0.03986,0.03993,98590,1753885139999,3934.92388,58,68424,2730.87972,0
1753885140000,0.03995,0.03996,0.03992,0.03996,99157,1753885199999,3960.97391,65,22692,906.50544,0
1753885200000,0.03997,0.04005,0.03997,0.04005,271451,1753885259999,10861.20087,105,158477,6341.63427,0
1753885260000,0.04006,0.04011,0.04003,0.04011,405182,1753885319999,16235.78232,127,194733,7804.59591,0
1753885320000,0.04011,0.04014,0.04008,0.04014,236180,1753885379999,9472.14510,105,126671,5081.02792,0
1753885380000,0.04014,0.04017,0.04013,0.04017,338423,1753885439999,13587.17681,116,126593,5084.10353,0
1753885440000,0.04017,0.04017,0.04006,0.04006,173509,1753885499999,6965.16610,72,15819,634.64038,0
1753885500000,0.04007,0.04010,0.04003,0.04008,336261,1753885559999,13474.67328,114,106358,4261.86956,0
1753885560000,0.04006,0.04006,0.04002,0.04006,127506,1753885619999,5104.98759,73,46070,1844.66134,0
1753885620000,0.04005,0.04005,0.03997,0.03999,20697,1753885679999,827.73503,37,3573,142.91756,0
1753885680000,0.04000,0.04001,0.03997,0.03997,19924,1753885739999,796.92093,32,11181,447.23905,0
1753885740000,0.03996,0.03996,0.03993,0.03996,97477,1753885799999,3894.51417,57,10616,424.13118,0
1753885800000,0.03996,0.04005,0.03996,0.04005,300626,1753885859999,12024.34093,135,125462,5019.94337,0
1753885860000,0.04005,0.04006,0.04002,0.04005,318480,1753885919999,12750.64010,110,122671,4912.05827,0
1753885920000,0.04006,0.04010,0.04001,0.04005,192488,1753885979999,7711.55448,124,115421,4623.96193,0
1753885980000,0.04005,0.04005,0.03999,0.04001,91067,1753886039999,3644.17292,67,21047,842.39141,0
1753886040000,0.04002,0.04004,0.03997,0.03997,913463,1753886099999,36541.82814,139,668596,26744.20075,0
1753886100000,0.03997,0.03999,0.03996,0.03996,350692,1753886159999,14017.32217,137,153965,6154.13275,0
1753886160000,0.03996,0.03998,0.03994,0.03998,134679,1753886219999,5381.54240,72,66740,2667.13971,0
1753886220000,0.03998,0.04002,0.03998,0.03999,175869,1753886279999,7035.05294,88,103952,4158.62184,0
1753886280000,0.04000,0.04004,0.04000,0.04,107092,1753886339999,4285.56993,55,58075,2324.38555,0
1753886340000,0.04000,0.04000,0.03997,0.04,54478,1753886399999,2178.17233,38,48296,1930.98706,0
1753886400000,0.04002,0.04012,0.04002,0.04012,156316,1753886459999,6260.10643,90,75758,3035.24593,0
1753886460000,0.04011,0.04012,0.04007,0.04009,214972,1753886519999,8619.06732,127,94380,3784.57782,0
1753886520000,0.04007,0.04007,0.04002,0.04003,131942,1753886579999,5283.55169,89,69650,2788.85668,0
1753886580000,0.04003,0.04010,0.04003,0.0401,72787,1753886639999,2916.08969,81,65766,2634.72605,0
1753886640000,0.04008,0.04010,0.04007,0.0401,66439,1753886699999,2663.78738,53,57429,2302.58765,0
1753886700000,0.04009,0.04010,0.04005,0.0401,118932,1753886759999,4765.04323,68,49952,2001.47424,0
1753886760000,0.04011,0.04017,0.04011,0.04017,106949,1753886819999,4294.10675,73,86868,3488.04186,0
1753886820000,0.04017,0.04019,0.04013,0.04016,237126,1753886879999,9522.51470,75,75263,3022.92363,0
1753886880000,0.04016,0.04021,0.04016,0.04021,164483,1753886939999,6610.34942,73,71932,2890.82266,0
1753886940000,0.04021,0.04027,0.04021,0.04021,877350,1753886999999,35309.03954,174,663461,26704.76692,0
1753887000000,0.04022,0.04035,0.04021,0.04035,349203,1753887059999,14073.45387,119,186943,7530.26217,0
1753887060000,0.04034,0.04048,0.04033,0.04048,619974,1753887119999,25054.64319,227,264665,10698.87611,0
1753887120000,0.04049,0.04060,0.04049,0.04059,929348,1753887179999,37666.08720,229,291590,11819.89563,0
1753887180000,0.04059,0.04059,0.04052,0.04052,328379,1753887239999,13316.22490,121,131064,5314.76633,0
1753887240000,0.04053,0.04058,0.04051,0.04051,504567,1753887299999,20458.12285,127,112809,4575.39095,0
1753887300000,0.04050,0.04054,0.04047,0.04054,228281,1753887359999,9248.01993,120,76988,3119.25020,0
1753887360000,0.04052,0.04053,0.04048,0.04048,160980,1753887419999,6520.77334,68,86372,3499.51118,0
1753887420000,0.04049,0.04052,0.04049,0.04052,77298,1753887479999,3130.50647,38,45417,1839.44143,0
1753887480000,0.04052,0.04058,0.04050,0.04056,277835,1753887539999,11257.03725,83,110201,4466.56155,0
1753887540000,0.04056,0.04056,0.04054,0.04054,93172,1753887599999,3778.17696,45,16005,649.05245,0
1753887600000,0.04054,0.04059,0.04049,0.04052,835956,1753887659999,33878.72725,323,499141,20229.05288,0
1753887660000,0.04052,0.04053,0.04047,0.04047,273434,1753887719999,11076.71237,119,142006,5753.58521,0
1753887720000,0.04046,0.04049,0.04044,0.04046,218462,1753887779999,8839.84521,119,137820,5576.52131,0
1753887780000,0.04045,0.04045,0.04041,0.04041,192665,1753887839999,7788.87096,75,49982,2020.57987,0
1753887840000,0.04042,0.04043,0.04039,0.04039,104121,1753887899999,4208.05985,66,47019,1900.64996,0
1753887900000,0.04040,0.04043,0.04037,0.04043,350223,1753887959999,14147.37136,120,106102,4286.16979,0
1753887960000,0.04041,0.04041,0.04030,0.04032,293634,1753888019999,11842.76683,126,49038,1978.63206,0
1753888020000,0.04032,0.04032,0.04028,0.04029,203290,1753888079999,8193.34140,97,85325,3439.21583,0
1753888080000,0.04029,0.04033,0.04029,0.04031,142483,1753888139999,5743.77613,62,86582,3490.34608,0
1753888140000,0.04031,0.04033,0.04030,0.04033,135945,1753888199999,5482.22612,58,54084,2180.95080,0
1753888200000,0.04033,0.04038,0.04032,0.04038,128403,1753888259999,5180.60066,73,88292,3562.76258,0
1753888260000,0.04038,0.04039,0.04034,0.04035,324118,1753888319999,13081.40761,142,132600,5352.66036,0
1753888320000,0.04035,0.04035,0.04032,0.04033,149297,1753888379999,6021.94806,84,55241,2228.30649,0
1753888380000,0.04032,0.04034,0.04032,0.04032,305851,1753888439999,12332.37803,84,48760,1966.44543,0
1753888440000,0.04033,0.04035,0.04031,0.04031,105711,1753888499999,4263.71189,81,34048,1373.30690,0
1753888500000,0.04031,0.04034,0.04030,0.04033,190045,1753888559999,7663.79363,114,94422,3806.69563,0
1753888560000,0.04033,0.04041,0.04033,0.04038,109556,1753888619999,4423.47254,83,95372,3850.63904,0
1753888620000,0.04038,0.04041,0.04038,0.04038,71304,1753888679999,2880.96227,34,65386,2641.88700,0
1753888680000,0.04039,0.04040,0.04036,0.04039,166780,1753888739999,6736.81813,52,114819,4638.43923,0
1753888740000,0.04040,0.04042,0.04038,0.04042,27169,1753888799999,1097.37408,32,11839,478.23376,0
1753888800000,0.04042,0.04046,0.04042,0.04044,132961,1753888859999,5377.70113,47,55545,2246.87691,0
1753888860000,0.04042,0.04042,0.04037,0.04037,38992,1753888919999,1575.16687,47,6873,277.58515,0
1753888920000,0.04037,0.04038,0.04035,0.04035,71374,1753888979999,2880.87472,30,17381,701.62311,0
1753888980000,0.04035,0.04038,0.04032,0.04032,12516,1753889039999,505.09202,26,9140,368.86549,0
1753889040000,0.04030,0.04037,0.04030,0.04036,41432,1753889099999,1671.43524,36,16682,672.97504,0
1753889100000,0.04037,0.04037,0.04034,0.04036,190517,1753889159999,7689.24437,63,22404,904.05492,0
1753889160000,0.04036,0.04037,0.04030,0.0403,103128,1753889219999,4160.73197,41,5024,202.81089,0
1753889220000,0.04029,0.04031,0.04022,0.04025,202223,1753889279999,8142.79205,60,112600,4534.92944,0
1753889280000,0.04026,0.04030,0.04025,0.04028,203737,1753889339999,8203.80327,57,24370,981.62598,0
1753889340000,0.04030,0.04030,0.04027,0.04028,32544,1753889399999,1310.87074,26,8213,330.83186,0
1753889400000,0.04029,0.04030,0.04024,0.04025,134464,1753889459999,5414.65293,69,52618,2119.19028,0
1753889460000,0.04024,0.04025,0.04015,0.04015,269848,1753889519999,10850.72178,85,37578,1511.37430,0
1753889520000,0.04015,0.04018,0.04015,0.04017,195978,1753889579999,7873.10498,86,82723,3322.76819,0
1753889580000,0.04017,0.04022,0.04017,0.04019,88681,1753889639999,3564.40031,53,55913,2247.27454,0
1753889640000,0.04019,0.04025,0.04019,0.04025,52979,1753889699999,2130.67081,46,39472,1587.30008,0
1753889700000,0.04026,0.04026,0.04024,0.04025,68903,1753889759999,2772.81142,41,34095,1372.11729,0
1753889760000,0.04026,0.04036,0.04026,0.04035,117385,1753889819999,4730.74290,69,68230,2750.55407,0
1753889820000,0.04034,0.04035,0.04032,0.04035,53999,1753889879999,2177.68389,48,38749,1562.74328,0
1753889880000,0.04035,0.04036,0.04031,0.04031,39551,1753889939999,1595.85878,42,15422,622.43051,0
1753889940000,0.04031,0.04032,0.04030,0.04031,56706,1753889999999,2285.59753,37,41736,1682.29686,0
1753890000000,0.04032,0.04035,0.04031,0.04034,27550,1753890059999,1111.23414,37,17386,701.20373,0
1753890060000,0.04033,0.04033,0.04030,0.04032,32701,1753890119999,1318.14257,39,12548,505.84760,0
1753890120000,0.04031,0.04031,0.04027,0.04029,36248,1753890179999,1460.46467,41,15400,620.43045,0
1753890180000,0.04030,0.04032,0.04030,0.0403,22167,1753890239999,893.54232,30,17258,695.68710,0
1753890240000,0.04029,0.04030,0.04027,0.0403,33276,1753890299999,1340.58475,32,19864,800.29868,0
1753890300000,0.04030,0.04032,0.04030,0.04031,64210,1753890359999,2588.38060,47,14304,576.68450,0
1753890360000,0.04033,0.04042,0.04033,0.04041,64574,1753890419999,2608.37609,48,33052,1334.62201,0
1753890420000,0.04040,0.04040,0.04033,0.04035,71381,1753890479999,2881.13970,40,12093,487.92807,0
1753890480000,0.04036,0.04038,0.04033,0.04038,54342,1753890539999,2193.25167,36,43885,1771.20829,0
1753890540000,0.04036,0.04036,0.04034,0.04034,43113,1753890599999,1739.50966,22,143,5.77005,0
1753890600000,0.04035,0.04035,0.04029,0.04029,204086,1753890659999,8230.47538,44,42574,1716.84628,0
1753890660000,0.04028,0.04034,0.04026,0.04033,76991,1753890719999,3102.96785,37,51169,2062.24800,0
1753890720000,0.04033,0.04038,0.04032,0.04035,100552,1753890779999,4057.81444,41,58419,2357.95828,0
1753890780000,0.04034,0.04036,0.04033,0.04036,53478,1753890839999,2157.39538,22,41093,1657.90539,0
1753890840000,0.04037,0.04037,0.04035,0.04035,24584,1753890899999,992.37837,23,14081,568.43281,0
1753890900000,0.04037,0.04041,0.04037,0.0404,27242,1753890959999,1100.23171,38,6669,269.25348,0
1753890960000,0.04038,0.04038,0.04031,0.04031,43427,1753891019999,1752.75656,31,2841,114.65975,0
1753891020000,0.04030,0.04034,0.04030,0.04032,48528,1753891079999,1956.31543,20,21102,850.89472,0
1753891080000,0.04032,0.04034,0.04030,0.04033,26721,1753891139999,1077.35038,28,9472,381.89277,0
1753891140000,0.04033,0.04036,0.04033,0.04034,143891,1753891199999,5804.31641,54,129451,5221.92514,0
1753891200000,0.04036,0.04038,0.04035,0.04035,159856,1753891259999,6451.86720,54,15639,631.36705,0
1753891260000,0.04036,0.04038,0.04034,0.04034,153565,1753891319999,6196.53142,88,72019,2906.16281,0
1753891320000,0.04034,0.04036,0.04030,0.0403,129277,1753891379999,5214.46136,68,64328,2595.39599,0
1753891380000,0.04030,0.04032,0.04027,0.04031,279869,1753891439999,11280.61819,84,135493,5459.98177,0
1753891440000,0.04031,0.04032,0.04030,0.04032,89223,1753891499999,3596.52452,57,54991,2216.68656,0
1753891500000,0.04031,0.04038,0.04029,0.04035,73053,1753891559999,2946.63982,71,53671,2165.55727,0
1753891560000,0.04034,0.04034,0.04030,0.0403,158704,1753891619999,6398.90831,54,52407,2113.77824,0
1753891620000,0.04030,0.04031,0.04029,0.0403,62690,1753891679999,2526.40402,47,23134,932.39162,0
1753891680000,0.04028,0.04033,0.04027,0.04033,91546,1753891739999,3689.86222,61,42796,1724.58998,0
1753891740000,0.04033,0.04039,0.04032,0.04039,112872,1753891799999,4554.75501,54,100010,4035.89518,0
1753891800000,0.04040,0.04041,0.04035,0.04035,98425,1753891859999,3974.83376,59,7326,295.79185,0
1753891860000,0.04034,0.04034,0.04029,0.04031,195153,1753891919999,7868.04443,111,80165,3232.24264,0
1753891920000,0.04032,0.04035,0.04031,0.04035,72481,1753891979999,2923.19649,56,63907,2577.48809,0
1753891980000,0.04037,0.04045,0.04035,0.04045,130758,1753892039999,5282.78029,66,116547,4708.71457,0
1753892040000,0.04046,0.04048,0.04045,0.04045,213979,1753892099999,8657.93284,88,66629,2696.46652,0
1753892100000,0.04045,0.04045,0.04041,0.04045,93644,1753892159999,3786.58893,66,47758,1931.26828,0
1753892160000,0.04048,0.04054,0.04047,0.04054,52664,1753892219999,2133.49526,53,43499,1762.45034,0
1753892220000,0.04055,0.04062,0.04055,0.04061,430570,1753892279999,17480.66500,101,84672,3436.46779,0
1753892280000,0.04062,0.04065,0.04062,0.04063,238609,1753892339999,9695.80568,81,94617,3844.63332,0
1753892340000,0.04062,0.04064,0.04059,0.04059,150357,1753892399999,6106.73492,60,32238,1309.65109,0
1753892400000,0.04061,0.04061,0.04058,0.04059,217310,1753892459999,8821.69099,76,23042,935.33284,0
1753892460000,0.04060,0.04067,0.04060,0.04066,461694,1753892519999,18764.96012,116,395282,16065.13175,0
1753892520000,0.04067,0.04069,0.04065,0.04068,169486,1753892579999,6892.76803,71,104576,4253.30494,0
1753892580000,0.04069,0.04076,0.04068,0.04069,305517,1753892639999,12446.87562,114,120698,4916.35579,0
1753892640000,0.04069,0.04069,0.04058,0.04058,385953,1753892699999,15674.14356,110,25403,1033.08557,0
1753892700000,0.04059,0.04063,0.04058,0.04063,209287,1753892759999,8495.71623,70,100185,4067.44005,0
1753892760000,0.04063,0.04065,0.04059,0.04062,372912,1753892819999,15142.67608,125,124451,5054.47477,0
1753892820000,0.04062,0.04062,0.04053,0.04053,79645,1753892879999,3231.17740,42,10352,420.41259,0
1753892880000,0.04052,0.04058,0.04052,0.04054,875562,1753892939999,35512.44905,189,674087,27340.65036,0
1753892940000,0.04054,0.04056,0.04053,0.04054,103469,1753892999999,4195.25895,52,47555,1928.15349,0
1753893000000,0.04053,0.04055,0.04051,0.04052,132439,1753893059999,5368.12897,56,41346,1675.87379,0
1753893060000,0.04050,0.04054,0.04050,0.04053,127860,1753893119999,5181.26037,65,73838,2992.39095,0
1753893120000,0.04054,0.04059,0.04054,0.04059,302045,1753893179999,12251.73636,96,155627,6313.24034,0
1753893180000,0.04059,0.04062,0.04058,0.04058,147787,1753893239999,6000.79701,66,117186,4758.57953,0
1753893240000,0.04057,0.04059,0.04056,0.04059,118313,1753893299999,4800.30489,50,59798,2426.14491,0
1753893300000,0.04060,0.04061,0.04058,0.0406,93887,1753893359999,3812.30816,51,27854,1130.88056,0
1753893360000,0.04058,0.04058,0.04049,0.0405,130850,1753893419999,5303.34280,58,63664,2579.96201,0
1753893420000,0.04051,0.04052,0.04047,0.04052,406180,1753893479999,16452.80579,110,328983,13326.17034,0
1753893480000,0.04052,0.04054,0.04051,0.04053,403306,1753893539999,16343.44329,102,287615,11656.08008,0
1753893540000,0.04052,0.04053,0.04051,0.04053,163659,1753893599999,6632.05549,47,147342,5970.91051,0
1753893600000,0.04054,0.04056,0.04054,0.04054,109810,1753893659999,4452.68926,52,83823,3399.03497,0
1753893660000,0.04054,0.04054,0.04049,0.04049,167946,1753893719999,6803.26143,77,53301,2159.72542,0
1753893720000,0.04050,0.04054,0.04050,0.04053,136390,1753893779999,5527.06229,104,110209,4465.72060,0
1753893780000,0.04053,0.04057,0.04052,0.04052,308216,1753893839999,12495.79515,97,159799,6480.29079,0
1753893840000,0.04053,0.04056,0.04053,0.04055,130054,1753893899999,5271.61622,48,125873,5102.08284,0
1753893900000,0.04056,0.04058,0.04053,0.04058,275607,1753893959999,11179.45496,50,81439,3303.30698,0
1753893960000,0.04057,0.04057,0.04051,0.04051,162997,1753894019999,6606.59513,60,69794,2828.76482,0
1753894020000,0.04052,0.04054,0.04048,0.04048,20884,1753894079999,846.32263,34,11118,450.55674,0
1753894080000,0.04047,0.04048,0.04047,0.04048,91732,1753894139999,3712.69044,42,21308,862.47592,0
1753894140000,0.04049,0.04053,0.04048,0.04053,36156,1753894199999,1464.62119,38,13449,544.82297,0
1753894200000,0.04054,0.04054,0.04052,0.04052,89727,1753894259999,3637.23637,59,13696,555.21743,0
1753894260000,0.04052,0.04059,0.04052,0.04055,226192,1753894319999,9174.61888,62,102264,4146.92044,0
1753894320000,0.04054,0.04056,0.04052,0.04054,246534,1753894379999,9994.03911,72,40225,1631.27807,0
1753894380000,0.04055,0.04055,0.04052,0.04052,17610,1753894439999,713.83030,28,5358,217.26435,0
1753894440000,0.04052,0.04052,0.04051,0.04052,118697,1753894499999,4809.13714,54,45613,1848.23876,0
1753894500000,0.04051,0.04052,0.04050,0.04051,109410,1753894559999,4433.00953,36,60838,2464.88810,0
1753894560000,0.04051,0.04051,0.04043,0.04049,1542120,1753894619999,62419.53081,247,308314,12485.36057,0
1753894620000,0.04050,0.04052,0.04049,0.04049,72672,1753894679999,2943.11120,42,37388,1514.22896,0
1753894680000,0.04050,0.04051,0.04048,0.04051,48630,1753894739999,1969.24827,33,33065,1339.03657,0
1753894740000,0.04052,0.04054,0.04051,0.04053,52553,1753894799999,2129.82977,42,43390,1758.46906,0
1753894800000,0.04054,0.04056,0.04051,0.04053,594286,1753894859999,24084.86364,169,122666,4971.63907,0
1753894860000,0.04054,0.04060,0.04054,0.04059,128765,1753894919999,5223.61837,65,87098,3533.33638,0
1753894920000,0.04058,0.04061,0.04056,0.04059,246982,1753894979999,10023.16091,120,145484,5904.08775,0
1753894980000,0.04057,0.04057,0.04055,0.04055,334912,1753895039999,13584.25199,82,77859,3158.10885,0
1753895040000,0.04054,0.04054,0.04051,0.04051,117814,1753895099999,4774.13470,42,42256,1711.79056,0
1753895100000,0.04052,0.04057,0.04052,0.04056,317933,1753895159999,12890.32203,115,112046,4542.69111,0
1753895160000,0.04057,0.04057,0.04048,0.04049,422127,1753895219999,17101.31417,140,150137,6084.77811,0
1753895220000,0.04049,0.04049,0.04045,0.04045,195234,1753895279999,7902.05762,76,44851,1815.39570,0
1753895280000,0.04044,0.04051,0.04044,0.0405,336566,1753895339999,13627.17938,82,152445,6170.30270,0
1753895340000,0.04049,0.04049,0.04048,0.04048,57537,1753895399999,2329.30006,43,27817,1126.03216,0
1753895400000,0.04048,0.04053,0.04048,0.04053,226912,1753895459999,9191.41788,70,141199,5719.19310,0
1753895460000,0.04052,0.04054,0.04052,0.04054,85505,1753895519999,3465.57866,51,64571,2617.09562,0
1753895520000,0.04054,0.04055,0.04053,0.04053,116020,1753895579999,4703.10340,57,46095,1868.72948,0
1753895580000,0.04052,0.04052,0.04051,0.04051,12445,1753895639999,504.26612,19,9401,380.92852,0
1753895640000,0.04051,0.04052,0.04050,0.04051,45779,1753895699999,1854.64421,44,30011,1215.75621,0
1753895700000,0.04050,0.04055,0.04050,0.04053,133456,1753895759999,5409.87578,70,72472,2937.35272,0
1753895760000,0.04053,0.04053,0.04042,0.04042,351800,1753895819999,14237.32689,121,48983,1982.92271,0
1753895820000,0.04043,0.04045,0.04042,0.04045,562637,1753895879999,22751.13199,109,355686,14383.10420,0
1753895880000,0.04046,0.04052,0.04046,0.04052,146005,1753895939999,5910.29456,53,123783,5010.38778,0
1753895940000,0.04052,0.04055,0.04051,0.04054,107661,1753895999999,4364.03311,70,66644,2701.30707,0
1753896000000,0.04053,0.04062,0.04053,0.04061,460471,1753896059999,18686.66448,76,92511,3753.30072,0
1753896060000,0.04060,0.04063,0.04055,0.04062,132663,1753896119999,5387.69398,83,101578,4125.92831,0
1753896120000,0.04062,0.04066,0.04062,0.04062,76682,1753896179999,3115.93556,54,46519,1890.26357,0
1753896180000,0.04061,0.04061,0.04058,0.04058,55641,1753896239999,2258.93511,32,15654,635.55240,0
1753896240000,0.04057,0.04058,0.04055,0.04056,240252,1753896299999,9744.90836,42,25603,1038.65822,0
1753896300000,0.04055,0.04057,0.04055,0.04057,100672,1753896359999,4084.13112,36,11880,481.86853,0
1753896360000,0.04057,0.04057,0.04055,0.04055,24058,1753896419999,976.01475,33,2215,89.86255,0
1753896420000,0.04055,0.04057,0.04052,0.04057,93283,1753896479999,3781.81066,38,76168,3087.99455,0
1753896480000,0.04057,0.04062,0.04057,0.04062,116532,1753896539999,4730.35078,54,96070,3899.54373,0
1753896540000,0.04061,0.04061,0.04059,0.04059,51963,1753896599999,2109.84115,31,25354,1029.38954,0
1753896600000,0.04058,0.04062,0.04058,0.04061,385382,1753896659999,15642.00360,65,133089,5402.65503,0
1753896660000,0.04061,0.04061,0.04056,0.04056,132021,1753896719999,5359.15615,71,46026,1867.76929,0
1753896720000,0.04057,0.04058,0.04055,0.04058,167484,1753896779999,6795.31436,62,157314,6382.76549,0
1753896780000,0.04057,0.04058,0.04055,0.04058,52161,1753896839999,2116.29203,49,44579,1808.78786,0
1753896840000,0.04061,0.04064,0.04060,0.04064,60169,1753896899999,2444.27162,41,28095,1141.55515,0
1753896900000,0.04064,0.04066,0.04061,0.04061,157941,1753896959999,6419.06670,75,105428,4285.22293,0
1753896960000,0.04060,0.04062,0.04060,0.0406,166116,1753897019999,6745.68148,57,135663,5509.19545,0
1753897020000,0.04062,0.04065,0.04061,0.04064,44487,1753897079999,1807.53527,36,37777,1534.90903,0
1753897080000,0.04064,0.04064,0.04058,0.04058,16044,1753897139999,651.50570,36,5652,229.45272,0
1753897140000,0.04059,0.04064,0.04057,0.04064,125792,1753897199999,5109.95990,39,49682,2017.02662,0
1753897200000,0.04063,0.04065,0.04063,0.04063,112403,1753897259999,4567.74704,57,31077,1263.09904,0
1753897260000,0.04065,0.04065,0.04062,0.04064,86509,1753897319999,3514.83859,62,40886,1661.19280,0
1753897320000,0.04065,0.04068,0.04065,0.04068,30138,1753897379999,1225.68461,39,20699,841.85423,0
1753897380000,0.04067,0.04067,0.04065,0.04066,28952,1753897439999,1177.16777,34,20648,839.54768,0
1753897440000,0.04068,0.04068,0.04063,0.04063,52295,1753897499999,2125.59605,39,12436,505.47388,0
1753897500000,0.04063,0.04063,0.04060,0.0406,50589,1753897559999,2054.41858,55,9353,379.83161,0
1753897560000,0.04060,0.04060,0.04052,0.04053,83844,1753897619999,3400.97097,55,15657,634.87585,0
1753897620000,0.04053,0.04053,0.04049,0.04051,222338,1753897679999,9006.95958,53,66679,2700.70981,0
1753897680000,0.04050,0.04051,0.04048,0.0405,211131,1753897739999,8549.68183,63,31235,1265.07196,0
1753897740000,0.04050,0.04054,0.04050,0.04052,88940,1753897799999,3603.90251,42,72760,2948.34179,0
1753897800000,0.04052,0.04057,0.04051,0.04057,18304,1753897859999,741.88957,25,13238,536.59834,0
1753897860000,0.04057,0.04060,0.04056,0.04059,61414,1753897919999,2491.59836,21,57946,2350.88155,0
1753897920000,0.04058,0.04058,0.04054,0.04057,64925,1753897979999,2633.71607,45,39752,1612.62957,0
1753897980000,0.04056,0.04061,0.04056,0.04061,31883,1753898039999,1294.20271,29,6430,260.98496,0
1753898040000,0.04060,0.04060,0.04059,0.04059,14799,1753898099999,600.76130,29,4861,197.35253,0
1753898100000,0.04061,0.04064,0.04060,0.04063,29145,1753898159999,1184.03645,32,23476,953.80801,0
1753898160000,0.04063,0.04068,0.04063,0.04068,303939,1753898219999,12362.25027,73,299508,12182.21874,0
1753898220000,0.04068,0.04070,0.04068,0.0407,40372,1753898279999,1642.81586,33,27942,1137.03755,0
1753898280000,0.04068,0.04068,0.04066,0.04067,70442,1753898339999,2864.41806,35,46586,1894.21118,0
1753898340000,0.04067,0.04072,0.04066,0.04067,362615,1753898399999,14756.05007,103,277149,11279.96666,0
1753898400000,0.04068,0.04086,0.04066,0.04078,928384,1753898459999,37865.80187,329,709841,28953.66042,0
1753898460000,0.04077,0.04079,0.04052,0.04052,449555,1753898519999,18271.02557,179,135707,5518.23802,0
1753898520000,0.04053,0.04057,0.04045,0.04045,950499,1753898579999,38504.80260,270,257525,10435.65393,0
1753898580000,0.04047,0.04048,0.04042,0.04048,695039,1753898639999,28110.01933,214,275407,11141.30575,0
1753898640000,0.04047,0.04059,0.04047,0.04059,217853,1753898699999,8826.14482,113,152143,6165.15617,0
1753898700000,0.04058,0.04063,0.04055,0.04056,277910,1753898759999,11281.00162,131,125715,5103.51316,0
1753898760000,0.04057,0.04061,0.04057,0.04059,41140,1753898819999,1669.91159,55,27065,1098.61461,0
1753898820000,0.04059,0.04061,0.04057,0.04059,76825,1753898879999,3118.44551,55,25998,1055.37446,0
1753898880000,0.04060,0.04065,0.04060,0.04065,153455,1753898939999,6234.98711,71,95472,3878.87158,0
1753898940000,0.04067,0.04080,0.04066,0.0408,234290,1753898999999,9546.60754,91,204813,8347.15739,0
1753899000000,0.04080,0.04087,0.04079,0.04081,309600,1753899059999,12642.43746,139,166232,6788.62771,0
1753899060000,0.04082,0.04083,0.04079,0.04079,145374,1753899119999,5932.67401,116,21232,866.63559,0
1753899120000,0.04078,0.04079,0.04072,0.04076,212798,1753899179999,8673.98119,98,139771,5697.11172,0
1753899180000,0.04077,0.04079,0.04077,0.04079,57570,1753899239999,2347.88981,47,27697,1129.57372,0
1753899240000,0.04078,0.04078,0.04066,0.04066,133373,1753899299999,5429.24840,71,41638,1694.59120,0
1753899300000,0.04066,0.04069,0.04062,0.04066,158602,1753899359999,6445.46546,77,84070,3416.37057,0
1753899360000,0.04066,0.04072,0.04064,0.04067,577530,1753899419999,23501.73966,144,514285,20929.39128,0
1753899420000,0.04067,0.04071,0.04064,0.0407,320481,1753899479999,13038.07698,129,173222,7045.32714,0
1753899480000,0.04069,0.04069,0.04064,0.04066,65619,1753899539999,2668.21206,44,52821,2147.89698,0
1753899540000,0.04065,0.04074,0.04065,0.0407,111362,1753899599999,4532.83560,68,8315,338.33989,0
1753899600000,0.04069,0.04071,0.04065,0.04068,95211,1753899659999,3874.02824,71,22894,931.36826,0
1753899660000,0.04068,0.04068,0.04065,0.04067,31888,1753899719999,1296.54115,43,7016,285.24412,0
1753899720000,0.04065,0.04067,0.04059,0.04065,68689,1753899779999,2791.07604,57,31639,1285.66997,0
1753899780000,0.04064,0.04078,0.04064,0.04075,123679,1753899839999,5037.64593,76,81045,3300.86553,0
1753899840000,0.04074,0.04074,0.04070,0.04072,83834,1753899899999,3413.23802,49,52699,2145.38660,0
1753899900000,0.04070,0.04070,0.04054,0.0406,316446,1753899959999,12845.92045,160,66904,2714.03345,0
1753899960000,0.04059,0.04068,0.04059,0.04068,135116,1753900019999,5491.34708,91,105728,4297.81012,0
1753900020000,0.04067,0.04076,0.04064,0.04066,371869,1753900079999,15135.58538,134,239886,9765.10323,0
1753900080000,0.04066,0.04066,0.04060,0.04064,89459,1753900139999,3634.57373,52,39155,1590.95839,0
1753900140000,0.04066,0.04069,0.04066,0.04068,77349,1753900199999,3146.22812,66,20154,819.62599,0
1753900200000,0.04069,0.04069,0.04061,0.04063,75619,1753900259999,3073.97266,64,23706,963.88517,0
1753900260000,0.04064,0.04070,0.04064,0.0407,80408,1753900319999,3270.09993,87,57497,2338.48712,0
1753900320000,0.04069,0.04069,0.04062,0.04065,159563,1753900379999,6485.27796,77,48650,1977.04642,0
1753900380000,0.04066,0.04066,0.04056,0.04056,148404,1753900439999,6025.62281,79,49667,2016.61982,0
1753900440000,0.04056,0.04070,0.04056,0.04064,339921,1753900499999,13812.05580,123,173666,7054.40304,0
1753900500000,0.04064,0.04069,0.04062,0.04069,180644,1753900559999,7340.43473,77,51713,2102.45827,0
1753900560000,0.04070,0.04070,0.04054,0.04054,253734,1753900619999,10299.67267,152,76821,3118.39982,0
1753900620000,0.04055,0.04063,0.04055,0.04055,396342,1753900679999,16084.96858,155,258606,10497.30779,0
1753900680000,0.04056,0.04060,0.04056,0.04056,127062,1753900739999,5155.12768,69,41506,1684.32326,0
1753900740000,0.04056,0.04061,0.04055,0.04055,97625,1753900799999,3961.66434,72,28293,1148.28552,0
1753900800000,0.04054,0.04054,0.04039,0.04039,825215,1753900859999,33382.63897,226,104212,4215.57694,0
1753900860000,0.04040,0.04046,0.04034,0.04043,664462,1753900919999,26852.08674,242,440746,17819.58852,0
1753900920000,0.04043,0.04047,0.04038,0.04043,594061,1753900979999,24008.98150,186,194329,7857.95114,0
1753900980000,0.04043,0.04049,0.04043,0.04045,335016,1753901039999,13555.54317,89,164296,6647.69683,0
1753901040000,0.04046,0.04052,0.04044,0.04046,49642,1753901099999,2008.86495,43,39779,1609.80013,0
1753901100000,0.04050,0.04051,0.04044,0.04045,262168,1753901159999,10609.99084,98,128801,5214.44149,0
1753901160000,0.04046,0.04047,0.04032,0.04032,213949,1753901219999,8636.95289,100,69228,2795.08486,0
1753901220000,0.04034,0.04042,0.04027,0.04029,1132560,1753901279999,45688.92137,298,359830,14507.25240,0
1753901280000,0.04028,0.04028,0.04016,0.04016,803141,1753901339999,32284.06696,191,209657,8427.78338,0
1753901340000,0.04016,0.04016,0.04009,0.04011,1143487,1753901399999,45869.82495,245,289118,11600.78971,0
1753901400000,0.04010,0.04016,0.04004,0.04004,1157288,1753901459999,46413.85548,295,529996,21260.47720,0
1753901460000,0.04003,0.04012,0.04001,0.04005,1058425,1753901519999,42392.69107,240,275264,11027.58853,0
1753901520000,0.04006,0.04007,0.04000,0.04004,407866,1753901579999,16333.62386,124,157217,6297.62384,0
1753901580000,0.04002,0.04007,0.03998,0.04004,157474,1753901639999,6300.45377,83,51785,2072.59424,0
1753901640000,0.04005,0.04009,0.04005,0.04007,166556,1753901699999,6674.69507,63,137866,5524.72040,0
1753901700000,0.04006,0.04007,0.04002,0.04004,205517,1753901759999,8231.49726,112,174577,6992.47320,0
1753901760000,0.04004,0.04006,0.03985,0.03995,1240697,1753901819999,49514.21197,319,502874,20077.01378,0
1753901820000,0.03993,0.04001,0.03989,0.03996,905811,1753901879999,36203.01706,234,583428,23320.58956,0
1753901880000,0.03996,0.03998,0.03987,0.03991,245121,1753901939999,9783.53213,97,113960,4548.14914,0
1753901940000,0.03991,0.03991,0.03977,0.03987,2045160,1753901999999,81445.88326,350,229796,9158.54594,0
1753902000000,0.03986,0.03986,0.03976,0.03977,1272617,1753902059999,50637.56624,343,648698,25813.62840,0
1753902060000,0.03977,0.03977,0.03965,0.03971,825936,1753902119999,32785.65771,302,286300,11364.57656,0
1753902120000,0.03970,0.03971,0.03955,0.0396,1124528,1753902179999,44563.62421,370,643232,25491.02965,0
1753902180000,0.03960,0.03962,0.03954,0.03954,897423,1753902239999,35508.49442,315,335561,13280.60219,0
1753902240000,0.03953,0.03953,0.03927,0.03929,3304345,1753902299999,130126.02924,713,1554502,61206.82503,0
1753902300000,0.03930,0.03932,0.03894,0.03903,7266416,1753902359999,283991.13771,1373,2745054,107330.56671,0
1753902360000,0.03902,0.03904,0.03860,0.03879,10182394,1753902419999,395159.40985,1864,4284157,166273.24465,0
1753902420000,0.03879,0.03893,0.03870,0.03879,2856466,1753902479999,110904.00109,837,1281092,49738.57816,0
1753902480000,0.03879,0.03890,0.03863,0.03883,3128220,1753902539999,121245.68291,771,1454166,56368.92865,0
1753902540000,0.03883,0.03892,0.03881,0.03882,1043642,1753902599999,40550.39811,322,655728,25478.98306,0
1753902600000,0.03882,0.03888,0.03877,0.03881,1172294,1753902659999,45505.84949,345,551809,21424.36586,0
1753902660000,0.03882,0.03894,0.03882,0.0389,818838,1753902719999,31843.16111,336,484511,18842.97786,0
1753902720000,0.03891,0.03915,0.03891,0.03913,1034202,1753902779999,40370.65143,350,858303,33505.21171,0
1753902780000,0.03914,0.03929,0.03911,0.03928,699289,1753902839999,27401.38306,283,361377,14165.30150,0
1753902840000,0.03928,0.03941,0.03927,0.03936,1880007,1753902899999,73980.21235,382,1625184,63963.77088,0
1753902900000,0.03938,0.03952,0.03933,0.0395,1149219,1753902959999,45324.31951,285,519508,20484.95111,0
1753902960000,0.03950,0.03958,0.03948,0.03949,636161,1753903019999,25150.98775,238,378373,14958.53879,0
1753903020000,0.03950,0.03951,0.03935,0.03945,1484048,1753903079999,58530.39858,356,489070,19286.03916,0
1753903080000,0.03945,0.03951,0.03942,0.03942,531873,1753903139999,20987.19492,115,275544,10873.62779,0
1753903140000,0.03943,0.03948,0.03936,0.03946,282191,1753903199999,11124.92768,112,130419,5142.47108,0
1753903200000,0.03945,0.03946,0.03938,0.03944,567913,1753903259999,22389.98585,130,183215,7224.15426,0
1753903260000,0.03945,0.03952,0.03940,0.0394,669601,1753903319999,26429.86354,156,222145,8767.81966,0
1753903320000,0.03941,0.03947,0.03939,0.03943,508549,1753903379999,20056.31355,121,247273,9750.48721,0
1753903380000,0.03943,0.03943,0.03935,0.03942,495766,1753903439999,19526.28863,118,168257,6627.84190,0
1753903440000,0.03942,0.03948,0.03939,0.03942,425490,1753903499999,16779.62553,104,119643,4720.49020,0
1753903500000,0.03943,0.03950,0.03941,0.03949,162095,1753903559999,6395.17149,61,101111,3989.16322,0
1753903560000,0.03951,0.03955,0.03947,0.03955,161176,1753903619999,6367.00419,61,136868,5406.99605,0
1753903620000,0.03954,0.03961,0.03954,0.03959,211727,1753903679999,8379.12821,79,106725,4223.96129,0
1753903680000,0.03960,0.03968,0.03958,0.03961,377363,1753903739999,14961.53508,111,331264,13134.07674,0
1753903740000,0.03962,0.03969,0.03962,0.03969,144497,1753903799999,5730.68362,47,106277,4215.15848,0
1753903800000,0.03967,0.03974,0.03966,0.03974,370735,1753903859999,14714.56613,114,144088,5719.58772,0
1753903860000,0.03973,0.03974,0.03964,0.03965,473017,1753903919999,18768.52103,130,134170,5325.10092,0
1753903920000,0.03966,0.03971,0.03955,0.03956,321633,1753903979999,12751.53890,166,161153,6393.46017,0
1753903980000,0.03955,0.03964,0.03954,0.03961,143843,1753904039999,5693.25872,69,109523,4334.14102,0
1753904040000,0.03961,0.03968,0.03953,0.03967,3726396,1753904099999,147621.57451,501,522004,20702.05427,0
1753904100000,0.03967,0.03967,0.03958,0.03965,264547,1753904159999,10482.61472,106,129718,5137.75359,0
1753904160000,0.03965,0.03966,0.03960,0.03962,245750,1753904219999,9738.79098,102,60468,2396.71548,0
1753904220000,0.03962,0.03962,0.03950,0.03953,377014,1753904279999,14906.00702,108,113305,4480.98257,0
1753904280000,0.03956,0.03964,0.03955,0.03963,322370,1753904339999,12768.12899,105,226517,8970.74964,0
1753904340000,0.03963,0.03969,0.03963,0.03969,123187,1753904399999,4885.24906,69,88843,3523.18988,0
1753904400000,0.03969,0.03971,0.03966,0.03968,160214,1753904459999,6357.97988,69,47288,1876.54680,0
1753904460000,0.03967,0.03973,0.03964,0.03973,271743,1753904519999,10783.27319,138,180942,7179.18530,0
1753904520000,0.03973,0.03986,0.03973,0.03982,570466,1753904579999,22711.52735,209,370667,14753.99101,0
1753904580000,0.03981,0.03989,0.03981,0.03988,415802,1753904639999,16575.00869,104,325030,12958.41551,0
1753904640000,0.03989,0.04000,0.03989,0.03996,440806,1753904699999,17601.04765,136,286310,11431.51171,0
1753904700000,0.03997,0.03998,0.03991,0.03997,276509,1753904759999,11045.53195,132,137798,5505.01640,0
1753904760000,0.03998,0.04001,0.03995,0.03999,308790,1753904819999,12341.59121,109,103204,4125.01535,0
1753904820000,0.04000,0.04008,0.04000,0.04007,500656,1753904879999,20047.18268,134,216454,8666.37310,0
1753904880000,0.04008,0.04014,0.04008,0.04012,874075,1753904939999,35070.10471,158,751622,30157.71810,0
1753904940000,0.04011,0.04017,0.04011,0.04011,298947,1753904999999,11997.21194,109,113709,4563.35679,0
1753905000000,0.04011,0.04018,0.04011,0.04013,243911,1753905059999,9792.81545,115,163290,6555.38980,0
1753905060000,0.04014,0.04014,0.04006,0.04013,493886,1753905119999,19813.42676,168,234255,9397.43679,0
1753905120000,0.04013,0.04014,0.04009,0.04012,174183,1753905179999,6987.61804,84,96585,3874.26944,0
1753905180000,0.04013,0.04019,0.04011,0.04018,105084,1753905239999,4219.63402,69,42718,1715.57827,0
1753905240000,0.04020,0.04023,0.04016,0.04018,151173,1753905299999,6077.21409,93,99696,4008.34014,0
1753905300000,0.04017,0.04021,0.04015,0.04021,211742,1753905359999,8506.46361,91,103414,4155.24408,0
1753905360000,0.04022,0.04026,0.04022,0.04023,137578,1753905419999,5536.20390,80,94914,3819.41984,0
1753905420000,0.04023,0.04027,0.04022,0.04023,85974,1753905479999,3459.92632,75,41262,1660.58946,0
1753905480000,0.04023,0.04025,0.04021,0.04021,45775,1753905539999,1841.69434,45,22018,886.09334,0
1753905540000,0.04021,0.04021,0.04015,0.04015,300602,1753905599999,12075.87350,99,21971,882.74395,0
1753905600000,0.04017,0.04021,0.04017,0.04017,184343,1753905659999,7408.44995,106,92226,3706.79980,0
1753905660000,0.04017,0.04023,0.04017,0.04023,396889,1753905719999,15956.56836,198,163171,6559.15351,0
1753905720000,0.04024,0.04040,0.04024,0.04039,359649,1753905779999,14504.61231,159,271340,10943.16415,0
1753905780000,0.04039,0.04040,0.04032,0.04034,316435,1753905839999,12771.77691,115,140196,5659.99164,0
1753905840000,0.04035,0.04039,0.04034,0.04039,171714,1753905899999,6930.57364,112,115315,4654.70828,0
1753905900000,0.04037,0.04042,0.04034,0.04038,153265,1753905959999,6187.65060,102,92161,3721.22235,0
1753905960000,0.04037,0.04042,0.04032,0.04035,162854,1753906019999,6572.40187,87,68292,2756.89134,0
1753906020000,0.04036,0.04041,0.04036,0.04038,109845,1753906079999,4436.11244,65,60043,2424.92800,0
1753906080000,0.04038,0.04042,0.04036,0.04041,112625,1753906139999,4548.70889,82,54101,2185.54705,0
1753906140000,0.04042,0.04047,0.04041,0.04046,240955,1753906199999,9745.84861,115,176837,7152.39659,0
1753906200000,0.04045,0.04052,0.04045,0.04052,323062,1753906259999,13078.81309,123,231344,9367.01165,0
1753906260000,0.04050,0.04051,0.04048,0.0405,257986,1753906319999,10448.42495,121,144662,5858.83888,0
1753906320000,0.04049,0.04050,0.04045,0.0405,467646,1753906379999,18929.05004,140,155992,6313.62321,0
1753906380000,0.04051,0.04055,0.04048,0.04054,223182,1753906439999,9042.07608,150,133126,5393.73737,0
1753906440000,0.04054,0.04055,0.04052,0.04052,125319,1753906499999,5079.84461,83,99613,4037.94151,0
1753906500000,0.04051,0.04053,0.04050,0.04051,330292,1753906559999,13380.65705,114,101841,4126.44535,0
1753906560000,0.04051,0.04052,0.04045,0.04045,137235,1753906619999,5556.22860,76,59691,2418.04577,0
1753906620000,0.04046,0.04048,0.04043,0.04043,163857,1753906679999,6629.01569,65,40358,1633.09036,0
1753906680000,0.04043,0.04045,0.04037,0.04041,235570,1753906739999,9517.06260,99,109178,4411.12094,0
1753906740000,0.04044,0.04048,0.04044,0.04048,307071,1753906799999,12423.53367,53,140971,5703.24460,0
1753906800000,0.04049,0.04050,0.04045,0.04046,171536,1753906859999,6941.18799,78,51608,2089.09872,0
1753906860000,0.04045,0.04049,0.04044,0.04049,119566,1753906919999,4837.80416,50,85098,3443.34703,0
1753906920000,0.04049,0.04053,0.04048,0.04049,183306,1753906979999,7422.25544,68,26867,1088.29709,0
1753906980000,0.04048,0.04048,0.04045,0.04045,119629,1753907039999,4840.39029,62,67451,2729.31073,0
1753907040000,0.04044,0.04044,0.04039,0.04039,71598,1753907099999,2894.12215,64,25101,1014.58517,0
1753907100000,0.04039,0.04040,0.04035,0.04035,136060,1753907159999,5492.24212,64,6038,243.85637,0
1753907160000,0.04035,0.04039,0.04035,0.04039,93186,1753907219999,3761.60212,64,59592,2405.26384,0
1753907220000,0.04038,0.04040,0.04037,0.0404,96334,1753907279999,3890.74512,50,26769,1081.15031,0
1753907280000,0.04041,0.04041,0.04039,0.04039,76142,1753907339999,3076.28823,52,51123,2065.64176,0
1753907340000,0.04038,0.04038,0.04032,0.04033,70237,1753907399999,2834.31781,47,3128,126.20743,0
1753907400000,0.04033,0.04036,0.04033,0.04034,80751,1753907459999,3258.01276,44,31307,1263.06157,0
1753907460000,0.04034,0.04040,0.04032,0.04038,237804,1753907519999,9598.98786,101,187354,7563.08062,0
1753907520000,0.04038,0.04039,0.04036,0.04039,40391,1753907579999,1630.84357,36,28347,1144.64466,0
1753907580000,0.04042,0.04042,0.04036,0.04036,37444,1753907639999,1511.87681,39,5847,236.19366,0
1753907640000,0.04037,0.04037,0.04028,0.04029,198830,1753907699999,8016.38711,82,89148,3595.68412,0
1753907700000,0.04028,0.04029,0.04022,0.04022,284896,1753907759999,11464.57839,87,14768,594.60097,0
1753907760000,0.04022,0.04028,0.04019,0.04028,222752,1753907819999,8956.75793,78,95734,3850.58657,0
1753907820000,0.04029,0.04031,0.04027,0.0403,115580,1753907879999,4657.30728,52,38256,1541.67225,0
1753907880000,0.04030,0.04034,0.04025,0.04031,914955,1753907939999,36883.79129,179,728274,29363.87048,0
1753907940000,0.04031,0.04048,0.04030,0.04035,4628348,1753907999999,186905.85309,543,4144518,167376.12109,0
1753908000000,0.04035,0.04042,0.04035,0.04042,338244,1753908059999,13656.24656,88,282538,11407.45119,0
1753908060000,0.04042,0.04045,0.04042,0.04043,258967,1753908119999,10471.73001,122,97238,3932.15882,0
1753908120000,0.04043,0.04043,0.04039,0.0404,132056,1753908179999,5336.73924,62,40615,1641.19951,0
1753908180000,0.04040,0.04042,0.04038,0.04038,81959,1753908239999,3310.91881,45,32849,1327.09238,0
1753908240000,0.04038,0.04038,0.04034,0.04037,48653,1753908299999,1963.62092,36,30668,1237.73422,0
1753908300000,0.04037,0.04039,0.04037,0.04039,58781,1753908359999,2373.68837,38,26459,1068.45455,0
1753908360000,0.04038,0.04038,0.04034,0.04034,20995,1753908419999,847.12877,30,14463,583.47759,0
1753908420000,0.04036,0.04036,0.04032,0.04032,19915,1753908479999,803.25490,39,3295,132.95453,0
1753908480000,0.04030,0.04032,0.04028,0.04031,75926,1753908539999,3059.68114,48,39066,1574.28387,0
1753908540000,0.04032,0.04033,0.04029,0.04029,24721,1753908599999,996.62945,42,7274,293.28555,0
1753908600000,0.04028,0.04028,0.04024,0.04024,88099,1753908659999,3547.22591,60,35570,1432.39201,0
1753908660000,0.04024,0.04024,0.04022,0.04022,148875,1753908719999,5989.13121,48,79970,3217.12134,0
1753908720000,0.04023,0.04027,0.04023,0.04027,85076,1753908779999,3424.17239,39,85076,3424.17239,0
1753908780000,0.04028,0.04033,0.04028,0.04033,267717,1753908839999,10792.09392,86,155753,6277.45705,0
1753908840000,0.04033,0.04033,0.04029,0.04029,36604,1753908899999,1475.54940,29,2179,87.85728,0
1753908900000,0.04029,0.04032,0.04029,0.04031,190829,1753908959999,7691.95899,75,165254,6661.13621,0
1753908960000,0.04031,0.04032,0.04027,0.04027,208392,1753909019999,8395.82269,60,96754,3898.33918,0
1753909020000,0.04028,0.04029,0.04026,0.04029,226164,1753909079999,9107.73368,68,170027,6846.71635,0
1753909080000,0.04032,0.04034,0.04029,0.04034,329845,1753909139999,13302.08241,50,18563,748.69699,0
1753909140000,0.04034,0.04035,0.04034,0.04034,57419,1753909199999,2316.39376,25,31458,1269.12188,0
1753909200000,0.04034,0.04040,0.04034,0.0404,301528,1753909259999,12178.05380,124,258889,10455.85836,0
1753909260000,0.04040,0.04046,0.04040,0.04046,147922,1753909319999,5979.62889,96,123204,4980.78857,0
1753909320000,0.04048,0.04048,0.04044,0.04045,144331,1753909379999,5839.75627,58,32765,1325.70969,0
1753909380000,0.04042,0.04043,0.04041,0.04043,38980,1753909439999,1575.67583,37,31041,1254.85893,0
1753909440000,0.04043,0.04043,0.04039,0.04039,64536,1753909499999,2608.50743,39,36663,1481.92923,0
1753909500000,0.04039,0.04039,0.04035,0.04035,109582,1753909559999,4423.47754,61,62695,2530.57138,0
1753909560000,0.04035,0.04036,0.04033,0.04033,46563,1753909619999,1878.71061,40,17022,686.97058,0
1753909620000,0.04033,0.04035,0.04033,0.04035,52319,1753909679999,2110.87754,46,21512,867.91114,0
1753909680000,0.04035,0.04040,0.04034,0.0404,75623,1753909739999,3052.19977,42,41462,1674.14240,0
1753909740000,0.04040,0.04040,0.04038,0.04039,17049,1753909799999,688.64053,23,10487,423.57619,0
1753909800000,0.04040,0.04047,0.04039,0.04045,567372,1753909859999,22942.95990,147,398687,16124.35537,0
1753909860000,0.04044,0.04047,0.04043,0.04047,341271,1753909919999,13799.56769,106,128590,5199.57674,0
1753909920000,0.04047,0.04047,0.04041,0.04043,201415,1753909979999,8144.51805,67,108217,4374.60618,0
1753909980000,0.04043,0.04043,0.04036,0.04036,211924,1753910039999,8558.06626,47,36674,1482.70286,0
1753910040000,0.04037,0.04038,0.04031,0.04035,627125,1753910099999,25301.07367,129,401290,16187.13823,0
1753910100000,0.04035,0.04038,0.04031,0.04035,352374,1753910159999,14214.40882,85,292131,11784.07472,0
1753910160000,0.04034,0.04035,0.04031,0.04032,42282,1753910219999,1705.33132,51,26301,1060.86470,0
1753910220000,0.04032,0.04034,0.04031,0.04032,127245,1753910279999,5130.79706,38,20554,828.86975,0
1753910280000,0.04032,0.04032,0.04029,0.04031,92822,1753910339999,3741.49671,48,11345,457.24430,0
1753910340000,0.04030,0.04030,0.04028,0.0403,30557,1753910399999,1231.07284,24,3984,160.53249,0
1753910400000,0.04030,0.04031,0.04026,0.04031,117730,1753910459999,4742.65068,56,67499,2719.68773,0
1753910460000,0.04031,0.04031,0.04027,0.04031,99586,1753910519999,4012.76685,45,17482,704.23761,0
1753910520000,0.04030,0.04030,0.04025,0.04025,96270,1753910579999,3876.94212,32,4877,196.46821,0
1753910580000,0.04025,0.04026,0.04024,0.04026,73084,1753910639999,2941.35509,36,18545,746.42694,0
1753910640000,0.04026,0.04029,0.04025,0.04025,38885,1753910699999,1565.81427,32,26999,1087.13323,0
1753910700000,0.04027,0.04029,0.04026,0.04026,112369,1753910759999,4525.27363,42,51439,2071.64438,0
1753910760000,0.04026,0.04026,0.04024,0.04024,18228,1753910819999,733.71246,29,6802,273.82525,0
1753910820000,0.04024,0.04024,0.04020,0.0402,70094,1753910879999,2819.60359,51,42704,1717.83243,0
1753910880000,0.04019,0.04020,0.04015,0.04015,153524,1753910939999,6169.02834,82,100644,4044.42234,0
1753910940000,0.04014,0.04014,0.04012,0.04012,67361,1753910999999,2703.51904,37,6747,270.73129,0
1753911000000,0.04011,0.04013,0.04010,0.04013,186231,1753911059999,7470.79590,65,71539,2869.84238,0
1753911060000,0.04014,0.04019,0.04014,0.04016,163311,1753911119999,6559.94785,78,104278,4188.49080,0
1753911120000,0.04016,0.04020,0.04016,0.04019,359712,1753911179999,14454.34207,67,119340,4795.31448,0
1753911180000,0.04018,0.04018,0.04015,0.04016,20859,1753911239999,837.88530,20,3524,141.57912,0
1753911240000,0.04016,0.04016,0.04010,0.0401,203458,1753911299999,8165.71498,52,85738,3440.35184,0
1753911300000,0.04010,0.04010,0.03996,0.03998,232740,1753911359999,9309.33958,125,112365,4492.90492,0
1753911360000,0.03997,0.04002,0.03995,0.04002,315486,1753911419999,12615.22301,77,298261,11926.88119,0
1753911420000,0.04003,0.04008,0.04003,0.04007,406725,1753911479999,16290.13851,108,243256,9743.87840,0
1753911480000,0.04007,0.04007,0.04003,0.04003,52727,1753911539999,2112.01860,33,1085,43.44340,0
1753911540000,0.04001,0.04007,0.04001,0.04007,31093,1753911599999,1244.82275,22,28699,1149.00761,0
1753911600000,0.04007,0.04007,0.04002,0.04002,135172,1753911659999,5412.79942,62,52258,2092.32811,0
1753911660000,0.04002,0.04002,0.03997,0.03997,104367,1753911719999,4175.10405,69,17377,695.08754,0
1753911720000,0.03997,0.03999,0.03994,0.03999,326016,1753911779999,13031.71256,68,202128,8078.83878,0
1753911780000,0.03999,0.04001,0.03997,0.03999,158063,1753911839999,6321.22108,54,67976,2718.99758,0
1753911840000,0.03999,0.03999,0.03998,0.03999,16776,1753911899999,670.82154,14,2065,82.57935,0
1753911900000,0.03999,0.03999,0.03997,0.03998,21892,1753911959999,875.28377,26,8165,326.51835,0
1753911960000,0.03999,0.03999,0.03998,0.03999,66113,1753912019999,2643.85557,23,65783,2630.66217,0
1753912020000,0.04000,0.04004,0.04000,0.04004,55703,1753912079999,2229.35121,31,53777,2152.23417,0
1753912080000,0.04004,0.04005,0.04004,0.04005,15790,1753912139999,632.34765,17,11605,464.78025,0
1753912140000,0.04005,0.04006,0.04004,0.04006,12277,1753912199999,491.69802,18,9563,383.00486,0
1753912200000,0.04005,0.04006,0.04002,0.04004,322841,1753912259999,12924.75059,86,598,23.95588,0
1753912260000,0.04005,0.04014,0.04005,0.04012,120854,1753912319999,4846.61011,65,117103,4696.14361,0
1753912320000,0.04013,0.04013,0.04011,0.04011,25751,1753912379999,1033.10291,16,0,0,0
1753912380000,0.04011,0.04017,0.04011,0.04017,131919,1753912439999,5296.03603,48,127223,5107.48189,0
1753912440000,0.04017,0.04017,0.04016,0.04017,6307,1753912499999,253.34039,11,5127,205.95159,0
1753912500000,0.04018,0.04020,0.04018,0.0402,31758,1753912559999,1276.58232,19,31731,1275.49746,0
1753912560000,0.04020,0.04024,0.04020,0.04023,65858,1753912619999,2649.25897,32,63704,2562.61354,0
1753912620000,0.04023,0.04027,0.04022,0.04022,168710,1753912679999,6788.91021,76,69364,2791.89771,0
1753912680000,0.04021,0.04023,0.04020,0.04023,127720,1753912739999,5136.05447,44,68351,2748.82901,0
1753912740000,0.04023,0.04023,0.04019,0.04021,28061,1753912799999,1128.21133,28,5587,224.65847,0
1753912800000,0.04021,0.04023,0.04021,0.04023,110193,1753912859999,4431.34732,69,84184,3385.44639,0
1753912860000,0.04021,0.04022,0.04014,0.04014,149735,1753912919999,6015.81910,127,44423,1784.61434,0
1753912920000,0.04014,0.04017,0.04011,0.04011,201810,1753912979999,8098.94945,72,60971,2447.08313,0
1753912980000,0.04012,0.04017,0.04012,0.04012,80348,1753913039999,3225.07385,56,62613,2512.96742,0
1753913040000,0.04013,0.04021,0.04013,0.04021,47285,1753913099999,1898.34171,41,32455,1303.15081,0
1753913100000,0.04021,0.04022,0.04018,0.04021,113390,1753913159999,4558.39898,53,73839,2968.24799,0
1753913160000,0.04021,0.04024,0.04021,0.04022,217353,1753913219999,8743.40078,64,172823,6951.66114,0
1753913220000,0.04022,0.04031,0.04021,0.04031,129646,1753913279999,5220.40586,62,103428,4165.59629,0
1753913280000,0.04031,0.04033,0.04030,0.04032,143194,1753913339999,5772.70846,65,45418,1831.17227,0
1753913340000,0.04031,0.04031,0.04028,0.04029,396395,1753913399999,15971.02998,46,13865,558.62615,0
1753913400000,0.04028,0.04042,0.04027,0.04035,3992370,1753913459999,161141.71749,658,3416998,137923.07113,0
1753913460000,0.04033,0.04033,0.04032,0.04033,99407,1753913519999,4008.69430,74,52853,2131.41465,0
1753913520000,0.04032,0.04032,0.04027,0.04027,102011,1753913579999,4110.92011,35,7034,283.61088,0
1753913580000,0.04026,0.04030,0.04026,0.0403,144550,1753913639999,5821.36565,41,118495,4772.39135,0
1753913640000,0.04030,0.04030,0.04024,0.04024,56144,1753913699999,2259.99202,31,8483,341.45316,0
1753913700000,0.04023,0.04023,0.04016,0.04018,360987,1753913759999,14499.31318,67,313584,12593.75916,0
1753913760000,0.04019,0.04024,0.04019,0.04024,172880,1753913819999,6952.73465,74,133633,5375.12308,0
1753913820000,0.04025,0.04026,0.04024,0.04024,39764,1753913879999,1600.28657,39,31034,1248.98806,0
1753913880000,0.04023,0.04023,0.04018,0.04018,17865,1753913939999,718.10422,29,8242,331.26377,0
1753913940000,0.04017,0.04017,0.04013,0.04013,99081,1753913999999,3977.29365,32,13283,533.38103,0
1753914000000,0.04012,0.04012,0.04004,0.04005,154956,1753914059999,6209.33176,59,107623,4312.21115,0
1753914060000,0.04006,0.04007,0.04004,0.04007,158444,1753914119999,6346.44223,68,92782,3716.27902,0
1753914120000,0.04008,0.04012,0.04008,0.04012,67687,1753914179999,2713.81900,28,58152,2331.63955,0
1753914180000,0.04012,0.04012,0.04007,0.04008,201709,1753914239999,8088.98054,56,102590,4114.86150,0
1753914240000,0.04009,0.04012,0.04006,0.04009,262364,1753914299999,10520.86950,54,186893,7495.58293,0
1753914300000,0.04009,0.04009,0.04006,0.04008,149302,1753914359999,5983.58861,47,78741,3155.19275,0
1753914360000,0.04008,0.04009,0.04006,0.04007,24618,1753914419999,986.59081,28,12788,512.50235,0
1753914420000,0.04008,0.04008,0.04007,0.04008,3309,1753914479999,132.62433,8,2431,97.43448,0
1753914480000,0.04007,0.04010,0.04005,0.0401,203686,1753914539999,8159.99784,43,40921,1640.03139,0
1753914540000,0.04010,0.04010,0.04009,0.04009,22909,1753914599999,918.44017,14,290,11.62900,0
1753914600000,0.04008,0.04011,0.04007,0.04011,49095,1753914659999,1967.75445,30,35551,1424.95729,0
1753914660000,0.04011,0.04015,0.04011,0.04014,102167,1753914719999,4099.45728,40,72179,2896.05154,0
1753914720000,0.04015,0.04016,0.04008,0.04008,117221,1753914779999,4703.59743,64,21531,863.45733,0
1753914780000,0.04009,0.04009,0.04004,0.04007,22654,1753914839999,907.61768,30,5307,212.58392,0
1753914840000,0.04008,0.04010,0.04007,0.04007,50114,1753914899999,2008.97799,36,19508,782.07099,0
1753914900000,0.04007,0.04010,0.04007,0.04008,22362,1753914959999,896.53620,23,3380,135.51298,0
1753914960000,0.04007,0.04011,0.04007,0.04008,208751,1753915019999,8370.00016,52,195805,7850.85522,0
1753915020000,0.04008,0.04009,0.04005,0.04006,175243,1753915079999,7020.20139,48,17242,690.85807,0
1753915080000,0.04006,0.04009,0.04006,0.04009,39300,1753915139999,1575.41791,25,33029,1324.01711,0
1753915140000,0.04009,0.04009,0.04007,0.04009,31094,1753915199999,1246.52090,18,10761,431.40711,0
1753915200000,0.04009,0.04011,0.04007,0.04007,36334,1753915259999,1456.63349,29,19947,799.71085,0
1753915260000,0.04008,0.04010,0.04008,0.0401,14925,1753915319999,598.32871,19,13124,526.12662,0
1753915320000,0.04010,0.04013,0.04010,0.04013,30470,1753915379999,1222.12631,24,6801,272.85253,0
1753915380000,0.04013,0.04014,0.04012,0.04012,23998,1753915439999,963.11956,29,2797,112.27158,0
1753915440000,0.04011,0.04015,0.04010,0.04015,62220,1753915499999,2496.17447,38,45765,1835.97500,0
1753915500000,0.04015,0.04019,0.04014,0.04019,150369,1753915559999,6039.17508,67,121784,4891.56305,0
1753915560000,0.04019,0.04022,0.04018,0.04019,157159,1753915619999,6318.10353,45,120269,4835.50091,0
1753915620000,0.04017,0.04017,0.04014,0.04015,69518,1753915679999,2791.10153,26,46411,1863.26487,0
1753915680000,0.04016,0.04018,0.04014,0.04015,208953,1753915739999,8391.77078,57,113444,4555.49245,0
1753915740000,0.04015,0.04015,0.04014,0.04015,31815,1753915799999,1277.35882,12,13603,546.16045,0
1753915800000,0.04014,0.04014,0.04009,0.04009,73395,1753915859999,2943.82480,33,5922,237.53654,0
1753915860000,0.04009,0.04009,0.04007,0.04009,65615,1753915919999,2630.32304,29,60393,2421.05551,0
1753915920000,0.04010,0.04013,0.04010,0.04012,35524,1753915979999,1424.92522,26,21494,862.03830,0
1753915980000,0.04011,0.04011,0.04008,0.04008,14618,1753916039999,586.09598,11,133,5.33463,0
1753916040000,0.04008,0.04010,0.04008,0.0401,63929,1753916099999,2562.42286,20,15949,639.32941,0
1753916100000,0.04010,0.04018,0.04010,0.04016,60607,1753916159999,2433.70919,30,53985,2168.12273,0
1753916160000,0.04016,0.04017,0.04014,0.04014,19383,1753916219999,778.25456,16,14369,576.93327,0
1753916220000,0.04014,0.04016,0.04014,0.04015,183452,1753916279999,7367.11515,31,60447,2427.23857,0
1753916280000,0.04016,0.04019,0.04014,0.04019,17573,1753916339999,705.94482,19,17044,684.70230,0
1753916340000,0.04019,0.04019,0.04017,0.04017,13104,1753916399999,526.46849,21,632,25.39376,0
1753916400000,0.04017,0.04019,0.04016,0.04019,56735,1753916459999,2279.50490,39,48906,1965.04300,0
1753916460000,0.04018,0.04022,0.04017,0.04019,128800,1753916519999,5177.69385,84,41046,1650.24692,0
1753916520000,0.04019,0.04022,0.04018,0.04022,139962,1753916579999,5625.93890,79,91489,3676.67604,0
1753916580000,0.04021,0.04024,0.04021,0.04023,147432,1753916639999,5932.09062,47,112620,4531.38033,0
1753916640000,0.04023,0.04030,0.04021,0.0403,430330,1753916699999,17324.62734,131,190894,7685.30132,0
1753916700000,0.04030,0.04032,0.04028,0.04031,162284,1753916759999,6540.47213,62,110328,4446.51308,0
1753916760000,0.04032,0.04033,0.04030,0.0403,130415,1753916819999,5257.76987,48,57191,2306.09985,0
1753916820000,0.04029,0.04029,0.04025,0.04026,89230,1753916879999,3592.87105,33,28285,1138.61513,0
1753916880000,0.04026,0.04028,0.04026,0.04026,29072,1753916939999,1170.82642,23,20861,840.17190,0
1753916940000,0.04027,0.04027,0.04021,0.04027,696144,1753916999999,28018.47906,93,43145,1736.23283,0
1753917000000,0.04026,0.04028,0.04025,0.04028,39981,1753917059999,1609.74114,23,36481,1468.80944,0
1753917060000,0.04028,0.04030,0.04027,0.0403,172081,1753917119999,6931.22217,89,118734,4782.93848,0
1753917120000,0.04031,0.04033,0.04030,0.0403,84751,1753917179999,3416.90018,49,41607,1677.53048,0
1753917180000,0.04031,0.04031,0.04030,0.04031,94854,1753917239999,3823.08765,37,63288,2550.75623,0
1753917240000,0.04032,0.04032,0.04030,0.0403,67116,1753917299999,2705.67658,33,62742,2529.35672,0
1753917300000,0.04030,0.04036,0.04030,0.04035,45266,1753917359999,1825.90280,38,35193,1419.80997,0
1753917360000,0.04034,0.04037,0.04034,0.04036,67588,1753917419999,2727.94464,34,21631,872.89961,0
1753917420000,0.04036,0.04036,0.04031,0.04031,122705,1753917479999,4950.95688,49,13582,548.16952,0
1753917480000,0.04031,0.04035,0.04031,0.04035,32015,1753917539999,1291.36043,29,13569,547.25760,0
1753917540000,0.04034,0.04034,0.04032,0.04034,20224,1753917599999,815.79482,23,2358,95.10598,0
1753917600000,0.04035,0.04038,0.04035,0.04038,14268,1753917659999,575.93256,22,7263,293.14753,0
1753917660000,0.04038,0.04039,0.04035,0.04038,77631,1753917719999,3133.93399,43,42826,1729.09862,0
1753917720000,0.04040,0.04041,0.04039,0.04039,32626,1753917779999,1318.35724,25,11500,464.69979,0
1753917780000,0.04039,0.04039,0.04038,0.04038,5489,1753917839999,221.69230,15,2340,94.51260,0
1753917840000,0.04039,0.04040,0.04036,0.04036,24675,1753917899999,996.33379,26,8940,361.01455,0
1753917900000,0.04036,0.04036,0.04034,0.04036,64898,1753917959999,2618.60220,26,19608,791.25512,0
1753917960000,0.04035,0.04038,0.04035,0.04038,27241,1753918019999,1099.78345,20,25688,1037.07840,0
1753918020000,0.04040,0.04041,0.04038,0.04041,38237,1753918079999,1544.65811,31,27650,1117.04215,0
1753918080000,0.04042,0.04049,0.04042,0.04047,227916,1753918139999,9221.84832,62,224613,9088.18226,0
1753918140000,0.04048,0.04048,0.04044,0.04045,125227,1753918199999,5066.05271,37,3703,149.89744,0
1753918200000,0.04045,0.04053,0.04045,0.04052,132467,1753918259999,5362.89166,65,80336,3252.42054,0
1753918260000,0.04052,0.04062,0.04052,0.04062,397891,1753918319999,16147.59663,123,351942,14283.02701,0
1753918320000,0.04062,0.04066,0.04060,0.04065,306571,1753918379999,12455.00888,116,110267,4480.32958,0
1753918380000,0.04064,0.04064,0.04059,0.0406,68474,1753918439999,2781.37197,35,19257,782.21934,0
1753918440000,0.04060,0.04060,0.04054,0.04054,89672,1753918499999,3636.38685,41,34237,1388.44902,0
1753918500000,0.04054,0.04055,0.04051,0.04054,125959,1753918559999,5104.75683,79,86181,3492.54052,0
1753918560000,0.04053,0.04054,0.04053,0.04054,186377,1753918619999,7554.24368,58,162420,6583.15328,0
1753918620000,0.04055,0.04057,0.04055,0.04057,44922,1753918679999,1822.11891,35,37256,1511.11802,0
1753918680000,0.04058,0.04061,0.04058,0.04059,121046,1753918739999,4912.96298,55,89061,3614.79830,0
1753918740000,0.04060,0.04063,0.04060,0.04062,61504,1753918799999,2497.89836,45,54257,2203.52970,0
1753918800000,0.04062,0.04064,0.04060,0.0406,126026,1753918859999,5119.19033,55,73663,2992.46464,0
1753918860000,0.04061,0.04062,0.04059,0.04059,95933,1753918919999,3895.24950,89,65153,2645.66267,0
1753918920000,0.04058,0.04059,0.04055,0.04057,105702,1753918979999,4287.58379,80,58386,2368.42729,0
1753918980000,0.04058,0.04059,0.04057,0.04058,44640,1753919039999,1811.58896,35,21708,880.96296,0
1753919040000,0.04057,0.04057,0.04056,0.04056,21876,1753919099999,887.42755,22,8226,333.66989,0
1753919100000,0.04056,0.04057,0.04056,0.04056,211774,1753919159999,8590.10983,87,174363,7072.35984,0
1753919160000,0.04055,0.04057,0.04053,0.04054,170724,1753919219999,6923.25706,93,82023,3326.28892,0
1753919220000,0.04055,0.04056,0.04055,0.04056,19957,1753919279999,809.28013,27,17827,722.88863,0
1753919280000,0.04057,0.04061,0.04057,0.04061,22152,1753919339999,899.08484,17,19075,774.15864,0
1753919340000,0.04061,0.04061,0.04059,0.0406,64924,1753919399999,2635.91619,26,7850,318.71701,0
1753919400000,0.04059,0.04062,0.04058,0.04062,169568,1753919459999,6885.72915,56,147966,6008.90848,0
1753919460000,0.04062,0.04064,0.04061,0.04064,74165,1753919519999,3013.01001,32,65313,2653.44579,0
1753919520000,0.04063,0.04063,0.04056,0.04056,78560,1753919579999,3189.52805,47,7944,322.50186,0
1753919580000,0.04056,0.04059,0.04056,0.04058,67491,1753919639999,2738.23938,20,60686,2462.09248,0
1753919640000,0.04058,0.04058,0.04055,0.04055,112940,1753919699999,4579.89027,44,646,26.19530,0
1753919700000,0.04054,0.04056,0.04053,0.04055,57621,1753919759999,2336.05319,24,40318,1634.56811,0
1753919760000,0.04056,0.04057,0.04056,0.04057,10862,1753919819999,440.63044,11,10862,440.63044,0
1753919820000,0.04057,0.04059,0.04056,0.04058,42313,1753919879999,1716.79278,20,11234,455.87124,0
1753919880000,0.04058,0.04058,0.04058,0.04058,8550,1753919939999,346.95900,7,0,0,0
1753919940000,0.04059,0.04061,0.04059,0.04061,50619,1753919999999,2054.91571,36,33086,1343.07591,0
1753920000000,0.04061,0.04061,0.04057,0.04061,135186,1753920059999,5487.22992,100,29690,1205.30302,0
1753920060000,0.04062,0.04062,0.04059,0.0406,159937,1753920119999,6493.51634,54,14812,601.37984,0
1753920120000,0.04060,0.04063,0.04059,0.0406,276562,1753920179999,11231.20802,94,217640,8838.99596,0
1753920180000,0.04060,0.04060,0.04057,0.0406,223900,1753920239999,9087.92180,70,40908,1660.15882,0
1753920240000,0.04060,0.04060,0.04059,0.0406,18765,1753920299999,761.83437,21,9858,400.23480,0
1753920300000,0.04061,0.04064,0.04061,0.04062,196710,1753920359999,7991.92732,79,73866,3000.52765,0
1753920360000,0.04062,0.04063,0.04061,0.04063,123075,1753920419999,4999.50043,54,58217,2365.00747,0
1753920420000,0.04063,0.04063,0.04058,0.04058,65688,1753920479999,2666.62317,60,12790,519.29077,0
1753920480000,0.04060,0.04061,0.04057,0.04058,17988,1753920539999,729.97433,24,13404,543.98213,0
1753920540000,0.04058,0.04058,0.04058,0.04058,6980,1753920599999,283.24840,10,5874,238.36692,0
1753920600000,0.04058,0.04058,0.04053,0.04054,112240,1753920659999,4552.15669,48,22227,901.09218,0
1753920660000,0.04054,0.04057,0.04054,0.04057,95228,1753920719999,3861.68565,87,82889,3361.34003,0
1753920720000,0.04057,0.04059,0.04057,0.04057,28079,1753920779999,1139.33846,35,20970,850.86263,0
1753920780000,0.04057,0.04062,0.04057,0.04062,50816,1753920839999,2062.07354,36,46414,1883.40997,0
1753920840000,0.04061,0.04063,0.04059,0.04063,37148,1753920899999,1508.29420,29,19060,773.96768,0
1753920900000,0.04063,0.04067,0.04063,0.04067,169831,1753920959999,6903.94493,60,139034,5651.89329,0
1753920960000,0.04068,0.04072,0.04068,0.04072,57430,1753921019999,2337.15082,70,54910,2234.61883,0
1753921020000,0.04072,0.04073,0.04069,0.04069,54234,1753921079999,2208.04304,48,18643,759.07807,0
1753921080000,0.04067,0.04070,0.04067,0.04069,66797,1753921139999,2718.03377,33,35869,1459.60669,0
1753921140000,0.04069,0.04070,0.04067,0.04068,34802,1753921199999,1416.14915,31,21470,873.77184,0
1753921200000,0.04065,0.04067,0.04064,0.04064,18585,1753921259999,755.56934,19,7807,317.50749,0
1753921260000,0.04063,0.04065,0.04061,0.04064,95633,1753921319999,3884.61576,59,13523,549.41473,0
1753921320000,0.04065,0.04066,0.04063,0.04066,16824,1753921379999,683.86667,22,2572,104.54514,0
1753921380000,0.04066,0.04067,0.04065,0.04066,11726,1753921439999,476.84620,21,8802,357.96032,0
1753921440000,0.04066,0.04069,0.04066,0.04069,30959,1753921499999,1259.41295,27,30688,1248.39138,0
1753921500000,0.04069,0.04072,0.04069,0.0407,56340,1753921559999,2293.31276,39,36521,1486.67946,0
1753921560000,0.04071,0.04071,0.04070,0.04071,5978,1753921619999,243.36218,20,5758,234.40818,0
1753921620000,0.04071,0.04078,0.04071,0.04078,353277,1753921679999,14394.83400,134,328876,13401.01177,0
1753921680000,0.04077,0.04081,0.04077,0.04079,149239,1753921739999,6089.08678,59,67089,2737.01924,0
1753921740000,0.04080,0.04088,0.04079,0.04086,441598,1753921799999,18040.67562,109,310995,12703.15869,0
1753921800000,0.04086,0.04087,0.04080,0.04083,440306,1753921859999,17985.34613,131,319128,13035.91419,0
1753921860000,0.04084,0.04084,0.04080,0.04082,127148,1753921919999,5190.21821,57,62699,2559.36200,0
1753921920000,0.04081,0.04081,0.04077,0.04077,84601,1753921979999,3451.51836,69,35413,1445.20453,0
1753921980000,0.04077,0.04081,0.04076,0.04081,65122,1753922039999,2655.72818,37,37765,1540.37842,0
1753922040000,0.04081,0.04082,0.04080,0.04081,601330,1753922099999,24545.14713,71,549085,22412.84163,0
1753922100000,0.04081,0.04084,0.04078,0.04081,128959,1753922159999,5262.42782,49,55262,2255.25110,0
1753922160000,0.04081,0.04085,0.04081,0.04082,50989,1753922219999,2081.94175,37,40969,1672.77283,0
1753922220000,0.04083,0.04084,0.04082,0.04083,94677,1753922279999,3865.73529,39,41993,1714.73438,0
1753922280000,0.04083,0.04084,0.04082,0.04083,4130,1753922339999,168.61279,14,1240,50.63747,0
1753922340000,0.04082,0.04085,0.04081,0.04085,37840,1753922399999,1544.77996,40,28447,1161.38207,0
1753922400000,0.04085,0.04094,0.04085,0.0409,452844,1753922459999,18522.56048,162,230213,9415.60065,0
1753922460000,0.04089,0.04094,0.04088,0.04093,118958,1753922519999,4865.77219,125,67983,2780.80597,0
1753922520000,0.04092,0.04096,0.04092,0.04096,126878,1753922579999,5193.70516,124,107306,4392.80628,0
1753922580000,0.04097,0.04097,0.04095,0.04095,200394,1753922639999,8207.54274,44,43032,1762.54935,0
1753922640000,0.04096,0.04098,0.04095,0.04096,188999,1753922699999,7742.84061,70,125104,5125.33628,0
1753922700000,0.04096,0.04096,0.04093,0.04096,115445,1753922759999,4726.86737,74,41274,1690.24131,0
1753922760000,0.04095,0.04096,0.04092,0.04096,85933,1753922819999,3518.21279,61,58798,2407.36139,0
1753922820000,0.04096,0.04097,0.04094,0.04097,50820,1753922879999,2081.60790,44,15650,641.16602,0
1753922880000,0.04098,0.04098,0.04096,0.04098,49647,1753922939999,2034.03737,57,18151,743.70415,0
1753922940000,0.04098,0.04100,0.04098,0.04099,58472,1753922999999,2396.64461,47,38867,1593.06006,0
1753923000000,0.04099,0.04099,0.04093,0.04094,148918,1753923059999,6098.51139,53,49606,2031.95931,0
1753923060000,0.04094,0.04094,0.04084,0.04087,315918,1753923119999,12914.44246,121,55508,2267.70233,0
1753923120000,0.04087,0.04096,0.04087,0.04096,114933,1753923179999,4701.84248,48,102367,4188.02366,0
1753923180000,0.04096,0.04097,0.04095,0.04095,48844,1753923239999,2000.34941,25,3896,159.55101,0
1753923240000,0.04094,0.04097,0.04094,0.04096,66295,1753923299999,2714.24935,22,49795,2038.69175,0
1753923300000,0.04096,0.04096,0.04093,0.04093,18163,1753923359999,743.70670,16,138,5.65248,0
1753923360000,0.04094,0.04095,0.04092,0.04092,66597,1753923419999,2726.05837,21,11621,475.61656,0
1753923420000,0.04092,0.04094,0.04092,0.04094,12035,1753923479999,492.65403,19,6775,277.32195,0
1753923480000,0.04095,0.04100,0.04094,0.04099,151440,1753923539999,6206.55703,54,92106,3775.02614,0
1753923540000,0.04099,0.04099,0.04096,0.04097,117362,1753923599999,4807.99308,35,73141,2996.20895,0
1753923600000,0.04097,0.04098,0.04094,0.04096,90089,1753923659999,3690.62939,61,18865,772.82890,0
1753923660000,0.04097,0.04097,0.04091,0.04091,159657,1753923719999,6537.61874,66,3843,157.34494,0
1753923720000,0.04090,0.04094,0.04088,0.04093,353928,1753923779999,14479.88869,93,129834,5312.01441,0
1753923780000,0.04093,0.04095,0.04093,0.04095,70289,1753923839999,2877.34694,30,31132,1274.42165,0
1753923840000,0.04095,0.04096,0.04095,0.04095,41937,1753923899999,1717.50733,35,7788,318.99245,0
1753923900000,0.04095,0.04095,0.04091,0.04094,63215,1753923959999,2587.21618,43,55029,2252.20158,0
1753923960000,0.04093,0.04093,0.04092,0.04093,29487,1753924019999,1206.89395,32,16706,683.77658,0
1753924020000,0.04094,0.04094,0.04093,0.04093,70521,1753924079999,2886.83958,55,20134,824.16616,0
1753924080000,0.04094,0.04094,0.04091,0.04094,51572,1753924139999,2111.15599,31,36668,1501.18664,0
1753924140000,0.04094,0.04095,0.04094,0.04094,35000,1753924199999,1432.90784,25,24821,1016.17958,0
1753924200000,0.04094,0.04094,0.04090,0.0409,67190,1753924259999,2750.11874,26,16646,681.45728,0
1753924260000,0.04089,0.04090,0.04087,0.04089,98722,1753924319999,4035.16099,72,77419,3164.31241,0
1753924320000,0.04087,0.04089,0.04087,0.04089,60895,1753924379999,2489.42049,74,44708,1827.82286,0
1753924380000,0.04089,0.04091,0.04089,0.0409,42347,1753924439999,1731.89705,64,36867,1507.81607,0
1753924440000,0.04090,0.04091,0.04089,0.0409,38458,1753924499999,1572.91445,34,33429,1367.25345,0
1753924500000,0.04091,0.04091,0.04085,0.04086,59859,1753924559999,2447.35411,68,12308,503.16388,0
1753924560000,0.04085,0.04087,0.04082,0.04083,136406,1753924619999,5571.03588,51,16470,672.80542,0
1753924620000,0.04083,0.04085,0.04083,0.04083,35783,1753924679999,1461.18741,38,21940,895.92579,0
1753924680000,0.04082,0.04086,0.04081,0.04084,98081,1753924739999,4004.32274,39,10595,432.77935,0
1753924740000,0.04084,0.04087,0.04083,0.04084,97898,1753924799999,3999.22585,48,18987,775.61702,0
1753924800000,0.04084,0.04085,0.04083,0.04085,30383,1753924859999,1240.68963,36,12624,515.51087,0
1753924860000,0.04086,0.04086,0.04082,0.04085,30054,1753924919999,1227.31056,32,6942,283.58328,0
1753924920000,0.04084,0.04085,0.04083,0.04084,15678,1753924979999,640.20354,24,1102,45.00758,0
1753924980000,0.04083,0.04086,0.04083,0.04083,24227,1753925039999,989.30445,36,5319,217.24264,0
1753925040000,0.04083,0.04083,0.04081,0.04083,102771,1753925099999,4194.80117,58,15635,638.24034,0
1753925100000,0.04083,0.04084,0.04083,0.04083,23060,1753925159999,941.60541,25,14787,603.76437,0
1753925160000,0.04084,0.04084,0.04080,0.04082,69489,1753925219999,2836.36325,55,22526,919.54435,0
1753925220000,0.04081,0.04087,0.04080,0.04087,33664,1753925279999,1374.49454,19,25019,1021.64359,0
1753925280000,0.04087,0.04096,0.04086,0.04096,180495,1753925339999,7378.66586,72,120856,4941.36027,0
1753925340000,0.04096,0.04098,0.04093,0.04097,162912,1753925399999,6673.72415,59,37209,1524.12994,0
1753925400000,0.04097,0.04100,0.04097,0.04098,39850,1753925459999,1633.36078,35,3337,136.76532,0
1753925460000,0.04099,0.04103,0.04098,0.04102,182240,1753925519999,7472.88805,69,163627,6709.94945,0
1753925520000,0.04103,0.04103,0.04097,0.04098,163493,1753925579999,6703.26596,71,50226,2059.56843,0
1753925580000,0.04098,0.04098,0.04091,0.04091,92462,1753925639999,3785.48794,47,34841,1426.77461,0
1753925640000,0.04092,0.04094,0.04090,0.0409,115497,1753925699999,4726.95632,51,59280,2426.33896,0
1753925700000,0.04089,0.04094,0.04089,0.04094,159009,1753925759999,6504.99398,67,111214,4549.87916,0
1753925760000,0.04094,0.04096,0.04093,0.04093,46983,1753925819999,1923.63332,29,22737,930.74492,0
1753925820000,0.04092,0.04094,0.04092,0.04093,29576,1753925879999,1210.59257,29,19200,785.94696,0
1753925880000,0.04094,0.04099,0.04093,0.04098,97190,1753925939999,3980.98679,44,66543,2726.33250,0
1753925940000,0.04098,0.04099,0.04097,0.04097,43636,1753925999999,1788.06476,49,9869,404.46689,0
1753926000000,0.04096,0.04097,0.04095,0.04096,22637,1753926059999,927.27972,27,5181,212.26265,0
1753926060000,0.04096,0.04096,0.04095,0.04096,6650,1753926119999,272.35110,19,3045,124.72320,0
1753926120000,0.04098,0.04099,0.04096,0.04098,102141,1753926179999,4185.56306,36,79071,3240.36357,0
1753926180000,0.04100,0.04100,0.04097,0.04098,124808,1753926239999,5114.16077,50,3539,145.06266,0
1753926240000,0.04099,0.04099,0.04097,0.04097,87698,1753926299999,3593.10669,26,69675,2854.59325,0
1753926300000,0.04096,0.04098,0.04096,0.04097,39635,1753926359999,1623.71961,35,13847,567.39182,0
1753926360000,0.04097,0.04097,0.04094,0.04094,35470,1753926419999,1452.80470,46,8590,351.85466,0
1753926420000,0.04093,0.04096,0.04091,0.04096,15829,1753926479999,647.85900,29,5187,212.33516,0
1753926480000,0.04096,0.04096,0.04093,0.04094,124690,1753926539999,5105.74350,51,35075,1436.08239,0
1753926540000,0.04096,0.04097,0.04094,0.04097,8526,1753926599999,349.22287,24,2625,107.52724,0
1753926600000,0.04097,0.04100,0.04097,0.041,7393,1753926659999,303.04756,10,6173,253.02756,0
1753926660000,0.04102,0.04102,0.04098,0.04099,27494,1753926719999,1127.28022,36,3599,147.55098,0
1753926720000,0.04098,0.04100,0.04097,0.041,76894,1753926779999,3151.21298,22,7926,324.81483,0
1753926780000,0.04100,0.04100,0.04096,0.04096,70551,1753926839999,2891.95900,45,29396,1205.20697,0
1753926840000,0.04097,0.04097,0.04094,0.04094,32018,1753926899999,1311.43865,24,9115,373.43573,0
1753926900000,0.04096,0.04098,0.04095,0.04095,128306,1753926959999,5256.77904,50,64828,2656.09285,0
1753926960000,0.04097,0.04097,0.04094,0.04094,60341,1753927019999,2470.71954,38,12268,502.39029,0
1753927020000,0.04093,0.04098,0.04093,0.04098,8696,1753927079999,356.16490,27,6563,268.83240,0
1753927080000,0.04098,0.04098,0.04097,0.04097,7976,1753927139999,326.77989,22,3357,137.53946,0
1753927140000,0.04098,0.04099,0.04097,0.04099,11170,1753927199999,457.74307,23,8312,340.65081,0
1753927200000,0.04100,0.04101,0.04096,0.04096,151345,1753927259999,6202.11892,82,43219,1770.99495,0
1753927260000,0.04097,0.04099,0.04096,0.04099,7646,1753927319999,313.31145,16,6550,268.41929,0
1753927320000,0.04098,0.04099,0.04094,0.04097,283374,1753927379999,11607.19241,131,79634,3262.64672,0
1753927380000,0.04097,0.04097,0.04094,0.04096,48768,1753927439999,1997.27286,37,16970,694.89924,0
1753927440000,0.04097,0.04097,0.04092,0.04092,111320,1753927499999,4556.08214,46,1086,44.49342,0
1753927500000,0.04092,0.04093,0.04091,0.04092,252764,1753927559999,10342.86091,69,125381,5130.34702,0
1753927560000,0.04092,0.04097,0.04092,0.04097,170687,1753927619999,6988.93543,65,162052,6635.28936,0
1753927620000,0.04098,0.04104,0.04096,0.04104,261830,1753927679999,10731.51934,78,164459,6742.38246,0
1753927680000,0.04104,0.04108,0.04104,0.04105,456126,1753927739999,18729.98101,127,307018,12606.21045,0
1753927740000,0.04106,0.04106,0.04103,0.04105,161031,1753927799999,6611.02482,35,6842,280.80183,0
1753927800000,0.04104,0.04105,0.04101,0.04102,132193,1753927859999,5425.29311,65,110241,4524.58783,0
1753927860000,0.04103,0.04103,0.04100,0.04103,85457,1753927919999,3505.30179,60,57081,2341.36192,0
1753927920000,0.04104,0.04104,0.04102,0.04103,8923,1753927979999,366.13287,18,2470,101.36880,0
1753927980000,0.04103,0.04104,0.04102,0.04102,50179,1753928039999,2058.51200,42,13651,560.02366,0
1753928040000,0.04103,0.04103,0.04101,0.04102,58159,1753928099999,2385.65579,42,49034,2011.34829,0
1753928100000,0.04101,0.04101,0.04098,0.041,50051,1753928159999,2051.69805,42,16973,695.75372,0
1753928160000,0.04100,0.04101,0.04098,0.04098,70018,1753928219999,2870.20340,50,20279,831.45716,0
1753928220000,0.04099,0.04102,0.04099,0.041,37937,1753928279999,1555.57815,40,20050,822.13161,0
1753928280000,0.04100,0.04100,0.04097,0.04097,8551,1753928339999,350.44478,24,1080,44.27636,0
1753928340000,0.04098,0.04099,0.04097,0.04097,14222,1753928399999,582.81986,37,5616,230.15210,0
1753928400000,0.04096,0.04103,0.04096,0.04103,42945,1753928459999,1760.27097,35,37454,1535.31426,0
1753928460000,0.04102,0.04103,0.04101,0.04101,16752,1753928519999,687.13700,43,3506,143.82013,0
1753928520000,0.04100,0.04100,0.04099,0.041,27380,1753928579999,1122.52717,33,15739,645.29900,0
1753928580000,0.04099,0.04102,0.04099,0.04102,9244,1753928639999,378.99466,24,3056,125.34854,0
1753928640000,0.04102,0.04103,0.04100,0.04101,188684,1753928699999,7738.71761,51,122956,5043.16657,0
1753928700000,0.04101,0.04102,0.04099,0.04102,106867,1753928759999,4382.02354,48,2086,85.54941,0
1753928760000,0.04103,0.04104,0.04102,0.04103,20082,1753928819999,823.90629,28,8254,338.66162,0
1753928820000,0.04103,0.04105,0.04102,0.04105,24454,1753928879999,1003.36431,33,18622,764.11639,0
1753928880000,0.04104,0.04107,0.04103,0.04107,42794,1753928939999,1756.31638,41,19618,805.20434,0
1753928940000,0.04108,0.04108,0.04105,0.04106,74629,1753928999999,3064.58073,38,2358,96.86302,0
1753929000000,0.04106,0.04109,0.04105,0.04109,190625,1753929059999,7830.32081,79,169920,6980.14530,0
1753929060000,0.04109,0.04109,0.04106,0.04106,104837,1753929119999,4306.31637,57,40247,1653.10313,0
1753929120000,0.04106,0.04107,0.04105,0.04105,22241,1753929179999,913.32075,30,16766,688.53450,0
1753929180000,0.04105,0.04105,0.04103,0.04105,61229,1753929239999,2512.90485,49,54900,2253.19138,0
1753929240000,0.04106,0.04106,0.04105,0.04105,26614,1753929299999,1092.54587,37,11375,466.94375,0
1753929300000,0.04104,0.04104,0.04102,0.04104,52122,1753929359999,2138.90182,43,14678,602.38512,0
1753929360000,0.04104,0.04106,0.04104,0.04105,49865,1753929419999,2046.74495,44,35736,1466.74950,0
1753929420000,0.04106,0.04107,0.04105,0.04105,49239,1753929479999,2021.51093,44,14688,603.04602,0
1753929480000,0.04105,0.04109,0.04105,0.04109,41926,1753929539999,1722.03887,36,38760,1592.07457,0
1753929540000,0.04109,0.04111,0.04107,0.0411,86944,1753929599999,3572.57253,52,39199,1611.12836,0
1753929600000,0.04111,0.04116,0.04111,0.04115,143325,1753929659999,5893.81893,61,126603,5205.95547,0
1753929660000,0.04116,0.04116,0.04114,0.04115,135189,1753929719999,5563.04750,99,100191,4122.81664,0
1753929720000,0.04116,0.04117,0.04115,0.04115,84138,1753929779999,3462.60171,43,9082,373.83771,0
1753929780000,0.04115,0.04116,0.04114,0.04116,93811,1753929839999,3860.71181,56,74711,3074.79833,0
1753929840000,0.04118,0.04119,0.04118,0.04118,29251,1753929899999,1204.56245,38,21637,891.01793,0
1753929900000,0.04118,0.04123,0.04118,0.0412,627942,1753929959999,25880.05336,125,553188,22799.50145,0
1753929960000,0.04119,0.04119,0.04113,0.04116,648375,1753930019999,26687.54219,127,179683,7394.11997,0
1753930020000,0.04114,0.04117,0.04114,0.04116,230989,1753930079999,9506.99433,67,220942,9093.63256,0
1753930080000,0.04118,0.04124,0.04118,0.04124,268425,1753930139999,11062.56357,92,256859,10586.07151,0
1753930140000,0.04123,0.04124,0.04120,0.04121,397840,1753930199999,16402.63569,99,278384,11478.03029,0
1753930200000,0.04122,0.04122,0.04120,0.04121,107228,1753930259999,4418.83453,39,10700,440.94701,0
1753930260000,0.04120,0.04120,0.04116,0.04116,47866,1753930319999,1971.12761,40,2758,113.58814,0
1753930320000,0.04117,0.04117,0.04116,0.04117,44660,1753930379999,1838.34223,33,3159,130.05603,0
1753930380000,0.04118,0.04118,0.04114,0.04114,47909,1753930439999,1971.79950,41,7522,309.58351,0
1753930440000,0.04114,0.04118,0.04114,0.04118,43619,1753930499999,1795.47040,33,40385,1662.41090,0
1753930500000,0.04119,0.04122,0.04119,0.04121,72380,1753930559999,2982.07574,39,51937,2139.67343,0
1753930560000,0.04120,0.04120,0.04119,0.0412,4533,1753930619999,186.74310,19,2622,108.02640,0
1753930620000,0.04119,0.04120,0.04117,0.04118,26388,1753930679999,1086.67104,31,3921,161.46938,0
1753930680000,0.04119,0.04120,0.04119,0.04119,6115,1753930739999,251.87826,20,2281,93.95580,0
1753930740000,0.04119,0.04119,0.04119,0.04119,12930,1753930799999,532.58670,23,0,0,0
