timestamp,open,high,low,close,volume,close_time,quote_asset_volume,trades,taker_buy_base,taker_buy_quote,ignore
1753412400000,3614.11,3619.57,3608.80,3616.83,19537.960,1753412459999,70603440.39087,18466,8000.091,28916625.48676,0
1753412460000,3616.84,3623.07,3616.84,3618.0,11489.968,1753412519999,41589653.51222,9754,4857.046,17581578.69093,0
1753412520000,3618.01,3619.20,3608.31,3609.57,15519.299,1753412579999,56076231.34912,11094,4931.692,17816032.88452,0
1753412580000,3609.58,3617.95,3609.28,3617.15,15003.830,1753412639999,54202959.32817,8379,11971.276,43248192.89103,0
1753412640000,3617.15,3617.15,3608.19,3608.82,9296.886,1753412699999,33576348.10617,8667,2954.572,10671200.97934,0
1753412700000,3608.86,3612.29,3603.24,3608.71,22221.725,1753412759999,80154106.31058,16558,8338.962,30081751.41155,0
1753412760000,3608.71,3624.00,3601.48,3621.7,26855.063,1753412819999,96973654.25020,20199,15344.001,55454239.07568,0
1753412820000,3621.69,3629.13,3620.79,3628.63,14577.159,1753412879999,52856733.24512,13218,10104.484,36638656.35389,0
1753412880000,3628.66,3631.75,3625.61,3627.35,12575.319,1753412939999,45632229.38016,12196,7897.140,28656606.81884,0
1753412940000,3627.34,3629.99,3626.03,3627.2,6251.656,1753412999999,22679156.89856,5517,3608.503,13090394.21470,0
1753413000000,3627.20,3628.10,3622.50,3626.23,7220.239,1753413059999,26177174.57513,7618,4005.799,14523359.14328,0
1753413060000,3626.23,3630.00,3623.71,3626.24,4369.950,1753413119999,15849146.26220,7363,2911.274,10558622.35057,0
1753413120000,3626.23,3628.13,3620.34,3620.35,3572.992,1753413179999,12954562.01322,5907,1056.457,3831161.65079,0
1753413180000,3620.36,3621.59,3615.00,3619.5,6215.864,1753413239999,22490425.96755,8371,2122.121,7677852.84262,0
1753413240000,3619.49,3624.46,3619.49,3622.25,3034.239,1753413299999,10989396.95913,6008,1719.365,6227034.32147,0
1753413300000,3622.24,3622.25,3609.48,3613.37,8587.307,1753413359999,31033773.67140,9598,1814.024,6557284.03952,0
1753413360000,3613.37,3615.89,3609.72,3615.27,5368.769,1753413419999,19399206.87976,8435,3172.942,11464859.65356,0
1753413420000,3615.28,3616.00,3609.30,3610.31,7192.844,1753413479999,25975337.65056,8470,1597.321,5768055.56859,0
1753413480000,3610.30,3618.73,3609.26,3613.98,7455.743,1753413539999,26948201.01545,9253,5083.346,18377477.24792,0
1753413540000,3613.97,3616.40,3613.24,3615.0,3042.371,1753413599999,10997972.45505,4723,1494.781,5403473.39765,0
1753413600000,3615.00,3623.11,3615.00,3623.1,5980.489,1753413659999,21646690.94859,8985,3894.218,14095222.12082,0
1753413660000,3623.10,3627.91,3621.54,3627.57,6250.263,1753413719999,22655112.34479,8420,4397.786,15942299.56257,0
1753413720000,3627.57,3632.63,3626.81,3627.0,8248.180,1753413779999,29938315.68644,9703,4935.768,17914679.09969,0
1753413780000,3627.00,3628.38,3624.68,3625.2,2645.328,1753413839999,9593283.31972,4208,1128.669,4093287.71340,0
1753413840000,3625.19,3627.84,3623.48,3623.77,2694.928,1753413899999,9770127.58044,4075,923.887,3349617.00961,0
1753413900000,3623.77,3626.83,3623.13,3625.13,2842.545,1753413959999,10303262.13277,4018,1438.356,5213559.60892,0
1753413960000,3625.13,3625.50,3621.36,3625.49,2589.559,1753414019999,9382617.71604,3815,837.713,3035313.10823,0
1753414020000,3625.48,3627.16,3620.15,3624.01,5918.106,1753414079999,21445501.52239,6601,4324.985,15672653.49428,0
1753414080000,3624.01,3624.55,3619.21,3619.33,1529.555,1753414139999,5540457.94438,3391,489.310,1772775.28436,0
1753414140000,3619.33,3621.39,3616.02,3618.65,2976.910,1753414199999,10773570.41435,5099,1711.875,6196275.48953,0
1753414200000,3618.64,3618.64,3601.31,3601.63,20302.027,1753414259999,73237768.00100,19042,5245.875,18921475.36027,0
1753414260000,3601.64,3604.80,3590.16,3595.79,44047.247,1753414319999,158443188.70393,32906,14901.718,53598363.80204,0
1753414320000,3595.79,3598.15,3580.00,3580.78,39096.266,1753414379999,140282045.14941,30389,13034.526,46775812.91443,0
1753414380000,3580.78,3586.84,3571.01,3578.74,41193.283,1753414439999,147465402.97509,32488,12991.043,46526703.30083,0
1753414440000,3578.74,3585.85,3570.13,3582.92,39545.777,1753414499999,141558207.26987,28828,17261.056,61808165.13297,0
1753414500000,3582.92,3586.89,3579.30,3582.27,9173.622,1753414559999,32863355.12972,12243,4574.178,16386725.61906,0
1753414560000,3582.26,3590.26,3582.09,3585.19,8713.378,1753414619999,31247423.10515,11197,5872.694,21062759.25882,0
1753414620000,3585.19,3588.70,3584.46,3584.93,6286.832,1753414679999,22547877.21270,7443,2890.680,10367769.03642,0
1753414680000,3584.93,3587.72,3583.94,3587.4,4223.145,1753414739999,15144358.15545,5579,2584.624,9268409.77192,0
1753414740000,3587.39,3587.71,3583.43,3586.25,5114.262,1753414799999,18339375.32717,7485,2659.991,9538777.20230,0
1753414800000,3586.29,3588.63,3584.17,3586.32,4100.794,1753414859999,14708152.61768,7440,2633.316,9445222.08812,0
1753414860000,3586.32,3591.19,3586.32,3590.83,3972.795,1753414919999,14259528.08533,7219,2282.316,8191748.58818,0
1753414920000,3590.84,3595.00,3589.26,3589.26,4941.445,1753414979999,17751016.52049,7475,2551.427,9165525.33181,0
1753414980000,3589.27,3592.09,3583.38,3583.38,5448.609,1753415039999,19547081.61616,9389,2005.462,7194915.11197,0
1753415040000,3583.38,3591.33,3583.10,3591.3,2355.810,1753415099999,8451933.72100,5988,1343.890,4821207.93984,0
1753415100000,3591.31,3591.42,3580.35,3584.28,8808.462,1753415159999,31575350.69596,10669,2567.952,9201075.39545,0
1753415160000,3584.28,3595.17,3584.27,3592.4,10893.887,1753415219999,39122753.71949,13001,7536.235,27063733.47696,0
1753415220000,3592.40,3594.62,3589.15,3592.75,7995.935,1753415279999,28727786.67265,7714,4638.057,16663548.92628,0
1753415280000,3592.75,3595.72,3588.16,3588.16,6639.672,1753415339999,23859622.34024,8221,4033.180,14496127.39286,0
1753415340000,3588.15,3594.56,3587.27,3594.41,6884.785,1753415399999,24720320.40395,8600,4920.732,17669722.08949,0
1753415400000,3594.41,3595.00,3586.31,3587.38,4371.202,1753415459999,15692168.69032,6892,2545.940,9139897.77796,0
1753415460000,3587.37,3590.88,3585.73,3588.01,3957.367,1753415519999,14202045.84482,6676,2638.496,9468414.20254,0
1753415520000,3588.01,3592.21,3587.64,3590.71,2142.150,1753415579999,7690140.07030,4121,1276.154,4581302.53573,0
1753415580000,3590.74,3591.00,3587.09,3587.1,3098.332,1753415639999,11122111.29680,3864,1623.792,5828948.52271,0
1753415640000,3587.10,3592.69,3587.09,3591.83,3474.536,1753415699999,12475729.04735,4369,2061.736,7402653.15582,0
1753415700000,3591.83,3592.86,3587.81,3591.76,5548.129,1753415759999,19917693.73905,6143,2635.074,9459397.10167,0
1753415760000,3591.77,3598.40,3591.76,3595.74,5585.751,1753415819999,20081504.84400,6055,4563.558,16406100.21190,0
1753415820000,3595.73,3598.39,3592.32,3593.34,3658.291,1753415879999,13153285.36361,5602,2433.955,8751620.13828,0
1753415880000,3593.38,3595.31,3593.34,3593.73,2838.045,1753415939999,10200410.19888,3533,1568.516,5637465.82839,0
1753415940000,3593.73,3596.71,3593.72,3594.25,1672.616,1753415999999,6013739.38220,3292,855.613,3076090.41612,0
1753416000000,3594.25,3597.14,3593.29,3597.13,2400.438,1753416059999,8631117.48389,4421,1532.214,5509520.60621,0
1753416060000,3597.12,3598.88,3596.57,3598.66,4144.154,1753416119999,14909440.65936,4983,2912.495,10478290.91624,0
1753416120000,3598.66,3598.88,3591.60,3596.98,3971.867,1753416179999,14279120.37879,5715,1701.968,6119334.19703,0
1753416180000,3596.97,3605.32,3596.73,3601.74,12187.734,1753416239999,43905517.08315,12522,7330.658,26406709.42786,0
1753416240000,3601.73,3603.00,3599.00,3600.61,4789.609,1753416299999,17247657.85586,6511,2821.950,10162046.25873,0
1753416300000,3600.61,3602.93,3598.75,3599.07,4561.608,1753416359999,16424291.84759,5857,2887.100,10394817.03312,0
1753416360000,3599.06,3600.43,3593.32,3594.71,4342.921,1753416419999,15615272.38667,6833,1725.385,6203116.20845,0
1753416420000,3594.72,3598.97,3594.72,3596.38,3702.811,1753416479999,13317688.55766,6132,921.915,3315705.35641,0
1753416480000,3596.38,3598.79,3592.80,3593.1,2944.435,1753416539999,10589227.16186,5074,1303.925,4689472.46103,0
1753416540000,3593.10,3593.72,3586.27,3586.5,7454.233,1753416599999,26756962.63387,11193,2772.673,9953016.88146,0
1753416600000,3586.50,3595.97,3586.08,3595.97,5175.762,1753416659999,18579461.04180,8271,3445.088,12368375.43798,0
1753416660000,3595.97,3603.45,3592.89,3592.89,6805.273,1753416719999,24497209.17323,10947,3398.972,12235830.39529,0
1753416720000,3592.90,3594.96,3585.35,3586.69,5092.889,1753416779999,18277749.68813,8308,2525.667,9062816.13790,0
1753416780000,3586.68,3591.57,3585.00,3590.0,3218.196,1753416839999,11548574.72398,6883,1877.418,6737463.00887,0
1753416840000,3589.99,3589.99,3585.16,3587.09,4918.836,1753416899999,17650723.07030,6479,2293.763,8230725.57850,0
1753416900000,3587.09,3589.24,3582.12,3582.37,3378.682,1753416959999,12116259.47521,6402,1111.599,3986661.65856,0
1753416960000,3582.37,3589.99,3576.84,3589.82,11806.774,1753417019999,42273747.96428,13772,4859.404,17401189.30151,0
1753417020000,3589.81,3594.00,3587.70,3591.44,4350.001,1753417079999,15620093.31516,7701,2758.853,9906884.62815,0
1753417080000,3591.45,3597.08,3591.13,3592.74,3722.843,1753417139999,13381287.05494,6628,1932.372,6945405.37723,0
1753417140000,3592.73,3594.46,3589.38,3590.99,2162.305,1753417199999,7766460.55692,5318,1143.209,4106166.45863,0
1753417200000,3590.98,3596.00,3589.32,3590.29,3650.124,1753417259999,13115774.72021,6794,2029.906,7294413.82227,0
1753417260000,3590.29,3592.58,3583.00,3583.0,3854.038,1753417319999,13819134.03895,7363,1523.169,5461383.00195,0
1753417320000,3583.01,3589.51,3583.01,3585.17,5012.309,1753417379999,17973479.69498,6488,3251.045,11657070.26852,0
1753417380000,3585.18,3588.18,3581.72,3586.92,3035.643,1753417439999,10880773.01902,6082,1324.024,4746106.55527,0
1753417440000,3586.91,3589.83,3583.80,3588.99,2718.820,1753417499999,9750006.49354,5882,1327.839,4761696.11156,0
1753417500000,3589.00,3590.00,3586.16,3587.07,5052.579,1753417559999,18130119.41221,6536,3696.279,13262833.67761,0
1753417560000,3587.07,3588.13,3583.54,3583.83,2779.288,1753417619999,9966264.72194,5361,1263.553,4530713.32776,0
1753417620000,3583.84,3585.08,3580.23,3584.0,3015.351,1753417679999,10803175.77336,5774,1209.124,4332826.25887,0
1753417680000,3583.99,3596.77,3583.84,3596.39,6486.250,1753417739999,23297314.75816,9065,3446.267,12377424.56366,0
1753417740000,3596.38,3596.92,3592.33,3595.88,5218.709,1753417799999,18759385.58420,7354,2043.905,7348163.55246,0
1753417800000,3595.87,3609.13,3595.17,3606.96,14295.640,1753417859999,51507710.67243,12691,10016.674,36091029.68196,0
1753417860000,3606.96,3611.83,3605.00,3611.58,24157.056,1753417919999,87186576.30284,17044,12443.899,44913235.32561,0
1753417920000,3611.57,3620.00,3611.28,3614.95,22737.537,1753417979999,82201398.22609,18792,15285.378,55261773.01093,0
1753417980000,3614.94,3624.54,3614.45,3618.29,15456.707,1753418039999,55941790.03645,13766,10272.045,37178926.63756,0
1753418040000,3618.29,3619.93,3616.35,3618.18,6759.302,1753418099999,24451548.72336,8619,3458.026,12509236.59941,0
1753418100000,3618.18,3619.01,3611.52,3615.39,10019.139,1753418159999,36203146.91633,8117,6198.952,22397513.09712,0
1753418160000,3615.39,3621.94,3613.51,3617.52,8661.613,1753418219999,31338228.32998,11095,3958.164,14322316.20586,0
1753418220000,3617.51,3618.90,3613.62,3618.68,3548.514,1753418279999,12832352.02160,6334,1900.691,6873785.39690,0
1753418280000,3618.67,3621.41,3617.43,3621.41,5483.170,1753418339999,19846972.18145,6128,2583.985,9353092.38684,0
1753418340000,3621.41,3622.99,3619.39,3622.8,7246.422,1753418399999,26242365.66384,10710,2816.972,10201735.28567,0
1753418400000,3622.80,3624.72,3621.07,3624.04,8522.271,1753418459999,30874627.23114,10326,5389.052,19523283.60606,0
1753418460000,3624.04,3624.52,3620.68,3623.81,3286.010,1753418519999,11904257.81208,5272,1914.250,6934642.08059,0
1753418520000,3623.81,3624.56,3621.16,3621.57,3632.908,1753418579999,13163973.56834,4461,1730.261,6269931.41238,0
1753418580000,3621.56,3624.95,3619.00,3619.0,6900.235,1753418639999,24994340.93345,7146,3560.503,12899057.20530,0
1753418640000,3619.00,3619.69,3615.65,3618.59,5031.381,1753418699999,18202603.22762,6947,1746.547,6318471.29111,0
1753418700000,3618.58,3625.56,3618.58,3625.52,4519.842,1753418759999,16374303.23863,6533,3218.488,11659902.11859,0
1753418760000,3625.51,3628.17,3622.45,3626.47,8510.211,1753418819999,30855433.42921,7282,4819.882,17477613.02111,0
1753418820000,3626.46,3628.28,3626.00,3626.51,6973.937,1753418879999,25294931.75084,6469,3563.079,12923717.74640,0
1753418880000,3626.50,3633.00,3626.41,3632.76,7995.243,1753418939999,29023421.67350,7588,5586.704,20279996.54513,0
1753418940000,3632.76,3637.98,3630.44,3634.79,12309.628,1753418999999,44730855.24281,9613,7113.534,25853795.31396,0
1753419000000,3634.79,3635.48,3628.59,3629.67,6836.804,1753419059999,24818972.09748,7581,3593.174,13044489.98134,0
1753419060000,3629.67,3632.99,3628.06,3632.26,4758.037,1753419119999,17273333.46461,5388,3029.587,10999279.03121,0
1753419120000,3632.25,3636.33,3631.02,3633.64,6360.526,1753419179999,23115430.90332,5861,3152.750,11456016.36086,0
1753419180000,3633.64,3636.44,3631.94,3635.99,6289.452,1753419239999,22860639.43291,6968,2875.399,10451884.19410,0
1753419240000,3635.98,3643.66,3635.98,3642.46,13703.365,1753419299999,49879922.76537,11979,10479.961,38145456.40012,0
1753419300000,3642.46,3642.50,3638.44,3641.77,4518.623,1753419359999,16449826.83545,5438,2117.530,7708691.35368,0
1753419360000,3641.77,3642.45,3640.00,3640.25,4305.848,1753419419999,15677654.46392,5532,2688.923,9790997.87360,0
1753419420000,3640.25,3647.42,3640.24,3647.42,10960.276,1753419479999,39948904.12510,12331,8042.993,29315921.44699,0
1753419480000,3647.42,3649.68,3645.01,3649.12,8854.486,1753419539999,32297744.32135,12608,5012.796,18285314.86828,0
1753419540000,3649.11,3649.99,3645.78,3647.05,8402.877,1753419599999,30657464.68251,10113,3759.821,13717889.66787,0
1753419600000,3647.06,3647.23,3642.50,3642.54,6021.974,1753419659999,21948439.53154,7497,1972.788,7191416.19844,0
1753419660000,3642.55,3644.44,3641.24,3641.88,7947.403,1753419719999,28949152.43924,6440,2307.850,8406327.73949,0
1753419720000,3641.88,3645.90,3640.00,3643.33,4539.914,1753419779999,16539469.59478,6288,1642.805,5985649.35848,0
1753419780000,3643.33,3647.43,3642.99,3646.09,3026.514,1753419839999,11034830.27705,4939,1580.459,5762479.83589,0
1753419840000,3646.09,3648.00,3646.08,3647.9,4394.685,1753419899999,16030045.32626,3544,3150.942,11493649.91252,0
1753419900000,3647.89,3647.90,3643.64,3645.42,4591.770,1753419959999,16741598.64929,3809,620.115,2261038.43250,0
1753419960000,3645.42,3647.76,3643.76,3647.18,4334.901,1753420019999,15805431.37599,4165,1848.443,6740217.82539,0
1753420020000,3647.17,3647.18,3636.63,3637.17,9773.392,1753420079999,35583950.71103,8309,2019.268,7351394.80206,0
1753420080000,3637.17,3638.48,3633.06,3635.15,9087.800,1753420139999,33039915.81144,8767,4184.656,15215079.96626,0
1753420140000,3635.15,3635.46,3623.41,3625.22,19100.099,1753420199999,69315003.07122,16493,5803.824,21061736.58111,0
1753420200000,3625.22,3631.14,3622.12,3629.51,11194.059,1753420259999,40589039.95266,10159,6998.781,25378272.31539,0
1753420260000,3629.51,3630.75,3623.34,3625.57,6941.982,1753420319999,25174618.99761,7093,1870.808,6782821.50839,0
1753420320000,3625.57,3629.87,3623.34,3629.5,6963.451,1753420379999,25259657.43265,8243,3458.481,12543788.69004,0
1753420380000,3629.49,3629.95,3609.70,3616.52,28840.860,1753420439999,104357424.45107,18068,5273.020,19090303.28590,0
1753420440000,3616.53,3617.94,3608.60,3611.18,26066.613,1753420499999,94178211.29755,20112,7566.699,27342505.72475,0
1753420500000,3611.17,3617.00,3610.83,3616.98,7590.271,1753420559999,27431106.10709,10986,3911.536,14136520.72244,0
1753420560000,3616.97,3624.13,3616.72,3623.05,7438.075,1753420619999,26936348.30138,7582,4161.421,15069226.41568,0
1753420620000,3623.06,3623.71,3620.17,3622.81,5778.445,1753420679999,20933380.45609,4242,3289.973,11919267.35842,0
1753420680000,3622.81,3628.26,3621.87,3626.55,6647.048,1753420739999,24093301.86798,6001,5118.423,18552580.02704,0
1753420740000,3626.54,3640.22,3625.33,3637.45,36273.967,1753420799999,131809577.57616,19980,24884.161,90412250.01169,0
1753420800000,3637.45,3640.30,3634.67,3637.56,12055.280,1753420859999,43861999.73754,9354,7424.464,27011979.97750,0
1753420860000,3637.56,3637.56,3630.72,3633.83,4095.868,1753420919999,14882545.91315,5295,1401.332,5091864.62087,0
1753420920000,3633.82,3633.83,3629.69,3631.51,3482.744,1753420979999,12647192.75418,4095,1178.064,4278458.77966,0
1753420980000,3631.50,3639.96,3631.46,3636.29,8599.201,1753421039999,31266835.44108,6293,6131.279,22295881.92218,0
1753421040000,3636.28,3639.17,3633.85,3633.95,7213.941,1753421099999,26244759.42376,4788,5943.681,21624549.87449,0
1753421100000,3633.95,3633.96,3631.21,3632.63,1553.324,1753421159999,5642597.16733,2834,720.750,2618001.57705,0
1753421160000,3632.63,3634.21,3632.20,3633.58,1847.536,1753421219999,6712724.46723,3267,1220.324,4433885.09476,0
1753421220000,3633.57,3636.58,3632.97,3634.2,4811.983,1753421279999,17489749.73047,6200,2457.869,8932967.37595,0
1753421280000,3634.20,3635.26,3632.61,3634.33,4130.707,1753421339999,15009379.52723,3723,3184.072,11569724.87881,0
1753421340000,3634.33,3635.09,3632.00,3632.01,1994.979,1753421399999,7250122.15832,1953,528.256,1919751.67022,0
1753421400000,3632.00,3632.00,3628.00,3628.66,4510.844,1753421459999,16376100.24926,4592,1298.568,4713633.23138,0
1753421460000,3628.66,3630.34,3625.00,3625.0,2805.252,1753421519999,10176544.09638,4047,1204.516,4370140.29040,0
1753421520000,3625.00,3628.63,3624.48,3626.6,2728.384,1753421579999,9892874.52999,3722,1110.012,4024978.94553,0
1753421580000,3626.60,3626.61,3621.62,3623.33,3483.311,1753421639999,12624797.30011,4149,585.520,2122295.01757,0
1753421640000,3623.32,3624.44,3620.85,3621.63,5000.117,1753421699999,18110850.49454,4903,1759.990,6374733.10493,0
1753421700000,3621.64,3622.50,3620.31,3621.22,2925.684,1753421759999,10594718.47153,4157,1521.680,5510557.46752,0
1753421760000,3621.22,3625.91,3621.22,3625.22,2569.029,1753421819999,9311634.71695,4440,1915.140,6941317.49065,0
1753421820000,3625.21,3626.00,3623.50,3624.85,1046.958,1753421879999,3794905.27565,2539,511.281,1853181.39964,0
1753421880000,3624.85,3629.82,3623.97,3629.53,4645.288,1753421939999,16853219.83865,5243,3333.751,12094577.61878,0
1753421940000,3629.53,3631.32,3627.27,3627.79,2764.660,1753421999999,10034483.75467,3898,1898.844,6892016.92127,0
1753422000000,3627.80,3628.81,3623.93,3624.83,1961.747,1753422059999,7114967.35939,3848,497.753,1805279.48607,0
1753422060000,3624.82,3626.96,3623.93,3626.96,1444.501,1753422119999,5236949.41067,3279,668.645,2424235.26444,0
1753422120000,3626.97,3627.77,3625.20,3627.03,1758.327,1753422179999,6377012.23816,2740,935.778,3393890.98350,0
1753422180000,3627.03,3630.59,3626.29,3629.8,2131.620,1753422239999,7735429.22693,2777,1540.769,5591706.26814,0
1753422240000,3629.79,3629.79,3627.00,3628.56,2083.844,1753422299999,7561678.57034,3229,1321.109,4793830.60084,0
1753422300000,3628.55,3632.13,3627.76,3627.76,1795.886,1753422359999,6519529.34403,3357,1038.352,3769560.39516,0
1753422360000,3627.76,3629.56,3625.26,3625.26,2485.915,1753422419999,9017173.34225,3793,799.465,2899971.54614,0
1753422420000,3625.26,3626.29,3621.46,3624.32,3394.330,1753422479999,12299945.46843,4939,1055.084,3823154.84336,0
1753422480000,3624.33,3625.11,3622.58,3624.3,1241.559,1753422539999,4499401.61025,2458,602.885,2184811.18501,0
1753422540000,3624.30,3624.30,3622.68,3623.99,1116.304,1753422599999,4044881.30812,2152,499.547,1810073.82425,0
1753422600000,3623.99,3625.99,3623.10,3624.01,1270.105,1753422659999,4603565.02640,2945,714.893,2591306.81280,0
1753422660000,3624.02,3626.00,3623.46,3625.99,1086.040,1753422719999,3936011.96160,1918,517.219,1874596.58264,0
1753422720000,3626.00,3627.72,3624.45,3625.73,1266.285,1753422779999,4591236.81332,2626,806.434,2923871.50412,0
1753422780000,3625.72,3626.60,3622.51,3622.51,906.911,1753422839999,3286989.59081,2327,347.263,1258612.05975,0
1753422840000,3622.51,3622.51,3620.00,3621.96,3400.603,1753422899999,12311655.94339,3070,907.511,3285735.24077,0
1753422900000,3621.97,3624.87,3621.00,3624.47,2197.938,1753422959999,7962930.66495,3474,1101.181,3990029.45853,0
1753422960000,3624.48,3625.74,3622.68,3623.42,1066.918,1753423019999,3867042.24654,2584,441.431,1600008.84731,0
1753423020000,3623.43,3636.72,3623.11,3633.4,14928.321,1753423079999,54223463.11477,11113,11218.229,40743626.23849,0
1753423080000,3633.40,3635.99,3633.30,3635.06,7990.359,1753423139999,29044103.17275,5092,5964.862,21681467.26007,0
1753423140000,3635.06,3635.06,3631.19,3632.15,1963.509,1753423199999,7133083.62222,3365,521.599,1894857.78239,0
1753423200000,3632.16,3633.90,3628.57,3629.88,3471.050,1753423259999,12602653.96623,3761,2153.045,7816674.29025,0
1753423260000,3629.88,3630.78,3628.29,3630.05,2415.498,1753423319999,8768151.72061,2829,589.118,2138303.95576,0
1753423320000,3630.05,3631.00,3627.88,3627.98,1198.105,1753423379999,4348567.84687,2321,553.811,2010071.85535,0
1753423380000,3627.98,3629.02,3625.61,3629.01,1635.570,1753423439999,5932240.94431,2647,702.381,2547735.01223,0
1753423440000,3629.02,3630.53,3623.82,3623.95,1705.465,1753423499999,6185158.44425,3608,517.750,1877907.17774,0
1753423500000,3623.96,3625.27,3620.00,3620.0,6368.376,1753423559999,23062088.21396,4613,1215.817,4403731.62389,0
1753423560000,3620.00,3620.01,3612.04,3613.01,23231.194,1753423619999,83993994.23170,12207,3542.861,12807366.59820,0
1753423620000,3613.00,3615.51,3611.71,3612.43,5583.666,1753423679999,20176154.97917,6125,2321.113,8387587.54992,0
1753423680000,3612.42,3616.46,3610.01,3612.87,6547.831,1753423739999,23656644.09620,7292,2664.665,9630354.31225,0
1753423740000,3612.86,3613.74,3610.38,3612.35,4232.985,1753423799999,15291465.37738,5119,1697.153,6131278.49937,0
1753423800000,3612.34,3615.17,3611.54,3612.72,4208.874,1753423859999,15207930.27690,4749,2321.817,8389852.02510,0
1753423860000,3612.72,3614.24,3612.12,3614.19,2200.728,1753423919999,7951648.38737,3092,713.586,2578493.74914,0
1753423920000,3614.19,3619.27,3613.45,3619.23,3307.125,1753423979999,11959057.77910,4632,1839.581,6652640.51119,0
1753423980000,3619.23,3626.32,3619.22,3625.46,5975.107,1753424039999,21647364.64975,7003,4083.546,14791712.81902,0
1753424040000,3625.46,3629.58,3625.11,3626.25,4930.361,1753424099999,17884275.74186,5436,3162.903,11473246.39349,0
1753424100000,3626.24,3626.24,3623.45,3623.89,3104.322,1753424159999,11251706.55381,3786,940.334,3408141.51057,0
1753424160000,3623.89,3623.94,3615.75,3615.92,2931.832,1753424219999,10612273.31059,5056,720.443,2607267.04177,0
1753424220000,3615.91,3623.04,3615.19,3623.04,3407.685,1753424279999,12334524.58566,5346,2736.555,9905232.57914,0
1753424280000,3623.04,3624.13,3620.01,3623.72,2579.478,1753424339999,9343069.05016,4709,794.460,2878051.31885,0
1753424340000,3623.72,3630.00,3621.65,3629.99,2466.829,1753424399999,8944639.83318,4335,1810.659,6566022.93498,0
1753424400000,3630.00,3630.63,3626.08,3626.65,3994.340,1753424459999,14493665.19661,6209,2074.429,7527277.79489,0
1753424460000,3626.66,3628.93,3625.00,3625.01,3657.263,1753424519999,13265137.77178,4843,602.159,2184241.97664,0
1753424520000,3625.00,3628.90,3624.62,3624.87,3660.961,1753424579999,13278039.45521,4616,1117.255,4052676.65805,0
1753424580000,3624.86,3625.50,3619.20,3621.26,6410.215,1753424639999,23220995.68577,6282,1815.464,6576799.18647,0
1753424640000,3621.26,3623.03,3619.06,3622.34,1757.111,1753424699999,6362561.87120,2861,1148.185,4157477.08534,0
1753424700000,3622.35,3628.90,3622.05,3623.98,8947.875,1753424759999,32437417.65565,6427,5871.929,21287276.43895,0
1753424760000,3623.98,3623.98,3615.53,3618.13,7405.211,1753424819999,26799241.99265,7209,1398.852,5060047.52070,0
1753424820000,3618.13,3618.13,3610.01,3611.43,6534.012,1753424879999,23609236.74787,6645,1027.658,3713750.55823,0
1753424880000,3611.44,3614.92,3611.44,3613.27,2829.830,1753424939999,10226312.79422,3456,1757.279,6350394.46429,0
1753424940000,3613.26,3623.51,3613.26,3623.0,7915.146,1753424999999,28648509.47359,6119,4896.642,17719319.02925,0
1753425000000,3623.00,3624.26,3618.36,3619.66,3140.847,1753425059999,11374943.40893,4460,873.236,3162127.45827,0
1753425060000,3619.66,3621.00,3617.13,3621.0,2578.485,1753425119999,9332786.88625,3930,1711.983,6197198.43843,0
1753425120000,3620.99,3621.00,3617.00,3617.52,1602.648,1753425179999,5799900.64957,2838,432.925,1566578.85384,0
1753425180000,3617.51,3620.45,3614.98,3620.45,2517.360,1753425239999,9105350.48717,4173,903.516,3268213.89409,0
1753425240000,3620.44,3624.10,3618.41,3624.1,2082.754,1753425299999,7541843.08774,3915,1537.445,5567307.35116,0
1753425300000,3624.11,3624.57,3621.92,3624.05,1396.104,1753425359999,5058783.68357,2973,552.999,2003698.29906,0
1753425360000,3624.06,3624.38,3622.79,3623.88,1267.669,1753425419999,4593575.50685,2435,354.639,1285069.67941,0
1753425420000,3623.87,3628.67,3623.58,3628.67,2213.417,1753425479999,8027002.81536,2933,1431.980,5193289.19579,0
1753425480000,3628.67,3629.89,3626.03,3627.01,3469.733,1753425539999,12588776.73220,4908,1482.684,5379665.14392,0
1753425540000,3627.01,3627.93,3623.47,3624.71,3952.722,1753425599999,14329724.01818,4172,413.857,1500413.08814,0
1753425600000,3624.71,3631.37,3624.33,3631.36,7079.282,1753425659999,25693739.04740,6139,4008.175,14546891.38015,0
1753425660000,3631.35,3642.16,3631.00,3638.8,13033.624,1753425719999,47417635.67365,12145,10003.990,36396292.79614,0
1753425720000,3638.80,3640.04,3634.56,3638.68,5748.069,1753425779999,20909343.13362,6194,3475.681,12643363.93246,0
1753425780000,3638.67,3639.00,3634.84,3636.95,3697.160,1753425839999,13447828.33903,4030,2005.782,7296142.37398,0
1753425840000,3636.94,3640.31,3636.89,3638.78,4005.774,1753425899999,14576496.97041,4821,2345.580,8535524.99886,0
1753425900000,3638.78,3638.79,3635.76,3638.67,4283.299,1753425959999,15579431.70996,4520,2144.509,7800425.05659,0
1753425960000,3638.67,3641.98,3637.20,3641.8,3707.620,1753426019999,13491502.96580,3841,1718.026,6251841.75759,0
1753426020000,3641.80,3643.25,3638.01,3638.01,3410.502,1753426079999,12417567.55528,4967,1772.157,6453204.85647,0
1753426080000,3638.01,3641.00,3638.01,3640.96,2316.722,1753426139999,8432124.56874,3189,1383.807,5036382.49188,0
1753426140000,3640.96,3640.96,3637.99,3638.65,1936.300,1753426199999,7046993.69830,3149,937.573,3412366.02310,0
1753426200000,3638.65,3641.50,3637.51,3638.71,2547.276,1753426259999,9271033.84027,3605,1429.954,5204292.61691,0
1753426260000,3638.71,3639.05,3634.11,3636.49,2124.074,1753426319999,7724128.47000,4530,803.336,2921598.09864,0
1753426320000,3636.50,3637.34,3635.28,3635.28,2262.712,1753426379999,8227354.99742,2578,1447.224,5262136.51712,0
1753426380000,3635.28,3635.48,3631.01,3634.63,2426.855,1753426439999,8816701.47771,3628,1125.606,4089167.55281,0
1753426440000,3634.62,3636.03,3631.27,3631.44,3276.851,1753426499999,11908469.49452,3800,1621.073,5891671.98280,0
1753426500000,3631.47,3634.49,3631.47,3633.75,1510.888,1753426559999,5489243.10785,2778,938.135,3408487.35631,0
1753426560000,3633.74,3635.00,3632.90,3633.01,1054.456,1753426619999,3831770.77760,1975,483.262,1756011.47269,0
1753426620000,3633.00,3633.37,3630.27,3630.91,1825.456,1753426679999,6629018.87065,2992,691.450,2511013.35019,0
1753426680000,3630.91,3631.00,3625.74,3626.18,5556.426,1753426739999,20161947.18216,4638,984.586,3573654.45597,0
1753426740000,3626.18,3630.44,3626.18,3629.93,1187.665,1753426799999,4310422.80626,2440,677.906,2460464.33608,0
1753426800000,3629.92,3629.99,3625.42,3625.48,2289.178,1753426859999,8305266.96514,5149,752.085,2728574.16515,0
1753426860000,3625.49,3626.29,3617.79,3619.6,10330.024,1753426919999,37415836.01246,9966,2060.397,7463132.05980,0
1753426920000,3619.60,3620.64,3616.01,3619.25,8778.830,1753426979999,31763816.18637,7229,2121.670,7676662.82470,0
1753426980000,3619.24,3621.40,3617.27,3619.82,4582.713,1753427039999,16586239.55865,5836,1910.756,6916126.38815,0
1753427040000,3619.83,3622.17,3618.56,3622.05,3596.401,1753427099999,13020921.70338,4031,2851.230,10323191.03121,0
1753427100000,3622.04,3624.37,3619.99,3622.46,2589.448,1753427159999,9380971.71142,4425,1896.649,6871319.15885,0
1753427160000,3622.46,3623.83,3620.41,3620.41,3299.257,1753427219999,11951327.69413,4296,2341.666,8482824.26112,0
1753427220000,3620.40,3622.60,3617.00,3617.77,1907.718,1753427279999,6905454.19303,3859,982.110,3555038.98068,0
1753427280000,3617.78,3619.17,3617.78,3618.17,2337.120,1753427339999,8457186.01321,2729,995.669,3602911.89411,0
1753427340000,3618.17,3625.00,3618.03,3621.58,2142.739,1753427399999,7760918.19375,4847,1192.649,4319422.88733,0
1753427400000,3621.58,3621.86,3614.51,3615.71,4273.076,1753427459999,15455211.07592,5573,1343.028,4856779.16951,0
1753427460000,3615.71,3616.42,3614.00,3614.72,2685.221,1753427519999,9706745.74098,3347,1268.840,4586751.49354,0
1753427520000,3614.72,3628.04,3614.02,3625.32,13698.080,1753427579999,49607181.93852,11502,10125.618,36666391.02564,0
1753427580000,3625.32,3635.00,3619.48,3634.99,5922.345,1753427639999,21484760.25207,9282,3693.840,13404347.71119,0
1753427640000,3635.00,3638.98,3632.30,3635.17,11738.423,1753427699999,42683186.47169,12141,7285.069,26491951.00233,0
1753427700000,3635.17,3653.29,3634.71,3652.08,22134.296,1753427759999,80708774.36364,19715,16954.114,61821519.70338,0
1753427760000,3652.09,3666.81,3651.02,3659.43,36268.602,1753427819999,132745366.17233,31830,24513.976,89717756.68589,0
1753427820000,3659.43,3660.49,3651.61,3655.73,17708.233,1753427879999,64738760.39890,17551,8963.910,32777146.22743,0
1753427880000,3655.72,3657.00,3651.11,3655.53,8141.745,1753427939999,29748424.34612,7780,2768.420,10114526.02728,0
1753427940000,3655.52,3657.28,3650.00,3652.96,8500.058,1753427999999,31048010.26929,8122,3016.459,11020249.52780,0
1753428000000,3652.96,3658.46,3652.46,3655.55,5695.426,1753428059999,20821451.34595,8036,3501.691,12801123.42207,0
1753428060000,3655.55,3655.55,3641.12,3641.26,11041.831,1753428119999,40276598.40538,11050,2680.397,9772950.90149,0
1753428120000,3641.26,3644.49,3638.12,3638.28,9431.836,1753428179999,34339423.46471,9750,3475.916,12655819.36455,0
1753428180000,3638.28,3642.32,3637.84,3639.66,5552.984,1753428239999,20213530.60533,7610,3021.041,10997104.25854,0
1753428240000,3639.66,3645.37,3639.16,3643.7,4060.345,1753428299999,14790154.98477,6152,2517.624,9170624.21107,0
1753428300000,3643.71,3649.68,3640.77,3648.45,7813.583,1753428359999,28488677.25660,8594,6208.985,22639568.39848,0
1753428360000,3648.45,3648.48,3642.48,3642.48,4378.947,1753428419999,15959992.92803,6404,2173.628,7921633.49622,0
1753428420000,3642.47,3643.92,3639.40,3639.4,2475.863,1753428479999,9015717.19085,4388,1156.099,4209790.85189,0
1753428480000,3639.40,3641.56,3638.53,3641.07,2613.085,1753428539999,9510377.37838,4114,1309.094,4764549.36298,0
1753428540000,3641.06,3641.65,3631.74,3631.77,5515.670,1753428599999,20056391.40704,5730,1622.400,5902196.43051,0
1753428600000,3631.78,3636.78,3628.08,3636.15,11209.856,1753428659999,40727539.30357,10056,4318.577,15695244.42272,0
1753428660000,3636.14,3639.50,3634.39,3638.16,5061.071,1753428719999,18406390.06853,6364,3135.452,11403280.04723,0
1753428720000,3638.15,3638.87,3630.67,3632.01,5247.845,1753428779999,19069911.99494,8369,2148.396,7806904.55074,0
1753428780000,3632.01,3635.00,3628.68,3629.38,4397.907,1753428839999,15972152.19551,6704,1865.722,6776212.70219,0
1753428840000,3629.40,3630.50,3620.00,3620.6,18273.000,1753428899999,66201873.36368,14947,4294.840,15561228.60051,0
1753428900000,3620.61,3621.24,3615.21,3615.71,11824.023,1753428959999,42783473.03733,14410,4399.800,15920112.05979,0
1753428960000,3615.71,3619.99,3615.00,3618.78,7994.483,1753429019999,28922731.27999,9955,3647.513,13196264.41173,0
1753429020000,3618.78,3621.52,3617.00,3617.12,5644.209,1753429079999,20426352.06552,7249,2515.750,9105071.05169,0
1753429080000,3617.13,3620.35,3616.24,3619.63,7468.183,1753429139999,27018211.33507,7333,4102.810,14843763.06813,0
1753429140000,3619.63,3621.74,3618.50,3621.0,4471.605,1753429199999,16187152.39543,6151,2151.081,7786985.35819,0
1753429200000,3620.99,3621.50,3616.08,3617.0,3604.566,1753429259999,13044227.47356,5456,1332.080,4820449.74585,0
1753429260000,3617.00,3617.63,3611.25,3611.96,7952.550,1753429319999,28741095.97170,7552,1743.734,6302042.72172,0
1753429320000,3611.96,3614.86,3611.96,3614.68,5744.189,1753429379999,20755949.77821,6174,2835.689,10246823.97250,0
1753429380000,3614.69,3614.83,3611.80,3613.21,5697.966,1753429439999,20588174.21015,5063,1966.036,7104006.52308,0
1753429440000,3613.20,3615.00,3613.20,3614.4,3600.021,1753429499999,13011904.39201,3996,2356.634,8517796.38768,0
1753429500000,3614.41,3618.18,3613.37,3614.23,4804.649,1753429559999,17372122.46244,5140,2881.392,10418633.23554,0
1753429560000,3614.23,3615.55,3610.53,3610.71,5379.771,1753429619999,19439598.97600,5697,2330.855,8423753.56983,0
1753429620000,3610.72,3619.52,3610.00,3619.51,5417.105,1753429679999,19581678.53079,5952,2820.204,10197317.20966,0
1753429680000,3619.51,3619.82,3614.56,3616.11,4599.305,1753429739999,16638840.64211,5631,2830.449,10239628.25182,0
1753429740000,3616.12,3618.90,3615.33,3617.55,3109.015,1753429799999,11245112.21831,4118,1823.546,6595697.59052,0
1753429800000,3617.55,3618.11,3614.97,3617.86,3839.076,1753429859999,13882310.21205,3739,1840.130,6654050.35418,0
1753429860000,3617.85,3617.85,3611.49,3615.28,6487.628,1753429919999,23445791.56501,6219,3055.203,11040307.09451,0
1753429920000,3615.27,3616.36,3605.00,3609.78,13107.545,1753429979999,47309830.78094,9819,4304.062,15535096.61090,0
1753429980000,3609.77,3609.77,3600.18,3601.4,18331.723,1753430039999,66046720.13215,13550,5919.698,21327321.05282,0
1753430040000,3601.39,3601.78,3597.60,3599.58,12045.817,1753430099999,43362725.87943,10324,4205.444,15138506.90320,0
1753430100000,3599.58,3603.16,3599.58,3600.0,7010.412,1753430159999,25247244.71528,6562,3673.224,13228404.15836,0
1753430160000,3600.00,3606.68,3598.49,3604.01,11088.000,1753430219999,39926232.77573,7723,7089.119,25527634.83282,0
1753430220000,3604.00,3622.07,3604.00,3620.7,14506.345,1753430279999,52425794.37934,12383,10628.164,38410033.66216,0
1753430280000,3620.69,3634.19,3620.01,3633.98,20895.643,1753430339999,75798664.13007,18154,11914.637,43219205.35668,0
1753430340000,3633.98,3637.58,3627.77,3630.68,16988.497,1753430399999,61739269.42103,12318,8985.577,32660640.79889,0
1753430400000,3630.68,3642.71,3628.27,3642.33,17956.485,1753430459999,65247218.61824,13991,10668.024,38775578.63235,0
1753430460000,3642.33,3644.11,3633.72,3635.3,9327.628,1753430519999,33942890.10655,10116,4891.430,17803217.05106,0
1753430520000,3635.30,3647.79,3635.30,3645.06,10940.222,1753430579999,39844820.64309,11549,7167.107,26102432.51443,0
1753430580000,3645.06,3646.00,3637.97,3637.97,6949.690,1753430639999,25317478.73882,8123,2818.322,10267816.01106,0
1753430640000,3637.98,3641.82,3637.36,3638.05,8996.243,1753430699999,32734076.17877,7221,5192.619,18892899.41982,0
1753430700000,3638.06,3645.52,3637.36,3644.81,6939.114,1753430759999,25278022.40617,5726,3022.185,11009708.90023,0
1753430760000,3644.82,3650.28,3644.09,3645.9,10157.187,1753430819999,37052194.36937,10978,6336.130,23114956.07993,0
1753430820000,3645.91,3647.67,3642.27,3644.7,5011.060,1753430879999,18262322.23665,6612,2337.887,8520034.97602,0
1753430880000,3644.71,3648.55,3644.61,3645.0,4322.865,1753430939999,15763636.54438,5605,2729.547,9953584.05410,0
1753430940000,3645.00,3646.56,3640.07,3640.61,5577.295,1753430999999,20320452.25827,6299,2185.357,7962568.26674,0
1753431000000,3640.62,3642.87,3636.21,3639.88,10138.377,1753431059999,36883441.80485,8539,3010.148,10951209.91737,0
1753431060000,3639.88,3640.38,3629.58,3629.82,10543.056,1753431119999,38325511.38025,7556,2167.046,7877231.04531,0
1753431120000,3629.82,3634.52,3627.41,3633.5,6788.643,1753431179999,24643396.65227,7688,3228.250,11719747.49059,0
1753431180000,3633.50,3639.20,3631.40,3639.2,6796.439,1753431239999,24708958.07756,6208,5240.097,19052498.26585,0
1753431240000,3639.20,3645.06,3636.90,3643.51,7822.947,1753431299999,28488063.05832,7790,5611.381,20434127.62131,0
1753431300000,3643.52,3646.53,3639.14,3639.71,9387.402,1753431359999,34215664.55096,8701,5921.025,21583957.97536,0
1753431360000,3639.72,3646.07,3639.72,3645.77,3107.815,1753431419999,11320817.57793,5058,1834.483,6683709.34209,0
1753431420000,3645.78,3648.87,3643.74,3648.02,4938.723,1753431479999,18011883.13834,5488,3515.910,12823399.66904,0
1753431480000,3648.02,3653.87,3645.33,3653.87,10451.716,1753431539999,38149493.59037,11067,7895.614,28820683.67204,0
1753431540000,3653.86,3658.85,3648.12,3656.99,11365.583,1753431599999,41536598.31501,13770,7174.681,26224491.22501,0
1753431600000,3657.00,3664.95,3653.82,3664.87,11871.055,1753431659999,43440455.15531,10620,7992.804,29254295.58120,0
1753431660000,3664.87,3667.66,3657.78,3662.67,12630.361,1753431719999,46257096.65826,13384,5947.570,21782310.85206,0
1753431720000,3662.66,3664.19,3658.00,3661.42,7522.205,1753431779999,27538081.78373,8338,3517.290,12878396.48322,0
1753431780000,3661.42,3665.71,3659.54,3662.64,6770.044,1753431839999,24799826.35560,7750,3389.210,12416116.34314,0
1753431840000,3662.64,3663.90,3658.48,3658.73,5514.068,1753431899999,20187928.10455,5404,2425.154,8880725.63890,0
1753431900000,3658.73,3664.50,3658.11,3661.31,3421.559,1753431959999,12526905.17960,5283,1621.556,5936477.18286,0
1753431960000,3661.32,3665.84,3660.70,3665.38,5313.143,1753432019999,19463935.15444,5636,1847.323,6768006.46978,0
1753432020000,3665.39,3666.78,3661.13,3663.0,5377.895,1753432079999,19707803.38880,6336,2848.428,10439716.28962,0
1753432080000,3663.00,3669.99,3662.99,3666.77,9911.876,1753432139999,36356126.90179,8153,6982.584,25611010.53706,0
1753432140000,3666.77,3667.06,3663.89,3664.23,2814.358,1753432199999,10316308.60280,4144,951.498,3487843.58242,0
1753432200000,3664.24,3665.72,3657.74,3658.33,6391.916,1753432259999,23400510.66886,6416,1164.980,4266088.96363,0
1753432260000,3658.33,3665.18,3658.33,3662.08,5462.861,1753432319999,20003048.63589,5865,3053.597,11178979.34714,0
1753432320000,3662.07,3662.76,3659.27,3659.27,3564.972,1753432379999,13051840.08176,3796,1551.564,5680953.69347,0
1753432380000,3659.27,3661.57,3654.44,3655.78,7497.965,1753432439999,27426299.87966,7156,3070.759,11234341.60092,0
1753432440000,3655.79,3657.93,3653.33,3657.93,9264.553,1753432499999,33867044.50257,6519,3287.465,12017885.90470,0
1753432500000,3657.92,3661.65,3654.80,3658.26,6990.508,1753432559999,25565037.05998,5896,2374.294,8685927.68304,0
1753432560000,3658.27,3658.27,3651.28,3652.56,4630.769,1753432619999,16923372.71067,6001,1127.204,4119348.83927,0
1753432620000,3652.55,3652.72,3645.30,3646.94,13952.932,1753432679999,50899975.59525,11663,5583.166,20368251.31230,0
1753432680000,3646.94,3652.89,3645.33,3652.67,4608.892,1753432739999,16814000.25787,6120,2304.156,8406823.02234,0
1753432740000,3652.67,3655.53,3648.00,3653.59,4959.744,1753432799999,18109630.43201,5879,2899.903,10588093.30571,0
1753432800000,3653.58,3657.00,3649.07,3649.4,4507.984,1753432859999,16470168.06991,5371,2250.399,8223140.20878,0
1753432860000,3649.40,3650.28,3644.62,3645.04,6026.042,1753432919999,21973276.52386,6293,1575.991,5746880.50750,0
1753432920000,3645.04,3646.99,3644.66,3645.21,2641.206,1753432979999,9628835.85166,3634,1461.763,5328883.89760,0
1753432980000,3645.20,3647.79,3643.13,3644.52,4792.560,1753433039999,17470869.18373,4971,1479.630,5393929.70476,0
1753433040000,3644.51,3645.09,3641.04,3644.48,5076.462,1753433099999,18493687.33147,5041,1530.897,5577235.86676,0
1753433100000,3644.46,3647.82,3638.10,3646.85,8947.131,1753433159999,32584440.05393,9196,4022.895,14655813.12421,0
1753433160000,3646.82,3649.85,3645.00,3649.77,3793.938,1753433219999,13838596.87573,6776,2707.791,9876500.92585,0
1753433220000,3649.77,3660.00,3649.77,3660.0,11054.552,1753433279999,40400909.38021,10375,7258.726,26528274.36365,0
1753433280000,3659.99,3673.60,3658.26,3673.32,25879.049,1753433339999,94881336.29659,18386,19116.580,70092629.16508,0
1753433340000,3673.32,3678.53,3666.00,3667.5,15109.563,1753433399999,55493855.37490,13445,8792.230,32302286.04470,0
1753433400000,3667.50,3670.92,3661.50,3670.73,9988.401,1753433459999,36618732.15994,9811,4714.837,17286848.91414,0
1753433460000,3670.70,3675.54,3667.76,3668.04,10474.145,1753433519999,38471310.71353,10240,5800.945,21308097.60040,0
1753433520000,3668.04,3671.68,3667.45,3668.51,4097.423,1753433579999,15035350.13648,5250,1395.294,5119945.30885,0
1753433580000,3668.51,3671.37,3665.48,3666.52,5069.306,1753433639999,18597232.96007,5542,1373.909,5039430.43083,0
1753433640000,3666.52,3669.28,3665.44,3669.28,2514.752,1753433699999,9221604.35370,4627,1233.200,4522205.07075,0
1753433700000,3669.27,3670.00,3661.19,3661.72,6587.150,1753433759999,24144236.66158,6775,1437.608,5270400.18725,0
1753433760000,3661.72,3665.29,3661.30,3663.74,1724.479,1753433819999,6316887.50472,3045,1082.023,3963671.67671,0
1753433820000,3663.74,3666.30,3662.45,3665.76,2297.786,1753433879999,8420895.05872,3375,1603.998,5878595.05438,0
1753433880000,3665.77,3666.00,3663.39,3665.98,1646.573,1753433939999,6034560.84132,2454,1000.167,3665415.12688,0
1753433940000,3665.98,3665.98,3660.70,3664.1,2491.978,1753433999999,9128271.73487,4920,1049.148,3842854.50416,0
1753434000000,3664.11,3664.23,3659.03,3659.86,4053.919,1753434059999,14842977.16166,4309,1398.607,5120523.24988,0
1753434060000,3659.87,3660.01,3655.98,3658.35,7161.825,1753434119999,26194459.59088,5116,4084.492,14938213.92419,0
1753434120000,3658.34,3658.99,3651.13,3653.31,7484.039,1753434179999,27350872.61872,6218,1979.439,7234231.80748,0
1753434180000,3653.32,3656.25,3653.32,3656.25,2272.447,1753434239999,8305975.11465,4176,1561.024,5705480.93391,0
1753434240000,3656.25,3656.61,3652.92,3652.92,3287.578,1753434299999,12016635.49154,4375,1091.777,3990501.53299,0
1753434300000,3652.93,3665.99,3652.63,3662.29,5077.088,1753434359999,18589961.90311,7788,3228.300,11821229.90260,0
1753434360000,3662.29,3662.43,3653.00,3653.66,4220.629,1753434419999,15433495.34235,6220,1318.089,4819297.12133,0
1753434420000,3653.67,3659.09,3653.67,3658.09,2785.739,1753434479999,10184997.45857,4827,2092.750,7650669.16657,0
1753434480000,3658.08,3659.69,3653.40,3656.35,3360.964,1753434539999,12289278.91537,5211,1534.463,5610680.83632,0
1753434540000,3656.35,3659.21,3653.66,3657.72,2745.612,1753434599999,10040467.64309,4265,1551.563,5673488.14000,0
1753434600000,3657.72,3663.33,3655.50,3660.7,2363.387,1753434659999,8652175.67002,4338,1641.984,6011336.29526,0
1753434660000,3660.70,3660.75,3655.71,3655.73,1162.579,1753434719999,4253390.96305,3570,502.201,1837488.18829,0
1753434720000,3655.74,3656.64,3648.44,3649.97,8521.696,1753434779999,31116634.97862,6733,3026.753,11053396.54216,0
1753434780000,3649.98,3657.61,3649.47,3655.49,3133.549,1753434839999,11446072.86006,4722,1682.983,6147213.32596,0
1753434840000,3655.50,3667.38,3654.92,3666.62,8119.840,1753434899999,29742870.38908,7310,6390.310,23406920.05356,0
1753434900000,3666.62,3668.51,3661.28,3668.12,6829.311,1753434959999,25028923.63534,8042,3618.025,13260393.57337,0
1753434960000,3668.12,3668.12,3660.62,3661.83,2318.724,1753435019999,8496453.94857,4124,1001.293,3668464.41924,0
1753435020000,3661.83,3668.41,3660.52,3663.28,5106.222,1753435079999,18712080.22325,6400,2610.095,9564689.57506,0
1753435080000,3663.28,3672.00,3662.72,3672.0,3856.158,1753435139999,14146633.58326,5638,2241.004,8221808.98454,0
1753435140000,3671.99,3678.60,3670.98,3678.6,10526.787,1753435199999,38688845.72407,10109,7182.709,26399908.79685,0
1753435200000,3678.59,3682.29,3675.53,3676.96,11403.660,1753435259999,41955320.37114,13723,6365.901,23423526.97107,0
1753435260000,3676.96,3680.41,3676.89,3679.79,4086.783,1753435319999,15033938.05256,8539,1924.202,7078857.26796,0
1753435320000,3679.79,3683.52,3677.01,3679.87,5761.247,1753435379999,21204118.94410,7706,2826.983,10405341.28736,0
1753435380000,3679.87,3688.00,3678.53,3686.85,10923.301,1753435439999,40240098.56964,10703,7375.778,27171500.49893,0
1753435440000,3686.85,3688.85,3684.82,3686.4,5353.082,1753435499999,19737261.43094,6405,3100.999,11434145.34889,0
1753435500000,3686.41,3686.41,3680.16,3680.55,9558.394,1753435559999,35196239.25600,8427,2361.125,8694343.78846,0
1753435560000,3680.54,3684.19,3679.00,3682.15,5447.167,1753435619999,20055468.60978,5874,2959.315,10896808.98924,0
1753435620000,3682.15,3689.75,3681.89,3689.13,6824.874,1753435679999,25156707.22585,6006,5015.629,18489294.91729,0
1753435680000,3689.13,3697.49,3688.32,3696.31,20328.461,1753435739999,75091305.78619,14966,14372.956,53087555.82794,0
1753435740000,3696.31,3705.00,3695.15,3704.99,19801.300,1753435799999,73295295.52264,16642,13457.344,49814810.61596,0
1753435800000,3704.99,3714.47,3700.40,3713.71,24280.176,1753435859999,90018082.42891,22818,14116.995,52349872.41592,0
1753435860000,3713.72,3714.48,3706.38,3709.07,14668.975,1753435919999,54446534.14846,17769,5778.498,21449080.22797,0
1753435920000,3709.07,3718.00,3709.07,3715.54,13350.391,1753435979999,49600840.39502,12652,8521.744,31658414.50395,0
1753435980000,3715.54,3721.00,3713.00,3720.75,11270.013,1753436039999,41898552.25471,12153,6928.009,25758029.29315,0
1753436040000,3720.76,3726.01,3714.69,3717.9,17563.335,1753436099999,65348760.35538,17134,10489.381,39031814.29860,0
1753436100000,3717.89,3718.98,3712.56,3716.51,6001.125,1753436159999,22297887.48504,9060,2300.460,8548100.33027,0
1753436160000,3716.51,3717.96,3707.82,3710.95,13040.236,1753436219999,48411473.19660,11717,4224.433,15684749.34371,0
1753436220000,3710.95,3717.82,3709.74,3716.75,5243.236,1753436279999,19474545.87107,7487,2457.808,9129697.66065,0
1753436280000,3716.75,3717.74,3710.74,3710.86,6665.002,1753436339999,24755403.84441,8219,1758.564,6531655.12477,0
1753436340000,3710.85,3713.06,3709.14,3710.13,5024.820,1753436399999,18648565.62447,6376,2090.565,7758534.90290,0
1753436400000,3710.14,3716.77,3710.13,3713.93,5821.715,1753436459999,21620457.53952,7031,2958.832,10988012.75524,0
1753436460000,3713.94,3713.94,3709.35,3710.02,3441.265,1753436519999,12770159.15897,5145,1312.687,4871172.56388,0
1753436520000,3710.03,3710.03,3703.54,3705.42,8115.966,1753436579999,30082458.72555,8485,2203.997,8169001.10470,0
1753436580000,3705.42,3707.58,3703.00,3703.0,6582.290,1753436639999,24387002.93830,6591,2641.855,9788192.45491,0
1753436640000,3703.01,3705.31,3696.10,3696.1,11454.035,1753436699999,42377870.27663,10402,2562.712,9484436.56180,0
1753436700000,3696.09,3701.37,3695.14,3699.0,8104.749,1753436759999,29973081.10955,7312,3735.705,13817287.79366,0
1753436760000,3699.00,3700.97,3695.50,3696.32,4694.833,1753436819999,17364394.01316,5397,2316.861,8570059.08020,0
1753436820000,3696.32,3696.32,3690.22,3691.25,11716.236,1753436879999,43266794.83528,9878,2935.002,10839045.68361,0
1753436880000,3691.25,3696.54,3689.96,3694.25,7943.043,1753436939999,29331788.50264,6967,3957.590,14615563.63237,0
1753436940000,3694.23,3694.23,3689.96,3690.54,5683.925,1753436999999,20981183.62672,4533,1877.678,6930762.88692,0
1753437000000,3690.54,3694.67,3690.54,3693.33,4233.841,1753437059999,15637667.85736,4343,2396.469,8851262.84987,0
1753437060000,3693.33,3693.77,3691.80,3692.0,2475.598,1753437119999,9141988.13435,3012,1223.275,4517521.27349,0
1753437120000,3692.01,3694.94,3689.37,3694.94,7345.169,1753437179999,27109707.31237,5692,4200.559,15504528.88576,0
1753437180000,3694.93,3717.27,3694.29,3715.82,28817.059,1753437239999,106823283.98075,19284,22664.463,84013796.70756,0
1753437240000,3715.81,3718.06,3708.25,3716.46,11961.092,1753437299999,44413112.91610,10515,7336.868,27242598.63401,0
1753437300000,3716.46,3733.38,3714.57,3729.12,31210.211,1753437359999,116264316.71523,23367,19447.292,72450801.40756,0
1753437360000,3729.11,3729.11,3715.26,3720.8,11718.815,1753437419999,43602294.15785,11848,5724.167,21294174.47910,0
1753437420000,3720.79,3722.00,3718.88,3720.52,5946.462,1753437479999,22122914.99934,6038,3114.729,11587828.18946,0
1753437480000,3720.52,3725.00,3718.69,3724.62,7177.028,1753437539999,26713668.36898,7086,4422.833,16462626.29301,0
1753437540000,3724.63,3727.74,3724.14,3725.94,8412.907,1753437599999,31344136.28772,8166,4043.506,15064754.79808,0
1753437600000,3725.93,3732.07,3724.74,3730.26,12625.550,1753437659999,47084050.57075,12614,7674.708,28618281.38077,0
1753437660000,3730.27,3733.45,3729.00,3733.14,7489.242,1753437719999,27942154.56514,8904,4257.198,15883958.30693,0
1753437720000,3733.14,3738.00,3731.04,3738.0,13326.956,1753437779999,49781512.21738,16200,8138.749,30402066.30614,0
1753437780000,3737.99,3741.08,3735.86,3738.56,17492.746,1753437839999,65407532.54772,17517,9107.064,34052734.85674,0
1753437840000,3738.56,3746.42,3725.69,3730.6,36667.123,1753437899999,137055033.71570,23296,9255.704,34635141.18389,0
1753437900000,3730.59,3734.47,3727.89,3731.08,16323.616,1753437959999,60906512.90967,17054,8160.402,30447911.43168,0
1753437960000,3731.08,3731.09,3714.84,3721.0,29790.653,1753438019999,110892566.40875,20274,7720.833,28741128.69186,0
1753438020000,3721.01,3721.01,3716.96,3720.93,8512.400,1753438079999,31654764.30690,7080,4679.295,17399699.53824,0
1753438080000,3720.92,3724.13,3718.88,3720.26,6336.045,1753438139999,23578096.46032,6753,4283.195,15939885.85813,0
1753438140000,3720.27,3720.58,3715.60,3717.93,6409.315,1753438199999,23826272.49159,7261,2458.211,9137837.85562,0
1753438200000,3717.93,3719.25,3711.12,3712.63,10269.225,1753438259999,38148352.49295,8457,4827.926,17936786.34718,0
1753438260000,3712.63,3717.80,3711.00,3716.82,6304.224,1753438319999,23418522.05680,6828,4019.050,14930008.49048,0
1753438320000,3716.83,3721.00,3715.51,3719.42,3777.942,1753438379999,14047535.66962,5272,2653.884,9868169.06770,0
1753438380000,3719.41,3719.68,3717.18,3717.57,3109.145,1753438439999,11561178.20942,4264,1612.714,5996902.35666,0
1753438440000,3717.57,3720.25,3717.47,3720.13,3996.123,1753438499999,14861203.83464,4215,2823.222,10499318.61381,0
1753438500000,3720.12,3720.62,3712.40,3714.8,3408.722,1753438559999,12665910.11299,6563,1225.389,4553327.90227,0
1753438560000,3714.79,3714.79,3711.18,3712.63,4290.881,1753438619999,15930551.31646,4618,1538.061,5709712.66112,0
1753438620000,3712.64,3715.80,3712.63,3715.02,7162.313,1753438679999,26600788.58225,3877,6404.782,23786710.31053,0
1753438680000,3715.01,3718.38,3713.17,3716.47,3103.613,1753438739999,11533088.48576,4660,2317.502,8611631.78708,0
1753438740000,3716.46,3716.47,3712.00,3713.71,2246.130,1753438799999,8341351.59531,3667,637.267,2366546.68372,0
1753438800000,3713.71,3714.45,3712.16,3712.62,2505.706,1753438859999,9304480.67683,3637,1134.414,4212364.20897,0
1753438860000,3712.62,3715.39,3712.61,3714.7,1872.138,1753438919999,6953390.57138,2637,1154.925,4289466.08609,0
1753438920000,3714.71,3717.07,3712.78,3713.4,2839.526,1753438979999,10549968.91778,4064,1712.508,6362604.10973,0
1753438980000,3713.39,3717.44,3712.53,3716.53,1982.745,1753439039999,7364752.38823,3116,1073.098,3986042.11533,0
1753439040000,3716.51,3716.51,3714.10,3714.37,1982.306,1753439099999,7364162.08747,2909,831.227,3087897.36561,0
1753439100000,3714.37,3714.37,3712.01,3712.37,2231.462,1753439159999,8285140.97469,3201,755.166,2803621.07169,0
1753439160000,3712.37,3712.59,3705.26,3706.84,18392.958,1753439219999,68230912.45393,7638,1479.792,5488082.00152,0
1753439220000,3706.83,3710.48,3704.37,3706.22,8608.249,1753439279999,31914928.69135,8205,2891.975,10723490.13094,0
1753439280000,3706.22,3709.26,3706.21,3708.88,2185.556,1753439339999,8103523.66447,6351,1282.031,4753302.83796,0
1753439340000,3708.88,3708.88,3705.19,3707.0,3333.165,1753439399999,12354722.75408,6172,1628.177,6035072.53646,0
1753439400000,3707.00,3709.96,3706.83,3708.41,2730.609,1753439459999,10126538.61817,3862,1769.752,6562934.53091,0
1753439460000,3708.41,3712.00,3707.55,3710.27,2356.154,1753439519999,8742256.45550,3489,1628.294,6041683.31445,0
1753439520000,3710.27,3711.30,3708.61,3709.17,2731.563,1753439579999,10133556.70067,3490,1698.216,6300360.75868,0
1753439580000,3709.16,3715.00,3709.16,3715.0,3354.205,1753439639999,12454834.77957,3802,2691.324,9993363.44079,0
1753439640000,3715.00,3717.00,3713.46,3716.99,4006.439,1753439699999,14886667.66558,5110,2441.009,9069651.07728,0
1753439700000,3717.00,3719.13,3715.98,3718.93,3095.838,1753439759999,11509906.01759,4864,1607.436,5976495.74620,0
1753439760000,3718.93,3723.52,3717.53,3722.92,4136.365,1753439819999,15387299.23998,5676,3076.892,11446595.81564,0
1753439820000,3722.92,3724.42,3718.43,3720.44,4367.922,1753439879999,16259386.83788,5243,2482.279,9239966.59606,0
1753439880000,3720.44,3721.61,3719.40,3720.81,1959.574,1753439939999,7290547.67874,3189,884.627,3291163.51882,0
1753439940000,3720.80,3720.80,3717.01,3717.81,1535.224,1753439999999,5709124.88426,3122,537.641,1999330.59884,0
1753440000000,3717.81,3718.44,3715.57,3716.56,1430.385,1753440059999,5316474.19483,2656,475.933,1768986.64860,0
1753440060000,3716.57,3720.00,3716.56,3720.0,1335.346,1753440119999,4965491.61012,2939,820.605,3051393.18516,0
1753440120000,3720.00,3720.30,3716.30,3719.86,4800.404,1753440179999,17849270.21167,4452,2275.866,8462495.71906,0
1753440180000,3719.86,3720.00,3716.93,3717.73,1127.623,1753440239999,4192801.25321,2360,359.542,1336781.97494,0
1753440240000,3717.73,3721.11,3716.18,3720.74,3115.106,1753440299999,11585782.75954,3478,1864.367,6934945.08365,0
1753440300000,3720.74,3724.78,3720.73,3723.99,3459.796,1753440359999,12881327.58750,3979,2485.568,9253839.63980,0
1753440360000,3723.98,3724.02,3713.44,3713.44,4073.845,1753440419999,15147301.05482,5848,842.763,3133940.41648,0
1753440420000,3713.44,3716.58,3712.99,3712.99,2435.915,1753440479999,9046241.50524,3483,863.136,3205494.52368,0
1753440480000,3713.00,3716.99,3712.74,3715.82,1746.471,1753440539999,6488451.01378,3391,995.538,3698461.86768,0
1753440540000,3715.83,3716.00,3712.18,3714.16,2786.793,1753440599999,10349522.91701,2699,1531.484,5687598.61376,0
1753440600000,3714.17,3716.85,3713.25,3716.85,1126.191,1753440659999,4184222.10020,2634,694.543,2580593.25349,0
1753440660000,3716.85,3718.70,3715.21,3715.59,2520.160,1753440719999,9367309.28819,3492,1400.494,5205655.61466,0
1753440720000,3715.59,3715.59,3712.17,3714.91,1995.501,1753440779999,7410049.47496,3426,595.831,2212640.97191,0
1753440780000,3714.92,3716.00,3713.95,3715.01,688.872,1753440839999,2559321.07101,1812,222.523,826637.36718,0
1753440840000,3715.01,3717.00,3714.65,3716.83,761.163,1753440899999,2828285.42220,1714,383.711,1425754.66798,0
1753440900000,3716.84,3716.84,3714.35,3714.99,957.400,1753440959999,3557038.49454,1868,215.336,799953.94472,0
1753440960000,3714.98,3716.19,3711.83,3711.83,2087.050,1753441019999,7750425.68052,2390,858.465,3188250.95582,0
1753441020000,3711.83,3719.36,3711.83,3717.88,1313.319,1753441079999,4879121.73695,2783,813.684,3022823.32931,0
1753441080000,3717.88,3719.38,3715.73,3719.38,1278.338,1753441139999,4752130.96866,2679,369.587,1373997.80530,0
1753441140000,3719.40,3719.75,3717.67,3718.2,1046.262,1753441199999,3890741.99690,1816,307.793,1144536.66372,0
1753441200000,3718.20,3720.34,3716.97,3717.69,3213.777,1753441259999,11952824.25107,3847,1680.381,6249987.78171,0
1753441260000,3717.69,3720.62,3716.77,3720.48,1066.003,1753441319999,3965093.97269,2523,563.132,2094677.63395,0
1753441320000,3720.47,3723.63,3719.32,3723.62,2699.460,1753441379999,10047066.55764,3676,1638.389,6098098.43634,0
1753441380000,3723.62,3723.96,3721.88,3722.86,2127.155,1753441439999,7919655.65866,2835,1185.753,4414653.35657,0
1753441440000,3722.86,3725.84,3721.73,3725.83,1844.329,1753441499999,6868336.63600,3171,1327.291,4943077.19970,0
1753441500000,3725.84,3726.11,3722.48,3722.48,2103.940,1753441559999,7837373.40908,3010,942.184,3509860.45159,0
1753441560000,3722.49,3726.00,3722.49,3725.81,1685.475,1753441619999,6277728.51067,3044,876.748,3265707.70068,0
1753441620000,3725.81,3727.95,3724.21,3724.89,3401.279,1753441679999,12674339.78931,4762,2142.903,7985355.98560,0
1753441680000,3724.90,3731.00,3724.25,3730.84,9018.149,1753441739999,33629531.87466,7128,6022.308,22456571.37390,0
1753441740000,3730.83,3732.00,3729.37,3732.0,5646.905,1753441799999,21066871.65468,3998,3862.608,14410222.97084,0
1753441800000,3732.00,3732.00,3727.51,3728.73,2736.827,1753441859999,10206568.95156,3644,701.814,2617052.96582,0
1753441860000,3728.73,3729.96,3727.11,3729.1,1683.037,1753441919999,6276007.27693,3104,391.724,1460655.95328,0
1753441920000,3729.11,3731.59,3728.93,3729.17,1409.105,1753441979999,5255737.37200,2374,711.770,2654624.22334,0
1753441980000,3729.17,3731.88,3728.59,3728.6,1280.500,1753442039999,4776985.77128,2516,651.696,2431230.12911,0
1753442040000,3728.60,3730.08,3726.59,3727.54,2478.782,1753442099999,9240404.15772,3383,914.602,3409453.93986,0
1753442100000,3727.54,3729.81,3726.94,3728.62,1070.885,1753442159999,3993021.07926,2907,485.109,1808736.55041,0
1753442160000,3728.62,3731.91,3728.30,3730.21,1268.933,1753442219999,4733409.51592,2672,820.050,3058905.06343,0
1753442220000,3730.21,3731.00,3727.26,3731.0,2570.050,1753442279999,9582769.58426,3378,1199.835,4473723.34987,0
1753442280000,3731.00,3731.98,3730.50,3731.01,2048.550,1753442339999,7643745.55546,2596,1148.838,4286623.55799,0
1753442340000,3731.01,3731.83,3729.19,3730.69,1221.272,1753442399999,4555699.97605,2241,619.583,2311170.29232,0
1753442400000,3730.69,3731.44,3726.95,3727.43,3116.487,1753442459999,11620789.51111,3752,1138.342,4243866.75711,0
1753442460000,3727.43,3731.50,3726.66,3731.49,1428.805,1753442519999,5328347.98744,2846,733.905,2736750.06095,0
1753442520000,3731.49,3735.89,3729.38,3735.46,4389.797,1753442579999,16385618.93107,4911,2694.746,10060132.43420,0
1753442580000,3735.46,3738.00,3735.19,3737.99,4869.481,1753442639999,18197086.79171,7380,1657.261,6192905.46443,0
1753442640000,3737.99,3740.00,3737.03,3740.0,7614.248,1753442699999,28466803.21312,8202,5108.771,19100173.03345,0
1753442700000,3740.00,3740.00,3735.64,3738.76,4412.142,1753442759999,16493840.33174,5697,1909.201,7137436.33331,0
1753442760000,3738.75,3740.84,3737.67,3740.51,3338.534,1753442819999,12484408.09892,3774,2064.689,7721339.29762,0
1753442820000,3740.52,3741.65,3738.44,3741.65,2915.547,1753442879999,10903809.19246,4091,1387.612,5189631.31058,0
1753442880000,3741.65,3742.73,3740.27,3742.73,4403.751,1753442939999,16476913.63718,4046,2306.136,8629110.38133,0
1753442940000,3742.74,3742.74,3737.01,3737.36,3711.726,1753442999999,13882420.33579,4790,1548.617,5792797.98555,0
1753443000000,3737.35,3737.79,3733.62,3735.38,3734.921,1753443059999,13952739.60644,5584,1496.023,5588437.61682,0
1753443060000,3735.38,3735.38,3732.55,3733.68,2383.505,1753443119999,8899092.53494,3756,1048.030,3912958.81948,0
1753443120000,3733.68,3734.57,3732.70,3734.56,1970.371,1753443179999,7356749.24035,3204,1199.083,4476981.61861,0
1753443180000,3734.57,3736.00,3734.16,3735.4,1656.192,1753443239999,6186053.74179,3081,979.995,3660358.59727,0
1753443240000,3735.40,3735.83,3733.71,3734.62,927.272,1753443299999,3463018.78481,2138,274.233,1024150.41771,0
1753443300000,3734.61,3737.91,3734.30,3737.91,2209.619,1753443359999,8255877.09996,3052,1047.480,3913622.67300,0
1753443360000,3737.91,3737.91,3736.16,3737.49,1696.664,1753443419999,6340755.73740,1771,432.461,1616074.57026,0
1753443420000,3737.48,3737.48,3735.00,3736.19,1548.203,1753443479999,5784677.14687,2054,540.071,2017619.50365,0
1753443480000,3736.18,3739.42,3736.18,3736.84,2456.693,1753443539999,9182857.40741,3576,1395.913,5217949.87417,0
1753443540000,3736.84,3736.84,3732.89,3733.73,2738.058,1753443599999,10224115.64603,2796,806.182,3009984.86930,0
1753443600000,3733.74,3734.17,3730.68,3730.68,4145.372,1753443659999,15472162.17576,3932,1582.206,5905427.49930,0
1753443660000,3730.68,3731.24,3720.41,3721.53,17464.092,1753443719999,65061653.41974,10602,5033.672,18754665.06950,0
1753443720000,3721.53,3722.10,3718.07,3718.33,12492.109,1753443779999,46474205.62079,7674,5210.594,19383954.80984,0
1753443780000,3718.34,3721.17,3718.33,3719.67,5748.886,1753443839999,21385490.49315,4119,3134.457,11659887.22477,0
1753443840000,3719.68,3719.78,3714.76,3716.15,6395.895,1753443899999,23772441.80637,6397,1694.131,6296807.72543,0
1753443900000,3716.03,3720.00,3714.80,3719.51,4840.589,1753443959999,17999080.38798,4636,2001.963,7443525.00540,0
1753443960000,3719.51,3722.94,3718.35,3720.0,5674.799,1753444019999,21114059.17527,4333,4415.716,16428876.40351,0
1753444020000,3720.01,3723.06,3719.72,3720.86,2279.386,1753444079999,8482370.24933,3938,1248.614,4646263.56078,0
1753444080000,3720.86,3721.94,3719.74,3720.69,1480.979,1753444139999,5510667.80962,2507,576.647,2145676.67635,0
1753444140000,3720.68,3721.90,3718.35,3720.76,1498.468,1753444199999,5574683.29725,3185,617.493,2297208.37704,0
1753444200000,3720.76,3723.20,3720.72,3721.31,2515.003,1753444259999,9360587.83161,3192,1499.815,5582383.74461,0
1753444260000,3721.31,3721.31,3715.66,3716.75,2912.155,1753444319999,10825956.60333,4255,823.519,3061456.57002,0
1753444320000,3716.75,3718.30,3715.81,3716.32,2751.761,1753444379999,10227781.78312,3459,1013.317,3766440.01265,0
1753444380000,3716.33,3722.83,3715.00,3720.82,3977.905,1753444439999,14790944.24563,4200,2220.548,8258534.45040,0
1753444440000,3720.82,3720.82,3717.63,3719.99,1788.908,1753444499999,6652897.44053,2680,796.592,2962338.31360,0
1753444500000,3720.00,3721.00,3718.00,3719.11,2228.154,1753444559999,8287995.01400,2912,919.794,3421258.06369,0
1753444560000,3719.12,3724.05,3719.11,3723.24,1644.898,1753444619999,6122994.77196,2270,1099.245,4091659.47383,0
1753444620000,3723.25,3723.46,3720.29,3720.67,1782.488,1753444679999,6635038.85437,2474,470.810,1752249.56449,0
1753444680000,3720.68,3722.90,3720.17,3721.3,1109.178,1753444739999,4127784.04673,2123,431.536,1606020.15137,0
1753444740000,3721.30,3721.59,3720.00,3720.0,2738.339,1753444799999,10187754.43758,2366,916.376,3409284.63096,0
1753444800000,3720.01,3723.47,3720.01,3723.47,1686.180,1753444859999,6275802.94324,2452,974.875,3628548.68322,0
1753444860000,3723.46,3728.63,3723.46,3727.0,4519.905,1753444919999,16842906.55008,4915,3430.339,12782373.64560,0
1753444920000,3726.99,3728.73,3726.19,3728.73,3978.768,1753444979999,14829674.88440,4167,2010.988,7495351.05171,0
1753444980000,3728.73,3728.90,3725.56,3728.3,1368.649,1753445039999,5101555.08048,2653,784.278,2923411.08092,0
1753445040000,3728.30,3729.00,3724.29,3724.35,1687.090,1753445099999,6287860.83849,2998,505.305,1883738.62410,0
1753445100000,3724.35,3724.68,3718.00,3718.02,4906.366,1753445159999,18254315.01142,5800,753.918,2805025.13132,0
1753445160000,3718.02,3719.99,3716.30,3718.99,3273.791,1753445219999,12172062.00026,5053,1026.822,3817661.13151,0
1753445220000,3719.00,3722.32,3717.87,3721.15,1709.483,1753445279999,6360326.38009,3491,756.427,2814450.96381,0
1753445280000,3721.16,3725.78,3720.00,3725.78,1368.892,1753445339999,5098244.77971,3222,676.350,2518893.66648,0
1753445340000,3725.77,3726.60,3725.00,3726.36,1200.141,1753445399999,4471703.45247,2604,504.661,1880314.41906,0
1753445400000,3726.36,3734.43,3725.00,3731.65,7992.719,1753445459999,29819296.90764,8670,5128.032,19131214.49879,0
1753445460000,3731.64,3731.95,3723.60,3723.93,1978.963,1753445519999,7377583.52180,5309,377.735,1408064.50768,0
1753445520000,3723.93,3725.68,3717.00,3725.68,10142.145,1753445579999,37736126.89900,9493,2311.184,8598955.36605,0
1753445580000,3725.68,3726.05,3721.42,3724.56,2566.035,1753445639999,9556933.20640,4543,1012.720,3771833.88739,0
1753445640000,3724.56,3726.81,3722.55,3726.81,1622.438,1753445699999,6042680.47836,3223,857.937,3195119.87509,0
1753445700000,3726.82,3730.03,3725.76,3726.63,2063.515,1753445759999,7693082.35887,5047,1126.311,4199023.29596,0
1753445760000,3726.62,3727.08,3721.59,3722.5,2530.008,1753445819999,9421380.15076,4248,662.374,2466709.19293,0
1753445820000,3722.50,3724.77,3720.28,3720.29,1561.443,1753445879999,5812596.59267,3725,766.406,2853364.79464,0
1753445880000,3720.29,3720.99,3717.00,3719.49,2516.098,1753445939999,9358189.86321,3479,853.819,3175436.08266,0
1753445940000,3719.48,3719.49,3716.13,3716.48,3520.307,1753445999999,13085971.89712,3339,1478.935,5497416.22675,0
1753446000000,3716.47,3720.37,3716.00,3718.27,1927.387,1753446059999,7166236.17668,2768,1230.625,4575350.44736,0
1753446060000,3718.27,3718.27,3711.71,3717.77,8284.031,1753446119999,30772884.98105,6845,4065.796,15105085.33478,0
1753446120000,3717.77,3717.78,3710.36,3710.69,4840.402,1753446179999,17974640.60872,4966,1761.059,6538861.12471,0
1753446180000,3710.69,3712.87,3709.36,3709.48,6252.811,1753446239999,23205315.30043,6720,1844.237,6843900.58775,0
1753446240000,3709.47,3712.00,3708.50,3710.73,5327.010,1753446299999,19763307.10455,5342,2204.834,8179909.06895,0
1753446300000,3710.74,3714.79,3710.73,3713.84,4214.271,1753446359999,15649899.23075,2726,2528.551,9388843.28654,0
1753446360000,3713.84,3715.69,3713.50,3715.0,2588.305,1753446419999,9614339.44447,2170,1470.288,5461644.54167,0
1753446420000,3715.00,3716.79,3714.08,3716.25,2711.058,1753446479999,10073465.86031,2580,1506.186,5596705.51103,0
1753446480000,3716.25,3717.00,3715.51,3716.82,2223.255,1753446539999,8262937.32114,1663,1532.404,5695259.77606,0
1753446540000,3716.82,3716.83,3713.00,3713.84,1728.055,1753446599999,6418551.70117,2203,629.403,2337622.55211,0
1753446600000,3713.85,3718.00,3713.34,3717.97,2839.386,1753446659999,10553831.44530,2286,1377.232,5118898.38076,0
1753446660000,3717.97,3720.00,3710.51,3711.85,7251.665,1753446719999,26941073.55111,6476,2473.422,9194288.13161,0
1753446720000,3711.85,3713.18,3703.84,3704.58,27919.529,1753446779999,103531437.52033,13054,6718.981,24908701.92631,0
1753446780000,3704.57,3707.49,3702.00,3703.17,11058.245,1753446839999,40965685.17270,10841,4632.206,17161048.26626,0
1753446840000,3703.17,3707.86,3701.67,3707.68,9641.141,1753446899999,35714131.56203,11099,5589.986,20705667.53027,0
1753446900000,3707.68,3713.41,3706.86,3713.41,4640.958,1753446959999,17218840.40566,5568,2444.112,9067075.82201,0
1753446960000,3713.42,3716.31,3712.71,3714.15,2884.672,1753447019999,10714885.16133,4546,1637.985,6084458.00638,0
1753447020000,3714.16,3715.36,3713.08,3714.63,1465.579,1753447079999,5443438.81426,3576,657.535,2442154.04896,0
1753447080000,3714.63,3715.90,3713.58,3714.62,1827.819,1753447139999,6790474.49691,2740,632.479,2349693.48656,0
1753447140000,3714.62,3719.91,3714.62,3717.21,3221.510,1753447199999,11977985.14491,3682,2445.581,9092465.14933,0
1753447200000,3717.21,3719.86,3716.19,3719.86,1138.905,1753447259999,4234223.02019,2366,626.258,2328429.68409,0
1753447260000,3719.86,3723.50,3718.24,3722.81,4588.897,1753447319999,17075997.33224,5093,3301.433,12285462.62656,0
1753447320000,3722.81,3727.80,3722.80,3727.21,7864.797,1753447379999,29301840.84838,5395,4206.376,15669523.94922,0
1753447380000,3727.22,3732.59,3727.22,3732.58,9056.303,1753447439999,33784734.44985,7378,6303.046,23512387.90005,0
1753447440000,3732.58,3732.58,3725.65,3728.48,7814.943,1753447499999,29140894.56054,9636,2066.508,7705941.80602,0
1753447500000,3728.48,3729.85,3725.70,3728.31,6902.165,1753447559999,25726225.41300,9237,2405.838,8966852.43043,0
1753447560000,3728.31,3730.57,3725.62,3725.73,7596.303,1753447619999,28315468.55993,6380,3580.421,13345597.70206,0
1753447620000,3725.73,3728.56,3725.67,3726.29,2452.292,1753447679999,9138510.69120,2446,1612.397,6008353.84437,0
1753447680000,3726.28,3726.67,3710.26,3718.37,21427.366,1753447739999,79653224.27830,14060,4232.998,15730099.82102,0
1753447740000,3718.39,3720.92,3716.91,3720.01,2550.643,1753447799999,9484054.91088,3653,1524.109,5667310.58278,0
1753447800000,3720.00,3720.00,3716.39,3717.09,2219.681,1753447859999,8252536.96739,3610,1006.047,3740469.90563,0
1753447860000,3717.10,3718.98,3716.79,3717.11,1186.226,1753447919999,4409906.77283,2209,615.255,2287259.39988,0
1753447920000,3717.11,3717.46,3713.81,3715.66,2756.090,1753447979999,10239683.07178,4230,1457.816,5415857.70679,0
1753447980000,3715.66,3715.66,3711.35,3711.35,2443.916,1753448039999,9075789.60392,4500,953.718,3541719.98911,0
1753448040000,3711.35,3712.58,3708.23,3708.84,5047.330,1753448099999,18725730.61409,6687,1672.171,6204017.24159,0
1753448100000,3708.85,3709.39,3700.54,3703.11,14208.013,1753448159999,52639346.47633,11212,3435.989,12733253.10435,0
1753448160000,3703.12,3705.89,3701.82,3702.56,10214.504,1753448219999,37831074.29566,13369,4399.999,16296171.44165,0
1753448220000,3702.56,3704.17,3696.63,3700.17,30107.277,1753448279999,111389507.77933,19024,8465.145,31325579.94784,0
1753448280000,3700.16,3701.37,3691.41,3700.09,21861.784,1753448339999,80798526.96954,14607,6887.002,25460962.80279,0
1753448340000,3700.09,3703.53,3698.92,3703.53,5140.798,1753448399999,19026356.94780,4456,2701.213,9998681.78266,0
1753448400000,3703.53,3704.73,3700.41,3702.06,4374.306,1753448459999,16197005.76729,5620,2311.207,8557908.79978,0
1753448460000,3702.06,3705.77,3702.06,3702.26,3172.141,1753448519999,11750144.93177,4815,1951.886,7230409.48985,0
1753448520000,3702.26,3703.24,3697.71,3699.11,7850.898,1753448579999,29047079.62673,6095,4052.977,14994528.32298,0
1753448580000,3699.10,3700.64,3695.22,3700.0,14325.049,1753448639999,52980099.51035,7277,9915.122,36671247.01653,0
1753448640000,3700.01,3701.87,3695.19,3697.28,2945.659,1753448699999,10894972.25408,4994,1505.216,5566421.54207,0
1753448700000,3697.27,3701.53,3692.91,3697.95,12458.429,1753448759999,46058448.15579,10768,8536.975,31563207.07955,0
1753448760000,3697.94,3702.00,3697.48,3700.98,4023.683,1753448819999,14888196.00948,5483,2341.363,8662930.67711,0
1753448820000,3700.99,3705.28,3700.23,3703.01,4694.589,1753448879999,17384081.53636,6514,2507.107,9284460.45616,0
1753448880000,3703.01,3707.95,3703.01,3707.42,3312.436,1753448939999,12277296.50429,4308,2747.097,10182207.47632,0
1753448940000,3707.42,3709.00,3706.01,3706.62,2190.949,1753448999999,8123797.44680,3179,1552.280,5755667.89307,0
1753449000000,3706.63,3709.05,3706.63,3707.66,1177.471,1753449059999,4365668.09134,2571,829.634,3075912.68956,0
1753449060000,3707.65,3708.85,3705.18,3708.33,2357.064,1753449119999,8738150.85943,4218,1350.371,5006782.02951,0
1753449120000,3708.33,3710.68,3705.94,3707.98,4521.063,1753449179999,16767957.32647,4568,3831.288,14209921.38240,0
1753449180000,3707.97,3708.91,3706.83,3706.83,1161.355,1753449239999,4306319.72784,2065,704.639,2612796.74787,0
1753449240000,3706.84,3709.00,3704.87,3704.87,2068.115,1753449299999,7665264.34426,3077,664.104,2461241.64688,0
1753449300000,3704.85,3707.23,3703.24,3706.99,1697.300,1753449359999,6289470.07819,4172,583.300,2161292.67002,0
1753449360000,3707.00,3708.71,3706.87,3707.51,2360.244,1753449419999,8750919.01244,2948,1295.434,4802897.17361,0
1753449420000,3707.50,3708.75,3705.19,3708.11,1514.733,1753449479999,5615087.67681,2186,762.632,2827008.26664,0
1753449480000,3708.11,3708.85,3705.46,3705.46,1130.922,1753449539999,4193195.66346,2333,669.534,2482677.60881,0
1753449540000,3705.47,3707.30,3705.09,3705.5,1645.752,1753449599999,6099252.66012,2318,1006.257,3729108.85312,0
1753449600000,3705.49,3708.89,3704.02,3705.52,1866.330,1753449659999,6918081.53124,3525,956.105,3543779.95004,0
1753449660000,3705.52,3706.43,3701.08,3704.82,2184.447,1753449719999,8090711.23821,3941,1123.448,4161107.00625,0
1753449720000,3704.83,3706.87,3704.13,3705.19,1858.318,1753449779999,6885873.09305,2525,1092.204,4046847.15905,0
1753449780000,3705.19,3708.66,3705.19,3707.85,2992.513,1753449839999,11092972.80094,3156,1976.278,7325622.25269,0
1753449840000,3707.85,3708.68,3706.15,3706.47,1825.033,1753449899999,6766038.70277,2311,861.038,3192073.47783,0
1753449900000,3706.48,3708.37,3705.12,3705.75,875.319,1753449959999,3245150.13298,1790,573.743,2127125.64084,0
1753449960000,3705.76,3706.50,3703.46,3705.04,962.506,1753450019999,3566156.29177,2556,443.142,1641774.15707,0
1753450020000,3705.05,3705.67,3702.36,3704.25,1746.428,1753450079999,6469411.76225,2837,857.002,3174802.03889,0
1753450080000,3704.25,3706.85,3703.36,3706.85,2390.774,1753450139999,8856559.84247,2339,1523.082,5642059.28487,0
1753450140000,3706.86,3707.74,3703.61,3703.97,2297.931,1753450199999,8516418.37776,2693,1148.988,4258622.53342,0
1753450200000,3703.97,3704.20,3693.45,3696.84,6717.840,1753450259999,24834460.17664,10351,2359.844,8723452.73816,0
1753450260000,3696.85,3697.29,3692.26,3695.21,3974.234,1753450319999,14683842.33917,7757,1427.155,5273512.04576,0
1753450320000,3695.20,3702.99,3695.20,3700.88,4353.169,1753450379999,16108100.47790,6888,2663.768,9855606.38594,0
1753450380000,3700.88,3717.99,3700.88,3715.9,13338.652,1753450439999,49518747.54968,14650,7009.091,26012552.78815,0
1753450440000,3715.90,3718.88,3712.04,3713.09,8062.533,1753450499999,29953943.53846,11355,4150.509,15419848.41154,0
1753450500000,3713.10,3715.49,3708.29,3711.56,4073.864,1753450559999,15119817.58918,9195,1832.290,6800554.70656,0
1753450560000,3711.57,3714.00,3708.30,3709.18,3318.626,1753450619999,12317540.81560,6329,1742.051,6465569.58446,0
1753450620000,3709.17,3709.17,3680.15,3683.35,36897.807,1753450679999,136162884.40512,30188,9639.857,35568469.34448,0
1753450680000,3683.36,3688.66,3682.86,3684.66,13512.831,1753450739999,49807256.16032,12915,6977.644,25718914.03123,0
1753450740000,3684.66,3691.67,3684.66,3688.61,9488.915,1753450799999,34997955.29873,8444,5615.320,20710657.18592,0
1753450800000,3688.61,3689.23,3680.00,3680.05,12199.150,1753450859999,44941572.97566,14018,2665.877,9822032.32989,0
1753450860000,3680.06,3685.19,3680.00,3680.61,16785.697,1753450919999,61789265.53971,11086,4720.441,17379369.63355,0
1753450920000,3680.60,3686.16,3680.00,3680.33,6778.288,1753450979999,24962413.71432,8133,2790.054,10275460.95157,0
1753450980000,3680.33,3684.83,3675.00,3684.7,19270.767,1753451039999,70900529.89626,15607,6447.897,23728068.09382,0
1753451040000,3684.69,3692.38,3682.04,3687.0,17721.620,1753451099999,65362768.97950,14417,13337.713,49197857.18799,0
1753451100000,3687.00,3691.06,3686.39,3688.76,4199.558,1753451159999,15490289.88965,6464,2301.867,8491144.59478,0
1753451160000,3688.77,3689.90,3685.66,3689.59,3392.434,1753451219999,12509413.89093,5927,1322.170,4875876.37436,0
1753451220000,3689.59,3693.27,3687.60,3687.6,5547.349,1753451279999,20475254.38820,7619,3325.691,12275620.89049,0
1753451280000,3687.60,3690.20,3682.69,3685.34,6298.195,1753451339999,23213817.96331,8046,1720.767,6344159.99607,0
1753451340000,3685.34,3689.10,3685.34,3687.06,2747.972,1753451399999,10131967.82686,4848,1456.477,5370012.22164,0
1753451400000,3687.06,3688.48,3680.04,3682.25,5684.436,1753451459999,20937858.31607,7239,1800.394,6631980.34092,0
1753451460000,3682.25,3686.96,3682.00,3682.72,4694.284,1753451519999,17294543.50843,6784,3366.090,12401397.51197,0
1753451520000,3682.73,3697.33,3682.39,3697.2,11398.892,1753451579999,42068969.26225,10206,8643.077,31895179.30688,0
1753451580000,3697.20,3701.87,3696.12,3699.9,13308.359,1753451639999,49226516.81899,12902,8163.761,30198885.62647,0
1753451640000,3699.89,3700.62,3696.16,3696.94,3360.672,1753451699999,12428956.13396,5004,1651.886,6109496.58293,0
1753451700000,3696.93,3701.45,3691.64,3699.46,7450.399,1753451759999,27545201.97339,8402,4423.312,16357654.21968,0
1753451760000,3699.45,3700.87,3695.22,3696.3,3069.212,1753451819999,11350829.47286,5218,1153.610,4266721.50494,0
1753451820000,3696.31,3698.66,3695.85,3697.63,2778.006,1753451879999,10270145.24172,4108,1657.288,6126806.99223,0
1753451880000,3697.62,3702.73,3697.10,3701.86,4600.278,1753451939999,17028277.05586,5300,2592.189,9594932.76177,0
1753451940000,3701.86,3705.38,3700.20,3705.12,6965.953,1753451999999,25791402.45082,6575,3869.897,14330481.13130,0
1753452000000,3705.13,3707.60,3701.23,3705.36,8985.484,1753452059999,33287946.65153,8856,4175.037,15469836.81198,0
1753452060000,3705.36,3707.07,3704.70,3705.48,4831.506,1753452119999,17904882.06871,5345,2529.588,9374416.61158,0
1753452120000,3705.48,3706.76,3702.09,3702.09,5956.724,1753452179999,22067921.27651,6730,3651.873,13529847.45533,0
1753452180000,3702.10,3702.74,3692.72,3695.01,5948.932,1753452239999,21992021.12583,7569,2019.021,7463237.30364,0
1753452240000,3695.01,3698.16,3690.40,3690.92,6859.512,1753452299999,25337119.33879,7346,1973.483,7290783.25866,0
1753452300000,3690.91,3693.94,3690.38,3691.04,4984.137,1753452359999,18400864.16706,6100,1545.535,5705552.10456,0
1753452360000,3691.04,3697.84,3691.02,3697.84,3313.071,1753452419999,12237631.83284,4563,1744.899,6445316.81418,0
1753452420000,3697.86,3701.18,3695.12,3700.79,4204.379,1753452479999,15546494.92804,5962,2557.580,9457139.77275,0
1753452480000,3700.78,3700.79,3693.70,3693.71,2173.175,1753452539999,8035716.17390,4442,1061.621,3925393.62685,0
1753452540000,3693.70,3696.44,3690.40,3695.16,2504.199,1753452599999,9247817.49758,5255,1299.754,4800351.33389,0
1753452600000,3695.17,3697.53,3691.97,3692.31,2154.655,1753452659999,7962793.31034,4189,1072.266,3962649.13858,0
1753452660000,3692.32,3696.59,3692.32,3693.36,2229.494,1753452719999,8236503.50650,3596,1554.940,5744647.59678,0
1753452720000,3693.35,3693.52,3688.21,3688.56,3604.161,1753452779999,13303543.95459,5248,1575.540,5815980.84766,0
1753452780000,3688.57,3689.35,3682.09,3682.4,8196.043,1753452839999,30202601.91586,8531,3266.430,12038596.84082,0
1753452840000,3682.42,3682.88,3679.81,3679.82,6404.480,1753452899999,23574745.50940,6680,2543.619,9363068.16751,0
1753452900000,3679.81,3688.75,3678.78,3688.56,7980.748,1753452959999,29388087.53712,8472,6046.290,22267382.63010,0
1753452960000,3688.55,3688.61,3682.01,3683.49,3385.519,1753453019999,12473626.12185,6189,1901.693,7006184.25637,0
1753453020000,3683.49,3683.59,3673.09,3673.99,10061.418,1753453079999,36991171.34238,9651,1992.605,7327826.40336,0
1753453080000,3673.84,3679.81,3671.70,3676.27,9339.944,1753453139999,34316247.52894,14079,5301.118,19479868.36953,0
1753453140000,3676.27,3684.98,3676.27,3683.66,6915.229,1753453199999,25452369.24012,11762,5002.984,18412713.84738,0
1753453200000,3683.66,3685.38,3679.41,3685.23,4881.284,1753453259999,17972549.31741,6326,2300.748,8472659.86909,0
1753453260000,3685.22,3686.57,3683.06,3683.07,3157.760,1753453319999,11635143.13291,5366,2139.301,7882618.81633,0
1753453320000,3683.06,3685.85,3682.58,3682.85,2422.081,1753453379999,8922729.76432,4042,1328.258,4892954.31468,0
1753453380000,3682.85,3683.86,3673.28,3674.66,3641.913,1753453439999,13390740.83282,5771,1564.586,5753501.55019,0
1753453440000,3674.67,3682.68,3674.10,3678.85,3055.292,1753453499999,11242262.71042,5546,1801.334,6627527.06928,0
1753453500000,3678.85,3682.80,3677.78,3682.8,3004.589,1753453559999,11055029.43096,4900,2050.886,7546096.77399,0
1753453560000,3682.80,3682.80,3673.23,3674.79,4946.712,1753453619999,18188238.88219,6610,2617.123,9620924.72058,0
1753453620000,3674.80,3680.25,3674.70,3679.84,3273.436,1753453679999,12038793.79265,7004,1835.329,6749834.57418,0
1753453680000,3679.84,3681.97,3676.50,3677.17,2978.846,1753453739999,10960279.65574,4998,1459.230,5369215.75702,0
1753453740000,3677.18,3681.24,3675.62,3679.62,2585.765,1753453799999,9511978.60160,5027,1243.771,4575378.30754,0
1753453800000,3679.62,3685.62,3678.78,3681.8,4020.128,1753453859999,14804646.15667,9637,2774.832,10218654.64748,0
1753453860000,3681.79,3685.20,3677.71,3679.38,3730.831,1753453919999,13734678.08700,7799,1404.525,5171376.68046,0
1753453920000,3679.36,3679.80,3660.54,3662.12,27053.302,1753453979999,99203981.48723,22214,7334.054,26887362.60219,0
1753453980000,3662.13,3667.43,3659.30,3659.65,18329.560,1753454039999,67119032.70118,14897,8989.768,32923771.56733,0
1753454040000,3659.65,3668.94,3655.63,3658.01,12259.322,1753454099999,44888054.25559,14657,5242.257,19200894.42006,0
1753454100000,3658.01,3664.79,3655.51,3664.58,8462.615,1753454159999,30970054.45524,10391,4721.396,17279822.91068,0
1753454160000,3664.57,3664.90,3659.76,3663.97,5525.775,1753454219999,20235663.43017,7362,2571.766,9417866.28339,0
1753454220000,3663.97,3664.99,3652.58,3652.58,10585.832,1753454279999,38710573.26918,12183,4813.552,17602370.71567,0
1753454280000,3652.58,3655.37,3650.00,3653.76,14498.992,1753454339999,52952224.60454,13041,4377.767,15989165.42542,0
1753454340000,3653.76,3653.93,3637.27,3640.13,31661.609,1753454399999,115392609.61375,22497,8555.441,31179241.02116,0
1753454400000,3640.12,3644.15,3635.41,3636.79,22149.676,1753454459999,80607275.40131,20391,10511.058,38253200.86072,0
1753454460000,3636.78,3641.94,3636.00,3639.15,10445.740,1753454519999,38006430.34125,14488,6867.560,24988577.61322,0
1753454520000,3639.16,3648.24,3639.15,3645.95,17504.407,1753454579999,63779339.66137,13727,8934.482,32551544.67583,0
1753454580000,3645.98,3645.98,3637.49,3638.44,13451.447,1753454639999,48991433.09547,10061,4380.557,15949829.66743,0
1753454640000,3638.44,3641.46,3638.00,3638.7,7217.550,1753454699999,26268609.34282,7585,4340.803,15799269.11518,0
1753454700000,3638.70,3643.38,3632.50,3637.95,14635.316,1753454759999,53223282.47405,14529,5083.323,18489480.82512,0
1753454760000,3637.96,3643.29,3636.65,3639.23,5784.871,1753454819999,21054017.32909,8372,2954.945,10753970.30602,0
1753454820000,3639.23,3644.97,3639.22,3644.65,6143.759,1753454879999,22376177.03801,7687,3994.639,14548190.24052,0
1753454880000,3644.64,3645.94,3640.85,3644.05,9970.396,1753454939999,36328676.16658,9190,4098.550,14932117.06287,0
1753454940000,3644.05,3650.46,3644.05,3647.87,9180.450,1753454999999,33488071.06375,9282,5659.552,20643252.65556,0
1753455000000,3647.87,3649.44,3645.00,3645.61,5894.879,1753455059999,21497505.74457,7240,3224.861,11760397.95366,0
1753455060000,3645.61,3645.80,3640.25,3643.7,8277.528,1753455119999,30160326.54173,8516,4030.894,14685468.86242,0
1753455120000,3643.70,3645.21,3640.95,3643.96,2809.462,1753455179999,10234841.30071,5319,1720.989,6269786.47021,0
1753455180000,3643.96,3644.96,3641.47,3641.59,2829.855,1753455239999,10309926.39574,4498,1407.664,5128365.76061,0
1753455240000,3641.60,3643.94,3640.10,3643.52,3561.776,1753455299999,12972839.41176,5554,1934.109,7044657.51485,0
1753455300000,3643.53,3643.53,3636.29,3638.75,5512.773,1753455359999,20060329.98432,7068,1367.431,4975844.03072,0
1753455360000,3638.76,3639.28,3632.48,3632.57,6226.307,1753455419999,22642592.24937,7810,2222.410,8083335.89060,0
1753455420000,3632.57,3637.34,3622.33,3631.08,29462.448,1753455479999,106948008.42745,22960,12558.708,45600846.52745,0
1753455480000,3631.09,3635.28,3619.74,3624.16,22100.244,1753455539999,80126292.75413,19800,8471.573,30725736.97877,0
1753455540000,3624.16,3629.15,3624.16,3627.46,7818.172,1753455599999,28351248.27750,8560,4744.199,17203735.76450,0
1753455600000,3627.46,3634.15,3626.00,3633.9,12046.725,1753455659999,43726476.67045,11449,8588.616,31175903.76523,0
1753455660000,3633.90,3634.62,3630.76,3632.12,5419.240,1753455719999,19686471.45317,6551,2399.220,8715440.41356,0
1753455720000,3632.13,3642.94,3632.13,3639.04,10473.078,1753455779999,38123400.27897,11273,6245.999,22734141.92007,0
1753455780000,3639.04,3640.69,3636.41,3639.14,4594.938,1753455839999,16718018.29037,6001,2864.285,10421434.62341,0
1753455840000,3639.14,3639.88,3634.36,3634.37,3979.723,1753455899999,14475635.22049,5452,1387.042,5045153.68461,0
1753455900000,3634.36,3636.45,3624.11,3625.19,7215.662,1753455959999,26190789.97521,9387,1944.265,7060677.83135,0
1753455960000,3625.17,3631.16,3624.87,3630.58,5477.562,1753456019999,19870984.15194,7869,2841.171,10306216.35135,0
1753456020000,3630.58,3630.97,3625.71,3626.48,5371.442,1753456079999,19487835.66636,7571,2804.683,10175361.64459,0
1753456080000,3626.47,3627.95,3621.80,3623.63,5926.579,1753456139999,21478976.99780,7893,2242.112,8126184.22032,0
1753456140000,3623.63,3633.33,3623.26,3625.9,5843.078,1753456199999,21202792.82588,9277,3238.867,11753751.89719,0
1753456200000,3625.90,3630.33,3625.86,3628.64,5411.904,1753456259999,19634128.33168,7000,3661.086,13281642.77303,0
1753456260000,3628.64,3629.34,3625.38,3628.58,3738.865,1753456319999,13561258.95156,5751,2350.364,8525208.03194,0
1753456320000,3628.58,3630.39,3623.79,3624.8,7414.265,1753456379999,26889528.10848,8043,3888.913,14104681.39739,0
1753456380000,3624.80,3627.08,3614.19,3627.08,13534.454,1753456439999,48998746.07566,14556,5079.390,18394911.22660,0
1753456440000,3627.08,3635.86,3625.75,3632.85,11572.495,1753456499999,42042624.83707,11469,8182.230,29725927.96428,0
1753456500000,3632.85,3636.00,3630.41,3636.0,9859.240,1753456559999,35826130.22175,6745,7577.255,27535036.21069,0
1753456560000,3636.00,3642.50,3635.64,3639.96,12810.029,1753456619999,46622563.78344,10285,9695.664,35287588.91341,0
1753456620000,3639.96,3641.23,3634.61,3634.61,9655.357,1753456679999,35128631.27138,9178,5084.968,18500790.83760,0
1753456680000,3634.61,3638.92,3633.00,3638.26,5887.655,1753456739999,21413492.43449,7398,3897.026,14173744.94904,0
1753456740000,3638.26,3641.33,3634.42,3634.62,3916.315,1753456799999,14249617.67180,6179,2148.055,7815698.24914,0
1753456800000,3634.62,3635.61,3629.71,3630.69,6025.210,1753456859999,21882259.77739,6275,3160.798,11478722.88041,0
1753456860000,3630.69,3635.39,3628.82,3635.39,3441.045,1753456919999,12495779.91706,5757,1606.929,5836492.40553,0
1753456920000,3635.38,3637.96,3633.07,3637.95,3949.212,1753456979999,14354862.35316,5392,2021.276,7347789.99655,0
1753456980000,3637.95,3645.00,3637.95,3643.37,4957.794,1753457039999,18054408.15390,7525,3414.008,12431889.46271,0
1753457040000,3643.36,3644.29,3640.07,3643.42,5572.111,1753457099999,20294394.48183,6435,2641.977,9623318.47791,0
1753457100000,3643.43,3645.51,3641.81,3643.54,5418.765,1753457159999,19741947.30750,5443,2977.198,10846137.13797,0
1753457160000,3643.55,3645.32,3640.01,3643.39,3355.391,1753457219999,12221966.79131,5586,1576.608,5742794.71030,0
1753457220000,3643.39,3645.00,3640.01,3640.43,4597.164,1753457279999,16750395.34068,5680,2456.666,8952168.14126,0
1753457280000,3640.44,3641.76,3635.11,3638.25,4363.283,1753457339999,15878662.85453,6639,2245.041,8170071.98119,0
1753457340000,3638.25,3638.94,3635.28,3637.89,2040.525,1753457399999,7422475.57014,3939,810.171,2947027.18902,0
1753457400000,3637.88,3642.70,3636.92,3638.84,1913.268,1753457459999,6962614.93643,4902,1252.562,4558130.68719,0
1753457460000,3638.85,3641.68,3638.85,3640.08,1507.823,1753457519999,5487826.19685,3309,982.188,3574669.96567,0
1753457520000,3640.09,3641.46,3638.11,3639.54,2152.868,1753457579999,7836179.57578,3533,1036.473,3772488.72587,0
1753457580000,3639.53,3640.61,3637.66,3640.01,1796.588,1753457639999,6537929.54609,3462,1242.683,4522136.67813,0
1753457640000,3640.02,3641.76,3639.71,3640.86,2971.417,1753457699999,10818031.27602,3526,2240.800,8158030.34354,0
1753457700000,3640.86,3640.86,3632.96,3633.75,3076.036,1753457759999,11184891.45644,5670,909.510,3307582.33664,0
1753457760000,3633.75,3634.76,3620.28,3620.56,10237.664,1753457819999,37119229.38004,13538,4015.229,14554271.24504,0
1753457820000,3620.56,3627.02,3618.51,3624.55,9032.749,1753457879999,32716828.50886,13610,4340.216,15721374.32761,0
1753457880000,3624.55,3626.61,3621.57,3623.42,3979.730,1753457939999,14421393.09337,8199,1481.680,5369302.94116,0
1753457940000,3623.42,3623.68,3612.61,3613.74,21207.959,1753457999999,76719329.14691,17403,5955.054,21543716.25677,0
1753458000000,3613.74,3621.24,3610.01,3610.18,12218.243,1753458059999,44161892.96994,15797,5087.907,18395099.67254,0
1753458060000,3610.19,3612.26,3604.36,3609.47,26541.502,1753458119999,95772124.68445,20484,13569.704,48966758.64665,0
1753458120000,3609.47,3609.90,3600.01,3602.93,16526.472,1753458179999,59563011.78618,16097,4966.848,17902084.87271,0
1753458180000,3602.93,3605.65,3600.00,3605.53,11227.316,1753458239999,40433448.13096,9780,5581.799,20104161.89017,0
1753458240000,3605.52,3609.27,3604.15,3608.98,8462.987,1753458299999,30520580.65776,9083,6280.159,22647564.69836,0
1753458300000,3608.98,3617.60,3608.80,3614.27,8081.161,1753458359999,29208676.42240,10592,5648.088,20413483.98179,0
1753458360000,3614.27,3614.27,3610.27,3612.81,3137.508,1753458419999,11333995.06863,6957,1231.683,4449109.61800,0
1753458420000,3612.82,3616.74,3611.48,3614.28,8183.382,1753458479999,29574003.74715,7161,5264.622,19026113.72691,0
1753458480000,3614.28,3619.00,3613.67,3615.91,4155.246,1753458539999,15026971.50166,6524,2387.123,8633232.50554,0
1753458540000,3615.92,3616.68,3612.15,3615.79,2748.420,1753458599999,9935203.40249,6147,1105.031,3994390.54843,0
1753458600000,3615.78,3618.00,3613.21,3613.86,3860.408,1753458659999,13956606.45189,6429,1293.896,4678215.06831,0
1753458660000,3613.86,3624.94,3613.51,3620.22,6879.490,1753458719999,24912511.50720,8660,4977.766,18025631.30949,0
1753458720000,3620.21,3624.42,3619.52,3624.28,3057.496,1753458779999,11074759.35464,5710,1922.017,6961722.93936,0
1753458780000,3624.28,3628.59,3624.00,3627.75,5514.289,1753458839999,19997301.13311,7616,3497.694,12684031.18467,0
1753458840000,3627.75,3630.00,3626.00,3629.99,5079.044,1753458899999,18426554.34766,5491,2380.813,8637821.87656,0
1753458900000,3629.99,3635.00,3628.70,3634.99,10122.930,1753458959999,36765946.54650,8493,6218.701,22586026.21694,0
1753458960000,3634.99,3636.00,3632.41,3633.94,5446.319,1753459019999,19792271.24465,6265,2720.088,9884511.16932,0
1753459020000,3633.93,3635.20,3630.63,3633.91,3099.052,1753459079999,11257847.01430,5526,1581.715,5745828.06713,0
1753459080000,3633.91,3634.80,3630.07,3630.07,2285.993,1753459139999,8304838.88076,4398,1115.907,4054186.36483,0
1753459140000,3630.07,3633.24,3629.62,3631.91,2059.586,1753459199999,7478776.65091,4328,817.487,2968566.77586,0
1753459200000,3631.91,3635.22,3630.25,3635.19,4746.189,1753459259999,17243107.78660,5584,3223.315,11711327.74620,0
1753459260000,3635.18,3635.72,3629.72,3631.69,5847.528,1753459319999,21242422.04218,6275,2106.379,7653318.92270,0
1753459320000,3631.69,3635.77,3631.64,3634.75,2038.814,1753459379999,7409054.96711,3582,975.629,3545604.34638,0
1753459380000,3634.75,3639.71,3634.18,3639.26,6370.698,1753459439999,23170587.33262,6624,4779.814,17384725.80467,0
1753459440000,3639.25,3639.25,3635.54,3636.85,7288.025,1753459499999,26507220.61144,6054,4226.344,15370183.31071,0
1753459500000,3636.86,3637.62,3633.00,3635.78,2727.504,1753459559999,9914875.94820,4591,1248.255,4537795.83866,0
1753459560000,3635.79,3639.00,3635.78,3638.99,2040.299,1753459619999,7421777.21813,3130,1429.621,5200218.76264,0
1753459620000,3639.00,3639.83,3637.33,3639.35,2144.406,1753459679999,7802311.89919,3660,1387.513,5048645.84372,0
1753459680000,3639.35,3640.97,3636.18,3638.64,4231.754,1753459739999,15400177.30894,6913,2438.269,8874268.55825,0
1753459740000,3638.64,3638.98,3636.00,3637.82,1152.582,1753459799999,4192733.21411,5048,571.969,2080754.52336,0
1753459800000,3637.82,3640.85,3637.12,3640.51,2810.366,1753459859999,10226573.77709,5470,1407.754,5123054.14954,0
1753459860000,3640.51,3641.83,3637.80,3638.64,4156.261,1753459919999,15129931.00803,5556,1998.993,7277319.65972,0
1753459920000,3638.65,3643.75,3638.00,3638.14,6489.577,1753459979999,23634149.35615,7039,3816.354,13899399.12142,0
1753459980000,3638.13,3639.47,3634.00,3635.47,3770.174,1753460039999,13710416.97079,5093,1344.234,4888653.16354,0
1753460040000,3635.47,3637.67,3634.88,3636.81,2644.904,1753460099999,9617658.17110,4540,1264.122,4596572.98514,0
1753460100000,3636.82,3640.46,3636.82,3638.48,1736.403,1753460159999,6318499.62503,4066,1045.060,3802827.44232,0
1753460160000,3638.49,3640.53,3636.76,3636.77,1773.567,1753460219999,6452922.99058,3316,903.352,3286809.04950,0
1753460220000,3636.77,3637.64,3627.19,3627.52,6058.973,1753460279999,22003098.47960,8090,2155.515,7829426.17103,0
1753460280000,3627.53,3633.72,3624.63,3628.85,7456.254,1753460339999,27056883.74476,8837,3064.278,11121146.30156,0
1753460340000,3628.85,3631.09,3627.50,3629.29,2328.400,1753460399999,8450307.60674,4525,1011.266,3669787.00391,0
1753460400000,3629.28,3630.37,3620.11,3620.26,8036.851,1753460459999,29137657.78862,9611,2975.267,10790097.32022,0
1753460460000,3620.26,3622.87,3619.00,3619.0,5338.480,1753460519999,19326925.93644,7062,2405.001,8707281.31424,0
1753460520000,3619.00,3622.03,3617.77,3617.8,3374.299,1753460579999,12214332.77401,5215,1651.792,5978758.38966,0
1753460580000,3617.81,3620.19,3615.11,3615.38,3490.372,1753460639999,12627084.78180,5884,1542.596,5581201.89585,0
1753460640000,3615.39,3621.35,3615.26,3620.65,3060.706,1753460699999,11075388.88079,5634,1960.249,7093559.85185,0
1753460700000,3620.65,3626.40,3619.61,3626.0,3505.319,1753460759999,12700457.81824,5692,2155.360,7810224.35687,0
1753460760000,3626.00,3632.65,3625.08,3632.6,3902.488,1753460819999,14160394.26699,7680,2559.009,9285479.40563,0
1753460820000,3632.60,3634.00,3625.41,3625.42,3774.729,1753460879999,13707799.68113,7218,1707.113,6199527.58566,0
1753460880000,3625.42,3627.72,3621.11,3621.37,2270.800,1753460939999,8231663.06530,5723,772.175,2799678.39536,0
1753460940000,3621.37,3629.39,3621.37,3629.39,1604.068,1753460999999,5817871.37110,4473,1136.684,4122768.22621,0
1753461000000,3629.38,3631.21,3625.98,3631.19,1514.519,1753461059999,5495916.05481,4589,927.684,3366588.97864,0
1753461060000,3631.19,3635.46,3630.47,3631.59,4881.296,1753461119999,17732752.13091,7619,2835.538,10300885.66184,0
1753461120000,3631.59,3634.49,3630.00,3634.0,2193.241,1753461179999,7966009.44071,4734,1319.013,4790690.08329,0
1753461180000,3633.99,3634.00,3627.12,3627.31,2260.129,1753461239999,8206319.80220,5653,819.869,2977583.51315,0
1753461240000,3627.32,3627.95,3622.40,3622.4,3170.041,1753461299999,11491782.78242,6179,1581.805,5734724.98009,0
1753461300000,3622.40,3624.98,3616.61,3617.67,4521.264,1753461359999,16367686.33697,6970,1363.599,4936462.74010,0
1753461360000,3617.65,3621.00,3617.64,3618.89,2328.603,1753461419999,8428828.99351,5604,1372.220,4966946.37469,0
1753461420000,3618.90,3620.62,3616.44,3620.26,4025.724,1753461479999,14566729.72284,5303,1975.814,7149076.76998,0
1753461480000,3620.25,3627.42,3619.66,3625.96,4146.156,1753461539999,15020991.17681,5726,3024.246,10954923.37931,0
1753461540000,3625.95,3625.95,3621.19,3622.91,1783.414,1753461599999,6460985.39421,3999,1058.862,3835481.42977,0
1753461600000,3622.93,3623.95,3621.50,3623.71,1417.201,1753461659999,5134590.23241,4228,647.561,2346052.78155,0
1753461660000,3623.71,3630.59,3623.20,3630.37,2779.017,1753461719999,10082687.49812,6075,1462.853,5307023.23977,0
1753461720000,3630.37,3633.33,3626.29,3626.3,2904.662,1753461779999,10546827.93331,6427,1546.285,5615405.78689,0
1753461780000,3626.30,3629.75,3625.54,3629.75,974.547,1753461839999,3534605.77712,3589,521.515,1891384.48768,0
1753461840000,3629.74,3631.90,3628.97,3630.47,1785.111,1753461899999,6480029.80312,3439,1272.967,4620899.23145,0
1753461900000,3630.46,3632.63,3629.36,3629.69,2729.273,1753461959999,9910033.34982,4748,1512.666,5492774.21766,0
1753461960000,3629.70,3632.63,3629.33,3632.37,1975.006,1753462019999,7171518.79223,3330,849.665,3085270.95177,0
1753462020000,3632.36,3634.80,3631.81,3634.17,2511.294,1753462079999,9124317.30757,3227,1376.242,5000351.55676,0
1753462080000,3634.16,3638.00,3633.14,3637.85,4989.365,1753462139999,18139666.65314,7329,2615.437,9509180.49622,0
1753462140000,3637.85,3639.89,3636.15,3639.73,4590.029,1753462199999,16698254.85066,5571,2404.413,8747151.86107,0
1753462200000,3639.73,3640.86,3634.75,3634.8,5469.621,1753462259999,19904588.26825,5725,3387.877,12330027.98190,0
1753462260000,3634.80,3639.34,3634.43,3636.54,4467.077,1753462319999,16246227.44789,5649,3253.889,11834549.58143,0
1753462320000,3636.54,3637.82,3634.00,3636.29,1836.734,1753462379999,6677533.65346,3613,776.893,2824190.44699,0
1753462380000,3636.28,3638.95,3635.25,3638.93,1921.961,1753462439999,6991501.25872,2579,1219.648,4436854.25098,0
1753462440000,3638.92,3639.60,3636.20,3636.41,1503.482,1753462499999,5469953.02403,2237,425.863,1549467.78529,0
1753462500000,3636.41,3638.85,3635.57,3635.58,1898.655,1753462559999,6905932.77887,3336,936.426,3406239.11094,0
1753462560000,3635.58,3642.04,3635.58,3641.81,5072.340,1753462619999,18467148.36488,4762,3527.158,12840881.23479,0
1753462620000,3641.81,3644.04,3641.00,3641.58,5644.250,1753462679999,20560628.66147,6592,2973.668,10832620.02692,0
1753462680000,3641.58,3641.59,3637.73,3639.24,3984.119,1753462739999,14500037.96052,4388,1751.354,6373905.97228,0
1753462740000,3639.24,3640.54,3637.16,3638.62,2592.604,1753462799999,9435252.16402,3142,1115.392,4059605.89082,0
1753462800000,3638.62,3639.00,3636.00,3638.64,3696.732,1753462859999,13446195.87366,4664,1564.812,5691584.71561,0
1753462860000,3638.64,3639.78,3636.50,3637.22,1737.205,1753462919999,6319339.64693,4117,683.189,2485372.28755,0
1753462920000,3637.21,3641.97,3637.00,3641.97,2588.831,1753462979999,9422003.24293,3076,1773.965,6456918.94289,0
1753462980000,3641.96,3641.97,3638.87,3639.0,2287.195,1753463039999,8325290.18909,3070,760.675,2768884.22549,0
1753463040000,3638.96,3640.00,3634.18,3634.67,3937.345,1753463099999,14324967.90780,4223,1502.109,5465699.01489,0
1753463100000,3634.43,3638.71,3633.23,3638.23,2503.646,1753463159999,9099715.76343,4108,1431.332,5202742.26441,0
1753463160000,3638.23,3645.97,3637.88,3645.55,5274.463,1753463219999,19216185.34174,6423,3801.015,13848765.81727,0
1753463220000,3645.54,3645.55,3642.92,3642.94,3578.471,1753463279999,13042425.59377,3852,1834.368,6685855.20219,0
1753463280000,3642.93,3644.90,3640.02,3641.06,4597.461,1753463339999,16742196.02304,4800,1534.205,5587597.80315,0
1753463340000,3641.05,3643.38,3640.00,3642.06,1791.886,1753463399999,6524825.26111,3331,913.091,3324818.62505,0
1753463400000,3642.05,3645.24,3642.05,3644.35,3032.811,1753463459999,11051074.52197,4123,2224.958,8107249.72887,0
1753463460000,3644.35,3645.13,3643.15,3644.69,2141.886,1753463519999,7804890.43348,2512,1150.344,4191645.51300,0
1753463520000,3644.68,3651.09,3644.68,3649.38,10254.945,1753463579999,37410618.61441,9905,7670.703,27983209.16101,0
1753463580000,3649.39,3649.39,3643.59,3645.92,3519.744,1753463639999,12832922.95339,4688,1261.380,4598674.95251,0
1753463640000,3645.92,3646.92,3640.67,3640.68,3144.174,1753463699999,11457013.54850,4164,1172.317,4272503.39797,0
1753463700000,3640.67,3642.47,3639.29,3641.25,7949.232,1753463759999,28937986.38962,5104,1347.003,4904346.97493,0
1753463760000,3641.25,3643.64,3640.81,3640.81,1139.274,1753463819999,4149132.94276,2597,629.670,2293171.05853,0
1753463820000,3640.81,3640.82,3632.65,3636.23,3171.865,1753463879999,11530972.65224,5824,999.091,3631859.73312,0
1753463880000,3636.24,3637.11,3631.76,3631.95,1851.174,1753463939999,6727309.95800,3478,557.719,2026844.99706,0
1753463940000,3631.95,3633.92,3630.38,3631.53,3396.724,1753463999999,12336226.46993,4798,1716.455,6233841.76144,0
1753464000000,3631.53,3631.53,3619.38,3625.41,13033.768,1753464059999,47242700.56604,13015,5780.031,20948924.33558,0
1753464060000,3625.40,3627.42,3623.09,3627.42,3363.323,1753464119999,12191867.05737,4818,2012.216,7294697.01819,0
1753464120000,3627.42,3634.00,3627.30,3633.67,3497.646,1753464179999,12700507.71438,5752,2233.825,8111057.57929,0
1753464180000,3633.67,3636.79,3633.18,3636.38,3127.903,1753464239999,11370293.98591,4247,2253.907,8193252.23225,0
1753464240000,3636.38,3639.76,3636.14,3639.16,1555.401,1753464299999,5658922.86041,3040,1001.971,3645383.02609,0
1753464300000,3639.17,3640.18,3635.58,3639.89,1165.623,1753464359999,4240579.09884,3406,694.722,2527541.74262,0
1753464360000,3639.89,3640.82,3633.36,3634.48,1607.504,1753464419999,5846056.47822,3629,696.983,2534568.00357,0
1753464420000,3634.49,3636.84,3634.49,3635.77,1500.874,1753464479999,5456303.57309,2720,1067.489,3880760.89335,0
1753464480000,3635.78,3637.44,3634.89,3635.16,623.268,1753464539999,2266174.38279,1838,228.908,832308.17111,0
1753464540000,3635.17,3635.80,3631.83,3632.37,1370.856,1753464599999,4981573.68400,2758,507.693,1845258.60388,0
1753464600000,3632.36,3639.20,3632.36,3637.99,1725.831,1753464659999,6276332.02876,3743,1327.586,4828295.60547,0
1753464660000,3637.99,3639.40,3633.23,3633.41,1137.786,1753464719999,4138431.30845,3574,641.118,2332121.49589,0
1753464720000,3633.42,3634.61,3630.78,3634.1,2035.823,1753464779999,7395241.88513,4018,688.274,2500029.83901,0
1753464780000,3634.10,3634.83,3629.83,3631.47,1688.719,1753464839999,6132854.42302,4011,638.037,2317158.19036,0
1753464840000,3631.46,3631.46,3626.98,3626.98,3136.370,1753464899999,11382788.52521,5210,1010.983,3669086.22437,0
1753464900000,3627.00,3627.22,3622.42,3625.35,2503.756,1753464959999,9076092.54213,5445,1168.029,4234168.75245,0
1753464960000,3625.35,3628.94,3624.18,3628.74,2373.329,1753465019999,8607022.77210,4117,1339.777,4858671.52451,0
1753465020000,3628.74,3632.25,3627.29,3631.53,1166.867,1753465079999,4235200.39456,2872,916.296,3325750.12988,0
1753465080000,3631.53,3632.63,3623.62,3623.63,2604.789,1753465139999,9449070.05339,4212,698.770,2535107.12582,0
1753465140000,3623.63,3625.82,3622.93,3625.5,2257.204,1753465199999,8181027.52451,3827,1542.371,5590291.65319,0
1753465200000,3625.50,3628.94,3624.58,3628.87,904.771,1753465259999,3281107.20088,2653,498.779,1808737.07419,0
1753465260000,3628.86,3632.61,3628.50,3629.91,1776.430,1753465319999,6449234.72319,3858,1136.562,4126391.30694,0
1753465320000,3629.90,3629.90,3626.82,3629.52,955.425,1753465379999,3466630.42610,2405,426.787,1548541.52585,0
1753465380000,3629.52,3630.43,3628.63,3629.79,723.183,1753465439999,2624815.23156,1839,425.491,1544318.98842,0
1753465440000,3629.79,3634.99,3629.79,3634.99,2251.925,1753465499999,8181681.00383,4097,1307.102,4748728.66103,0
1753465500000,3634.98,3635.46,3629.40,3629.4,1388.949,1753465559999,5046563.37121,3501,628.785,2284622.93317,0
1753465560000,3629.41,3632.94,3627.51,3632.93,4221.392,1753465619999,15324116.14335,4942,1069.185,3881024.63615,0
1753465620000,3632.92,3636.64,3632.29,3636.64,2514.131,1753465679999,9136825.80818,3400,1822.917,6625243.53824,0
1753465680000,3636.64,3640.53,3636.57,3639.56,2625.908,1753465739999,9554517.71762,3867,1854.016,6745610.35632,0
1753465740000,3639.57,3641.80,3638.00,3638.0,4135.428,1753465799999,15053239.72488,4311,2596.742,9452575.31068,0
1753465800000,3638.01,3639.00,3634.93,3639.0,1841.777,1753465859999,6698439.17986,3083,651.828,2371121.49268,0
1753465860000,3639.00,3640.40,3637.43,3639.44,1455.768,1753465919999,5297548.20893,2644,769.811,2801505.04219,0
1753465920000,3639.44,3639.44,3633.00,3633.01,1274.694,1753465979999,4633702.22545,3025,504.023,1832241.71361,0
1753465980000,3633.00,3635.95,3633.00,3634.99,676.043,1753466039999,2456927.80854,2202,426.846,1551314.63809,0
1753466040000,3635.00,3639.99,3634.99,3637.75,553.311,1753466099999,2012765.43631,2563,346.739,1261278.55463,0
1753466100000,3637.74,3641.07,3637.74,3637.86,1433.003,1753466159999,5215839.62773,2776,737.239,2683352.29079,0
1753466160000,3637.86,3641.00,3637.53,3638.35,1127.273,1753466219999,4102597.95994,2808,714.057,2598707.51077,0
1753466220000,3638.36,3640.59,3638.36,3640.1,1537.495,1753466279999,5595569.14615,2343,880.737,3205526.57483,0
1753466280000,3640.11,3641.45,3636.36,3636.36,1975.621,1753466339999,7190385.64743,2311,412.123,1499420.99736,0
1753466340000,3636.36,3637.21,3634.64,3634.64,1361.086,1753466399999,4949225.51445,2058,403.110,1465766.24706,0
1753466400000,3634.64,3636.84,3634.01,3634.39,1629.268,1753466459999,5922890.19862,2965,754.990,2744566.73131,0
1753466460000,3634.39,3637.77,3633.72,3636.8,949.219,1753466519999,3451424.33531,2704,389.030,1414535.33029,0
1753466520000,3636.80,3637.48,3634.38,3636.44,2109.095,1753466579999,7669085.65910,2956,431.080,1567472.30374,0
1753466580000,3636.44,3641.05,3636.44,3640.33,2100.953,1753466639999,7644588.25701,3154,1392.700,5067221.79686,0
1753466640000,3640.32,3641.97,3639.63,3640.46,1654.986,1753466699999,6025956.71594,2840,649.690,2365599.17962,0
1753466700000,3640.46,3642.00,3639.27,3639.27,1269.400,1753466759999,4622178.57890,2457,614.593,2238014.42501,0
1753466760000,3639.26,3644.44,3639.10,3640.8,2023.520,1753466819999,7370295.66356,3836,1394.642,5079735.77476,0
1753466820000,3640.81,3642.66,3640.21,3642.34,728.702,1753466879999,2653561.77671,1613,351.352,1279455.90270,0
1753466880000,3642.36,3644.47,3641.30,3642.34,1240.556,1753466939999,4519274.74968,2556,604.761,2203121.46497,0
1753466940000,3642.33,3644.88,3642.33,3643.01,1031.296,1753466999999,3757936.20074,2293,571.076,2080897.71343,0
1753467000000,3643.02,3644.48,3640.00,3640.0,837.314,1753467059999,3049954.32244,2182,369.072,1344623.08351,0
1753467060000,3640.00,3641.75,3637.61,3638.5,1792.883,1753467119999,6525346.63454,2866,794.056,2890372.45637,0
1753467120000,3638.49,3646.26,3638.49,3645.91,2486.478,1753467179999,9061234.16214,3639,1779.966,6487214.23198,0
1753467180000,3645.92,3648.85,3644.49,3646.06,2188.827,1753467239999,7982495.47775,3842,1441.104,5255579.17607,0
1753467240000,3646.06,3648.79,3645.69,3646.49,4090.686,1753467299999,14919399.91181,4693,2804.945,10230333.61373,0
1753467300000,3646.50,3647.20,3643.79,3646.72,1875.477,1753467359999,6837322.09577,3634,795.660,2901046.94708,0
1753467360000,3646.71,3648.06,3640.80,3641.9,2122.541,1753467419999,7735030.51218,3670,778.593,2837754.20729,0
1753467420000,3641.94,3644.36,3641.94,3644.18,908.734,1753467479999,3310839.36234,2709,571.920,2083691.75228,0
1753467480000,3644.18,3646.51,3643.39,3646.03,2064.761,1753467539999,7525653.69380,2768,1325.394,4830684.86899,0
1753467540000,3646.03,3646.98,3643.87,3646.64,1000.631,1753467599999,3647749.89668,2740,527.495,1922866.28648,0
1753467600000,3646.64,3648.52,3645.79,3647.71,1421.549,1753467659999,5184549.27345,2789,716.451,2613008.02809,0
1753467660000,3647.72,3648.70,3646.61,3647.98,1804.522,1753467719999,6582363.30112,1746,851.919,3107470.78322,0
1753467720000,3647.98,3653.58,3647.70,3652.15,7511.359,1753467779999,27423733.98849,5302,6183.596,22576926.44079,0
1753467780000,3652.15,3652.34,3647.76,3650.58,7818.130,1753467839999,28538343.22232,5803,5706.868,20831084.52718,0
1753467840000,3650.59,3652.28,3647.76,3649.52,12456.868,1753467899999,45466598.49239,8380,9245.531,33745406.81944,0
1753467900000,3649.51,3652.93,3645.35,3645.36,4595.482,1753467959999,16776423.52176,4437,2949.699,10769952.57301,0
1753467960000,3645.37,3646.92,3643.00,3644.0,1683.392,1753468019999,6136467.68920,2863,735.036,2679300.40839,0
1753468020000,3644.00,3646.30,3643.29,3643.69,2698.286,1753468079999,9834580.76158,3356,1173.496,4277058.23962,0
1753468080000,3643.70,3644.96,3643.69,3644.41,976.001,1753468139999,3556763.46131,1650,431.606,1572816.13853,0
1753468140000,3644.41,3648.45,3644.40,3648.28,1693.598,1753468199999,6176293.48551,1872,1422.231,5186708.09701,0
1753468200000,3648.29,3648.71,3646.44,3647.01,1050.196,1753468259999,3830794.21048,1956,349.238,1273828.92819,0
1753468260000,3647.01,3651.33,3647.01,3651.33,1904.501,1753468319999,6951185.55414,2538,1007.648,3677337.94832,0
1753468320000,3651.33,3651.33,3648.49,3648.5,1295.184,1753468379999,4727156.33620,2304,466.966,1704260.54959,0
1753468380000,3648.49,3649.31,3646.44,3646.44,1008.617,1753468439999,3679575.37595,2125,609.700,2224204.59357,0
1753468440000,3646.41,3646.41,3644.42,3644.6,1508.646,1753468499999,5499428.63460,2443,349.085,1272444.11829,0
1753468500000,3644.61,3647.00,3643.66,3646.4,668.543,1753468559999,2436735.75165,1707,270.271,985040.36737,0
1753468560000,3646.40,3649.52,3645.30,3646.05,1249.534,1753468619999,4557054.94189,2704,579.679,2114087.26256,0
1753468620000,3646.06,3648.25,3645.00,3645.18,911.998,1753468679999,3325929.50035,2008,261.293,952846.91534,0
1753468680000,3645.18,3646.65,3644.78,3645.85,442.275,1753468739999,1612289.38970,1370,204.354,744936.57221,0
1753468740000,3645.85,3646.17,3643.45,3643.59,998.923,1753468799999,3640562.99932,2242,220.281,802840.70410,0
1753468800000,3643.60,3648.19,3643.59,3648.18,1369.940,1753468859999,4995196.33876,2033,833.198,3037916.89823,0
1753468860000,3648.18,3649.00,3647.26,3649.0,943.018,1753468919999,3440033.78515,2025,686.128,2502920.55673,0
1753468920000,3649.00,3650.15,3648.00,3650.14,564.573,1753468979999,2060265.96162,1487,387.576,1414398.68423,0
1753468980000,3650.15,3652.76,3650.14,3651.66,3217.104,1753469039999,11746523.64531,3350,2248.962,8211466.43169,0
1753469040000,3651.66,3654.14,3651.35,3653.28,2871.001,1753469099999,10487378.02512,3062,2459.751,8985369.10801,0
1753469100000,3653.29,3653.29,3649.36,3649.4,1709.081,1753469159999,6239347.92158,2929,471.554,1721635.15631,0
1753469160000,3649.41,3650.66,3647.75,3648.74,1432.547,1753469219999,5227105.86905,2596,629.523,2297101.38864,0
1753469220000,3648.74,3650.00,3646.64,3650.0,761.532,1753469279999,2778347.06945,2037,310.430,1132616.33116,0
1753469280000,3650.00,3656.21,3649.99,3655.0,3145.909,1753469339999,11496005.60937,4175,2057.021,7517092.70255,0
1753469340000,3655.00,3655.01,3651.32,3652.74,1188.189,1753469399999,4341059.87055,2562,725.885,2652159.66799,0
1753469400000,3652.73,3652.78,3648.18,3648.85,1345.073,1753469459999,4910409.91091,2614,583.904,2131636.20741,0
1753469460000,3648.83,3652.28,3648.60,3651.84,803.977,1753469519999,2934821.67708,2001,588.918,2149708.86297,0
1753469520000,3651.85,3652.28,3648.64,3650.02,947.359,1753469579999,3458353.47176,2226,421.762,1539596.32433,0
1753469580000,3650.01,3651.33,3649.00,3649.0,603.185,1753469639999,2201918.38807,1643,279.054,1018754.51053,0
1753469640000,3649.00,3650.43,3646.98,3648.73,1010.227,1753469699999,3685636.63534,2178,393.425,1435373.85460,0
1753469700000,3648.73,3650.00,3647.79,3649.99,932.207,1753469759999,3401717.54471,2280,529.273,1931383.28057,0
1753469760000,3650.00,3651.90,3649.99,3651.9,537.673,1753469819999,1962874.03936,1502,383.749,1400933.58497,0
1753469820000,3651.90,3652.67,3648.79,3649.9,1038.842,1753469879999,3793280.19960,2114,395.211,1443040.25051,0
1753469880000,3649.90,3650.44,3648.49,3650.23,1050.923,1753469939999,3835308.63791,1891,493.873,1802375.22238,0
1753469940000,3650.22,3650.23,3648.14,3648.26,532.000,1753469999999,1941403.25471,1051,242.324,884290.64841,0
1753470000000,3648.26,3648.26,3644.00,3647.25,2477.861,1753470059999,9035561.75671,3718,735.267,2681351.37363,0
1753470060000,3647.25,3653.57,3646.84,3652.71,2905.695,1753470119999,10608096.06996,3637,2107.364,7693878.52123,0
1753470120000,3652.71,3652.95,3650.51,3652.87,1456.043,1753470179999,5316755.02618,2022,700.413,2557381.82413,0
1753470180000,3652.86,3653.80,3651.51,3653.8,877.399,1753470239999,3204663.80146,1698,508.952,1859067.26655,0
1753470240000,3653.79,3653.79,3650.15,3652.01,971.616,1753470299999,3548219.04375,1978,460.314,1680793.20287,0
1753470300000,3652.01,3652.02,3650.04,3651.86,1016.612,1753470359999,3712006.94291,1674,400.280,1461452.11580,0
1753470360000,3651.86,3653.25,3650.22,3653.13,730.974,1753470419999,2669405.13290,1856,402.646,1470432.44992,0
1753470420000,3653.13,3655.90,3652.12,3655.9,1710.759,1753470479999,6250670.88239,2362,1250.105,4567761.44406,0
1753470480000,3655.90,3656.53,3653.99,3654.77,2624.123,1753470539999,9592068.48566,2488,1597.891,5841018.38664,0
1753470540000,3654.74,3654.75,3651.52,3651.7,1557.341,1753470599999,5689011.30320,1848,255.595,933834.77205,0
1753470600000,3651.70,3653.87,3651.00,3653.22,883.291,1753470659999,3225758.28448,1819,406.013,1482823.78314,0
1753470660000,3653.22,3653.22,3648.90,3648.98,1357.403,1753470719999,4954919.50308,2068,476.635,1739832.14875,0
1753470720000,3648.99,3653.11,3648.93,3653.11,1499.352,1753470779999,5473025.73592,1996,906.118,3307348.80062,0
1753470780000,3653.10,3653.65,3652.33,3652.87,608.437,1753470839999,2222567.97827,1220,364.966,1333190.05441,0
1753470840000,3652.86,3653.56,3651.58,3653.09,522.640,1753470899999,1908950.19318,1323,323.615,1182021.97499,0
1753470900000,3653.08,3655.73,3652.53,3655.72,1417.356,1753470959999,5179799.33709,2832,1060.290,3874857.44832,0
1753470960000,3655.73,3655.73,3653.79,3654.66,1417.491,1753471019999,5180535.61665,1972,428.226,1564936.33527,0
1753471020000,3654.65,3654.65,3651.49,3652.87,707.642,1753471079999,2584865.00434,1612,281.757,1029099.33745,0
1753471080000,3652.87,3652.87,3650.29,3651.57,654.248,1753471139999,2389031.01850,1555,210.164,767358.59110,0
1753471140000,3651.57,3653.36,3650.87,3651.86,1151.564,1753471199999,4205477.79527,2079,487.444,1780095.71733,0
1753471200000,3651.86,3652.24,3649.71,3652.24,776.074,1753471259999,2833282.99384,1682,289.667,1057480.56628,0
1753471260000,3652.23,3652.23,3649.13,3650.5,662.832,1753471319999,2419300.54033,1625,220.282,803902.24895,0
1753471320000,3650.49,3650.97,3649.00,3649.0,1401.237,1753471379999,5114402.94104,1830,425.960,1554740.34824,0
1753471380000,3649.00,3652.65,3647.16,3652.65,3353.621,1753471439999,12236754.88362,3509,689.799,2517286.53916,0
1753471440000,3652.65,3652.65,3650.39,3651.73,633.620,1753471499999,2313608.95111,1549,199.402,728056.96726,0
1753471500000,3651.73,3652.45,3649.72,3652.45,433.523,1753471559999,1582789.20153,1696,216.801,791509.07741,0
1753471560000,3652.44,3654.50,3650.77,3651.13,2265.521,1753471619999,8275401.04726,3169,1754.852,6410276.59580,0
1753471620000,3651.14,3651.75,3648.11,3648.11,868.947,1753471679999,3171805.80941,2024,434.968,1587638.48055,0
1753471680000,3648.12,3649.27,3645.80,3646.28,943.270,1753471739999,3440645.78444,1803,441.331,1609728.13910,0
1753471740000,3646.28,3646.28,3641.15,3642.53,2172.401,1753471799999,7914802.01423,3352,346.997,1264161.19657,0
1753471800000,3642.54,3648.67,3642.00,3648.04,2100.919,1753471859999,7658544.49820,3443,1368.251,4988163.97265,0
1753471860000,3648.03,3648.03,3642.93,3647.93,1659.003,1753471919999,6047364.40314,3596,575.827,2099064.44892,0
1753471920000,3647.93,3651.65,3647.43,3651.64,822.632,1753471979999,3002212.29965,2201,600.746,2192442.79294,0
1753471980000,3651.64,3653.29,3649.02,3653.29,2067.187,1753472039999,7547913.25381,3009,1297.892,4739443.22622,0
1753472040000,3653.28,3653.52,3651.56,3652.4,544.866,1753472099999,1990357.05526,1459,247.230,903099.73661,0
1753472100000,3652.39,3652.39,3649.31,3651.48,722.825,1753472159999,2638811.89526,1994,324.219,1183567.83612,0
1753472160000,3651.48,3655.60,3651.17,3655.59,1571.568,1753472219999,5742032.70054,2343,1063.552,3885867.57480,0
1753472220000,3655.59,3657.38,3651.41,3651.41,2365.886,1753472279999,8647100.72280,3461,1301.183,4755861.45107,0
1753472280000,3651.41,3653.54,3651.10,3652.99,1040.101,1753472339999,3798979.68798,1901,520.848,1902319.50248,0
1753472340000,3652.99,3653.95,3651.42,3652.19,2046.803,1753472399999,7476605.01114,2577,1363.794,4981628.34805,0
1753472400000,3652.20,3656.45,3651.73,3655.67,1532.130,1753472459999,5599617.54207,2513,919.036,3358989.30827,0
1753472460000,3655.67,3657.33,3654.36,3656.57,1572.614,1753472519999,5749163.41064,2327,1028.549,3760260.54625,0
1753472520000,3656.57,3656.57,3652.56,3653.56,1464.808,1753472579999,5353853.45542,2128,672.223,2457018.04269,0
1753472580000,3653.55,3653.59,3652.51,3652.86,634.909,1753472639999,2319445.69214,1170,360.137,1315605.70884,0
1753472640000,3652.86,3653.51,3651.13,3653.49,1135.273,1753472699999,4146542.09195,1781,477.325,1743321.21992,0
1753472700000,3653.50,3656.89,3653.50,3656.49,1453.151,1753472759999,5312456.81054,2113,977.650,3573986.05877,0
1753472760000,3656.50,3658.50,3655.54,3657.81,1757.859,1753472819999,6428819.55355,2547,1104.757,4040451.64113,0
1753472820000,3657.80,3657.80,3652.60,3652.91,1191.768,1753472879999,4355895.39921,2161,435.964,1593311.52148,0
1753472880000,3652.91,3657.10,3652.37,3656.59,2954.922,1753472939999,10802530.63864,3190,2491.556,9108249.39792,0
1753472940000,3656.59,3658.10,3653.44,3655.25,1204.607,1753472999999,4404123.66519,2449,803.067,2936344.14207,0
1753473000000,3655.25,3655.25,3649.66,3652.45,3498.750,1753473059999,12780018.47324,3608,689.462,2518041.43413,0
1753473060000,3652.46,3654.72,3652.07,3653.3,949.534,1753473119999,3468806.97598,2181,628.047,2294397.59692,0
1753473120000,3653.32,3653.36,3647.45,3647.45,1439.937,1753473179999,5256202.05895,2704,474.137,1730975.87897,0
1753473180000,3647.45,3647.45,3643.29,3645.43,5073.278,1753473239999,18490491.63288,5535,2252.085,8208201.48352,0
1753473240000,3645.44,3646.51,3644.33,3645.09,2791.851,1753473299999,10177309.76072,3573,1767.816,6444170.69380,0
1753473300000,3645.10,3645.76,3640.38,3642.38,5124.938,1753473359999,18667869.84730,4363,1583.313,5766823.92423,0
1753473360000,3642.37,3642.66,3638.75,3640.08,2858.369,1753473419999,10406028.68406,3539,1260.424,4588745.37691,0
1753473420000,3640.07,3644.27,3639.62,3644.19,1766.108,1753473479999,6432992.36118,2797,1371.120,4994361.68574,0
1753473480000,3644.18,3644.18,3641.83,3643.15,1331.353,1753473539999,4849943.61335,2401,781.863,2848123.80700,0
1753473540000,3643.20,3644.64,3639.14,3639.56,3612.816,1753473599999,13155396.61479,4745,1341.154,4883120.69894,0
1753473600000,3639.55,3641.92,3638.64,3640.45,2121.483,1753473659999,7722501.25885,3629,1256.812,4575129.03131,0
1753473660000,3640.45,3643.93,3639.57,3643.92,1592.962,1753473719999,5802047.55862,3162,897.830,3270243.44299,0
1753473720000,3643.92,3646.27,3643.29,3646.27,2201.270,1753473779999,8023382.93501,2343,1784.130,6502976.55028,0
1753473780000,3646.27,3647.25,3644.81,3646.15,1151.106,1753473839999,4196827.91274,2625,675.169,2461574.69518,0
1753473840000,3646.15,3646.16,3642.55,3644.5,648.562,1753473899999,2363443.26626,1973,200.590,730865.52559,0
1753473900000,3644.50,3645.36,3641.30,3642.19,675.675,1753473959999,2462226.91714,2104,274.474,1000188.64248,0
1753473960000,3642.18,3642.68,3637.42,3640.99,3086.063,1753474019999,11230375.74974,3841,812.789,2958014.31882,0
1753474020000,3640.98,3641.54,3639.70,3640.08,1011.582,1753474079999,3682794.02919,1751,418.874,1524908.11320,0
1753474080000,3640.08,3641.48,3639.16,3640.06,1079.856,1753474139999,3931424.36273,1834,277.268,1009344.17837,0
1753474140000,3640.06,3641.61,3639.83,3640.54,2490.546,1753474199999,9066971.10598,1860,1441.098,5246185.39964,0
1753474200000,3640.54,3642.98,3639.74,3642.97,1870.765,1753474259999,6811005.80337,1803,619.147,2254424.65624,0
1753474260000,3642.98,3644.24,3642.37,3642.38,675.473,1753474319999,2460858.98461,1465,236.327,860977.26476,0
1753474320000,3642.37,3644.87,3642.00,3644.87,823.493,1753474379999,3000188.18969,1893,426.242,1553021.48947,0
1753474380000,3644.87,3645.96,3644.02,3645.71,1121.393,1753474439999,4087470.98075,1817,578.530,2108807.40566,0
1753474440000,3645.71,3645.71,3641.23,3642.61,1173.927,1753474499999,4277178.61868,1713,321.809,1172322.36250,0
1753474500000,3642.61,3645.50,3642.60,3645.47,1363.891,1753474559999,4970796.67934,1738,946.949,3451179.12079,0
1753474560000,3645.47,3645.73,3644.63,3644.66,996.395,1753474619999,3632200.92123,1104,209.382,763245.70707,0
1753474620000,3644.67,3645.92,3643.91,3645.89,400.266,1753474679999,1458956.08302,992,263.516,960473.86620,0
1753474680000,3645.90,3649.23,3645.90,3649.22,1107.034,1753474739999,4038457.01488,1997,888.171,3239966.94984,0
1753474740000,3649.22,3653.10,3649.22,3653.1,1601.000,1753474799999,5846176.50229,2898,1166.641,4259886.52311,0
1753474800000,3653.09,3654.39,3651.26,3654.38,1288.393,1753474859999,4706318.42257,2062,751.778,2746437.31448,0
1753474860000,3654.39,3655.00,3651.40,3653.49,1469.615,1753474919999,5369198.16721,2310,877.527,3206308.34342,0
1753474920000,3653.49,3654.26,3651.66,3651.66,993.613,1753474979999,3629951.75346,1834,216.678,791583.58547,0
1753474980000,3651.67,3654.55,3650.45,3654.13,1541.687,1753475039999,5630732.48587,2234,793.750,2899203.71612,0
1753475040000,3654.13,3656.61,3654.13,3656.61,1358.197,1753475099999,4965229.54968,1196,1039.827,3801410.30497,0
1753475100000,3656.61,3661.53,3656.60,3659.58,5665.368,1753475159999,20730857.70036,6714,3740.682,13688165.00408,0
1753475160000,3659.58,3661.26,3658.30,3658.7,1522.634,1753475219999,5572539.41947,2501,774.098,2833201.56935,0
1753475220000,3658.71,3659.82,3656.86,3659.81,3030.165,1753475279999,11084421.68033,2729,1268.777,4641563.86477,0
1753475280000,3659.81,3661.55,3659.81,3661.22,1445.318,1753475339999,5291042.44205,2058,979.319,3585048.78745,0
1753475340000,3661.22,3661.26,3658.68,3661.07,2502.752,1753475399999,9160083.09373,2168,448.008,1639829.39189,0
1753475400000,3661.07,3661.52,3658.77,3659.01,968.853,1753475459999,3545799.86954,1641,559.378,2047190.63961,0
1753475460000,3659.00,3662.97,3657.67,3662.73,4897.215,1753475519999,17927998.33557,4308,3760.263,13766239.78051,0
1753475520000,3662.74,3666.93,3662.73,3666.24,10982.024,1753475579999,40246963.30873,7732,8079.357,29607910.35150,0
1753475580000,3666.24,3678.00,3666.23,3673.46,20180.418,1753475639999,74121072.55269,15733,14208.292,52184066.75754,0
1753475640000,3673.46,3673.46,3669.55,3670.09,5548.010,1753475699999,20367667.00051,6804,2484.005,9117781.77964,0
1753475700000,3670.08,3673.93,3669.03,3673.59,4056.957,1753475759999,14897201.63979,8338,2367.725,8694902.19656,0
1753475760000,3673.58,3673.99,3668.29,3672.74,3050.657,1753475819999,11199111.16371,4909,1410.654,5179072.84313,0
1753475820000,3672.73,3676.90,3670.66,3675.45,4323.849,1753475879999,15886929.68760,5569,3204.135,11772701.99957,0
1753475880000,3675.45,3678.30,3675.29,3675.99,5026.696,1753475939999,18484766.87153,4250,3683.844,13547291.48891,0
1753475940000,3675.99,3680.00,3675.99,3679.14,3390.107,1753475999999,12471037.23495,4739,2363.065,8692987.64514,0
1753476000000,3679.14,3682.18,3678.95,3680.0,4573.246,1753476059999,16831276.22730,5273,2823.065,10390174.82102,0
1753476060000,3680.00,3682.88,3679.99,3682.87,2793.536,1753476119999,10284435.34735,3371,2015.982,7421802.00240,0
1753476120000,3682.88,3686.63,3681.59,3685.77,9924.508,1753476179999,36565786.75797,8854,7246.852,26700635.44754,0
1753476180000,3685.77,3688.24,3684.45,3688.21,5062.422,1753476239999,18663491.65204,5524,3238.912,11941026.48973,0
1753476240000,3688.20,3691.69,3682.55,3690.28,11578.004,1753476299999,42697245.49602,9821,8316.716,30675146.58087,0
1753476300000,3690.28,3695.88,3688.50,3692.96,11954.794,1753476359999,44145933.66191,12489,8361.208,30877375.46168,0
1753476360000,3692.96,3693.22,3688.79,3691.93,4339.052,1753476419999,16018678.79066,7549,1693.124,6250677.25486,0
1753476420000,3691.94,3696.66,3691.51,3694.39,5542.525,1753476479999,20475629.80500,10121,2901.861,10720688.52524,0
1753476480000,3694.39,3695.35,3690.84,3691.2,2692.490,1753476539999,9942144.15372,2878,508.789,1878718.58079,0
1753476540000,3691.19,3693.87,3690.59,3692.68,2755.032,1753476599999,10172733.50250,2660,1040.793,3843071.21806,0
1753476600000,3692.67,3693.27,3683.08,3685.39,8499.410,1753476659999,31345567.14371,7460,1651.469,6090535.66270,0
1753476660000,3685.39,3691.49,3685.39,3691.48,4314.344,1753476719999,15915930.30304,5181,2052.664,7572117.46503,0
1753476720000,3691.48,3692.83,3687.85,3688.31,2720.781,1753476779999,10040689.55679,3914,927.609,3423375.27551,0
1753476780000,3688.31,3691.61,3688.08,3689.38,2190.118,1753476839999,8081824.06157,3386,1071.249,3952951.53014,0
1753476840000,3689.37,3690.97,3684.04,3685.86,4414.051,1753476899999,16272060.45897,5555,999.822,3686418.51739,0
1753476900000,3685.85,3687.22,3682.59,3683.15,2880.394,1753476959999,10613085.55841,4414,1593.914,5873066.68885,0
1753476960000,3683.15,3685.21,3682.98,3684.63,1380.063,1753477019999,5084476.82855,2531,547.385,2016693.67002,0
1753477020000,3684.63,3685.82,3682.57,3682.57,1860.295,1753477079999,6853984.92271,2941,670.289,2469789.08179,0
1753477080000,3682.57,3684.00,3682.00,3683.83,2942.078,1753477139999,10836178.46000,3157,1187.086,4372091.95870,0
1753477140000,3683.82,3683.99,3682.42,3683.58,1513.139,1753477199999,5573320.56848,2563,633.347,2332833.78564,0
1753477200000,3683.58,3693.82,3683.58,3690.0,8098.191,1753477259999,29883692.83551,9631,5351.817,19747578.63137,0
1753477260000,3689.99,3690.38,3686.66,3688.37,2475.812,1753477319999,9131578.17663,3191,1791.217,6606398.98576,0
1753477320000,3688.38,3695.81,3688.38,3694.72,5233.827,1753477379999,19325501.76451,4839,3467.023,12803167.17789,0
1753477380000,3694.73,3694.73,3691.45,3691.45,1739.839,1753477439999,6425305.68050,3043,853.504,3151947.93367,0
1753477440000,3691.46,3693.18,3691.45,3693.18,725.459,1753477499999,2678451.56794,1265,463.340,1710700.50434,0
1753477500000,3693.18,3694.00,3690.73,3690.9,2523.892,1753477559999,9320070.04501,2866,636.844,2351842.72655,0
1753477560000,3690.90,3692.79,3690.00,3691.17,1204.340,1753477619999,4445449.85969,1549,664.156,2451554.49593,0
1753477620000,3691.17,3691.17,3688.82,3689.31,1000.765,1753477679999,3692841.76165,2017,550.005,2029473.31604,0
1753477680000,3689.31,3692.74,3689.24,3692.73,1204.933,1753477739999,4446885.72768,1975,418.556,1544852.86922,0
1753477740000,3692.74,3696.00,3692.28,3696.0,2522.485,1753477799999,9319343.86134,3325,1954.738,7221746.14645,0
1753477800000,3695.99,3698.54,3695.99,3696.29,4096.267,1753477859999,15146078.50706,4722,1961.316,7252163.02664,0
1753477860000,3696.29,3715.36,3696.29,3713.25,19811.602,1753477919999,73393060.30455,20944,14019.673,51942153.60320,0
1753477920000,3713.21,3716.31,3707.85,3711.96,16282.743,1753477979999,60443554.45906,13479,8095.162,30049908.28812,0
1753477980000,3711.96,3714.82,3711.11,3713.53,6034.502,1753478039999,22410606.80589,6580,3101.347,11517669.52088,0
1753478040000,3713.52,3715.74,3712.59,3713.99,4384.626,1753478099999,16284504.41526,4481,2155.374,8005250.87220,0
1753478100000,3714.00,3714.83,3708.39,3711.84,3675.501,1753478159999,13640327.75018,5553,1086.125,4031065.66976,0
1753478160000,3711.84,3717.24,3710.88,3716.88,3405.794,1753478219999,12651522.97147,4663,2028.836,7536426.78003,0
1753478220000,3716.87,3720.00,3715.66,3718.13,9881.928,1753478279999,36744364.60602,7347,5707.181,21223874.34853,0
1753478280000,3718.13,3719.31,3710.79,3716.41,3973.177,1753478339999,14757749.21614,6029,1562.467,5804120.76148,0
1753478340000,3716.40,3719.04,3714.41,3716.95,4342.247,1753478399999,16137306.17152,5914,2104.781,7822205.45730,0
1753478400000,3716.94,3723.68,3716.59,3721.61,8374.105,1753478459999,31161464.44658,9502,4826.960,17962143.49798,0
1753478460000,3721.60,3724.00,3717.10,3723.58,4437.128,1753478519999,16510419.54670,9176,2312.423,8605073.25774,0
1753478520000,3723.58,3725.55,3718.26,3722.66,10113.921,1753478579999,37651485.65723,11781,3306.836,12313572.01493,0
1753478580000,3722.66,3723.90,3719.85,3722.65,4507.909,1753478639999,16778935.60915,4860,1790.937,6666379.69092,0
1753478640000,3722.65,3723.85,3720.95,3723.84,5194.591,1753478699999,19337830.90691,3579,2407.207,8960635.64658,0
1753478700000,3723.84,3724.68,3722.12,3723.47,2432.392,1753478759999,9057180.95475,2797,1260.364,4693147.52019,0
1753478760000,3723.47,3723.47,3713.92,3714.42,8397.361,1753478819999,31216456.52182,8708,2630.077,9776131.69941,0
1753478820000,3714.41,3719.00,3713.13,3718.32,2688.281,1753478879999,9991273.95898,4391,916.002,3404704.69907,0
1753478880000,3718.33,3719.94,3716.01,3719.43,3332.310,1753478939999,12390264.89502,4145,1641.381,6102941.39823,0
1753478940000,3719.43,3721.41,3717.58,3719.27,4331.268,1753478999999,16109804.12676,4065,3193.430,11877663.41486,0
1753479000000,3719.27,3721.00,3719.26,3719.48,3318.268,1753479059999,12344662.42036,3990,2271.790,8451330.93394,0
1753479060000,3719.48,3719.48,3713.49,3718.2,5499.164,1753479119999,20437041.67784,6355,2294.929,8529337.65766,0
1753479120000,3718.20,3718.21,3714.46,3716.4,1302.050,1753479179999,4838897.75909,2163,251.761,935471.11483,0
1753479180000,3716.41,3716.55,3714.17,3716.16,1769.216,1753479239999,6573444.53042,2387,609.448,2264232.07729,0
1753479240000,3716.17,3718.41,3715.08,3717.45,3041.362,1753479299999,11305058.76044,3165,1413.506,5254056.16841,0
1753479300000,3717.46,3718.23,3716.40,3716.78,1623.391,1753479359999,6034635.57258,2153,645.035,2397713.59175,0
1753479360000,3716.78,3717.15,3710.63,3710.63,4186.546,1753479419999,15546173.24930,4071,905.559,3362460.14311,0
1753479420000,3710.63,3712.36,3706.87,3712.36,7582.810,1753479479999,28125338.05556,5832,3034.631,11257311.95811,0
1753479480000,3712.36,3717.70,3711.64,3716.82,5235.758,1753479539999,19452428.59816,4034,3225.072,11980873.69398,0
1753479540000,3716.82,3717.27,3713.61,3713.7,2266.676,1753479599999,8422521.41150,3285,1019.424,3788507.56587,0
1753479600000,3713.70,3713.74,3710.02,3711.51,3009.912,1753479659999,11171948.19252,2770,1254.702,4657384.07547,0
1753479660000,3711.50,3713.02,3711.50,3711.76,753.704,1753479719999,2798020.58389,1357,231.210,858258.75318,0
1753479720000,3711.76,3711.77,3709.06,3710.29,1664.570,1753479779999,6176727.04304,2192,330.412,1226042.48981,0
1753479780000,3710.28,3710.29,3706.00,3709.98,1708.391,1753479839999,6334756.30780,2751,690.366,2559688.78083,0
1753479840000,3709.99,3709.99,3706.71,3708.58,1655.178,1753479899999,6138512.93370,1998,374.546,1388922.92976,0
1753479900000,3708.57,3716.47,3707.32,3716.0,9870.847,1753479959999,36642812.43297,7610,5729.562,21271817.06569,0
1753479960000,3716.00,3724.52,3716.00,3724.28,10146.791,1753480019999,37757611.45099,7243,6753.521,25126783.27132,0
1753480020000,3724.29,3726.08,3717.01,3717.15,4184.662,1753480079999,15580915.36859,5307,2795.349,10407970.08909,0
1753480080000,3717.14,3719.09,3715.75,3715.76,1876.154,1753480139999,6974323.44077,2602,656.033,2438755.31187,0
1753480140000,3715.75,3719.79,3715.47,3719.78,1120.583,1753480199999,4166395.35358,1607,833.034,3097312.17894,0
1753480200000,3719.78,3719.79,3718.06,3718.63,1339.430,1753480259999,4981428.69324,1806,406.171,1510524.80795,0
1753480260000,3718.62,3718.63,3715.00,3715.99,688.920,1753480319999,2560742.56983,1800,305.753,1136268.37672,0
1753480320000,3715.98,3715.99,3713.28,3715.79,1215.726,1753480379999,4516111.99054,2141,540.770,2008728.37102,0
1753480380000,3715.78,3719.39,3715.78,3718.03,747.755,1753480439999,2780113.15056,1849,485.119,1803648.52033,0
1753480440000,3718.04,3719.09,3714.88,3716.58,1863.081,1753480499999,6926015.48791,2678,648.134,2409369.62939,0
1753480500000,3716.59,3718.89,3716.49,3716.87,813.418,1753480559999,3023917.33217,1586,253.747,943362.43760,0
1753480560000,3716.86,3716.87,3716.49,3716.84,525.988,1753480619999,1954861.80639,638,297.613,1106082.42893,0
1753480620000,3716.85,3716.85,3715.03,3715.26,631.751,1753480679999,2347616.21080,1117,188.587,700699.33409,0
1753480680000,3715.26,3717.21,3714.38,3716.47,803.396,1753480739999,2985269.29653,1942,389.103,1445862.08472,0
1753480740000,3716.47,3718.85,3716.47,3718.85,583.892,1753480799999,2170674.79080,1271,372.331,1384122.76670,0
1753480800000,3718.85,3720.68,3717.06,3717.12,1813.425,1753480859999,6744249.02281,3542,919.093,3418446.54294,0
1753480860000,3717.11,3719.00,3717.06,3719.0,749.873,1753480919999,2788170.56377,1265,411.117,1528678.99728,0
1753480920000,3719.00,3722.69,3718.41,3721.98,3264.971,1753480979999,12147080.59500,4193,2376.703,8842188.42916,0
1753480980000,3721.97,3724.76,3721.44,3724.69,3957.640,1753481039999,14734394.55430,4233,2338.090,8704497.10232,0
1753481040000,3724.69,3724.69,3719.38,3720.61,2357.595,1753481099999,8773878.43584,3480,1017.297,3786018.19838,0
1753481100000,3720.60,3720.61,3718.80,3719.03,932.983,1753481159999,3470215.75122,1758,391.400,1455772.76108,0
1753481160000,3719.02,3719.30,3717.21,3717.38,919.975,1753481219999,3420810.07857,1506,313.515,1165701.82920,0
1753481220000,3717.38,3719.39,3716.00,3716.35,1554.476,1753481279999,5778632.19282,3633,630.796,2345186.14450,0
1753481280000,3716.35,3716.36,3714.00,3715.36,1471.849,1753481339999,5467609.76946,2705,736.332,2735245.15113,0
1753481340000,3715.37,3723.24,3714.99,3721.34,1624.053,1753481399999,6039490.04593,4130,966.544,3594861.03921,0
1753481400000,3721.34,3721.89,3718.70,3721.89,2177.230,1753481459999,8100273.34212,3405,1194.625,4444415.54252,0
1753481460000,3721.88,3721.99,3720.53,3721.18,957.481,1753481519999,3562929.36132,1746,423.519,1575924.77011,0
1753481520000,3721.18,3721.51,3718.37,3718.37,1013.805,1753481579999,3772097.97869,2043,395.277,1470733.36484,0
1753481580000,3718.37,3722.84,3718.37,3721.52,1170.802,1753481639999,4356799.23765,2294,819.991,3051414.23889,0
1753481640000,3721.52,3725.53,3720.41,3722.62,5139.970,1753481699999,19137446.32921,5728,3569.126,13289424.47363,0
1753481700000,3722.61,3725.75,3722.07,3724.73,1733.443,1753481759999,6454899.76737,2797,1259.893,4691559.99531,0
1753481760000,3724.74,3725.00,3718.53,3719.3,2056.176,1753481819999,7651795.95424,3283,811.952,3021736.82535,0
1753481820000,3719.28,3719.28,3714.33,3715.65,2958.198,1753481879999,10994219.47315,4073,528.272,1963227.66532,0
1753481880000,3715.66,3717.61,3715.30,3717.16,945.225,1753481939999,3512574.91741,2110,612.945,2277678.40221,0
1753481940000,3717.16,3719.43,3716.61,3718.07,1223.072,1753481999999,4547481.46325,2017,333.050,1238224.28891,0
1753482000000,3718.06,3722.53,3717.75,3721.98,3712.306,1753482059999,13810281.80941,4859,2981.761,11092537.69101,0
1753482060000,3721.98,3724.11,3720.33,3720.95,1749.365,1753482119999,6511266.16267,2991,1144.058,4258450.43135,0
1753482120000,3720.95,3720.95,3719.00,3719.01,840.672,1753482179999,3127123.86437,1460,353.663,1315380.71930,0
1753482180000,3719.00,3720.78,3719.00,3719.17,590.309,1753482239999,2196033.42508,1639,336.086,1250244.82541,0
1753482240000,3719.17,3719.17,3714.51,3715.32,4063.140,1753482299999,15099347.65030,3887,1203.293,4470918.90935,0
1753482300000,3715.33,3718.49,3715.14,3718.49,1552.943,1753482359999,5771652.10086,1913,855.232,3178656.41220,0
1753482360000,3718.48,3719.09,3718.48,3719.03,848.444,1753482419999,3155187.03240,1253,271.297,1008884.51121,0
1753482420000,3719.03,3720.60,3719.03,3720.54,2254.940,1753482479999,8387968.01659,2071,1722.675,6407755.21584,0
1753482480000,3720.54,3720.54,3720.00,3720.39,392.539,1753482539999,1460361.54514,788,117.733,437983.30642,0
1753482540000,3720.38,3720.39,3718.30,3718.3,577.594,1753482599999,2148474.72470,1370,162.881,605846.65196,0
1753482600000,3718.30,3719.88,3718.30,3719.87,254.790,1753482659999,947648.91879,765,122.630,456086.21963,0
1753482660000,3719.87,3721.84,3718.00,3721.84,2409.083,1753482719999,8960518.29881,2503,1291.014,4801935.60874,0
1753482720000,3721.86,3723.78,3719.76,3722.38,5734.119,1753482779999,21341698.07613,5068,3148.848,11720274.08903,0
1753482780000,3722.38,3722.39,3719.56,3720.27,1676.314,1753482839999,6236973.40785,2143,270.928,1007941.62256,0
1753482840000,3720.28,3720.95,3719.70,3720.95,500.552,1753482899999,1862123.57384,691,239.114,889528.85597,0
1753482900000,3720.94,3721.72,3719.89,3721.71,782.136,1753482959999,2910306.56409,1322,226.816,843924.10197,0
1753482960000,3721.71,3723.47,3721.62,3723.46,945.428,1753483019999,3519382.15848,1023,684.118,2546679.34077,0
1753483020000,3723.47,3723.47,3722.00,3723.25,1410.254,1753483079999,5250239.51108,1667,318.808,1186880.02724,0
1753483080000,3723.25,3723.40,3720.74,3722.99,1851.792,1753483139999,6892667.67292,2052,583.334,2171152.04506,0
1753483140000,3723.00,3725.00,3722.99,3725.0,1244.009,1753483199999,4632521.69168,1151,836.069,3113509.70832,0
1753483200000,3724.99,3727.64,3724.20,3726.01,3779.723,1753483259999,14083457.24967,3991,2539.171,9461159.66692,0
1753483260000,3726.01,3727.00,3725.20,3725.22,1855.813,1753483319999,6915099.43774,2284,881.114,3283299.05111,0
1753483320000,3725.21,3729.24,3725.21,3728.77,2584.762,1753483379999,9635394.74932,3441,1846.127,6881914.79478,0
1753483380000,3728.78,3729.53,3725.56,3725.56,2451.879,1753483439999,9140720.32763,2975,1276.204,4757904.58924,0
1753483440000,3725.57,3725.57,3723.21,3723.53,1234.689,1753483499999,4598480.94628,1956,578.666,2155169.68522,0
1753483500000,3723.53,3723.54,3719.61,3720.51,6474.704,1753483559999,24093313.65787,5620,2424.503,9021064.81470,0
1753483560000,3720.54,3720.71,3718.40,3720.53,3019.288,1753483619999,11229935.99442,2826,1195.508,4446574.94335,0
1753483620000,3720.54,3721.38,3719.56,3721.36,3306.606,1753483679999,12302772.39671,2099,2372.257,8826215.79456,0
1753483680000,3721.35,3722.15,3720.35,3721.64,1623.101,1753483739999,6039973.86078,2029,560.183,2084614.11651,0
1753483740000,3721.64,3723.00,3721.63,3722.14,686.221,1753483799999,2554596.34641,961,370.308,1378513.52528,0
1753483800000,3722.14,3723.22,3721.83,3722.76,566.513,1753483859999,2108883.85959,1047,348.879,1298648.20721,0
1753483860000,3722.75,3722.76,3720.87,3720.88,1094.061,1753483919999,4071711.69776,1601,292.559,1088793.23256,0
1753483920000,3720.88,3720.89,3716.43,3717.31,3147.377,1753483979999,11702428.69943,2670,306.856,1140697.57245,0
1753483980000,3717.31,3719.49,3717.31,3719.48,885.133,1753484039999,3291029.82553,1157,621.838,2312032.93330,0
1753484040000,3719.48,3722.10,3719.21,3721.73,1828.021,1753484099999,6801134.29819,1872,1406.585,5233198.99106,0
1753484100000,3721.73,3722.52,3719.54,3719.55,2609.102,1753484159999,9708853.71336,2385,1614.331,6007315.80397,0
1753484160000,3719.54,3719.55,3717.54,3718.94,2218.958,1753484219999,8250989.71301,2026,648.720,2412169.08502,0
1753484220000,3718.94,3721.31,3718.94,3720.3,1093.772,1753484279999,4069496.43308,1396,517.247,1924286.63430,0
1753484280000,3720.30,3721.20,3720.30,3721.2,1074.124,1753484339999,3996697.64183,765,815.246,3033462.11254,0
1753484340000,3721.19,3721.20,3718.89,3719.65,1248.466,1753484399999,4644297.34379,1436,266.546,991517.41192,0
1753484400000,3719.65,3720.00,3717.70,3717.7,1341.995,1753484459999,4991116.85583,1644,408.341,1518659.81397,0
1753484460000,3717.70,3718.67,3717.68,3718.66,914.032,1753484519999,3398547.58249,988,416.458,1548422.79158,0
1753484520000,3718.66,3719.10,3718.66,3719.1,483.524,1753484579999,1798116.23184,825,229.119,852049.42753,0
1753484580000,3719.09,3719.10,3716.20,3716.94,2513.978,1753484639999,9345073.75829,2891,975.183,3624723.22771,0
1753484640000,3716.94,3716.94,3714.04,3714.16,3007.848,1753484699999,11175740.87760,2590,411.032,1527056.65268,0
1753484700000,3714.16,3716.65,3713.18,3715.85,3537.489,1753484759999,13141637.31410,2815,1828.252,6790967.00413,0
1753484760000,3715.85,3715.86,3714.57,3715.27,975.390,1753484819999,3624041.75440,1560,252.133,936747.99397,0
1753484820000,3715.27,3715.27,3708.50,3708.5,6455.830,1753484879999,23958403.70411,6588,1362.087,5054998.22967,0
1753484880000,3708.50,3712.00,3708.50,3712.0,3326.751,1753484939999,12341233.57321,2849,2493.163,9249283.91078,0
1753484940000,3711.99,3712.43,3708.98,3709.23,4802.348,1753484999999,17820917.17807,3610,572.076,2122672.07578,0
1753485000000,3709.23,3711.30,3709.23,3711.29,951.473,1753485059999,3530584.08054,1198,503.336,1867662.49611,0
1753485060000,3711.30,3712.82,3710.82,3712.82,2269.307,1753485119999,8422713.21485,1675,604.846,2244964.47226,0
1753485120000,3712.78,3713.34,3711.25,3712.0,3692.319,1753485179999,13706292.16484,2425,1359.525,5046343.15877,0
1753485180000,3712.00,3712.74,3711.37,3711.49,1475.698,1753485239999,5477984.04530,1083,662.324,2458575.23519,0
1753485240000,3711.49,3711.50,3708.24,3708.74,2708.616,1753485299999,10048427.71769,2123,603.325,2238264.62440,0
1753485300000,3708.73,3711.96,3708.73,3711.96,2100.917,1753485359999,7796529.92159,2623,850.163,3154500.20581,0
1753485360000,3711.96,3715.90,3711.96,3715.9,2919.666,1753485419999,10843524.89228,2526,2310.020,8579338.16955,0
1753485420000,3715.89,3716.80,3715.81,3716.8,776.404,1753485479999,2885223.32825,1476,520.691,1934936.09875,0
1753485480000,3716.80,3717.00,3715.42,3715.94,1881.570,1753485539999,6992470.78765,1970,1233.146,4582494.01465,0
1753485540000,3715.95,3718.00,3715.94,3717.13,1260.974,1753485599999,4687334.62661,1383,1037.699,3857407.92634,0
1753485600000,3717.13,3718.48,3715.92,3718.48,904.072,1753485659999,3360393.91401,1781,561.032,2085444.13948,0
1753485660000,3718.48,3718.80,3717.14,3717.59,1187.696,1753485719999,4415951.39185,1447,375.203,1394950.28510,0
1753485720000,3717.60,3721.76,3717.59,3721.52,1504.809,1753485779999,5597957.55649,2396,1259.540,4685489.80035,0
1753485780000,3721.53,3723.42,3721.52,3722.9,1914.544,1753485839999,7126773.19347,2253,1430.601,5325282.61156,0
1753485840000,3722.90,3723.72,3722.30,3723.09,1891.551,1753485899999,7042392.71691,1917,700.091,2606460.85723,0
1753485900000,3723.09,3723.10,3720.51,3720.96,1073.050,1753485959999,3993321.55452,1728,181.462,675320.34653,0
1753485960000,3720.97,3720.97,3718.72,3718.72,888.578,1753486019999,3305009.21889,1560,186.788,694773.90813,0
1753486020000,3718.72,3719.79,3716.35,3716.49,3096.687,1753486079999,11513479.67333,2516,650.771,2419283.34004,0
1753486080000,3716.48,3716.49,3714.57,3715.31,1295.089,1753486139999,4811638.73287,1583,615.908,2288069.54684,0
1753486140000,3715.32,3715.32,3714.61,3714.84,775.136,1753486199999,2879715.24794,1160,313.703,1165409.40921,0
1753486200000,3714.85,3716.77,3714.84,3715.26,1906.555,1753486259999,7084130.53042,1646,1217.086,4521843.42132,0
1753486260000,3715.26,3717.38,3714.87,3714.88,1162.721,1753486319999,4321210.15113,1828,699.886,2601335.64075,0
1753486320000,3714.87,3715.05,3714.50,3714.61,640.215,1753486379999,2378218.45654,906,112.315,417223.19718,0
1753486380000,3714.61,3714.62,3713.40,3713.77,1041.139,1753486439999,3866616.60636,1559,406.927,1511217.31386,0
1753486440000,3713.77,3714.32,3712.67,3712.88,790.895,1753486499999,2937022.49608,1326,286.348,1063350.89379,0
1753486500000,3712.89,3715.33,3712.89,3715.28,720.592,1753486559999,2676724.80038,1266,601.091,2232857.59139,0
1753486560000,3715.29,3715.29,3713.73,3714.8,1322.740,1753486619999,4913736.40435,1570,417.529,1550886.81588,0
1753486620000,3714.81,3717.64,3714.81,3717.64,1001.097,1753486679999,3720162.06616,1824,832.360,3093131.39622,0
1753486680000,3717.63,3721.95,3717.63,3721.94,2309.049,1753486739999,8590455.80595,3630,1787.395,6649812.23525,0
1753486740000,3721.94,3726.21,3721.94,3723.63,3220.985,1753486799999,11996191.77852,3445,1538.834,5730607.98793,0
1753486800000,3723.63,3723.90,3722.09,3722.44,1316.166,1753486859999,4900297.54700,1999,491.738,1830890.36651,0
1753486860000,3722.44,3723.25,3721.79,3722.98,1349.557,1753486919999,5023955.93877,1605,533.324,1985384.07413,0
1753486920000,3722.98,3723.70,3721.29,3721.88,516.202,1753486979999,1921559.09876,1396,323.093,1202722.77118,0
1753486980000,3721.89,3721.89,3721.29,3721.67,593.635,1753487039999,2209237.51993,772,223.135,830366.24392,0
1753487040000,3721.66,3722.00,3720.16,3720.17,727.138,1753487099999,2705702.34642,1228,136.931,509586.05049,0
1753487100000,3720.16,3721.96,3719.99,3721.52,1280.273,1753487159999,4763724.31366,1394,700.730,2607181.05608,0
1753487160000,3721.52,3721.53,3720.42,3720.42,378.344,1753487219999,1407703.53668,828,140.870,524117.29133,0
1753487220000,3720.42,3722.09,3719.64,3722.08,632.038,1753487279999,2351416.94975,1305,336.104,1250449.37683,0
1753487280000,3722.09,3724.25,3722.08,3724.06,1423.691,1753487339999,5301083.12190,1758,716.453,2667420.08844,0
1753487340000,3724.05,3729.00,3724.05,3728.99,4636.285,1753487399999,17279117.00998,3825,3654.600,13620419.66042,0
1753487400000,3729.00,3729.00,3726.33,3726.34,2655.763,1753487459999,9900077.78748,2643,682.853,2545174.93617,0
1753487460000,3726.33,3726.34,3723.65,3724.44,3780.524,1753487519999,14081992.80576,4245,666.776,2483675.66007,0
1753487520000,3724.45,3724.73,3723.62,3723.75,1139.185,1753487579999,4242623.39274,1437,456.547,1700306.96715,0
1753487580000,3723.76,3723.76,3721.35,3721.42,1132.492,1753487639999,4215276.39255,1539,386.044,1436907.85274,0
1753487640000,3721.42,3723.00,3721.42,3722.99,741.908,1753487699999,2761537.80370,1322,478.940,1782750.45334,0
1753487700000,3723.00,3727.46,3722.99,3726.01,3679.436,1753487759999,13709931.43633,2547,1607.466,5987518.08687,0
1753487760000,3726.00,3726.01,3725.36,3725.37,701.370,1753487819999,2613087.55329,833,226.664,844440.47576,0
1753487820000,3725.36,3725.88,3724.71,3725.44,1124.096,1753487879999,4187603.96676,1281,446.563,1663533.35707,0
1753487880000,3725.44,3726.50,3725.00,3725.01,988.892,1753487939999,3684429.67794,1491,686.082,2556235.61202,0
1753487940000,3725.00,3725.01,3723.62,3724.17,1249.668,1753487999999,4654272.44610,1771,343.066,1277569.55784,0
1753488000000,3724.18,3725.69,3722.00,3722.01,2231.982,1753488059999,8312012.05557,2731,807.943,3009189.37356,0
1753488060000,3722.01,3722.10,3719.55,3719.55,1787.954,1753488119999,6653148.62631,2410,627.857,2336352.15338,0
1753488120000,3719.55,3720.43,3717.47,3717.99,3873.630,1753488179999,14405316.08006,3198,823.678,3063248.61610,0
1753488180000,3717.98,3718.41,3717.30,3717.6,1382.267,1753488239999,5138718.16908,1647,509.568,1894328.99368,0
1753488240000,3717.60,3720.61,3717.59,3719.16,1573.446,1753488299999,5852035.88773,2414,1119.040,4161802.97353,0
1753488300000,3719.15,3722.74,3718.15,3721.08,1891.782,1753488359999,7040465.89096,2694,812.376,3023254.62126,0
1753488360000,3721.08,3722.38,3720.12,3720.12,694.520,1753488419999,2584421.09296,1453,299.379,1114096.24209,0
1753488420000,3720.12,3720.13,3717.66,3717.9,1535.428,1753488479999,5709879.14013,1810,207.725,772426.36997,0
1753488480000,3717.91,3718.42,3717.12,3717.12,1747.694,1753488539999,6497504.67564,1687,450.504,1674856.30065,0
1753488540000,3717.12,3717.12,3714.00,3714.0,2756.008,1753488599999,10240264.99596,3262,925.014,3436882.58840,0
1753488600000,3714.01,3714.75,3711.32,3711.37,2789.455,1753488659999,10357455.52535,2959,670.251,2488745.93328,0
1753488660000,3711.37,3714.37,3710.21,3714.26,2898.385,1753488719999,10758432.11838,3136,1415.784,5255397.64499,0
1753488720000,3714.27,3714.27,3712.21,3712.97,799.778,1753488779999,2969732.29053,1344,343.570,1275646.92674,0
1753488780000,3712.97,3713.89,3712.26,3713.17,1117.362,1753488839999,4149055.70975,1575,436.334,1620145.48952,0
1753488840000,3713.18,3714.27,3712.15,3713.05,1274.206,1753488899999,4731204.26072,1701,770.389,2860514.68945,0
1753488900000,3713.05,3716.00,3713.05,3715.43,1309.528,1753488959999,4865159.53299,2138,759.971,2823242.80562,0
1753488960000,3715.43,3716.86,3714.29,3716.86,837.003,1753489019999,3109729.25965,1486,452.271,1680350.95232,0
1753489020000,3716.86,3717.66,3714.40,3714.4,533.538,1753489079999,1982700.99513,1880,192.539,715527.52431,0
1753489080000,3714.40,3714.60,3712.00,3713.55,999.015,1753489139999,3709546.24834,2038,390.238,1449050.27628,0
1753489140000,3713.55,3717.70,3713.55,3717.7,915.120,1753489199999,3399980.64273,1908,602.111,2237250.52483,0
1753489200000,3717.69,3719.61,3717.69,3719.6,1162.294,1753489259999,4321990.11354,2025,778.680,2895488.92102,0
1753489260000,3719.61,3721.00,3719.24,3720.29,794.165,1753489319999,2954497.00497,1853,509.831,1896677.16287,0
1753489320000,3720.29,3720.29,3717.01,3717.52,661.756,1753489379999,2460688.42631,1802,220.668,820513.44229,0
1753489380000,3717.52,3719.64,3717.02,3719.59,497.597,1753489439999,1850287.56774,1329,323.215,1201918.43739,0
1753489440000,3719.60,3721.84,3719.05,3721.83,1338.695,1753489499999,4980051.15514,2158,888.879,3306746.14861,0
1753489500000,3721.83,3722.90,3720.79,3722.9,1239.413,1753489559999,4613136.76306,1978,574.768,2139295.37014,0
1753489560000,3722.89,3727.64,3722.89,3726.14,2745.912,1753489619999,10230301.41695,4376,1790.945,6672275.73280,0
1753489620000,3726.14,3726.15,3722.59,3723.88,1922.100,1753489679999,7157880.23704,2713,556.590,2072695.92542,0
1753489680000,3723.89,3725.57,3723.89,3724.01,1021.083,1753489739999,3803308.60701,2086,506.668,1887209.26552,0
1753489740000,3724.01,3726.67,3724.00,3726.67,1562.639,1753489799999,5821318.83454,1863,1089.507,4058711.21018,0
1753489800000,3726.68,3726.68,3723.76,3725.81,1566.645,1753489859999,5835916.89782,2805,929.266,3461511.72334,0
1753489860000,3725.82,3725.82,3722.74,3723.76,2579.727,1753489919999,9607246.35746,3119,607.608,2262712.45813,0
1753489920000,3723.76,3724.50,3722.67,3723.04,845.459,1753489979999,3147945.82642,1498,375.382,1397679.48561,0
1753489980000,3723.04,3723.83,3721.33,3723.83,761.336,1753490039999,2834032.25340,1568,297.757,1108428.20083,0
1753490040000,3723.83,3725.82,3723.79,3725.82,789.894,1753490099999,2942381.87433,1691,396.773,1478017.88350,0
1753490100000,3725.82,3727.00,3724.40,3726.99,1440.629,1753490159999,5367731.00577,2005,1071.234,3991392.05493,0
1753490160000,3726.99,3727.12,3726.11,3726.4,1237.787,1753490219999,4613038.95219,1852,632.447,2357029.63331,0
1753490220000,3726.39,3726.39,3723.24,3724.26,1152.627,1753490279999,4292999.60546,2258,337.356,1256496.46888,0
1753490280000,3724.25,3724.26,3721.51,3721.51,625.214,1753490339999,2327332.47263,1497,138.593,515947.87988,0
1753490340000,3721.51,3723.30,3720.98,3721.68,758.844,1753490399999,2824579.12292,1853,222.241,827236.22115,0
1753490400000,3721.69,3724.64,3721.68,3722.99,1836.559,1753490459999,6837555.62004,2631,499.708,1860487.91568,0
1753490460000,3722.99,3722.99,3720.00,3720.01,1053.896,1753490519999,3921760.52982,1739,232.064,863578.78969,0
1753490520000,3720.00,3721.00,3719.29,3721.0,717.957,1753490579999,2670812.14024,1589,234.411,872024.89386,0
1753490580000,3721.00,3723.12,3720.99,3721.67,756.831,1753490639999,2817078.48743,1688,376.392,1400933.89139,0
1753490640000,3721.67,3721.67,3719.55,3719.55,568.020,1753490699999,2113433.90941,1709,233.026,866947.23633,0
1753490700000,3719.56,3720.97,3718.67,3719.19,1469.034,1753490759999,5464754.60711,1814,451.951,1681173.94333,0
1753490760000,3719.19,3719.20,3715.16,3715.35,2092.571,1753490819999,7778825.28457,2959,510.956,1899275.15156,0
1753490820000,3715.34,3715.35,3713.45,3713.91,2431.532,1753490879999,9030974.91447,2283,946.406,3514911.65986,0
1753490880000,3713.90,3715.00,3713.66,3713.84,1164.935,1753490939999,4326757.87875,1403,649.836,2413589.25257,0
1753490940000,3713.85,3714.64,3712.82,3713.33,1473.823,1753490999999,5473338.77240,1878,741.872,2755189.59025,0
1753491000000,3713.33,3716.16,3713.32,3715.53,962.999,1753491059999,3577760.25311,1466,588.956,2187988.43961,0
1753491060000,3715.52,3716.91,3715.45,3716.44,979.665,1753491119999,3640575.18417,1535,680.371,2528330.39162,0
1753491120000,3716.45,3720.19,3716.00,3719.16,1023.719,1753491179999,3805739.00824,1887,762.195,2833489.56026,0
1753491180000,3719.15,3719.79,3717.15,3717.47,633.704,1753491239999,2356550.89570,1183,210.842,783998.65381,0
1753491240000,3717.47,3718.45,3717.10,3718.38,508.860,1753491299999,1891740.15865,983,311.510,1158060.16845,0
1753491300000,3718.37,3720.25,3718.37,3719.51,2085.645,1753491359999,7758395.41325,1649,1542.453,5737765.98593,0
1753491360000,3719.51,3721.45,3718.93,3721.45,731.902,1753491419999,2722804.02294,1486,386.883,1439176.08211,0
1753491420000,3721.44,3725.00,3720.69,3725.0,1730.625,1753491479999,6442684.67773,2602,1449.888,5397733.61862,0
1753491480000,3724.99,3725.00,3723.08,3724.13,1441.980,1753491539999,5370602.68160,1589,550.153,2049027.70315,0
1753491540000,3724.13,3724.79,3724.13,3724.75,820.916,1753491599999,3057544.55972,965,382.727,1425457.78634,0
1753491600000,3724.76,3725.28,3722.37,3723.22,1417.420,1753491659999,5278214.31760,1993,376.945,1403605.81501,0
1753491660000,3723.22,3723.26,3717.18,3717.72,1678.531,1753491719999,6245070.72559,3061,267.792,996260.99634,0
1753491720000,3717.72,3718.49,3717.20,3718.45,491.622,1753491779999,1827798.55852,1265,233.384,867672.01744,0
1753491780000,3718.45,3721.00,3718.09,3718.82,959.058,1753491839999,3566940.75207,1861,579.868,2156477.55879,0
1753491840000,3718.82,3719.80,3718.47,3719.32,594.854,1753491899999,2212237.80722,1145,147.703,549302.19969,0
1753491900000,3719.33,3720.09,3718.37,3718.37,1675.412,1753491959999,6231967.53347,1470,698.101,2596854.12880,0
1753491960000,3718.38,3718.68,3718.00,3718.16,394.538,1753492019999,1467020.02522,1038,110.032,409129.85908,0
1753492020000,3718.16,3718.91,3715.62,3717.18,980.364,1753492079999,3644070.65904,1853,262.215,974699.97234,0
1753492080000,3717.18,3719.78,3717.18,3719.78,345.788,1753492139999,1285833.58752,1076,188.368,700434.67573,0
1753492140000,3719.78,3719.78,3718.38,3719.28,714.114,1753492199999,2655812.48722,1548,369.758,1375065.33663,0
1753492200000,3719.29,3722.40,3719.29,3722.31,2085.606,1753492259999,7759429.27135,1684,1757.602,6538807.08622,0
1753492260000,3722.31,3722.45,3719.67,3720.33,793.828,1753492319999,2954236.31513,1833,448.111,1667792.64350,0
1753492320000,3720.33,3721.93,3720.01,3721.92,294.644,1753492379999,1096234.88199,981,138.431,515030.31257,0
1753492380000,3721.92,3721.93,3720.39,3720.39,396.570,1753492439999,1475660.96690,993,143.894,535432.71354,0
1753492440000,3720.39,3721.52,3720.39,3721.05,396.106,1753492499999,1473916.21957,803,209.843,780794.38820,0
1753492500000,3721.06,3721.06,3719.87,3720.7,576.406,1753492559999,2144533.09673,1021,161.305,600117.75399,0
1753492560000,3720.70,3721.49,3718.45,3718.45,1221.524,1753492619999,4544090.84472,1503,286.539,1065987.14321,0
1753492620000,3718.45,3719.39,3717.60,3717.94,971.344,1753492679999,3612293.45570,1475,239.988,892471.94320,0
1753492680000,3717.95,3718.46,3717.35,3717.83,433.915,1753492739999,1613253.46916,821,148.880,553498.21988,0
1753492740000,3717.83,3718.27,3716.34,3716.54,654.211,1753492799999,2431873.63962,1267,139.218,517504.70162,0
1753492800000,3716.54,3717.07,3716.10,3716.76,860.894,1753492859999,3199861.16351,1198,166.929,620424.93763,0
1753492860000,3716.77,3717.91,3716.52,3716.52,456.759,1753492919999,1697814.07816,959,165.023,613409.96511,0
1753492920000,3716.52,3716.78,3715.00,3715.36,983.122,1753492979999,3653442.67650,1078,264.178,981665.45358,0
1753492980000,3715.37,3715.37,3715.00,3715.0,552.266,1753493039999,2051716.77841,737,140.514,522012.33918,0
1753493040000,3715.00,3715.36,3713.02,3714.21,2403.662,1753493099999,8927480.19989,2531,954.477,3545055.48699,0
1753493100000,3714.21,3715.52,3714.21,3715.08,1440.786,1753493159999,5352845.31096,1298,539.867,2005610.59786,0
1753493160000,3715.09,3717.82,3715.09,3717.81,1345.527,1753493219999,5000519.49301,1481,856.571,3183388.88094,0
1753493220000,3717.82,3718.00,3717.13,3717.14,912.343,1753493279999,3391809.81839,1117,517.235,1922872.82870,0
1753493280000,3717.14,3719.35,3716.68,3718.99,701.079,1753493339999,2606229.15225,1262,372.096,1383242.94871,0
1753493340000,3718.98,3718.99,3718.57,3718.58,252.613,1753493399999,939424.78274,598,56.685,210801.41752,0
1753493400000,3718.58,3721.23,3718.33,3721.23,715.566,1753493459999,2661574.59779,1335,486.745,1810575.09084,0
1753493460000,3721.22,3721.23,3719.34,3720.0,682.560,1753493519999,2539640.77696,1219,209.878,780859.43189,0
1753493520000,3719.99,3720.00,3717.92,3717.93,483.217,1753493579999,1796958.24263,1107,215.714,802178.22578,0
1753493580000,3717.93,3717.93,3715.58,3715.76,920.803,1753493639999,3422040.76723,1374,210.972,784018.81094,0
1753493640000,3715.76,3716.97,3715.18,3715.18,496.327,1753493699999,1844397.71388,1040,173.925,646298.87937,0
1753493700000,3715.18,3717.16,3714.47,3716.57,1330.252,1753493759999,4942999.49373,1702,399.045,1482840.59530,0
1753493760000,3716.57,3716.58,3714.50,3714.5,768.095,1753493819999,2854013.80500,1467,143.175,531966.77164,0
1753493820000,3714.51,3715.09,3714.01,3714.01,965.902,1753493879999,3587839.04391,1354,262.828,976300.38039,0
1753493880000,3714.01,3714.28,3714.00,3714.09,810.654,1753493939999,3010860.42863,702,480.816,1785785.12182,0
1753493940000,3714.09,3714.10,3712.57,3712.58,903.505,1753493999999,3354806.43961,1380,102.780,381615.90097,0
1753494000000,3712.57,3713.13,3712.02,3713.01,1685.661,1753494059999,6258210.44944,1563,371.440,1378984.69375,0
1753494060000,3713.00,3714.05,3713.00,3714.04,665.429,1753494119999,2471013.19712,898,471.840,1752125.93219,0
1753494120000,3714.05,3715.70,3710.44,3711.01,2559.675,1753494179999,9503716.80538,3324,476.637,1770108.41657,0
1753494180000,3711.00,3711.01,3710.14,3710.72,1913.197,1753494239999,7099356.73732,1707,960.309,3563428.20238,0
1753494240000,3710.72,3710.72,3708.11,3708.48,4606.970,1753494299999,17088477.31010,4504,1483.042,5500752.44819,0
1753494300000,3708.48,3711.56,3708.48,3711.56,1886.113,1753494359999,6997838.54356,1991,1263.925,4689210.88119,0
1753494360000,3711.57,3712.92,3711.41,3712.91,1903.547,1753494419999,7065494.23668,1490,838.212,3111337.11116,0
1753494420000,3712.92,3714.39,3712.91,3714.38,1322.137,1753494479999,4909550.60094,1312,952.109,3535557.84101,0
1753494480000,3714.39,3714.39,3712.91,3712.91,1607.116,1753494539999,5968547.08030,1344,492.481,1829038.18702,0
1753494540000,3712.91,3713.00,3712.29,3712.32,635.232,1753494599999,2358527.54789,867,203.378,755105.66651,0
1753494600000,3712.31,3712.83,3711.11,3711.65,1004.142,1753494659999,3727340.56307,1539,435.946,1618239.69396,0
1753494660000,3711.65,3711.92,3710.00,3710.73,824.404,1753494719999,3059500.58869,1469,206.355,765858.15938,0
1753494720000,3710.73,3711.31,3710.00,3710.18,643.615,1753494779999,2388268.14573,1039,128.171,475609.52427,0
1753494780000,3710.18,3710.18,3702.00,3706.88,10459.394,1753494839999,38762331.51600,6473,3665.878,13585232.58674,0
1753494840000,3706.89,3706.94,3705.88,3706.5,2873.475,1753494899999,10650741.91222,2258,1228.421,4553091.67055,0
1753494900000,3706.49,3708.29,3706.49,3707.26,2716.762,1753494959999,10073457.38362,1912,1067.359,3957378.11612,0
1753494960000,3707.27,3707.27,3694.56,3701.41,22608.790,1753495019999,83690478.15613,12444,4250.700,15737441.79809,0
1753495020000,3701.41,3703.65,3699.67,3700.69,4349.216,1753495079999,16101071.61365,3866,1698.945,6289351.28295,0
1753495080000,3700.68,3703.65,3700.33,3703.23,3487.298,1753495139999,12909329.02782,3184,2309.938,8551254.55252,0
1753495140000,3703.22,3703.23,3701.33,3701.34,1374.525,1753495199999,5088939.04441,1365,503.504,1864107.48293,0
1753495200000,3701.34,3705.00,3701.33,3703.44,2662.396,1753495259999,9861239.82617,2941,1256.823,4654420.79247,0
1753495260000,3703.43,3706.33,3702.49,3704.55,1886.770,1753495319999,6989469.59783,3579,991.594,3673560.08782,0
1753495320000,3704.56,3706.57,3703.21,3706.56,1675.291,1753495379999,6206772.07891,2373,718.751,2663304.95043,0
1753495380000,3706.56,3707.35,3706.00,3707.2,1116.701,1753495439999,4139257.57195,1591,743.880,2757287.38846,0
1753495440000,3707.19,3708.73,3707.03,3708.72,1059.019,1753495499999,3926610.14928,1572,698.283,2589133.50773,0
1753495500000,3708.73,3710.98,3708.72,3709.56,2237.225,1753495559999,8299076.05198,2766,1675.550,6215492.74986,0
1753495560000,3709.56,3712.32,3709.56,3712.32,1932.799,1753495619999,7172443.18081,2178,1306.698,4849075.38273,0
1753495620000,3712.32,3712.32,3709.32,3709.65,1794.575,1753495679999,6659239.04895,2060,525.058,1948450.69011,0
1753495680000,3709.64,3711.49,3709.43,3711.49,1490.653,1753495739999,5530038.22691,1390,1019.552,3782376.16707,0
1753495740000,3711.50,3711.82,3709.00,3709.5,705.335,1753495799999,2616943.44097,1481,203.834,756259.16489,0
1753495800000,3709.51,3709.52,3708.30,3708.6,626.552,1753495859999,2323831.79045,1294,163.003,604532.16817,0
1753495860000,3708.61,3709.52,3708.30,3709.51,691.910,1753495919999,2566184.09679,806,409.479,1518661.06223,0
1753495920000,3709.52,3713.49,3709.33,3710.57,3693.759,1753495979999,13708580.97705,3640,1163.825,4319931.21475,0
1753495980000,3710.58,3713.34,3710.57,3713.33,501.833,1753496039999,1862908.40267,1172,336.026,1247382.78113,0
1753496040000,3713.34,3714.80,3712.99,3714.79,1163.709,1753496099999,4321474.45259,1891,879.953,3267717.05314,0
1753496100000,3714.80,3718.98,3714.79,3717.7,3978.269,1753496159999,14788511.61635,4841,3194.412,11874452.71736,0
1753496160000,3717.70,3719.64,3717.69,3718.12,1679.399,1753496219999,6245488.44012,2127,713.167,2652235.83833,0
1753496220000,3718.12,3720.96,3717.77,3720.91,3275.394,1753496279999,12181601.95496,2991,2799.585,10412239.47121,0
1753496280000,3720.92,3724.79,3720.91,3723.7,4606.797,1753496339999,17150243.60382,4978,2387.098,8886711.69407,0
1753496340000,3723.70,3724.32,3722.99,3723.99,1763.202,1753496399999,6565454.36737,2006,1043.549,3885778.64378,0
1753496400000,3724.00,3725.23,3723.40,3724.49,2788.833,1753496459999,10386641.44535,3373,1671.983,6227285.70906,0
1753496460000,3724.50,3726.19,3723.88,3723.99,2687.198,1753496519999,10009990.10627,2750,1455.820,5423314.77426,0
1753496520000,3724.00,3747.00,3723.99,3742.97,40407.748,1753496579999,151044370.59247,24542,33029.453,123448904.42063,0
1753496580000,3742.97,3746.97,3740.19,3740.2,17196.928,1753496639999,64383523.18291,13650,8890.439,33285948.88017,0
1753496640000,3740.20,3741.86,3740.00,3740.96,11994.075,1753496699999,44860100.38035,5512,3547.093,13267127.70918,0
1753496700000,3740.97,3746.84,3740.97,3746.74,8571.916,1753496759999,32094986.44370,7085,5753.463,21542041.43977,0
1753496760000,3746.74,3746.74,3743.74,3743.89,4487.155,1753496819999,16803761.93877,3818,1809.110,6774533.22442,0
1753496820000,3743.88,3743.89,3740.73,3742.66,4248.046,1753496879999,15895799.40228,4081,2145.570,8027589.27754,0
1753496880000,3742.66,3745.61,3742.00,3745.19,4037.259,1753496939999,15114396.75498,4172,3142.593,11765178.11963,0
1753496940000,3745.20,3745.50,3742.90,3745.21,3344.332,1753496999999,12521981.12405,3565,2376.476,8897975.60962,0
1753497000000,3745.20,3746.53,3742.00,3745.35,6460.164,1753497059999,24188035.09260,5719,2434.809,9117282.02007,0
1753497060000,3745.35,3749.74,3745.24,3749.5,12420.982,1753497119999,46547512.67549,8987,9637.867,36117702.48734,0
1753497120000,3749.49,3761.61,3748.89,3759.2,23107.274,1753497179999,86755096.92468,19698,18529.405,69572748.61963,0
1753497180000,3759.19,3765.00,3757.26,3764.88,20594.267,1753497239999,77470042.37537,20207,12711.013,47821937.58969,0
1753497240000,3764.88,3766.83,3761.24,3762.23,9009.506,1753497299999,33909848.57300,9864,4936.589,18580557.45475,0
1753497300000,3762.23,3762.24,3738.00,3738.3,56647.590,1753497359999,212195522.96686,26546,11842.001,44382257.50296,0
1753497360000,3738.31,3745.32,3736.73,3737.38,23375.054,1753497419999,87425868.01357,12498,13808.255,51649256.93929,0
1753497420000,3737.37,3739.35,3735.78,3738.45,4362.275,1753497479999,16306187.54548,4723,2591.543,9686970.41948,0
1753497480000,3738.44,3740.94,3735.74,3735.99,7783.483,1753497539999,29103025.30741,5773,5553.487,20766850.73658,0
1753497540000,3735.99,3736.07,3729.54,3732.9,23912.546,1753497599999,89233082.99289,13364,11474.664,42812867.72257,0
1753497600000,3732.89,3732.90,3731.02,3731.02,3432.535,1753497659999,12809924.70479,3202,1279.666,4775661.39787,0
1753497660000,3731.01,3735.28,3731.00,3735.28,2404.437,1753497719999,8976920.04542,2918,1704.418,6363371.33367,0
1753497720000,3735.28,3738.48,3735.27,3737.43,3786.899,1753497779999,14152301.58990,4060,2488.502,9299738.75701,0
1753497780000,3737.42,3737.69,3735.68,3736.73,1759.386,1753497839999,6574296.69441,2285,795.631,2973032.44255,0
1753497840000,3736.72,3737.00,3734.22,3734.72,1555.025,1753497899999,5808975.20085,1834,710.619,2654537.86519,0
1753497900000,3734.72,3735.00,3734.00,3734.99,1521.507,1753497959999,5682197.78772,1620,646.856,2415784.24304,0
1753497960000,3734.99,3740.00,3734.99,3739.48,3761.709,1753498019999,14058843.78715,4505,2096.140,7833996.19753,0
1753498020000,3739.48,3741.00,3737.80,3741.0,2002.544,1753498079999,7488488.91427,2796,1016.811,3802529.74977,0
1753498080000,3741.00,3743.89,3740.00,3740.0,4314.915,1753498139999,16146341.93786,3846,1815.138,6792720.52598,0
1753498140000,3740.00,3740.49,3736.71,3738.18,4125.311,1753498199999,15421323.75557,4333,1172.777,4383832.86537,0
1753498200000,3738.18,3740.09,3738.18,3739.83,1387.265,1753498259999,5187079.99824,1927,818.692,3061126.89794,0
1753498260000,3739.83,3741.60,3738.57,3741.31,5424.173,1753498319999,20285945.94317,4535,2567.631,9602788.57115,0
1753498320000,3741.31,3745.00,3738.57,3744.26,11511.258,1753498379999,43080150.93114,6607,8218.764,30759855.46454,0
1753498380000,3744.25,3745.45,3736.75,3745.44,13360.755,1753498439999,49992819.13783,7704,4508.224,16875222.75116,0
1753498440000,3745.45,3745.45,3743.02,3744.79,2763.166,1753498499999,10346555.13340,2588,1397.572,5232724.42742,0
1753498500000,3744.79,3745.41,3740.33,3745.22,7825.777,1753498559999,29299227.10596,3800,4326.455,16198888.74687,0
1753498560000,3745.28,3745.89,3738.24,3745.4,10753.662,1753498619999,40257750.94259,4906,4365.392,16344206.56375,0
1753498620000,3745.38,3745.38,3740.11,3740.27,1525.635,1753498679999,5708558.19215,2415,329.826,1234067.53912,0
1753498680000,3740.26,3741.88,3740.00,3741.65,2099.657,1753498739999,7854653.73688,1832,1274.098,4766364.97803,0
1753498740000,3741.66,3741.73,3740.61,3741.28,1241.648,1753498799999,4645189.90551,1227,602.757,2254974.50366,0
1753498800000,3741.28,3742.40,3741.27,3741.98,955.303,1753498859999,3574460.86244,1407,581.785,2176851.25509,0
1753498860000,3741.99,3742.36,3738.00,3739.87,1739.577,1753498919999,6505021.11715,2456,537.288,2009128.16845,0
1753498920000,3739.87,3739.87,3738.90,3739.04,1048.795,1753498979999,3921660.55104,1364,590.708,2208732.79820,0
1753498980000,3739.04,3740.11,3738.67,3740.11,1145.908,1753499039999,4285079.53001,1951,514.305,1923207.38757,0
1753499040000,3740.12,3740.34,3736.86,3738.23,1114.287,1753499099999,4164989.43441,1770,407.305,1522346.77456,0
1753499100000,3738.23,3738.23,3736.13,3737.87,1003.334,1753499159999,3749307.01058,1516,248.200,927495.47236,0
1753499160000,3737.86,3737.87,3730.00,3730.99,11410.182,1753499219999,42596063.53959,5116,1380.509,5151588.69411,0
1753499220000,3731.00,3732.63,3730.99,3732.63,2977.877,1753499279999,11112789.72965,2464,1143.798,4268320.24918,0
1753499280000,3732.62,3732.77,3731.22,3732.77,1473.869,1753499339999,5500644.35500,1717,606.309,2262785.37395,0
1753499340000,3732.77,3735.83,3732.76,3735.83,1995.065,1753499399999,7450695.16607,2436,1441.693,5384138.60566,0
1753499400000,3735.82,3737.00,3735.63,3735.94,1533.572,1753499459999,5729657.06462,1854,945.231,3531535.71679,0
1753499460000,3735.95,3736.29,3735.21,3735.78,711.794,1753499519999,2658988.58910,1167,407.633,1522747.04009,0
1753499520000,3735.78,3737.00,3734.16,3734.94,1209.968,1753499579999,4519913.64237,1918,609.726,2277731.95875,0
1753499580000,3734.93,3735.00,3733.53,3734.55,700.928,1753499639999,2617409.05638,1199,300.852,1123378.67563,0
1753499640000,3734.55,3736.04,3734.28,3736.04,1163.927,1753499699999,4347047.90511,1269,754.339,2817408.57131,0
1753499700000,3736.04,3738.40,3735.34,3735.39,2041.480,1753499759999,7628701.38173,3277,1333.156,4981693.05508,0
1753499760000,3735.38,3737.00,3735.18,3737.0,613.170,1753499819999,2290621.93903,1128,349.003,1303804.28607,0
1753499820000,3736.99,3737.64,3736.16,3737.47,785.038,1753499879999,2933520.25814,1159,466.263,1742302.58791,0
1753499880000,3737.47,3740.56,3737.46,3738.13,888.892,1753499939999,3323848.12019,2057,603.220,2255590.60788,0
1753499940000,3738.13,3738.13,3736.16,3737.76,735.286,1753499999999,2747643.36284,1473,414.903,1550359.94056,0
1753500000000,3737.75,3739.59,3737.75,3738.02,1206.005,1753500059999,4509270.41985,1661,813.800,3042732.56590,0
1753500060000,3738.03,3738.56,3735.13,3735.13,1555.807,1753500119999,5813665.18277,1857,328.500,1227520.83794,0
1753500120000,3735.14,3736.00,3734.00,3735.99,591.144,1753500179999,2207888.90222,1239,247.231,923423.21214,0
1753500180000,3736.00,3738.23,3735.43,3737.82,478.002,1753500239999,1786298.99746,1183,282.088,1054125.92988,0
1753500240000,3737.82,3737.83,3735.32,3735.43,747.476,1753500299999,2793212.89911,1194,454.488,1698406.66958,0
1753500300000,3735.42,3735.42,3730.29,3730.82,1894.253,1753500359999,7070028.38211,2327,297.935,1111944.09816,0
1753500360000,3730.81,3732.35,3730.74,3732.34,2247.186,1753500419999,8384528.05007,1922,1575.685,5878975.79561,0
1753500420000,3732.34,3732.35,3730.00,3730.0,919.149,1753500479999,3429399.22846,1498,222.182,828929.95542,0
1753500480000,3730.00,3731.01,3728.20,3730.6,2637.706,1753500539999,9838125.03234,2862,766.435,2858833.24100,0
1753500540000,3730.59,3730.60,3727.10,3727.78,3794.357,1753500599999,14146110.20806,3326,616.919,2299870.78720,0
1753500600000,3727.78,3731.60,3727.17,3731.59,2423.973,1753500659999,9037440.89321,2638,1368.026,5100731.10652,0
1753500660000,3731.59,3732.00,3729.74,3731.25,938.713,1753500719999,3502459.85773,1808,582.276,2172539.89995,0
1753500720000,3731.25,3734.26,3731.24,3733.78,830.965,1753500779999,3102147.02568,1559,551.547,2058937.98535,0
1753500780000,3733.78,3733.78,3730.69,3731.01,976.751,1753500839999,3645255.31439,1542,275.674,1028848.26989,0
1753500840000,3731.00,3731.01,3730.00,3730.97,654.416,1753500899999,2441346.98018,1047,256.753,957799.37127,0
1753500900000,3730.98,3730.98,3728.72,3729.35,819.882,1753500959999,3058143.11541,1678,190.537,710741.51223,0
1753500960000,3729.34,3732.00,3729.15,3731.85,958.119,1753501019999,3574001.58890,1280,768.049,2864964.46366,0
1753501020000,3731.84,3732.59,3731.50,3732.58,540.148,1753501079999,2015721.11175,906,451.370,1684418.06903,0
1753501080000,3732.59,3735.18,3732.58,3735.17,985.853,1753501139999,3680900.42682,1329,664.803,2482248.97429,0
1753501140000,3735.17,3735.40,3732.95,3732.95,1199.091,1753501199999,4478430.23187,1645,720.120,2689569.27920,0
1753501200000,3732.96,3734.80,3732.35,3734.79,467.070,1753501259999,1743969.76447,1354,329.305,1229601.54715,0
1753501260000,3734.80,3735.00,3734.11,3734.11,511.619,1753501319999,1910769.59920,873,310.885,1161071.27290,0
1753501320000,3734.10,3734.74,3733.71,3734.26,498.027,1753501379999,1859789.74148,785,211.497,789778.03381,0
1753501380000,3734.25,3734.26,3733.18,3734.0,678.255,1753501439999,2532458.75816,955,360.117,1344579.41958,0
1753501440000,3734.00,3734.01,3732.21,3732.9,867.385,1753501499999,3238239.36943,1371,257.966,962964.72727,0
1753501500000,3732.90,3733.05,3731.61,3732.0,427.885,1753501559999,1596940.03219,885,99.819,372526.01572,0
1753501560000,3731.99,3735.32,3731.99,3735.11,1728.728,1753501619999,6456270.50856,1591,1434.906,5358960.06580,0
1753501620000,3735.11,3737.56,3734.53,3737.56,823.186,1753501679999,3075384.56540,1431,632.673,2363711.66067,0
1753501680000,3737.56,3739.00,3737.55,3739.0,2230.478,1753501739999,8338185.70510,1997,1768.625,6611673.84177,0
1753501740000,3739.00,3740.00,3737.59,3739.99,1232.975,1753501799999,4609531.09143,1740,688.253,2573084.74870,0
1753501800000,3740.00,3740.36,3739.25,3740.36,1469.980,1753501859999,5497578.43716,1708,1068.127,3994587.02187,0
1753501860000,3740.36,3742.51,3740.15,3741.7,1368.898,1753501919999,5121625.95160,1918,806.215,3016374.76844,0
1753501920000,3741.71,3741.83,3739.81,3741.23,1853.871,1753501979999,6934551.08437,2175,706.375,2642178.76517,0
1753501980000,3741.24,3741.24,3739.18,3739.19,1364.414,1753502039999,5103084.91271,1358,222.135,830833.07794,0
1753502040000,3739.19,3741.00,3739.18,3741.0,2378.231,1753502099999,8894724.23894,1943,2121.533,7934629.24091,0
1753502100000,3741.00,3746.06,3740.44,3741.33,8551.407,1753502159999,32017218.67605,6311,7001.074,26212652.43903,0
1753502160000,3741.34,3743.14,3741.33,3741.97,700.424,1753502219999,2621215.58235,1397,497.635,1862351.46014,0
1753502220000,3741.97,3742.29,3740.00,3740.0,562.566,1753502279999,2104710.08570,1351,115.974,433910.16768,0
1753502280000,3740.00,3740.73,3738.78,3740.73,688.158,1753502339999,2573520.80365,1233,291.627,1090615.31420,0
1753502340000,3740.74,3740.74,3738.00,3738.01,1238.073,1753502399999,4629549.76228,1491,216.003,807735.51143,0
1753502400000,3738.00,3738.83,3736.66,3738.71,2541.892,1753502459999,9500600.01604,2754,1256.455,4696069.41996,0
1753502460000,3738.71,3739.89,3738.03,3738.6,1724.998,1753502519999,6449701.82775,2038,817.233,3055535.07495,0
1753502520000,3738.59,3739.68,3738.03,3739.63,976.528,1753502579999,3650919.68189,1447,362.792,1356328.47365,0
1753502580000,3739.64,3740.58,3738.06,3740.44,2451.072,1753502639999,9165674.94882,2024,1216.046,4547713.78204,0
1753502640000,3740.44,3740.44,3736.78,3737.0,1433.626,1753502699999,5359099.56649,1781,381.309,1425315.33961,0
1753502700000,3737.00,3737.74,3736.41,3736.41,1060.092,1753502759999,3961405.23449,1750,316.186,1181505.10749,0
1753502760000,3736.42,3739.00,3736.41,3737.76,2724.611,1753502819999,10183750.08896,2088,1778.060,6646081.05256,0
1753502820000,3737.77,3737.77,3735.82,3735.82,829.925,1753502879999,3101213.41151,1034,240.357,898100.56222,0
1753502880000,3735.82,3741.00,3735.82,3741.0,2165.509,1753502939999,8094849.48556,1985,1761.996,6586496.30406,0
1753502940000,3740.99,3743.31,3740.46,3742.28,1018.230,1753502999999,3809989.13102,1990,629.936,2357066.74738,0
1753503000000,3742.27,3744.03,3741.73,3743.84,1558.952,1753503059999,5835156.99965,1671,1020.009,3818054.53934,0
1753503060000,3743.83,3748.79,3743.34,3746.54,4252.889,1753503119999,15933521.02965,4178,2722.918,10201549.95370,0
1753503120000,3746.54,3746.54,3745.01,3746.26,1433.400,1753503179999,5369342.83187,2150,460.685,1725655.67609,0
1753503180000,3746.26,3747.00,3743.81,3745.05,2127.617,1753503239999,7969496.17093,2564,849.538,3182107.71052,0
1753503240000,3745.05,3747.40,3744.40,3746.76,714.626,1753503299999,2676742.01121,1454,337.785,1265224.55837,0
1753503300000,3746.76,3748.81,3746.64,3747.13,1338.140,1753503359999,5015153.16672,1900,789.376,2958515.81559,0
1753503360000,3747.12,3747.13,3745.15,3745.16,1429.856,1753503419999,5355868.51037,2158,639.064,2393660.47118,0
1753503420000,3745.17,3746.82,3744.99,3746.71,1032.969,1753503479999,3869413.82610,1765,386.012,1446012.25701,0
1753503480000,3746.72,3747.88,3745.99,3746.89,1094.515,1753503539999,4100981.71958,1621,735.165,2754553.38814,0
1753503540000,3746.88,3746.89,3743.41,3744.44,1261.865,1753503599999,4725561.26376,2096,425.959,1594892.24460,0
1753503600000,3744.44,3745.00,3743.69,3745.0,824.349,1753503659999,3086739.65027,1459,444.138,1663063.49948,0
1753503660000,3745.00,3746.00,3744.00,3744.1,1158.263,1753503719999,4337811.07427,1497,565.877,2119278.44268,0
1753503720000,3744.11,3744.11,3742.42,3743.47,1000.790,1753503779999,3746309.47270,1604,159.706,597814.15632,0
1753503780000,3743.48,3744.13,3740.63,3740.64,1180.524,1753503839999,4417426.13366,1836,240.088,898327.26299,0
1753503840000,3740.63,3741.99,3740.39,3740.61,878.576,1753503899999,3286750.22781,1376,222.256,831501.12511,0
1753503900000,3740.62,3741.00,3739.82,3740.45,1347.056,1753503959999,5038404.42095,1463,263.356,985004.30674,0
1753503960000,3740.46,3742.66,3740.00,3742.66,873.516,1753504019999,3267650.16110,1531,546.165,2043278.72487,0
1753504020000,3742.66,3743.64,3741.84,3741.84,588.788,1753504079999,2203788.87745,1160,267.462,1001099.66791,0
1753504080000,3741.85,3743.00,3741.00,3743.0,1001.534,1753504139999,3747466.16984,1333,263.017,984152.74077,0
1753504140000,3743.00,3744.77,3742.99,3744.6,641.781,1753504199999,2403045.09832,1211,470.877,1763100.00034,0
1753504200000,3744.60,3744.60,3743.76,3744.14,1295.598,1753504259999,4851294.39610,1190,130.168,487350.47723,0
1753504260000,3744.14,3745.82,3743.25,3743.29,847.437,1753504319999,3173434.56233,1534,437.223,1637403.66082,0
1753504320000,3743.29,3743.45,3742.50,3742.58,899.920,1753504379999,3368311.90658,1182,235.000,879567.06182,0
1753504380000,3742.58,3743.45,3742.50,3743.0,511.176,1753504439999,1913370.26926,924,116.500,436040.55448,0
1753504440000,3742.99,3745.56,3742.62,3745.56,1315.231,1753504499999,4923661.74736,1482,957.449,3584228.02050,0
1753504500000,3745.56,3746.37,3744.59,3745.86,1771.664,1753504559999,6635804.78257,2351,1322.808,4954568.05588,0
1753504560000,3745.87,3748.50,3745.50,3748.3,2022.994,1753504619999,7579779.07456,2645,1262.034,4728540.00947,0
1753504620000,3748.31,3748.39,3745.66,3746.99,1726.289,1753504679999,6468516.98047,2290,1011.733,3791217.57802,0
1753504680000,3747.00,3747.33,3745.92,3747.32,1078.838,1753504739999,4042056.51221,1374,531.456,1991112.86729,0
1753504740000,3747.33,3747.95,3745.75,3747.4,2309.238,1753504799999,8652870.67440,2569,823.998,3087441.43465,0
1753504800000,3747.40,3747.40,3744.55,3745.16,861.898,1753504859999,3228401.63768,1495,241.030,902722.61955,0
1753504860000,3745.15,3746.42,3744.32,3746.41,627.627,1753504919999,2350630.24507,1360,323.334,1210989.17929,0
1753504920000,3746.42,3748.00,3746.41,3747.99,898.348,1753504979999,3366830.99430,1201,558.207,2092035.40110,0
1753504980000,3748.00,3748.00,3747.86,3747.99,470.422,1753505039999,1763117.35236,731,275.100,1031063.32431,0
1753505040000,3747.99,3749.99,3747.99,3749.52,1678.041,1753505099999,6291056.06411,1804,1311.341,4916238.44965,0
1753505100000,3749.53,3749.53,3748.45,3748.89,764.461,1753505159999,2865780.35993,1365,333.924,1251789.80123,0
1753505160000,3748.89,3752.84,3748.88,3751.77,3061.081,1753505219999,11481912.05385,3823,2163.487,8114811.98732,0
1753505220000,3751.76,3751.77,3749.70,3749.71,1549.944,1753505279999,5813372.64823,1933,677.292,2540355.72944,0
1753505280000,3749.71,3749.71,3747.89,3747.95,1144.896,1753505339999,4291729.72204,1530,296.694,1112134.77969,0
1753505340000,3747.95,3748.35,3746.96,3747.98,1134.199,1753505399999,4250538.69897,1263,357.574,1340028.99107,0
1753505400000,3747.99,3747.99,3745.71,3745.72,903.309,1753505459999,3384426.77096,1180,130.609,489380.66833,0
1753505460000,3745.71,3748.62,3743.76,3748.62,1686.166,1753505519999,6315258.38370,2950,785.383,2941952.28902,0
1753505520000,3748.62,3749.36,3748.17,3748.17,1128.376,1753505579999,4230140.84717,1324,473.160,1773869.11451,0
1753505580000,3748.18,3748.62,3746.99,3747.61,1094.147,1753505639999,4100535.85220,1475,209.061,783459.99479,0
1753505640000,3747.62,3749.49,3747.62,3749.49,557.473,1753505699999,2089595.65230,1168,338.195,1267682.07441,0
1753505700000,3749.49,3750.58,3749.05,3750.5,982.285,1753505759999,3683442.37844,1448,516.602,1937188.22749,0
1753505760000,3750.50,3750.70,3746.82,3746.82,1140.385,1753505819999,4275871.16449,1661,477.120,1789178.82597,0
1753505820000,3746.81,3747.50,3746.10,3746.11,762.724,1753505879999,2857603.63610,1247,370.636,1388542.51995,0
1753505880000,3746.11,3748.69,3746.10,3748.69,832.740,1753505939999,3120288.14385,1348,507.361,1901147.51815,0
1753505940000,3748.68,3748.69,3746.69,3747.0,1499.319,1753505999999,5618083.00739,1044,309.709,1160488.15354,0
1753506000000,3747.01,3748.29,3747.00,3747.65,578.237,1753506059999,2167110.36095,1135,277.532,1040077.33715,0
1753506060000,3747.66,3747.66,3744.23,3744.87,1337.664,1753506119999,5010194.03655,1829,408.580,1530068.90534,0
1753506120000,3744.88,3744.88,3742.32,3742.35,1299.756,1753506179999,4865379.73065,1987,375.569,1405878.96342,0
1753506180000,3742.35,3742.35,3741.23,3741.46,1179.347,1753506239999,4412828.01689,1514,350.458,1311339.45187,0
1753506240000,3741.46,3741.46,3740.71,3741.0,2383.732,1753506299999,8917695.67095,1512,638.648,2389163.66697,0
1753506300000,3741.00,3743.21,3741.00,3742.35,1384.241,1753506359999,5179851.49670,1527,961.762,3598777.43805,0
1753506360000,3742.35,3742.35,3739.45,3739.46,1103.630,1753506419999,4128109.40791,1815,191.478,716232.89950,0
1753506420000,3739.46,3739.46,3737.09,3737.1,1732.431,1753506479999,6475611.52202,2228,372.588,1392596.87781,0
1753506480000,3737.10,3737.10,3733.97,3734.57,3000.335,1753506539999,11208593.49967,3361,1213.795,4534533.12250,0
1753506540000,3734.58,3735.24,3734.43,3735.24,1930.627,1753506599999,7210846.25313,1265,1370.470,5118635.05833,0
1753506600000,3735.24,3735.50,3734.10,3735.5,2090.639,1753506659999,7808513.10800,1332,752.162,2809332.37172,0
1753506660000,3735.50,3735.50,3734.86,3735.5,657.892,1753506719999,2457467.37963,905,202.015,754590.43180,0
1753506720000,3735.49,3735.50,3732.46,3734.45,3871.378,1753506779999,14455619.50434,3148,1115.896,4166053.00642,0
1753506780000,3734.46,3738.99,3734.10,3738.31,2583.186,1753506839999,9652281.19249,2543,2069.360,7732779.65473,0
1753506840000,3738.32,3738.60,3736.66,3737.5,628.153,1753506899999,2347808.99903,1283,249.157,931242.88553,0
1753506900000,3737.50,3742.78,3736.90,3742.78,2009.782,1753506959999,7515056.23250,2700,1625.065,6076816.15762,0
1753506960000,3742.78,3744.77,3741.35,3744.0,2613.987,1753507019999,9784724.47036,3892,1581.060,5918928.65806,0
1753507020000,3744.00,3744.88,3741.54,3744.87,1695.475,1753507079999,6346397.14924,2329,632.591,2368050.55346,0
1753507080000,3744.87,3744.88,3742.28,3742.56,2084.156,1753507139999,7802061.27241,1792,228.003,853494.21099,0
1753507140000,3742.57,3742.57,3740.72,3742.57,1130.862,1753507199999,4231165.69027,1690,612.758,2292616.70854,0
1753507200000,3742.58,3742.58,3742.00,3742.0,394.802,1753507259999,1477532.30737,571,162.359,607628.08877,0
1753507260000,3742.01,3745.33,3742.00,3743.77,1138.222,1753507319999,4260873.30589,1813,929.071,3477767.55764,0
1753507320000,3743.77,3744.40,3743.76,3744.36,323.354,1753507379999,1210720.38758,607,109.322,409311.57459,0
1753507380000,3744.37,3746.00,3744.37,3745.88,691.448,1753507439999,2589869.55491,1123,395.358,1480770.23480,0
1753507440000,3745.89,3746.00,3744.70,3745.56,709.081,1753507499999,2655939.82091,1108,418.866,1568900.87835,0
1753507500000,3745.57,3747.92,3745.56,3747.18,717.074,1753507559999,2686705.91733,1371,563.180,2110059.77285,0
1753507560000,3747.18,3747.52,3745.93,3747.51,760.846,1753507619999,2850671.62817,1166,512.794,1921301.42923,0
1753507620000,3747.52,3748.61,3747.51,3748.61,1180.568,1753507679999,4424643.31188,1278,814.941,3054313.06680,0
1753507680000,3748.62,3749.08,3746.60,3747.31,2892.629,1753507739999,10841218.81410,2878,1650.391,6185808.61961,0
1753507740000,3747.31,3749.27,3747.30,3748.82,1291.019,1753507799999,4839447.01809,1537,847.706,3177615.39355,0
1753507800000,3748.82,3748.83,3746.09,3746.72,818.355,1753507859999,3066629.57510,1654,295.196,1106047.74775,0
1753507860000,3746.73,3747.94,3746.73,3747.93,635.267,1753507919999,2380617.12639,964,286.143,1072289.14713,0
1753507920000,3747.94,3747.94,3746.21,3746.23,870.728,1753507979999,3262928.52819,1437,157.723,591028.98197,0
1753507980000,3746.23,3747.66,3745.85,3747.66,468.662,1753508039999,1755949.09655,1029,219.532,822538.86501,0
1753508040000,3747.66,3747.66,3746.78,3746.79,299.363,1753508099999,1121731.72295,575,118.643,444576.99970,0
1753508100000,3746.80,3749.99,3746.70,3749.92,1741.407,1753508159999,6527729.62397,1926,1087.819,4077806.49779,0
1753508160000,3749.92,3750.00,3749.36,3750.0,1435.539,1753508219999,5383089.89143,1494,759.849,2849300.79581,0
1753508220000,3750.00,3752.81,3749.99,3750.7,3257.318,1753508279999,12218540.80573,3475,1892.265,7097697.65470,0
1753508280000,3750.71,3752.06,3750.51,3751.99,800.184,1753508339999,3002054.92853,1354,423.106,1587353.38292,0
1753508340000,3752.00,3752.32,3750.58,3751.99,953.975,1753508399999,3578824.66713,1575,336.540,1262472.31373,0
1753508400000,3751.99,3754.44,3751.77,3754.44,1428.225,1753508459999,5360258.35248,2605,1100.934,4132076.87431,0
1753508460000,3754.44,3755.00,3753.06,3754.99,2222.173,1753508519999,8342238.82252,2473,1312.368,4926847.57321,0
1753508520000,3755.00,3756.40,3753.17,3753.49,1966.478,1753508579999,7383739.95826,2705,1230.506,4620780.97819,0
1753508580000,3753.50,3753.81,3751.77,3752.41,968.950,1753508639999,3636200.87060,1520,198.987,746720.48888,0
1753508640000,3752.41,3752.41,3748.82,3748.99,1173.107,1753508699999,4399334.58885,2043,328.507,1231801.82833,0
1753508700000,3749.00,3750.42,3748.60,3749.7,1497.578,1753508759999,5615196.01651,2296,543.684,2038553.24381,0
1753508760000,3749.70,3750.03,3747.50,3747.51,2369.882,1753508819999,8884833.29165,1967,383.897,1439256.54082,0
1753508820000,3747.51,3748.16,3746.16,3747.49,1227.532,1753508879999,4599855.10726,1604,453.174,1698126.44965,0
1753508880000,3747.50,3747.50,3745.18,3745.18,1227.738,1753508939999,4599023.13137,1126,102.820,385122.87151,0
1753508940000,3745.19,3745.45,3744.44,3744.44,833.027,1753508999999,3119718.93595,1209,300.370,1124904.93980,0
1753509000000,3744.45,3745.42,3744.44,3745.0,742.267,1753509059999,2779905.38959,857,239.197,895805.66630,0
1753509060000,3745.01,3745.14,3744.30,3744.3,809.605,1753509119999,3031781.25670,960,170.707,639276.72743,0
1753509120000,3744.31,3745.00,3744.30,3744.5,389.622,1753509179999,1459007.92532,636,143.737,538239.71078,0
1753509180000,3744.51,3749.65,3744.50,3749.65,875.785,1753509239999,3281003.34156,1798,698.394,2616252.87883,0
1753509240000,3749.65,3749.69,3748.20,3749.68,1553.810,1753509299999,5825323.01045,2039,841.758,3155690.02855,0
1753509300000,3749.69,3749.69,3747.70,3748.14,782.171,1753509359999,2932143.22050,1034,224.062,839849.57306,0
1753509360000,3748.15,3749.04,3747.88,3748.04,892.323,1753509419999,3344759.34140,1000,678.119,2541907.51678,0
1753509420000,3748.05,3748.49,3747.86,3747.88,372.777,1753509479999,1397179.22230,619,92.526,346791.83003,0
1753509480000,3747.89,3747.89,3746.00,3747.71,323.269,1753509539999,1211288.45674,1124,58.788,220257.74356,0
1753509540000,3747.71,3747.89,3746.31,3746.69,598.563,1753509599999,2242871.50122,1103,170.739,639818.32668,0
1753509600000,3746.69,3748.60,3746.68,3748.6,634.977,1753509659999,2379610.37245,1477,277.959,1041663.25741,0
1753509660000,3748.60,3749.28,3747.08,3747.08,700.387,1753509719999,2625419.66520,1637,188.117,705199.94955,0
1753509720000,3747.09,3747.09,3745.29,3745.29,690.896,1753509779999,2588249.94403,1437,184.396,690774.17488,0
1753509780000,3745.30,3746.37,3744.30,3746.23,1445.569,1753509839999,5413917.61718,1709,862.430,3230049.56500,0
1753509840000,3746.23,3746.75,3745.32,3745.94,1021.245,1753509899999,3825741.14826,1618,220.763,827002.06943,0
1753509900000,3745.95,3745.95,3742.63,3742.91,1155.758,1753509959999,4326825.26232,1803,158.261,592477.64960,0
1753509960000,3742.92,3743.20,3742.12,3742.21,699.913,1753510019999,2619587.94570,966,221.958,830743.27992,0
1753510020000,3742.22,3742.32,3741.58,3741.85,753.733,1753510079999,2820406.09825,1385,272.948,1021335.35232,0
1753510080000,3741.86,3741.86,3740.00,3740.2,1175.017,1753510139999,4395382.27316,1355,211.547,791257.62121,0
1753510140000,3740.20,3743.15,3739.25,3743.13,2087.549,1753510199999,7808242.69459,2741,1206.148,4511606.88178,0
1753510200000,3743.14,3743.14,3741.32,3742.83,812.994,1753510259999,3042188.23803,1251,240.278,899149.50372,0
1753510260000,3742.84,3743.24,3739.89,3740.18,2337.255,1753510319999,8744830.37174,2522,407.510,1524620.19657,0
1753510320000,3740.18,3741.34,3740.17,3741.33,545.892,1753510379999,2042168.71709,790,294.943,1103390.79288,0
1753510380000,3741.34,3743.00,3741.33,3742.99,449.873,1753510439999,1683498.01111,1026,245.077,917160.35712,0
1753510440000,3743.00,3743.69,3743.00,3743.12,904.613,1753510499999,3386312.85083,937,404.404,1513843.28066,0
1753510500000,3743.13,3744.08,3742.53,3744.08,1357.640,1753510559999,5082113.09882,1978,798.552,2989382.01229,0
1753510560000,3744.08,3746.04,3744.07,3744.43,795.408,1753510619999,2979045.77330,1356,397.656,1489319.38185,0
1753510620000,3744.44,3745.03,3744.43,3744.99,879.358,1753510679999,3292868.12308,887,416.110,1558166.84181,0
1753510680000,3744.99,3746.54,3744.98,3746.54,1448.013,1753510739999,5423723.73502,1832,1055.290,3952731.45534,0
1753510740000,3746.55,3746.55,3744.19,3744.19,1849.504,1753510799999,6927607.98024,2088,798.750,2992006.15719,0
1753510800000,3744.19,3744.94,3743.22,3743.22,660.848,1753510859999,2474285.25508,1100,244.764,916461.95352,0
1753510860000,3743.23,3743.23,3741.02,3741.37,828.890,1753510919999,3101537.56403,1753,233.061,871978.56315,0
1753510920000,3741.37,3741.58,3739.15,3739.74,2175.109,1753510979999,8135095.96840,2281,595.255,2226316.76793,0
1753510980000,3739.75,3739.75,3737.11,3737.11,2056.545,1753511039999,7687932.00230,2305,573.387,2143362.05752,0
1753511040000,3737.12,3737.51,3729.32,3733.55,16443.465,1753511099999,61369129.13046,9935,5359.838,20003294.51314,0
1753511100000,3733.56,3736.20,3733.55,3735.84,2359.096,1753511159999,8812404.58290,2334,1590.486,5941009.53886,0
1753511160000,3735.85,3738.47,3735.84,3737.27,1474.340,1753511219999,5509979.15937,1854,1026.692,3836833.10034,0
1753511220000,3737.27,3739.56,3737.05,3738.4,960.058,1753511279999,3589156.17479,1380,504.622,1886450.97752,0
1753511280000,3738.41,3738.72,3737.93,3738.03,435.388,1753511339999,1627602.12991,699,130.570,488097.44527,0
1753511340000,3738.04,3738.04,3737.33,3737.33,450.773,1753511399999,1684930.43163,808,124.836,466609.45960,0
1753511400000,3737.34,3738.17,3735.35,3735.36,606.534,1753511459999,2266585.20773,1938,238.633,891866.14797,0
1753511460000,3735.36,3735.70,3733.51,3734.59,1019.762,1753511519999,3808598.83316,1924,332.346,1241233.97236,0
1753511520000,3734.58,3738.00,3734.58,3737.31,1254.575,1753511579999,4686718.40913,1592,872.302,3258363.65963,0
1753511580000,3737.32,3738.60,3737.31,3738.6,836.622,1753511639999,3127464.65269,1344,548.477,2050328.06098,0
1753511640000,3738.60,3743.23,3738.59,3743.22,2915.873,1753511699999,10909728.82287,3024,2440.870,9132454.21953,0
1753511700000,3743.23,3743.57,3739.58,3741.3,2154.067,1753511759999,8058744.97616,2631,680.229,2544974.15730,0
1753511760000,3741.31,3741.31,3739.42,3741.0,806.351,1753511819999,3016238.04376,1256,353.693,1322947.27309,0
1753511820000,3741.00,3741.00,3740.99,3741.0,232.973,1753511879999,871551.07470,353,141.143,528015.96300,0
1753511880000,3741.00,3741.00,3737.91,3739.67,1261.513,1753511939999,4716821.94947,1671,417.313,1560193.35621,0
1753511940000,3739.68,3739.91,3738.48,3739.9,685.676,1753511999999,2563834.16238,1036,311.667,1165319.45179,0
1753512000000,3739.91,3740.54,3739.19,3740.35,820.571,1753512059999,3068984.95007,1180,349.635,1307652.30869,0
1753512060000,3740.34,3740.35,3739.20,3739.65,762.107,1753512119999,2850104.62731,1087,437.944,1637790.72964,0
1753512120000,3739.64,3741.20,3739.64,3740.38,418.630,1753512179999,1565943.33063,1188,191.944,717951.43780,0
1753512180000,3740.39,3740.73,3739.39,3739.39,460.062,1753512239999,1720504.09734,918,291.992,1091940.08375,0
1753512240000,3739.40,3739.78,3739.31,3739.78,235.760,1753512299999,881631.42604,556,147.198,550444.99735,0
1753512300000,3739.78,3740.92,3739.40,3739.4,560.601,1753512359999,2096843.62068,1063,277.519,1037972.95146,0
1753512360000,3739.40,3739.65,3737.27,3737.28,883.774,1753512419999,3303829.55903,1691,258.034,964776.89607,0
1753512420000,3737.28,3737.28,3733.63,3736.29,2497.138,1753512479999,9326291.31776,3070,617.700,2307004.39499,0
1753512480000,3736.29,3737.51,3736.28,3737.13,582.172,1753512539999,2175554.77943,1168,231.831,866294.64853,0
1753512540000,3737.13,3738.56,3737.12,3738.55,292.164,1753512599999,1091980.06654,1079,118.171,441673.99538,0
1753512600000,3738.56,3738.56,3736.85,3737.35,924.573,1753512659999,3455726.13017,1892,197.917,739735.55065,0
1753512660000,3737.36,3739.70,3737.35,3739.04,456.862,1753512719999,1708220.05355,1018,351.496,1314213.18138,0
1753512720000,3739.05,3739.05,3736.42,3736.46,335.533,1753512779999,1254092.25939,960,19.976,74667.69603,0
1753512780000,3736.47,3740.00,3736.46,3739.99,1014.463,1753512839999,3793242.08098,1485,876.216,3276370.63442,0
1753512840000,3740.00,3740.00,3737.10,3738.29,1615.749,1753512899999,6039852.21464,1793,491.646,1837788.38266,0
1753512900000,3738.30,3738.63,3737.76,3737.76,592.696,1753512959999,2215742.56506,708,270.625,1011710.76619,0
1753512960000,3737.76,3737.76,3735.13,3736.23,1091.441,1753513019999,4077966.83128,1910,190.611,712149.57145,0
1753513020000,3736.23,3737.57,3736.22,3736.35,710.614,1753513079999,2655572.09865,964,416.688,1557128.42922,0
1753513080000,3736.35,3737.37,3735.96,3737.37,534.360,1753513139999,1996630.73184,903,115.711,432357.86184,0
1753513140000,3737.38,3738.36,3737.37,3738.36,302.459,1753513199999,1130557.40736,650,184.405,689282.93614,0
1753513200000,3738.36,3738.36,3737.00,3738.19,518.237,1753513259999,1936913.52878,1196,221.560,828055.38073,0
1753513260000,3738.19,3738.19,3736.43,3737.54,1177.176,1753513319999,4399363.27803,1330,219.266,819375.52429,0
1753513320000,3737.54,3738.62,3736.68,3736.69,1187.769,1753513379999,4439818.23025,1577,657.312,2457012.94583,0
1753513380000,3736.69,3738.62,3736.68,3738.62,449.024,1753513439999,1678138.63765,1132,193.305,722454.90747,0
1753513440000,3738.61,3739.98,3738.00,3739.98,2230.050,1753513499999,8337395.17238,1287,1972.083,7373008.53705,0
1753513500000,3739.99,3739.99,3739.42,3739.51,383.851,1753513559999,1435504.50959,880,244.435,914112.85198,0
1753513560000,3739.51,3741.78,3739.50,3741.77,1144.223,1753513619999,4280041.15490,1439,932.613,3488430.86592,0
1753513620000,3741.78,3741.78,3740.12,3740.64,458.207,1753513679999,1714011.30763,1031,164.363,614801.26521,0
1753513680000,3740.65,3740.69,3738.03,3738.77,1154.473,1753513739999,4317493.66603,1397,193.742,724379.75237,0
1753513740000,3738.79,3740.20,3738.79,3739.66,341.940,1753513799999,1278790.40309,898,226.252,846123.83686,0
1753513800000,3739.67,3740.91,3739.66,3740.85,396.189,1753513859999,1481899.92532,956,144.528,540554.32126,0
1753513860000,3740.86,3741.78,3740.86,3741.47,496.046,1753513919999,1855880.52490,1079,242.895,908720.12807,0
1753513920000,3741.48,3741.68,3738.02,3739.41,2255.429,1753513979999,8434866.41616,2034,727.700,2721820.03845,0
1753513980000,3739.41,3742.00,3739.41,3742.0,480.144,1753514039999,1796472.90737,1164,320.747,1200044.15042,0
1753514040000,3742.00,3745.45,3741.99,3744.8,1302.899,1753514099999,4878894.53160,2097,922.942,3455951.46801,0
1753514100000,3744.81,3747.37,3744.00,3746.69,2626.384,1753514159999,9838347.93410,2540,2195.232,8223598.22389,0
1753514160000,3746.70,3746.87,3745.07,3745.32,2054.483,1753514219999,7695542.11356,2046,493.115,1847043.34126,0
1753514220000,3745.31,3745.60,3743.63,3743.63,758.257,1753514279999,2839543.15214,1109,138.665,519264.35618,0
1753514280000,3743.63,3743.90,3743.00,3743.37,779.165,1753514339999,2916824.60432,972,341.463,1278262.45701,0
1753514340000,3743.38,3744.00,3742.46,3742.63,807.188,1753514399999,3021420.58394,1259,431.888,1616543.82476,0
1753514400000,3742.63,3743.22,3741.85,3742.62,445.527,1753514459999,1667390.42824,1014,235.310,880638.02190,0
1753514460000,3742.63,3743.08,3741.78,3742.82,431.896,1753514519999,1616310.19494,1018,179.484,671690.84359,0
1753514520000,3742.82,3742.83,3740.23,3740.23,483.680,1753514579999,1809574.70179,1305,131.424,491700.14587,0
1753514580000,3740.24,3741.46,3740.23,3740.85,627.010,1753514639999,2345499.92052,1005,407.412,1524008.06179,0
1753514640000,3740.86,3741.47,3740.85,3741.46,186.971,1753514699999,699452.91930,490,80.750,302083.92523,0
1753514700000,3741.47,3742.00,3741.00,3741.99,377.387,1753514759999,1412053.08744,790,147.507,551915.23714,0
1753514760000,3742.00,3743.27,3741.50,3743.0,522.795,1753514819999,1956400.67708,1053,342.120,1280278.51421,0
1753514820000,3743.00,3744.52,3742.99,3744.24,589.928,1753514879999,2208664.30448,1029,239.233,895628.15320,0
1753514880000,3744.24,3744.50,3742.79,3742.79,1129.122,1753514939999,4227375.41101,1408,190.916,714823.08153,0
1753514940000,3742.80,3742.80,3741.20,3741.84,411.720,1753514999999,1540601.57414,932,165.540,619412.21523,0
1753515000000,3741.84,3742.72,3741.65,3741.65,605.824,1753515059999,2267134.56285,1025,378.141,1415095.27043,0
1753515060000,3741.65,3743.97,3741.53,3743.63,559.714,1753515119999,2095048.25198,1148,373.961,1399746.86069,0
1753515120000,3743.64,3744.49,3743.21,3743.72,521.935,1753515179999,1954101.75804,1072,254.325,952146.88396,0
1753515180000,3743.71,3745.00,3743.71,3744.43,399.317,1753515239999,1495225.37655,956,214.194,802016.63368,0
1753515240000,3744.43,3744.43,3741.74,3742.84,653.290,1753515299999,2445153.19205,1630,323.208,1209619.69548,0
1753515300000,3742.84,3742.84,3741.03,3741.37,741.270,1753515359999,2773562.82975,1131,185.407,693731.83418,0
1753515360000,3741.38,3741.38,3740.39,3740.42,664.750,1753515419999,2486631.53560,1328,217.094,812069.63619,0
1753515420000,3740.42,3740.42,3740.00,3740.0,606.238,1753515479999,2267414.99186,994,134.207,501947.75200,0
1753515480000,3740.00,3741.34,3739.00,3741.33,1013.354,1753515539999,3789773.74497,1594,598.988,2240249.60040,0
1753515540000,3741.34,3741.34,3739.10,3740.49,1039.629,1753515599999,3888566.33767,1089,174.308,651978.01133,0
1753515600000,3740.49,3741.50,3740.48,3741.5,453.049,1753515659999,1694938.71257,681,239.778,897078.29599,0
1753515660000,3741.50,3743.99,3741.49,3743.98,1014.677,1753515719999,3797219.48284,1463,762.712,2854206.49485,0
1753515720000,3743.99,3744.81,3743.89,3744.0,410.267,1753515779999,1536198.05371,1000,222.817,834315.07972,0
1753515780000,3744.00,3744.95,3743.60,3744.94,409.040,1753515839999,1531635.10021,1025,198.332,742678.83099,0
1753515840000,3744.95,3744.95,3743.36,3743.7,487.045,1753515899999,1823428.34279,1021,228.187,854279.77296,0
1753515900000,3743.70,3744.56,3743.54,3744.5,791.049,1753515959999,2961692.64825,869,655.342,2453619.95036,0
1753515960000,3744.50,3745.60,3743.72,3743.96,1506.666,1753516019999,5641701.62928,1610,936.714,3507294.49842,0
1753516020000,3743.96,3743.96,3742.90,3742.9,662.302,1753516079999,2479312.16658,768,115.076,430781.81155,0
1753516080000,3742.91,3743.00,3742.18,3742.7,422.943,1753516139999,1582956.16466,875,178.727,668916.88619,0
1753516140000,3742.70,3743.00,3742.31,3742.99,196.138,1753516199999,734110.78111,558,97.230,363913.89575,0
1753516200000,3743.00,3743.79,3742.72,3743.61,426.300,1753516259999,1595817.40337,859,266.645,998138.54811,0
1753516260000,3743.61,3743.95,3742.15,3742.16,618.735,1753516319999,2316052.13837,937,102.370,383230.13102,0
1753516320000,3742.15,3742.16,3741.17,3741.2,710.611,1753516379999,2658779.30199,1179,219.737,822123.77182,0
1753516380000,3741.21,3741.84,3741.20,3741.36,629.760,1753516439999,2356197.33540,772,352.647,1319394.00327,0
1753516440000,3741.37,3741.37,3740.69,3740.69,460.212,1753516499999,1721657.54785,721,187.862,702801.62120,0
1753516500000,3740.70,3741.40,3740.69,3741.39,634.087,1753516559999,2372124.28127,1001,362.734,1356966.05638,0
1753516560000,3741.40,3742.20,3740.97,3741.94,354.733,1753516619999,1327246.41343,996,144.539,540800.14569,0
1753516620000,3741.94,3742.16,3740.72,3740.72,699.456,1753516679999,2616970.36176,968,175.340,656000.34950,0
1753516680000,3740.73,3741.30,3739.78,3741.29,1526.708,1753516739999,5710810.29956,1347,954.927,3572214.74981,0
1753516740000,3741.30,3741.30,3740.23,3741.03,433.174,1753516799999,1620381.82685,804,224.291,838990.29701,0
1753516800000,3741.04,3745.53,3741.03,3744.71,2766.832,1753516859999,10359724.35128,2667,2361.161,8840835.92305,0
1753516860000,3744.71,3744.71,3744.08,3744.22,560.608,1753516919999,2099110.34144,969,196.399,735387.92879,0
1753516920000,3744.22,3744.23,3743.35,3743.46,446.635,1753516979999,1672073.83706,1156,274.039,1025902.77074,0
1753516980000,3743.46,3743.46,3741.86,3742.83,616.400,1753517039999,2306894.45769,1406,290.443,1086970.60655,0
1753517040000,3742.84,3742.84,3741.94,3742.15,294.315,1753517099999,1101446.10286,645,122.427,458168.59631,0
1753517100000,3742.16,3742.76,3741.84,3742.74,494.879,1753517159999,1852027.97803,1003,180.644,676041.37564,0
1753517160000,3742.75,3743.80,3742.18,3743.79,752.997,1753517219999,2818369.23406,947,644.666,2412886.43868,0
1753517220000,3743.80,3744.71,3743.04,3744.71,680.433,1753517279999,2547408.67007,1217,505.910,1894055.80266,0
1753517280000,3744.71,3744.71,3744.00,3744.37,587.068,1753517339999,2198235.04641,1126,204.184,764557.21940,0
1753517340000,3744.36,3744.37,3744.00,3744.06,492.780,1753517399999,1845027.32536,665,214.658,803695.48286,0
1753517400000,3744.06,3744.11,3743.38,3743.69,1031.060,1753517459999,3860019.66813,1187,255.416,956185.10900,0
1753517460000,3743.69,3743.69,3742.25,3742.25,383.743,1753517519999,1436219.70488,933,79.177,296338.75050,0
1753517520000,3742.26,3742.82,3742.00,3742.82,587.454,1753517579999,2198382.26685,919,414.370,1550677.78951,0
1753517580000,3742.82,3743.71,3742.73,3742.74,317.794,1753517639999,1189582.55586,1029,129.127,483345.48454,0
1753517640000,3742.73,3743.16,3742.43,3742.91,554.623,1753517699999,2075891.64787,911,398.810,1492697.56540,0
1753517700000,3742.91,3743.42,3742.42,3742.5,333.291,1753517759999,1247444.02097,941,221.229,828027.02611,0
1753517760000,3742.50,3744.70,3742.49,3744.69,1062.752,1753517819999,3979419.30212,1076,973.758,3646212.80185,0
1753517820000,3744.70,3747.00,3744.69,3747.0,2292.015,1753517879999,8585181.53655,2095,1455.086,5450093.46844,0
1753517880000,3746.99,3758.99,3746.45,3756.04,27172.585,1753517939999,101975185.62485,17195,21455.835,80511770.16972,0
1753517940000,3756.05,3762.33,3755.16,3755.72,13433.466,1753517999999,50492201.12044,9806,9723.382,36547372.14332,0
1753518000000,3755.73,3757.93,3754.00,3757.16,3641.442,1753518059999,13677052.00273,4779,2061.888,7744553.59581,0
1753518060000,3757.16,3757.16,3754.13,3754.4,2176.922,1753518119999,8174748.44037,3051,827.121,3105832.69755,0
1753518120000,3754.41,3755.23,3753.26,3753.26,2586.325,1753518179999,9710010.17655,2664,1045.741,3926222.71545,0
1753518180000,3753.27,3754.00,3753.00,3753.85,1546.917,1753518239999,5806431.79031,1554,875.323,3285545.16687,0
1753518240000,3753.85,3753.85,3752.17,3753.28,2380.379,1753518299999,8933573.42668,2397,1047.567,3931457.91497,0
1753518300000,3753.29,3759.09,3753.28,3757.34,5904.355,1753518359999,22183478.01716,4216,4265.616,16025565.58759,0
1753518360000,3757.35,3759.34,3756.44,3759.34,2637.031,1753518419999,9909311.11739,3754,1696.809,6376112.86338,0
1753518420000,3759.34,3763.81,3757.99,3761.71,6183.523,1753518479999,23257012.12622,5866,4366.549,16423674.20025,0
1753518480000,3761.72,3764.42,3759.68,3760.48,4769.670,1753518539999,17944564.98736,5032,3200.292,12041296.71777,0
1753518540000,3760.48,3762.00,3760.48,3761.01,2555.514,1753518599999,9611236.17501,3083,1612.703,6065330.43905,0
1753518600000,3761.00,3764.53,3760.31,3764.41,3680.410,1753518659999,13847651.04300,3913,2472.941,9304823.72986,0
1753518660000,3764.41,3765.66,3761.45,3761.46,4268.689,1753518719999,16067089.56404,4447,2688.771,10121032.58480,0
1753518720000,3761.46,3761.67,3757.54,3758.44,4078.199,1753518779999,15331453.20207,3675,1255.714,4720575.36389,0
1753518780000,3758.45,3758.45,3755.85,3757.08,1663.695,1753518839999,6251141.45493,2247,737.529,2771010.13782,0
1753518840000,3757.07,3757.32,3755.53,3757.28,1688.688,1753518899999,6343181.14034,2258,812.516,3051929.93342,0
1753518900000,3757.28,3759.43,3756.99,3757.99,2974.610,1753518959999,11178872.39047,2650,1002.010,3765755.90079,0
1753518960000,3758.00,3758.39,3755.00,3755.0,1608.407,1753519019999,6041888.33371,1916,394.409,1481609.67100,0
1753519020000,3755.01,3756.25,3754.01,3756.25,2552.774,1753519079999,9584749.26253,2679,1675.521,6290964.17038,0
1753519080000,3756.25,3757.24,3755.67,3757.24,995.205,1753519139999,3738576.56141,1366,575.281,2161124.19940,0
1753519140000,3757.24,3757.24,3754.59,3755.82,1842.195,1753519199999,6918883.37106,1776,620.394,2330142.22747,0
1753519200000,3755.83,3755.83,3754.46,3755.16,1118.152,1753519259999,4198664.80716,1170,203.034,762352.39038,0
1753519260000,3755.16,3756.21,3755.15,3755.27,1384.052,1753519319999,5198350.05991,1491,978.850,3676431.26475,0
1753519320000,3755.28,3756.06,3755.11,3755.23,729.326,1753519379999,2738941.56684,1142,403.237,1514334.84144,0
1753519380000,3755.24,3755.79,3755.22,3755.52,607.543,1753519439999,2281564.31058,1091,447.176,1679313.34590,0
1753519440000,3755.52,3755.88,3755.51,3755.55,887.526,1753519499999,3333234.71864,935,683.149,2565663.26432,0
1753519500000,3755.56,3755.61,3753.90,3754.84,1376.279,1753519559999,5167359.88168,1770,549.144,2061791.93862,0
1753519560000,3754.85,3758.00,3754.84,3757.63,4125.397,1753519619999,15495525.37792,1961,3644.234,13688345.02376,0
1753519620000,3757.63,3761.37,3757.32,3761.36,3330.818,1753519679999,12523283.67467,2956,3052.701,11477768.88407,0
1753519680000,3761.37,3763.86,3761.32,3763.85,2575.535,1753519739999,9690385.41399,2469,1569.813,5906256.51772,0
1753519740000,3763.86,3772.00,3763.85,3768.1,20011.427,1753519799999,75419068.83665,15215,13340.394,50276943.85951,0
1753519800000,3768.10,3781.26,3767.67,3776.29,26375.653,1753519859999,99584848.54154,19009,20525.118,77499068.93395,0
1753519860000,3776.29,3778.88,3769.03,3769.87,18367.640,1753519919999,69292829.64294,9771,7404.522,27933210.06750,0
1753519920000,3769.87,3771.47,3768.86,3769.24,8287.163,1753519979999,31242736.38354,7711,4801.903,18102814.80343,0
1753519980000,3769.24,3772.65,3769.23,3769.93,9828.358,1753520039999,37059362.08265,5615,4954.432,18680318.11896,0
1753520040000,3769.94,3769.94,3768.75,3768.98,2631.963,1753520099999,9920221.45301,2000,811.450,3058534.18630,0
1753520100000,3768.99,3768.99,3757.99,3758.38,27765.087,1753520159999,104454630.42083,14349,6583.580,24762897.80562,0
1753520160000,3758.39,3761.47,3757.44,3757.68,8881.193,1753520219999,33382168.57547,5762,4721.828,17747236.91771,0
1753520220000,3757.68,3760.53,3757.67,3760.52,2328.604,1753520279999,8752885.34029,3097,1366.370,5136183.13994,0
1753520280000,3760.53,3760.84,3758.71,3760.51,1431.696,1753520339999,5382954.03435,2108,641.027,2410159.71302,0
1753520340000,3760.52,3761.64,3760.24,3761.19,1443.128,1753520399999,5427236.93888,1536,998.969,3756916.48685,0
1753520400000,3761.19,3764.76,3761.18,3764.59,3556.718,1753520459999,13384989.68782,3903,2678.905,10081493.30578,0
1753520460000,3764.58,3764.59,3761.78,3762.43,2140.713,1753520519999,8055868.92821,2312,1188.769,4473712.40807,0
1753520520000,3762.43,3762.44,3760.03,3760.03,2207.745,1753520579999,8304434.45477,2203,323.600,1217141.29343,0
1753520580000,3760.03,3762.00,3756.56,3757.0,14386.851,1753520639999,54061077.51981,5799,4300.334,16158726.75332,0
1753520640000,3756.99,3759.35,3756.99,3759.01,2523.110,1753520699999,9482418.09998,2067,1428.170,5366830.04095,0
1753520700000,3759.01,3759.01,3747.46,3752.51,17498.463,1753520759999,65655311.64283,8988,3032.062,11375257.68847,0
1753520760000,3752.50,3757.53,3750.51,3755.48,6969.689,1753520819999,26162466.66091,6724,3622.522,13599088.35694,0
1753520820000,3755.48,3755.82,3753.88,3754.88,3159.641,1753520879999,11863169.07344,2547,1797.080,6746961.64373,0
1753520880000,3754.89,3755.34,3754.41,3755.32,1044.405,1753520939999,3921582.58642,1452,631.256,2370237.75177,0
1753520940000,3755.33,3757.07,3754.97,3755.81,1459.796,1753520999999,5482977.50344,2143,876.393,3291643.18938,0
1753521000000,3755.81,3757.69,3755.26,3757.01,2050.401,1753521059999,7702247.85368,2585,1134.650,4262182.69701,0
1753521060000,3757.01,3757.69,3756.24,3756.31,2372.017,1753521119999,8911845.32239,1903,1145.953,4305481.12188,0
1753521120000,3756.31,3758.32,3756.30,3758.32,1571.857,1753521179999,5905629.68909,1881,924.431,3473231.45762,0
1753521180000,3758.31,3760.00,3758.30,3758.65,2958.793,1753521239999,11123378.35680,2173,2565.556,9645091.70140,0
1753521240000,3758.65,3758.65,3757.19,3757.52,1754.434,1753521299999,6592690.91610,2480,476.620,1790930.26341,0
1753521300000,3757.52,3759.61,3757.51,3759.15,784.962,1753521359999,2950369.89151,1263,602.677,2265271.25196,0
1753521360000,3759.15,3759.40,3757.54,3759.39,1470.476,1753521419999,5526662.49064,1872,592.756,2227701.75243,0
1753521420000,3759.39,3761.62,3759.38,3759.56,3394.314,1753521479999,12763512.64656,2310,2912.785,10952575.98678,0
1753521480000,3759.56,3760.10,3756.55,3756.55,1032.530,1753521539999,3880433.81392,1939,473.934,1781165.35938,0
1753521540000,3756.54,3757.66,3755.16,3757.05,941.943,1753521599999,3537961.50476,1986,510.421,1917166.89023,0
1753521600000,3757.05,3757.49,3755.78,3756.07,644.694,1753521659999,2421872.55634,1505,233.043,875427.41590,0
1753521660000,3756.05,3757.22,3755.68,3755.94,512.892,1753521719999,1926524.92466,1095,251.599,945066.38348,0
1753521720000,3755.94,3755.95,3754.43,3755.08,1473.389,1753521779999,5532663.92363,1838,340.552,1278816.65225,0
1753521780000,3755.08,3756.75,3754.83,3754.83,926.856,1753521839999,3481190.10909,1369,496.992,1866709.97489,0
1753521840000,3754.84,3754.84,3752.97,3753.6,2034.624,1753521899999,7637209.80121,1423,434.595,1631291.40729,0
1753521900000,3753.61,3755.00,3753.60,3754.09,864.649,1753521959999,3246025.90727,1708,308.668,1158762.06989,0
1753521960000,3754.10,3754.10,3751.36,3752.01,1968.471,1753522019999,7386406.10478,2561,771.922,2896254.16761,0
1753522020000,3752.01,3752.36,3750.59,3751.54,1934.104,1753522079999,7255092.38865,2028,1027.573,3854519.93035,0
1753522080000,3751.55,3752.36,3750.97,3750.98,873.917,1753522139999,3278722.73679,1452,462.691,1735894.01273,0
1753522140000,3750.98,3751.50,3750.95,3751.0,859.284,1753522199999,3223231.69537,1060,479.375,1798169.13780,0
1753522200000,3751.00,3751.13,3748.04,3748.17,3344.861,1753522259999,12542171.10266,3608,974.147,3652955.57025,0
1753522260000,3748.17,3750.42,3747.62,3749.54,2874.329,1753522319999,10775395.62675,4783,1797.963,6740365.23361,0
1753522320000,3749.55,3750.37,3748.08,3749.53,2008.430,1753522379999,7529981.05276,5227,989.876,3711402.73783,0
1753522380000,3749.53,3752.38,3749.53,3751.52,1150.529,1753522439999,4315925.29106,2946,747.312,2803320.65617,0
1753522440000,3751.52,3752.91,3751.51,3752.03,853.565,1753522499999,3202784.36696,1338,485.029,1819896.54412,0
1753522500000,3752.03,3753.87,3752.02,3753.87,955.935,1753522559999,3587792.73640,1294,885.034,3321682.88914,0
1753522560000,3753.87,3754.48,3752.74,3753.0,837.095,1753522619999,3142122.95824,1622,343.140,1288061.23620,0
1753522620000,3753.01,3753.01,3750.64,3751.17,853.251,1753522679999,3201382.67139,1302,410.464,1540017.48951,0
1753522680000,3751.18,3752.67,3750.00,3752.67,839.108,1753522739999,3147512.93169,1274,399.467,1498568.60784,0
1753522740000,3752.67,3753.92,3752.66,3753.53,629.111,1753522799999,2361324.44313,1036,454.161,1704651.32324,0
1753522800000,3753.53,3754.13,3753.52,3753.53,1458.702,1753522859999,5475793.63521,903,810.135,3041079.21139,0
1753522860000,3753.54,3754.47,3751.39,3751.64,1044.063,1753522919999,3918719.42548,1470,468.718,1759411.85463,0
1753522920000,3751.64,3752.00,3751.12,3751.12,3351.448,1753522979999,12574475.18349,1122,2941.219,11035355.28036,0
1753522980000,3751.11,3752.38,3751.07,3751.87,595.657,1753523039999,2234609.61735,1038,369.663,1386742.20098,0
1753523040000,3751.87,3752.68,3751.17,3752.66,887.073,1753523099999,3328276.78683,1093,482.754,1811426.11810,0
1753523100000,3752.65,3754.13,3752.65,3753.36,1014.226,1753523159999,3806659.81424,1951,807.407,3030336.82749,0
1753523160000,3753.36,3753.55,3752.69,3752.7,536.426,1753523219999,2013153.40709,740,348.274,1307024.11911,0
1753523220000,3752.70,3752.70,3750.80,3751.52,660.186,1753523279999,2476643.57984,1079,245.787,922009.90305,0
1753523280000,3751.52,3752.38,3750.62,3751.74,638.976,1753523339999,2397182.00066,1207,230.715,865553.79224,0
1753523340000,3751.74,3752.50,3751.01,3751.01,548.216,1753523399999,2056816.65261,794,347.547,1303882.28449,0
1753523400000,3751.01,3752.04,3751.00,3751.59,646.577,1753523459999,2425784.27565,988,438.675,1645796.60997,0
1753523460000,3751.58,3753.00,3750.68,3753.0,1150.327,1753523519999,4315658.18518,1233,814.099,3054129.92088,0
1753523520000,3753.00,3754.27,3752.99,3754.27,885.386,1753523579999,3323327.42140,962,833.873,3129962.33613,0
1753523580000,3754.27,3754.54,3753.29,3754.27,992.496,1753523639999,3725899.69904,1419,508.745,1909873.59867,0
1753523640000,3754.27,3754.93,3754.02,3754.49,742.847,1753523699999,2789099.42879,944,575.643,2161305.86587,0
1753523700000,3754.50,3754.50,3754.00,3754.13,999.849,1753523759999,3753631.34005,957,598.044,2245165.09917,0
1753523760000,3754.12,3755.66,3754.12,3755.66,1240.977,1753523819999,4659519.32447,1330,729.388,2738740.05884,0
1753523820000,3755.66,3757.35,3755.65,3757.35,1931.404,1753523879999,7255854.11163,1912,1159.970,4357611.19923,0
1753523880000,3757.35,3758.28,3757.00,3758.26,1854.690,1753523939999,6969685.95014,1931,1078.833,4054042.70360,0
1753523940000,3758.27,3758.27,3757.35,3757.4,831.765,1753523999999,3125727.60915,949,198.635,746506.14071,0
1753524000000,3757.40,3759.84,3757.39,3759.84,1526.739,1753524059999,5738522.62167,2008,1043.270,3921273.05392,0
1753524060000,3759.84,3761.67,3759.00,3761.2,2870.414,1753524119999,10794128.36763,2472,1940.611,7297493.56950,0
1753524120000,3761.20,3762.60,3760.62,3760.96,2301.362,1753524179999,8656551.54471,2556,1411.451,5308998.51224,0
1753524180000,3760.96,3761.39,3758.55,3758.78,1203.390,1753524239999,4524250.65868,1912,384.340,1444958.74609,0
1753524240000,3758.78,3758.78,3755.57,3755.88,2080.669,1753524299999,7815714.02334,2712,359.601,1350634.91184,0
1753524300000,3755.87,3756.32,3754.63,3754.63,1366.888,1753524359999,5133373.18257,1479,273.553,1027351.85992,0
1753524360000,3754.63,3755.00,3754.43,3754.43,783.167,1753524419999,2940648.53569,985,394.134,1479889.39448,0
1753524420000,3754.43,3754.51,3753.50,3754.24,754.920,1753524479999,2833939.51713,1093,134.055,503228.94245,0
1753524480000,3754.24,3754.24,3750.77,3752.59,2510.248,1753524539999,9419717.12763,3088,1171.323,4395569.05668,0
1753524540000,3752.59,3754.53,3752.53,3754.53,911.920,1753524599999,3423087.32588,1157,635.080,2383956.53765,0
1753524600000,3754.53,3756.37,3754.52,3755.5,1109.473,1753524659999,4166897.10346,1426,646.270,2427117.82088,0
1753524660000,3755.50,3757.30,3755.50,3757.3,461.013,1753524719999,1731822.20102,966,387.850,1456953.90657,0
1753524720000,3757.29,3757.96,3756.27,3757.94,776.886,1753524779999,2918821.92612,1218,522.011,1961298.54267,0
1753524780000,3757.93,3758.52,3755.77,3756.23,1184.178,1753524839999,4449285.89611,1982,643.296,2417147.61691,0
1753524840000,3756.23,3757.44,3756.23,3756.91,1062.946,1753524899999,3993283.61654,1198,679.077,2551170.31204,0
1753524900000,3756.91,3758.18,3756.91,3758.09,507.107,1753524959999,1905600.27163,950,325.136,1221755.24252,0
1753524960000,3758.08,3764.58,3758.08,3764.0,3490.709,1753525019999,13135118.69006,3860,2737.733,10301421.50058,0
1753525020000,3764.00,3764.00,3760.43,3760.81,5246.475,1753525079999,19743226.90105,2772,545.256,2050800.09938,0
1753525080000,3760.82,3760.82,3759.29,3760.5,838.962,1753525139999,3154688.00441,1484,455.585,1713068.38846,0
1753525140000,3760.50,3761.00,3758.81,3758.81,632.392,1753525199999,2377819.57047,1149,314.935,1184252.84935,0
1753525200000,3758.81,3761.50,3758.36,3760.01,2062.592,1753525259999,7755753.01934,2454,1530.853,5756275.57229,0
1753525260000,3760.01,3764.13,3759.70,3764.01,1214.369,1753525319999,4569479.41217,2401,678.430,2552651.85250,0
1753525320000,3764.01,3764.33,3761.57,3762.57,1304.217,1753525379999,4907445.79092,2043,432.791,1628486.92190,0
1753525380000,3762.57,3762.58,3761.11,3762.0,1168.942,1753525439999,4397330.36540,1196,357.475,1344687.32194,0
1753525440000,3761.99,3762.38,3761.38,3761.39,397.502,1753525499999,1495348.01666,1010,169.579,637918.30029,0
1753525500000,3761.40,3766.00,3761.39,3764.79,4000.604,1753525559999,15061435.87642,3785,3127.966,11776028.98394,0
1753525560000,3764.80,3765.06,3763.71,3763.72,1948.236,1753525619999,7333679.48597,2021,1045.992,3937333.45029,0
1753525620000,3763.72,3764.47,3763.71,3764.47,472.085,1753525679999,1777001.27749,989,274.166,1031988.48709,0
1753525680000,3764.46,3765.08,3761.83,3763.57,2176.850,1753525739999,8193062.10466,2214,968.356,3644815.61448,0
1753525740000,3763.57,3764.09,3761.35,3762.71,2676.319,1753525799999,10069718.29206,2409,768.609,2891769.32045,0
1753525800000,3762.72,3764.09,3762.49,3764.08,746.277,1753525859999,2808265.63526,1405,398.846,1500865.19195,0
1753525860000,3764.09,3764.09,3763.00,3763.67,850.266,1753525919999,3199896.59135,1456,361.479,1360402.44833,0
1753525920000,3763.68,3765.49,3763.67,3764.93,1252.931,1753525979999,4716906.45190,1657,708.391,2666764.61813,0
1753525980000,3764.92,3767.01,3761.00,3761.0,4631.626,1753526039999,17435717.32263,3868,1984.329,7471589.89313,0
1753526040000,3761.00,3764.25,3760.67,3762.5,1628.967,1753526099999,6129124.63019,2774,1010.884,3803727.40337,0
1753526100000,3762.50,3765.00,3762.50,3765.0,1561.748,1753526159999,5879190.97825,1777,864.227,3253227.71449,0
1753526160000,3765.00,3768.00,3764.33,3767.31,2095.282,1753526219999,7891261.70462,2788,1343.456,5059621.36080,0
1753526220000,3767.30,3773.79,3767.30,3770.58,9115.197,1753526279999,34376321.07233,9223,6352.260,23956481.87529,0
1753526280000,3770.57,3776.45,3770.34,3775.17,5347.285,1753526339999,20176039.63334,6730,3959.224,14939052.00663,0
1753526340000,3775.16,3775.17,3769.60,3771.95,3852.020,1753526399999,14530379.98390,8226,1041.111,3927552.88560,0
1753526400000,3771.95,3775.39,3771.94,3774.33,2898.270,1753526459999,10937793.45122,6510,1964.233,7412698.61831,0
1753526460000,3774.33,3774.60,3768.63,3771.96,4781.788,1753526519999,18030911.96077,5653,1523.676,5745802.52948,0
1753526520000,3771.96,3777.98,3770.14,3777.06,8024.584,1753526579999,30295614.47062,7092,5343.915,20173906.87921,0
1753526580000,3777.06,3783.62,3774.14,3774.58,15156.129,1753526639999,57283893.40007,14027,9932.025,37542864.54243,0
1753526640000,3774.58,3779.01,3772.65,3778.74,6140.040,1753526699999,23181411.13736,5541,3694.200,13947083.09158,0
1753526700000,3778.74,3779.32,3769.19,3769.99,23018.125,1753526759999,86880198.76623,8330,4107.143,15493616.83186,0
1753526760000,3770.00,3772.58,3769.43,3769.98,7036.912,1753526819999,26530874.06518,3674,4762.161,17953736.09831,0
1753526820000,3769.98,3770.00,3767.54,3767.54,3165.749,1753526879999,11931184.32723,3033,753.927,2841281.42796,0
1753526880000,3767.54,3767.54,3765.03,3766.29,5402.480,1753526939999,20346996.15889,4892,2241.838,8442944.25825,0
1753526940000,3766.29,3766.29,3760.02,3760.47,5145.199,1753526999999,19358405.23550,5010,2124.574,7992912.77491,0
1753527000000,3760.47,3765.36,3759.09,3763.97,5783.503,1753527059999,21757811.04223,6344,3111.715,11707779.79363,0
1753527060000,3763.97,3763.98,3762.05,3763.17,1435.125,1753527119999,5400399.17710,1850,744.649,2802197.17913,0
1753527120000,3763.17,3765.52,3763.16,3764.64,1760.510,1753527179999,6627191.25299,2440,1401.386,5275301.29441,0
1753527180000,3764.64,3764.64,3763.35,3763.9,984.170,1753527239999,3704374.51083,1253,673.964,2536744.95742,0
1753527240000,3763.91,3764.90,3761.32,3761.42,1519.148,1753527299999,5716810.71185,2130,321.034,1208332.04285,0
1753527300000,3761.41,3765.00,3761.00,3764.05,1671.444,1753527359999,6290312.96641,2169,1161.030,4369360.58300,0
1753527360000,3764.05,3764.05,3762.00,3762.46,692.221,1753527419999,2604676.95003,1319,321.585,1210033.25848,0
1753527420000,3762.45,3762.46,3759.71,3759.71,730.986,1753527479999,2749096.08488,1765,228.312,858702.04763,0
1753527480000,3759.72,3761.07,3758.28,3759.43,3469.241,1753527539999,13042753.42225,3414,1326.060,4985687.79916,0
1753527540000,3759.43,3759.44,3756.70,3758.39,2582.711,1753527599999,9705207.92521,3418,731.737,2749563.53723,0
1753527600000,3758.40,3759.72,3754.63,3754.63,4388.452,1753527659999,16488025.43732,4563,1301.147,4889415.88039,0
1753527660000,3754.64,3758.70,3754.63,3757.42,1899.474,1753527719999,7135546.18889,3183,1168.403,4389063.94841,0
1753527720000,3757.43,3759.16,3757.42,3758.01,722.296,1753527779999,2714463.61689,1263,450.757,1693984.19981,0
1753527780000,3758.01,3759.35,3757.07,3758.39,1660.872,1753527839999,6242379.85280,2439,719.386,2703585.37660,0
1753527840000,3758.38,3762.34,3758.38,3761.71,2353.142,1753527899999,8849902.14192,2305,1815.849,6828942.86369,0
1753527900000,3761.71,3763.50,3761.22,3763.0,1725.197,1753527959999,6491463.70812,1695,885.742,3332656.69254,0
1753527960000,3763.01,3763.33,3761.70,3763.33,907.024,1753528019999,3412698.77592,1570,473.899,1783012.42208,0
1753528020000,3763.33,3763.33,3760.58,3762.35,1831.836,1753528079999,6891518.39805,2103,678.061,2550892.81269,0
1753528080000,3762.35,3762.35,3760.79,3761.63,619.042,1753528139999,2328597.33273,1205,195.873,736725.96794,0
1753528140000,3761.63,3764.64,3761.63,3764.64,925.250,1753528199999,3482269.11412,1409,669.929,2521398.99512,0
1753528200000,3764.64,3765.34,3761.76,3762.55,1989.496,1753528259999,7488246.55628,2580,974.040,3666045.74694,0
1753528260000,3762.56,3765.00,3762.13,3765.0,898.009,1753528319999,3379536.93283,1505,557.978,2099714.31903,0
1753528320000,3765.00,3765.41,3763.23,3763.24,1378.136,1753528379999,5188642.12952,1324,178.555,672097.60086,0
1753528380000,3763.24,3766.20,3763.23,3766.0,2864.839,1753528439999,10788233.12105,1729,716.854,2699321.65275,0
1753528440000,3766.01,3766.99,3765.99,3766.4,1680.916,1753528499999,6330872.05508,1500,899.081,3386210.89909,0
1753528500000,3766.41,3767.85,3766.03,3766.03,2348.732,1753528559999,8846911.11608,1718,1816.231,6841072.46448,0
1753528560000,3766.04,3767.73,3765.75,3767.73,918.055,1753528619999,3458100.33706,1121,442.811,1668029.53418,0
1753528620000,3767.73,3768.86,3767.13,3767.14,2982.846,1753528679999,11239715.22195,1848,1125.414,4240647.15314,0
1753528680000,3767.13,3767.14,3763.47,3763.47,2451.987,1753528739999,9231088.47867,2109,1071.572,4033943.52554,0
1753528740000,3763.48,3764.38,3762.44,3762.45,1254.025,1753528799999,4719405.08308,1355,472.447,1778048.46540,0
1753528800000,3762.44,3762.45,3759.32,3759.7,6767.930,1753528859999,25451985.70440,4498,1718.667,6462597.79716,0
1753528860000,3759.70,3760.00,3753.03,3753.78,7479.114,1753528919999,28095416.48772,5733,1532.947,5757981.71178,0
1753528920000,3753.78,3753.79,3747.31,3751.16,27155.975,1753528979999,101837097.17075,15170,10631.690,39866291.57995,0
1753528980000,3751.16,3752.00,3745.00,3747.75,10748.809,1753529039999,40288410.68032,8114,4390.830,16459590.82110,0
1753529040000,3747.75,3749.77,3742.82,3745.38,9482.460,1753529099999,35519240.34588,10419,3330.304,12475022.14164,0
1753529100000,3745.39,3749.27,3744.34,3745.75,6314.570,1753529159999,23658240.46591,7866,3106.187,11637702.34350,0
1753529160000,3745.75,3748.91,3745.70,3747.49,3284.901,1753529219999,12309970.36486,5967,1488.758,5578777.74562,0
1753529220000,3747.48,3748.78,3746.50,3748.37,3370.357,1753529279999,12629839.78883,2320,1753.616,6571066.03045,0
1753529280000,3748.36,3749.18,3747.73,3747.74,2252.283,1753529339999,8442708.49632,2129,1042.860,3909168.22149,0
1753529340000,3747.74,3748.85,3747.50,3748.08,1422.605,1753529399999,5331964.20956,1836,722.420,2707611.59747,0
1753529400000,3748.07,3748.51,3725.00,3739.15,62167.358,1753529459999,232118649.93630,28408,16964.995,63366401.52318,0
1753529460000,3739.14,3743.52,3738.07,3739.98,16123.095,1753529519999,60315445.85630,8625,6826.398,25538952.07335,0
1753529520000,3740.00,3744.10,3738.08,3743.76,7992.491,1753529579999,29902580.48959,5813,4789.815,17922139.10714,0
1753529580000,3743.77,3744.86,3741.50,3743.41,4597.519,1753529639999,17210442.73238,4055,1937.208,7251550.03612,0
1753529640000,3743.40,3745.50,3741.00,3744.98,4475.734,1753529699999,16754052.16987,4189,1213.017,4541180.46096,0
1753529700000,3744.98,3746.04,3742.42,3743.1,2928.060,1753529759999,10964165.62156,3192,1307.991,4897893.61268,0
1753529760000,3743.11,3743.11,3741.02,3741.17,2067.746,1753529819999,7737536.37478,3033,844.183,3158758.48695,0
1753529820000,3741.17,3744.18,3740.01,3743.18,1489.806,1753529879999,5575277.33770,2325,561.641,2101826.34145,0
1753529880000,3743.18,3744.18,3740.54,3740.55,1220.752,1753529939999,4568623.84177,2185,486.212,1819581.65706,0
1753529940000,3740.54,3746.61,3740.07,3744.89,4555.562,1753529999999,17057454.82137,3720,3310.813,12397219.19978,0
1753530000000,3744.89,3744.89,3739.78,3741.24,1507.393,1753530059999,5640352.97875,2873,661.459,2474699.92138,0
1753530060000,3741.24,3741.24,3738.28,3741.1,4640.457,1753530119999,17353284.48685,3875,2587.625,9676224.65427,0
1753530120000,3741.09,3741.10,3736.53,3736.66,8850.805,1753530179999,33085810.56393,4635,1141.463,4266712.33212,0
1753530180000,3736.66,3740.00,3736.66,3738.01,3232.244,1753530239999,12082976.19178,2913,1715.905,6414459.17229,0
1753530240000,3738.00,3740.62,3737.29,3740.61,1640.058,1753530299999,6131464.28038,2392,828.644,3097871.91528,0
1753530300000,3740.61,3743.55,3740.61,3742.99,2019.710,1753530359999,7558828.88637,3068,1308.266,4896109.04064,0
1753530360000,3742.99,3743.00,3741.00,3742.2,1782.148,1753530419999,6668548.81107,2204,710.859,2659747.93685,0
1753530420000,3742.19,3742.20,3735.00,3737.21,5761.319,1753530479999,21536814.44593,4219,1288.694,4816140.54639,0
1753530480000,3737.22,3737.32,3732.71,3735.74,7417.117,1753530539999,27699250.19274,6409,2067.544,7721051.82072,0
1753530540000,3735.73,3740.17,3735.73,3738.05,2054.705,1753530599999,7680871.97750,3346,1314.917,4915525.03142,0
1753530600000,3738.04,3740.41,3737.54,3740.11,1423.878,1753530659999,5324634.73418,2275,1031.363,3856809.31334,0
1753530660000,3740.12,3741.69,3739.08,3741.69,1169.913,1753530719999,4375708.21417,1643,737.971,2760228.58132,0
1753530720000,3741.69,3742.29,3737.76,3738.83,2828.318,1753530779999,10577944.12266,2972,1242.782,4648124.52733,0
1753530780000,3738.83,3740.00,3738.56,3740.0,1049.207,1753530839999,3923081.11113,1195,618.068,2311076.41542,0
1753530840000,3740.00,3741.00,3739.99,3740.29,2077.664,1753530899999,7770733.31907,1445,1713.962,6410316.32651,0
1753530900000,3740.29,3740.30,3738.82,3739.19,743.330,1753530959999,2779788.65529,1364,186.437,697194.13377,0
1753530960000,3739.19,3739.20,3736.71,3737.39,2076.236,1753531019999,7760239.75120,3160,373.998,1397764.64977,0
1753531020000,3737.38,3737.61,3736.50,3736.51,913.743,1753531079999,3415089.36751,1307,355.758,1329623.34922,0
1753531080000,3736.50,3738.44,3735.56,3738.12,805.134,1753531139999,3008870.37849,1665,341.207,1275151.59203,0
1753531140000,3738.12,3738.44,3736.70,3738.44,743.564,1753531199999,2779007.31464,1652,228.406,853672.17135,0
1753531200000,3738.43,3740.19,3738.43,3739.99,1674.322,1753531259999,6260788.10444,2202,1300.442,4862728.70088,0
1753531260000,3739.98,3740.83,3738.85,3739.33,2255.006,1753531319999,8433797.53701,2279,1471.825,5504766.13939,0
1753531320000,3739.33,3739.77,3738.44,3738.44,367.204,1753531379999,1372999.63604,906,98.514,368357.70709,0
1753531380000,3738.45,3738.45,3733.23,3735.53,3073.723,1753531439999,11480348.12047,3858,816.655,3050559.42429,0
1753531440000,3735.53,3735.60,3731.32,3732.54,4523.741,1753531499999,16885837.46967,4177,1092.587,4078593.32324,0
1753531500000,3732.54,3733.48,3731.00,3731.58,2027.722,1753531559999,7568139.25688,2960,990.935,3698665.32221,0
1753531560000,3731.59,3734.13,3731.58,3733.64,3189.366,1753531619999,11906285.50234,2396,2204.326,8228832.57674,0
1753531620000,3733.65,3734.26,3731.42,3732.35,1738.189,1753531679999,6488327.12478,2042,625.042,2333123.51367,0
1753531680000,3732.35,3733.52,3731.30,3731.72,1612.538,1753531739999,6018789.51773,2140,801.001,2989740.27490,0
1753531740000,3731.71,3731.72,3725.90,3730.79,8847.829,1753531799999,32992991.50350,7302,2109.832,7867935.20787,0
1753531800000,3730.80,3734.25,3730.67,3734.03,7025.657,1753531859999,26225138.32043,4460,5076.615,18949457.21713,0
1753531860000,3734.03,3734.96,3732.03,3734.96,2951.909,1753531919999,11021798.58409,3134,1484.597,5543025.69020,0
1753531920000,3734.97,3737.34,3733.30,3736.55,4248.213,1753531979999,15868732.12684,3468,2842.960,10620894.07949,0
1753531980000,3736.54,3736.54,3734.00,3734.07,2891.812,1753532039999,10801848.53185,2832,1587.464,5929779.49496,0
1753532040000,3734.07,3735.68,3734.06,3735.42,861.646,1753532099999,3218087.86053,1675,506.346,1891098.40374,0
1753532100000,3735.42,3740.85,3735.41,3738.91,13367.362,1753532159999,49981625.81979,5801,7510.484,28077360.44946,0
1753532160000,3738.91,3738.91,3737.33,3737.85,1567.428,1753532219999,5859272.49866,1542,1012.223,3783793.73041,0
1753532220000,3737.85,3738.49,3737.00,3738.29,1382.532,1753532279999,5167936.25930,1385,1131.449,4229434.42002,0
1753532280000,3738.29,3739.22,3737.50,3738.54,3482.777,1753532339999,13020107.77516,2792,2324.088,8688304.67908,0
1753532340000,3738.55,3740.42,3738.16,3739.78,3081.217,1753532399999,11522707.41417,2855,2003.156,7491212.26722,0
1753532400000,3739.77,3742.54,3738.91,3741.16,6388.740,1753532459999,23898755.51970,4977,2529.254,9461645.17807,0
1753532460000,3741.16,3743.56,3740.92,3742.36,4657.217,1753532519999,17430375.37490,3522,2906.464,10878099.30775,0
1753532520000,3742.35,3742.83,3741.87,3742.33,2078.549,1753532579999,7778576.04285,2029,933.555,3493575.61432,0
1753532580000,3742.33,3743.55,3742.32,3743.55,706.990,1753532639999,2645978.80430,970,564.311,2111991.56743,0
1753532640000,3743.54,3748.50,3742.74,3746.54,21857.792,1753532699999,81871991.35880,9909,17770.696,66563179.22501,0
1753532700000,3746.54,3749.00,3744.76,3744.77,6828.845,1753532759999,25590114.57648,4365,4739.585,17762185.27258,0
1753532760000,3744.76,3744.77,3739.71,3740.84,8181.405,1753532819999,30615872.14033,5501,2603.492,9741947.78899,0
1753532820000,3740.85,3741.51,3739.49,3740.73,1781.110,1753532879999,6662100.48597,2226,1348.265,5043100.89647,0
1753532880000,3740.72,3741.70,3739.36,3739.84,797.287,1753532939999,2981882.21052,1540,269.366,1007415.83512,0
1753532940000,3739.83,3741.38,3739.83,3741.07,847.477,1753532999999,3170218.95804,1557,464.351,1737030.52651,0
1753533000000,3741.08,3741.08,3738.69,3738.7,1365.265,1753533059999,5105527.48757,1857,321.754,1203200.57705,0
1753533060000,3738.70,3741.34,3738.25,3740.23,1779.794,1753533119999,6657042.38760,2347,1310.112,4900321.36903,0
1753533120000,3740.19,3740.20,3738.13,3738.14,637.306,1753533179999,2383009.17064,1457,287.138,1073727.01527,0
1753533180000,3738.14,3738.90,3738.12,3738.52,676.435,1753533239999,2528891.46126,1050,395.559,1478803.04866,0
1753533240000,3738.51,3741.65,3738.51,3741.65,871.657,1753533299999,3259798.51989,1562,663.627,2481777.53121,0
1753533300000,3741.64,3741.71,3740.49,3740.86,465.197,1753533359999,1740291.58841,1239,225.609,843950.70282,0
1753533360000,3740.86,3742.86,3740.85,3741.97,1377.277,1753533419999,5154097.43756,2076,862.879,3229076.54871,0
1753533420000,3741.97,3743.00,3741.66,3742.44,985.085,1753533479999,3686603.48290,1489,411.083,1538436.80002,0
1753533480000,3742.44,3742.44,3738.33,3739.57,1611.281,1753533539999,6025722.49966,2350,428.029,1600649.57659,0
1753533540000,3739.58,3742.13,3739.48,3740.34,1561.557,1753533599999,5841336.86758,2428,1245.744,4660001.13773,0
1753533600000,3740.34,3741.05,3738.92,3740.27,1188.421,1753533659999,4445036.08925,2230,758.393,2836632.29573,0
1753533660000,3740.25,3742.75,3739.48,3741.46,3424.902,1753533719999,12813201.14214,2881,2483.807,9292745.45918,0
1753533720000,3741.45,3745.00,3740.95,3743.79,5720.549,1753533779999,21412382.73213,4499,4060.739,15200315.05829,0
1753533780000,3743.79,3744.10,3743.37,3743.37,942.289,1753533839999,3527599.18252,1241,600.080,2246419.15386,0
1753533840000,3743.37,3744.50,3743.16,3744.1,2772.709,1753533899999,10380952.01423,2320,1767.477,6617354.63076,0
1753533900000,3744.10,3746.02,3742.28,3744.71,3601.773,1753533959999,13483439.21552,3382,1793.903,6715265.81125,0
1753533960000,3744.71,3745.00,3743.99,3744.4,737.012,1753534019999,2759649.17999,1257,472.628,1769671.32783,0
1753534020000,3744.41,3744.41,3743.09,3743.46,605.614,1753534079999,2267094.16720,889,180.064,674069.05064,0
1753534080000,3743.46,3744.60,3743.00,3743.58,702.039,1753534139999,2628147.91416,1311,474.919,1777904.15899,0
1753534140000,3743.58,3747.91,3743.58,3747.17,2105.396,1753534199999,7887508.88590,2258,1815.115,6799954.92075,0
1753534200000,3747.18,3751.41,3747.00,3747.0,13632.228,1753534259999,51115261.77265,6610,9508.674,35652296.31213,0
1753534260000,3747.01,3747.01,3745.30,3746.56,1083.072,1753534319999,4057186.23062,1532,522.303,1956428.35149,0
1753534320000,3746.56,3746.79,3745.00,3745.0,464.073,1753534379999,1738274.86418,870,147.772,553509.64750,0
1753534380000,3745.00,3746.49,3745.00,3745.63,810.152,1753534439999,3034427.23947,1153,549.612,2058536.95229,0
1753534440000,3745.63,3745.63,3743.59,3744.42,881.480,1753534499999,3300352.42059,1243,268.099,1003725.34070,0
1753534500000,3744.43,3744.43,3741.29,3742.84,1778.079,1753534559999,6653934.41795,1848,380.836,1425144.48378,0
1753534560000,3742.83,3742.84,3740.00,3741.24,928.517,1753534619999,3473584.69170,1570,331.597,1240332.33457,0
1753534620000,3741.23,3742.00,3741.23,3741.74,523.887,1753534679999,1960115.62002,836,217.020,811971.22839,0
1753534680000,3741.73,3741.99,3741.19,3741.19,508.486,1753534739999,1902541.07686,598,234.785,878488.10513,0
1753534740000,3741.19,3741.48,3740.89,3740.89,290.342,1753534799999,1086248.87294,536,147.514,551887.85501,0
1753534800000,3740.89,3740.90,3739.10,3739.11,1337.846,1753534859999,5003197.63716,1354,298.467,1116186.07042,0
1753534860000,3739.10,3739.73,3736.42,3736.49,2920.415,1753534919999,10916984.04310,2675,564.314,2109370.99344,0
1753534920000,3736.49,3739.46,3735.00,3739.45,3426.639,1753534979999,12804593.41030,3904,1726.337,6452009.12643,0
1753534980000,3739.45,3740.62,3737.71,3740.18,3595.963,1753535039999,13446386.63208,3494,1430.917,5350873.44111,0
1753535040000,3740.16,3744.95,3739.58,3744.95,2214.570,1753535099999,8286583.64024,3442,1484.672,5555522.65551,0
1753535100000,3744.94,3744.95,3741.47,3742.06,1947.674,1753535159999,7291705.29137,2433,818.282,3063057.35588,0
1753535160000,3742.05,3744.28,3741.00,3743.21,1065.258,1753535219999,3986687.35620,1634,689.974,2582228.30893,0
1753535220000,3743.20,3743.31,3741.20,3741.93,659.849,1753535279999,2469382.79370,1484,427.094,1598309.33190,0
1753535280000,3741.92,3745.10,3741.41,3744.1,3317.256,1753535339999,12418977.52922,2616,2414.063,9037012.39210,0
1753535340000,3744.09,3745.40,3744.09,3744.44,925.497,1753535399999,3465962.21418,1120,596.342,2233233.37419,0
1753535400000,3744.44,3744.77,3742.94,3743.3,1522.603,1753535459999,5700430.02554,1716,316.348,1184473.46880,0
1753535460000,3743.31,3746.36,3742.81,3746.35,818.177,1753535519999,3063858.26643,1428,624.516,2338677.88414,0
1753535520000,3746.36,3746.36,3744.63,3746.08,629.660,1753535579999,2358478.83313,1310,321.942,1205858.94107,0
1753535580000,3746.08,3748.69,3745.71,3748.49,3589.738,1753535639999,13450301.64373,3560,1720.554,6447079.47344,0
1753535640000,3748.49,3750.63,3748.08,3749.38,3255.750,1753535699999,12207251.32797,3331,1611.207,6040955.41847,0
1753535700000,3749.39,3749.39,3746.00,3747.03,1195.524,1753535759999,4479535.80262,1721,573.606,2148999.56730,0
1753535760000,3747.02,3748.83,3745.00,3745.01,2314.736,1753535819999,8673544.93077,2960,976.394,3659258.54160,0
1753535820000,3745.00,3746.52,3745.00,3746.21,796.667,1753535879999,2984232.34999,1206,517.229,1937433.31363,0
1753535880000,3746.21,3747.35,3744.20,3747.12,1301.080,1753535939999,4873130.44127,1946,824.705,3088731.91509,0
1753535940000,3747.13,3747.44,3746.19,3747.01,652.067,1753535999999,2443082.37778,1200,454.102,1701300.07233,0
1753536000000,3747.01,3747.01,3746.00,3746.01,394.751,1753536059999,1478916.18131,748,179.582,672766.02307,0
1753536060000,3746.01,3748.19,3745.42,3748.19,820.808,1753536119999,3074895.40435,1474,516.014,1933063.51173,0
1753536120000,3748.19,3748.87,3747.35,3747.36,661.832,1753536179999,2480488.12983,1114,382.779,1434588.45395,0
1753536180000,3747.35,3747.36,3743.83,3744.16,1759.934,1753536239999,6590647.07012,1454,315.543,1181901.11906,0
1753536240000,3744.15,3744.16,3741.00,3743.38,1288.150,1753536299999,4820866.58538,2402,430.012,1608935.68692,0
1753536300000,3743.38,3746.03,3743.37,3745.44,1131.573,1753536359999,4237266.29954,1738,979.508,3667791.94343,0
1753536360000,3745.44,3745.45,3742.66,3742.66,413.741,1753536419999,1549122.64228,903,243.625,912206.41605,0
1753536420000,3742.66,3744.28,3742.57,3743.31,719.618,1753536479999,2693715.22230,1248,572.459,2142812.97875,0
1753536480000,3743.32,3743.77,3742.67,3743.76,322.348,1753536539999,1206564.23632,764,187.930,703421.99042,0
1753536540000,3743.76,3744.00,3742.69,3743.99,342.876,1753536599999,1283363.53172,895,148.740,556718.48236,0
1753536600000,3744.00,3745.85,3743.99,3744.83,437.389,1753536659999,1637967.94114,1248,304.755,1141311.61500,0
1753536660000,3744.82,3746.64,3744.30,3744.69,673.797,1753536719999,2523684.71292,1563,405.660,1519429.36613,0
1753536720000,3744.69,3745.01,3742.33,3743.89,1282.412,1753536779999,4800308.78591,1759,223.801,837749.64883,0
1753536780000,3743.89,3744.31,3742.00,3743.93,2043.087,1753536839999,7647737.40050,2027,529.416,1981734.96594,0
1753536840000,3743.93,3744.54,3741.49,3742.17,872.728,1753536899999,3266394.18930,1825,240.495,900059.66939,0
1753536900000,3742.17,3743.65,3740.97,3743.64,850.514,1753536959999,3182628.40315,1827,221.810,830081.58057,0
1753536960000,3743.64,3743.64,3742.00,3742.0,389.649,1753537019999,1458201.14466,1112,161.207,603261.00336,0
1753537020000,3742.01,3745.00,3741.48,3745.0,835.422,1753537079999,3126915.33461,1582,659.847,2469774.73487,0
1753537080000,3744.99,3748.77,3744.99,3747.13,1445.757,1753537139999,5417469.31126,2548,776.231,2908573.12879,0
1753537140000,3747.14,3748.42,3747.13,3748.16,1387.282,1753537199999,5199557.62951,1771,811.244,3040536.16173,0
1753537200000,3748.15,3748.53,3746.58,3747.6,843.073,1753537259999,3159490.43646,1525,393.299,1473876.91219,0
1753537260000,3747.60,3749.77,3747.60,3748.8,948.289,1753537319999,3554851.82300,1454,657.766,2465829.23072,0
1753537320000,3748.80,3750.39,3748.80,3750.0,1338.938,1753537379999,5020802.77765,2095,848.815,3182942.97237,0
1753537380000,3750.01,3750.78,3749.55,3750.02,1111.210,1753537439999,4167435.80747,1719,766.323,2874000.30387,0
1753537440000,3750.03,3752.00,3749.73,3751.88,4384.570,1753537499999,16447119.03205,2605,3331.362,12496571.19703,0
1753537500000,3751.87,3753.00,3751.74,3752.79,2535.742,1753537559999,9514679.30917,2130,2074.160,7782620.81715,0
1753537560000,3752.78,3753.00,3749.00,3749.01,3489.435,1753537619999,13092131.39674,3050,1532.793,5751731.81532,0
1753537620000,3749.00,3749.37,3745.25,3746.56,3687.305,1753537679999,13816668.67451,3267,627.483,2351117.11776,0
1753537680000,3746.55,3747.38,3745.35,3745.59,1935.840,1753537739999,7252277.02066,2211,560.154,2098349.41882,0
1753537740000,3745.59,3746.30,3745.46,3746.29,380.992,1753537799999,1427074.28014,674,247.430,926805.78654,0
1753537800000,3746.30,3747.12,3746.29,3746.61,766.091,1753537859999,2870456.69373,1204,455.873,1708088.57387,0
1753537860000,3746.61,3746.61,3743.64,3743.95,1353.284,1753537919999,5067278.78346,1950,475.507,1780392.41031,0
1753537920000,3743.95,3744.77,3743.25,3744.72,989.324,1753537979999,3703685.78935,1517,583.110,2182908.75950,0
1753537980000,3744.72,3744.91,3744.20,3744.21,486.064,1753538039999,1820143.88562,909,236.622,886052.93968,0
1753538040000,3744.20,3744.21,3742.00,3742.32,1503.374,1753538099999,5627016.23159,2178,350.820,1313120.94231,0
1753538100000,3742.32,3742.32,3742.00,3742.01,792.021,1753538159999,2963843.62808,946,246.088,920893.94060,0
1753538160000,3742.00,3742.98,3740.64,3742.85,1644.532,1753538219999,6153149.75557,2658,723.923,2708663.92048,0
1753538220000,3742.85,3743.16,3741.53,3741.53,1003.339,1753538279999,3754853.58892,1326,342.137,1280412.59752,0
1753538280000,3741.54,3741.54,3740.46,3740.82,1062.019,1753538339999,3972951.43822,1224,283.298,1059755.93351,0
1753538340000,3740.81,3742.66,3740.81,3742.66,807.349,1753538399999,3020913.36091,1802,247.817,927296.05497,0
1753538400000,3742.66,3744.13,3742.65,3743.26,609.293,1753538459999,2280821.80201,1400,447.636,1675661.71456,0
1753538460000,3743.26,3743.26,3738.60,3738.6,2986.625,1753538519999,11170187.97224,3499,367.522,1374386.16790,0
1753538520000,3738.60,3739.17,3735.31,3737.0,3885.180,1753538579999,14518844.11814,4606,651.616,2435181.75534,0
1753538580000,3737.01,3741.40,3737.01,3740.47,1155.314,1753538639999,4319696.21042,2305,755.867,2826100.12089,0
1753538640000,3740.46,3742.95,3739.97,3741.55,2335.619,1753538699999,8737827.88158,2693,1976.057,7392546.04140,0
1753538700000,3741.54,3745.00,3741.40,3742.39,1893.340,1753538759999,7087506.54786,2938,698.677,2615443.43606,0
1753538760000,3742.39,3745.00,3742.39,3745.0,584.745,1753538819999,2189043.92584,1109,335.479,1255903.78013,0
1753538820000,3744.99,3746.60,3744.34,3746.03,1802.463,1753538879999,6751491.52941,2211,1010.941,3786625.59798,0
1753538880000,3746.03,3746.34,3744.34,3744.86,1625.076,1753538939999,6086911.98371,1223,475.010,1778975.23796,0
1753538940000,3744.87,3747.15,3744.86,3747.12,847.602,1753538999999,3175230.56760,1077,509.427,1908409.75548,0
1753539000000,3747.12,3747.81,3745.01,3745.34,1323.449,1753539059999,4958870.54072,1626,412.708,1546503.73970,0
1753539060000,3745.34,3746.84,3744.00,3744.0,1674.275,1753539119999,6271630.34352,2184,663.297,2484688.62656,0
1753539120000,3744.01,3744.44,3738.81,3739.13,3096.579,1753539179999,11584607.63424,3613,446.656,1671129.29776,0
1753539180000,3739.13,3740.85,3738.68,3740.3,1659.605,1753539239999,6206799.18119,1857,688.795,2575969.51240,0
1753539240000,3740.30,3741.47,3737.84,3739.02,3876.129,1753539299999,14493601.44710,3543,690.207,2580765.49255,0
1753539300000,3739.01,3740.80,3738.73,3740.35,868.322,1753539359999,3247224.44905,1697,438.538,1639998.09034,0
1753539360000,3740.35,3741.14,3739.44,3739.45,1252.541,1753539419999,4684946.34007,1688,772.187,2888392.67359,0
1753539420000,3739.45,3739.93,3739.00,3739.28,758.680,1753539479999,2836999.00875,1377,267.816,1001420.10216,0
1753539480000,3739.27,3742.20,3739.05,3742.2,731.555,1753539539999,2736253.01741,1312,418.758,1566434.90178,0
1753539540000,3742.19,3742.20,3740.94,3741.88,515.193,1753539599999,1927619.01560,884,289.585,1083458.67928,0
1753539600000,3741.87,3742.86,3740.42,3742.85,474.188,1753539659999,1774309.72257,1083,346.806,1297697.86062,0
1753539660000,3742.85,3744.42,3742.85,3744.42,1096.878,1753539719999,4106234.11654,1326,940.425,3520496.07064,0
1753539720000,3744.42,3744.51,3743.24,3744.25,828.193,1753539779999,3100838.03279,1223,326.780,1223451.91955,0
1753539780000,3744.25,3744.48,3742.25,3742.25,954.578,1753539839999,3573277.18967,1007,154.573,578547.47639,0
1753539840000,3742.25,3743.01,3741.68,3741.68,467.574,1753539899999,1749863.16931,831,284.940,1066361.93921,0
1753539900000,3741.68,3741.68,3736.85,3736.86,2774.375,1753539959999,10371529.97230,3572,552.868,2066877.05704,0
1753539960000,3736.85,3737.83,3736.33,3736.46,1587.890,1753540019999,5934136.63708,2656,808.394,3021117.05350,0
1753540020000,3736.45,3736.71,3725.00,3731.62,27758.028,1753540079999,103556758.30796,16528,7673.053,28618039.25480,0
1753540080000,3731.61,3733.83,3722.00,3726.7,25226.473,1753540139999,94013107.22101,18448,8950.119,33362890.50199,0
1753540140000,3726.69,3730.12,3726.69,3728.94,3350.964,1753540199999,12496122.85902,3444,1784.981,6656238.21357,0
1753540200000,3728.94,3733.03,3728.53,3731.35,5721.052,1753540259999,21347284.57900,5528,3960.679,14779249.26306,0
1753540260000,3731.34,3734.32,3731.34,3734.32,3581.107,1753540319999,13368894.18056,3534,2772.799,10351221.09621,0
1753540320000,3734.31,3734.32,3731.16,3732.13,2574.943,1753540379999,9612082.12556,2375,500.287,1867812.11953,0
1753540380000,3732.13,3733.27,3730.54,3733.26,1594.660,1753540439999,5950470.52076,2107,837.142,3123658.85679,0
1753540440000,3733.27,3733.99,3732.33,3732.58,607.646,1753540499999,2268387.82801,1242,245.644,916973.11899,0
1753540500000,3732.57,3732.58,3729.02,3730.99,1390.662,1753540559999,5187754.51796,2435,614.922,2293849.21432,0
1753540560000,3730.99,3731.22,3727.76,3729.66,2733.215,1753540619999,10192259.00819,4020,426.652,1590944.93194,0
1753540620000,3729.66,3731.03,3727.73,3728.27,1190.226,1753540679999,4439018.59734,2218,288.437,1075857.95397,0
1753540680000,3728.28,3728.46,3725.20,3727.19,2679.217,1753540739999,9984112.60288,3599,790.530,2946029.05893,0
1753540740000,3727.19,3728.93,3727.19,3727.96,1413.212,1753540799999,5268186.14934,2366,608.710,2269074.84332,0
1753540800000,3727.95,3729.56,3727.63,3727.64,1615.342,1753540859999,6022762.53778,1913,546.906,2039178.73620,0
1753540860000,3727.64,3729.99,3727.63,3729.99,1012.078,1753540919999,3774096.95788,1711,632.036,2356981.83434,0
1753540920000,3730.00,3731.54,3729.99,3731.0,1998.036,1753540979999,7454540.80463,2509,992.092,3701426.58875,0
1753540980000,3730.99,3731.60,3730.06,3731.17,1194.925,1753541039999,4458160.02515,1834,608.104,2268704.21805,0
1753541040000,3731.17,3733.40,3731.17,3733.4,1481.742,1753541099999,5530601.83970,1582,1052.224,3927467.54791,0
1753541100000,3733.40,3735.14,3733.39,3733.67,1501.120,1753541159999,5605307.75935,1760,1099.868,4107001.31038,0
1753541160000,3733.66,3735.42,3732.59,3735.42,908.288,1753541219999,3391583.79981,1530,515.266,1924160.38594,0
1753541220000,3735.42,3735.97,3732.51,3733.77,2934.595,1753541279999,10958563.18402,2958,1385.775,5175304.57070,0
1753541280000,3733.78,3734.25,3732.58,3733.64,752.783,1753541339999,2810384.22433,1525,317.290,1184580.69287,0
1753541340000,3733.64,3735.40,3733.10,3735.01,1428.174,1753541399999,5333424.29025,2077,961.407,3590317.75314,0
1753541400000,3735.00,3735.01,3733.70,3734.76,696.515,1753541459999,2600962.40258,1222,266.349,994602.24054,0
1753541460000,3734.76,3736.24,3733.53,3734.55,3021.798,1753541519999,11287318.51046,3069,2005.703,7491937.79225,0
1753541520000,3734.55,3736.48,3734.18,3736.31,894.829,1753541579999,3342718.55742,1768,492.946,1841479.24761,0
1753541580000,3736.30,3737.28,3735.93,3736.99,1890.324,1753541639999,7063642.48837,1750,1573.051,5878069.76592,0
1753541640000,3736.99,3737.00,3727.27,3728.68,6142.523,1753541699999,22919874.74644,6601,1088.085,4057395.40307,0
1753541700000,3728.69,3730.51,3728.37,3730.5,1288.944,1753541759999,4806912.17564,2492,704.597,2627844.76952,0
1753541760000,3730.50,3730.51,3728.80,3728.81,596.462,1753541819999,2224711.62386,1145,191.425,714004.09675,0
1753541820000,3728.81,3730.14,3728.00,3728.67,1295.580,1753541879999,4831115.74236,1813,430.676,1606004.01491,0
1753541880000,3728.67,3729.15,3726.66,3728.13,2475.300,1753541939999,9227031.95421,2295,360.905,1345330.19659,0
1753541940000,3728.12,3728.78,3726.00,3726.62,1741.055,1753541999999,6489222.68160,2398,850.527,3170048.51736,0
1753542000000,3726.63,3727.15,3725.44,3726.98,1400.203,1753542059999,5217906.41572,2391,711.783,2652500.22356,0
1753542060000,3726.99,3730.35,3726.98,3729.3,2245.697,1753542119999,8374082.42518,2827,1735.995,6473238.85783,0
1753542120000,3729.31,3730.27,3729.30,3730.24,831.042,1753542179999,3099734.37963,1442,417.014,1555416.51407,0
1753542180000,3730.24,3731.26,3730.24,3731.26,629.794,1753542239999,2349662.83130,1245,488.021,1820725.20592,0
1753542240000,3731.26,3733.08,3730.33,3732.03,1793.467,1753542299999,6693464.87452,2111,953.133,3557300.94697,0
1753542300000,3732.03,3734.53,3732.03,3734.53,1272.430,1753542359999,4750353.47634,1772,936.475,3496163.56307,0
1753542360000,3734.53,3735.61,3733.16,3733.16,1546.174,1753542419999,5774574.22581,1932,777.549,2903916.12735,0
1753542420000,3733.16,3733.37,3732.00,3733.36,646.048,1753542479999,2411638.79505,1199,352.612,1316243.79338,0
1753542480000,3733.36,3733.37,3730.85,3730.86,919.654,1753542539999,3432806.20183,1145,432.256,1613665.22792,0
1753542540000,3730.85,3731.61,3730.18,3730.4,1075.092,1753542599999,4010728.97812,1380,170.062,634429.27893,0
1753542600000,3730.40,3730.78,3729.05,3729.05,1326.893,1753542659999,4949069.90426,1707,511.175,1906539.28712,0
1753542660000,3729.05,3729.50,3726.06,3726.59,1254.751,1753542719999,4676947.37697,2160,328.841,1225860.92556,0
1753542720000,3726.59,3726.82,3718.97,3720.97,12996.899,1753542779999,48370596.24982,10703,2725.674,10146668.15470,0
1753542780000,3720.97,3724.72,3720.73,3720.9,6698.624,1753542839999,24936099.40701,8526,2848.188,10602371.62663,0
1753542840000,3720.90,3723.21,3720.20,3721.74,5154.379,1753542899999,19181192.13349,7334,2200.753,8189789.44232,0
1753542900000,3721.73,3724.08,3721.00,3721.38,2319.754,1753542959999,8634564.42477,2915,1066.782,3970758.53653,0
1753542960000,3721.39,3721.39,3714.14,3720.86,16444.296,1753543019999,61121347.94972,11343,7204.858,26778582.72287,0
1753543020000,3720.87,3723.89,3715.86,3716.04,6403.286,1753543079999,23822884.91303,6172,3003.653,11178543.68350,0
1753543080000,3716.03,3719.39,3716.02,3718.78,3230.240,1753543139999,12008837.03612,3649,1542.703,5734856.84598,0
1753543140000,3718.77,3721.77,3718.77,3719.92,2391.119,1753543199999,8896196.23271,2627,1533.194,5703982.71117,0
1753543200000,3719.91,3720.33,3717.00,3718.76,1777.357,1753543259999,6609631.90590,2742,432.349,1607896.97607,0
1753543260000,3718.76,3720.00,3716.40,3719.59,1602.123,1753543319999,5957489.44923,2804,846.878,3149152.27965,0
1753543320000,3719.59,3722.00,3719.58,3721.05,1002.488,1753543379999,3730179.38950,1643,566.823,2109044.27709,0
1753543380000,3721.05,3721.58,3719.00,3721.4,1897.205,1753543439999,7057393.15347,2158,1322.442,4919354.27579,0
1753543440000,3721.40,3721.55,3719.11,3720.01,1088.398,1753543499999,4049262.94367,1691,354.955,1320462.18630,0
1753543500000,3720.00,3725.88,3720.00,3723.75,5216.894,1753543559999,19426391.62635,4923,2722.014,10135613.45104,0
1753543560000,3723.75,3726.35,3723.02,3723.48,1894.186,1753543619999,7055951.95100,2848,1129.803,4208670.11079,0
1753543620000,3723.49,3725.37,3723.00,3724.51,1767.776,1753543679999,6583622.70031,2669,1004.283,3740393.21104,0
1753543680000,3724.51,3724.77,3723.60,3723.99,758.313,1753543739999,2824144.44766,1196,294.741,1097636.58479,0
1753543740000,3723.98,3724.58,3723.83,3723.83,551.044,1753543799999,2052135.88447,861,255.867,952880.70216,0
1753543800000,3723.83,3724.09,3721.54,3724.09,3482.662,1753543859999,12965326.36953,3210,1526.640,5682906.05788,0
1753543860000,3724.08,3727.19,3724.08,3725.0,2008.624,1753543919999,7484777.00623,2663,1289.210,4803941.57855,0
1753543920000,3725.00,3726.39,3724.00,3725.87,841.733,1753543979999,3135593.35805,1747,453.545,1689523.96521,0
1753543980000,3725.86,3726.66,3724.03,3726.66,657.886,1753544039999,2450646.86442,1464,271.526,1011474.25203,0
1753544040000,3726.66,3727.87,3726.65,3727.68,1246.675,1753544099999,4646861.28805,1643,676.469,2521445.16326,0
1753544100000,3727.69,3729.14,3727.63,3727.95,1885.504,1753544159999,7029823.80921,2033,1067.915,3981564.11772,0
1753544160000,3727.94,3727.95,3724.58,3725.08,1056.615,1753544219999,3937543.24646,2121,332.576,1239425.12919,0
1753544220000,3725.09,3727.25,3725.09,3725.81,562.298,1753544279999,2095381.48100,1239,419.202,1562084.75079,0
1753544280000,3725.80,3726.99,3724.02,3726.98,621.022,1753544339999,2313459.41318,1753,419.311,1562053.02874,0
1753544340000,3726.97,3727.76,3726.56,3727.76,542.991,1753544399999,2023695.87950,946,216.776,807907.22881,0
1753544400000,3727.75,3727.79,3727.32,3727.73,654.485,1753544459999,2439643.51088,997,404.499,1507802.34058,0
1753544460000,3727.72,3728.32,3727.33,3728.32,378.956,1753544519999,1412682.41716,771,252.543,941439.47574,0
1753544520000,3728.32,3730.50,3728.31,3729.5,2329.232,1753544579999,8686869.56625,2538,1514.058,5646708.49367,0
1753544580000,3729.49,3729.50,3728.56,3728.56,537.525,1753544639999,2004483.44878,941,292.710,1091532.68278,0
1753544640000,3728.57,3729.29,3728.22,3728.72,2464.540,1753544699999,9189699.21689,2153,2065.118,7700321.45474,0
1753544700000,3728.72,3732.39,3728.27,3730.21,2078.598,1753544759999,7754619.24073,3155,1005.157,3749399.87498,0
1753544760000,3730.21,3730.21,3729.13,3729.53,598.752,1753544819999,2233138.27951,1186,387.063,1443563.34288,0
1753544820000,3729.53,3731.45,3728.94,3729.04,826.931,1753544879999,3084525.11558,1487,329.550,1229134.70401,0
1753544880000,3729.05,3734.00,3729.04,3733.82,1606.250,1753544939999,5995710.52538,2476,1377.714,5142663.69781,0
1753544940000,3733.83,3734.23,3731.06,3732.7,1903.266,1753544999999,7103848.81010,2769,689.943,2575183.95444,0
1753545000000,3732.69,3735.60,3732.55,3734.93,2966.827,1753545059999,11078929.49955,3956,1974.842,7374492.68203,0
1753545060000,3734.92,3739.01,3734.92,3735.45,3890.562,1753545119999,14539415.66498,4402,2655.320,9923421.33214,0
1753545120000,3735.45,3735.79,3733.74,3735.53,898.806,1753545179999,3356820.07181,1913,365.798,1366167.46638,0
1753545180000,3735.52,3735.70,3732.82,3733.86,932.530,1753545239999,3482360.24181,1579,286.682,1070644.37703,0
1753545240000,3733.86,3735.42,3733.32,3734.43,1683.484,1753545299999,6287119.49520,2116,1129.851,4219650.94328,0
1753545300000,3734.43,3735.87,3732.81,3735.87,1162.760,1753545359999,4341953.59648,2183,773.239,2887522.65054,0
1753545360000,3735.88,3736.24,3733.80,3733.85,2112.371,1753545419999,7890357.62142,1937,1004.248,3751487.45654,0
1753545420000,3733.85,3734.04,3731.66,3731.71,1523.725,1753545479999,5688159.05009,2107,731.797,2731890.08869,0
1753545480000,3731.70,3733.58,3730.65,3732.96,1344.954,1753545539999,5019184.13267,1970,612.263,2285049.68090,0
1753545540000,3732.97,3734.52,3731.78,3734.51,759.361,1753545599999,2834680.66713,1468,477.040,1780823.47658,0
1753545600000,3734.52,3737.51,3733.93,3737.2,2513.630,1753545659999,9391710.53796,2863,1945.938,7270537.91035,0
1753545660000,3737.20,3737.38,3734.90,3736.47,2035.023,1753545719999,7602486.23929,2536,677.875,2532404.74874,0
1753545720000,3736.48,3741.22,3735.25,3735.25,4582.102,1753545779999,17131815.38123,5082,2877.706,10760635.44412,0
1753545780000,3735.25,3735.26,3731.14,3731.27,1974.162,1753545839999,7369241.13287,2929,666.131,2486209.61057,0
1753545840000,3731.28,3732.55,3730.00,3732.06,1187.565,1753545899999,4430882.77307,1897,497.710,1857116.57085,0
1753545900000,3732.05,3733.59,3731.74,3733.3,937.875,1753545959999,3500630.17033,1663,414.160,1545884.10724,0
1753545960000,3733.30,3733.70,3726.24,3726.92,6814.685,1753546019999,25410845.93461,5526,1751.040,6527656.72255,0
1753546020000,3726.93,3728.52,3719.93,3720.98,24896.703,1753546079999,92704001.09016,10811,14266.683,53121331.92333,0
1753546080000,3720.99,3723.96,3720.98,3722.53,2313.722,1753546139999,8613493.60095,2932,1454.701,5415744.92250,0
1753546140000,3722.53,3723.06,3718.00,3720.84,7772.184,1753546199999,28911673.62135,4552,4385.273,16310840.05648,0
1753546200000,3720.84,3721.57,3718.89,3720.31,2670.449,1753546259999,9934411.71805,3061,1016.760,3782415.43867,0
1753546260000,3720.32,3723.27,3720.31,3723.03,1270.140,1753546319999,4727853.44493,1817,1002.384,3731229.86687,0
1753546320000,3723.03,3723.83,3722.51,3723.83,1210.753,1753546379999,4507496.16927,1315,951.541,3542472.68961,0
1753546380000,3723.83,3725.71,3723.61,3725.71,924.280,1753546439999,3442482.11210,1712,615.599,2292790.38697,0
1753546440000,3725.71,3725.89,3723.48,3724.0,594.686,1753546499999,2215173.18541,1416,152.487,567949.42678,0
1753546500000,3724.00,3726.42,3724.00,3726.01,912.452,1753546559999,3399296.08305,1493,707.711,2636542.48989,0
1753546560000,3726.01,3729.86,3725.90,3727.9,3536.326,1753546619999,13185486.67870,3432,2946.817,10987354.07106,0
1753546620000,3727.90,3730.00,3727.59,3727.61,1396.449,1753546679999,5207361.24825,1658,983.412,3667366.60939,0
1753546680000,3727.60,3729.21,3727.48,3728.76,793.376,1753546739999,2958165.43857,1222,358.628,1337059.51287,0
1753546740000,3728.75,3730.24,3728.39,3730.24,913.574,1753546799999,3406712.94187,1829,463.719,1729201.27891,0
1753546800000,3730.25,3731.00,3728.77,3730.99,1123.866,1753546859999,4192027.96087,1976,688.081,2566694.61058,0
1753546860000,3731.00,3733.51,3730.71,3731.71,2456.528,1753546919999,9168533.96440,2723,1438.694,5369639.24085,0
1753546920000,3731.72,3733.85,3730.92,3732.99,1862.605,1753546979999,6951859.91635,1942,1026.375,3830994.69633,0
1753546980000,3732.99,3732.99,3728.38,3731.33,3439.376,1753547039999,12831164.55860,3861,531.990,1984861.99836,0
1753547040000,3731.33,3732.30,3731.32,3732.3,457.308,1753547099999,1706653.42388,958,255.188,952343.28801,0
1753547100000,3732.29,3732.30,3729.54,3729.81,2064.866,1753547159999,7703625.29259,2562,1196.315,4463297.79980,0
1753547160000,3729.81,3731.10,3729.38,3731.08,1007.834,1753547219999,3759497.26383,1806,417.330,1556840.38427,0
1753547220000,3731.07,3732.32,3730.44,3731.04,745.356,1753547279999,2781354.22220,1298,320.733,1196804.16356,0
1753547280000,3731.04,3732.10,3731.03,3731.6,795.773,1753547339999,2969590.86030,1054,402.404,1501625.21091,0
1753547340000,3731.61,3731.61,3728.47,3729.61,909.701,1753547399999,3392865.48961,1668,231.960,865019.82395,0
1753547400000,3729.62,3732.96,3729.61,3732.96,754.529,1753547459999,2815674.84174,1466,673.257,2512432.59320,0
1753547460000,3732.95,3734.44,3732.00,3732.0,2005.167,1753547519999,7485121.39957,2244,811.936,3030996.70833,0
1753547520000,3732.00,3733.82,3730.82,3732.3,1126.787,1753547579999,4205963.57857,1814,292.128,1090304.24474,0
1753547580000,3732.30,3732.30,3726.65,3726.84,3021.575,1753547639999,11267893.51801,3981,774.733,2889381.78386,0
1753547640000,3726.83,3726.84,3724.55,3724.56,1178.350,1753547699999,4390404.95272,1791,523.354,1949957.29822,0
1753547700000,3724.55,3726.64,3724.09,3725.16,1023.894,1753547759999,3814614.82249,2102,575.039,2142325.91414,0
1753547760000,3725.15,3728.91,3725.15,3728.06,2265.255,1753547819999,8444194.37280,2706,2051.301,7646583.69268,0
1753547820000,3728.06,3728.75,3725.65,3725.68,551.080,1753547879999,2054226.73408,1434,209.071,779319.55591,0
1753547880000,3725.68,3727.63,3724.62,3727.63,852.174,1753547939999,3174870.95264,1793,342.745,1277062.07503,0
1753547940000,3727.62,3727.93,3726.32,3726.32,740.600,1753547999999,2760480.12115,1477,494.915,1844743.52850,0
1753548000000,3726.32,3727.47,3726.01,3727.36,576.974,1753548059999,2150179.06729,1441,412.595,1537597.60156,0
1753548060000,3727.35,3727.82,3726.02,3726.02,367.087,1753548119999,1368177.11066,1107,235.784,878826.82921,0
1753548120000,3726.02,3729.19,3726.02,3729.19,436.862,1753548179999,1628440.49981,1298,281.196,1048139.39850,0
1753548180000,3729.19,3730.78,3728.36,3728.59,1168.699,1753548239999,4359117.04028,1936,832.832,3106367.90831,0
1753548240000,3728.59,3728.60,3726.42,3727.94,494.126,1753548299999,1841699.16211,1525,192.816,718661.65868,0
1753548300000,3727.93,3727.94,3723.32,3723.56,1430.437,1753548359999,5327571.98295,2344,415.280,1546563.14496,0
1753548360000,3723.57,3725.08,3723.32,3724.26,899.004,1753548419999,3348015.82231,2067,434.290,1617328.96791,0
1753548420000,3724.25,3725.36,3723.47,3723.56,668.473,1753548479999,2489603.06953,1511,211.453,787584.82988,0
1753548480000,3723.56,3723.85,3722.22,3723.83,917.927,1753548539999,3417377.42867,1988,194.574,724439.16933,0
1753548540000,3723.82,3725.00,3723.20,3724.94,589.410,1753548599999,2194965.39298,1711,213.985,796872.15288,0
1753548600000,3724.94,3729.28,3724.94,3728.47,814.784,1753548659999,3037598.21714,2555,633.937,2363382.89871,0
1753548660000,3728.47,3730.33,3728.47,3729.03,947.992,1753548719999,3535584.62690,1708,322.971,1204635.81069,0
1753548720000,3729.03,3729.03,3726.94,3726.95,525.117,1753548779999,1957430.76500,1297,171.242,638266.68604,0
1753548780000,3726.95,3726.95,3725.00,3725.56,425.287,1753548839999,1584455.86813,1308,208.443,776534.68046,0
1753548840000,3725.57,3725.62,3724.00,3725.01,710.407,1753548899999,2646061.53217,1564,179.694,669338.41779,0
1753548900000,3725.00,3725.28,3724.00,3724.65,326.580,1753548959999,1216384.58954,1291,215.952,804316.77254,0
1753548960000,3724.64,3725.00,3724.64,3724.99,369.616,1753549019999,1376798.88225,576,200.037,745123.75095,0
1753549020000,3724.98,3726.99,3724.26,3724.26,600.302,1753549079999,2236459.07639,1405,276.348,1029623.79161,0
1753549080000,3724.27,3724.95,3723.89,3724.48,718.507,1753549139999,2675968.47730,1176,551.615,2054416.46037,0
1753549140000,3724.49,3726.74,3724.48,3726.74,334.863,1753549199999,1247516.07905,1068,240.975,897735.86572,0
1753549200000,3726.74,3726.74,3725.13,3726.18,382.483,1753549259999,1425136.21999,1102,150.985,562532.01276,0
1753549260000,3726.19,3727.40,3725.69,3726.6,451.608,1753549319999,1683103.54827,1168,253.863,946111.13845,0
1753549320000,3726.60,3726.78,3723.50,3723.5,889.423,1753549379999,3312819.66338,1350,295.877,1102135.13768,0
1753549380000,3723.50,3724.56,3723.23,3723.58,576.167,1753549439999,2145490.28333,1240,282.853,1053255.63931,0
1753549440000,3723.59,3725.95,3722.50,3725.35,1312.270,1753549499999,4886921.54200,2181,620.259,2310130.08725,0
1753549500000,3725.34,3725.56,3724.05,3725.55,267.377,1753549559999,995884.70380,1066,131.668,490419.95035,0
1753549560000,3725.55,3725.56,3722.23,3722.23,557.978,1753549619999,2077737.24560,1306,68.839,256354.13984,0
1753549620000,3722.25,3723.41,3720.00,3723.06,3818.721,1753549679999,14209580.19962,4124,1413.562,5260217.59610,0
1753549680000,3723.06,3724.41,3722.49,3722.91,1073.514,1753549739999,3997333.66400,1822,687.342,2559411.79250,0
1753549740000,3722.92,3722.92,3720.64,3721.16,1044.037,1753549799999,3885543.86895,1934,228.816,851569.38567,0
1753549800000,3721.16,3723.05,3721.16,3722.61,969.798,1753549859999,3610023.15583,1628,427.997,1593120.18628,0
1753549860000,3722.60,3722.78,3722.00,3722.44,356.177,1753549919999,1325836.93108,839,149.087,554951.62013,0
1753549920000,3722.44,3724.15,3722.41,3724.15,596.582,1753549979999,2221103.87336,1127,363.715,1354129.16438,0
1753549980000,3724.15,3726.30,3724.15,3724.95,814.803,1753550039999,3035820.48480,1419,370.409,1380048.43029,0
1753550040000,3724.95,3726.25,3724.95,3725.78,613.636,1753550099999,2286364.13216,1139,286.543,1067600.69544,0
1753550100000,3725.78,3725.78,3724.00,3724.77,325.122,1753550159999,1210988.62655,991,234.162,872184.14754,0
1753550160000,3724.77,3729.60,3724.77,3729.6,1261.683,1753550219999,4703567.18672,1858,1108.074,4130990.49901,0
1753550220000,3729.59,3729.96,3727.75,3728.57,1955.742,1753550279999,7292669.39420,2534,1077.390,4017473.73700,0
1753550280000,3728.58,3731.00,3728.35,3728.64,1735.103,1753550339999,6471236.28345,2418,933.699,3481964.15584,0
1753550340000,3728.64,3730.35,3728.64,3729.54,521.939,1753550399999,1946685.27307,1213,316.512,1180458.20675,0
1753550400000,3729.54,3732.73,3728.58,3732.72,1534.209,1753550459999,5723487.27596,2058,1102.422,4112912.86202,0
1753550460000,3732.72,3732.72,3730.97,3731.05,858.876,1753550519999,3204975.31359,1720,548.976,2048498.61364,0
1753550520000,3731.05,3732.00,3730.84,3732.0,712.688,1753550579999,2659206.12519,1150,469.777,1752890.32875,0
1753550580000,3731.99,3732.89,3731.99,3732.89,652.902,1753550639999,2436753.73629,846,427.036,1593784.34090,0
1753550640000,3732.90,3733.65,3731.06,3731.44,1001.162,1753550699999,3736904.02162,1542,502.732,1876485.46123,0
1753550700000,3731.44,3731.82,3728.55,3728.55,962.473,1753550759999,3590615.73517,1928,346.526,1292916.48126,0
1753550760000,3728.55,3729.63,3728.18,3729.31,470.671,1753550819999,1755017.71477,1005,193.380,721115.29514,0
1753550820000,3729.31,3729.45,3728.75,3729.45,331.524,1753550879999,1236313.72826,840,191.100,712639.26965,0
1753550880000,3729.45,3731.03,3729.33,3731.02,219.999,1753550939999,820590.74959,831,174.244,649940.83922,0
1753550940000,3731.03,3731.03,3729.41,3729.41,431.912,1753550999999,1611204.24822,895,127.512,475704.01036,0
1753551000000,3729.41,3729.42,3726.99,3726.99,612.173,1753551059999,2282356.75917,1858,147.985,551742.05081,0
1753551060000,3726.99,3727.32,3726.32,3726.34,498.396,1753551119999,1857378.39671,1119,306.919,1143820.07266,0
1753551120000,3726.34,3726.35,3724.43,3725.8,1121.582,1753551179999,4178134.76374,1692,558.461,2080330.86373,0
1753551180000,3725.80,3728.62,3725.80,3727.11,948.208,1753551239999,3534148.55986,1490,741.250,2762746.80101,0
1753551240000,3727.10,3727.11,3725.26,3725.51,452.010,1753551299999,1683995.51367,999,209.091,778946.94074,0
1753551300000,3725.52,3728.30,3725.05,3728.11,322.024,1753551359999,1200132.19652,1194,212.063,790341.70079,0
1753551360000,3728.10,3729.90,3727.55,3728.9,867.590,1753551419999,3235125.87286,1613,373.736,1393502.83361,0
1753551420000,3728.89,3728.89,3727.38,3727.5,337.819,1753551479999,1259332.69964,824,110.740,412804.96873,0
1753551480000,3727.50,3727.80,3725.58,3725.58,371.696,1753551539999,1385315.68197,1268,91.317,340326.44212,0
1753551540000,3725.57,3726.49,3725.17,3726.03,350.194,1753551599999,1304784.57674,1016,212.243,790789.14272,0
1753551600000,3726.03,3726.67,3725.63,3725.89,206.720,1753551659999,770269.67787,902,95.270,354983.71973,0
1753551660000,3725.88,3725.89,3724.81,3725.09,419.079,1753551719999,1561179.53351,848,40.928,152460.56219,0
1753551720000,3725.09,3725.26,3724.37,3724.8,338.793,1753551779999,1261872.45904,1188,153.912,573255.26935,0
1753551780000,3724.80,3725.25,3720.14,3722.31,3999.879,1753551839999,14888754.84658,4416,1261.497,4695204.05571,0
1753551840000,3722.30,3724.42,3722.00,3723.04,2273.507,1753551899999,8464674.22683,2374,1810.346,6740067.53941,0
1753551900000,3723.03,3723.80,3722.87,3723.8,430.368,1753551959999,1602310.62121,948,324.375,1207677.08332,0
1753551960000,3723.79,3724.73,3723.23,3723.24,548.234,1753552019999,2041531.86703,1037,308.740,1149713.00399,0
1753552020000,3723.24,3723.25,3720.92,3720.92,613.570,1753552079999,2283635.53019,1134,179.050,666351.92732,0
1753552080000,3720.92,3724.41,3720.92,3723.21,840.082,1753552139999,3126893.35075,2056,589.546,2194274.35817,0
1753552140000,3723.21,3725.05,3723.21,3724.74,422.263,1753552199999,1572668.93002,1028,363.044,1352129.44844,0
1753552200000,3724.75,3724.75,3723.50,3723.5,678.346,1753552259999,2526009.18447,820,490.919,1828010.01301,0
1753552260000,3723.48,3725.25,3723.17,3724.47,402.673,1753552319999,1499446.51269,1206,214.025,796959.51849,0
1753552320000,3724.47,3724.48,3723.33,3723.33,380.171,1753552379999,1415821.48681,538,77.275,287779.10062,0
1753552380000,3723.33,3723.90,3723.22,3723.23,163.588,1753552439999,609100.21517,520,71.353,265673.87332,0
1753552440000,3723.22,3723.34,3721.77,3723.33,433.183,1753552499999,1612631.56338,1024,90.881,338317.24781,0
1753552500000,3723.33,3724.33,3723.33,3724.33,272.522,1753552559999,1014793.36487,777,136.574,508556.32266,0
1753552560000,3724.32,3724.66,3724.32,3724.66,258.878,1753552619999,964168.66962,606,232.165,864679.42973,0
1753552620000,3724.66,3725.55,3724.07,3724.41,469.724,1753552679999,1749658.90729,1255,192.372,716538.96172,0
1753552680000,3724.42,3725.16,3724.03,3724.03,332.287,1753552739999,1237668.30353,800,76.137,283587.74883,0
1753552740000,3724.04,3724.24,3721.93,3722.35,2195.725,1753552799999,8175143.01074,1769,426.364,1587241.85472,0
1753552800000,3722.35,3724.70,3722.35,3723.09,2503.233,1753552859999,9320396.02975,2315,1847.858,6880241.49100,0
1753552860000,3723.09,3723.09,3720.75,3720.98,849.121,1753552919999,3160011.53938,1350,203.889,758692.22393,0
1753552920000,3720.99,3722.68,3720.98,3721.5,492.725,1753552979999,1833754.44891,1418,359.038,1336177.63353,0
1753552980000,3721.49,3726.00,3720.90,3726.0,967.491,1753553039999,3602989.61247,2058,770.126,2868314.63253,0
1753553040000,3726.00,3726.62,3725.33,3726.62,653.290,1753553099999,2434143.22258,1358,317.100,1181514.88331,0
1753553100000,3726.62,3727.18,3724.82,3725.6,833.365,1753553159999,3105365.51628,1459,307.161,1144489.04385,0
1753553160000,3725.60,3727.59,3724.95,3727.18,426.440,1753553219999,1589145.85765,1154,144.434,538216.57944,0
1753553220000,3727.19,3728.05,3726.99,3727.47,1176.410,1753553279999,4385087.28557,1405,804.612,2999166.65290,0
1753553280000,3727.46,3727.47,3725.02,3726.45,582.466,1753553339999,2170503.13299,1206,245.170,913440.29254,0
1753553340000,3726.46,3726.47,3723.75,3723.75,360.431,1753553399999,1342586.74662,1157,173.439,646061.15823,0
1753553400000,3723.74,3724.46,3722.50,3724.46,941.267,1753553459999,3504432.69424,1484,443.030,1649391.90644,0
1753553460000,3724.47,3724.47,3723.42,3723.42,329.948,1753553519999,1228736.57883,764,88.784,330635.49364,0
1753553520000,3723.42,3723.66,3722.50,3723.66,254.736,1753553579999,948365.14863,698,172.018,640398.10915,0
1753553580000,3723.66,3725.14,3723.11,3724.69,226.636,1753553639999,843944.89735,950,179.006,666557.61356,0
1753553640000,3724.69,3726.47,3724.69,3725.57,330.825,1753553699999,1232585.95759,1136,128.631,479209.23752,0
1753553700000,3725.58,3725.58,3720.13,3720.95,2834.336,1753553759999,10552247.82436,4036,474.187,1764668.91638,0
1753553760000,3720.95,3721.50,3705.92,3712.17,36153.878,1753553819999,134216317.87476,26407,7945.749,29492776.84131,0
1753553820000,3712.16,3713.80,3709.19,3712.63,4650.478,1753553879999,17259228.94862,6808,2232.863,8287713.11891,0
1753553880000,3712.62,3715.53,3712.43,3714.57,4627.063,1753553939999,17186034.78798,4078,3482.857,12935934.22759,0
1753553940000,3714.58,3718.75,3714.34,3718.03,3858.465,1753553999999,14342879.52524,4105,2696.108,10021994.30302,0
1753554000000,3718.04,3718.85,3716.94,3718.0,2973.449,1753554059999,11054868.87274,2213,1272.520,4730769.79873,0
1753554060000,3718.00,3721.60,3716.59,3720.0,3976.265,1753554119999,14789706.68753,3025,2504.964,9317845.94534,0
1753554120000,3720.00,3723.12,3720.00,3723.12,2370.744,1753554179999,8824127.27175,2218,1484.788,5526392.78314,0
1753554180000,3723.11,3723.91,3722.25,3723.91,2543.713,1753554239999,9470744.64627,2328,1184.979,4411960.16628,0
1753554240000,3723.92,3725.49,3723.92,3725.26,1119.267,1753554299999,4168960.08495,1774,735.771,2740572.85795,0
1753554300000,3725.26,3726.14,3723.93,3724.49,2928.861,1753554359999,10910485.56276,2135,837.120,3118343.61333,0
1753554360000,3724.50,3731.03,3723.80,3731.03,5358.857,1753554419999,19978479.80714,4842,4064.003,15152933.76161,0
1753554420000,3731.03,3732.23,3728.72,3730.03,5476.856,1753554479999,20430511.18619,4008,2810.545,10484181.78571,0
1753554480000,3730.03,3730.04,3728.31,3728.56,2941.675,1753554539999,10970659.01590,2584,1797.307,6702805.69243,0
1753554540000,3728.55,3730.22,3728.55,3730.21,567.217,1753554599999,2115508.65476,852,338.999,1264380.89129,0
1753554600000,3730.21,3733.35,3730.21,3733.08,3279.869,1753554659999,12241158.18247,3599,2200.697,8213319.22314,0
1753554660000,3733.09,3733.95,3730.57,3731.98,2560.000,1753554719999,9554723.37690,2538,1331.382,4968957.96858,0
1753554720000,3731.99,3733.74,3731.59,3733.31,1689.246,1753554779999,6305762.18826,1998,1031.264,3849342.46485,0
1753554780000,3733.32,3736.00,3733.32,3735.18,4549.107,1753554839999,16990425.95816,4072,3054.853,11409400.42953,0
1753554840000,3735.19,3736.00,3735.00,3735.15,1997.009,1753554899999,7459508.02814,1580,965.496,3606504.80731,0
1753554900000,3735.16,3735.16,3732.11,3732.69,2221.024,1753554959999,8294103.11762,1681,252.503,942648.22236,0
1753554960000,3732.69,3736.39,3731.36,3735.54,3911.420,1753555019999,14606493.22835,3685,2887.269,10781481.72613,0
1753555020000,3735.53,3736.60,3733.46,3734.83,4219.390,1753555079999,15762011.37126,2747,1215.227,4539539.98243,0
1753555080000,3734.84,3739.77,3734.83,3738.15,5414.430,1753555139999,20236797.50002,4739,3123.142,11672468.25103,0
1753555140000,3738.15,3741.00,3737.48,3740.21,12751.798,1753555199999,47689774.79972,5822,8653.337,32361372.84609,0
1753555200000,3740.21,3740.39,3739.30,3740.38,4007.701,1753555259999,14988192.09688,2350,2260.628,8454176.88108,0
1753555260000,3740.39,3751.74,3740.36,3750.05,16395.560,1753555319999,61417186.39744,10032,13357.795,50037413.66215,0
1753555320000,3750.05,3755.00,3745.16,3746.48,31452.849,1753555379999,117963145.43565,20863,19131.952,71745737.47277,0
1753555380000,3746.48,3746.48,3742.92,3745.11,3765.078,1753555439999,14097355.44075,6028,1731.679,6483581.28975,0
1753555440000,3745.11,3745.11,3741.67,3742.47,2785.578,1753555499999,10427277.60310,2919,1235.768,4625820.93193,0
1753555500000,3742.48,3742.61,3740.00,3740.01,2067.490,1753555559999,7734240.68111,2576,695.960,2603539.09941,0
1753555560000,3740.02,3742.15,3738.81,3740.44,3111.945,1753555619999,11640720.25806,3148,1991.585,7449982.51707,0
1753555620000,3740.44,3742.00,3739.17,3741.99,1078.637,1753555679999,4035023.69766,1570,625.501,2340111.16331,0
1753555680000,3741.99,3743.51,3741.39,3743.07,4009.870,1753555739999,15005793.05141,2159,3197.415,11965219.88057,0
1753555740000,3743.07,3746.39,3742.83,3745.01,3399.912,1753555799999,12732467.96087,3977,2165.238,8108409.12094,0
1753555800000,3745.00,3745.01,3744.32,3744.33,857.454,1753555859999,3210783.04459,926,517.962,1939535.44651,0
1753555860000,3744.32,3744.69,3741.64,3742.63,2376.538,1753555919999,8895971.87795,1650,517.342,1936322.90595,0
1753555920000,3742.63,3742.63,3740.45,3741.01,965.266,1753555979999,3611315.69549,1227,250.578,937436.47884,0
1753555980000,3741.01,3743.56,3740.70,3742.01,1106.158,1753556039999,4139493.83446,1602,708.929,2653095.96894,0
1753556040000,3742.01,3742.19,3738.78,3738.79,992.240,1753556099999,3711650.48327,1754,292.593,1094561.32049,0
1753556100000,3738.79,3740.00,3738.29,3739.52,1629.044,1753556159999,6090686.98672,1744,655.037,2449105.67268,0
1753556160000,3739.53,3740.00,3739.25,3740.0,682.059,1753556219999,2550747.99288,857,410.618,1535583.83492,0
1753556220000,3740.00,3740.92,3739.88,3739.99,1069.763,1753556279999,4001046.86061,978,852.361,3187895.14584,0
1753556280000,3739.99,3740.00,3739.00,3739.0,204.520,1753556339999,764868.09002,559,14.365,53720.76096,0
1753556340000,3739.00,3739.01,3738.04,3738.67,1278.261,1753556399999,4778803.72433,1041,371.816,1389931.31260,0
1753556400000,3738.67,3739.54,3738.22,3739.19,617.122,1753556459999,2307399.13570,1251,243.273,909571.10002,0
1753556460000,3739.18,3742.52,3739.02,3741.52,1570.552,1753556519999,5875941.89380,2021,965.368,3611222.08513,0
1753556520000,3741.53,3741.99,3741.00,3741.98,545.621,1753556579999,2041399.62864,962,257.379,962983.87488,0
1753556580000,3741.99,3741.99,3740.86,3740.86,276.304,1753556639999,1033698.55228,707,101.042,378006.08349,0
1753556640000,3740.87,3742.00,3740.86,3741.99,676.776,1753556699999,2531983.11638,793,518.685,1940476.72078,0
1753556700000,3742.00,3743.88,3741.99,3743.74,1732.631,1753556759999,6484957.14915,2031,1197.327,4481480.78453,0
1753556760000,3743.74,3745.98,3743.74,3745.45,2358.570,1753556819999,8832795.63768,2569,1402.565,5252391.04168,0
1753556820000,3745.45,3747.50,3745.10,3745.32,1681.317,1753556879999,6298505.68054,2052,919.062,3443231.14878,0
1753556880000,3745.32,3745.67,3743.24,3743.46,845.288,1753556939999,3165204.71546,1292,277.721,1040054.39644,0
1753556940000,3743.47,3743.47,3742.00,3742.0,428.371,1753556999999,1603310.28733,866,162.627,608703.31371,0
1753557000000,3742.01,3742.01,3740.37,3741.1,770.884,1753557059999,2883821.71460,1306,312.081,1167367.57441,0
1753557060000,3741.11,3742.41,3741.10,3742.41,626.089,1753557119999,2342684.45262,1162,450.087,1684102.58788,0
1753557120000,3742.41,3743.50,3742.40,3743.5,617.525,1753557179999,2311317.06648,1030,298.286,1116394.81933,0
1753557180000,3743.49,3743.90,3742.41,3743.24,437.360,1753557239999,1637109.67389,1145,254.522,952691.28472,0
1753557240000,3743.25,3743.47,3741.55,3743.46,624.871,1753557299999,2338485.69255,1348,359.713,1346219.47822,0
1753557300000,3743.46,3743.46,3742.12,3743.01,230.604,1753557359999,863095.48191,868,90.506,338723.65943,0
1753557360000,3743.01,3744.10,3742.80,3742.81,253.333,1753557419999,948401.67620,934,128.571,481334.78280,0
1753557420000,3742.80,3743.03,3741.24,3742.05,664.565,1753557479999,2486822.30292,1334,238.839,893704.09844,0
1753557480000,3742.05,3749.44,3742.05,3748.65,3500.005,1753557539999,13114914.66621,3663,2808.136,10521838.11533,0
1753557540000,3748.65,3748.66,3743.22,3743.22,3419.325,1753557599999,12809532.35751,2923,559.375,2095890.52717,0
1753557600000,3743.23,3743.23,3740.63,3742.61,1019.629,1753557659999,3815396.70934,1770,384.608,1439139.03059,0
1753557660000,3742.62,3742.62,3741.67,3741.68,448.327,1753557719999,1677698.85369,583,183.214,685595.08183,0
1753557720000,3741.67,3741.67,3741.13,3741.27,573.812,1753557779999,2146826.36770,816,403.527,1509722.59355,0
1753557780000,3741.27,3741.94,3739.83,3741.94,553.587,1753557839999,2070917.16388,1299,132.492,495642.98499,0
1753557840000,3741.94,3743.35,3740.75,3740.75,322.700,1753557899999,1207683.45042,1165,121.391,454326.42495,0
1753557900000,3740.75,3741.29,3740.37,3740.93,344.413,1753557959999,1288394.79241,705,238.372,891701.78907,0
1753557960000,3740.94,3741.65,3740.29,3741.64,532.099,1753558019999,1990441.01091,894,292.922,1095750.40742,0
1753558020000,3741.64,3743.50,3741.64,3743.3,282.234,1753558079999,1056293.50749,827,228.316,854503.51453,0
1753558080000,3743.29,3743.76,3743.11,3743.29,497.824,1753558139999,1863635.36235,891,284.207,1063916.06074,0
1753558140000,3743.30,3743.30,3742.25,3742.26,206.359,1753558199999,772403.89787,638,72.630,271848.94841,0
1753558200000,3742.26,3744.51,3742.26,3744.51,432.782,1753558259999,1620182.03890,890,343.152,1284577.54187,0
1753558260000,3744.51,3745.00,3742.05,3742.05,366.277,1753558319999,1371265.53429,1066,141.808,530934.02585,0
1753558320000,3742.06,3743.17,3740.53,3740.54,897.465,1753558379999,3357962.02784,1331,442.566,1656026.39872,0
1753558380000,3740.54,3743.35,3740.54,3743.34,488.607,1753558439999,1828052.74527,1066,291.459,1090463.41180,0
1753558440000,3743.35,3743.35,3740.89,3741.3,345.247,1753558499999,1292041.02771,870,166.158,621844.25399,0
1753558500000,3741.29,3741.30,3739.23,3740.39,695.768,1753558559999,2602162.67790,1349,244.765,915364.39414,0
1753558560000,3740.38,3740.44,3738.90,3740.2,447.903,1753558619999,1674982.90499,1059,157.811,590151.88913,0
1753558620000,3740.20,3740.27,3739.20,3740.18,400.662,1753558679999,1498407.45749,784,174.218,651529.20924,0
1753558680000,3740.17,3741.33,3740.16,3741.31,490.797,1753558739999,1836080.88953,848,306.812,1147796.73521,0
1753558740000,3741.31,3741.32,3740.62,3741.32,573.174,1753558799999,2144211.74848,651,68.354,255717.34976,0
1753558800000,3741.32,3742.00,3741.20,3741.43,560.933,1753558859999,2098763.71827,1237,321.353,1202336.54841,0
1753558860000,3741.44,3742.00,3741.20,3741.99,129.081,1753558919999,482958.84831,453,100.401,375652.02839,0
1753558920000,3741.99,3742.00,3741.99,3741.99,108.028,1753558979999,404239.90304,309,20.732,77579.14400,0
1753558980000,3741.99,3745.00,3741.99,3744.62,711.365,1753559039999,2663209.20067,1520,516.017,1931756.75782,0
1753559040000,3744.63,3744.96,3743.87,3743.87,500.121,1753559099999,1872674.55439,929,323.460,1211196.40886,0
1753559100000,3743.87,3746.79,3743.87,3746.79,381.459,1753559159999,1428630.17470,1381,278.541,1043164.47639,0
1753559160000,3746.79,3749.00,3746.28,3746.63,2320.997,1753559219999,8698538.15026,2353,1943.876,7285104.36771,0
1753559220000,3746.64,3746.64,3744.41,3744.83,1315.830,1753559279999,4928417.05455,1443,413.094,1547326.60687,0
1753559280000,3744.82,3748.38,3742.74,3746.04,2998.793,1753559339999,11233725.60562,3436,2303.571,8629577.77120,0
1753559340000,3746.03,3746.16,3745.57,3745.62,620.486,1753559399999,2324299.74202,1016,342.441,1282734.98261,0
1753559400000,3745.63,3745.91,3745.00,3745.9,478.512,1753559459999,1792287.78581,1111,262.799,984312.38580,0
1753559460000,3745.91,3747.12,3745.90,3746.49,555.725,1753559519999,2082107.48735,1169,163.948,614234.06305,0
1753559520000,3746.47,3746.47,3745.00,3745.29,316.717,1753559579999,1186349.80552,917,140.104,524757.64762,0
1753559580000,3745.29,3751.00,3745.01,3749.57,5148.294,1753559639999,19302338.84250,4613,4181.161,15676283.44002,0
1753559640000,3749.57,3750.79,3748.84,3750.03,3491.522,1753559699999,13093080.21861,3069,2268.789,8508041.18487,0
1753559700000,3750.03,3750.81,3749.37,3750.0,2754.936,1753559759999,10331106.86993,1598,2301.048,8629009.25972,0
1753559760000,3750.00,3750.45,3748.59,3750.14,2314.466,1753559819999,8678819.57656,2327,1527.721,5728526.66413,0
1753559820000,3750.13,3752.54,3749.58,3752.01,2900.373,1753559879999,10879748.96239,3220,1978.296,7420859.20580,0
1753559880000,3752.02,3756.38,3750.50,3750.51,11162.102,1753559939999,41902056.31556,9201,7845.470,29452369.77526,0
1753559940000,3750.50,3750.50,3749.31,3749.33,915.239,1753559999999,3431902.22441,1493,456.056,1710073.32486,0
1753560000000,3749.32,3750.65,3745.92,3745.92,1452.553,1753560059999,5445654.27904,2404,504.659,1892179.27899,0
1753560060000,3745.92,3746.40,3745.21,3745.96,996.143,1753560119999,3731308.74890,1659,502.968,1883994.73565,0
1753560120000,3745.96,3746.98,3745.16,3745.22,1074.673,1753560179999,4025537.90749,1367,318.421,1192835.92812,0
1753560180000,3745.22,3746.04,3743.95,3745.96,2315.364,1753560239999,8670882.33492,2502,970.379,3634310.77354,0
1753560240000,3745.96,3745.97,3743.81,3743.82,2029.776,1753560299999,7601641.00601,2121,1436.803,5380985.62800,0
1753560300000,3743.82,3746.56,3743.25,3746.22,1585.055,1753560359999,5936089.17057,1870,1083.456,4058066.01333,0
1753560360000,3746.22,3746.22,3742.68,3742.68,403.283,1753560419999,1509934.44260,1185,157.094,588161.73095,0
1753560420000,3742.69,3743.76,3742.68,3743.1,370.680,1753560479999,1387468.12667,882,238.313,891999.27788,0
1753560480000,3743.10,3743.22,3741.40,3742.33,1162.986,1753560539999,4352554.99995,2049,573.358,2145974.44466,0
1753560540000,3742.32,3742.33,3741.57,3741.66,389.778,1753560599999,1458473.62000,914,219.961,823037.64183,0
1753560600000,3741.65,3742.04,3741.00,3741.74,489.197,1753560659999,1830336.00262,1060,252.817,945931.02892,0
1753560660000,3741.74,3741.75,3740.05,3741.03,1482.398,1753560719999,5545267.24904,2025,284.682,1064962.06788,0
1753560720000,3741.02,3742.20,3741.02,3742.2,796.146,1753560779999,2978723.13786,876,262.973,983960.72072,0
1753560780000,3742.20,3742.32,3741.21,3741.49,510.189,1753560839999,1909068.39122,1019,270.858,1013509.07204,0
1753560840000,3741.48,3741.89,3739.76,3740.08,981.545,1753560899999,3671865.48490,2138,374.736,1401804.55744,0
1753560900000,3740.07,3740.54,3739.24,3740.0,1027.736,1753560959999,3843583.90020,2005,449.295,1680299.23435,0
1753560960000,3739.99,3741.00,3739.79,3741.0,774.434,1753561019999,2896757.09857,1557,352.952,1320101.59682,0
1753561020000,3741.00,3741.00,3738.40,3738.4,1566.441,1753561079999,5857663.15305,2227,575.812,2153310.91074,0
1753561080000,3738.40,3738.78,3736.89,3738.38,2353.623,1753561139999,8797138.21979,2552,653.191,2441355.03771,0
1753561140000,3738.38,3739.57,3737.25,3737.87,648.044,1753561199999,2422619.55783,1824,306.746,1146796.33988,0
1753561200000,3737.87,3739.39,3737.87,3738.59,742.119,1753561259999,2774581.16586,1847,338.594,1265859.28290,0
1753561260000,3738.59,3738.59,3736.81,3736.81,690.716,1753561319999,2581471.44613,1292,162.583,607639.61930,0
1753561320000,3736.81,3739.20,3736.81,3738.94,615.274,1753561379999,2300164.63890,1220,291.635,1090166.04319,0
1753561380000,3738.94,3742.32,3738.40,3741.86,1174.129,1753561439999,4392709.22816,1607,881.397,3297915.44153,0
1753561440000,3741.87,3741.87,3739.64,3739.92,714.887,1753561499999,2674093.17254,1306,250.645,937522.73966,0
1753561500000,3739.93,3740.44,3738.08,3738.08,596.848,1753561559999,2231881.53800,1364,182.787,683410.37486,0
1753561560000,3738.08,3740.28,3737.48,3740.1,857.729,1753561619999,3207295.11066,1882,379.002,1417175.18753,0
1753561620000,3740.11,3740.78,3738.63,3739.11,716.357,1753561679999,2679177.02105,1867,278.063,1039920.49218,0
1753561680000,3739.12,3739.41,3738.52,3738.52,589.819,1753561739999,2205232.17104,838,365.957,1368208.26358,0
1753561740000,3738.52,3738.53,3735.48,3735.88,1911.015,1753561799999,7140040.63109,2641,741.362,2769744.88289,0
1753561800000,3735.87,3737.07,3731.11,3737.06,6056.604,1753561859999,22614659.03841,5374,2832.171,10576708.43836,0
1753561860000,3737.07,3739.24,3737.06,3739.23,1772.796,1753561919999,6627991.09227,1873,1316.664,4922599.02173,0
1753561920000,3739.23,3739.24,3737.43,3737.44,709.758,1753561979999,2653612.09630,1001,461.682,1726152.41896,0
1753561980000,3737.44,3741.30,3737.29,3741.3,1325.496,1753562039999,4957109.66228,2063,1064.469,3981129.01143,0
1753562040000,3741.32,3742.78,3740.81,3742.77,1237.329,1753562099999,4630117.91445,1891,862.354,3226982.99965,0
1753562100000,3742.78,3744.92,3742.75,3744.23,827.993,1753562159999,3099882.94204,1678,612.540,2293373.59053,0
1753562160000,3744.23,3744.71,3742.82,3742.82,521.381,1753562219999,1951919.86533,1179,143.075,535699.83457,0
1753562220000,3742.82,3743.17,3742.79,3743.0,485.268,1753562279999,1816332.25211,598,120.789,452102.30820,0
1753562280000,3743.01,3746.50,3743.00,3746.5,725.403,1753562339999,2716738.08493,1474,551.112,2064009.30124,0
1753562340000,3746.50,3747.57,3745.43,3746.51,853.949,1753562399999,3199682.03272,1740,520.289,1949442.77500,0
1753562400000,3746.52,3747.01,3745.32,3745.32,561.153,1753562459999,2102178.26759,1069,177.519,665080.43074,0
1753562460000,3745.34,3745.34,3745.04,3745.2,254.745,1753562519999,954071.49095,470,90.007,337093.80517,0
1753562520000,3745.21,3746.99,3744.53,3746.99,478.435,1753562579999,1791969.53639,1336,188.856,707394.64324,0
1753562580000,3746.99,3747.95,3746.55,3746.55,995.146,1753562639999,3729258.03240,1406,689.594,2584235.43520,0
1753562640000,3746.54,3746.97,3744.37,3744.77,1809.399,1753562699999,6777676.43154,1984,607.343,2274785.86499,0
1753562700000,3744.77,3746.43,3744.75,3746.43,523.459,1753562759999,1960873.45278,839,381.613,1429507.87196,0
1753562760000,3746.42,3747.85,3745.59,3746.87,2089.620,1753562819999,7829602.25018,2618,1291.700,4839679.44430,0
1753562820000,3746.88,3746.88,3742.82,3742.83,440.218,1753562879999,1648734.73809,1296,58.356,218558.79082,0
1753562880000,3742.82,3743.73,3741.10,3742.67,1277.512,1753562939999,4781515.07472,1736,576.371,2157256.87967,0
1753562940000,3742.67,3742.96,3740.28,3742.62,766.416,1753562999999,2867467.87634,1947,167.982,628542.39525,0
1753563000000,3742.63,3743.84,3742.19,3743.08,547.938,1753563059999,2051073.88196,937,134.679,504063.18910,0
1753563060000,3743.07,3744.08,3742.43,3742.98,756.826,1753563119999,2833061.77945,1282,326.810,1223402.39647,0
1753563120000,3742.98,3742.98,3741.14,3741.88,1150.834,1753563179999,4306247.44252,1173,73.986,276845.23927,0
1753563180000,3741.88,3743.30,3741.60,3743.3,710.784,1753563239999,2659951.88798,1025,404.599,1514070.72896,0
1753563240000,3743.29,3744.81,3743.03,3744.69,309.095,1753563299999,1157293.03019,954,222.566,833313.35313,0
1753563300000,3744.69,3744.70,3741.57,3743.34,941.141,1753563359999,3521912.51515,1463,151.460,566808.32796,0
1753563360000,3743.35,3743.35,3742.46,3742.47,149.758,1753563419999,560505.94606,388,36.470,136495.57315,0
1753563420000,3742.47,3745.79,3742.47,3745.79,1011.112,1753563479999,3786069.95855,1540,716.456,2682477.76421,0
1753563480000,3745.79,3745.84,3745.63,3745.63,253.418,1753563539999,949234.29780,430,123.723,463428.77952,0
1753563540000,3745.64,3745.64,3743.65,3743.66,334.011,1753563599999,1250854.63062,864,115.682,433205.89941,0
1753563600000,3743.65,3743.65,3739.52,3740.26,1187.678,1753563659999,4442599.89170,2539,202.618,757914.65504,0
1753563660000,3740.26,3741.31,3738.78,3740.35,1728.568,1753563719999,6465100.98323,1843,1216.584,4550425.11334,0
1753563720000,3740.34,3741.06,3739.03,3739.37,809.192,1753563779999,3026419.22999,1164,576.462,2156023.68002,0
1753563780000,3739.36,3739.38,3738.78,3738.79,520.697,1753563839999,1947015.71651,718,104.090,389219.49342,0
1753563840000,3738.78,3740.08,3738.78,3740.07,678.749,1753563899999,2538180.77851,813,590.151,2206865.07990,0
1753563900000,3740.07,3740.08,3738.00,3738.01,497.941,1753563959999,1861948.96419,1321,226.218,845854.57667,0
1753563960000,3738.01,3739.41,3738.00,3739.21,456.537,1753564019999,1706954.23645,1028,210.374,786531.89917,0
1753564020000,3739.22,3740.14,3739.21,3740.14,351.665,1753564079999,1315178.28038,915,163.445,611276.38569,0
1753564080000,3740.14,3742.67,3739.85,3740.75,1326.621,1753564139999,4963876.86579,2026,1009.292,3776594.15112,0
1753564140000,3740.76,3741.13,3739.90,3740.83,567.189,1753564199999,2121654.69484,1007,244.084,913001.09244,0
1753564200000,3740.83,3740.87,3740.04,3740.86,227.303,1753564259999,850261.47932,605,68.914,257776.02323,0
1753564260000,3740.86,3740.86,3740.17,3740.27,264.022,1753564319999,987577.30303,502,32.386,121130.42614,0
1753564320000,3740.28,3741.87,3740.27,3740.76,407.615,1753564379999,1524895.60107,796,239.401,895573.40885,0
1753564380000,3740.77,3740.77,3738.92,3740.11,767.150,1753564439999,2868957.26661,1281,367.832,1375552.32137,0
1753564440000,3740.12,3740.16,3735.74,3736.96,1968.424,1753564499999,7356931.51369,2263,235.187,879323.82715,0
1753564500000,3736.95,3738.68,3736.29,3738.68,1314.498,1753564559999,4913428.24222,2064,717.648,2682430.89819,0
1753564560000,3738.67,3741.75,3738.12,3741.17,3050.787,1753564619999,11411029.22868,2631,2785.517,10418861.06379,0
1753564620000,3741.16,3741.32,3739.98,3740.19,538.490,1753564679999,2014388.78937,1165,126.000,471287.58494,0
1753564680000,3740.18,3740.81,3739.22,3740.81,360.954,1753564739999,1349902.72196,829,184.088,688412.07364,0
1753564740000,3740.80,3740.99,3739.66,3739.66,372.299,1753564799999,1392628.39407,606,59.034,220815.49214,0
1753564800000,3739.67,3740.49,3739.30,3739.31,438.252,1753564859999,1639061.83912,724,308.528,1153882.85413,0
1753564860000,3739.31,3740.15,3738.30,3739.91,632.246,1753564919999,2363918.84715,1347,169.454,633624.57613,0
1753564920000,3739.92,3740.45,3739.25,3740.44,504.337,1753564979999,1886283.65562,942,114.883,429644.83994,0
1753564980000,3740.44,3742.22,3740.44,3741.4,598.354,1753565039999,2238828.28476,1151,379.654,1420592.77775,0
1753565040000,3741.39,3742.74,3741.39,3742.66,454.196,1753565099999,1699777.61728,803,328.099,1227869.22077,0
1753565100000,3742.66,3743.38,3742.66,3743.38,350.349,1753565159999,1311350.50307,588,299.233,1120019.14654,0
1753565160000,3743.38,3743.38,3741.01,3741.02,1482.085,1753565219999,5547288.22024,1534,762.305,2853354.44159,0
1753565220000,3741.01,3742.68,3741.01,3742.67,156.002,1753565279999,583770.45002,505,107.343,401670.51952,0
1753565280000,3742.67,3743.02,3742.61,3742.61,253.930,1753565339999,950427.99923,455,143.139,535750.55758,0
1753565340000,3742.61,3742.62,3741.88,3741.89,338.479,1753565399999,1266692.12385,484,36.302,135862.76486,0
1753565400000,3741.88,3743.37,3741.88,3743.37,416.246,1753565459999,1557760.30498,704,258.765,968440.88736,0
1753565460000,3743.36,3743.37,3742.66,3743.37,336.646,1753565519999,1260083.66284,620,209.110,782695.66596,0
1753565520000,3743.36,3743.37,3743.36,3743.37,139.761,1753565579999,523176.38678,257,64.982,243251.66934,0
1753565580000,3743.37,3745.98,3743.36,3745.97,2743.474,1753565639999,10270490.33431,1274,2634.472,9862236.89490,0
1753565640000,3745.98,3749.60,3745.97,3749.59,2072.074,1753565699999,7765873.10848,2099,1840.218,6896778.80452,0
1753565700000,3749.59,3749.97,3747.35,3747.36,1124.819,1753565759999,4217184.63778,1267,442.281,1658395.29197,0
1753565760000,3747.35,3749.34,3747.16,3748.07,1125.013,1753565819999,4217171.65301,1370,376.592,1411672.74572,0
1753565820000,3748.06,3748.06,3747.39,3747.72,943.321,1753565879999,3535374.40639,975,542.365,2032622.38109,0
1753565880000,3747.71,3747.94,3745.74,3747.94,1566.451,1753565939999,5869461.59338,1514,468.136,1754005.31732,0
1753565940000,3747.93,3748.74,3747.69,3748.74,512.696,1753565999999,1921555.01037,631,318.478,1193615.28868,0
1753566000000,3748.74,3749.00,3747.66,3747.81,1207.547,1753566059999,4526501.73959,1005,800.718,3001635.27859,0
1753566060000,3747.81,3748.25,3747.81,3748.25,178.642,1753566119999,669527.66308,488,77.715,291267.31971,0
1753566120000,3748.25,3748.25,3747.67,3747.67,254.351,1753566179999,953297.71472,416,71.124,266552.89704,0
1753566180000,3747.68,3747.68,3745.76,3745.94,1116.209,1753566239999,4182078.00423,1423,102.008,382120.95485,0
1753566240000,3745.94,3745.98,3745.94,3745.95,290.145,1753566299999,1086871.18657,446,56.333,211020.89991,0
1753566300000,3745.94,3745.95,3745.50,3745.51,257.172,1753566359999,963296.19720,647,70.534,264196.04040,0
1753566360000,3745.50,3748.34,3745.38,3747.91,1169.099,1753566419999,4380199.95082,1810,653.051,2446483.50192,0
1753566420000,3747.92,3747.92,3747.91,3747.92,95.264,1753566479999,357041.14749,314,24.925,93416.90600,0
1753566480000,3747.92,3749.00,3747.91,3749.0,647.258,1753566539999,2426446.11456,627,522.613,1959218.57015,0
1753566540000,3749.00,3749.00,3748.65,3748.65,248.047,1753566599999,929915.63291,435,46.475,174233.20070,0
1753566600000,3748.66,3752.90,3748.65,3752.9,1677.685,1753566659999,6292904.09862,3138,1192.393,4472332.13974,0
1753566660000,3752.89,3755.35,3751.09,3751.99,4682.369,1753566719999,17577560.70320,4891,3125.320,11732230.88447,0
1753566720000,3751.99,3752.45,3750.69,3751.0,666.386,1753566779999,2499719.42059,1336,238.802,895777.96809,0
1753566780000,3751.00,3752.84,3750.63,3751.54,1026.010,1753566839999,3849412.29996,1806,248.906,933766.81930,0
1753566840000,3751.53,3752.48,3751.52,3752.47,491.972,1753566899999,1845758.41535,646,306.486,1149823.22234,0
1753566900000,3752.48,3754.35,3752.47,3753.41,1824.718,1753566959999,6849586.95276,1322,400.102,1501810.07500,0
1753566960000,3753.41,3754.72,3751.61,3752.7,2410.076,1753567019999,9044794.52947,2388,836.135,3138309.04308,0
1753567020000,3752.70,3754.95,3752.70,3754.88,839.108,1753567079999,3150273.43041,1532,526.916,1978173.94521,0
1753567080000,3754.88,3757.21,3751.59,3757.21,4105.669,1753567139999,15413188.81780,4113,3018.124,11330983.82890,0
1753567140000,3757.20,3764.00,3756.39,3757.27,12084.021,1753567199999,45436929.31937,9779,8465.856,31836231.79077,0
1753567200000,3757.27,3760.75,3757.26,3759.96,2158.969,1753567259999,8116563.85155,2657,1471.025,5530158.74998,0
1753567260000,3759.96,3759.96,3756.06,3757.07,2794.181,1753567319999,10498560.18941,3002,498.938,1875047.36892,0
1753567320000,3757.06,3757.08,3748.00,3748.65,7856.361,1753567379999,29475126.82525,7199,1428.803,5360648.93630,0
1753567380000,3748.64,3753.10,3748.64,3752.58,4292.964,1753567439999,16103808.34596,5493,1818.923,6822538.90472,0
1753567440000,3752.57,3756.05,3752.57,3755.74,1725.121,1753567499999,6477165.80959,3375,860.207,3229616.03936,0
1753567500000,3755.75,3757.42,3752.80,3754.06,1414.721,1753567559999,5312852.97924,2861,626.742,2353680.66081,0
1753567560000,3754.06,3756.55,3754.06,3756.25,1227.230,1753567619999,4608334.48103,1604,921.533,3460409.82883,0
1753567620000,3756.26,3759.22,3756.25,3757.11,745.302,1753567679999,2800827.54443,1863,465.997,1751207.16918,0
1753567680000,3757.11,3758.03,3756.46,3756.47,1067.946,1753567739999,4012668.08176,1839,661.845,2486886.68173,0
1753567740000,3756.46,3759.99,3756.46,3759.4,1461.469,1753567799999,5492096.61347,1541,1229.589,4620564.73041,0
1753567800000,3759.40,3759.64,3758.21,3759.26,1256.068,1753567859999,4721654.30680,2050,431.114,1620623.00849,0
1753567860000,3759.26,3765.00,3758.34,3759.95,6933.955,1753567919999,26089816.84800,7156,5182.686,19500848.03633,0
1753567920000,3759.95,3760.71,3756.67,3756.77,937.186,1753567979999,3522321.91687,2053,234.861,882829.44131,0
1753567980000,3756.77,3759.64,3756.47,3759.6,842.901,1753568039999,3167675.85729,2013,530.397,1993171.95260,0
1753568040000,3759.59,3760.00,3756.19,3757.11,2907.679,1753568099999,10926373.63836,2384,127.543,479263.42613,0
1753568100000,3757.12,3757.12,3753.51,3753.57,1197.011,1753568159999,4494244.15578,1976,506.920,1903145.49311,0
1753568160000,3753.58,3755.13,3753.57,3754.04,696.976,1753568219999,2616766.64901,1280,459.679,1725810.26280,0
1753568220000,3754.04,3756.15,3753.41,3756.14,605.944,1753568279999,2274945.91668,1462,371.757,1395766.11886,0
1753568280000,3756.15,3761.62,3756.14,3761.09,1908.503,1753568339999,7174965.50446,2436,1612.105,6060509.21510,0
1753568340000,3761.09,3770.55,3761.08,3768.08,16078.952,1753568399999,60580118.08208,9397,12165.014,45829762.20214,0
1753568400000,3768.07,3768.52,3764.71,3765.38,2935.386,1753568459999,11057369.35748,3478,1137.052,4283041.43306,0
1753568460000,3765.37,3770.67,3764.45,3769.72,5349.491,1753568519999,20153639.99251,4781,4062.507,15306500.28859,0
1753568520000,3769.73,3782.23,3768.89,3780.94,36249.510,1753568579999,136933581.91750,22219,26756.036,101065061.22426,0
1753568580000,3780.95,3781.96,3777.14,3777.89,6645.917,1753568639999,25115704.66654,8586,2567.799,9703761.60617,0
1753568640000,3777.89,3795.20,3777.04,3780.6,56152.332,1753568699999,212688781.06061,37801,31397.734,118930917.51085,0
1753568700000,3780.74,3791.03,3777.22,3780.17,22626.452,1753568759999,85629586.19223,13948,12130.042,45916170.35581,0
1753568760000,3780.17,3780.46,3767.45,3770.17,15692.031,1753568819999,59224156.42690,11521,6026.879,22748689.33029,0
1753568820000,3770.16,3770.16,3764.28,3765.99,13100.689,1753568879999,49332200.00926,8159,6766.075,25476258.04816,0
1753568880000,3766.00,3766.40,3749.58,3749.66,26085.919,1753568939999,97975183.53478,19011,10264.622,38538522.20574,0
1753568940000,3749.67,3750.93,3745.34,3745.34,9752.620,1753568999999,36561055.08695,10650,4549.523,17057327.03906,0
1753569000000,3745.35,3754.74,3741.14,3753.27,13734.719,1753569059999,51476179.34268,17954,8505.048,31881738.82581,0
1753569060000,3753.27,3755.87,3751.67,3752.26,3149.340,1753569119999,11820522.36521,4271,2097.160,7871429.74798,0
1753569120000,3752.26,3754.59,3751.08,3751.54,1402.854,1753569179999,5265196.78101,2482,717.427,2692565.83999,0
1753569180000,3751.55,3752.50,3747.56,3748.03,5071.418,1753569239999,19016214.52719,4842,1771.864,6643237.47040,0
1753569240000,3748.04,3749.80,3744.49,3749.5,5028.974,1753569299999,18844088.12830,5134,1925.394,7215792.07212,0
1753569300000,3749.50,3750.97,3748.30,3748.55,1187.151,1753569359999,4451155.18420,2313,699.204,2621614.73876,0
1753569360000,3748.55,3748.56,3742.40,3743.23,3420.255,1753569419999,12807476.04332,4482,1444.253,5407349.13502,0
1753569420000,3743.23,3747.32,3740.42,3745.3,5118.204,1753569479999,19163521.24430,5641,3215.496,12042492.52461,0
1753569480000,3745.30,3746.99,3744.66,3745.47,2453.379,1753569539999,9190420.39607,2845,1828.086,6848137.88086,0
1753569540000,3745.47,3749.25,3744.58,3748.8,1408.970,1753569599999,5278992.35409,2524,926.270,3470604.72871,0
1753569600000,3748.81,3748.81,3744.36,3744.36,2232.463,1753569659999,8363193.20760,2750,439.818,1647424.24141,0
1753569660000,3744.35,3744.46,3740.52,3741.51,3493.490,1753569719999,13073158.87887,4789,812.734,3040969.26728,0
1753569720000,3741.50,3744.59,3740.95,3744.0,1328.076,1753569779999,4971098.16454,1755,885.125,3312833.48925,0
1753569780000,3744.01,3750.96,3744.00,3750.41,2550.967,1753569839999,9560642.95300,3351,2038.850,7640777.02534,0
1753569840000,3750.41,3750.95,3748.80,3749.64,1695.228,1753569899999,6356796.64722,2535,761.313,2854823.34005,0
1753569900000,3749.63,3749.64,3748.00,3748.66,731.468,1753569959999,2742058.86967,1242,473.922,1776557.67384,0
1753569960000,3748.66,3749.93,3747.55,3747.55,830.308,1753570019999,3112428.05115,1402,335.061,1256083.45453,0
1753570020000,3747.55,3750.72,3747.28,3750.36,839.414,1753570079999,3146735.63234,1596,410.420,1538580.00226,0
1753570080000,3750.37,3750.64,3748.97,3750.4,1224.811,1753570139999,4593158.70952,1654,298.893,1120766.60250,0
1753570140000,3750.40,3754.88,3750.40,3754.22,2203.842,1753570199999,8271006.86452,2354,1806.208,6778394.26425,0
1753570200000,3754.21,3754.62,3751.95,3751.96,1181.788,1753570259999,4436017.22511,1787,619.484,2325553.33090,0
1753570260000,3751.95,3754.59,3751.95,3753.59,1277.147,1753570319999,4794018.37670,1511,1076.766,4041842.09496,0
1753570320000,3753.60,3754.46,3751.02,3751.09,2049.651,1753570379999,7692218.09253,2014,343.769,1290417.52688,0
1753570380000,3751.08,3752.25,3750.77,3751.0,1178.835,1753570439999,4422423.90769,1396,494.688,1855763.59142,0
1753570440000,3751.00,3751.00,3749.15,3749.35,1105.627,1753570499999,4145966.14740,1612,193.250,724595.97402,0
1753570500000,3749.36,3749.54,3747.47,3747.47,688.899,1753570559999,2582682.54421,1135,219.928,824567.36796,0
1753570560000,3747.48,3748.00,3747.03,3747.4,774.959,1753570619999,2904106.72341,1086,197.694,740840.81802,0
1753570620000,3747.40,3749.60,3746.21,3746.21,1702.084,1753570679999,6378971.78046,2348,612.695,2296214.75633,0
1753570680000,3746.21,3747.60,3746.21,3747.11,521.721,1753570739999,1954921.14507,949,194.914,730339.47963,0
1753570740000,3747.11,3749.18,3746.87,3748.4,1148.808,1753570799999,4305704.57397,1150,873.470,3273817.45921,0
1753570800000,3748.41,3750.00,3747.56,3750.0,649.738,1753570859999,2435648.51241,1879,294.310,1103332.99410,0
1753570860000,3750.00,3751.14,3749.52,3751.14,1026.681,1753570919999,3850070.21860,1432,720.205,2700769.14884,0
1753570920000,3751.13,3751.81,3749.08,3750.25,719.224,1753570979999,2697759.63053,1475,246.281,923761.38053,0
1753570980000,3750.26,3751.64,3750.25,3750.97,825.324,1753571039999,3095964.17459,1137,203.283,762532.10955,0
1753571040000,3750.96,3754.00,3750.96,3752.5,1172.058,1753571099999,4398217.08965,2040,680.655,2554154.06266,0
1753571100000,3752.50,3752.66,3751.78,3752.12,672.411,1753571159999,2523025.92595,988,353.634,1326916.02980,0
1753571160000,3752.12,3752.90,3752.11,3752.53,1535.624,1753571219999,5762524.16265,1291,894.322,3355907.55782,0
1753571220000,3752.54,3752.54,3746.80,3746.8,1721.901,1753571279999,6455833.14294,2530,310.372,1163971.47228,0
1753571280000,3746.80,3747.80,3744.08,3746.99,2056.783,1753571339999,7704157.56521,3204,867.402,3249352.86882,0
1753571340000,3746.99,3748.40,3746.26,3747.13,770.643,1753571399999,2887778.26003,1275,453.553,1699519.33613,0
1753571400000,3747.13,3748.65,3746.80,3747.93,984.637,1753571459999,3690313.37671,1569,733.958,2750787.88022,0
1753571460000,3747.93,3747.94,3747.00,3747.08,449.057,1753571519999,1682767.06315,1069,228.418,855941.99194,0
1753571520000,3747.08,3749.00,3745.15,3745.15,383.996,1753571579999,1438895.03306,1266,153.477,575113.31309,0
1753571580000,3745.15,3747.35,3745.15,3746.38,1168.928,1753571639999,4379022.15716,1412,886.866,3322276.87117,0
1753571640000,3746.38,3746.39,3744.54,3744.55,486.967,1753571699999,1823928.82710,801,162.664,609260.63201,0
1753571700000,3744.55,3745.37,3742.35,3742.36,2023.864,1753571759999,7577444.03493,2782,984.091,3684560.24110,0
1753571760000,3742.36,3743.14,3741.05,3743.13,1364.045,1753571819999,5104026.42473,2266,456.809,1709310.79324,0
1753571820000,3743.13,3743.36,3740.23,3740.24,1842.232,1753571879999,6893648.42283,2192,876.158,3279061.47178,0
1753571880000,3740.23,3743.24,3737.68,3741.42,5130.125,1753571939999,19187624.44579,4717,1797.723,6725126.89835,0
1753571940000,3741.42,3744.87,3740.91,3744.87,588.153,1753571999999,2201023.36352,1887,321.552,1203273.40832,0
1753572000000,3744.87,3745.49,3743.00,3743.18,1930.589,1753572059999,7227886.80093,2420,1502.049,5623528.87641,0
1753572060000,3743.17,3748.83,3742.97,3748.58,3224.521,1753572119999,12078954.70922,3720,2537.171,9504872.53124,0
1753572120000,3748.58,3750.00,3747.94,3749.27,1284.051,1753572179999,4813786.16300,2700,786.966,2950151.65716,0
1753572180000,3749.27,3750.00,3747.32,3747.67,783.326,1753572239999,2936402.25440,1465,458.561,1718982.70750,0
1753572240000,3747.68,3748.21,3747.46,3748.2,204.067,1753572299999,764812.79757,716,110.299,413372.60518,0
1753572300000,3748.19,3748.20,3746.25,3746.25,551.250,1753572359999,2065596.60165,1093,103.234,386828.67037,0
1753572360000,3746.26,3746.62,3743.00,3743.89,1000.071,1753572419999,3744672.09464,1797,177.265,663839.39456,0
1753572420000,3743.89,3745.55,3743.43,3744.86,433.162,1753572479999,1621942.59124,1284,229.053,857589.47753,0
1753572480000,3744.87,3745.32,3742.20,3742.86,835.932,1753572539999,3129265.40549,1811,164.685,616400.45752,0
1753572540000,3742.86,3743.24,3742.86,3743.06,175.194,1753572599999,655765.99616,470,58.417,218658.14096,0
1753572600000,3743.06,3743.06,3741.31,3741.31,544.999,1753572659999,2039420.88795,1893,266.820,998428.45024,0
1753572660000,3741.31,3743.58,3738.11,3738.52,2803.499,1753572719999,10484794.81305,3507,1353.170,5060821.47822,0
1753572720000,3738.52,3740.91,3735.36,3736.24,3040.701,1753572779999,11368349.44392,3502,1382.568,5170009.28976,0
1753572780000,3736.24,3738.25,3734.80,3736.92,2411.582,1753572839999,9009911.91259,3060,975.587,3645021.03498,0
1753572840000,3736.92,3738.01,3736.14,3736.16,1330.619,1753572899999,4972683.61353,2300,585.249,2187182.63979,0
1753572900000,3736.15,3741.07,3736.15,3740.92,1679.733,1753572959999,6279626.96187,3109,1128.342,4218513.60620,0
1753572960000,3740.93,3741.90,3739.79,3740.69,2517.606,1753573019999,9418671.20669,2328,2232.277,8351264.85060,0
1753573020000,3740.69,3740.69,3739.07,3739.49,643.711,1753573079999,2407152.31058,1115,210.705,787890.87877,0
1753573080000,3739.49,3740.00,3739.07,3740.0,254.377,1753573139999,951191.89713,927,146.865,549170.71909,0
1753573140000,3739.99,3741.07,3739.99,3740.41,1008.078,1753573199999,3770891.59134,1527,277.899,1039500.69559,0
1753573200000,3740.40,3742.00,3740.12,3741.45,363.721,1753573259999,1360770.69930,1104,250.262,936309.02393,0
1753573260000,3741.44,3743.67,3741.25,3742.7,372.369,1753573319999,1393587.50496,1227,259.490,971136.88612,0
1753573320000,3742.70,3742.71,3740.98,3740.98,463.894,1753573379999,1735718.58521,723,81.777,306033.49645,0
1753573380000,3740.99,3741.65,3739.52,3740.96,339.188,1753573439999,1268682.54504,1165,91.204,341101.70843,0
1753573440000,3740.95,3741.63,3739.88,3741.19,752.093,1753573499999,2813517.96217,1494,345.650,1292997.07707,0
1753573500000,3741.18,3741.19,3737.64,3738.16,1747.997,1753573559999,6536422.58333,2432,163.809,612461.29309,0
1753573560000,3738.16,3738.78,3736.80,3736.8,850.608,1753573619999,3179195.35570,1660,178.669,667780.28742,0
1753573620000,3736.79,3738.51,3736.79,3737.27,435.500,1753573679999,1627858.67845,1090,254.079,949699.01235,0
1753573680000,3737.27,3738.64,3736.48,3737.81,445.185,1753573739999,1663855.45190,1226,177.808,664600.32370,0
1753573740000,3737.81,3738.90,3737.80,3738.27,403.352,1753573799999,1507896.69221,1108,263.613,985462.77365,0
1753573800000,3738.27,3738.78,3737.00,3737.0,1360.545,1753573859999,5085428.97306,1158,276.406,1033159.14033,0
1753573860000,3737.01,3737.96,3736.08,3737.32,1377.829,1753573919999,5148649.01648,1799,661.892,2473389.37249,0
1753573920000,3737.32,3739.50,3737.32,3739.2,454.581,1753573979999,1699196.81262,991,381.364,1425504.05853,0
1753573980000,3739.21,3739.88,3738.82,3739.86,512.394,1753574039999,1916046.14520,1157,252.699,944930.70957,0
1753574040000,3739.85,3739.86,3739.00,3739.01,300.191,1753574099999,1122523.42137,543,198.735,743124.91172,0
1753574100000,3739.01,3739.01,3736.16,3736.94,1064.847,1753574159999,3979808.00481,1468,384.619,1437473.67119,0
1753574160000,3736.94,3738.14,3736.94,3737.83,363.405,1753574219999,1358191.36754,836,256.177,957414.35299,0
1753574220000,3737.83,3739.02,3737.83,3738.59,554.027,1753574279999,2071139.81694,1099,321.942,1203496.85005,0
1753574280000,3738.59,3738.59,3737.36,3737.37,251.914,1753574339999,941624.33198,581,100.101,374141.06118,0
1753574340000,3737.37,3740.00,3737.36,3740.0,772.670,1753574399999,2888568.60430,1268,452.220,1690531.61715,0
1753574400000,3740.00,3741.44,3739.81,3740.69,1379.358,1753574459999,5159882.25035,1981,772.833,2890888.66439,0
1753574460000,3740.68,3740.68,3737.69,3738.27,1505.062,1753574519999,5626950.03033,2453,279.357,1044492.62276,0
1753574520000,3738.26,3739.32,3735.76,3736.2,2415.663,1753574579999,9027094.15337,2627,520.965,1946786.36277,0
1753574580000,3736.19,3737.12,3734.70,3735.56,1323.185,1753574639999,4943528.91515,2261,531.439,1985640.83970,0
1753574640000,3735.56,3735.95,3734.00,3734.36,1931.854,1753574699999,7214714.32599,2196,366.068,1367066.57688,0
1753574700000,3734.36,3736.37,3733.21,3735.36,2432.636,1753574759999,9085224.14713,2595,1477.831,5519456.50696,0
1753574760000,3735.36,3737.94,3735.35,3737.01,716.084,1753574819999,2675796.60292,1429,348.142,1300677.27756,0
1753574820000,3737.00,3737.35,3736.63,3737.34,360.789,1753574879999,1348289.03682,755,148.648,555506.92964,0
1753574880000,3737.34,3737.76,3734.73,3734.74,650.532,1753574939999,2430763.40800,1240,184.715,690161.32468,0
1753574940000,3734.74,3735.06,3734.00,3734.03,1073.726,1753574999999,4010011.21160,1282,536.404,2003242.29550,0
1753575000000,3734.03,3734.67,3732.00,3732.58,3633.266,1753575059999,13562411.02784,3407,634.126,2367246.48810,0
1753575060000,3732.58,3733.35,3730.58,3730.61,8270.598,1753575119999,30865658.30389,3332,1059.259,3953344.65122,0
1753575120000,3730.62,3731.99,3730.32,3731.99,1511.593,1753575179999,5639789.58598,2112,735.675,2744860.39036,0
1753575180000,3731.99,3732.85,3728.36,3732.35,5262.154,1753575239999,19629152.91952,5170,1201.098,4480723.15749,0
1753575240000,3732.34,3735.84,3732.34,3734.78,1132.056,1753575299999,4227033.42640,2141,858.691,3206325.46107,0
1753575300000,3734.78,3734.78,3733.01,3733.01,566.058,1753575359999,2113500.46698,1230,263.307,983081.61639,0
1753575360000,3733.02,3736.44,3731.20,3736.44,2436.748,1753575419999,9097973.78072,3056,1239.123,4627521.79106,0
1753575420000,3736.44,3739.26,3736.43,3739.26,1684.395,1753575479999,6295108.82854,2402,1178.992,4406244.03779,0
1753575480000,3739.26,3741.52,3738.54,3741.39,1220.531,1753575539999,4564467.10245,1863,779.817,2916240.07339,0
1753575540000,3741.39,3743.14,3740.23,3740.87,2703.278,1753575599999,10114475.53887,3051,1490.639,5577584.34894,0
1753575600000,3740.88,3741.82,3739.06,3741.82,1798.806,1753575659999,6728193.83307,2208,1096.236,4100339.73767,0
1753575660000,3741.82,3742.92,3741.81,3742.4,920.990,1753575719999,3446532.30279,1204,685.604,2565597.71152,0
1753575720000,3742.40,3743.66,3740.00,3740.65,2131.989,1753575779999,7977349.93107,3072,816.276,3054410.03611,0
1753575780000,3740.64,3741.48,3739.08,3740.66,1417.972,1753575839999,5304041.11473,2355,733.607,2744068.46778,0
1753575840000,3740.65,3742.22,3740.45,3741.0,754.796,1753575899999,2823874.84847,1365,487.087,1822286.55060,0
1753575900000,3741.00,3741.00,3738.18,3738.3,622.125,1753575959999,2326354.33660,1323,239.043,893874.94368,0
1753575960000,3738.31,3738.31,3735.04,3735.98,2312.802,1753576019999,8641878.85080,2682,176.029,657689.29539,0
1753576020000,3735.98,3740.07,3735.31,3740.07,657.520,1753576079999,2457846.40473,1760,415.400,1552798.97770,0
1753576080000,3740.06,3742.14,3739.29,3739.57,584.108,1753576139999,2185160.24763,1456,364.929,1365169.93833,0
1753576140000,3739.57,3740.15,3738.19,3740.15,582.299,1753576199999,2177344.72201,1284,220.489,824433.20899,0
1753576200000,3740.15,3741.19,3738.76,3738.94,489.692,1753576259999,1831633.13889,1407,205.513,768646.27638,0
1753576260000,3738.96,3739.24,3738.04,3739.24,231.207,1753576319999,864399.13025,918,109.208,408281.89192,0
1753576320000,3739.23,3742.20,3738.96,3741.91,580.830,1753576379999,2172999.71959,1342,245.776,919477.29130,0
1753576380000,3741.92,3747.41,3741.91,3747.41,3527.387,1753576439999,13207013.05673,3461,2875.395,10765184.42346,0
1753576440000,3747.41,3751.50,3747.40,3748.51,3043.223,1753576499999,11412171.13633,4472,1784.705,6692546.88963,0
1753576500000,3748.33,3749.94,3747.42,3749.45,1412.727,1753576559999,5296398.54181,2238,534.085,2002153.05601,0
1753576560000,3749.45,3749.57,3746.15,3746.71,892.836,1753576619999,3346191.32983,2128,251.434,942262.29216,0
1753576620000,3746.71,3748.00,3745.47,3746.09,465.726,1753576679999,1745168.99378,1344,220.645,826812.02691,0
1753576680000,3746.09,3747.82,3745.18,3747.0,902.228,1753576739999,3380462.89625,1590,583.971,2188199.93478,0
1753576740000,3747.00,3749.00,3746.99,3748.33,1096.615,1753576799999,4110582.38239,1661,410.122,1537244.43129,0
1753576800000,3748.34,3750.00,3748.33,3749.36,1224.623,1753576859999,4591819.14663,1452,463.934,1739493.35054,0
1753576860000,3749.36,3749.36,3744.09,3745.91,1641.008,1753576919999,6148319.75608,3022,389.384,1458747.07762,0
1753576920000,3745.91,3745.91,3739.64,3740.25,2150.903,1753576979999,8050509.24470,3117,556.349,2082026.71842,0
1753576980000,3740.26,3742.62,3740.15,3742.62,523.767,1753577039999,1959610.35694,1632,344.963,1290548.17161,0
1753577040000,3742.61,3743.72,3742.31,3743.06,385.371,1753577099999,1442432.50337,1044,216.166,809071.41376,0
1753577100000,3743.05,3743.71,3741.71,3741.71,331.000,1753577159999,1238859.66587,1083,111.347,416754.06504,0
1753577160000,3741.72,3743.71,3741.00,3742.37,1321.762,1753577219999,4946546.40422,2041,455.442,1704456.06871,0
1753577220000,3742.37,3742.73,3740.37,3741.33,392.375,1753577279999,1468327.25098,1143,126.181,472158.69547,0
1753577280000,3741.32,3742.00,3738.83,3739.47,2503.775,1753577339999,9365391.45211,2652,247.615,926191.76310,0
1753577340000,3739.46,3743.75,3739.07,3743.5,3804.517,1753577399999,14229935.85774,2318,3519.181,13162328.85095,0
1753577400000,3743.49,3746.72,3742.15,3746.62,2840.758,1753577459999,10638487.20596,3022,2382.283,8921241.83826,0
1753577460000,3746.62,3750.00,3746.38,3749.88,1046.005,1753577519999,3920681.20943,1925,686.705,2573659.56989,0
1753577520000,3749.88,3750.66,3749.88,3750.36,1085.668,1753577579999,4071427.63585,1291,622.692,2335150.48094,0
1753577580000,3750.37,3750.37,3747.81,3749.27,2219.681,1753577639999,8321187.17168,3482,434.707,1629621.77942,0
1753577640000,3749.26,3749.88,3748.48,3748.81,481.852,1753577699999,1806452.52535,1103,308.682,1157192.98279,0
1753577700000,3748.80,3750.20,3746.65,3750.19,538.013,1753577759999,2016666.33412,1722,344.052,1289674.61765,0
1753577760000,3750.20,3752.31,3749.51,3751.24,1734.556,1753577819999,6506059.61029,2609,666.490,2499986.84550,0
1753577820000,3751.24,3753.67,3750.75,3752.71,1651.587,1753577879999,6197433.20157,1939,867.055,3253384.87981,0
1753577880000,3752.70,3753.80,3752.00,3753.06,1371.427,1753577939999,5146438.87631,1921,548.888,2059881.92819,0
1753577940000,3753.05,3754.81,3751.54,3754.81,1055.342,1753577999999,3960896.23163,1900,719.282,2699810.22011,0
1753578000000,3754.80,3757.72,3754.49,3756.55,3835.829,1753578059999,14408160.57473,3828,1985.710,7458469.29411,0
1753578060000,3756.54,3756.54,3752.61,3754.58,1878.520,1753578119999,7052957.35524,3045,1002.256,3763098.66455,0
1753578120000,3754.57,3754.57,3752.33,3753.0,1166.066,1753578179999,4376523.64022,1951,266.860,1001506.91755,0
1753578180000,3753.00,3753.47,3750.58,3750.75,644.277,1753578239999,2417397.18393,1856,190.595,715202.17076,0
1753578240000,3750.74,3750.75,3748.64,3750.64,828.933,1753578299999,3108436.82200,1813,324.429,1216537.79583,0
1753578300000,3750.63,3751.64,3750.04,3751.64,404.529,1753578359999,1517310.42878,864,190.801,715677.85819,0
1753578360000,3751.64,3753.55,3751.63,3753.46,568.046,1753578419999,2131645.16573,1134,260.294,976646.84520,0
1753578420000,3753.46,3757.72,3753.46,3757.71,1295.985,1753578479999,4868388.66778,2729,764.101,2870105.81190,0
1753578480000,3757.72,3762.38,3757.72,3762.38,5296.494,1753578539999,19915434.95350,5641,3002.579,11289164.44186,0
1753578540000,3762.37,3763.11,3759.00,3760.77,2619.497,1753578599999,9852168.42127,3324,747.244,2810524.10576,0
1753578600000,3760.77,3763.79,3760.02,3762.74,1403.215,1753578659999,5279414.16180,2136,779.316,2931938.66500,0
1753578660000,3762.75,3764.27,3762.20,3764.06,1335.565,1753578719999,5026438.36233,2198,683.363,2571913.32144,0
1753578720000,3764.06,3764.66,3763.60,3764.39,1261.317,1753578779999,4747766.42929,1416,386.373,1454341.47144,0
1753578780000,3764.38,3767.76,3763.24,3767.41,3113.059,1753578839999,11722517.95465,3906,1810.728,6818552.40458,0
1753578840000,3767.42,3767.77,3764.36,3766.39,1548.435,1753578899999,5831231.09644,2370,670.163,2523904.87066,0
1753578900000,3766.39,3767.89,3765.11,3765.31,2050.984,1753578959999,7726286.16330,2758,845.791,3186261.97243,0
1753578960000,3765.32,3767.00,3761.57,3766.26,2385.838,1753579019999,8980078.63141,4354,921.102,3467510.83190,0
1753579020000,3766.27,3771.68,3766.26,3770.4,4644.081,1753579079999,17506673.73825,4777,3029.513,11419446.72441,0
1753579080000,3770.40,3770.66,3767.12,3769.39,2496.864,1753579139999,9410685.17823,3444,777.814,2931639.51267,0
1753579140000,3769.39,3769.82,3768.06,3769.48,1406.827,1753579199999,5302631.79757,2004,503.112,1896293.64644,0
1753579200000,3769.47,3770.00,3765.00,3765.01,3212.403,1753579259999,12102971.53331,2835,740.986,2792075.41105,0
1753579260000,3765.00,3767.77,3763.36,3763.72,2382.110,1753579319999,8969592.36584,2993,967.012,3640827.03315,0
1753579320000,3763.72,3766.58,3762.85,3765.82,1855.744,1753579379999,6986278.14824,2220,772.825,2909513.03534,0
1753579380000,3765.82,3767.84,3765.35,3766.01,921.552,1753579439999,3471295.47760,2035,334.158,1258733.95762,0
1753579440000,3766.00,3767.13,3764.70,3766.75,585.288,1753579499999,2204347.63443,1413,258.736,974412.95955,0
1753579500000,3766.74,3767.88,3766.57,3766.76,798.128,1753579559999,3006625.68981,1502,327.608,1234101.27559,0
1753579560000,3766.76,3768.00,3765.91,3766.46,1650.722,1753579619999,6217970.99408,2379,994.691,3746744.80134,0
1753579620000,3766.46,3766.46,3763.00,3763.06,1192.794,1753579679999,4489593.15326,2034,454.310,1709818.42925,0
1753579680000,3763.05,3764.65,3762.29,3764.65,2705.085,1753579739999,10180170.56933,2454,1017.890,3830800.93644,0
1753579740000,3764.65,3765.56,3763.92,3764.28,800.647,1753579799999,3014300.28447,1498,517.475,1948202.10210,0
1753579800000,3764.28,3764.28,3759.16,3762.12,3264.289,1753579859999,12278242.19943,3481,503.129,1892259.55720,0
1753579860000,3762.13,3762.52,3759.74,3759.75,1765.839,1753579919999,6642127.08111,2260,243.712,916672.13195,0
1753579920000,3759.75,3763.09,3758.57,3761.95,2544.570,1753579979999,9568109.44226,3580,1399.879,5264390.66179,0
1753579980000,3761.94,3763.84,3761.01,3763.44,1318.444,1753580039999,4961089.93425,2466,756.785,2847571.09670,0
1753580040000,3763.45,3766.10,3763.27,3766.08,1187.170,1753580099999,4469183.45356,1554,598.765,2254365.63111,0
1753580100000,3766.07,3768.00,3765.07,3767.81,1071.059,1753580159999,4034606.50708,1843,625.425,2356007.75699,0
1753580160000,3767.81,3768.51,3766.14,3767.16,1125.863,1753580219999,4242069.73845,2447,409.476,1542834.03803,0
1753580220000,3767.15,3767.15,3765.31,3765.63,716.626,1753580279999,2698727.05770,1334,404.647,1523843.54772,0
1753580280000,3765.62,3767.99,3764.44,3767.78,1096.820,1753580339999,4130985.81935,2332,705.615,2657880.14095,0
1753580340000,3767.79,3768.00,3765.04,3765.2,1007.963,1753580399999,3796204.40283,1755,297.361,1120070.93148,0
1753580400000,3765.19,3765.55,3763.27,3763.9,1563.494,1753580459999,5886253.08902,2501,358.397,1349271.00186,0
1753580460000,3763.89,3765.00,3762.70,3764.99,771.948,1753580519999,2905334.94197,1498,320.946,1207918.98082,0
1753580520000,3764.99,3765.62,3764.42,3764.88,619.867,1753580579999,2333879.25784,1137,260.815,982002.57844,0
1753580580000,3764.85,3766.27,3763.58,3764.59,808.195,1753580639999,3043045.27746,1876,441.461,1662110.21033,0
1753580640000,3764.58,3764.59,3762.91,3763.31,781.457,1753580699999,2941201.71297,1258,352.402,1326346.20964,0
1753580700000,3763.31,3763.66,3759.67,3759.67,2164.182,1753580759999,8139509.06388,3224,394.489,1483828.38953,0
1753580760000,3759.66,3760.00,3755.54,3756.19,5036.263,1753580819999,18924612.84543,4167,1089.658,4093607.64603,0
1753580820000,3756.20,3759.91,3756.20,3757.99,1103.278,1753580879999,4145836.45203,2292,466.546,1753212.12236,0
1753580880000,3757.99,3760.51,3757.98,3759.28,1729.121,1753580939999,6499806.12672,2312,1393.671,5238818.63326,0
1753580940000,3759.28,3762.28,3758.99,3762.28,1201.840,1753580999999,4519603.09763,1563,1100.900,4140067.88779,0
1753581000000,3762.28,3762.28,3760.00,3760.35,675.182,1753581059999,2539646.73401,1927,345.605,1299855.86995,0
1753581060000,3760.35,3760.35,3757.00,3758.27,1939.181,1753581119999,7287681.10831,2004,1177.926,4426491.69977,0
1753581120000,3758.28,3758.80,3751.54,3755.45,5215.190,1753581179999,19578081.76542,5115,1632.854,6130384.62974,0
1753581180000,3755.45,3757.49,3755.02,3757.04,821.458,1753581239999,3085498.09601,1433,358.860,1347901.39711,0
1753581240000,3757.04,3757.05,3755.77,3756.57,569.415,1753581299999,2138960.87923,1030,283.788,1065992.36577,0
1753581300000,3756.56,3756.85,3754.74,3754.75,577.683,1753581359999,2169794.53090,1358,187.068,702632.18701,0
1753581360000,3754.74,3754.75,3754.00,3754.0,574.771,1753581419999,2158003.70520,845,166.469,624998.02760,0
1753581420000,3754.01,3755.23,3753.28,3755.22,613.464,1753581479999,2303110.40969,1065,349.690,1312930.96874,0
1753581480000,3755.23,3757.80,3755.22,3755.55,1138.348,1753581539999,4275937.28061,2067,702.031,2637006.62454,0
1753581540000,3755.55,3755.55,3754.61,3754.87,578.327,1753581599999,2171757.18350,961,233.249,875898.93121,0
1753581600000,3754.87,3754.87,3753.36,3754.2,774.866,1753581659999,2908841.85479,1599,274.157,1029103.94000,0
1753581660000,3754.21,3755.18,3754.21,3755.01,352.050,1753581719999,1321954.50972,774,165.525,621539.41560,0
1753581720000,3755.00,3757.44,3755.00,3757.44,358.943,1753581779999,1347969.25744,961,269.873,1013509.45894,0
1753581780000,3757.43,3757.82,3754.00,3754.14,991.376,1753581839999,3724038.92926,2130,564.800,2121627.07472,0
1753581840000,3754.15,3754.63,3752.72,3754.63,796.659,1753581899999,2990363.07050,1587,328.454,1232895.64747,0
1753581900000,3754.63,3754.63,3751.17,3751.17,637.708,1753581959999,2392865.14472,1347,50.357,188962.37431,0
1753581960000,3751.18,3751.18,3750.26,3750.86,1123.705,1753582019999,4214741.80887,1403,494.286,1853880.81906,0
1753582020000,3750.85,3751.01,3750.05,3751.0,856.415,1753582079999,3211938.80598,1147,320.810,1203217.27758,0
1753582080000,3751.01,3753.70,3751.00,3753.7,690.744,1753582139999,2592022.00390,1524,394.065,1478699.84310,0
1753582140000,3753.70,3757.66,3753.69,3757.66,1018.481,1753582199999,3824477.76221,2015,685.092,2572711.28559,0
1753582200000,3757.67,3757.67,3755.01,3756.74,1307.097,1753582259999,4910037.11905,1644,596.202,2239298.01649,0
1753582260000,3756.74,3758.64,3755.93,3758.23,1433.639,1753582319999,5386989.26107,2253,800.943,3009687.46607,0
1753582320000,3758.23,3763.00,3758.22,3762.77,1903.685,1753582379999,7160366.00069,2560,1561.142,5871836.41515,0
1753582380000,3762.77,3765.25,3762.32,3762.32,1793.328,1753582439999,6749914.77908,2882,991.447,3731575.68244,0
1753582440000,3762.33,3764.78,3762.02,3764.77,1730.646,1753582499999,6512988.09829,2273,1379.532,5191791.50224,0
1753582500000,3764.78,3768.05,3764.39,3767.66,2756.188,1753582559999,10382419.73728,2642,1569.300,5911011.32582,0
1753582560000,3767.65,3768.36,3767.24,3768.14,1680.018,1753582619999,6329886.06544,1889,758.467,2857681.50210,0
1753582620000,3768.14,3768.82,3767.00,3768.82,1201.788,1753582679999,4528552.03474,1754,615.937,2321040.97269,0
1753582680000,3768.81,3769.39,3764.50,3765.07,3362.626,1753582739999,12669280.80568,2977,1632.804,6153059.96909,0
1753582740000,3765.08,3766.86,3764.09,3764.72,1560.847,1753582799999,5877172.21383,2265,452.470,1703609.26645,0
1753582800000,3764.71,3766.60,3764.71,3765.99,1188.357,1753582859999,4475442.12605,1307,866.773,3264334.99087,0
1753582860000,3766.00,3768.58,3764.71,3768.58,913.088,1753582919999,3438846.63702,1848,455.400,1715259.45978,0
1753582920000,3768.58,3768.58,3767.59,3767.79,1275.664,1753582979999,4806923.15483,1407,244.340,920710.35947,0
1753582980000,3767.80,3767.80,3763.02,3764.97,3292.505,1753583039999,12394996.39573,3762,802.508,3021225.05347,0
1753583040000,3764.97,3764.98,3762.15,3763.77,684.370,1753583099999,2575447.37459,1506,175.792,661517.59340,0
1753583100000,3763.77,3763.77,3759.56,3759.56,1896.391,1753583159999,7132952.49730,2262,191.174,719077.47014,0
1753583160000,3759.56,3762.52,3759.11,3761.71,1154.784,1753583219999,4341875.12376,1835,282.354,1061735.84335,0
1753583220000,3761.70,3762.38,3760.34,3762.38,381.352,1753583279999,1434344.58082,1339,200.860,755484.03794,0
1753583280000,3762.38,3762.38,3760.22,3760.22,334.398,1753583339999,1257925.43945,799,131.270,493831.07020,0
1753583340000,3760.22,3762.00,3760.22,3761.0,289.956,1753583399999,1090549.27477,951,191.941,721874.65984,0
1753583400000,3760.99,3761.49,3760.79,3761.34,278.593,1753583459999,1047845.99263,1308,156.874,590021.05763,0
1753583460000,3761.34,3764.23,3761.34,3764.23,881.851,1753583519999,3317928.04351,1241,719.275,2706214.62944,0
1753583520000,3764.22,3767.73,3764.00,3767.33,1428.027,1753583579999,5378116.29067,2463,968.945,3648973.85702,0
1753583580000,3767.33,3767.34,3764.67,3764.98,748.999,1753583639999,2820786.65554,1725,368.477,1387736.66369,0
1753583640000,3764.97,3766.88,3764.40,3764.41,927.588,1753583699999,3492664.69329,1373,392.740,1478813.05406,0
1753583700000,3764.41,3765.44,3764.40,3765.44,402.900,1753583759999,1516904.39071,938,247.404,931456.58798,0
1753583760000,3765.43,3767.78,3765.12,3767.74,520.071,1753583819999,1959152.03667,1521,296.736,1117779.34358,0
1753583820000,3767.74,3769.47,3767.22,3768.94,1250.591,1753583879999,4713359.94061,1535,723.801,2727886.63815,0
1753583880000,3768.95,3770.57,3768.05,3770.29,3112.658,1753583939999,11733372.01294,3076,1912.730,7210533.71662,0
1753583940000,3770.28,3770.48,3767.85,3769.73,1475.749,1753583999999,5562750.75522,2172,598.416,2255829.58896,0
1753584000000,3769.74,3770.40,3769.18,3770.4,1530.930,1753584059999,5771263.31469,1506,399.559,1506283.26503,0
1753584060000,3770.40,3770.81,3769.72,3769.84,901.732,1753584119999,3399835.70124,1462,356.475,1344002.63175,0
1753584120000,3769.84,3769.96,3768.19,3768.2,667.961,1753584179999,2517784.47539,1159,156.761,590922.82261,0
1753584180000,3768.19,3769.50,3767.35,3769.08,840.851,1753584239999,3168830.25372,1471,520.592,1961951.39275,0
1753584240000,3769.08,3769.31,3768.80,3768.82,768.855,1753584299999,2897917.44418,876,194.206,731979.72442,0
1753584300000,3768.82,3770.43,3768.61,3768.87,1130.055,1753584359999,4259951.10458,2274,688.755,2596341.51196,0
1753584360000,3768.88,3770.70,3768.27,3769.77,742.152,1753584419999,2797507.72328,1240,368.548,1389122.75041,0
1753584420000,3769.76,3769.76,3763.29,3765.22,2177.461,1753584479999,8200067.47983,3357,439.768,1655967.92043,0
1753584480000,3765.22,3767.00,3765.22,3766.81,718.690,1753584539999,2706802.19430,1367,376.117,1416505.16603,0
1753584540000,3766.82,3767.94,3765.98,3767.04,512.992,1753584599999,1932310.23748,1668,244.664,921583.57365,0
1753584600000,3767.03,3768.00,3766.51,3766.51,485.690,1753584659999,1829696.58873,1073,265.778,1001243.28622,0
1753584660000,3766.52,3769.30,3766.34,3769.29,557.391,1753584719999,2099796.43317,1206,342.544,1290503.90420,0
1753584720000,3769.30,3769.98,3768.75,3769.98,906.857,1753584779999,3418149.92955,1118,393.849,1484486.66527,0
1753584780000,3769.97,3785.13,3769.97,3784.34,23785.716,1753584839999,89894492.43076,15613,18722.216,70747267.89944,0
1753584840000,3784.35,3784.62,3781.76,3781.98,8124.242,1753584899999,30732108.45993,9408,3128.485,11833939.37758,0
1753584900000,3781.98,3781.99,3777.89,3778.56,4300.435,1753584959999,16252405.05305,7975,1481.191,5597590.05111,0
1753584960000,3778.56,3785.94,3778.56,3785.5,5611.948,1753585019999,21234606.39263,6204,4122.462,15598329.66401,0
1753585020000,3785.51,3787.22,3782.53,3783.76,4505.992,1753585079999,17056622.32192,4857,2093.264,7924962.15894,0
1753585080000,3783.77,3783.77,3780.55,3781.45,2142.891,1753585139999,8104543.27137,2822,654.800,2476778.99279,0
1753585140000,3781.45,3783.98,3781.45,3783.7,2069.257,1753585199999,7827764.83800,3068,1221.986,4622741.60216,0
1753585200000,3783.70,3785.53,3781.36,3782.39,2547.155,1753585259999,9637735.60788,3731,1479.029,5596838.69672,0
1753585260000,3782.39,3782.39,3780.33,3780.38,1953.389,1753585319999,7386490.16917,2726,565.711,2139199.50615,0
1753585320000,3780.37,3782.11,3779.12,3782.1,1383.290,1753585379999,5229518.41908,2754,642.146,2427622.71006,0
1753585380000,3782.11,3784.39,3782.00,3784.23,1189.871,1753585439999,4501180.66636,1799,721.246,2728467.29319,0
1753585440000,3784.23,3784.75,3780.87,3780.87,1811.181,1753585499999,6851580.06217,2175,648.443,2453169.22177,0
1753585500000,3780.87,3780.88,3779.12,3780.72,1497.018,1753585559999,5658978.70816,1747,888.312,3357899.66218,0
1753585560000,3780.73,3780.73,3773.95,3774.17,4884.490,1753585619999,18448712.78731,5567,1006.773,3801963.88800,0
1753585620000,3774.17,3776.63,3773.53,3775.01,2761.844,1753585679999,10425874.63195,2899,1627.006,6141747.30990,0
1753585680000,3775.01,3775.01,3773.34,3773.66,2114.409,1753585739999,7979733.12630,1777,811.886,3063934.40698,0
1753585740000,3773.66,3773.68,3772.09,3772.6,1841.836,1753585799999,6949147.44595,2061,1075.183,4056684.44200,0
1753585800000,3772.60,3775.79,3772.60,3774.67,1676.364,1753585859999,6328085.98657,2347,870.318,3285210.03463,0
1753585860000,3774.66,3776.89,3774.55,3775.67,1863.947,1753585919999,7037785.49601,2305,1526.171,5762534.94327,0
1753585920000,3775.66,3775.67,3773.59,3775.0,722.841,1753585979999,2728299.84754,1404,349.285,1318264.98942,0
1753585980000,3774.99,3774.99,3773.52,3774.82,626.900,1753586039999,2366091.26046,1103,337.234,1272782.78476,0
1753586040000,3774.82,3774.82,3773.70,3773.7,363.002,1753586099999,1370096.23021,883,113.636,428898.92872,0
1753586100000,3773.71,3777.44,3773.70,3777.43,961.175,1753586159999,3628607.66332,1741,753.997,2846429.39039,0
1753586160000,3777.44,3779.61,3777.02,3777.89,1896.978,1753586219999,7167685.36609,2803,1108.588,4188739.94983,0
1753586220000,3777.89,3777.89,3775.56,3775.57,1849.455,1753586279999,6984160.20097,1741,537.450,2029464.77077,0
1753586280000,3775.56,3777.47,3775.12,3777.0,1192.167,1753586339999,4501754.51411,1640,711.775,2687678.22725,0
1753586340000,3777.01,3777.01,3776.04,3776.05,245.465,1753586399999,927016.68027,571,82.896,313061.43136,0
1753586400000,3776.04,3776.05,3773.65,3774.21,833.481,1753586459999,3146081.18310,1449,223.979,845351.39241,0
1753586460000,3774.21,3774.22,3772.11,3772.11,927.085,1753586519999,3498078.69707,1540,191.564,722842.49970,0
1753586520000,3772.11,3772.24,3768.97,3772.23,3368.468,1753586579999,12700959.32555,3408,1065.155,4016012.54215,0
1753586580000,3772.24,3775.29,3772.23,3775.12,916.835,1753586639999,3460603.00303,1813,704.482,2659006.20923,0
1753586640000,3775.11,3775.29,3773.40,3775.04,1224.735,1753586699999,4622886.19076,1480,945.180,3567584.33129,0
1753586700000,3775.05,3776.29,3774.88,3774.88,1019.319,1753586759999,3848736.42792,1433,525.799,1985240.03333,0
1753586760000,3774.88,3775.31,3774.24,3774.89,698.933,1753586819999,2638392.48650,940,480.076,1812205.22800,0
1753586820000,3774.89,3775.31,3773.71,3774.67,819.866,1753586879999,3094580.97298,1270,499.294,1884553.91387,0
1753586880000,3774.67,3776.15,3774.67,3774.68,1572.157,1753586939999,5935607.63482,1443,989.476,3735541.66766,0
1753586940000,3774.69,3775.30,3774.68,3775.3,415.696,1753586999999,1569233.21798,603,286.119,1080091.95522,0
1753587000000,3775.30,3776.32,3771.37,3771.94,1467.018,1753587059999,5535791.68144,2525,606.686,2289043.83175,0
1753587060000,3771.94,3774.32,3770.99,3773.53,894.420,1753587119999,3374021.28981,1779,398.718,1504257.32068,0
1753587120000,3773.53,3774.60,3772.04,3772.05,491.523,1753587179999,1854920.78402,1359,257.251,970792.98944,0
1753587180000,3772.05,3773.47,3771.78,3771.79,724.236,1753587239999,2731859.19342,1076,319.555,1205375.84817,0
1753587240000,3771.78,3773.75,3771.24,3773.75,761.158,1753587299999,2871073.86158,1149,451.052,1701359.79793,0
1753587300000,3773.74,3774.99,3772.94,3772.95,381.145,1753587359999,1438389.52358,1208,182.427,688410.62926,0
1753587360000,3772.94,3773.21,3771.21,3772.21,1103.943,1753587419999,4164184.27811,1590,222.044,837663.50574,0
1753587420000,3772.21,3774.28,3771.21,3772.99,1193.988,1753587479999,4504473.61380,1786,751.772,2835871.83972,0
1753587480000,3773.00,3774.22,3772.99,3773.0,416.075,1753587539999,1570125.50191,937,238.116,898538.71269,0
1753587540000,3773.00,3776.56,3773.00,3776.55,746.315,1753587599999,2817039.48701,1716,596.292,2250798.25121,0
1753587600000,3776.56,3777.64,3775.92,3776.18,1597.199,1753587659999,6032482.46277,1885,943.749,3564466.63989,0
1753587660000,3776.18,3777.86,3775.46,3777.69,707.308,1753587719999,2671314.01470,1338,558.821,2110530.01455,0
1753587720000,3777.68,3779.96,3777.58,3779.01,1288.017,1753587779999,4867069.83279,1876,669.776,2530713.60835,0
1753587780000,3779.01,3779.35,3777.42,3778.22,1451.187,1753587839999,5483252.29730,1821,401.140,1515678.22279,0
1753587840000,3778.22,3779.00,3777.22,3777.51,590.064,1753587899999,2229218.68266,1285,283.257,1070094.37243,0
1753587900000,3777.52,3778.10,3775.05,3775.72,1064.141,1753587959999,4018365.35235,2071,303.987,1147991.62979,0
1753587960000,3775.71,3776.66,3775.71,3776.35,370.087,1753588019999,1397495.54472,858,204.811,773388.09870,0
1753588020000,3776.35,3778.00,3775.71,3777.37,351.196,1753588079999,1326437.50606,1032,186.312,703682.56774,0
1753588080000,3777.36,3777.37,3775.00,3776.98,712.025,1753588139999,2688556.64050,1461,271.600,1025444.92512,0
1753588140000,3776.98,3778.71,3776.98,3778.52,637.658,1753588199999,2408994.78465,1366,411.815,1555753.10689,0
1753588200000,3778.52,3779.25,3777.00,3777.66,1253.258,1753588259999,4735186.96991,1714,517.687,1956031.59514,0
1753588260000,3777.66,3778.16,3776.31,3777.16,509.580,1753588319999,1924959.42089,1372,308.710,1166129.26668,0
1753588320000,3777.15,3777.16,3774.49,3774.97,941.077,1753588379999,3553313.25006,2007,493.199,1862245.86068,0
1753588380000,3774.97,3776.53,3773.10,3773.84,1734.794,1753588439999,6547767.48366,2266,294.881,1113101.45226,0
1753588440000,3773.84,3774.53,3771.20,3771.43,2483.288,1753588499999,9369057.61073,2208,286.355,1080207.95755,0
1753588500000,3771.43,3773.02,3770.17,3772.39,1218.929,1753588559999,4596883.46665,1873,629.159,2372819.95231,0
1753588560000,3772.38,3773.35,3772.07,3772.21,656.476,1753588619999,2476563.43338,1038,273.117,1030320.34314,0
1753588620000,3772.21,3772.21,3770.08,3770.87,1050.700,1753588679999,3962086.44897,1241,552.533,2083549.25157,0
1753588680000,3770.86,3771.34,3770.67,3771.29,514.008,1753588739999,1938362.89155,751,311.702,1175426.60314,0
1753588740000,3771.30,3772.92,3771.30,3772.92,483.084,1753588799999,1822277.49095,967,284.026,1071386.88468,0
1753588800000,3772.91,3773.93,3772.60,3773.24,1309.831,1753588859999,4942180.78373,2337,286.489,1080940.99609,0
1753588860000,3773.24,3774.38,3773.23,3774.2,359.845,1753588919999,1357989.36557,777,282.074,1064493.49472,0
1753588920000,3774.21,3775.37,3774.01,3775.07,717.012,1753588979999,2706507.91157,1201,392.306,1480760.05568,0
1753588980000,3775.07,3775.60,3775.07,3775.35,383.350,1753589039999,1447271.95872,559,282.630,1067016.55967,0
1753589040000,3775.35,3775.35,3772.65,3773.98,1286.140,1753589099999,4853108.13416,1541,215.908,814616.73641,0
1753589100000,3773.98,3775.83,3773.51,3775.82,531.440,1753589159999,2005867.84107,1130,173.370,654446.30416,0
1753589160000,3775.83,3777.51,3775.82,3777.17,683.661,1753589219999,2581972.20671,1053,485.675,1834145.75749,0
1753589220000,3777.16,3777.16,3775.31,3775.32,852.174,1753589279999,3218279.12417,1560,272.957,1030807.90161,0
1753589280000,3775.31,3775.91,3773.00,3773.0,470.147,1753589339999,1774844.86749,1156,151.797,573080.68417,0
1753589340000,3773.00,3773.01,3769.78,3769.78,1378.298,1753589399999,5197360.75799,2068,489.898,1847253.86621,0
1753589400000,3769.78,3770.60,3769.07,3769.39,1018.701,1753589459999,3840148.34953,1537,430.668,1623485.69636,0
1753589460000,3769.38,3770.09,3768.61,3768.61,753.037,1753589519999,2838552.30093,1438,324.176,1222064.17040,0
1753589520000,3768.60,3768.61,3767.00,3767.88,1328.300,1753589579999,5004742.81791,1892,600.435,2262372.80479,0
1753589580000,3767.88,3769.93,3767.88,3769.92,1232.154,1753589639999,4644194.52920,1786,641.086,2416302.22213,0
1753589640000,3769.92,3769.93,3768.65,3768.91,1372.672,1753589699999,5173842.28205,991,718.567,2708284.29873,0
1753589700000,3768.90,3771.50,3768.45,3771.49,1315.782,1753589759999,4960473.58375,1557,806.150,3039169.88736,0
1753589760000,3771.50,3771.59,3770.73,3770.73,460.617,1753589819999,1737117.64409,795,215.803,813849.27920,0
1753589820000,3770.73,3772.27,3770.00,3771.74,1181.415,1753589879999,4455065.36463,1698,869.600,3279199.64655,0
1753589880000,3771.73,3772.20,3769.92,3769.93,477.631,1753589939999,1801367.92864,966,171.188,645668.01433,0
1753589940000,3769.92,3772.00,3769.92,3770.6,500.847,1753589999999,1888723.45508,926,257.376,970540.41554,0
1753590000000,3770.59,3770.60,3769.06,3770.13,557.575,1753590059999,2102124.96498,1133,245.120,924102.41688,0
1753590060000,3770.13,3770.14,3768.26,3768.26,386.498,1753590119999,1456759.69293,750,85.522,322337.17355,0
1753590120000,3768.26,3770.18,3768.26,3770.17,490.722,1753590179999,1849337.39360,717,319.964,1205795.45139,0
1753590180000,3770.17,3771.56,3769.38,3771.56,490.481,1753590239999,1849308.32167,1201,273.778,1032207.54737,0
1753590240000,3771.55,3773.83,3771.11,3773.82,756.843,1753590299999,2855415.78033,1409,582.981,2199583.24294,0
1753590300000,3773.82,3776.74,3773.26,3773.71,2168.103,1753590359999,8185634.52196,2661,1319.325,4981315.87227,0
1753590360000,3773.71,3773.76,3771.66,3773.76,1063.021,1753590419999,4010290.58981,1360,241.053,909352.93555,0
1753590420000,3773.75,3773.75,3772.66,3773.36,387.175,1753590479999,1460854.33395,757,125.894,474990.66814,0
1753590480000,3773.37,3773.37,3772.10,3772.1,322.721,1753590539999,1217620.01007,629,59.861,225846.70640,0
1753590540000,3772.10,3773.53,3772.10,3773.05,226.569,1753590599999,854819.30912,619,178.512,673488.60956,0
1753590600000,3773.05,3774.61,3772.49,3773.17,513.968,1753590659999,1939614.43146,1385,348.929,1316766.18977,0
1753590660000,3773.18,3774.57,3773.17,3774.27,296.384,1753590719999,1118578.28085,816,161.296,608728.76419,0
1753590720000,3774.27,3777.64,3774.27,3777.64,1069.617,1753590779999,4038860.71249,1661,733.470,2769621.84801,0
1753590780000,3777.64,3781.46,3777.64,3779.95,2812.100,1753590839999,10629232.74631,4022,1989.018,7518065.68816,0
1753590840000,3779.94,3781.23,3779.34,3779.35,946.363,1753590899999,3577642.22787,1918,530.688,2006218.64661,0
1753590900000,3779.34,3781.00,3778.84,3781.0,1513.941,1753590959999,5722778.86947,1656,1184.049,4475839.67557,0
1753590960000,3781.00,3783.87,3780.99,3783.44,1716.358,1753591019999,6492357.25655,2571,1266.553,4790819.28600,0
1753591020000,3783.44,3785.82,3782.38,3784.41,5175.979,1753591079999,19586031.85130,4606,4239.282,16041419.07594,0
1753591080000,3784.41,3784.42,3779.40,3779.77,2290.442,1753591139999,8661070.32580,3160,367.909,1391283.10650,0
1753591140000,3779.77,3781.69,3778.26,3781.68,1760.429,1753591199999,6654321.79164,2545,639.698,2418058.35835,0
1753591200000,3781.69,3782.71,3780.74,3782.71,1082.362,1753591259999,4093115.93848,1717,547.040,2068679.56859,0
1753591260000,3782.71,3784.18,3781.86,3781.86,1349.229,1753591319999,5103844.62677,2276,755.244,2857101.32321,0
1753591320000,3781.87,3786.74,3779.41,3786.49,7067.932,1753591379999,26735058.98684,4581,5904.371,22333855.80515,0
1753591380000,3786.49,3787.00,3782.82,3783.39,1833.812,1753591439999,6941981.51014,2815,873.312,3306374.77802,0
1753591440000,3783.39,3784.02,3783.38,3784.0,1177.063,1753591499999,4453764.00675,1200,442.905,1675840.99958,0
1753591500000,3784.00,3784.01,3779.98,3779.98,3418.582,1753591559999,12928731.67072,2700,323.592,1223627.25979,0
1753591560000,3779.99,3780.62,3779.44,3780.51,710.046,1753591619999,2683973.97264,1279,252.955,956180.03412,0
1753591620000,3780.51,3784.14,3780.50,3784.14,7636.756,1753591679999,28882406.31008,1859,7166.782,27104814.55348,0
1753591680000,3784.13,3784.79,3781.59,3781.6,1096.249,1753591739999,4148041.56495,2124,402.457,1522741.79987,0
1753591740000,3781.59,3782.68,3781.59,3781.59,416.953,1753591799999,1576867.37176,1057,200.557,758487.33092,0
1753591800000,3781.59,3784.28,3780.71,3784.28,651.799,1753591859999,2465460.34395,1468,295.488,1117626.53884,0
1753591860000,3784.27,3784.86,3784.25,3784.75,510.558,1753591919999,1932215.56174,971,197.553,747627.64940,0
1753591920000,3784.75,3786.58,3784.75,3786.44,1746.851,1753591979999,6612958.42496,2308,982.195,3718218.96066,0
1753591980000,3786.43,3787.86,3785.20,3787.86,2205.972,1753592039999,8353136.83522,2407,1690.863,6402883.23901,0
1753592040000,3787.86,3789.55,3787.03,3788.75,3268.008,1753592099999,12380950.37114,3167,1933.360,7324750.40038,0
1753592100000,3788.75,3788.79,3786.58,3788.16,1135.332,1753592159999,4300272.86329,2078,408.935,1548802.75483,0
1753592160000,3788.16,3790.80,3788.09,3788.29,3556.258,1753592219999,13476727.09424,3808,2314.061,8769501.92037,0
1753592220000,3788.28,3788.29,3785.57,3788.29,1023.225,1753592279999,3874954.46501,1975,377.533,1429736.70987,0
1753592280000,3788.28,3789.89,3787.64,3789.89,1086.400,1753592339999,4115906.71451,1646,632.083,2394732.01821,0
1753592340000,3789.90,3790.00,3789.26,3789.36,1434.333,1753592399999,5435812.41321,1362,519.187,1967671.88790,0
1753592400000,3789.37,3789.96,3787.80,3789.95,1258.180,1753592459999,4767295.90127,2076,386.034,1462748.32683,0
1753592460000,3789.96,3794.00,3788.81,3789.15,7462.143,1753592519999,28293655.62205,6369,5395.436,20458027.69852,0
1753592520000,3789.15,3789.47,3785.22,3785.22,3115.687,1753592579999,11799102.94541,3637,926.945,3509973.91012,0
1753592580000,3785.22,3786.90,3784.64,3785.38,1990.475,1753592639999,7535336.38568,2772,444.145,1681392.01683,0
1753592640000,3785.38,3786.50,3785.38,3786.49,776.814,1753592699999,2941063.89064,1043,379.543,1436957.27496,0
1753592700000,3786.49,3786.50,3785.71,3786.05,771.997,1753592759999,2922838.17072,1364,280.442,1061719.75137,0
1753592760000,3786.06,3787.27,3785.24,3786.48,1371.843,1753592819999,5194630.18857,1801,676.699,2562432.59881,0
1753592820000,3786.48,3786.93,3785.64,3785.64,1022.658,1753592879999,3872210.90538,1312,628.909,2381341.92316,0
1753592880000,3785.64,3786.02,3784.63,3784.63,774.742,1753592939999,2932698.71448,1362,233.631,884393.87712,0
1753592940000,3784.62,3785.35,3784.28,3784.28,711.298,1753592999999,2692180.71952,1111,128.714,487161.27091,0
1753593000000,3784.28,3787.00,3784.27,3786.8,785.158,1753593059999,2972537.42085,1176,478.056,1809775.01655,0
1753593060000,3786.80,3788.40,3786.52,3787.77,732.957,1753593119999,2776155.09157,1373,310.908,1177653.41470,0
1753593120000,3787.77,3790.31,3787.56,3787.56,1512.025,1753593179999,5728689.61780,2234,858.127,3251090.54692,0
1753593180000,3787.57,3790.80,3787.55,3790.72,2784.437,1753593239999,10550362.65801,3173,1090.491,4132130.81950,0
1753593240000,3790.72,3791.99,3789.16,3790.97,1114.298,1753593299999,4224296.43752,2035,588.198,2229804.73442,0
1753593300000,3790.97,3790.97,3787.88,3789.33,3357.564,1753593359999,12722859.69752,3364,436.707,1654982.67331,0
1753593360000,3789.34,3791.66,3789.34,3791.66,1515.684,1753593419999,5744686.50068,2198,1052.588,3989406.90535,0
1753593420000,3791.66,3794.78,3790.68,3794.59,3833.624,1753593479999,14541480.06828,4563,2684.726,10184068.98412,0
1753593480000,3794.58,3797.00,3793.54,3794.39,9251.124,1753593539999,35111809.94972,7343,6056.505,22987565.65279,0
1753593540000,3794.39,3796.14,3794.11,3795.42,2613.423,1753593599999,9918836.08897,3215,1471.397,5584511.64510,0
1753593600000,3795.41,3795.78,3793.37,3794.57,2464.238,1753593659999,9351732.46311,3282,1500.914,5695942.73235,0
1753593660000,3794.56,3794.93,3793.17,3793.67,2649.369,1753593719999,10052355.10544,2582,906.087,3438142.86206,0
1753593720000,3793.68,3794.54,3790.07,3794.34,2617.252,1753593779999,9924678.91305,3447,937.589,3555779.17635,0
1753593780000,3794.34,3803.86,3794.33,3801.89,25385.996,1753593839999,96456576.06063,18756,20637.520,78417292.40573,0
1753593840000,3801.89,3810.28,3798.66,3801.4,50819.421,1753593899999,193386913.73194,29111,21389.379,81410011.91942,0
1753593900000,3801.40,3805.51,3799.05,3804.21,6316.257,1753593959999,24016195.63377,7454,3117.395,11854057.70711,0
1753593960000,3804.22,3805.66,3797.04,3800.68,9185.048,1753594019999,34901265.30485,7040,4021.613,15279268.06356,0
1753594020000,3800.68,3803.03,3800.24,3802.4,4302.882,1753594079999,16357583.93770,5054,1809.786,6880034.18995,0
1753594080000,3802.39,3802.40,3795.50,3795.5,8679.963,1753594139999,32969718.46487,6562,3117.262,11837459.39547,0
1753594140000,3795.51,3798.90,3795.51,3798.23,2058.108,1753594199999,7816306.04505,2310,874.454,3320825.88956,0
1753594200000,3798.22,3798.22,3791.91,3793.5,6529.378,1753594259999,24779206.03394,5850,1824.162,6923316.57468,0
1753594260000,3793.50,3796.00,3792.00,3795.42,6349.480,1753594319999,24093867.65523,3773,5513.279,20920724.33137,0
1753594320000,3795.43,3796.00,3793.16,3796.0,2721.414,1753594379999,10325434.43425,2344,765.893,2906017.33525,0
1753594380000,3796.00,3796.76,3789.54,3790.32,14957.411,1753594439999,56720557.97973,8597,2925.988,11095428.92313,0
1753594440000,3790.33,3791.69,3788.89,3791.24,5863.240,1753594499999,22221973.32661,3793,2841.285,10769277.70124,0
1753594500000,3791.23,3792.89,3788.89,3789.92,6586.729,1753594559999,24970035.68567,4566,2061.904,7816156.07450,0
1753594560000,3789.92,3791.43,3789.60,3791.43,4674.390,1753594619999,17716304.44173,1716,4160.965,15770296.87896,0
1753594620000,3791.43,3792.29,3790.67,3791.03,1670.674,1753594679999,6334575.24862,2137,1197.575,4540791.81129,0
1753594680000,3791.04,3794.52,3791.03,3794.52,1254.525,1753594739999,4757844.29913,1893,914.880,3469719.82592,0
1753594740000,3794.52,3799.97,3794.51,3799.79,5029.852,1753594799999,19101739.45322,4174,3737.089,14192271.63053,0
1753594800000,3799.80,3799.80,3791.53,3795.91,8352.773,1753594859999,31701126.26284,5111,2756.130,10459062.11427,0
1753594860000,3795.90,3795.90,3788.43,3789.0,10110.572,1753594919999,38326780.03415,6277,3343.680,12670856.38477,0
1753594920000,3789.00,3789.00,3788.47,3789.0,3307.898,1753594979999,12533446.83786,2152,2462.940,9332006.81108,0
1753594980000,3789.00,3789.00,3786.73,3787.12,2907.711,1753595039999,11014789.36516,3259,799.652,3029388.52175,0
1753595040000,3787.13,3787.55,3785.00,3785.96,5213.755,1753595099999,19740145.68695,4633,2612.402,9891191.28351,0
1753595100000,3785.96,3786.06,3785.10,3785.11,1343.267,1753595159999,5085019.50914,2115,712.146,2695857.98443,0
1753595160000,3785.10,3786.45,3782.36,3786.01,4727.917,1753595219999,17890467.16490,4471,1532.555,5799038.80825,0
1753595220000,3786.01,3787.59,3784.23,3784.7,3237.549,1753595279999,12256830.80196,2898,1783.510,6751877.11031,0
1753595280000,3784.70,3785.34,3782.00,3783.7,4270.440,1753595339999,16156141.23477,3382,1454.032,5501580.74927,0
1753595340000,3783.69,3783.70,3782.50,3782.74,1156.827,1753595399999,4376211.93353,1498,392.080,1483187.45376,0
1753595400000,3782.73,3785.22,3782.35,3784.52,4094.858,1753595459999,15491818.17198,3371,1151.342,4356003.31058,0
1753595460000,3784.53,3786.33,3784.52,3785.26,2344.606,1753595519999,8875296.72970,2361,1729.340,6546074.93664,0
1753595520000,3785.26,3785.79,3783.61,3784.0,1524.500,1753595579999,5769686.31401,1422,663.263,2510262.26569,0
1753595580000,3783.99,3787.43,3783.99,3787.43,2586.146,1753595639999,9792547.30691,1943,2090.686,7916433.96946,0
1753595640000,3787.43,3787.86,3787.42,3787.47,689.415,1753595699999,2611151.83068,869,444.361,1683005.89265,0
1753595700000,3787.47,3787.99,3786.71,3787.52,1073.854,1753595759999,4067207.06780,1182,483.391,1830779.00731,0
1753595760000,3787.51,3790.80,3787.18,3790.34,1753.409,1753595819999,6644217.29123,2218,1370.151,5191843.96911,0
1753595820000,3790.33,3791.14,3789.00,3789.55,1643.457,1753595879999,6228592.88700,2086,1204.650,4565611.64671,0
1753595880000,3789.55,3790.57,3789.54,3790.54,826.082,1753595939999,3130826.39613,899,579.491,2196221.56016,0
1753595940000,3790.54,3790.87,3788.70,3789.84,808.811,1753595999999,3065484.22647,1346,348.980,1322621.16765,0
1753596000000,3789.83,3789.84,3787.39,3787.55,780.367,1753596059999,2956418.55046,1746,255.853,969357.35194,0
1753596060000,3787.54,3787.76,3783.22,3784.47,3995.419,1753596119999,15124843.02425,3445,1118.553,4234676.91904,0
1753596120000,3784.47,3786.00,3784.47,3785.21,666.022,1753596179999,2521252.86417,1018,265.873,1006439.06706,0
1753596180000,3785.22,3787.00,3785.21,3787.0,746.164,1753596239999,2824896.36369,1371,471.947,1786745.94269,0
1753596240000,3787.00,3787.90,3786.99,3787.9,575.121,1753596299999,2178271.94475,1127,431.206,1633179.55452,0
1753596300000,3787.89,3787.90,3784.02,3784.02,650.795,1753596359999,2463712.20952,1539,142.005,537511.50307,0
1753596360000,3784.02,3784.03,3781.52,3782.32,2429.011,1753596419999,9187501.16267,2272,736.505,2785637.53641,0
1753596420000,3782.31,3783.66,3780.03,3780.04,2087.470,1753596479999,7893763.70165,2641,506.490,1915484.94828,0
1753596480000,3780.04,3782.40,3780.03,3781.56,1413.562,1753596539999,5345060.53915,1921,962.666,3639929.77611,0
1753596540000,3781.55,3782.45,3780.03,3780.04,1117.806,1753596599999,4226366.41081,1650,336.100,1270905.24192,0
1753596600000,3780.03,3781.00,3775.00,3775.71,9213.706,1753596659999,34807824.90658,5572,1380.059,5215562.77102,0
1753596660000,3775.71,3779.53,3771.45,3775.31,13405.288,1753596719999,50607085.26518,8733,3939.838,14874226.05137,0
1753596720000,3775.32,3776.31,3771.75,3776.25,6007.852,1753596779999,22670001.26381,3972,3604.961,13601876.56358,0
1753596780000,3776.25,3777.58,3776.24,3777.58,1531.082,1753596839999,5783005.71922,1974,910.626,3439451.70843,0
1753596840000,3777.58,3778.91,3776.67,3776.69,1985.854,1753596899999,7502032.96269,2301,1165.205,4401927.28522,0
1753596900000,3776.69,3777.31,3776.68,3776.75,964.897,1753596959999,3644221.72952,1195,623.393,2354405.76074,0
1753596960000,3776.75,3779.37,3776.74,3778.95,1325.308,1753597019999,5007804.71773,1651,753.473,2846914.42559,0
1753597020000,3778.96,3779.75,3777.31,3778.15,1203.083,1753597079999,4546030.38563,1710,650.147,2456797.18827,0
1753597080000,3778.14,3778.15,3777.80,3777.81,689.132,1753597139999,2603554.35806,911,461.389,1743134.42149,0
1753597140000,3777.80,3780.38,3777.66,3779.08,2052.343,1753597199999,7756077.27549,1907,1472.437,5564496.40561,0
1753597200000,3779.09,3780.67,3779.08,3779.34,1265.521,1753597259999,4783523.55957,1770,912.584,3449428.78572,0
1753597260000,3779.34,3779.35,3778.21,3778.9,1003.852,1753597319999,3793463.68970,1454,392.696,1483832.51911,0
1753597320000,3778.90,3778.90,3777.33,3777.36,996.717,1753597379999,3766080.80163,1228,396.867,1499627.86664,0
1753597380000,3777.36,3778.97,3777.33,3778.2,652.987,1753597439999,2467042.29801,1393,434.144,1640156.42024,0
1753597440000,3778.20,3778.25,3776.68,3777.07,1277.378,1753597499999,4825345.68014,1936,463.561,1751061.30321,0
1753597500000,3777.06,3777.14,3773.73,3776.74,1974.227,1753597559999,7453346.16107,2802,466.563,1761735.34341,0
1753597560000,3776.74,3776.74,3775.93,3775.93,650.883,1753597619999,2457821.11949,987,365.681,1380850.35884,0
1753597620000,3775.93,3775.94,3773.18,3773.18,1731.508,1753597679999,6534561.29948,1973,290.925,1097851.98630,0
1753597680000,3773.19,3774.87,3772.52,3774.86,1958.603,1753597739999,7390540.64019,2153,847.133,3196457.54885,0
1753597740000,3774.87,3775.44,3773.32,3774.24,1405.579,1753597799999,5305450.73934,1539,542.597,2048089.60821,0
1753597800000,3774.23,3774.24,3773.06,3773.08,758.812,1753597859999,2863335.03528,1389,386.386,1457992.37485,0
1753597860000,3773.09,3773.98,3771.98,3771.99,1746.878,1753597919999,6590475.62109,2036,705.259,2660828.34178,0
1753597920000,3771.98,3775.20,3771.98,3774.66,2161.544,1753597979999,8158052.86423,2131,1518.750,5732269.64948,0
1753597980000,3774.66,3774.66,3771.39,3771.4,1617.616,1753598039999,6102950.42450,1937,602.840,2274396.31539,0
1753598040000,3771.40,3774.53,3771.31,3773.42,1763.361,1753598099999,6652009.86272,2109,1080.201,4074804.49876,0
1753598100000,3773.43,3773.82,3772.50,3773.38,864.367,1753598159999,3261567.26578,1087,451.283,1702831.93897,0
1753598160000,3773.38,3776.80,3773.03,3776.04,1348.878,1753598219999,5092398.45993,1909,997.894,3767407.97189,0
1753598220000,3776.04,3776.04,3774.55,3775.53,1533.386,1753598279999,5788642.54376,1480,832.071,3141070.62275,0
1753598280000,3775.53,3775.81,3774.64,3775.12,1241.396,1753598339999,4686434.77945,1203,432.724,1633575.83903,0
1753598340000,3775.12,3775.12,3774.50,3774.51,825.859,1753598399999,3117574.16834,774,296.125,1117851.02824,0
1753598400000,3774.50,3778.25,3774.49,3777.08,1223.519,1753598459999,4619871.58927,1630,968.037,3654945.24204,0
1753598460000,3777.09,3777.23,3775.40,3775.51,1737.449,1753598519999,6561207.59525,2405,896.189,3384284.92276,0
1753598520000,3775.51,3777.00,3774.94,3774.97,1250.833,1753598579999,4722793.22761,1753,367.643,1388033.28712,0
1753598580000,3774.96,3776.63,3774.75,3776.57,723.716,1753598639999,2732412.02592,1343,420.865,1588999.25034,0
1753598640000,3776.56,3777.00,3776.32,3776.83,580.907,1753598699999,2193819.92290,811,300.513,1134900.89693,0
1753598700000,3776.83,3777.94,3776.19,3776.19,1584.975,1753598759999,5986653.74590,1621,949.092,3584905.10526,0
1753598760000,3776.20,3777.31,3774.47,3777.31,1559.036,1753598819999,5886799.94687,2045,883.717,3336769.14508,0
1753598820000,3777.30,3777.94,3772.77,3772.77,1606.474,1753598879999,6064985.37346,2333,626.918,2366715.83741,0
1753598880000,3772.77,3773.39,3771.66,3771.67,1143.713,1753598939999,4314583.97966,1694,347.737,1311812.74277,0
1753598940000,3771.66,3771.67,3769.32,3770.63,3286.989,1753598999999,12393385.60181,3708,1187.502,4477554.11537,0
1753599000000,3770.64,3772.51,3770.64,3772.51,1272.358,1753599059999,4799330.02282,1806,517.995,1953821.09384,0
1753599060000,3772.51,3772.83,3768.83,3769.02,1623.910,1753599119999,6123015.75172,1813,444.305,1675449.02254,0
1753599120000,3769.02,3769.02,3762.26,3766.18,12191.523,1753599179999,45904573.04102,9891,2648.169,9970366.90643,0
1753599180000,3766.19,3768.36,3764.58,3766.6,3476.040,1753599239999,13091660.86612,3690,1244.590,4687846.19221,0
1753599240000,3766.61,3771.81,3766.61,3771.49,9585.556,1753599299999,36135868.69284,5043,4897.432,18460583.11087,0
1753599300000,3771.49,3771.84,3769.70,3770.06,4545.631,1753599359999,17140497.89897,3009,1782.817,6722027.89112,0
1753599360000,3770.05,3771.45,3768.59,3769.36,3783.800,1753599419999,14266090.62253,2591,1842.543,6946496.29625,0
1753599420000,3769.36,3769.37,3768.51,3768.52,542.621,1753599479999,2045217.71881,836,241.242,909256.35920,0
1753599480000,3768.51,3771.89,3768.51,3771.0,2024.234,1753599539999,7632243.27646,1985,1570.531,5921547.89634,0
1753599540000,3771.01,3771.01,3769.63,3771.01,2646.085,1753599599999,9977375.45075,1604,1164.556,4390829.49331,0
1753599600000,3771.01,3771.21,3769.63,3771.17,5365.627,1753599659999,20232491.14431,2571,1737.600,6551560.14981,0
1753599660000,3771.17,3771.18,3769.37,3770.04,4137.751,1753599719999,15602240.21721,1862,1318.705,4971897.18288,0
1753599720000,3770.05,3770.05,3767.19,3767.19,1751.388,1753599779999,6599974.43941,1815,585.469,2206113.45053,0
1753599780000,3767.20,3767.65,3765.52,3767.65,1983.036,1753599839999,7468928.56800,1898,877.854,3306430.55029,0
1753599840000,3767.64,3771.67,3767.64,3771.61,6657.685,1753599899999,25103931.65003,3503,2869.684,10819371.61474,0
1753599900000,3771.60,3771.92,3769.92,3769.92,2976.650,1753599959999,11224621.02576,1404,621.921,2345209.90163,0
1753599960000,3769.92,3775.00,3769.92,3774.81,4215.503,1753600019999,15906373.26737,4718,3428.292,12935705.27438,0
1753600020000,3774.81,3775.68,3773.09,3773.09,2462.653,1753600079999,9294266.77874,2305,935.807,3531785.65745,0
1753600080000,3773.09,3774.40,3771.81,3773.88,834.953,1753600139999,3150380.16081,1391,567.998,2143219.15469,0
1753600140000,3773.88,3774.41,3773.20,3773.2,1144.128,1753600199999,4317635.35476,1166,465.813,1757897.16356,0
1753600200000,3773.20,3774.32,3773.20,3774.31,987.805,1753600259999,3727656.39620,1431,633.896,2392054.33829,0
1753600260000,3774.32,3774.32,3773.00,3773.0,418.462,1753600319999,1579165.38102,949,228.421,862038.02577,0
1753600320000,3773.01,3773.92,3772.12,3773.54,1313.978,1753600379999,4957451.66323,1517,762.453,2876589.57392,0
1753600380000,3773.53,3776.60,3773.53,3776.24,893.325,1753600439999,3372660.97740,1606,751.011,2835376.23924,0
1753600440000,3776.24,3777.43,3774.16,3775.0,2282.269,1753600499999,8618486.35113,2652,1600.412,6043792.68133,0
1753600500000,3775.01,3776.07,3773.00,3774.33,2977.176,1753600559999,11237756.81566,3421,1899.406,7169587.72904,0
1753600560000,3774.33,3775.86,3774.32,3775.0,764.551,1753600619999,2886071.31518,1254,316.978,1196568.30178,0
1753600620000,3775.01,3776.38,3773.53,3776.38,399.136,1753600679999,1506657.53561,1275,214.046,807982.07133,0
1753600680000,3776.39,3777.51,3776.38,3777.0,1326.574,1753600739999,5010699.41428,1176,695.525,2627048.32683,0
1753600740000,3777.00,3778.50,3776.43,3776.71,2210.486,1753600799999,8349841.92656,2248,1079.187,4076484.26605,0
1753600800000,3776.71,3779.49,3776.70,3779.49,1389.196,1753600859999,5249024.62209,1378,935.323,3533988.57851,0
1753600860000,3779.49,3781.37,3779.48,3780.67,1875.939,1753600919999,7091890.19748,2561,1340.654,5068215.97702,0
1753600920000,3780.67,3781.59,3780.47,3781.33,961.612,1753600979999,3635783.28905,1277,742.182,2806089.08443,0
1753600980000,3781.33,3781.34,3777.46,3779.32,2017.829,1753601039999,7625558.36894,2431,442.261,1671416.97390,0
1753601040000,3779.32,3779.32,3776.51,3777.53,1016.705,1753601099999,3840490.57607,1916,268.610,1014642.99272,0
1753601100000,3777.54,3777.73,3777.00,3777.73,487.724,1753601159999,1842364.82957,775,216.315,817141.87697,0
1753601160000,3777.73,3778.50,3777.00,3778.5,875.430,1753601219999,3307052.05407,1543,504.795,1906922.53318,0
1753601220000,3778.50,3778.50,3775.65,3775.65,963.162,1753601279999,3637798.06673,1490,219.485,829003.01934,0
1753601280000,3775.65,3776.30,3772.41,3775.99,3731.177,1753601339999,14081755.83102,3244,619.524,2338253.52512,0
1753601340000,3775.99,3776.00,3774.91,3774.92,476.750,1753601399999,1799912.36591,854,243.851,920607.23258,0
1753601400000,3774.91,3775.09,3769.03,3770.01,2378.994,1753601459999,8973737.47950,3241,529.297,1997180.18198,0
1753601460000,3770.00,3772.66,3769.03,3771.54,1525.682,1753601519999,5753006.70746,2181,772.663,2913671.86789,0
1753601520000,3771.54,3772.39,3770.30,3772.39,1355.261,1753601579999,5111018.13853,1657,748.189,2821566.23892,0
1753601580000,3772.38,3775.00,3772.38,3774.31,604.190,1753601639999,2279770.41511,1483,449.935,1697693.06398,0
1753601640000,3774.31,3775.37,3773.98,3775.23,604.220,1753601699999,2280728.41719,787,399.736,1508909.19272,0
1753601700000,3775.22,3775.23,3772.50,3773.94,885.889,1753601759999,3343417.39549,1668,330.974,1249011.77039,0
1753601760000,3773.94,3774.64,3773.21,3773.61,268.746,1753601819999,1014217.05181,763,177.538,670005.29926,0
1753601820000,3773.61,3773.61,3770.16,3771.87,738.355,1753601879999,2784684.32162,1900,253.283,955236.63008,0
1753601880000,3771.86,3772.36,3770.75,3770.75,528.584,1753601939999,1993594.64030,1153,279.233,1053146.46807,0
1753601940000,3770.75,3771.80,3770.30,3770.3,411.533,1753601999999,1551929.19978,899,261.955,987860.34775,0
1753602000000,3770.31,3771.59,3770.30,3770.62,399.547,1753602059999,1506659.67459,828,133.625,503868.40192,0
1753602060000,3770.62,3771.33,3770.62,3771.28,279.648,1753602119999,1054586.80608,731,154.212,581539.75177,0
1753602120000,3771.28,3772.60,3770.53,3772.6,485.735,1753602179999,1831785.25384,1187,317.449,1197147.03348,0
1753602180000,3772.59,3773.32,3771.75,3773.32,452.208,1753602239999,1705864.92807,954,244.871,923743.99078,0
1753602240000,3773.31,3773.32,3772.03,3773.27,580.152,1753602299999,2188697.25541,995,458.520,1729791.64592,0
1753602300000,3773.26,3774.09,3773.22,3773.33,720.561,1753602359999,2719238.43514,797,499.930,1886615.26934,0
1753602360000,3773.33,3773.33,3771.11,3771.14,303.169,1753602419999,1143505.03200,841,151.576,571682.68834,0
1753602420000,3771.13,3771.14,3770.00,3770.0,405.519,1753602479999,1529031.06452,835,83.938,316511.57412,0
1753602480000,3770.00,3773.13,3770.00,3772.39,1304.253,1753602539999,4918759.76266,1549,762.686,2876213.48960,0
1753602540000,3772.38,3772.39,3769.04,3771.06,642.316,1753602599999,2421914.00261,1675,193.515,729565.18534,0
1753602600000,3771.05,3771.67,3770.55,3770.56,575.998,1753602659999,2172277.61826,866,165.121,622670.08042,0
1753602660000,3770.55,3770.56,3768.37,3768.38,1431.839,1753602719999,5396827.48427,1967,445.702,1679917.83560,0
1753602720000,3768.37,3768.38,3766.34,3766.35,2587.988,1753602779999,9749623.70021,1756,286.456,1079294.27046,0
1753602780000,3766.35,3766.79,3765.17,3765.81,2880.944,1753602839999,10849808.65826,2360,1551.257,5842194.37279,0
1753602840000,3765.81,3765.81,3763.69,3763.7,3127.643,1753602899999,11774959.63378,2647,546.178,2056264.45891,0
1753602900000,3763.69,3764.87,3763.46,3763.47,1488.541,1753602959999,5602889.15322,1650,580.584,2185305.70747,0
1753602960000,3763.47,3765.21,3761.01,3765.21,5005.295,1753603019999,18834610.28498,4678,2245.799,8451813.71023,0
1753603020000,3765.21,3767.14,3764.83,3764.83,2915.952,1753603079999,10981535.45022,3079,1159.681,4367512.71611,0
1753603080000,3764.83,3766.51,3764.20,3766.51,1167.352,1753603139999,4395046.91725,1332,617.088,2323413.39931,0
1753603140000,3766.50,3767.37,3766.11,3766.5,1067.375,1753603199999,4020773.26565,1466,503.314,1895987.95906,0
1753603200000,3766.50,3771.04,3766.49,3769.61,7623.234,1753603259999,28735059.16195,4270,4610.917,17379151.34323,0
1753603260000,3769.62,3770.76,3768.59,3770.01,1447.003,1753603319999,5454677.37116,1651,1102.203,4154900.05635,0
1753603320000,3770.00,3770.99,3770.00,3770.81,1453.660,1753603379999,5480565.27594,1259,731.641,2758507.09509,0
1753603380000,3770.81,3770.81,3770.00,3770.2,419.549,1753603439999,1581887.49405,729,278.338,1049457.93819,0
1753603440000,3770.20,3770.21,3769.00,3769.01,1886.007,1753603499999,7109582.08969,883,122.965,463491.08535,0
1753603500000,3769.00,3769.01,3767.00,3767.01,1097.390,1753603559999,4134882.03048,1081,66.508,250605.07063,0
1753603560000,3767.00,3767.01,3766.00,3766.0,991.166,1753603619999,3733263.58789,867,159.974,602529.80152,0
1753603620000,3766.00,3766.01,3765.10,3765.1,966.952,1753603679999,3641178.54032,1034,200.337,754390.92344,0
1753603680000,3765.11,3769.02,3764.68,3768.72,2362.347,1753603739999,8897160.76342,3097,814.668,3068643.73859,0
1753603740000,3768.72,3771.02,3767.83,3771.02,1043.926,1753603799999,3935423.00815,2302,807.728,3045019.68490,0
1753603800000,3771.01,3772.33,3770.94,3770.94,1018.940,1753603859999,3842683.74922,1807,727.403,2743221.59694,0
1753603860000,3770.94,3771.06,3769.45,3771.01,1451.182,1753603919999,5471644.88799,1601,829.079,3125997.25773,0
1753603920000,3771.01,3771.55,3770.02,3770.02,804.820,1753603979999,3034814.36506,1372,516.588,1948017.32450,0
1753603980000,3770.02,3772.27,3770.02,3770.58,2652.920,1753604039999,10004653.67015,3144,2061.136,7772625.82511,0
1753604040000,3770.59,3770.59,3768.89,3768.89,639.292,1753604099999,2409823.52624,926,360.847,1360244.67520,0
1753604100000,3768.89,3771.17,3768.89,3770.49,2238.557,1753604159999,8440473.59444,1658,1243.208,4687154.48410,0
1753604160000,3770.49,3771.30,3770.00,3770.0,483.048,1753604219999,1821334.17502,936,183.559,692136.27640,0
1753604220000,3770.00,3770.92,3770.00,3770.01,461.840,1753604279999,1741261.49366,792,252.610,952424.15403,0
1753604280000,3770.01,3771.34,3770.00,3771.33,550.663,1753604339999,2076344.91549,1068,408.178,1539100.60511,0
1753604340000,3771.33,3773.30,3771.33,3773.29,1596.102,1753604399999,6021338.33468,1634,1329.904,5017151.06071,0
1753604400000,3773.30,3773.46,3772.76,3772.76,851.806,1753604459999,3214167.41761,1123,443.368,1672970.62923,0
1753604460000,3772.75,3774.58,3772.33,3774.17,1083.112,1753604519999,4087499.02150,1774,888.601,3353475.88636,0
1753604520000,3774.17,3775.42,3773.03,3773.11,970.211,1753604579999,3661530.78401,1826,551.278,2080581.98424,0
1753604580000,3773.12,3773.12,3771.90,3772.68,627.788,1753604639999,2368287.20509,880,344.901,1301084.60931,0
1753604640000,3772.68,3772.68,3769.39,3769.74,1323.121,1753604699999,4989036.90441,1415,251.054,946817.93259,0
1753604700000,3769.74,3769.74,3768.13,3768.68,1520.658,1753604759999,5731308.67547,1780,210.262,792479.48855,0
1753604760000,3768.67,3768.68,3766.30,3767.28,3734.692,1753604819999,14069535.67609,2459,1033.712,3894071.47922,0
1753604820000,3767.29,3768.56,3765.50,3765.51,1991.546,1753604879999,7501196.07550,1674,424.606,1599579.08908,0
1753604880000,3765.50,3766.99,3765.36,3766.2,2142.950,1753604939999,8071021.36761,1231,1574.503,5930115.87816,0
1753604940000,3766.20,3767.49,3766.19,3767.47,1017.875,1753604999999,3834294.44264,1101,672.574,2533511.88812,0
1753605000000,3767.48,3768.08,3765.38,3766.12,874.919,1753605059999,3295669.11943,1504,422.626,1592150.53739,0
1753605060000,3766.14,3766.73,3764.71,3766.17,2369.447,1753605119999,8921606.88049,2143,536.920,2021739.63980,0
1753605120000,3766.17,3768.28,3765.44,3766.26,1244.925,1753605179999,4689612.31264,2374,632.692,2383430.54538,0
1753605180000,3766.25,3766.60,3765.50,3766.5,557.391,1753605239999,2099131.29894,1060,298.876,1125519.11347,0
1753605240000,3766.50,3766.59,3764.01,3765.38,1372.642,1753605299999,5168056.57174,1791,371.380,1398240.18720,0
1753605300000,3765.38,3765.39,3764.08,3764.52,1096.186,1753605359999,4126845.57600,1605,360.054,1355446.88856,0
1753605360000,3764.51,3766.19,3764.31,3764.95,1050.365,1753605419999,3954576.10648,1659,569.045,2142408.23212,0
1753605420000,3764.95,3765.00,3763.14,3764.94,4250.069,1753605479999,15998460.86005,2155,1348.050,5074317.06304,0
1753605480000,3764.94,3765.59,3764.92,3765.28,1394.235,1753605539999,5249651.55141,1362,470.391,1771084.84560,0
1753605540000,3765.28,3765.28,3763.09,3764.06,1194.698,1753605599999,4497462.53648,1287,341.042,1283827.27353,0
1753605600000,3764.06,3768.00,3764.06,3768.0,858.348,1753605659999,3232896.77499,1790,588.844,2217695.02088,0
1753605660000,3768.00,3769.28,3767.99,3768.63,985.997,1753605719999,3715914.05606,1642,708.307,2669336.07042,0
1753605720000,3768.63,3768.63,3768.17,3768.27,520.756,1753605779999,1962343.37784,561,294.349,1109164.15364,0
1753605780000,3768.27,3770.19,3768.27,3769.9,978.460,1753605839999,3688384.19833,1351,572.260,2157191.51171,0
1753605840000,3769.89,3770.93,3769.89,3770.62,713.553,1753605899999,2690303.03819,1033,528.175,1991399.09870,0
1753605900000,3770.63,3772.99,3770.62,3772.77,1486.308,1753605959999,5606393.66089,1534,1267.963,4782780.10677,0
1753605960000,3772.77,3774.16,3772.00,3772.75,1768.720,1753606019999,6673581.97459,1930,1222.534,4612849.82611,0
1753606020000,3772.75,3772.93,3772.49,3772.5,692.767,1753606079999,2613658.61220,667,351.307,1325391.76533,0
1753606080000,3772.50,3772.50,3769.43,3771.11,1434.586,1753606139999,5409572.45160,1822,398.116,1501152.78416,0
1753606140000,3771.11,3772.00,3769.35,3769.36,798.877,1753606199999,3012638.46481,1470,232.197,875631.31723,0
1753606200000,3769.35,3770.11,3768.17,3770.11,762.768,1753606259999,2874864.42672,1582,288.253,1086479.37881,0
1753606260000,3770.11,3771.48,3769.26,3769.51,1811.264,1753606319999,6829202.19014,2137,987.062,3721522.58877,0
1753606320000,3769.51,3771.48,3768.89,3771.48,415.880,1753606379999,1567777.99588,1145,181.719,685079.20255,0
1753606380000,3771.47,3771.97,3770.69,3771.33,522.764,1753606439999,1971492.96730,1035,145.338,548106.52702,0
1753606440000,3771.33,3771.34,3770.00,3771.05,361.199,1753606499999,1361978.71705,934,165.950,625699.01351,0
1753606500000,3771.05,3771.17,3769.70,3769.7,744.092,1753606559999,2805498.11564,1610,477.985,1802147.35705,0
1753606560000,3769.70,3771.00,3769.52,3771.0,508.875,1753606619999,1918657.39938,1099,390.230,1471348.36912,0
1753606620000,3771.00,3771.00,3769.14,3769.48,285.956,1753606679999,1078020.17741,802,82.927,312591.26012,0
1753606680000,3769.47,3769.88,3768.62,3768.62,450.211,1753606739999,1697020.88182,902,286.630,1080450.02622,0
1753606740000,3768.62,3769.99,3768.22,3769.5,465.239,1753606799999,1753694.24295,1017,166.032,625825.31252,0
1753606800000,3769.51,3769.51,3768.34,3768.34,406.515,1753606859999,1532130.58030,1576,160.368,604436.91715,0
1753606860000,3768.34,3768.35,3766.32,3767.28,977.937,1753606919999,3684114.85072,1598,465.301,1752849.43676,0
1753606920000,3767.28,3767.29,3765.06,3767.29,1818.981,1753606979999,6850127.90776,2574,840.293,3164429.57719,0
1753606980000,3767.29,3770.23,3767.29,3769.88,1189.492,1753607039999,4483554.76694,2076,1035.150,3901811.43412,0
1753607040000,3769.88,3770.24,3769.18,3769.51,529.785,1753607099999,1997130.76604,1115,300.952,1134481.61823,0
1753607100000,3769.51,3770.17,3767.69,3767.96,961.511,1753607159999,3623821.92127,1325,211.755,798113.15800,0
1753607160000,3767.95,3770.24,3767.95,3770.23,593.765,1753607219999,2237906.78531,1380,320.729,1208868.61079,0
1753607220000,3770.23,3771.89,3770.23,3771.01,1843.194,1753607279999,6949882.60343,1833,1667.748,6288247.00750,0
1753607280000,3771.01,3771.78,3769.58,3770.29,1001.236,1753607339999,3775363.81443,1550,674.988,2545247.92279,0
1753607340000,3770.28,3770.89,3769.62,3770.89,474.998,1753607399999,1790663.00720,1134,350.840,1322585.18244,0
1753607400000,3770.88,3770.88,3770.42,3770.43,515.181,1753607459999,1942463.85788,499,447.037,1685521.73608,0
1753607460000,3770.43,3772.59,3769.75,3772.53,1955.689,1753607519999,7376259.79611,2183,1063.714,4011856.63773,0
1753607520000,3772.54,3772.54,3770.00,3770.0,581.364,1753607579999,2192523.45082,1186,214.590,809153.32362,0
1753607580000,3770.00,3770.84,3767.74,3768.14,768.489,1753607639999,2896356.26606,2402,419.482,1580870.50015,0
1753607640000,3768.14,3769.41,3768.14,3768.19,423.626,1753607699999,1596511.41101,863,196.703,741309.40620,0
1753607700000,3768.19,3768.89,3767.36,3768.89,793.011,1753607759999,2987880.25140,1331,149.149,561980.98636,0
1753607760000,3768.89,3770.16,3768.00,3768.01,994.492,1753607819999,3748157.45331,1616,772.766,2912510.65345,0
1753607820000,3768.01,3768.01,3766.25,3767.5,688.174,1753607879999,2592488.65370,1743,367.791,1385492.17587,0
1753607880000,3767.50,3767.78,3766.32,3767.78,868.127,1753607939999,3270031.43391,1768,170.535,642365.56250,0
1753607940000,3767.77,3769.57,3767.37,3768.99,855.817,1753607999999,3224856.30754,1145,613.600,2312073.30435,0
1753608000000,3768.99,3768.99,3766.77,3766.94,661.635,1753608059999,2492747.20430,1426,255.847,963855.20686,0
1753608060000,3766.94,3767.21,3766.19,3766.2,505.649,1753608119999,1904535.98277,890,202.321,762034.56578,0
1753608120000,3766.19,3768.55,3765.65,3768.47,903.272,1753608179999,3401857.41726,1593,446.811,1682808.75392,0
1753608180000,3768.48,3769.81,3768.47,3769.01,316.418,1753608239999,1192632.53603,977,149.439,563239.87341,0
1753608240000,3769.00,3770.92,3769.00,3769.13,464.420,1753608299999,1750814.70388,1225,314.662,1186240.56085,0
1753608300000,3769.13,3769.13,3767.60,3767.6,196.448,1753608359999,740231.28629,652,48.652,183329.48681,0
1753608360000,3767.60,3767.71,3766.71,3767.3,480.588,1753608419999,1810418.53267,1133,206.848,779200.13725,0
1753608420000,3767.30,3769.15,3767.29,3769.14,362.957,1753608479999,1367610.26122,847,253.278,954359.25971,0
1753608480000,3769.15,3769.15,3766.00,3767.1,979.915,1753608539999,3691417.84684,1502,186.477,702527.31702,0
1753608540000,3767.11,3767.11,3766.28,3766.29,830.413,1753608599999,3127920.19196,930,573.704,2160978.56617,0
1753608600000,3766.29,3766.94,3765.68,3766.21,611.877,1753608659999,2304494.38134,1221,302.743,1140178.36352,0
1753608660000,3766.21,3767.82,3765.30,3765.31,1896.907,1753608719999,7144802.63533,2476,406.510,1530909.29620,0
1753608720000,3765.30,3765.50,3764.01,3764.02,1264.678,1753608779999,4761154.82360,1960,631.129,2375962.21139,0
1753608780000,3764.02,3764.89,3763.23,3764.89,2751.354,1753608839999,10356269.52968,2699,1642.791,6183615.91723,0
1753608840000,3764.90,3765.78,3762.21,3764.11,5021.500,1753608899999,18901217.46982,3449,836.193,3147136.64878,0
1753608900000,3764.10,3766.41,3764.10,3765.83,687.383,1753608959999,2588448.85771,1371,346.251,1303838.48759,0
1753608960000,3765.82,3766.89,3765.00,3766.56,666.413,1753609019999,2509558.28184,1196,463.824,1746656.50125,0
1753609020000,3766.56,3766.80,3766.55,3766.79,319.483,1753609079999,1203390.04141,600,276.100,1039978.33104,0
1753609080000,3766.79,3770.80,3766.54,3770.01,4163.238,1753609139999,15690451.35004,3057,3282.087,12369095.04974,0
1753609140000,3770.00,3770.47,3768.24,3770.47,3559.769,1753609199999,13418249.46964,2384,2443.972,9211898.17650,0
1753609200000,3770.46,3770.99,3769.10,3769.1,1589.765,1753609259999,5993970.55036,1272,578.984,2182970.11695,0
1753609260000,3769.11,3770.01,3768.37,3769.13,1650.446,1753609319999,6220910.73181,1243,1047.859,3949381.88119,0
1753609320000,3769.13,3769.14,3767.81,3768.0,1401.244,1753609379999,5280479.67904,1271,328.866,1239240.38420,0
1753609380000,3768.00,3768.01,3764.53,3764.53,934.451,1753609439999,3518924.44507,1263,123.146,463741.65494,0
1753609440000,3764.54,3765.99,3763.44,3765.05,2052.876,1753609499999,7728384.92213,2356,1014.546,3819679.90188,0
1753609500000,3765.05,3765.17,3762.59,3762.59,2130.211,1753609559999,8017152.04399,2301,613.914,2310589.95010,0
1753609560000,3762.59,3762.60,3758.72,3759.95,6004.209,1753609619999,22579874.68251,6254,991.056,3727204.90694,0
1753609620000,3759.95,3760.99,3758.97,3760.53,2481.442,1753609679999,9330572.53822,2762,1151.735,4330628.30359,0
1753609680000,3760.52,3761.76,3760.00,3760.26,1982.510,1753609739999,7455396.82456,1746,704.158,2648132.92512,0
1753609740000,3760.27,3762.71,3758.62,3760.26,4849.142,1753609799999,18235020.69600,4194,1024.353,3852026.51704,0
1753609800000,3760.26,3760.27,3759.12,3759.99,1462.584,1753609859999,5498953.48115,1659,769.044,2891452.09421,0
1753609860000,3759.99,3761.77,3759.12,3759.98,1476.928,1753609919999,5554216.66859,1857,543.729,2044794.28949,0
1753609920000,3759.97,3760.99,3759.12,3760.98,944.059,1753609979999,3549664.46241,1341,406.246,1527471.86245,0
1753609980000,3760.99,3763.22,3747.32,3751.39,24666.077,1753610039999,92605247.90161,16622,3389.982,12728178.98465,0
1753610040000,3751.40,3757.27,3751.40,3755.99,4046.972,1753610099999,15196673.27119,3863,2323.799,8725413.03089,0
1753610100000,3756.00,3756.00,3753.18,3755.55,4592.711,1753610159999,17242669.15014,4632,1839.228,6904892.01523,0
1753610160000,3755.55,3760.45,3755.55,3759.53,8714.304,1753610219999,32753937.62399,4533,5280.624,19846819.28937,0
1753610220000,3759.53,3759.89,3759.00,3759.47,2101.584,1753610279999,7900696.61816,1247,698.196,2624818.38358,0
1753610280000,3759.48,3760.91,3759.47,3760.72,1910.602,1753610339999,7184270.63889,1691,1117.646,4202504.77401,0
1753610340000,3760.73,3762.71,3760.40,3762.31,2711.671,1753610399999,10200334.88853,2345,1583.778,5957941.60322,0
1753610400000,3762.31,3764.76,3762.00,3764.76,2579.711,1753610459999,9708540.43645,2368,1894.329,7129129.46821,0
1753610460000,3764.76,3772.26,3764.75,3771.99,16301.958,1753610519999,61443794.77014,10304,11876.033,44758864.74979,0
1753610520000,3771.99,3772.00,3768.50,3770.01,3247.163,1753610579999,12242591.24713,2790,1428.504,5385030.95179,0
1753610580000,3770.01,3771.28,3769.53,3771.27,1206.001,1753610639999,4546917.77874,1337,587.601,2215443.56786,0
1753610640000,3771.28,3772.99,3771.00,3771.01,6410.692,1753610699999,24182663.69370,3320,1466.242,5530807.25382,0
1753610700000,3771.01,3773.13,3770.56,3773.12,2417.452,1753610759999,9117954.38435,2286,1948.205,7348188.89438,0
1753610760000,3773.12,3773.13,3771.31,3771.87,1666.889,1753610819999,6288016.15851,1725,625.510,2359694.49489,0
1753610820000,3771.87,3774.34,3771.86,3773.58,1887.815,1753610879999,7122960.88168,2206,1349.340,5091322.19946,0
1753610880000,3773.58,3773.59,3772.33,3773.34,1466.708,1753610939999,5533918.91971,1371,311.168,1174016.25311,0
1753610940000,3773.35,3773.62,3772.22,3772.64,2663.857,1753610999999,10050726.15652,1896,1012.089,3818559.57654,0
1753611000000,3772.64,3775.35,3772.63,3772.99,3360.663,1753611059999,12683598.25524,3351,2160.597,8154613.50430,0
1753611060000,3773.00,3775.11,3772.01,3774.64,1744.471,1753611119999,6583062.89105,2056,1146.232,4325560.60459,0
1753611120000,3774.64,3777.06,3774.63,3775.76,4235.093,1753611179999,15991252.88344,3827,2775.338,10479673.14273,0
1753611180000,3775.77,3776.80,3775.11,3776.26,1530.388,1753611239999,5778798.39471,1554,643.620,2430458.81152,0
1753611240000,3776.27,3776.87,3775.59,3776.34,1205.518,1753611299999,4552033.34777,1450,607.124,2292464.37481,0
1753611300000,3776.35,3783.00,3776.03,3782.7,9889.148,1753611359999,37387400.60542,7661,7083.064,26778492.18350,0
1753611360000,3782.70,3782.70,3777.89,3779.33,4867.686,1753611419999,18399546.57898,7428,1708.159,6456673.31322,0
1753611420000,3779.32,3784.52,3778.78,3783.64,6612.409,1753611479999,25011109.15560,8499,4828.736,18264365.82809,0
1753611480000,3783.64,3783.64,3781.43,3783.46,5167.401,1753611539999,19547221.60823,3270,1938.298,7331794.64648,0
1753611540000,3783.46,3789.93,3783.45,3789.69,6777.003,1753611599999,25664378.51994,5391,5175.145,19598394.61296,0
1753611600000,3789.69,3790.00,3787.43,3788.8,8625.251,1753611659999,32681766.50651,5953,3348.570,12687973.42357,0
1753611660000,3788.81,3789.17,3786.79,3788.53,4395.233,1753611719999,16649732.38733,2832,1204.621,4563237.30706,0
1753611720000,3788.52,3788.97,3788.00,3788.27,3589.081,1753611779999,13596533.37409,2076,595.145,2254622.98071,0
1753611780000,3788.27,3791.81,3786.23,3790.22,5900.298,1753611839999,22357432.94034,4515,3929.885,14891770.25017,0
1753611840000,3790.22,3790.98,3786.68,3787.34,2265.092,1753611899999,8581703.13710,3000,929.637,3522706.58176,0
1753611900000,3787.33,3787.34,3784.00,3785.0,2791.965,1753611959999,10567751.28817,3373,998.696,3780022.54439,0
1753611960000,3784.99,3786.50,3784.63,3784.99,1509.310,1753612019999,5713395.52034,1753,419.354,1587366.70902,0
1753612020000,3784.99,3785.95,3784.29,3784.43,1472.993,1753612079999,5575211.65998,1811,796.841,3015950.70880,0
1753612080000,3784.43,3785.96,3783.36,3784.06,3152.081,1753612139999,11929844.68888,3132,1736.389,6571906.57130,0
1753612140000,3784.06,3784.31,3783.01,3783.96,1072.587,1753612199999,4058203.56524,1890,519.990,1967439.34269,0
1753612200000,3783.96,3785.30,3781.13,3784.59,2924.615,1753612259999,11064525.97872,3147,1223.647,4630061.44811,0
1753612260000,3784.60,3787.74,3783.72,3787.74,2162.476,1753612319999,8186180.69149,2529,1393.645,5276131.50948,0
1753612320000,3787.74,3787.74,3784.70,3785.0,2343.482,1753612379999,8872640.41817,1983,897.418,3397701.72434,0
1753612380000,3785.01,3786.64,3784.76,3785.89,768.044,1753612439999,2907571.08732,1317,472.306,1787889.52842,0
1753612440000,3785.89,3789.00,3785.89,3788.5,1228.981,1753612499999,4654827.00280,2063,820.842,3109182.53623,0
1753612500000,3788.51,3790.23,3787.63,3789.0,2175.135,1753612559999,8241933.04910,2504,1460.763,5535156.57472,0
1753612560000,3789.00,3789.01,3787.00,3788.47,1609.144,1753612619999,6095618.57440,1608,439.214,1663702.71605,0
1753612620000,3788.46,3792.47,3788.46,3791.91,3054.387,1753612679999,11578711.44298,2830,2588.560,9812922.40753,0
1753612680000,3791.92,3793.44,3790.08,3790.09,3476.605,1753612739999,13183236.58760,3461,2045.162,7755474.23663,0
1753612740000,3790.08,3797.23,3790.08,3796.47,9344.397,1753612799999,35458683.60745,6744,7049.464,26749246.85811,0
1753612800000,3796.47,3808.69,3796.46,3808.56,31299.359,1753612859999,119041014.98462,17617,21854.326,83111074.91453,0
1753612860000,3808.56,3820.00,3808.18,3815.0,46174.680,1753612919999,176100525.52477,30715,28110.766,107221885.61022,0
1753612920000,3815.00,3823.27,3813.38,3817.99,29791.209,1753612979999,113768939.15369,25616,14739.394,56290272.86301,0
1753612980000,3817.99,3822.67,3814.03,3815.53,16874.194,1753613039999,64425796.29701,16770,9231.174,35247200.68519,0
1753613040000,3815.52,3821.91,3814.30,3820.0,10795.264,1753613099999,41216866.17065,9892,6289.386,24011991.17426,0
1753613100000,3819.99,3820.62,3815.79,3816.76,9453.292,1753613159999,36095435.78957,8424,3506.405,13388930.40365,0
1753613160000,3816.76,3817.00,3814.07,3815.24,6081.574,1753613219999,23203696.81677,5688,2659.215,10146064.14150,0
1753613220000,3815.24,3815.24,3814.23,3814.34,3503.543,1753613279999,13364760.08675,3316,1401.476,5346082.98719,0
1753613280000,3814.34,3828.17,3813.73,3827.56,25180.547,1753613339999,96260100.90201,17446,19112.909,73067816.80568,0
1753613340000,3827.57,3840.00,3827.19,3834.41,37280.111,1753613399999,142920333.59271,28869,26631.090,102100926.14156,0
1753613400000,3834.41,3837.05,3827.79,3828.48,33228.760,1753613459999,127311121.34759,18664,15142.692,58014386.33851,0
1753613460000,3828.48,3831.15,3826.50,3831.14,14963.488,1753613519999,57296068.36436,8084,9577.996,36674743.19664,0
1753613520000,3831.15,3835.95,3826.44,3827.17,15018.146,1753613579999,57534270.70051,11713,4959.919,19002845.99210,0
1753613580000,3827.17,3834.77,3826.08,3829.38,19181.087,1753613639999,73458425.27535,10404,12011.110,45994330.84404,0
1753613640000,3829.38,3831.49,3826.22,3827.54,7586.297,1753613699999,29043578.82999,5889,2390.300,9151720.91427,0
1753613700000,3827.54,3830.58,3826.79,3830.46,5175.597,1753613759999,19818498.41919,3790,2687.771,10291817.81610,0
1753613760000,3830.46,3830.47,3820.94,3824.81,11524.500,1753613819999,44076549.68124,8812,2456.173,9393676.54774,0
1753613820000,3824.81,3825.27,3810.64,3812.77,18219.622,1753613879999,69554940.67947,13498,3169.173,12099354.32079,0
1753613880000,3812.78,3817.87,3812.11,3816.99,8032.198,1753613939999,30651976.83147,7132,4871.238,18589778.36113,0
1753613940000,3816.99,3818.21,3815.02,3815.72,7713.140,1753613999999,29440335.31808,5254,3594.156,13718848.90968,0
1753614000000,3815.71,3820.00,3813.78,3814.4,8464.730,1753614059999,32314839.82247,8542,4674.250,17847266.90727,0
1753614060000,3814.19,3817.74,3812.22,3817.74,6921.004,1753614119999,26405925.64677,6315,2370.404,9045827.28558,0
1753614120000,3817.74,3818.82,3816.81,3816.81,4090.346,1753614179999,15616476.60694,3724,1811.539,6916019.59240,0
1753614180000,3816.81,3816.81,3812.38,3813.13,4502.844,1753614239999,17174177.09901,4971,1125.732,4293753.39331,0
1753614240000,3813.14,3815.00,3810.38,3813.57,6366.207,1753614299999,24272039.01528,6172,2682.942,10229660.01573,0
1753614300000,3813.56,3816.61,3813.00,3814.29,3356.597,1753614359999,12806281.94832,3629,1520.981,5802852.36094,0
1753614360000,3814.29,3814.30,3810.67,3812.42,2508.576,1753614419999,9563540.30146,2789,869.983,3316458.42124,0
1753614420000,3812.43,3812.99,3807.06,3811.37,12606.339,1753614479999,48030153.07100,9285,5459.547,20803983.99727,0
1753614480000,3811.37,3813.31,3810.80,3812.35,4909.412,1753614539999,18715449.26743,4662,3928.767,14976962.49088,0
1753614540000,3812.35,3814.14,3811.80,3812.24,3347.750,1753614599999,12763964.99352,3142,2524.519,9624973.47881,0
1753614600000,3812.25,3817.00,3811.40,3815.38,4189.441,1753614659999,15979506.85842,4180,3076.881,11735773.09597,0
1753614660000,3815.37,3815.37,3814.17,3815.26,1789.343,1753614719999,6825986.12187,1628,756.138,2884458.36478,0
1753614720000,3815.26,3816.81,3814.19,3816.39,2461.505,1753614779999,9391179.62592,2302,1217.691,4645829.86726,0
1753614780000,3816.40,3826.11,3816.37,3825.89,10227.269,1753614839999,39091246.26860,8800,8297.420,31714562.19519,0
1753614840000,3825.90,3825.90,3821.96,3824.2,5988.745,1753614899999,22901196.29091,5790,3352.505,12820700.35868,0
1753614900000,3824.20,3826.95,3822.32,3825.8,5002.952,1753614959999,19136104.67676,5739,3008.766,11507853.30474,0
1753614960000,3825.80,3835.00,3825.37,3833.35,9023.799,1753615019999,34569947.67318,8976,5984.072,22922486.10319,0
1753615020000,3833.35,3835.00,3831.54,3834.69,9814.664,1753615079999,37624302.93138,9212,4667.490,17893570.43918,0
1753615080000,3834.68,3834.70,3828.71,3830.0,5956.215,1753615139999,22822386.28966,5770,1975.269,7568343.26144,0
1753615140000,3829.99,3830.00,3827.55,3828.06,4069.826,1753615199999,15582991.17612,4542,1781.524,6821255.11333,0
1753615200000,3828.06,3830.01,3825.37,3829.99,3548.585,1753615259999,13584021.35083,4316,1699.868,6507988.08970,0
1753615260000,3829.99,3831.00,3828.62,3829.6,2821.700,1753615319999,10807410.87980,3335,1127.645,4318968.95263,0
1753615320000,3829.60,3829.61,3825.46,3825.46,2336.048,1753615379999,8940307.77046,3630,509.898,1951544.31600,0
1753615380000,3825.46,3826.11,3823.59,3824.2,3430.699,1753615439999,13121297.12087,3589,793.916,3036604.45840,0
1753615440000,3824.21,3826.66,3822.96,3825.23,1939.748,1753615499999,7419529.24087,3376,968.282,3703923.52371,0
1753615500000,3825.22,3828.00,3820.57,3822.09,5789.071,1753615559999,22139517.34947,4969,2011.750,7695618.92966,0
1753615560000,3822.10,3825.80,3820.68,3824.37,4060.005,1753615619999,15519096.78276,3014,2541.145,9713727.33614,0
1753615620000,3824.38,3825.46,3822.58,3822.58,2207.161,1753615679999,8441456.53988,2249,1015.115,3882389.13231,0
1753615680000,3822.58,3822.59,3820.96,3822.21,1430.977,1753615739999,5468686.90773,2272,610.693,2333825.28380,0
1753615740000,3822.21,3823.67,3821.25,3823.66,1145.715,1753615799999,4379252.92041,1741,641.385,2451581.70383,0
1753615800000,3823.67,3823.67,3821.78,3821.78,1572.085,1753615859999,6009938.15184,2543,853.017,3260993.95844,0
1753615860000,3821.78,3828.87,3821.22,3828.46,6113.442,1753615919999,23389615.42740,5333,4991.550,19095811.43771,0
1753615920000,3828.45,3831.47,3826.30,3826.31,3609.765,1753615979999,13822154.07846,4358,1800.550,6894952.02980,0
1753615980000,3826.30,3826.50,3822.61,3823.19,1979.290,1753616039999,7569899.62808,3417,580.332,2219505.79475,0
1753616040000,3823.18,3824.71,3822.44,3822.52,1469.537,1753616099999,5618557.66153,2145,483.484,1848548.08927,0
1753616100000,3822.53,3826.00,3822.16,3823.88,1320.509,1753616159999,5049924.77464,2412,625.315,2391290.25754,0
1753616160000,3823.88,3824.20,3818.67,3819.36,3597.180,1753616219999,13745169.16885,3435,537.823,2054816.43119,0
1753616220000,3819.35,3819.36,3814.35,3814.49,10906.490,1753616279999,41622547.57908,6757,1415.753,5402759.27328,0
1753616280000,3814.49,3816.00,3809.87,3810.18,14721.088,1753616339999,56117405.40131,9733,4666.879,17790869.01563,0
1753616340000,3810.18,3811.80,3810.01,3811.49,3265.855,1753616399999,12445949.87197,3393,1590.888,6062569.31295,0
1753616400000,3811.50,3814.06,3811.49,3813.11,3225.144,1753616459999,12297250.30191,3391,1864.071,7107583.12777,0
1753616460000,3813.11,3815.81,3813.10,3813.12,2731.879,1753616519999,10420713.62350,2709,1578.484,6021155.97991,0
1753616520000,3813.11,3814.99,3813.11,3814.42,2533.428,1753616579999,9662512.85020,2730,1376.365,5249323.80640,0
1753616580000,3814.43,3815.76,3813.97,3814.43,2034.530,1753616639999,7760722.48678,2147,1482.996,5656885.97344,0
1753616640000,3814.42,3816.94,3812.55,3813.48,1979.917,1753616699999,7552170.88899,2901,871.826,3325891.07607,0
1753616700000,3813.48,3814.89,3810.80,3812.64,1868.296,1753616759999,7122402.67880,3056,819.403,3123581.30521,0
1753616760000,3812.64,3813.00,3809.00,3809.2,4118.138,1753616819999,15690444.04325,3999,1351.756,5150314.15233,0
1753616820000,3809.19,3811.68,3804.71,3805.93,10350.129,1753616879999,39405857.92094,7895,2598.589,9893074.28355,0
1753616880000,3805.93,3808.48,3803.60,3805.78,7700.459,1753616939999,29306971.75377,7834,3238.044,12323965.76034,0
1753616940000,3805.78,3809.00,3805.10,3807.99,3928.869,1753616999999,14956344.97488,3366,2985.966,11366773.32969,0
1753617000000,3807.99,3811.96,3807.99,3810.96,3784.716,1753617059999,14419005.92688,4137,2927.175,11151835.24934,0
1753617060000,3810.96,3810.96,3808.55,3809.01,3551.128,1753617119999,13526112.35442,2147,2081.639,7928582.29520,0
1753617120000,3809.00,3811.36,3809.00,3811.35,1855.046,1753617179999,7068144.09800,1837,1242.980,4736042.25950,0
1753617180000,3811.35,3817.68,3811.35,3815.05,5755.289,1753617239999,21958871.98045,5538,4256.759,16240692.89901,0
1753617240000,3815.05,3815.06,3812.34,3812.58,1554.087,1753617299999,5926629.57796,2281,750.510,2862145.96856,0
1753617300000,3812.57,3812.58,3807.99,3808.16,3010.033,1753617359999,11465888.08207,3527,1002.447,3818154.47495,0
1753617360000,3808.16,3809.63,3808.00,3809.27,2665.506,1753617419999,10152302.59875,2798,1829.132,6966840.62665,0
1753617420000,3809.27,3809.75,3807.40,3809.58,2065.588,1753617479999,7867472.39708,2750,1148.709,4375224.52235,0
1753617480000,3809.59,3810.72,3808.59,3810.57,1443.714,1753617539999,5500267.18374,2214,804.879,3066372.81572,0
1753617540000,3810.58,3815.31,3810.58,3814.16,3418.081,1753617599999,13036414.07242,3347,1999.259,7624709.48144,0
1753617600000,3814.17,3816.14,3814.16,3814.72,3287.636,1753617659999,12542782.50226,3658,2069.910,7897040.32550,0
1753617660000,3814.75,3821.61,3814.75,3821.07,8136.277,1753617719999,31070449.00986,7492,6296.250,24044385.43829,0
1753617720000,3821.01,3822.03,3818.33,3822.03,6596.455,1753617779999,25201172.36474,6097,4421.801,16892588.45783,0
1753617780000,3822.03,3823.18,3821.50,3823.01,3317.750,1753617839999,12682480.88658,2997,2066.197,7898084.07202,0
1753617840000,3823.01,3824.11,3820.11,3821.35,5201.167,1753617899999,19882027.49141,5330,2863.107,10944809.25344,0
1753617900000,3821.36,3824.10,3820.27,3820.27,3523.408,1753617959999,13468946.53644,3064,1260.062,4816666.91908,0
1753617960000,3820.25,3822.36,3818.99,3821.13,2706.393,1753618019999,10339842.36552,2414,2019.857,7717274.92621,0
1753618020000,3821.13,3821.14,3816.25,3820.0,5634.787,1753618079999,21522634.98279,4615,3534.716,13502062.94713,0
1753618080000,3820.00,3825.00,3819.28,3822.84,4600.636,1753618139999,17583690.13198,4557,2592.983,9910369.41328,0
1753618140000,3822.83,3830.01,3822.83,3829.45,10543.342,1753618199999,40363491.61674,9927,7220.280,27641410.27605,0
1753618200000,3829.44,3829.99,3823.65,3826.41,6697.890,1753618259999,25632399.24450,6803,2910.633,11139606.43659,0
1753618260000,3826.40,3829.27,3825.26,3826.9,3388.674,1753618319999,12969008.37187,4234,2252.869,8622566.84386,0
1753618320000,3826.91,3828.23,3825.63,3828.23,2165.572,1753618379999,8287254.42097,2606,913.314,3495167.38826,0
1753618380000,3828.23,3832.99,3828.23,3828.98,8919.892,1753618439999,34171622.77071,7101,5886.281,22548708.06987,0
1753618440000,3828.97,3835.00,3828.97,3833.22,11425.840,1753618499999,43782059.54913,8674,8275.409,31710837.90155,0
1753618500000,3833.22,3836.00,3827.09,3828.39,10544.886,1753618559999,40409734.41802,8629,4972.344,19060145.14627,0
1753618560000,3828.40,3832.00,3826.30,3831.56,4461.494,1753618619999,17083307.16739,5105,1399.871,5360929.30173,0
1753618620000,3831.56,3831.99,3826.00,3827.99,4704.849,1753618679999,18010764.26051,4527,1675.704,6414840.13517,0
1753618680000,3827.99,3829.26,3827.20,3828.48,2596.324,1753618739999,9939063.12674,2616,1056.006,4042552.18231,0
1753618740000,3828.48,3828.96,3826.82,3827.26,1263.275,1753618799999,4835588.15505,2092,480.326,1838547.64418,0
1753618800000,3827.26,3827.76,3825.33,3825.94,2196.595,1753618859999,8404229.56909,2199,376.184,1439379.51980,0
1753618860000,3825.95,3827.00,3825.94,3826.79,1571.580,1753618919999,6013781.22935,1903,630.857,2413931.39053,0
1753618920000,3826.79,3827.49,3824.51,3826.51,3813.808,1753618979999,14590006.22950,2875,1203.549,4604949.80725,0
1753618980000,3826.51,3827.91,3825.62,3826.92,2238.905,1753619039999,8567590.48374,2411,1060.575,4058227.21230,0
1753619040000,3826.91,3828.49,3826.91,3828.48,455.114,1753619099999,1741912.70533,902,277.099,1060569.30850,0
1753619100000,3828.49,3830.99,3828.07,3828.8,1561.332,1753619159999,5978848.08773,2664,857.683,3284419.78564,0
1753619160000,3828.81,3829.00,3826.86,3826.86,788.943,1753619219999,3019752.08776,1546,197.150,754608.01509,0
1753619220000,3826.86,3828.28,3826.66,3827.02,1207.808,1753619279999,4622769.72168,1647,581.948,2227224.12074,0
1753619280000,3827.03,3827.03,3814.94,3816.36,17970.301,1753619339999,68659331.25395,9239,2910.002,11113635.10410,0
1753619340000,3816.35,3817.00,3811.79,3813.87,9283.835,1753619399999,35406343.72824,6932,2524.655,9627832.83761,0
1753619400000,3813.86,3818.23,3813.86,3817.7,5047.325,1753619459999,19263194.95317,5057,2984.159,11388617.83463,0
1753619460000,3817.69,3817.79,3815.38,3816.0,1792.798,1753619519999,6841564.58656,2073,1039.857,3968129.96187,0
1753619520000,3816.01,3816.81,3813.38,3813.39,3810.225,1753619579999,14534305.21001,3367,2242.424,8553680.55081,0
1753619580000,3813.39,3813.39,3805.00,3808.92,10860.535,1753619639999,41369949.66851,8183,2800.662,10669927.91547,0
1753619640000,3808.91,3809.36,3806.65,3807.76,4106.375,1753619699999,15638106.17073,4051,2128.749,8106588.49570,0
1753619700000,3807.77,3807.77,3804.12,3804.67,6647.151,1753619759999,25297109.95951,5462,2139.010,8141139.75482,0
1753619760000,3804.67,3809.74,3804.67,3807.94,5313.921,1753619819999,20235834.01841,5487,3209.158,12221079.67810,0
1753619820000,3807.93,3812.80,3807.19,3810.99,2704.109,1753619879999,10304385.42381,4148,1730.771,6595094.88868,0
1753619880000,3811.00,3811.00,3807.68,3809.84,2799.915,1753619939999,10665760.62180,2880,1274.143,4853241.95385,0
1753619940000,3809.85,3811.23,3805.11,3807.22,7880.054,1753619999999,30003384.43363,5193,1214.675,4625112.41777,0
1753620000000,3807.21,3810.40,3807.21,3808.42,2540.514,1753620059999,9677497.06326,3559,1327.437,5056506.73386,0
1753620060000,3808.42,3809.31,3807.00,3807.68,1890.530,1753620119999,7199280.78145,2524,916.707,3491021.90867,0
1753620120000,3807.68,3812.21,3807.67,3810.47,1797.592,1753620179999,6848368.45028,2670,1392.450,5304930.55626,0
1753620180000,3810.47,3813.90,3810.46,3813.6,3251.038,1753620239999,12396094.81347,3282,1659.709,6328199.65774,0
1753620240000,3813.61,3813.61,3811.40,3811.61,1012.160,1753620299999,3858657.25725,1645,477.679,1821006.70673,0
1753620300000,3811.62,3816.09,3811.36,3815.93,3898.909,1753620359999,14870860.69429,4003,3102.239,11832132.52837,0
1753620360000,3815.93,3819.61,3814.38,3814.45,5543.612,1753620419999,21164964.73519,4661,3821.057,14589170.29905,0
1753620420000,3814.45,3821.32,3813.69,3820.37,14017.704,1753620479999,53506198.15045,8477,9067.490,34613367.15571,0
1753620480000,3820.37,3824.01,3819.37,3822.84,5099.533,1753620539999,19492412.57441,4633,3196.504,12218115.61947,0
1753620540000,3822.84,3823.89,3821.11,3822.2,3345.514,1753620599999,12788626.91399,2963,863.990,3302799.99583,0
1753620600000,3822.19,3822.19,3818.88,3820.69,3150.756,1753620659999,12035253.17026,3060,1425.864,5446598.32553,0
1753620660000,3820.69,3821.11,3819.24,3819.99,2082.913,1753620719999,7957439.81866,2521,690.456,2637690.75089,0
1753620720000,3819.99,3825.77,3819.20,3824.72,7084.851,1753620779999,27090016.54655,5813,3974.880,15197463.32281,0
1753620780000,3824.73,3828.00,3824.15,3827.8,4625.450,1753620839999,17697571.45790,4651,3381.346,12937675.74672,0
1753620840000,3827.80,3828.51,3827.12,3828.3,3766.187,1753620899999,14416622.52879,2796,1612.324,6171775.35462,0
1753620900000,3828.29,3829.44,3826.78,3826.78,3573.879,1753620959999,13682377.47530,2705,1435.948,5497740.01669,0
1753620960000,3826.79,3828.33,3825.40,3826.03,2122.603,1753621019999,8123071.90269,3075,649.651,2486110.76082,0
1753621020000,3826.04,3826.53,3825.10,3825.45,1263.553,1753621079999,4833843.60923,1842,535.287,2047738.57489,0
1753621080000,3825.45,3826.75,3825.00,3825.0,1419.373,1753621139999,5430382.97945,1657,779.459,2982193.39785,0
1753621140000,3825.00,3826.49,3825.00,3825.09,1108.136,1753621199999,4239641.13483,1546,594.270,2273551.72042,0
1753621200000,3825.08,3826.78,3824.00,3824.03,1676.713,1753621259999,6414183.53206,2629,488.063,1867165.02740,0
1753621260000,3824.01,3824.59,3821.52,3824.59,2894.346,1753621319999,11064544.13716,3860,903.198,3452684.65002,0
1753621320000,3824.60,3825.99,3824.16,3825.99,1098.537,1753621379999,4201883.15161,1780,477.241,1825469.77370,0
1753621380000,3825.98,3829.00,3825.29,3828.7,4873.975,1753621439999,18653524.05666,3715,3456.022,13226453.68691,0
1753621440000,3828.70,3829.98,3826.00,3826.0,3293.793,1753621499999,12610624.25207,3179,1422.409,5446050.97414,0
1753621500000,3826.01,3826.01,3822.34,3823.0,2542.220,1753621559999,9721305.11051,3602,796.724,3046522.31202,0
1753621560000,3823.00,3823.76,3820.34,3821.01,2211.227,1753621619999,8450386.20406,3129,554.596,2119513.85059,0
1753621620000,3821.02,3822.72,3821.01,3821.24,970.472,1753621679999,3709081.86343,1562,597.020,2281800.27669,0
1753621680000,3821.23,3822.24,3820.14,3821.74,1387.710,1753621739999,5302502.95488,2025,408.524,1561134.56427,0
1753621740000,3821.74,3822.76,3820.73,3822.07,851.738,1753621799999,3254975.14006,1675,518.884,1982936.86420,0
1753621800000,3822.07,3823.99,3822.07,3823.99,668.109,1753621859999,2554093.47586,1300,382.402,1461856.70952,0
1753621860000,3823.99,3825.27,3822.48,3823.35,1022.566,1753621919999,3910294.62156,2133,659.636,2522568.29279,0
1753621920000,3823.34,3823.35,3819.19,3819.2,1424.701,1753621979999,5443962.08890,2249,496.313,1896289.56237,0
1753621980000,3819.20,3819.71,3818.00,3818.22,2923.477,1753622039999,11164438.94159,2418,754.735,2882063.63211,0
1753622040000,3818.22,3820.94,3818.00,3820.65,1188.775,1753622099999,4540920.72250,1805,659.889,2520713.33131,0
1753622100000,3820.64,3820.88,3819.72,3820.41,1681.817,1753622159999,6424815.56279,1461,439.843,1680334.11828,0
1753622160000,3820.41,3820.64,3818.89,3820.29,563.512,1753622219999,2152292.95563,1322,369.018,1409411.50356,0
1753622220000,3820.30,3820.51,3815.82,3817.85,3331.088,1753622279999,12717772.90306,2810,515.535,1968026.46205,0
1753622280000,3817.85,3819.56,3817.31,3817.32,784.459,1753622339999,2995351.55629,1691,377.174,1440175.76889,0
1753622340000,3817.32,3818.39,3815.39,3818.38,1682.619,1753622399999,6421463.32720,2954,878.697,3353580.53824,0
1753622400000,3818.39,3819.05,3815.10,3815.4,1532.390,1753622459999,5849105.78418,2062,561.658,2143958.70864,0
1753622460000,3815.41,3815.65,3815.00,3815.01,1529.348,1753622519999,5834710.23810,1583,599.264,2286334.57524,0
1753622520000,3815.00,3818.66,3815.00,3818.65,2304.759,1753622579999,8796638.05175,2597,1803.622,6883898.25652,0
1753622580000,3818.65,3818.65,3813.00,3813.01,1838.001,1753622639999,7012654.73695,2437,390.781,1491286.54106,0
1753622640000,3813.00,3815.22,3813.00,3814.81,1008.753,1753622699999,3847397.39325,1687,620.675,2367311.20204,0
1753622700000,3814.80,3817.22,3814.80,3815.61,586.716,1753622759999,2238955.11462,1501,396.018,1511191.03510,0
1753622760000,3815.61,3817.04,3814.87,3816.49,840.562,1753622819999,3207672.94424,1765,667.004,2545320.44640,0
1753622820000,3816.48,3818.30,3816.00,3818.3,503.062,1753622879999,1920197.86910,1254,371.012,1416173.30709,0
1753622880000,3818.29,3818.30,3817.29,3817.61,840.526,1753622939999,3208839.53595,1377,720.414,2750267.70382,0
1753622940000,3817.60,3818.85,3817.50,3818.85,597.023,1753622999999,2279428.03934,992,427.777,1633259.59410,0
1753623000000,3818.85,3819.36,3817.11,3817.11,1437.649,1753623059999,5489303.68055,2618,564.764,2156281.35916,0
1753623060000,3817.11,3817.12,3813.14,3813.14,1398.792,1753623119999,5337004.48010,1976,370.946,1415422.08473,0
1753623120000,3813.14,3813.95,3810.83,3813.01,3876.736,1753623179999,14779979.16404,3887,2249.089,8574232.97300,0
1753623180000,3813.00,3813.01,3809.69,3810.0,2825.871,1753623239999,10768698.53967,3143,895.715,3413004.15854,0
1753623240000,3810.00,3811.23,3809.81,3809.81,1082.969,1753623299999,4126421.76059,1351,584.011,2225234.30305,0
1753623300000,3809.82,3813.69,3809.81,3811.78,2584.612,1753623359999,9852227.47759,3383,1324.070,5046776.81965,0
1753623360000,3811.78,3812.27,3810.28,3811.45,1633.948,1753623419999,6227223.92390,2442,1126.753,4294252.19399,0
1753623420000,3811.45,3814.46,3811.44,3814.46,1856.162,1753623479999,7077975.50409,2328,1636.821,6241522.08184,0
1753623480000,3814.46,3816.55,3813.14,3813.5,1609.617,1753623539999,6140344.54492,2455,945.302,3605972.73986,0
1753623540000,3813.51,3817.00,3813.50,3817.0,807.779,1753623599999,3081412.28098,1433,707.782,2699947.85796,0
1753623600000,3817.00,3817.56,3813.11,3813.11,1113.895,1753623659999,4249776.05891,2004,512.511,1955101.24012,0
1753623660000,3813.11,3814.78,3811.86,3814.78,1422.820,1753623719999,5424950.04381,1627,675.814,2576883.25410,0
1753623720000,3814.78,3815.78,3814.13,3814.94,1305.263,1753623779999,4979472.37894,1615,510.113,1945992.88757,0
1753623780000,3814.95,3814.95,3811.67,3813.05,1303.904,1753623839999,4971116.38733,2066,494.110,1883831.89115,0
1753623840000,3813.05,3813.30,3811.20,3811.68,1276.876,1753623899999,4867469.76786,1499,529.565,2018617.38521,0
1753623900000,3811.68,3812.78,3811.00,3812.78,1773.947,1753623959999,6761579.65277,2095,1014.016,3865033.42346,0
1753623960000,3812.79,3813.50,3810.10,3810.1,1701.635,1753624019999,6485717.56834,2274,586.501,2235705.36824,0
1753624020000,3810.11,3810.32,3807.56,3809.18,5604.646,1753624079999,21346868.00730,4576,1997.014,7606026.35153,0
1753624080000,3809.20,3811.08,3808.25,3809.81,1464.801,1753624139999,5580356.09807,2399,866.284,3300175.49970,0
1753624140000,3809.81,3811.52,3809.39,3811.51,831.366,1753624199999,3167825.24916,1274,530.060,2019780.01883,0
1753624200000,3811.52,3811.63,3808.68,3810.04,1615.937,1753624259999,6156908.00237,2038,685.883,2613175.19078,0
1753624260000,3810.03,3810.76,3808.04,3808.04,2059.229,1753624319999,7845031.43343,2391,1154.824,4399484.12036,0
1753624320000,3808.01,3808.51,3806.78,3807.01,2333.179,1753624379999,8884111.16969,2431,1252.558,4769472.91475,0
1753624380000,3807.01,3807.61,3805.77,3805.96,3041.464,1753624439999,11577598.73788,3054,1502.604,5719784.27676,0
1753624440000,3805.96,3808.56,3805.66,3805.66,2786.313,1753624499999,10606198.50381,2903,986.866,3756658.42538,0
1753624500000,3805.67,3808.80,3805.23,3808.8,2707.799,1753624559999,10305764.20868,2727,1266.021,4818671.00969,0
1753624560000,3808.80,3811.11,3807.00,3807.01,3424.786,1753624619999,13045785.53700,3195,1494.043,5691860.71225,0
1753624620000,3807.01,3809.54,3807.00,3809.01,1183.732,1753624679999,4508190.28835,1537,935.863,3564109.48552,0
1753624680000,3809.01,3810.55,3808.75,3810.55,874.742,1753624739999,3332265.16213,1227,798.555,3042025.91431,0
1753624740000,3810.54,3810.73,3809.23,3809.23,1030.362,1753624799999,3925777.16603,1406,497.601,1895872.52354,0
1753624800000,3809.23,3811.44,3807.30,3811.44,2348.115,1753624859999,8944815.71336,2832,1405.099,5353094.24178,0
1753624860000,3811.44,3813.26,3811.43,3811.85,2024.824,1753624919999,7718943.38568,2170,1304.709,4973672.33387,0
1753624920000,3811.85,3815.16,3811.84,3815.16,1774.852,1753624979999,6769295.09293,2244,1475.086,5625962.12303,0
1753624980000,3815.16,3816.65,3813.30,3813.82,2930.035,1753625039999,11179108.58796,3605,1203.585,4592144.98201,0
1753625040000,3813.82,3814.72,3811.83,3812.04,1461.471,1753625099999,5572810.31700,2262,835.065,3184327.14422,0
1753625100000,3812.04,3812.87,3810.12,3810.12,2249.324,1753625159999,8572952.54325,2103,430.248,1639846.15619,0
1753625160000,3810.12,3813.80,3810.04,3811.36,1771.282,1753625219999,6751090.01004,2381,782.618,2982694.95978,0
1753625220000,3811.36,3812.87,3807.42,3807.43,1983.035,1753625279999,7555634.04033,2653,737.269,2809407.96238,0
1753625280000,3807.43,3809.99,3807.31,3809.99,2422.383,1753625339999,9225519.86539,2759,1865.440,7104478.54582,0
1753625340000,3810.00,3812.00,3808.73,3812.0,1687.904,1753625399999,6432232.65927,2398,1239.169,4722268.21146,0
1753625400000,3812.00,3813.60,3810.59,3811.59,1107.995,1753625459999,4223861.13429,1950,720.466,2746460.33320,0
1753625460000,3811.59,3812.23,3808.17,3808.21,1762.200,1753625519999,6714819.79337,2492,610.765,2327741.44115,0
1753625520000,3808.22,3809.24,3804.29,3804.78,3797.258,1753625579999,14450528.15929,4945,1431.094,5445713.84257,0
1753625580000,3804.78,3807.28,3804.08,3807.28,2821.075,1753625639999,10734785.95178,2625,1892.836,7202975.56585,0
1753625640000,3807.28,3811.41,3807.27,3811.14,1518.701,1753625699999,5785250.52429,2482,1178.793,4490501.02828,0
1753625700000,3811.17,3814.11,3810.52,3811.16,1748.937,1753625759999,6667494.85993,3185,870.532,3318615.62222,0
1753625760000,3811.16,3817.00,3811.16,3816.8,2022.389,1753625819999,7716169.98178,3305,1283.173,4895486.54493,0
1753625820000,3816.81,3819.18,3816.00,3819.17,1959.637,1753625879999,7479926.98372,2695,1336.868,5102976.54160,0
1753625880000,3819.17,3821.70,3818.26,3819.99,3899.938,1753625939999,14897766.07274,5162,2374.921,9072251.30261,0
1753625940000,3819.99,3822.24,3818.18,3819.0,2861.622,1753625999999,10931349.71477,3755,1581.124,6040155.35523,0
1753626000000,3818.99,3819.00,3815.16,3815.52,2187.155,1753626059999,8348248.81434,2500,837.291,3196107.50942,0
1753626060000,3815.52,3816.16,3812.01,3812.02,2564.060,1753626119999,9780519.70520,3957,1221.200,4658159.72793,0
1753626120000,3812.02,3813.77,3810.64,3810.64,1748.737,1753626179999,6666174.97299,3084,778.627,2968229.88441,0
1753626180000,3810.64,3810.78,3807.62,3808.95,3775.669,1753626239999,14382482.45770,4277,1646.742,6272975.19182,0
1753626240000,3808.95,3809.46,3808.09,3808.09,1062.643,1753626299999,4047356.47916,1628,563.007,2144326.02701,0
1753626300000,3808.09,3811.96,3806.18,3809.51,2560.853,1753626359999,9754881.08953,3943,1380.054,5257407.60756,0
1753626360000,3809.51,3812.00,3809.50,3811.01,831.943,1753626419999,3170535.55704,1599,662.527,2524847.78956,0
1753626420000,3811.01,3811.01,3810.35,3810.36,505.671,1753626479999,1926949.39743,1046,298.258,1136575.27182,0
1753626480000,3810.36,3812.51,3810.22,3810.23,1349.954,1753626539999,5145111.05832,2138,654.099,2492880.38185,0
1753626540000,3810.23,3811.44,3809.00,3811.44,1010.348,1753626599999,3849756.79234,1442,531.619,2025596.75284,0
1753626600000,3811.43,3812.00,3808.73,3812.0,957.085,1753626659999,3647216.57234,1938,532.649,2029721.65553,0
1753626660000,3812.00,3813.89,3811.99,3812.5,843.851,1753626719999,3217502.74203,1939,594.466,2266567.85426,0
1753626720000,3812.51,3816.34,3812.28,3815.45,3142.724,1753626779999,11988928.15499,3892,2768.224,10560434.08095,0
1753626780000,3815.46,3815.46,3813.01,3814.01,1022.452,1753626839999,3899949.24152,2130,685.821,2615851.99101,0
1753626840000,3814.01,3817.37,3813.02,3817.36,2216.027,1753626899999,8455201.59387,2713,1905.568,7270697.94510,0
1753626900000,3817.36,3817.47,3815.52,3815.53,1865.826,1753626959999,7121332.31422,2879,1118.003,4267037.43558,0
1753626960000,3815.52,3816.00,3809.06,3811.99,1704.590,1753627019999,6498067.54030,3191,876.176,3339964.24703,0
1753627020000,3812.00,3812.00,3808.17,3808.21,1327.150,1753627079999,5055899.05135,2237,402.151,1532167.58383,0
1753627080000,3808.22,3810.18,3808.21,3809.33,1055.820,1753627139999,4022020.44041,1616,604.420,2302388.19019,0
1753627140000,3809.33,3810.00,3807.63,3809.08,1825.174,1753627199999,6951333.20075,2102,604.879,2303614.13810,0
1753627200000,3809.07,3810.76,3808.00,3810.76,1545.581,1753627259999,5887697.60973,2222,918.997,3500765.63752,0
1753627260000,3810.76,3812.85,3810.09,3812.85,1875.827,1753627319999,7150238.91191,1726,1624.714,6193334.16277,0
1753627320000,3812.85,3812.85,3810.81,3811.05,1203.087,1753627379999,4586069.55096,2133,584.621,2228468.71684,0
1753627380000,3811.05,3812.78,3810.09,3810.09,739.380,1753627439999,2818552.92025,1760,339.615,1294642.94744,0
1753627440000,3810.10,3810.10,3804.45,3804.96,3922.573,1753627499999,14927605.51424,5367,969.967,3691246.52165,0
1753627500000,3804.96,3805.56,3791.82,3792.25,20236.882,1753627559999,76845222.57593,16989,3436.646,13054923.91567,0
1753627560000,3792.25,3797.84,3791.00,3794.7,11154.029,1753627619999,42322525.85033,9920,5249.669,19922209.86160,0
1753627620000,3794.71,3797.15,3794.50,3796.0,4924.405,1753627679999,18693206.64102,5719,2536.310,9627868.16936,0
1753627680000,3796.00,3797.96,3794.75,3796.0,2984.196,1753627739999,11328270.35205,4553,1720.544,6531770.45102,0
1753627740000,3796.00,3799.77,3796.00,3799.77,4736.956,1753627799999,17992668.58320,4463,3846.190,14609149.69273,0
1753627800000,3799.77,3800.00,3797.14,3797.14,1803.925,1753627859999,6852696.34403,2357,968.161,3678126.60617,0
1753627860000,3797.14,3798.96,3790.61,3797.84,5997.795,1753627919999,22757881.26134,6797,1803.634,6845279.63452,0
1753627920000,3797.83,3805.91,3797.50,3805.91,6949.932,1753627979999,26427887.65386,7179,5819.046,22127147.65886,0
1753627980000,3805.90,3808.31,3804.45,3805.57,6017.307,1753628039999,22902844.23682,5705,3744.577,14252459.70876,0
1753628040000,3805.56,3808.00,3805.02,3808.0,1713.377,1753628099999,6521386.35075,3287,1012.762,3854691.37519,0
1753628100000,3808.00,3812.16,3807.55,3810.39,5614.677,1753628159999,21394965.17441,6490,3504.769,13354950.77958,0
1753628160000,3810.39,3810.39,3806.54,3808.88,1972.231,1753628219999,7510190.41419,3847,1008.031,3838577.95863,0
1753628220000,3808.88,3808.88,3806.04,3806.17,1342.602,1753628279999,5112210.00559,1940,582.953,2219670.20023,0
1753628280000,3806.18,3808.72,3806.18,3808.72,908.112,1753628339999,3457560.32624,1581,519.333,1977354.80654,0
1753628340000,3808.72,3809.50,3808.31,3808.31,874.678,1753628399999,3331752.55462,1218,469.206,1787270.04995,0
1753628400000,3808.31,3808.32,3806.23,3807.66,1057.800,1753628459999,4027251.91357,2829,494.798,1883703.25733,0
1753628460000,3807.67,3810.17,3805.00,3805.0,2421.947,1753628519999,9223810.38147,3219,1437.122,5474070.94995,0
1753628520000,3805.00,3808.34,3804.54,3808.34,1044.404,1753628579999,3975736.84716,2285,504.478,1920398.20446,0
1753628580000,3808.33,3809.70,3807.57,3809.69,1477.357,1753628639999,5626814.05017,2754,810.569,3087204.67732,0
1753628640000,3809.70,3810.17,3808.42,3810.17,1410.121,1753628699999,5372308.11382,2420,1045.420,3982860.97108,0
1753628700000,3810.16,3811.59,3802.49,3806.02,3766.043,1753628759999,14336589.10743,6375,1635.659,6226107.57739,0
1753628760000,3806.03,3810.46,3803.76,3810.2,1587.021,1753628819999,6041855.45293,3685,1095.139,4169584.06322,0
1753628820000,3810.21,3810.21,3803.76,3804.04,1785.152,1753628879999,6795633.93955,3178,301.158,1146257.05554,0
1753628880000,3804.03,3804.76,3803.02,3803.74,1036.212,1753628939999,3941585.61473,2094,514.122,1955640.00177,0
1753628940000,3803.74,3805.51,3799.83,3799.83,2889.665,1753628999999,10987007.75982,3919,832.940,3167494.67261,0
1753629000000,3799.83,3800.20,3795.50,3800.2,4397.106,1753629059999,16700488.08354,5926,1465.147,5565207.80289,0
1753629060000,3800.20,3800.20,3795.31,3796.76,2943.207,1753629119999,11174316.15211,4399,1448.958,5500538.45018,0
1753629120000,3796.76,3799.61,3796.11,3797.16,2203.709,1753629179999,8370000.30711,3650,926.029,3517347.27961,0
1753629180000,3797.15,3797.63,3794.67,3795.89,3347.391,1753629239999,12706626.33025,3533,1545.332,5866326.45470,0
1753629240000,3795.90,3798.03,3795.45,3797.03,1241.237,1753629299999,4712943.98329,2474,707.582,2686754.24271,0
1753629300000,3797.01,3798.81,3793.80,3793.8,1892.397,1753629359999,7185451.03912,3083,1054.846,4005621.21480,0
1753629360000,3793.81,3800.21,3792.33,3800.21,3473.350,1753629419999,13186843.06076,5271,2086.661,7923600.36711,0
1753629420000,3800.21,3800.65,3797.16,3800.65,1769.752,1753629479999,6722794.97164,3310,991.684,3767164.66521,0
1753629480000,3800.64,3803.00,3799.84,3802.99,1761.910,1753629539999,6698129.87027,3754,1297.418,4932494.40527,0
1753629540000,3803.00,3805.40,3802.50,3805.4,2400.004,1753629599999,9129996.58712,2968,1503.301,5718819.73622,0
1753629600000,3805.40,3805.40,3798.72,3799.89,2340.954,1753629659999,8899091.89529,3844,806.401,3065628.93766,0
1753629660000,3799.89,3804.69,3799.89,3804.69,1033.453,1753629719999,3929816.00819,2199,799.747,3041134.77808,0
1753629720000,3804.68,3804.69,3802.12,3803.97,674.235,1753629779999,2564300.64418,2095,360.203,1369933.28580,0
1753629780000,3803.98,3806.00,3802.73,3802.74,1537.130,1753629839999,5847410.45486,2451,886.409,3371936.32290,0
1753629840000,3802.74,3809.28,3802.73,3809.0,7412.981,1753629899999,28225047.92652,6638,6513.367,24799471.40127,0
1753629900000,3809.01,3809.21,3805.75,3806.2,1303.131,1753629959999,4962255.63589,2824,450.075,1713780.44609,0
1753629960000,3806.19,3807.43,3805.87,3807.1,1258.113,1753630019999,4789405.27297,1941,743.015,2828503.21227,0
1753630020000,3807.11,3809.75,3805.84,3809.15,1395.801,1753630079999,5315554.48632,2430,646.376,2461566.35407,0
1753630080000,3809.15,3809.90,3806.00,3806.0,1145.200,1753630139999,4361643.49682,2536,635.961,2422166.56378,0
1753630140000,3806.00,3806.01,3803.00,3804.31,1237.382,1753630199999,4707350.06336,2182,631.007,2400429.51037,0
1753630200000,3804.31,3805.74,3802.60,3805.73,1720.844,1753630259999,6546467.57165,2454,765.806,2913270.35762,0
1753630260000,3805.74,3808.33,3804.39,3804.95,894.224,1753630319999,3404132.65473,2343,420.021,1598960.29874,0
1753630320000,3804.95,3806.03,3803.30,3805.3,940.934,1753630379999,3579959.04110,2020,313.848,1193975.52883,0
1753630380000,3805.30,3808.68,3805.18,3808.68,807.485,1753630439999,3074210.51273,2068,460.359,1752571.80335,0
1753630440000,3808.67,3809.90,3808.42,3809.89,1946.163,1753630499999,7413870.90804,2409,1249.587,4760212.54673,0
1753630500000,3809.90,3811.00,3808.68,3810.59,1751.082,1753630559999,6671948.67932,3035,1004.154,3826000.79881,0
1753630560000,3810.59,3810.81,3808.34,3809.31,910.427,1753630619999,3468357.91772,2101,213.690,814126.90319,0
1753630620000,3809.31,3810.75,3807.42,3807.43,887.998,1753630679999,3382933.09452,1898,290.695,1107469.61400,0
1753630680000,3807.42,3807.42,3805.00,3805.54,1740.894,1753630739999,6625869.39096,3306,863.514,3286332.93525,0
1753630740000,3805.54,3811.00,3804.53,3810.57,1620.864,1753630799999,6173119.90624,2891,1144.865,4360335.11571,0
1753630800000,3810.57,3817.00,3810.57,3811.79,7085.440,1753630859999,27023290.64876,8139,5438.181,20740877.51390,0
1753630860000,3811.78,3814.24,3811.00,3812.95,2058.866,1753630919999,7849428.84168,3215,782.925,2984907.27484,0
1753630920000,3812.95,3815.00,3811.61,3814.99,1959.566,1753630979999,7471905.76461,2932,846.251,3226913.14506,0
1753630980000,3815.00,3815.88,3813.02,3814.05,1655.405,1753631039999,6314880.79025,2965,877.980,3349103.38212,0
1753631040000,3814.06,3814.48,3811.94,3814.42,1695.109,1753631099999,6463173.95847,2009,392.573,1497023.55509,0
1753631100000,3814.41,3816.69,3814.13,3816.37,1911.534,1753631159999,7293152.56437,3608,1256.433,4793821.24345,0
1753631160000,3816.38,3816.88,3811.57,3814.89,1775.310,1753631219999,6771921.35167,3322,766.637,2924338.09129,0
1753631220000,3814.90,3814.90,3811.31,3811.47,1394.429,1753631279999,5317149.22399,1914,337.515,1286821.19014,0
1753631280000,3811.48,3815.42,3811.00,3815.26,892.698,1753631339999,3404225.16844,2582,581.739,2218374.07044,0
1753631340000,3815.29,3821.16,3815.19,3819.99,5524.038,1753631399999,21094127.91784,6674,4237.874,16182770.32133,0
1753631400000,3819.99,3820.76,3817.24,3818.36,2941.317,1753631459999,11234142.76662,3848,1118.640,4272467.20233,0
1753631460000,3818.35,3819.18,3816.43,3817.2,1154.385,1753631519999,4407259.23577,2445,477.445,1822912.54267,0
1753631520000,3817.21,3818.27,3816.52,3818.03,919.421,1753631579999,3509572.77795,1571,454.983,1736759.70467,0
1753631580000,3818.03,3818.03,3815.00,3817.83,941.259,1753631639999,3592387.60448,2168,408.508,1559158.00258,0
1753631640000,3817.83,3820.67,3817.00,3818.7,2085.368,1753631699999,7964554.09058,3326,1387.070,5297748.46586,0
1753631700000,3818.70,3818.70,3815.00,3816.63,1235.844,1753631759999,4716190.30576,2709,552.704,2109025.82912,0
1753631760000,3816.64,3817.72,3816.61,3817.6,789.195,1753631819999,3012578.32411,1533,368.271,1405776.43051,0
1753631820000,3817.60,3819.23,3817.36,3818.99,1586.123,1753631879999,6056525.55397,2081,1132.659,4325109.68680,0
1753631880000,3818.99,3819.41,3817.42,3817.94,1477.029,1753631939999,5640244.48485,2059,454.385,1735060.72273,0
1753631940000,3817.93,3819.51,3816.58,3817.66,2559.879,1753631999999,9774230.37806,3296,1382.562,5279107.92797,0
1753632000000,3817.67,3821.00,3817.16,3819.67,3043.651,1753632059999,11624555.29084,4247,1610.767,6152219.26960,0
1753632060000,3819.67,3822.18,3818.00,3822.17,5028.028,1753632119999,19211473.81690,5009,2837.691,10842954.23015,0
1753632120000,3822.17,3823.53,3820.32,3820.38,5098.805,1753632179999,19488321.36806,4772,2176.003,8317603.12352,0
1753632180000,3820.39,3823.16,3820.38,3823.16,1675.695,1753632239999,6403710.72009,3476,1042.259,3982936.52857,0
1753632240000,3823.16,3827.41,3822.54,3826.72,6994.822,1753632299999,26760806.45305,7476,4595.991,17583015.37709,0
1753632300000,3826.72,3827.76,3823.48,3826.48,5791.714,1753632359999,22157700.48259,5655,3691.642,14123204.74462,0
1753632360000,3826.47,3826.81,3825.00,3826.38,2218.644,1753632419999,8488643.66301,2712,922.495,3529477.81078,0
1753632420000,3826.38,3826.39,3820.63,3820.86,2649.677,1753632479999,10127903.72766,4416,778.430,2975351.40376,0
1753632480000,3820.85,3823.11,3820.77,3821.1,1981.654,1753632539999,7574135.77595,3401,849.697,3247424.68094,0
1753632540000,3821.10,3824.89,3821.10,3823.6,1678.271,1753632599999,6415975.93531,3073,745.957,2851789.20296,0
1753632600000,3823.59,3825.00,3819.64,3824.99,3012.895,1753632659999,11512431.74236,4764,731.522,2795774.55932,0
1753632660000,3824.99,3827.65,3822.79,3825.99,5122.819,1753632719999,19596409.24479,5312,2564.843,9812083.78222,0
1753632720000,3825.98,3829.89,3822.25,3826.0,5606.325,1753632779999,21454950.00213,7508,3487.503,13346718.57650,0
1753632780000,3825.99,3829.58,3824.91,3828.26,2632.644,1753632839999,10076587.12322,3158,1335.355,5111551.29815,0
1753632840000,3828.26,3830.81,3827.74,3828.12,5176.180,1753632899999,19820575.69187,5838,3120.033,11947377.63625,0
1753632900000,3828.13,3828.46,3823.84,3827.4,3744.997,1753632959999,14327363.66593,6060,1286.559,4922832.82173,0
1753632960000,3827.40,3832.00,3826.32,3831.99,3042.586,1753633019999,11652347.74167,4485,2058.308,7883002.31348,0
1753633020000,3832.00,3832.61,3830.81,3831.42,4693.409,1753633079999,17984304.46773,5648,2697.156,10334995.38920,0
1753633080000,3831.42,3834.33,3829.18,3829.36,6621.745,1753633139999,25373690.59201,7230,3194.480,12242803.50002,0
1753633140000,3829.36,3833.00,3829.12,3832.99,2222.913,1753633199999,8517835.97623,3487,1005.850,3854067.74282,0
1753633200000,3833.00,3834.17,3829.27,3830.0,3700.087,1753633259999,14178271.23360,4649,1257.108,4817550.53018,0
1753633260000,3830.00,3832.40,3828.00,3832.39,3306.138,1753633319999,12662120.95076,3966,1347.739,5161999.59902,0
1753633320000,3832.40,3833.00,3832.00,3832.01,1801.661,1753633379999,6905507.45315,1697,932.471,3574039.41281,0
1753633380000,3832.00,3832.56,3828.46,3832.53,2331.385,1753633439999,8930495.99082,3971,1036.274,3969604.60734,0
1753633440000,3832.52,3832.58,3830.65,3830.66,1424.823,1753633499999,5459743.52619,2346,508.975,1950269.25769,0
1753633500000,3830.65,3834.80,3829.35,3832.79,4375.454,1753633559999,16770749.50522,4395,2350.943,9011805.34276,0
1753633560000,3832.78,3833.22,3828.28,3829.32,2718.044,1753633619999,10410866.84565,4333,809.087,3099199.99037,0
1753633620000,3829.33,3829.49,3823.83,3827.14,8073.724,1753633679999,30891498.06213,7147,2059.403,7878882.36261,0
1753633680000,3827.14,3830.74,3825.56,3830.74,2727.396,1753633739999,10439559.42797,3701,1466.739,5614989.41141,0
1753633740000,3830.73,3838.42,3830.30,3835.47,11210.763,1753633799999,43004850.35229,10616,8464.415,32469662.68687,0
1753633800000,3835.47,3836.87,3832.99,3836.86,3196.767,1753633859999,12259371.45318,4349,1131.159,4338378.03263,0
1753633860000,3836.86,3846.40,3835.98,3841.23,21796.399,1753633919999,83741020.46129,21763,15451.983,59370233.39978,0
1753633920000,3841.24,3847.61,3841.23,3844.04,9235.448,1753633979999,35511461.57718,10587,5123.337,19699282.95824,0
1753633980000,3844.04,3848.00,3841.20,3845.87,7904.228,1753634039999,30393363.32944,11557,3594.945,13825565.53372,0
1753634040000,3845.88,3847.78,3843.46,3847.6,5122.995,1753634099999,19704946.86106,9436,2176.182,8370691.31642,0
1753634100000,3847.60,3848.00,3842.89,3844.14,7357.035,1753634159999,28287339.03860,7361,3536.988,13599518.58589,0
1753634160000,3844.14,3848.97,3842.12,3848.55,9677.084,1753634219999,37221532.59013,8997,6533.589,25133546.37612,0
1753634220000,3848.56,3850.00,3847.90,3849.65,9535.259,1753634279999,36702902.22604,8353,5370.102,20671617.39740,0
1753634280000,3849.64,3849.83,3844.03,3846.82,5252.937,1753634339999,20209024.55655,7977,1945.574,7485327.40869,0
1753634340000,3846.83,3849.45,3845.00,3849.01,4198.343,1753634399999,16150890.01899,5454,1891.781,7278573.93660,0
1753634400000,3849.00,3849.00,3842.09,3845.0,4516.273,1753634459999,17366016.92791,7133,1483.422,5704088.82424,0
1753634460000,3845.01,3846.85,3844.25,3845.83,3750.266,1753634519999,14420942.41861,4073,1800.263,6922806.34047,0
1753634520000,3845.83,3847.00,3844.26,3845.38,5254.758,1753634579999,20205954.21245,3913,1352.779,5202194.89845,0
1753634580000,3845.38,3845.75,3837.18,3837.81,7542.819,1753634639999,28962334.02061,8184,1382.637,5308940.92299,0
1753634640000,3837.81,3838.94,3833.36,3834.07,8034.275,1753634699999,30822567.32785,9813,2690.859,10323061.45632,0
1753634700000,3834.07,3840.31,3833.45,3837.94,5851.395,1753634759999,22458592.14067,6334,3478.471,13350147.85936,0
1753634760000,3837.94,3840.00,3835.18,3840.0,2739.946,1753634819999,10515743.07985,4137,1478.764,5675799.70013,0
1753634820000,3839.99,3841.99,3838.83,3840.32,2351.749,1753634879999,9031534.82313,4240,1259.479,4836941.94453,0
1753634880000,3840.32,3840.32,3836.23,3838.02,3049.103,1753634939999,11701502.46637,4546,953.531,3659382.57464,0
1753634940000,3838.02,3838.80,3837.00,3838.34,3272.758,1753634999999,12561283.49450,2458,2597.173,9968342.35498,0
1753635000000,3838.34,3838.34,3834.40,3835.64,4456.444,1753635059999,17095425.25763,4664,1931.538,7409635.00040,0
1753635060000,3835.64,3835.64,3829.68,3832.31,4453.981,1753635119999,17069197.16378,6344,1662.784,6372438.62230,0
1753635120000,3832.30,3832.59,3826.46,3826.76,8391.994,1753635179999,32127879.19658,8400,1855.968,7105345.44591,0
1753635180000,3826.76,3828.00,3823.45,3827.14,5129.307,1753635239999,19625717.81080,6504,2513.787,9618398.58911,0
1753635240000,3827.14,3827.64,3822.00,3822.89,5400.033,1753635299999,20654368.80448,7047,2955.049,11303992.46899,0
1753635300000,3822.90,3824.48,3817.10,3822.59,9780.098,1753635359999,37371479.57310,9405,4542.041,17356561.58043,0
1753635360000,3822.58,3822.58,3813.35,3815.52,10203.174,1753635419999,38941973.48906,9871,3547.599,13538848.33048,0
1753635420000,3815.52,3817.27,3810.00,3811.71,10672.822,1753635479999,40697013.09214,12308,6001.463,22887536.17672,0
1753635480000,3811.71,3819.19,3811.71,3815.0,7450.397,1753635539999,28430811.16434,9949,5829.179,22243863.17793,0
1753635540000,3815.01,3815.98,3810.43,3814.8,7130.452,1753635599999,27188232.23453,6683,4151.174,15828009.47458,0
1753635600000,3814.80,3815.48,3807.83,3808.4,8380.034,1753635659999,31926146.18250,8029,3608.131,13745665.79786,0
1753635660000,3808.40,3810.56,3808.11,3809.0,4522.990,1753635719999,17230089.84218,6031,3189.362,12149700.62409,0
1753635720000,3809.01,3811.36,3808.10,3809.31,3758.921,1753635779999,14318954.49181,4820,2433.395,9269602.27661,0
1753635780000,3809.32,3815.45,3808.88,3812.32,5995.910,1753635839999,22864354.46665,6351,4115.967,15695654.23047,0
1753635840000,3812.32,3817.62,3810.86,3817.29,4090.953,1753635899999,15607533.45815,5287,3252.098,12407149.16150,0
1753635900000,3817.30,3822.61,3816.42,3821.41,6728.175,1753635959999,25700285.67550,6893,4543.562,17356540.54075,0
1753635960000,3821.45,3823.98,3818.98,3819.05,5978.950,1753636019999,22852081.96553,5460,3083.176,11783647.67615,0
1753636020000,3819.05,3821.50,3813.10,3814.5,2925.706,1753636079999,11166350.26406,4602,1195.247,4562513.46886,0
1753636080000,3814.50,3819.27,3814.50,3818.42,2884.008,1753636139999,11008387.24055,4552,1325.481,5059580.61438,0
1753636140000,3818.41,3818.41,3814.00,3814.01,2336.213,1753636199999,8916718.14146,3133,947.187,3615608.83748,0
1753636200000,3814.00,3817.32,3813.43,3814.01,1505.835,1753636259999,5744655.95840,3375,740.573,2825340.97444,0
1753636260000,3814.00,3815.92,3813.00,3813.1,1438.877,1753636319999,5488460.17482,2900,673.943,2570542.89226,0
1753636320000,3813.10,3817.37,3812.00,3817.37,1798.471,1753636379999,6859538.04042,3718,700.024,2670066.72888,0
1753636380000,3817.37,3817.58,3814.39,3816.73,1468.274,1753636439999,5603438.73498,3569,655.587,2501842.01810,0
1753636440000,3816.73,3817.60,3813.77,3815.64,1491.082,1753636499999,5689409.16633,3068,422.861,1613678.40421,0
1753636500000,3815.63,3817.32,3813.68,3816.96,1496.721,1753636559999,5710393.09794,3419,882.860,3368220.82708,0
1753636560000,3816.96,3817.23,3814.42,3816.83,1569.318,1753636619999,5988882.03591,2686,712.899,2720407.99254,0
1753636620000,3816.83,3817.77,3812.07,3812.56,1523.875,1753636679999,5812513.87883,3249,699.501,2668262.47201,0
1753636680000,3812.56,3816.93,3812.56,3813.09,2228.216,1753636739999,8498302.25985,3477,697.677,2660779.82482,0
1753636740000,3813.10,3813.10,3810.01,3810.76,2921.375,1753636799999,11135903.79491,4299,611.442,2330584.35943,0
1753636800000,3810.73,3812.80,3810.24,3811.86,1583.920,1753636859999,6037020.00120,3134,713.667,2720045.99041,0
1753636860000,3811.87,3814.44,3811.87,3811.97,2214.367,1753636919999,8442981.56606,3295,1453.028,5539886.36783,0
1753636920000,3811.97,3812.40,3810.50,3811.46,1785.651,1753636979999,6805653.10543,2908,1098.406,4186360.73503,0
1753636980000,3811.45,3812.39,3809.09,3809.25,3454.269,1753637039999,13162100.55507,3739,998.699,3805444.30269,0
1753637040000,3809.26,3812.60,3809.00,3810.84,2165.038,1753637099999,8250040.46916,3109,1241.697,4731379.78703,0
1753637100000,3810.84,3813.68,3810.42,3813.29,1644.931,1753637159999,6269873.03971,3447,887.605,3382971.09804,0
1753637160000,3813.29,3816.74,3812.09,3815.71,2404.248,1753637219999,9170776.92659,4147,1800.227,6866975.80243,0
1753637220000,3815.72,3822.70,3815.15,3822.7,3989.448,1753637279999,15240501.35338,6134,2783.254,10631826.59744,0
1753637280000,3822.70,3823.47,3818.50,3821.33,4849.710,1753637339999,18528860.37539,5123,2231.170,8524416.79080,0
1753637340000,3821.34,3825.77,3821.34,3823.68,3850.029,1753637399999,14722368.68592,4949,2402.561,9187102.77212,0
1753637400000,3823.68,3826.97,3823.68,3826.46,3138.984,1753637459999,12007745.85694,4490,2003.500,7664116.64059,0
1753637460000,3826.46,3826.46,3822.98,3824.88,2185.287,1753637519999,8357653.53255,2740,1142.675,4370036.73720,0
1753637520000,3824.87,3828.96,3824.47,3824.47,3420.466,1753637579999,13089312.66351,4418,2135.871,8173397.56870,0
1753637580000,3824.46,3824.46,3821.49,3823.17,2329.262,1753637639999,8904743.55578,4108,880.301,3365150.96852,0
1753637640000,3823.17,3823.64,3818.40,3819.0,3016.958,1753637699999,11525067.26256,4840,614.906,2348860.64056,0
1753637700000,3818.99,3821.11,3814.99,3815.49,4353.961,1753637759999,16624230.01197,4646,2115.200,8077563.42603,0
1753637760000,3815.49,3821.10,3815.49,3821.1,1407.480,1753637819999,5372538.70957,3138,932.457,3559434.56447,0
1753637820000,3821.10,3823.31,3820.75,3822.43,1714.753,1753637879999,6553843.02212,3400,1054.087,4028779.18748,0
1753637880000,3822.45,3822.80,3820.82,3821.11,1009.342,1753637939999,3857180.96906,1980,288.765,1103473.48513,0
1753637940000,3821.12,3823.00,3821.11,3821.97,1140.813,1753637999999,4360250.33094,1633,507.795,1940789.54308,0
1753638000000,3821.98,3822.61,3820.02,3821.98,974.176,1753638059999,3722781.92335,2016,323.765,1237288.51867,0
1753638060000,3821.97,3824.00,3821.09,3823.54,1617.311,1753638119999,6182973.79535,2412,1006.515,3848126.13990,0
1753638120000,3823.54,3826.00,3823.24,3826.0,2524.024,1753638179999,9653067.79534,2047,1920.973,7346429.29393,0
1753638180000,3826.00,3826.66,3822.80,3826.66,1578.504,1753638239999,6036971.50275,2725,436.024,1667731.81599,0
1753638240000,3826.66,3827.00,3825.46,3825.75,2059.945,1753638299999,7881930.49312,2234,1415.409,5415589.01660,0
1753638300000,3826.33,3832.43,3825.00,3831.96,6913.736,1753638359999,26470843.60684,6614,4969.076,19024954.16857,0
1753638360000,3831.95,3831.95,3829.45,3830.4,3013.736,1753638419999,11544170.44918,3757,1292.246,4949855.62968,0
1753638420000,3830.41,3836.15,3830.19,3836.15,4264.663,1753638479999,16347151.52971,4968,3267.901,12526932.40703,0
1753638480000,3836.16,3836.59,3833.04,3835.62,4529.776,1753638539999,17372865.44385,4419,2063.097,7912448.98936,0
1753638540000,3835.62,3836.15,3833.39,3835.34,2773.259,1753638599999,10635273.88352,2635,1263.898,4847235.72257,0
1753638600000,3835.34,3840.39,3835.33,3838.21,6717.636,1753638659999,25786122.23006,6734,4690.134,18002506.75968,0
1753638660000,3838.20,3838.21,3832.36,3832.79,3201.171,1753638719999,12280965.14792,3243,323.992,1242744.64177,0
1753638720000,3832.78,3836.21,3832.13,3836.21,2357.068,1753638779999,9036920.50031,2614,1550.781,5945911.76530,0
1753638780000,3836.20,3836.54,3834.43,3835.09,1231.225,1753638839999,4722398.07545,1846,317.639,1218459.36970,0
1753638840000,3835.09,3837.99,3835.09,3837.59,1039.338,1753638899999,3988214.06258,1857,516.461,1981736.77672,0
1753638900000,3837.59,3839.00,3837.59,3838.99,1106.382,1753638959999,4246648.59430,1328,485.321,1862785.71736,0
1753638960000,3839.00,3840.97,3838.80,3838.81,3330.562,1753639019999,12789343.73189,3105,1165.728,4476271.53293,0
1753639020000,3838.80,3841.29,3838.01,3838.24,2712.990,1753639079999,10416274.86190,3411,1034.819,3973273.07448,0
1753639080000,3838.24,3838.32,3835.41,3837.12,2486.161,1753639139999,9538673.31206,3328,810.006,3107802.59562,0
1753639140000,3837.11,3837.96,3837.11,3837.43,687.698,1753639199999,2639018.82252,1171,312.829,1200423.01682,0
1753639200000,3837.43,3842.82,3836.70,3839.03,3658.559,1753639259999,14049746.27341,6079,2504.372,9617561.23085,0
1753639260000,3839.04,3839.19,3836.00,3837.73,2958.811,1753639319999,11353964.79656,3052,1177.736,4519056.43847,0
1753639320000,3837.73,3837.74,3830.78,3834.61,4954.800,1753639379999,18996267.44450,4494,658.818,2526012.91617,0
1753639380000,3834.61,3838.74,3833.71,3838.74,1741.430,1753639439999,6681215.69460,2577,714.836,2742339.84024,0
1753639440000,3838.75,3844.13,3838.59,3843.77,4420.426,1753639499999,16983802.05640,5289,2463.621,9465963.46007,0
1753639500000,3843.78,3846.80,3843.77,3845.68,7559.076,1753639559999,29066706.51586,8836,4759.119,18299646.76022,0
1753639560000,3845.68,3846.32,3843.12,3845.87,3566.206,1753639619999,13714003.37713,6752,1429.640,5497617.91146,0
1753639620000,3845.86,3846.54,3844.08,3845.99,2565.161,1753639679999,9864292.85476,2774,1329.210,5111307.56895,0
1753639680000,3846.00,3846.36,3840.00,3840.8,3940.250,1753639739999,15141599.79228,4484,1099.566,4225770.40036,0
1753639740000,3840.81,3841.76,3838.47,3841.0,4548.753,1753639799999,17467468.73295,5246,2643.266,10150481.53338,0
1753639800000,3841.00,3844.40,3839.44,3844.06,2178.911,1753639859999,8371233.07754,3025,1058.485,4066911.31186,0
1753639860000,3844.06,3846.15,3843.73,3845.24,3877.683,1753639919999,14909255.07601,3654,2106.967,8100845.50215,0
1753639920000,3845.24,3848.80,3845.23,3848.73,7611.689,1753639979999,29285133.83360,6457,5619.172,21618278.03239,0
1753639980000,3848.72,3849.98,3845.00,3845.0,2848.262,1753640039999,10960081.84054,3265,1525.930,5872718.25169,0
1753640040000,3845.00,3847.00,3844.25,3845.83,1566.303,1753640099999,6022893.72429,2513,705.266,2711871.79627,0
1753640100000,3845.83,3845.83,3842.32,3843.3,2810.579,1753640159999,10802980.90067,3467,640.946,2463638.53698,0
1753640160000,3843.30,3845.17,3839.53,3840.96,3490.833,1753640219999,13414144.01590,3686,726.704,2792553.61119,0
1753640220000,3840.95,3857.00,3840.95,3856.04,24196.054,1753640279999,93201428.23664,17633,17361.782,66881908.27488,0
1753640280000,3856.04,3868.97,3854.29,3863.24,47579.450,1753640339999,183795383.55626,31279,33762.809,130429130.63040,0
1753640340000,3863.23,3865.34,3860.00,3860.01,10007.848,1753640399999,38658506.66155,9163,3807.723,14709134.95572,0
1753640400000,3860.00,3860.01,3849.48,3850.92,10105.486,1753640459999,38936201.53253,11803,3185.901,12273268.08648,0
1753640460000,3850.92,3858.83,3850.92,3858.3,4490.564,1753640519999,17311747.41478,5596,2497.677,9629254.15156,0
1753640520000,3858.31,3862.50,3854.82,3859.4,7388.581,1753640579999,28509996.22178,7433,3120.147,12040998.68266,0
1753640580000,3859.41,3862.18,3857.23,3857.23,5554.814,1753640639999,21441402.86567,5451,2611.126,10079558.89009,0
1753640640000,3857.22,3865.50,3854.82,3864.96,6812.891,1753640699999,26304596.85388,7189,4752.046,18349439.44875,0
1753640700000,3864.96,3867.34,3862.86,3867.33,8244.234,1753640759999,31862735.23812,8526,4844.709,18724682.76063,0
1753640760000,3867.33,3867.95,3860.00,3861.72,6987.646,1753640819999,27005000.13264,6549,2241.257,8661651.95389,0
1753640820000,3861.72,3863.28,3860.00,3863.21,3232.965,1753640879999,12484131.36588,3465,978.257,3777609.41900,0
1753640880000,3863.20,3865.75,3861.20,3861.2,3093.662,1753640939999,11953877.05297,4029,1459.982,5641625.05969,0
1753640940000,3861.20,3863.08,3858.85,3860.01,4027.553,1753640999999,15549209.49001,4243,1461.071,5641676.12882,0
1753641000000,3860.01,3865.24,3860.01,3864.36,2746.783,1753641059999,10613087.88241,4305,1402.343,5418168.18182,0
1753641060000,3864.37,3864.41,3856.81,3857.38,3185.083,1753641119999,12293870.78846,4501,813.681,3140626.46362,0
1753641120000,3857.39,3858.51,3853.01,3853.62,10149.412,1753641179999,39125190.89909,8378,2519.240,9711682.00848,0
1753641180000,3853.62,3857.63,3851.27,3857.63,3887.367,1753641239999,14980140.01748,4065,1428.086,5503993.93595,0
1753641240000,3857.65,3863.56,3856.54,3863.56,3913.642,1753641299999,15107382.88281,4876,2796.417,10794994.94848,0
1753641300000,3863.56,3863.56,3860.00,3861.76,3546.650,1753641359999,13695389.01151,3927,2132.714,8235296.22944,0
1753641360000,3861.75,3861.75,3855.69,3855.75,3192.995,1753641419999,12318750.70707,4567,1025.975,3958428.76727,0
1753641420000,3855.76,3858.36,3850.00,3850.45,4634.168,1753641479999,17862373.46344,6837,1560.180,6015069.42008,0
1753641480000,3850.45,3855.58,3850.45,3854.2,2617.659,1753641539999,10087411.69904,3852,1419.678,5470670.29081,0
1753641540000,3854.20,3854.74,3851.38,3852.92,3896.490,1753641599999,15013091.73076,3822,1750.913,6746063.55005,0
1753641600000,3852.92,3854.19,3852.00,3853.48,1608.028,1753641659999,6195831.46735,2376,723.513,2787697.43296,0
1753641660000,3853.47,3858.00,3853.47,3855.73,2225.875,1753641719999,8583027.44956,3039,1631.383,6290705.36811,0
1753641720000,3855.73,3856.29,3854.09,3854.75,1487.328,1753641779999,5734393.23626,2097,726.752,2801976.11421,0
1753641780000,3854.75,3856.84,3854.41,3854.42,974.992,1753641839999,3758971.85442,1540,308.282,1188584.53760,0
1753641840000,3854.42,3855.00,3852.61,3854.73,1034.292,1753641899999,3986167.08149,2182,508.835,1960967.47777,0
1753641900000,3854.73,3854.73,3847.58,3849.17,3829.046,1753641959999,14744703.97870,4817,840.732,3238701.43646,0
1753641960000,3849.17,3851.31,3848.10,3849.16,4138.237,1753642019999,15929675.83572,4473,1979.746,7620938.70953,0
1753642020000,3849.16,3849.17,3843.66,3846.33,6363.088,1753642079999,24470521.46235,6638,1404.777,5401609.55695,0
1753642080000,3846.34,3850.46,3846.34,3850.4,2046.651,1753642139999,7876247.17491,2906,1389.520,5347120.16818,0
1753642140000,3850.40,3850.54,3847.21,3847.84,923.500,1753642199999,3554449.59809,1667,269.763,1038264.42824,0
1753642200000,3847.84,3848.67,3845.79,3848.21,1224.716,1753642259999,4711994.13753,2501,881.724,3392278.44770,0
1753642260000,3848.21,3850.40,3847.36,3849.89,1415.957,1753642319999,5450060.40082,2749,996.376,3835063.08646,0
1753642320000,3849.89,3853.83,3848.72,3848.73,1530.043,1753642379999,5892893.03977,3062,986.378,3799256.66944,0
1753642380000,3848.72,3849.55,3845.77,3847.79,1961.985,1753642439999,7548998.33191,2998,497.439,1913941.67742,0
1753642440000,3847.79,3848.47,3844.97,3845.04,1237.646,1753642499999,4760356.57056,2583,456.672,1756463.38284,0
1753642500000,3845.04,3847.97,3845.04,3847.83,1460.008,1753642559999,5616459.24884,2341,704.250,2708909.86684,0
1753642560000,3847.82,3850.00,3847.06,3848.11,1612.713,1753642619999,6207065.65947,2668,1099.713,4232685.60731,0
1753642620000,3848.12,3850.89,3848.12,3849.82,1322.107,1753642679999,5089713.62224,2119,716.297,2757564.07838,0
1753642680000,3849.82,3850.80,3848.28,3848.29,1166.042,1753642739999,4488909.70126,1943,525.645,2023593.14162,0
1753642740000,3848.29,3848.29,3845.40,3845.43,1823.310,1753642799999,7014663.34201,2405,744.157,2862830.60995,0
1753642800000,3845.43,3848.92,3844.81,3847.04,4110.009,1753642859999,15808844.94952,5127,3482.990,13397144.36171,0
1753642860000,3847.04,3847.42,3844.79,3846.48,1130.813,1753642919999,4349099.50660,1845,605.083,2327287.73058,0
1753642920000,3846.48,3847.57,3843.57,3844.2,1382.639,1753642979999,5316512.66816,2386,718.810,2763905.53896,0
1753642980000,3844.20,3845.90,3842.00,3843.99,2092.386,1753643039999,8042374.13136,2713,1122.156,4312965.16959,0
1753643040000,3844.00,3844.94,3842.10,3842.11,646.065,1753643099999,2483358.84487,1510,329.882,1268000.92757,0
1753643100000,3842.10,3843.55,3841.22,3841.23,1081.632,1753643159999,4155945.03974,2339,452.599,1739114.68318,0
1753643160000,3841.22,3841.50,3839.01,3841.5,3149.263,1753643219999,12094029.59464,3398,1344.050,5161731.45126,0
1753643220000,3841.50,3841.50,3839.13,3840.31,1623.927,1753643279999,6235677.90524,1879,998.689,3834881.84921,0
1753643280000,3840.30,3846.45,3840.30,3844.55,1692.383,1753643339999,6505192.44083,2786,1145.963,4404375.67445,0
1753643340000,3844.55,3847.41,3842.60,3846.6,1591.497,1753643399999,6119257.17306,2494,984.807,3786686.89082,0
1753643400000,3846.60,3851.54,3846.59,3849.47,3474.132,1753643459999,13374090.73678,4439,2809.589,10815592.43891,0
1753643460000,3849.47,3849.47,3845.41,3845.41,1195.102,1753643519999,4598432.44144,2156,403.443,1552294.54892,0
1753643520000,3845.41,3845.42,3842.59,3844.4,1247.160,1753643579999,4794146.95209,2536,515.870,1982953.48977,0
1753643580000,3844.40,3845.56,3843.78,3844.47,699.051,1753643639999,2687597.72865,1561,316.790,1217898.28295,0
1753643640000,3844.46,3848.55,3844.46,3847.21,862.171,1753643699999,3317129.97872,1676,535.097,2058592.67008,0
1753643700000,3847.20,3847.20,3844.26,3845.8,1157.816,1753643759999,4452681.94571,2367,753.644,2898321.63594,0
1753643760000,3845.81,3845.81,3841.69,3841.69,827.508,1753643819999,3179866.68038,1489,142.652,548172.33816,0
1753643820000,3841.69,3845.00,3840.95,3844.35,1868.623,1753643879999,7180652.21100,2728,997.170,3831809.84251,0
1753643880000,3844.34,3845.00,3842.00,3842.0,431.492,1753643939999,1658588.33786,1046,227.288,873673.43368,0
1753643940000,3842.00,3842.80,3841.03,3842.79,1009.128,1753643999999,3876795.97004,1562,723.244,2778509.44201,0
1753644000000,3842.80,3843.28,3841.30,3841.71,751.400,1753644059999,2887189.71468,1337,365.619,1404757.29009,0
1753644060000,3841.70,3841.71,3836.50,3836.86,5408.120,1753644119999,20760246.30363,4518,1508.146,5788968.64515,0
1753644120000,3836.86,3838.82,3836.35,3838.37,1935.316,1753644179999,7426573.56176,2503,989.839,3798515.21913,0
1753644180000,3838.37,3839.41,3837.17,3838.94,997.443,1753644239999,3828459.83242,1822,493.104,1892549.21985,0
1753644240000,3838.95,3841.78,3838.76,3840.55,1830.228,1753644299999,7028023.08577,2396,1183.197,4543528.34891,0
1753644300000,3840.55,3840.72,3838.06,3838.07,754.934,1753644359999,2898832.77816,1668,476.683,1830403.01558,0
1753644360000,3838.07,3839.05,3835.00,3835.0,1168.523,1753644419999,4483047.66189,2157,253.632,973159.82930,0
1753644420000,3835.01,3839.28,3835.00,3839.28,1529.962,1753644479999,5870555.20068,2393,1014.862,3894240.93437,0
1753644480000,3839.28,3839.28,3836.00,3836.01,657.322,1753644539999,2522751.05550,1201,194.138,745189.88461,0
1753644540000,3836.00,3836.99,3836.00,3836.99,493.886,1753644599999,1894764.27790,900,311.469,1194902.09911,0
1753644600000,3836.99,3840.79,3836.98,3840.79,1293.959,1753644659999,4967577.58686,2953,991.130,3804899.92582,0
1753644660000,3840.79,3842.11,3839.00,3839.01,2383.108,1753644719999,9153494.85949,2482,1746.691,6709016.61335,0
1753644720000,3839.00,3839.01,3837.71,3838.81,1074.253,1753644779999,4123236.61792,1387,701.443,2692295.55574,0
1753644780000,3838.82,3840.61,3838.20,3838.66,707.160,1753644839999,2714811.32139,1348,434.600,1668351.64601,0
1753644840000,3838.66,3838.90,3838.00,3838.89,1162.176,1753644899999,4460900.25025,1157,684.725,2628172.38317,0
1753644900000,3838.90,3843.00,3838.89,3841.33,1257.695,1753644959999,4831308.26459,2197,926.016,3557097.39924,0
1753644960000,3841.34,3842.39,3841.34,3841.52,626.704,1753645019999,2407610.16966,1288,431.870,1659085.55279,0
1753645020000,3841.51,3841.52,3837.48,3839.45,1223.053,1753645079999,4694943.65868,1867,441.363,1693998.30376,0
1753645080000,3839.45,3840.16,3838.20,3838.2,353.358,1753645139999,1356627.55914,1142,212.507,815848.25872,0
1753645140000,3838.21,3840.06,3838.08,3838.08,488.945,1753645199999,1877186.10626,1179,316.161,1213807.07895,0
1753645200000,3838.08,3838.09,3836.09,3836.09,725.577,1753645259999,2784396.87433,1324,265.277,1017956.08978,0
1753645260000,3836.09,3836.10,3832.58,3833.22,3651.576,1753645319999,14000492.42608,3766,1446.744,5546837.81401,0
1753645320000,3833.22,3834.00,3830.00,3830.55,4414.405,1753645379999,16916130.58100,4484,1132.723,4339632.69244,0
1753645380000,3830.55,3834.74,3830.54,3832.74,2429.036,1753645439999,9310082.84617,3178,1143.813,4384050.68983,0
1753645440000,3832.74,3833.99,3832.73,3832.8,700.835,1753645499999,2686544.56950,1238,486.921,1866515.67958,0
1753645500000,3832.81,3834.64,3832.73,3833.47,1115.536,1753645559999,4276767.13197,1843,665.992,2553295.56373,0
1753645560000,3833.47,3834.42,3831.16,3831.82,1207.232,1753645619999,4626795.13388,1845,501.367,1921278.14701,0
1753645620000,3831.83,3834.65,3831.82,3833.83,668.473,1753645679999,2562474.23215,1183,432.784,1659095.75415,0
1753645680000,3833.83,3837.36,3833.83,3833.83,2381.210,1753645739999,9133936.34354,2606,1575.666,6044054.35523,0
1753645740000,3833.82,3833.83,3831.01,3831.01,1005.176,1753645799999,3852933.64404,1640,633.772,2429307.23642,0
1753645800000,3831.02,3832.60,3827.04,3828.57,3662.950,1753645859999,14026220.64158,3859,1146.397,4389396.74536,0
1753645860000,3828.58,3830.40,3826.66,3826.66,3029.976,1753645919999,11599401.75768,3275,1261.187,4828424.78587,0
1753645920000,3826.67,3829.06,3825.66,3825.67,3212.612,1753645979999,12294190.35657,2511,763.679,2923244.37859,0
1753645980000,3825.67,3827.19,3825.01,3826.55,1412.094,1753646039999,5402885.12508,2291,716.805,2742538.13878,0
1753646040000,3826.55,3829.63,3826.54,3829.25,1969.140,1753646099999,7539471.22063,2467,1621.039,6206497.96179,0
1753646100000,3829.26,3829.26,3827.66,3828.41,763.829,1753646159999,2924102.16233,1375,486.389,1861948.06652,0
1753646160000,3828.41,3829.81,3827.21,3827.21,1162.550,1753646219999,4450826.61303,2068,550.833,2108859.42294,0
1753646220000,3827.21,3828.28,3826.32,3827.93,755.064,1753646279999,2889757.93429,1442,345.808,1323476.10062,0
1753646280000,3827.92,3828.64,3826.18,3826.23,844.082,1753646339999,3230713.85579,1401,434.929,1664844.21429,0
1753646340000,3826.22,3827.55,3825.81,3827.35,1183.167,1753646399999,4527318.21538,1457,730.201,2794008.96685,0
1753646400000,3827.35,3828.39,3826.55,3826.56,1267.494,1753646459999,4851570.49348,2732,697.642,2670290.86897,0
1753646460000,3826.56,3831.99,3826.56,3831.08,3534.399,1753646519999,13538780.54096,3039,2383.636,9130367.20255,0
1753646520000,3831.08,3837.39,3831.05,3836.8,3958.403,1753646579999,15180101.67958,4240,3198.110,12264279.72748,0
1753646580000,3836.79,3836.79,3833.23,3833.24,1747.629,1753646639999,6700525.56402,2470,1046.574,4012340.05724,0
1753646640000,3833.24,3838.57,3833.23,3837.01,3242.904,1753646699999,12440750.77089,2940,2762.569,10597784.60278,0
1753646700000,3837.01,3840.90,3836.67,3839.27,3816.885,1753646759999,14654078.00399,3721,2582.070,9912654.57503,0
1753646760000,3839.26,3841.29,3838.80,3841.29,1477.871,1753646819999,5674209.62380,1530,1147.849,4407249.03798,0
1753646820000,3841.29,3841.52,3838.81,3838.81,1177.413,1753646879999,4521002.36048,1629,638.116,2450038.73208,0
1753646880000,3838.81,3840.85,3837.55,3839.05,2235.900,1753646939999,8584388.16613,3086,1472.322,5652830.72183,0
1753646940000,3839.05,3839.05,3835.76,3835.76,968.723,1753646999999,3717108.68272,1505,324.283,1244345.42942,0
1753647000000,3835.76,3840.33,3835.55,3840.33,1761.307,1753647059999,6760216.17398,2772,1379.073,5293379.36000,0
1753647060000,3840.34,3842.52,3840.33,3841.58,1581.692,1753647119999,6075880.18635,2155,711.997,2734980.11399,0
1753647120000,3841.59,3841.59,3840.08,3840.95,768.928,1753647179999,2953095.33417,1213,491.303,1886782.47530,0
1753647180000,3840.95,3841.17,3836.75,3837.53,3152.764,1753647239999,12102804.81807,2981,739.665,2839522.04745,0
1753647240000,3837.87,3837.87,3835.39,3835.82,885.531,1753647299999,3397163.98590,1360,269.270,1032927.18905,0
1753647300000,3835.82,3840.13,3835.39,3838.58,1059.589,1753647359999,4066576.82021,2358,881.239,3381980.40088,0
1753647360000,3838.58,3839.39,3834.44,3834.49,1488.460,1753647419999,5711047.95675,2054,516.870,1983645.77988,0
1753647420000,3834.50,3834.50,3831.60,3832.94,1899.924,1753647479999,7282652.41371,2934,592.286,2270179.76735,0
1753647480000,3832.95,3834.10,3832.81,3833.55,540.289,1753647539999,2071191.74465,1383,336.880,1291427.61869,0
1753647540000,3833.56,3833.56,3829.24,3829.55,1600.393,1753647599999,6130713.04861,2548,380.796,1458737.33395,0
1753647600000,3829.54,3831.14,3828.78,3828.79,700.331,1753647659999,2682197.45255,1917,266.912,1022267.97866,0
1753647660000,3828.79,3833.50,3828.66,3833.46,831.254,1753647719999,3184680.60826,2448,658.661,2523327.29087,0
1753647720000,3833.45,3833.46,3830.52,3832.86,481.478,1753647779999,1844980.79667,1272,254.239,974129.81924,0
1753647780000,3832.87,3833.05,3831.43,3831.43,412.389,1753647839999,1580307.17037,859,217.200,832318.63052,0
1753647840000,3831.44,3832.13,3831.20,3831.52,342.878,1753647899999,1313688.74719,775,257.231,985527.64556,0
1753647900000,3831.54,3832.68,3830.37,3831.08,1442.700,1753647959999,5528195.15507,2067,894.881,3429175.60942,0
1753647960000,3831.08,3831.09,3829.01,3829.61,397.233,1753648019999,1521428.75832,964,171.748,657782.98585,0
1753648020000,3829.62,3830.82,3828.67,3830.82,597.222,1753648079999,2287055.35162,1683,314.082,1202761.81316,0
1753648080000,3830.82,3831.97,3828.72,3831.45,713.352,1753648139999,2732479.69208,1507,306.018,1172111.09378,0
1753648140000,3831.44,3833.66,3831.44,3833.02,2326.491,1753648199999,8916652.52707,2546,1560.108,5979139.08899,0
1753648200000,3833.02,3833.24,3828.12,3829.21,857.252,1753648259999,3283418.01448,2187,336.131,1287280.75079,0
1753648260000,3829.21,3829.63,3827.46,3827.63,1055.058,1753648319999,4039311.69909,1727,199.405,763438.94639,0
1753648320000,3827.63,3828.96,3826.82,3828.96,1841.904,1753648379999,7050386.48354,2062,1238.735,4741776.19343,0
1753648380000,3828.96,3830.19,3827.90,3828.65,775.526,1753648439999,2969616.48411,2196,342.404,1311057.04030,0
1753648440000,3828.65,3829.62,3827.28,3828.3,929.429,1753648499999,3558515.23767,1780,363.902,1393171.18706,0
1753648500000,3828.29,3832.12,3828.29,3829.45,954.261,1753648559999,3654836.34804,2096,555.230,2126523.31391,0
1753648560000,3829.44,3829.58,3826.66,3828.25,781.559,1753648619999,2991692.03174,2065,466.825,1786975.32535,0
1753648620000,3828.25,3829.09,3826.31,3827.77,628.807,1753648679999,2406818.39172,1866,270.533,1035494.20166,0
1753648680000,3827.76,3828.16,3826.21,3826.5,1008.639,1753648739999,3859845.15041,1451,374.241,1432165.98803,0
1753648740000,3826.49,3827.00,3822.34,3824.47,7470.816,1753648799999,28571574.25914,7651,2438.390,9325318.56414,0
1753648800000,3824.46,3825.76,3822.22,3824.9,3198.954,1753648859999,12231052.90010,4404,2384.079,9115434.57004,0
1753648860000,3824.90,3825.97,3824.11,3825.97,772.818,1753648919999,2956046.10070,1940,498.529,1906855.71043,0
1753648920000,3825.97,3825.97,3825.00,3825.32,320.878,1753648979999,1227492.85323,655,157.969,604265.52303,0
1753648980000,3825.32,3825.32,3822.44,3823.56,1103.330,1753649039999,4219224.89529,1414,249.678,954529.47317,0
1753649040000,3823.55,3824.78,3823.46,3823.52,673.612,1753649099999,2576014.13868,1171,328.997,1258097.98715,0
1753649100000,3823.53,3828.66,3823.52,3824.72,1444.726,1753649159999,5528200.82870,3259,1132.060,4331587.85939,0
1753649160000,3824.71,3828.47,3824.71,3826.12,655.600,1753649219999,2508849.80490,1820,427.534,1636051.53399,0
1753649220000,3826.11,3827.04,3825.54,3826.02,354.618,1753649279999,1356841.62513,1151,246.175,941905.92613,0
1753649280000,3826.01,3826.35,3824.35,3824.86,1361.193,1753649339999,5206693.04784,2138,600.766,2297926.70805,0
1753649340000,3824.86,3826.63,3822.22,3822.23,4850.068,1753649399999,18546952.06545,4784,2807.905,10736965.99527,0
1753649400000,3822.22,3823.71,3820.76,3820.91,2486.104,1753649459999,9502279.59750,2809,1074.245,4106252.97801,0
1753649460000,3820.91,3823.05,3819.72,3821.89,2302.157,1753649519999,8796505.02834,3611,970.939,3710121.43426,0
1753649520000,3821.89,3822.80,3819.04,3822.26,2263.320,1753649579999,8647987.71619,3313,1614.402,6168599.74028,0
1753649580000,3822.26,3823.17,3820.49,3821.37,1085.138,1753649639999,4146772.60802,2482,658.732,2517230.98770,0
1753649640000,3821.37,3822.87,3820.00,3821.06,1383.958,1753649699999,5288640.83807,2303,902.051,3446930.35465,0
1753649700000,3821.05,3822.28,3818.00,3821.45,1696.359,1753649759999,6480080.54955,3031,921.310,3519601.35062,0
1753649760000,3821.45,3823.73,3819.47,3823.31,917.271,1753649819999,3505069.41534,1843,488.646,1867392.84455,0
1753649820000,3823.32,3823.32,3820.00,3820.65,486.596,1753649879999,1859681.33366,1266,190.863,729392.17668,0
1753649880000,3820.65,3821.17,3820.00,3821.02,653.595,1753649939999,2497070.42832,1247,440.336,1682292.34856,0
1753649940000,3821.02,3822.40,3820.82,3821.33,520.517,1753649999999,1989192.67636,1127,304.611,1164111.21468,0
1753650000000,3821.34,3824.51,3821.34,3823.99,1864.064,1753650059999,7126492.02621,3360,1377.593,5266923.84117,0
1753650060000,3824.00,3827.72,3823.99,3827.72,1250.159,1753650119999,4782032.48174,2098,1027.393,3930051.02836,0
1753650120000,3827.73,3829.06,3827.21,3829.05,749.737,1753650179999,2869831.95383,1458,528.995,2024891.80251,0
1753650180000,3829.06,3829.06,3823.66,3823.66,1201.601,1753650239999,4598883.50289,1682,458.110,1753554.90611,0
1753650240000,3823.66,3825.22,3823.51,3824.02,784.806,1753650299999,3001429.97762,1193,428.985,1640515.13833,0
1753650300000,3824.02,3824.30,3822.80,3823.07,486.502,1753650359999,1860147.37164,1194,317.950,1215663.59471,0
1753650360000,3823.08,3824.68,3823.08,3824.0,415.348,1753650419999,1588240.24449,939,318.889,1219356.49237,0
1753650420000,3824.00,3824.10,3823.66,3823.68,280.917,1753650479999,1074163.33952,597,182.162,696537.73933,0
1753650480000,3823.68,3825.22,3823.36,3823.67,376.768,1753650539999,1440843.69316,1307,241.242,922556.47785,0
1753650540000,3823.67,3824.62,3822.35,3822.35,599.918,1753650599999,2293685.30223,1060,243.591,931371.09463,0
1753650600000,3822.35,3823.21,3822.25,3823.2,669.813,1753650659999,2560498.53847,918,366.613,1401383.26512,0
1753650660000,3823.20,3824.25,3821.32,3821.68,1690.911,1753650719999,6464056.48421,2062,291.786,1115306.08282,0
1753650720000,3821.69,3821.69,3819.99,3821.04,1190.198,1753650779999,4547246.33024,1404,510.411,1949978.26258,0
1753650780000,3821.05,3823.41,3820.68,3821.1,581.715,1753650839999,2223347.06806,1470,415.103,1586583.42724,0
1753650840000,3821.11,3822.80,3820.92,3820.93,1170.782,1753650899999,4474718.59302,1614,453.450,1733079.67741,0
1753650900000,3820.92,3821.28,3817.16,3819.13,1832.895,1753650959999,6999651.56467,3029,650.767,2485285.47949,0
1753650960000,3819.14,3822.69,3818.03,3821.35,625.617,1753651019999,2390078.21082,1915,383.517,1465167.64468,0
1753651020000,3821.35,3823.85,3821.00,3822.26,710.017,1753651079999,2714015.77178,1746,444.404,1698610.11598,0
1753651080000,3822.26,3824.23,3821.14,3824.23,577.254,1753651139999,2206651.82881,1351,430.408,1645377.44082,0
1753651140000,3824.22,3825.68,3824.22,3825.49,581.963,1753651199999,2226042.96864,1367,420.863,1609822.74842,0
1753651200000,3825.50,3825.50,3823.33,3823.34,446.824,1753651259999,1708907.80269,1150,164.130,627685.11654,0
1753651260000,3823.34,3824.14,3822.68,3822.68,556.985,1753651319999,2129676.63233,1289,355.443,1359052.54939,0
1753651320000,3822.69,3823.68,3818.02,3821.57,3102.844,1753651379999,11853230.42483,3228,1978.621,7558473.54399,0
1753651380000,3821.57,3822.61,3821.12,3822.56,781.964,1753651439999,2988393.91284,1094,629.751,2406709.31970,0
1753651440000,3822.56,3822.85,3820.59,3822.85,790.536,1753651499999,3021166.77003,1147,385.917,1474937.44120,0
1753651500000,3822.85,3823.95,3822.84,3823.54,275.613,1753651559999,1053788.72952,719,201.031,768623.00061,0
1753651560000,3823.54,3823.99,3823.00,3823.01,752.169,1753651619999,2876047.08610,1110,342.418,1309298.95235,0
1753651620000,3823.01,3823.56,3821.66,3821.67,1659.017,1753651679999,6342194.41376,1558,633.677,2422402.34237,0
1753651680000,3821.67,3823.55,3820.97,3820.98,933.008,1753651739999,3566188.30450,1511,452.579,1729889.32146,0
1753651740000,3820.98,3826.57,3820.98,3826.56,1416.952,1753651799999,5419029.56836,2439,948.506,3627591.67519,0
1753651800000,3826.56,3830.34,3825.99,3830.25,4135.859,1753651859999,15834324.11606,3779,3352.980,12837295.83529,0
1753651860000,3830.24,3830.74,3826.14,3826.14,2163.197,1753651919999,8282439.38476,2598,674.737,2583390.09371,0
1753651920000,3826.15,3828.43,3824.61,3827.35,1904.866,1753651979999,7288118.29285,2578,1129.803,4322487.84611,0
1753651980000,3827.35,3828.01,3826.90,3826.91,575.470,1753652039999,2202585.11945,985,260.699,997833.10684,0
1753652040000,3826.91,3826.91,3824.18,3826.53,2002.631,1753652099999,7661242.40684,2054,865.019,3309100.69840,0
1753652100000,3826.53,3826.91,3824.89,3824.92,730.599,1753652159999,2795273.51106,1100,131.148,501811.29822,0
1753652160000,3824.92,3824.93,3823.10,3823.18,665.502,1753652219999,2544857.73292,1390,147.883,565498.25650,0
1753652220000,3823.18,3823.19,3821.66,3821.66,1100.078,1753652279999,4205011.09860,2048,376.213,1438068.11384,0
1753652280000,3821.66,3821.67,3817.91,3817.92,2709.093,1753652339999,10348336.05246,3101,320.609,1224720.80428,0
1753652340000,3817.92,3819.20,3814.49,3815.61,4997.716,1753652399999,19076397.21920,4100,1338.232,5109590.32989,0
1753652400000,3815.61,3820.67,3815.61,3819.25,2100.461,1753652459999,8021150.78236,4450,1480.150,5652191.80237,0
1753652460000,3819.26,3821.53,3817.21,3817.72,2038.732,1753652519999,7786177.79153,6175,600.095,2291989.60066,0
1753652520000,3817.72,3818.48,3816.98,3816.98,1303.478,1753652579999,4976131.82168,1399,330.235,1260807.90067,0
1753652580000,3816.99,3819.62,3816.58,3819.37,1190.808,1753652639999,4545821.75570,1633,392.453,1498078.37520,0
1753652640000,3819.37,3821.19,3818.62,3819.2,661.237,1753652699999,2525933.42680,1212,353.497,1350308.97432,0
1753652700000,3819.19,3825.90,3819.00,3825.49,1411.705,1753652759999,5395982.51270,3353,1032.990,3948281.36906,0
1753652760000,3825.48,3825.48,3822.28,3822.38,702.589,1753652819999,2686518.60518,976,144.440,552291.97805,0
1753652820000,3822.38,3826.17,3822.38,3825.86,941.020,1753652879999,3598808.28850,1688,636.220,2433183.88939,0
1753652880000,3825.86,3828.00,3825.85,3826.73,1647.399,1753652939999,6304047.47363,2209,1357.590,5194964.52331,0
1753652940000,3826.73,3830.92,3826.29,3830.84,1168.430,1753652999999,4473545.77772,2095,858.749,3287800.95552,0
1753653000000,3830.83,3831.00,3830.43,3830.43,1808.924,1753653059999,6929780.86885,1119,1398.254,5356583.75808,0
1753653060000,3830.44,3832.47,3830.38,3832.25,2253.467,1753653119999,8633679.98214,2378,1845.261,7069532.38714,0
1753653120000,3832.25,3832.25,3830.58,3831.34,1590.096,1753653179999,6092329.86848,1534,408.237,1564139.73234,0
1753653180000,3831.34,3831.35,3831.33,3831.34,594.802,1753653239999,2278888.81706,575,470.048,1800914.77244,0
1753653240000,3831.35,3833.66,3831.34,3832.86,915.280,1753653299999,3507815.35246,1509,649.569,2489387.08803,0
1753653300000,3832.85,3832.86,3832.80,3832.81,422.550,1753653359999,1619564.22117,548,242.888,930950.48853,0
1753653360000,3832.80,3834.38,3832.80,3834.13,856.221,1753653419999,3282592.76749,1266,597.556,2290843.79749,0
1753653420000,3834.12,3838.75,3833.68,3837.9,3938.254,1753653479999,15110999.45513,4271,2837.023,10885172.66641,0
1753653480000,3837.89,3839.46,3837.12,3837.37,3895.526,1753653539999,14951831.81691,2976,2501.487,9600868.10529,0
1753653540000,3837.37,3837.37,3834.09,3835.37,1685.872,1753653599999,6465833.13675,2556,898.301,3445034.58924,0
1753653600000,3835.37,3841.92,3834.00,3838.38,8377.362,1753653659999,32155040.23946,10367,4563.775,17516311.00492,0
1753653660000,3838.38,3840.38,3838.38,3840.11,2446.488,1753653719999,9393605.84199,2618,1338.443,5138901.46560,0
1753653720000,3840.10,3842.00,3836.32,3839.87,5924.437,1753653779999,22751116.06201,5890,2768.956,10633244.01754,0
1753653780000,3839.84,3841.63,3838.00,3838.22,2944.855,1753653839999,11306626.90980,4193,1851.558,7108989.58394,0
1753653840000,3838.23,3843.44,3837.51,3839.27,4835.588,1753653899999,18571935.56505,6920,3179.936,12212216.33583,0
1753653900000,3839.26,3842.43,3838.41,3842.19,2466.446,1753653959999,9472545.23158,3570,1159.005,4451200.29938,0
1753653960000,3842.19,3844.55,3841.78,3843.15,2639.046,1753654019999,10142898.93310,4378,1640.473,6304883.92808,0
1753654020000,3843.14,3845.85,3843.14,3845.6,3686.308,1753654079999,14172224.91846,6417,2586.864,9945362.00007,0
1753654080000,3845.59,3847.29,3843.24,3847.29,4618.840,1753654139999,17761935.43793,8566,2395.145,9211642.47185,0
1753654140000,3847.29,3849.99,3845.30,3847.19,4674.050,1753654199999,17986064.35148,6680,2773.954,10674324.43157,0
1753654200000,3847.19,3848.65,3847.03,3847.92,2535.244,1753654259999,9754956.66876,2770,971.995,3739959.95533,0
1753654260000,3847.92,3849.85,3842.10,3842.1,2718.579,1753654319999,10457017.27954,4353,1025.054,3943884.21413,0
1753654320000,3842.11,3848.71,3841.31,3847.96,1590.553,1753654379999,6116166.72119,3254,981.192,3772770.09174,0
1753654380000,3847.97,3855.78,3847.97,3854.33,8485.246,1753654439999,32686910.61082,8549,5133.717,19772320.11839,0
1753654440000,3854.33,3854.77,3852.06,3854.44,3334.603,1753654499999,12849957.19984,5013,1422.884,5483119.66381,0
1753654500000,3854.45,3857.96,3852.51,3852.51,4116.243,1753654559999,15872044.50222,6323,2257.405,8704803.60255,0
1753654560000,3852.51,3852.72,3845.04,3845.05,3008.684,1753654619999,11578882.61759,5717,945.258,3638010.96580,0
1753654620000,3845.03,3846.78,3841.02,3846.17,3359.817,1753654679999,12914434.04011,5699,1326.429,5098501.69658,0
1753654680000,3846.18,3849.65,3843.18,3843.81,2084.612,1753654739999,8019270.31800,3975,1148.863,4419003.23788,0
1753654740000,3843.80,3849.97,3842.80,3847.57,2206.443,1753654799999,8489499.79697,3471,1432.620,5511964.63999,0
1753654800000,3847.58,3852.94,3847.11,3851.82,1279.718,1753654859999,4927675.26489,3346,568.673,2189637.96791,0
1753654860000,3851.83,3852.69,3848.75,3848.75,1569.972,1753654919999,6045773.55590,3381,757.298,2916281.32990,0
1753654920000,3848.75,3851.69,3848.75,3850.82,937.761,1753654979999,3610945.67291,2284,413.906,1593690.41760,0
1753654980000,3850.81,3851.66,3849.39,3851.33,968.086,1753655039999,3727548.82831,1885,295.535,1138000.41235,0
1753655040000,3851.33,3855.32,3851.21,3854.69,1694.745,1753655099999,6531527.88756,2934,1109.594,4276241.43132,0
1753655100000,3854.70,3855.38,3851.73,3855.37,1879.710,1753655159999,7243537.46040,3369,1062.670,4094803.74403,0
1753655160000,3855.38,3855.38,3853.27,3854.91,1687.028,1753655219999,6502597.84663,2281,413.969,1595504.39777,0
1753655220000,3854.92,3859.50,3854.22,3858.44,4097.628,1753655279999,15805197.00239,6463,2481.537,9571846.00258,0
1753655280000,3858.44,3858.89,3855.23,3856.14,1692.950,1753655339999,6529315.67754,3590,622.383,2400227.10969,0
1753655340000,3856.14,3856.15,3853.07,3854.34,1861.582,1753655399999,7175189.30541,2757,368.320,1419528.88138,0
1753655400000,3854.34,3855.70,3849.23,3850.18,1963.416,1753655459999,7563627.38191,4526,553.073,2130628.62138,0
1753655460000,3850.17,3851.99,3848.40,3851.06,1120.008,1753655519999,4312173.40542,2559,408.637,1573351.97339,0
1753655520000,3851.06,3854.20,3849.64,3853.78,1018.923,1753655579999,3924313.53944,2666,508.276,1957593.40233,0
1753655580000,3853.77,3854.38,3851.51,3853.38,1150.857,1753655639999,4434189.30347,2125,353.916,1363619.11942,0
1753655640000,3853.39,3853.39,3848.05,3851.67,3668.556,1753655699999,14123278.29551,3936,1287.210,4954916.91902,0
1753655700000,3851.67,3853.90,3851.11,3853.39,1280.314,1753655759999,4932779.38030,2064,447.751,1725020.12897,0
1753655760000,3853.40,3858.00,3852.88,3857.98,2714.925,1753655819999,10468425.22348,4052,1954.804,7537367.09368,0
1753655820000,3857.98,3862.72,3856.29,3862.07,5000.699,1753655879999,19300425.28108,6390,2774.984,10710717.41403,0
1753655880000,3862.08,3863.49,3860.01,3863.48,3544.140,1753655939999,13688197.76691,5505,1817.645,7020574.10249,0
1753655940000,3863.47,3864.91,3862.74,3864.54,3887.889,1753655999999,15022111.53645,3775,2227.947,8608240.90326,0
1753656000000,3864.53,3864.73,3863.22,3863.92,2066.502,1753656059999,7985087.07050,2503,634.223,2450646.37616,0
1753656060000,3863.92,3863.93,3859.69,3862.8,5452.757,1753656119999,21056811.81964,5964,1395.022,5387412.05898,0
1753656120000,3862.79,3867.00,3862.50,3866.66,6121.105,1753656179999,23660145.11782,5564,4431.079,17126838.19779,0
1753656180000,3866.65,3873.87,3866.65,3872.77,18251.851,1753656239999,70651543.02351,12787,12488.694,48341615.24815,0
1753656240000,3872.77,3874.49,3870.13,3873.23,9768.162,1753656299999,37827982.07202,11916,5281.042,20452677.50651,0
1753656300000,3873.23,3874.00,3860.98,3860.98,9739.901,1753656359999,37680735.04901,14549,3613.311,13981590.72681,0
1753656360000,3860.97,3873.65,3860.88,3872.36,5852.808,1753656419999,22644393.54226,7465,4010.354,15516705.54089,0
1753656420000,3872.36,3875.00,3867.85,3867.85,6828.591,1753656479999,26442547.07570,7402,2734.155,10590166.87474,0
1753656480000,3867.85,3874.70,3867.50,3874.7,3933.120,1753656539999,15227281.44687,4802,2146.705,8311222.12344,0
1753656540000,3874.69,3878.53,3869.91,3869.92,11986.579,1753656599999,46459221.48799,10000,7846.407,30414277.01010,0
1753656600000,3869.92,3870.72,3867.31,3869.23,2448.345,1753656659999,9473170.30669,3995,925.629,3581437.87963,0
1753656660000,3869.23,3870.89,3863.73,3865.73,3031.441,1753656719999,11721259.80473,4526,809.803,3131543.60364,0
1753656720000,3865.74,3871.00,3863.15,3870.6,3255.925,1753656779999,12589984.29284,4272,1575.454,6093446.42069,0
1753656780000,3870.60,3870.60,3862.67,3862.69,4854.766,1753656839999,18769119.74226,6531,877.132,3390980.77224,0
1753656840000,3862.69,3865.17,3860.00,3863.17,5280.118,1753656899999,20394635.75531,6786,2695.693,10413012.14394,0
1753656900000,3863.17,3868.55,3863.17,3864.09,2295.715,1753656959999,8875802.46269,3363,1200.248,4640425.39210,0
1753656960000,3864.10,3864.61,3858.93,3862.2,5596.308,1753657019999,21610540.48332,5755,1936.181,7476754.85699,0
1753657020000,3862.20,3864.02,3860.84,3860.85,2687.372,1753657079999,10378532.93033,2745,1077.990,4163061.44123,0
1753657080000,3860.85,3863.05,3858.86,3862.99,3532.823,1753657139999,13640079.43902,3517,1240.083,4787875.93400,0
1753657140000,3862.99,3865.19,3861.02,3863.1,2301.969,1753657199999,8893337.97154,3052,1317.122,5088613.65912,0
1753657200000,3863.11,3863.76,3858.00,3858.41,4796.261,1753657259999,18512732.89763,4741,884.151,3412380.09999,0
1753657260000,3858.41,3859.73,3851.58,3855.65,7323.393,1753657319999,28234617.17394,7587,2114.025,8151065.84134,0
1753657320000,3855.65,3856.77,3848.64,3849.19,5733.258,1753657379999,22093673.49877,6109,2305.836,8887934.27827,0
1753657380000,3849.19,3856.93,3845.35,3853.82,10770.333,1753657439999,41476732.41674,8678,5486.230,21134542.15440,0
1753657440000,3853.81,3854.99,3851.46,3852.78,2996.152,1753657499999,11546016.99443,3867,1799.500,6934495.65289,0
1753657500000,3852.77,3853.72,3848.00,3853.72,2880.173,1753657559999,11091382.83838,4383,1415.067,5449137.77591,0
1753657560000,3853.72,3854.86,3850.62,3850.94,2376.927,1753657619999,9159741.97510,4193,1184.316,4564110.63899,0
1753657620000,3850.93,3855.20,3850.93,3855.09,1215.753,1753657679999,4685091.66113,2347,770.359,2968783.17875,0
1753657680000,3855.09,3855.09,3850.63,3851.25,2140.029,1753657739999,8243204.87346,3855,994.073,3828867.60136,0
1753657740000,3851.25,3851.30,3846.89,3849.0,3954.928,1753657799999,15223295.47876,5406,2677.528,10306409.00634,0
1753657800000,3849.01,3850.00,3842.14,3842.3,5357.813,1753657859999,20598767.28510,6006,1913.520,7358252.19265,0
1753657860000,3842.30,3843.95,3840.18,3841.48,4763.008,1753657919999,18297350.18396,9390,1750.225,6723288.84049,0
1753657920000,3841.49,3844.52,3839.59,3839.81,3732.141,1753657979999,14337557.12474,9573,1685.969,6477832.71175,0
1753657980000,3839.80,3843.17,3837.66,3841.47,4153.679,1753658039999,15951530.78587,5998,1664.936,6394212.57949,0
1753658040000,3841.46,3843.17,3840.35,3841.79,3512.254,1753658099999,13492550.64185,4092,2005.269,7703151.14061,0
1753658100000,3841.79,3846.62,3841.77,3845.41,3534.108,1753658159999,13585940.90860,4517,2428.930,9337623.15236,0
1753658160000,3845.42,3845.42,3839.51,3839.52,3394.806,1753658219999,13044194.25449,3682,1876.045,7208682.81651,0
1753658220000,3839.51,3844.48,3839.51,3843.87,3061.416,1753658279999,11761950.66511,3454,2503.087,9616983.25175,0
1753658280000,3843.86,3849.45,3843.86,3846.41,3123.100,1753658339999,12016989.49936,4207,2363.207,9093024.68013,0
1753658340000,3846.41,3847.20,3842.22,3844.89,1541.992,1753658399999,5928477.88317,3683,822.057,3160289.10386,0
1753658400000,3844.89,3849.50,3844.58,3848.79,1332.267,1753658459999,5125182.76600,2542,993.929,3823548.32223,0
1753658460000,3848.79,3852.69,3847.36,3848.06,3381.841,1753658519999,13021160.82480,4067,2462.679,9482450.25245,0
1753658520000,3848.06,3854.77,3848.01,3851.34,5771.795,1753658579999,22231664.70687,5163,3937.323,15166102.85647,0
1753658580000,3851.35,3856.92,3849.56,3854.96,3441.161,1753658639999,13261481.95601,4609,2277.863,8779268.00880,0
1753658640000,3854.95,3861.64,3854.42,3858.64,5146.777,1753658699999,19858319.98729,5638,3592.604,13860596.23998,0
1753658700000,3858.65,3860.00,3858.19,3858.45,1365.622,1753658759999,5269758.36193,2017,720.159,2778948.65337,0
1753658760000,3858.45,3860.00,3857.46,3858.61,1833.859,1753658819999,7076744.03611,3063,1019.465,3934040.82641,0
1753658820000,3858.61,3860.00,3856.93,3860.0,2501.150,1753658879999,9648560.00312,2371,1585.835,6117646.98357,0
1753658880000,3859.99,3861.53,3858.61,3859.19,1755.509,1753658939999,6776555.85553,3488,782.238,3019477.64031,0
1753658940000,3859.19,3859.50,3855.64,3858.15,888.999,1753658999999,3429118.73260,2654,377.095,1454528.29739,0
1753659000000,3858.15,3859.81,3857.82,3857.83,1041.590,1753659059999,4019368.58110,2473,416.076,1605526.19468,0
1753659060000,3857.83,3857.83,3851.05,3851.28,2885.996,1753659119999,11121103.56340,4324,314.282,1211206.20455,0
1753659120000,3851.28,3851.29,3848.87,3849.86,2642.537,1753659179999,10173570.66178,4126,1392.275,5360053.13593,0
1753659180000,3849.85,3855.80,3849.85,3854.32,1660.655,1753659239999,6399907.66352,2983,1192.532,4595740.06835,0
1753659240000,3854.31,3855.00,3850.66,3850.67,813.328,1753659299999,3133315.21131,2059,352.647,1358517.23411,0
1753659300000,3850.67,3854.18,3850.67,3850.91,1125.498,1753659359999,4335796.26303,2026,523.536,2016589.31353,0
1753659360000,3850.91,3855.00,3850.17,3855.0,1199.048,1753659419999,4618674.54466,2361,662.855,2553427.47114,0
1753659420000,3855.00,3859.78,3854.99,3857.82,2688.424,1753659479999,10370881.95336,3369,1889.372,7288758.38074,0
1753659480000,3857.82,3861.00,3856.62,3860.99,1403.584,1753659539999,5417114.66804,2042,1164.987,4496240.47385,0
1753659540000,3861.00,3863.00,3860.00,3860.0,3070.132,1753659599999,11855872.25635,3743,1709.902,6602971.39679,0
1753659600000,3860.01,3860.99,3857.99,3859.67,1506.961,1753659659999,5815350.77631,2838,535.001,2064558.23871,0
1753659660000,3859.68,3861.79,3858.28,3861.03,1350.853,1753659719999,5214046.00192,2433,733.605,2831386.41844,0
1753659720000,3861.03,3864.11,3860.00,3863.19,2379.243,1753659779999,9189186.30615,3368,1568.754,6059140.60260,0
1753659780000,3863.19,3864.80,3861.43,3863.53,2188.051,1753659839999,8453210.20194,3471,961.751,3715574.45668,0
1753659840000,3863.51,3864.99,3860.01,3860.92,1336.254,1753659899999,5160536.90985,2743,756.915,2923091.90492,0
1753659900000,3860.92,3861.02,3859.00,3860.42,1085.557,1753659959999,4190325.70331,2281,277.570,1071362.18064,0
1753659960000,3860.43,3862.21,3859.46,3862.21,730.623,1753660019999,2820448.00279,1331,323.426,1248556.66448,0
1753660020000,3862.20,3862.21,3860.00,3862.0,913.742,1753660079999,3528172.96822,2105,439.289,1696164.33003,0
1753660080000,3861.99,3862.92,3860.85,3860.86,1329.760,1753660139999,5135696.96438,1661,424.307,1638701.93555,0
1753660140000,3860.86,3862.00,3859.50,3862.0,1274.889,1753660199999,4921635.90972,2104,374.429,1445508.60312,0
1753660200000,3862.00,3866.90,3861.99,3864.31,3639.954,1753660259999,14069623.73924,4239,2222.301,8589596.66059,0
1753660260000,3864.31,3869.71,3863.35,3869.7,5220.506,1753660319999,20188903.27494,5806,3728.920,14420585.31171,0
1753660320000,3869.70,3869.71,3865.48,3865.76,1932.704,1753660379999,7475450.04782,2630,594.664,2299784.69959,0
1753660380000,3865.75,3868.46,3864.60,3868.06,1962.937,1753660439999,7590387.74556,2908,1073.970,4152774.63542,0
1753660440000,3868.06,3871.51,3867.84,3869.98,3561.450,1753660499999,13782811.78904,4500,2127.201,8232708.70780,0
1753660500000,3869.99,3872.12,3869.98,3872.0,2586.204,1753660559999,10012292.21935,6208,1269.875,4916138.03584,0
1753660560000,3871.99,3875.00,3870.14,3872.89,7149.480,1753660619999,27690391.21386,10197,3691.987,14298571.22617,0
1753660620000,3872.88,3874.91,3872.80,3874.9,1900.965,1753660679999,7363721.47830,2303,606.206,2348232.45164,0
1753660680000,3874.90,3874.91,3871.82,3871.82,2446.513,1753660739999,9476342.35202,2094,253.135,980462.76155,0
1753660740000,3871.82,3872.71,3870.21,3871.47,1553.402,1753660799999,6014150.62345,2094,573.458,2220127.25760,0
1753660800000,3871.48,3872.23,3864.36,3866.58,4444.599,1753660859999,17191068.51561,5616,1284.099,4966519.14792,0
1753660860000,3866.59,3868.78,3864.74,3867.84,5219.328,1753660919999,20182626.95733,6125,2068.181,7997471.52919,0
1753660920000,3867.83,3870.27,3865.51,3865.86,2807.636,1753660979999,10859454.47197,4180,939.704,3634251.81565,0
1753660980000,3865.87,3866.73,3863.89,3865.92,2146.986,1753661039999,8298575.39367,3461,1118.674,4323799.43203,0
1753661040000,3865.92,3865.93,3862.87,3864.62,3604.770,1753661099999,13928999.18493,3474,1157.631,4472944.49433,0
1753661100000,3864.62,3865.50,3863.07,3865.26,1217.197,1753661159999,4703763.20468,2576,503.940,1947443.80650,0
1753661160000,3865.27,3866.50,3863.01,3866.17,1691.756,1753661219999,6538211.24612,2573,868.650,3356878.19706,0
1753661220000,3866.16,3866.17,3863.37,3864.65,1289.359,1753661279999,4982866.51604,2380,663.213,2562897.95152,0
1753661280000,3864.65,3867.90,3863.01,3866.26,1285.317,1753661339999,4968871.40356,3030,642.637,2484177.05213,0
1753661340000,3866.26,3867.02,3863.35,3865.0,2084.045,1753661399999,8055678.51626,3477,1454.560,5622578.85190,0
1753661400000,3865.01,3865.01,3859.00,3860.51,4802.579,1753661459999,18543340.32679,5200,1646.807,6358747.68712,0
1753661460000,3860.51,3863.06,3858.00,3863.05,3003.822,1753661519999,11594079.34797,4281,812.557,3136760.51415,0
1753661520000,3863.05,3867.29,3863.05,3866.48,2985.313,1753661579999,11540382.35607,4369,2207.792,8534395.60391,0
1753661580000,3866.47,3877.43,3865.71,3877.43,5494.518,1753661639999,21283050.59723,6863,4379.569,16965659.53746,0
1753661640000,3877.43,3881.88,3875.01,3880.59,12884.737,1753661699999,49975560.46529,13963,9250.380,35881842.39896,0
1753661700000,3880.60,3883.97,3874.03,3882.93,6625.632,1753661759999,25706601.29566,9016,3616.128,14032591.95852,0
1753661760000,3882.93,3882.93,3874.64,3878.38,21655.343,1753661819999,84009854.02902,11885,10932.682,42406337.38085,0
1753661820000,3878.37,3881.24,3877.23,3878.7,6508.469,1753661879999,25247180.12163,5582,2699.595,10471602.12283,0
1753661880000,3878.71,3879.22,3875.20,3876.73,2798.614,1753661939999,10852245.17003,3850,1129.714,4381053.29921,0
1753661940000,3876.74,3886.60,3876.74,3885.08,11102.499,1753661999999,43123317.62692,9149,8230.173,31968396.89040,0
1753662000000,3885.06,3885.06,3878.00,3879.99,14563.074,1753662059999,56512037.26032,8939,6859.679,26615794.38398,0
1753662060000,3879.99,3881.84,3874.79,3875.73,4364.843,1753662119999,16929223.92537,5898,1645.297,6381174.33129,0
1753662120000,3875.73,3877.68,3870.00,3877.39,7521.185,1753662179999,29131169.14909,8529,2492.393,9654668.78258,0
1753662180000,3877.38,3879.79,3873.09,3876.74,2439.697,1753662239999,9457969.57113,4459,951.333,3687971.89000,0
1753662240000,3876.74,3881.35,3876.74,3881.35,3033.819,1753662299999,11769358.91379,4158,1433.157,5559330.66301,0
1753662300000,3881.34,3883.85,3879.42,3882.99,2854.083,1753662359999,11079926.30981,4291,1229.303,4772636.14170,0
1753662360000,3882.99,3886.25,3877.35,3879.14,4825.642,1753662419999,18733558.66779,6694,1537.747,5970619.21795,0
1753662420000,3879.13,3883.20,3877.00,3883.0,2795.267,1753662479999,10844298.83633,4546,1242.098,4819527.09688,0
1753662480000,3883.00,3885.99,3880.54,3885.84,2354.297,1753662539999,9141063.89983,3593,1303.030,5059170.59305,0
1753662540000,3885.85,3885.92,3883.94,3884.15,1943.043,1753662599999,7548769.97867,3403,861.228,3345885.10993,0
1753662600000,3884.14,3884.99,3879.84,3882.58,4482.344,1753662659999,17404527.67912,5052,1112.622,4320322.95760,0
1753662660000,3882.57,3884.00,3876.01,3881.2,3673.053,1753662719999,14251150.56577,5982,1011.732,3925096.76116,0
1753662720000,3881.21,3881.63,3875.43,3875.43,2180.034,1753662779999,8454730.91796,4038,711.292,2758587.71374,0
1753662780000,3875.43,3881.26,3872.60,3881.26,4711.810,1753662839999,18270308.52326,6684,3098.019,12015755.01459,0
1753662840000,3881.25,3884.00,3879.37,3880.95,2885.368,1753662899999,11202092.40324,4719,1502.307,5832913.88708,0
1753662900000,3880.95,3881.29,3878.09,3879.95,2401.825,1753662959999,9317935.24096,4235,681.992,2645745.69031,0
1753662960000,3879.94,3880.35,3876.32,3878.19,1509.674,1753663019999,5854842.27797,3277,690.298,2677126.75133,0
1753663020000,3878.19,3879.07,3872.96,3874.25,2704.851,1753663079999,10481555.77544,4345,905.852,3510341.80796,0
1753663080000,3874.26,3874.94,3870.85,3870.86,3071.752,1753663139999,11894527.41018,4417,1082.264,4190792.94198,0
1753663140000,3870.85,3874.55,3865.82,3873.55,5783.278,1753663199999,22379271.27307,6502,1539.777,5960258.51599,0
1753663200000,3873.54,3873.54,3869.17,3871.14,3364.472,1753663259999,13023688.38202,4447,1196.644,4631724.64930,0
1753663260000,3871.14,3872.00,3869.01,3869.01,1350.341,1753663319999,5227251.04501,2782,668.580,2588161.72548,0
1753663320000,3869.01,3871.83,3867.90,3870.73,2199.761,1753663379999,8512323.49735,4460,1324.726,5126412.58780,0
1753663380000,3870.73,3871.43,3864.69,3864.69,2303.254,1753663439999,8906284.98336,3802,426.780,1650713.68085,0
1753663440000,3864.69,3866.43,3864.00,3864.14,3255.072,1753663499999,12578616.14122,3623,1271.045,4911738.62692,0
1753663500000,3864.15,3868.93,3859.06,3861.32,8035.998,1753663559999,31045765.53223,9029,2891.136,11174419.69612,0
1753663560000,3861.33,3863.86,3855.01,3863.49,10023.526,1753663619999,38680628.97380,10671,5349.282,20648879.26278,0
1753663620000,3863.54,3864.82,3859.25,3859.26,3058.380,1753663679999,11811912.47521,4700,1419.085,5480373.67209,0
1753663680000,3859.26,3861.31,3857.36,3857.37,3592.231,1753663739999,13862428.18172,5154,1509.043,5823134.16994,0
1753663740000,3857.37,3859.40,3856.39,3856.76,2797.696,1753663799999,10792367.65688,4136,1608.824,6206221.85731,0
1753663800000,3856.76,3858.32,3855.46,3856.16,2886.094,1753663859999,11131099.58243,3850,1373.180,5296206.17844,0
1753663860000,3856.16,3856.64,3853.84,3855.9,3957.279,1753663919999,15255696.74578,5775,2077.672,8009546.71933,0
1753663920000,3855.89,3861.97,3855.89,3860.23,3846.214,1753663979999,14845108.46058,5381,2604.545,10051842.88958,0
1753663980000,3860.22,3867.38,3860.22,3867.14,3981.806,1753664039999,15385627.65369,4608,3346.492,12930723.93695,0
1753664040000,3867.13,3871.00,3864.84,3867.99,4546.460,1753664099999,17586271.64989,5017,3244.880,12551474.27701,0
1753664100000,3868.00,3872.57,3866.12,3872.57,4717.991,1753664159999,18258902.57672,5289,3366.892,13030604.58589,0
1753664160000,3872.56,3872.56,3866.39,3867.64,3091.825,1753664219999,11963956.85010,4399,1076.437,4164890.19996,0
1753664220000,3867.64,3867.98,3865.17,3866.16,2351.122,1753664279999,9090149.25725,2740,498.751,1928500.45936,0
1753664280000,3866.17,3866.17,3863.99,3865.56,2655.467,1753664339999,10263466.02531,3609,770.219,2976844.98247,0
1753664340000,3865.55,3865.61,3860.24,3860.25,1124.474,1753664399999,4343316.77687,2011,355.980,1374966.34380,0
1753664400000,3860.24,3861.85,3856.25,3856.71,2716.303,1753664459999,10481730.74198,8275,950.378,3667286.10234,0
1753664460000,3856.72,3857.92,3855.01,3855.59,2317.324,1753664519999,8935958.49507,3907,1310.851,5054832.38491,0
1753664520000,3855.59,3856.19,3849.58,3851.92,7109.719,1753664579999,27391154.32210,7716,1835.536,7072762.15694,0
1753664580000,3851.93,3854.00,3850.42,3853.99,5019.201,1753664639999,19337404.55235,4713,2723.592,10494324.48752,0
1753664640000,3854.00,3854.47,3848.83,3850.0,3606.820,1753664699999,13888862.84322,4229,1731.370,6667366.31402,0
1753664700000,3850.00,3851.66,3848.08,3849.95,4034.339,1753664759999,15532608.21932,3842,2053.964,7908180.41566,0
1753664760000,3849.96,3849.96,3847.84,3848.0,2491.315,1753664819999,9588336.53458,2961,1444.444,5559124.74252,0
1753664820000,3847.99,3850.37,3847.08,3850.37,3427.860,1753664879999,13192442.30232,3708,2003.498,7710629.71652,0
1753664880000,3850.37,3851.87,3848.18,3851.86,2318.586,1753664939999,8926768.32426,3178,1557.782,5997694.78939,0
1753664940000,3851.87,3863.65,3850.30,3861.12,9936.565,1753664999999,38329794.76873,8694,7289.682,28118005.26113,0
1753665000000,3861.11,3863.92,3854.77,3856.69,4745.895,1753665059999,18319584.08283,4620,1672.257,6453613.47856,0
1753665060000,3856.70,3856.70,3850.63,3850.75,2976.842,1753665119999,11469160.86653,4320,884.534,3407683.22918,0
1753665120000,3850.74,3852.67,3849.11,3850.5,2194.996,1753665179999,8452887.38669,3183,568.887,2190960.91902,0
1753665180000,3850.50,3852.34,3850.00,3850.0,1178.029,1753665239999,4536499.83949,2082,611.534,2354951.84758,0
1753665240000,3850.00,3851.27,3850.00,3851.27,1049.887,1753665299999,4042554.96772,1677,709.595,2732246.94960,0
1753665300000,3851.26,3852.18,3848.94,3851.87,2739.895,1753665359999,10549491.06868,3596,1141.973,4397043.27112,0
1753665360000,3851.88,3856.26,3851.62,3856.26,2544.213,1753665419999,9804720.49864,3425,1887.859,7275261.22531,0
1753665420000,3856.26,3856.98,3853.35,3854.39,2026.437,1753665479999,7813020.15765,3312,777.265,2996260.14962,0
1753665480000,3854.39,3856.99,3851.90,3856.04,3225.072,1753665539999,12431414.76591,4479,2434.867,9385328.06859,0
1753665540000,3856.04,3857.17,3855.13,3856.32,770.983,1753665599999,2972764.65741,1676,488.891,1885034.65025,0
1753665600000,3856.31,3862.48,3856.31,3857.29,4205.414,1753665659999,16232212.75276,4704,3161.234,12201650.82551,0
1753665660000,3857.29,3860.28,3852.81,3859.71,5087.920,1753665719999,19617065.17460,4972,2009.363,7748150.94055,0
1753665720000,3859.72,3863.92,3859.40,3861.2,2254.842,1753665779999,8707201.72595,4257,1399.748,5404903.35876,0
1753665780000,3861.20,3863.55,3858.94,3860.39,6433.189,1753665839999,24839820.27573,6201,2767.851,10687958.31307,0
1753665840000,3860.39,3860.40,3856.63,3856.64,2729.543,1753665899999,10532314.39685,2566,508.685,1962876.81636,0
1753665900000,3856.63,3856.64,3853.00,3854.59,5664.426,1753665959999,21837595.39745,3583,768.349,2961682.58304,0
1753665960000,3854.59,3855.79,3852.00,3852.35,2224.637,1753666019999,8571720.54317,3058,974.430,3754821.70393,0
1753666020000,3852.35,3856.45,3852.35,3856.45,792.718,1753666079999,3055395.99756,1908,571.898,2204294.89681,0
1753666080000,3856.45,3857.53,3855.69,3856.49,1337.901,1753666139999,5159452.36908,2569,713.065,2749814.56415,0
1753666140000,3856.50,3860.17,3856.42,3858.7,1681.139,1753666199999,6486460.77953,2553,1057.586,4080437.62296,0
1753666200000,3858.69,3858.69,3854.30,3856.01,1668.954,1753666259999,6434995.69334,3586,900.785,3472649.24780,0
1753666260000,3856.00,3856.00,3852.26,3852.99,2226.259,1753666319999,8579705.57948,3466,827.385,3188567.33119,0
1753666320000,3852.99,3853.58,3851.30,3852.0,1884.669,1753666379999,7260352.87193,2395,575.477,2217077.67255,0
1753666380000,3852.01,3852.01,3850.00,3850.99,2054.927,1753666439999,7912753.13989,2352,651.224,2507565.74614,0
1753666440000,3851.00,3851.00,3849.05,3849.98,2278.786,1753666499999,8773054.79793,2830,997.243,3839215.84343,0
1753666500000,3849.98,3850.91,3849.00,3849.0,1872.836,1753666559999,7209988.22446,2382,922.331,3550776.44827,0
1753666560000,3849.00,3851.30,3849.00,3849.34,1389.749,1753666619999,5350194.01955,2497,744.556,2866515.88701,0
1753666620000,3849.33,3850.20,3849.00,3850.2,1014.437,1753666679999,3904885.02528,1412,445.333,1714183.60622,0
1753666680000,3850.19,3850.84,3848.26,3848.27,1222.945,1753666739999,4707402.31849,2247,508.723,1958249.29688,0
1753666740000,3848.27,3849.41,3846.79,3847.48,6095.350,1753666799999,23452399.31678,4016,1198.808,4612764.68354,0
1753666800000,3847.48,3848.37,3846.18,3846.19,1950.475,1753666859999,7502872.79336,1811,511.987,1969484.06774,0
1753666860000,3846.18,3846.92,3845.77,3845.77,1465.739,1753666919999,5637419.75804,2104,482.200,1854642.07524,0
1753666920000,3845.77,3847.56,3845.57,3845.6,1877.758,1753666979999,7221949.73178,2236,1098.847,4226246.31327,0
1753666980000,3845.60,3846.51,3845.36,3845.37,1742.805,1753667039999,6702146.36632,1779,884.538,3401604.60809,0
1753667040000,3845.37,3848.86,3845.36,3848.23,3145.895,1753667099999,12104213.58913,3132,2274.629,8751566.22421,0
1753667100000,3848.23,3848.24,3846.37,3847.69,1055.123,1753667159999,4059383.20834,1894,526.680,2026259.50203,0
1753667160000,3847.68,3847.69,3843.73,3844.11,6065.286,1753667219999,23319574.20302,3525,892.494,3431467.08214,0
1753667220000,3844.11,3845.90,3843.53,3843.56,2282.712,1753667279999,8775683.18107,2978,686.620,2639709.01798,0
1753667280000,3843.56,3848.93,3843.56,3848.24,3622.808,1753667339999,13934502.80430,3789,2901.301,11160034.79107,0
1753667340000,3848.23,3850.96,3848.08,3848.08,1954.084,1753667399999,7522678.83502,2569,1181.242,4547431.49271,0
1753667400000,3848.08,3848.25,3846.06,3846.43,648.255,1753667459999,2493964.12088,1833,284.296,1093696.12454,0
1753667460000,3846.44,3846.44,3843.53,3843.54,984.605,1753667519999,3785580.87737,2231,368.923,1418347.10822,0
1753667520000,3843.53,3845.60,3843.53,3845.59,833.418,1753667579999,3204236.67301,1873,459.010,1764710.93665,0
1753667580000,3845.59,3846.29,3844.34,3845.31,1123.016,1753667639999,4318417.63521,1577,799.183,3073148.81000,0
1753667640000,3845.31,3846.43,3844.65,3844.93,814.071,1753667699999,3130309.73815,1546,367.637,1413643.03902,0
1753667700000,3844.93,3845.60,3843.53,3843.66,1428.999,1753667759999,5493565.15562,2385,577.560,2220355.17525,0
1753667760000,3843.65,3845.24,3843.12,3845.12,1687.611,1753667819999,6486531.68839,2115,482.279,1853831.83341,0
1753667820000,3845.11,3845.94,3844.14,3845.61,1028.042,1753667879999,3953241.18588,1989,421.602,1621201.03835,0
1753667880000,3845.61,3849.18,3845.61,3848.94,1140.102,1753667939999,4386410.73447,1923,964.096,3709292.65377,0
1753667940000,3848.93,3850.74,3848.00,3848.65,2253.684,1753667999999,8674751.93278,2455,1532.254,5897688.26241,0
1753668000000,3848.65,3848.66,3845.00,3846.46,1378.121,1753668059999,5301496.54908,2496,534.788,2057249.75294,0
1753668060000,3846.46,3849.02,3843.11,3849.02,4869.331,1753668119999,18727501.57180,4141,3384.355,13016940.65762,0
1753668120000,3849.02,3849.34,3842.11,3845.75,10625.024,1753668179999,40850531.97098,5691,929.461,3573287.20841,0
1753668180000,3845.75,3845.75,3844.00,3845.07,1147.582,1753668239999,4411933.91758,1731,809.229,3111060.04211,0
1753668240000,3845.07,3845.32,3844.02,3844.86,803.954,1753668299999,3090930.61193,1152,566.872,2179357.51986,0
1753668300000,3844.85,3844.85,3841.89,3841.9,2454.200,1753668359999,9430630.93173,2221,584.168,2244823.93849,0
1753668360000,3841.90,3844.46,3841.69,3842.25,1635.727,1753668419999,6285609.75840,5381,801.887,3081462.35390,0
1753668420000,3842.22,3844.43,3842.00,3844.43,1496.678,1753668479999,5751807.81764,4384,656.702,2523726.10798,0
1753668480000,3844.42,3845.25,3842.25,3842.99,1271.650,1753668539999,4887424.39997,2327,613.470,2357768.64955,0
1753668540000,3843.00,3844.95,3841.97,3844.94,2119.073,1753668599999,8143409.84612,2739,913.404,3510245.62134,0
1753668600000,3844.95,3850.00,3844.95,3849.02,1544.273,1753668659999,5943057.64805,2918,1091.198,4199185.42449,0
1753668660000,3849.02,3855.86,3849.02,3852.89,12243.303,1753668719999,47171932.79356,7429,9633.420,37114615.46942,0
1753668720000,3852.88,3854.96,3851.66,3854.96,2255.835,1753668779999,8691777.01677,2776,1694.094,6527467.75406,0
1753668780000,3854.96,3858.60,3854.09,3858.46,4705.239,1753668839999,18144771.73968,4134,3369.709,12994244.95282,0
1753668840000,3858.45,3858.45,3855.14,3855.51,1494.377,1753668899999,5762318.31893,1997,760.192,2931161.41434,0
1753668900000,3855.50,3859.00,3855.21,3858.99,3029.264,1753668959999,11686442.80294,3207,2457.106,9478816.46437,0
1753668960000,3859.00,3860.00,3858.95,3859.96,2047.850,1753669019999,7903388.93283,2494,1543.161,5955618.94196,0
1753669020000,3859.99,3866.23,3859.27,3865.57,6040.617,1753669079999,23336770.82560,5545,4368.379,16877314.41077,0
1753669080000,3865.57,3866.75,3862.31,3864.47,3298.021,1753669139999,12745209.13487,4005,1213.775,4690961.53322,0
1753669140000,3864.47,3864.58,3862.45,3864.12,1830.160,1753669199999,7071419.72135,2190,908.284,3509401.75262,0
1753669200000,3864.13,3864.77,3860.62,3863.39,6022.923,1753669259999,23265713.85924,3711,5218.533,20158844.51320,0
1753669260000,3863.38,3864.28,3860.00,3860.0,1459.064,1753669319999,5636002.06261,2573,653.300,2523860.25434,0
1753669320000,3860.00,3862.34,3859.55,3860.97,2201.794,1753669379999,8501465.46308,3078,1365.282,5271689.06116,0
1753669380000,3860.96,3861.96,3860.96,3861.63,691.824,1753669439999,2671538.45010,1130,394.565,1523636.42166,0
1753669440000,3861.62,3861.89,3860.79,3861.89,737.577,1753669499999,2848057.38200,1159,410.566,1585307.13942,0
1753669500000,3861.88,3866.72,3861.68,3866.72,2223.158,1753669559999,8589277.57560,3128,1548.751,5983576.76203,0
1753669560000,3866.72,3868.04,3863.82,3868.04,2358.603,1753669619999,9119047.31247,2898,1588.811,6142869.71191,0
1753669620000,3868.03,3872.25,3867.07,3870.91,5902.760,1753669679999,22843330.26679,5214,4362.245,16881926.67731,0
1753669680000,3870.91,3874.88,3870.11,3870.89,7214.873,1753669739999,27937922.85548,9129,4684.880,18141609.39539,0
1753669740000,3870.89,3874.39,3870.49,3873.9,2633.303,1753669799999,10197483.59949,6033,1316.344,5097988.64282,0
1753669800000,3873.89,3877.99,3871.13,3876.68,5003.196,1753669859999,19386732.92592,7138,2912.209,11284867.70315,0
1753669860000,3876.68,3896.95,3876.68,3895.75,51561.119,1753669919999,200548603.23715,34313,36146.539,140583582.77033,0
1753669920000,3895.74,3897.08,3891.42,3896.71,16260.089,1753669979999,63334004.13783,14709,6979.164,27184975.96460,0
1753669980000,3896.71,3907.88,3891.98,3894.47,49690.848,1753670039999,193834607.59269,36180,32819.599,128048205.12055,0
1753670040000,3894.48,3903.18,3894.48,3900.3,14435.155,1753670099999,56299848.92519,13857,6761.184,26367426.34132,0
1753670100000,3900.29,3905.20,3896.72,3898.18,13374.297,1753670159999,52176504.67183,16552,6124.556,23897270.90222,0
1753670160000,3898.18,3902.99,3897.34,3902.99,6971.084,1753670219999,27186796.41020,10571,3310.878,12912651.90866,0
1753670220000,3903.00,3907.12,3896.06,3900.61,16890.783,1753670279999,65923185.47045,14544,7675.016,29959901.46077,0
1753670280000,3900.61,3900.61,3882.45,3887.65,29855.208,1753670339999,116091142.43586,18519,12452.450,48418969.84925,0
1753670340000,3887.63,3888.37,3884.00,3884.99,9557.274,1753670399999,37140400.05529,7951,3400.601,13213904.46434,0
1753670400000,3885.00,3890.32,3883.67,3890.32,10721.451,1753670459999,41658049.19698,8333,5102.808,19828953.31600,0
1753670460000,3890.33,3891.25,3884.99,3886.73,12086.096,1753670519999,46993225.85887,7029,1827.404,7105122.09480,0
1753670520000,3886.72,3892.00,3886.60,3892.0,2788.494,1753670579999,10842484.53132,4012,1823.730,7091460.47375,0
1753670580000,3892.00,3894.00,3887.63,3888.38,10071.869,1753670639999,39194334.55464,8018,4012.912,15618233.79278,0
1753670640000,3888.38,3889.94,3887.24,3889.18,2943.759,1753670699999,11446852.02964,3308,1405.859,5466525.47069,0
1753670700000,3889.17,3892.34,3888.53,3890.2,2704.600,1753670759999,10521004.31857,4182,1307.872,5087683.81954,0
1753670760000,3890.20,3897.89,3890.20,3892.84,5911.136,1753670819999,23020391.60720,7248,2771.485,10793900.24103,0
1753670820000,3892.85,3892.95,3886.17,3887.24,5961.644,1753670879999,23183357.84940,6541,955.770,3716833.70796,0
1753670880000,3887.24,3888.88,3885.59,3888.88,1979.364,1753670939999,7694387.08952,3488,778.122,3024830.11019,0
1753670940000,3888.88,3889.81,3881.20,3884.62,7988.938,1753670999999,31030692.13283,7040,2643.757,10267036.60026,0
1753671000000,3884.62,3886.01,3883.82,3885.99,4850.615,1753671059999,18844106.33601,4238,1446.695,5620012.31142,0
1753671060000,3885.99,3885.99,3881.20,3881.2,3136.833,1753671119999,12178929.33946,3863,1323.402,5138176.41951,0
1753671120000,3881.21,3882.40,3880.00,3880.42,3925.454,1753671179999,15234909.69468,3452,1044.925,4055615.69834,0
1753671180000,3880.43,3881.53,3880.00,3880.37,2816.954,1753671239999,10931805.86389,3213,1754.995,6810674.20905,0
1753671240000,3880.36,3885.12,3880.36,3880.37,6799.631,1753671299999,26402562.83497,5683,5107.884,19833555.22567,0
1753671300000,3880.38,3881.70,3879.05,3881.28,2931.428,1753671359999,11375079.40478,3377,963.307,3738309.63899,0
1753671360000,3881.28,3885.50,3880.50,3883.36,2875.391,1753671419999,11165930.94927,3785,1487.365,5775592.18728,0
1753671420000,3883.33,3884.48,3880.57,3881.69,3825.414,1753671479999,14851119.59612,4091,1358.351,5273710.72457,0
1753671480000,3881.69,3884.85,3881.32,3884.81,1470.223,1753671539999,5708451.84666,2671,1073.507,4168261.18671,0
1753671540000,3884.81,3885.50,3882.44,3884.94,2076.712,1753671599999,8066636.37967,3041,1291.890,5018006.04031,0
1753671600000,3884.94,3887.40,3884.94,3885.93,2912.114,1753671659999,11316047.71000,7649,1670.266,6490511.36422,0
1753671660000,3885.93,3888.00,3884.47,3887.46,2767.409,1753671719999,10755020.82053,3412,1470.353,5714267.51447,0
1753671720000,3887.47,3892.54,3886.41,3892.41,3987.712,1753671779999,15511626.35664,5480,2788.899,10848553.50299,0
1753671780000,3892.42,3892.89,3887.56,3889.7,5232.528,1753671839999,20353846.25871,5970,2317.628,9014255.66015,0
1753671840000,3889.71,3889.78,3887.47,3887.99,1819.176,1753671899999,7074037.26588,2415,786.259,3057602.52873,0
1753671900000,3887.99,3888.56,3886.41,3886.41,1259.945,1753671959999,4897972.61868,2584,668.074,2597040.08455,0
1753671960000,3886.41,3886.85,3884.29,3886.54,1868.914,1753672019999,7261781.18154,3160,595.110,2312255.31282,0
1753672020000,3886.54,3886.63,3882.46,3886.62,1815.192,1753672079999,7050416.30955,2899,576.212,2238306.06619,0
1753672080000,3886.62,3886.84,3885.24,3886.84,1309.374,1753672139999,5088137.43277,2181,628.615,2442649.39559,0
1753672140000,3886.84,3886.84,3882.84,3883.32,3559.747,1753672199999,13830509.16369,1998,523.035,2032110.57289,0
1753672200000,3883.31,3883.51,3879.00,3879.47,3343.860,1753672259999,12975045.05576,3323,694.935,2696238.71373,0
1753672260000,3879.46,3880.73,3878.00,3878.24,3791.497,1753672319999,14706090.00374,3329,932.311,3616389.86823,0
1753672320000,3878.23,3878.24,3875.01,3877.72,6116.734,1753672379999,23712479.53981,4239,1363.213,5284904.91827,0
1753672380000,3877.72,3879.04,3875.82,3877.71,2806.361,1753672439999,10880618.05694,2804,772.132,2993995.89580,0
1753672440000,3877.72,3879.34,3877.49,3879.2,1194.248,1753672499999,4631785.41358,2447,729.583,2829656.51777,0
1753672500000,3879.20,3880.00,3877.27,3879.47,1770.311,1753672559999,6866100.37312,2607,1022.793,3966878.63740,0
1753672560000,3879.50,3884.32,3879.20,3884.26,2292.668,1753672619999,8900824.29201,3777,1802.204,6996582.18820,0
1753672620000,3884.27,3884.27,3878.46,3878.47,772.219,1753672679999,2996961.37402,1771,228.125,885249.14892,0
1753672680000,3878.47,3878.47,3876.00,3877.48,1556.262,1753672739999,6034151.48187,2038,910.261,3529433.31374,0
1753672740000,3877.49,3878.90,3877.16,3878.9,1922.857,1753672799999,7456402.15893,1994,1334.821,5176139.40024,0
1753672800000,3878.90,3879.27,3874.00,3874.0,3747.306,1753672859999,14522271.67703,2776,482.095,1869038.79735,0
1753672860000,3874.01,3876.61,3873.80,3875.01,2269.664,1753672919999,8795208.55366,3399,742.912,2879104.38423,0
1753672920000,3875.01,3875.35,3874.49,3874.78,756.665,1753672979999,2932082.06984,1226,458.384,1776233.59369,0
1753672980000,3874.78,3876.77,3872.48,3874.96,4586.259,1753673039999,17767715.50011,4199,1742.574,6751950.95764,0
1753673040000,3874.96,3876.12,3874.20,3876.12,1137.183,1753673099999,4407142.94643,2127,712.494,2761192.20772,0
1753673100000,3876.11,3876.63,3873.72,3875.43,1551.721,1753673159999,6012584.33946,2222,615.758,2386036.26318,0
1753673160000,3875.43,3876.00,3872.49,3872.74,1889.256,1753673219999,7318772.16910,2523,558.674,2164260.29403,0
1753673220000,3872.74,3872.75,3871.00,3871.21,4035.625,1753673279999,15624452.44087,2999,979.329,3791455.11775,0
1753673280000,3871.20,3872.76,3870.00,3871.44,5343.889,1753673339999,20686503.25536,6458,1861.094,7204957.93939,0
1753673340000,3871.44,3874.01,3870.00,3870.27,5655.040,1753673399999,21893105.50821,7287,3051.754,11816367.28458,0
1753673400000,3870.27,3872.68,3869.92,3872.68,2051.791,1753673459999,7941768.15927,2485,1212.999,4695093.33157,0
1753673460000,3872.68,3874.88,3872.21,3873.14,2469.192,1753673519999,9564349.01923,3605,1975.149,7650699.00749,0
1753673520000,3873.14,3875.41,3873.14,3874.02,1822.939,1753673579999,7062702.96990,2335,1217.140,4715591.37073,0
1753673580000,3874.03,3875.18,3873.96,3873.96,1356.049,1753673639999,5253837.72131,1461,735.626,2850070.18933,0
1753673640000,3873.96,3875.29,3873.92,3873.92,1365.462,1753673699999,5290073.79373,1483,1000.498,3876059.46908,0
1753673700000,3873.93,3876.00,3871.84,3875.45,2181.923,1753673759999,8451986.70866,2613,1307.325,5064550.41084,0
1753673760000,3875.45,3876.00,3873.11,3873.11,1194.123,1753673819999,4626668.00630,2260,596.930,2313014.26816,0
1753673820000,3873.11,3877.22,3873.11,3876.0,1303.290,1753673879999,5050993.42398,2069,1019.199,3950016.50999,0
1753673880000,3875.99,3878.50,3873.56,3873.56,1677.984,1753673939999,6503956.40506,2850,571.891,2216943.55695,0
1753673940000,3873.57,3873.57,3871.00,3871.01,941.127,1753673999999,3644327.30623,2051,402.726,1559393.33592,0
1753674000000,3871.00,3872.83,3870.86,3872.82,778.093,1753674059999,3012578.30538,1463,515.638,1996412.50262,0
1753674060000,3872.83,3872.83,3868.51,3868.6,4447.561,1753674119999,17211095.39066,4543,980.927,3795567.79977,0
1753674120000,3868.59,3869.71,3868.10,3868.7,2169.938,1753674179999,8394958.47974,2107,1293.167,5002983.44180,0
1753674180000,3868.71,3869.00,3868.35,3868.36,1016.803,1753674239999,3933713.47278,1191,395.984,1531949.11500,0
1753674240000,3868.35,3869.25,3866.87,3867.05,3230.224,1753674299999,12494205.86901,2527,559.698,2164945.65036,0
1753674300000,3867.05,3870.31,3866.86,3869.31,2380.448,1753674359999,9208837.00171,3281,1446.515,5595898.52865,0
1753674360000,3869.30,3871.47,3868.78,3871.46,1884.834,1753674419999,7294625.87509,2015,1092.434,4228081.30591,0
1753674420000,3871.47,3871.81,3869.30,3871.32,2681.999,1753674479999,10380723.87187,2248,1262.255,4885542.15804,0
1753674480000,3871.33,3872.63,3870.44,3872.43,1808.300,1753674539999,7000812.78449,2403,1064.825,4122635.68171,0
1753674540000,3872.43,3874.55,3871.82,3874.55,2073.219,1753674599999,8030052.74721,2573,1286.905,4984593.81330,0
1753674600000,3874.55,3875.00,3872.79,3872.79,2257.125,1753674659999,8744336.03997,2139,1252.236,4851227.61485,0
1753674660000,3872.79,3873.11,3871.46,3871.85,1960.507,1753674719999,7591962.17479,2777,785.863,3043095.59984,0
1753674720000,3871.84,3873.00,3871.44,3872.99,1094.997,1753674779999,4240024.07381,1312,680.513,2635087.23902,0
1753674780000,3872.99,3875.00,3872.99,3873.01,1889.757,1753674839999,7320866.91767,2319,712.818,2761265.08362,0
1753674840000,3873.00,3874.20,3873.00,3874.2,1310.370,1753674899999,5075677.09289,1357,768.637,2977285.65108,0
1753674900000,3874.20,3875.37,3873.76,3874.33,2801.854,1753674959999,10855793.47488,1965,1463.340,5669873.90426,0
1753674960000,3874.32,3875.77,3874.10,3874.1,1415.092,1753675019999,5482922.25038,1422,443.187,1717181.09138,0
1753675020000,3874.11,3877.45,3874.10,3875.59,4960.400,1753675079999,19225214.98619,4428,3060.119,11860519.61341,0
1753675080000,3875.58,3878.30,3874.11,3877.52,4360.580,1753675139999,16903715.14987,4058,2857.190,11076434.12235,0
1753675140000,3877.52,3878.85,3877.52,3878.47,1615.311,1753675199999,6264319.95917,1824,1132.345,4391307.66696,0
1753675200000,3878.46,3878.62,3877.56,3878.39,4943.453,1753675259999,19170655.68245,3406,3169.191,12289908.58827,0
1753675260000,3878.39,3883.31,3878.38,3883.31,3587.237,1753675319999,13921404.36914,4254,2814.485,10922798.15064,0
1753675320000,3883.32,3885.93,3880.92,3880.93,5307.476,1753675379999,20615429.71907,4983,2701.904,10495463.87504,0
1753675380000,3880.92,3882.39,3879.00,3881.64,3112.151,1753675439999,12075756.29002,2840,1733.460,6726277.17144,0
1753675440000,3881.64,3884.56,3881.64,3884.15,1378.484,1753675499999,5353758.77564,2154,752.404,2922064.72254,0
1753675500000,3884.15,3885.65,3880.00,3880.36,3175.166,1753675559999,12329264.18238,3581,1714.019,6656094.59424,0
1753675560000,3880.37,3882.00,3879.90,3881.4,1013.204,1753675619999,3932419.78429,2057,533.974,2072436.31935,0
1753675620000,3881.39,3882.00,3878.48,3879.21,1334.929,1753675679999,5179774.52841,1900,724.302,2810595.89399,0
1753675680000,3879.22,3879.81,3875.98,3875.99,1168.707,1753675739999,4532587.94646,2708,408.822,1585760.98953,0
1753675740000,3875.98,3877.35,3874.40,3874.4,1846.530,1753675799999,7156638.49746,2523,436.052,1690006.41767,0
1753675800000,3874.40,3875.47,3872.07,3872.31,2764.747,1753675859999,10710223.16667,2858,991.482,3841182.29102,0
1753675860000,3872.31,3874.22,3872.18,3873.67,1161.420,1753675919999,4498838.88454,2008,520.166,2014825.77122,0
1753675920000,3873.67,3873.92,3871.68,3872.29,1049.258,1753675979999,4063486.39609,2186,484.675,1877046.65493,0
1753675980000,3872.28,3873.00,3871.51,3872.04,827.128,1753676039999,3202746.56450,1366,360.750,1396808.38862,0
1753676040000,3872.04,3872.70,3870.74,3870.75,936.198,1753676099999,3624627.24479,1265,335.846,1300294.75041,0
1753676100000,3870.74,3870.74,3869.31,3869.4,2369.683,1753676159999,9170622.88892,2640,753.667,2916630.44168,0
1753676160000,3869.40,3870.50,3868.69,3869.64,1706.253,1753676219999,6602092.83390,2444,724.860,2804703.15650,0
1753676220000,3869.63,3870.64,3867.11,3867.11,2292.012,1753676279999,8867524.85118,2323,701.195,2713151.83616,0
1753676280000,3867.11,3867.97,3867.08,3867.84,2145.460,1753676339999,8297351.98492,1995,1245.693,4817490.06540,0
1753676340000,3867.83,3869.53,3867.37,3868.45,1549.796,1753676399999,5995574.59498,2223,842.708,3260007.11973,0
1753676400000,3868.44,3870.40,3867.39,3867.39,2144.138,1753676459999,8295784.84583,2516,1394.236,5394556.82643,0
1753676460000,3867.39,3868.40,3867.00,3868.31,1073.980,1753676519999,4153576.19734,2039,608.943,2355041.86484,0
1753676520000,3868.30,3869.74,3867.30,3869.19,1528.284,1753676579999,5912068.86226,2279,953.325,3687996.39842,0
1753676580000,3869.19,3869.61,3867.60,3867.6,891.096,1753676639999,3447432.60199,1488,558.708,2161508.46790,0
1753676640000,3867.60,3870.97,3867.60,3870.81,1535.845,1753676699999,5942869.40395,3192,819.428,3170747.87927,0
1753676700000,3870.82,3872.00,3870.00,3871.96,1782.664,1753676759999,6900378.14993,2687,902.252,3492517.96409,0
1753676760000,3871.97,3876.85,3871.69,3874.47,2242.206,1753676819999,8688598.98976,3189,1547.166,5994965.63277,0
1753676820000,3874.48,3880.01,3874.47,3879.48,6040.964,1753676879999,23426637.02130,5615,4890.471,18964353.47041,0
1753676880000,3879.47,3879.48,3876.84,3877.83,948.117,1753676939999,3676799.06234,1455,418.655,1623496.53906,0
1753676940000,3877.83,3880.76,3877.83,3879.01,1974.456,1753676999999,7660403.14223,2279,919.697,3567986.78581,0
1753677000000,3879.00,3879.00,3875.91,3877.52,1643.211,1753677059999,6370587.97931,3088,583.900,2263633.66723,0
1753677060000,3877.51,3878.28,3875.90,3875.91,1108.231,1753677119999,4296930.71407,2094,540.273,2094814.25498,0
1753677120000,3875.90,3875.90,3874.74,3874.75,734.578,1753677179999,2846742.67138,1655,301.738,1169332.54879,0
1753677180000,3874.74,3874.75,3873.32,3874.19,1091.903,1753677239999,4229898.32100,1613,290.026,1123424.25408,0
1753677240000,3874.20,3879.95,3874.19,3878.31,1261.660,1753677299999,4893151.99277,2274,707.153,2742251.13775,0
1753677300000,3878.31,3878.31,3874.00,3874.01,1804.935,1753677359999,6995580.17727,2367,204.632,792873.47983,0
1753677360000,3874.00,3878.40,3874.00,3877.37,1219.070,1753677419999,4726562.70960,2444,936.767,3632089.84632,0
1753677420000,3877.37,3877.88,3877.12,3877.87,713.671,1753677479999,2767270.68625,1171,408.644,1584517.58259,0
1753677480000,3877.86,3881.39,3877.86,3880.25,1824.220,1753677539999,7077815.40462,2397,1376.592,5340949.19837,0
1753677540000,3880.25,3881.40,3879.33,3880.16,2515.989,1753677599999,9762937.54127,2806,936.093,3632375.09908,0
1753677600000,3880.15,3882.42,3880.15,3881.86,963.971,1753677659999,3741477.97238,1906,682.593,2649324.88320,0
1753677660000,3881.86,3894.30,3881.86,3893.0,19675.491,1753677719999,76539886.60230,12572,13177.383,51248005.94001,0
1753677720000,3893.00,3901.55,3890.00,3900.39,14431.053,1753677779999,56223605.49855,10380,10831.479,42206218.85001,0
1753677780000,3900.51,3900.52,3894.48,3894.83,6769.129,1753677839999,26387812.67502,8635,3273.979,12764392.76889,0
1753677840000,3894.84,3902.00,3889.69,3897.35,18570.919,1753677899999,72357244.32250,14494,7627.117,29725049.79770,0
1753677900000,3897.34,3899.79,3895.65,3897.85,4985.093,1753677959999,19431356.92814,6258,1863.087,7262110.77657,0
1753677960000,3897.84,3898.30,3895.02,3895.13,3889.721,1753678019999,15157670.94497,3246,1750.213,6820574.58777,0
1753678020000,3895.12,3895.57,3893.06,3895.38,7007.252,1753678079999,27288434.57581,4588,2639.158,10277450.09204,0
1753678080000,3895.37,3900.80,3894.14,3900.36,7788.291,1753678139999,30354122.85136,5043,5825.719,22705837.48994,0
1753678140000,3900.36,3902.21,3897.82,3901.64,5739.089,1753678199999,22384137.37678,5987,3440.060,13417425.12478,0
1753678200000,3901.65,3905.00,3897.55,3898.08,9820.598,1753678259999,38326047.65006,9964,6002.156,23427046.86050,0
1753678260000,3898.08,3899.66,3897.53,3899.66,1777.216,1753678319999,6927640.96005,2324,689.740,2688730.05589,0
1753678320000,3899.65,3901.63,3899.65,3901.47,5063.265,1753678379999,19750124.68110,4060,3174.214,12381336.50429,0
1753678380000,3901.47,3901.47,3898.59,3900.0,2623.984,1753678439999,10233899.94779,3238,1463.090,5706245.29155,0
1753678440000,3900.00,3900.60,3899.37,3899.73,1716.183,1753678499999,6692917.35342,2236,631.765,2463786.61813,0
1753678500000,3899.72,3899.91,3895.66,3897.03,2546.000,1753678559999,9925360.41072,2929,677.796,2642454.60169,0
1753678560000,3897.03,3898.63,3896.71,3896.71,2743.104,1753678619999,10692136.79176,2949,1304.530,5084783.46541,0
1753678620000,3896.72,3899.85,3896.28,3899.84,2235.191,1753678679999,8714016.52630,2358,1410.470,5498757.41906,0
1753678680000,3899.84,3900.91,3899.76,3900.38,2776.599,1753678739999,10829794.71566,2331,1415.067,5519144.01897,0
1753678740000,3900.39,3901.63,3900.38,3901.21,2103.554,1753678799999,8205996.01079,1864,1060.457,4136801.24890,0
1753678800000,3901.22,3903.00,3900.00,3903.0,5167.848,1753678859999,20162339.64186,3890,3069.684,11977463.23464,0
1753678860000,3903.00,3903.25,3900.99,3902.16,2785.420,1753678919999,10868880.02010,3366,1039.077,4054715.43362,0
1753678920000,3902.17,3904.08,3901.46,3904.08,3578.890,1753678979999,13968141.55797,3150,2373.381,9263466.10844,0
1753678980000,3904.08,3904.58,3901.02,3901.53,3792.822,1753679039999,14802822.24336,2987,1775.433,6929929.17038,0
1753679040000,3901.53,3901.53,3899.27,3900.5,3111.754,1753679099999,12136416.21294,3478,1232.684,4807611.45900,0
1753679100000,3900.50,3903.00,3900.50,3900.97,1623.712,1753679159999,6335307.84194,2524,817.360,3189115.70476,0
1753679160000,3900.97,3902.71,3900.00,3902.71,2133.915,1753679219999,8323604.58547,2545,771.955,3011225.46597,0
1753679220000,3902.71,3905.71,3902.70,3905.11,5694.765,1753679279999,22237307.61368,4678,4085.240,15951887.66168,0
1753679280000,3905.10,3908.00,3904.56,3908.0,6183.914,1753679339999,24155744.53002,4667,4678.262,18275451.37362,0
1753679340000,3907.99,3908.51,3904.66,3907.27,7434.825,1753679399999,29050386.44367,6648,4456.774,17414390.02901,0
1753679400000,3907.27,3913.87,3906.95,3912.05,17631.048,1753679459999,68959855.15126,13003,13822.007,54061002.68154,0
1753679460000,3912.05,3914.44,3911.68,3914.18,6434.906,1753679519999,25183477.71349,5699,3907.987,15294682.24466,0
1753679520000,3914.18,3919.06,3913.00,3918.8,22633.615,1753679579999,88651429.78030,13349,17091.691,66944288.01227,0
1753679580000,3918.79,3923.64,3916.45,3919.61,26313.612,1753679639999,103160345.58254,16789,20285.222,79527534.63319,0
1753679640000,3919.61,3921.93,3919.03,3920.63,6370.727,1753679699999,24975314.61782,5676,2850.556,11174849.95323,0
1753679700000,3920.64,3928.00,3920.64,3927.33,25498.495,1753679759999,100097078.31426,15022,18759.077,73641975.04588,0
1753679760000,3927.33,3935.00,3927.32,3934.99,31549.324,1753679819999,124023185.00977,18246,24250.026,95329641.53987,0
1753679820000,3934.99,3935.10,3932.54,3933.87,12130.616,1753679879999,47722608.91786,13391,5636.284,22173836.19907,0
1753679880000,3933.86,3934.12,3927.01,3930.01,13572.924,1753679939999,53349937.28550,16130,4447.229,17478475.78032,0
1753679940000,3930.00,3932.60,3929.60,3930.92,6499.236,1753679999999,25549737.59691,7019,2891.529,11367089.51508,0
1753680000000,3930.93,3935.00,3930.61,3934.99,11021.763,1753680059999,43344178.81326,6954,8568.377,33695315.63224,0
1753680060000,3934.99,3937.93,3932.05,3936.45,13790.412,1753680119999,54271830.34765,9021,9362.119,36845375.70219,0
1753680120000,3936.45,3938.00,3930.08,3930.08,9193.807,1753680179999,36176984.03025,9147,5087.744,20024388.69745,0
1753680180000,3930.09,3932.23,3926.57,3928.0,6414.653,1753680239999,25201197.23444,7926,1991.891,7825992.63523,0
1753680240000,3928.00,3936.82,3927.99,3932.25,11170.673,1753680299999,43923883.21850,8287,7906.161,31086606.78279,0
1753680300000,3932.25,3932.94,3927.83,3930.81,6113.040,1753680359999,24026835.24242,7867,3643.705,14321545.71877,0
1753680360000,3930.80,3934.16,3929.82,3934.05,2200.302,1753680419999,8650991.61691,3717,942.937,3707378.38719,0
1753680420000,3934.04,3939.00,3934.04,3937.61,10399.466,1753680479999,40944963.20415,8993,7035.278,27699298.77455,0
1753680480000,3937.61,3939.18,3934.03,3938.69,8183.790,1753680539999,32221422.17551,6690,4379.486,17246413.93144,0
1753680540000,3938.69,3940.00,3937.00,3938.0,8173.000,1753680599999,32192586.82944,7066,5776.886,22755737.57774,0
1753680600000,3938.00,3939.06,3935.18,3935.65,6045.279,1753680659999,23799524.68237,7170,2043.363,8045402.81291,0
1753680660000,3935.65,3935.65,3930.00,3931.42,6230.538,1753680719999,24505872.57707,6732,1318.428,5185121.89761,0
1753680720000,3931.42,3939.65,3931.41,3936.29,7739.906,1753680779999,30461150.24142,7403,5932.849,23349881.18361,0
1753680780000,3936.29,3939.92,3934.52,3935.28,4826.856,1753680839999,19001969.52466,5362,2904.705,11436032.92323,0
1753680840000,3935.28,3939.99,3930.94,3936.17,10144.330,1753680899999,39916419.60666,7559,3320.793,13072678.82210,0
1753680900000,3936.17,3936.29,3931.02,3931.93,3153.831,1753680959999,12405578.02204,4563,921.176,3623668.64440,0
1753680960000,3931.92,3936.51,3929.22,3929.84,9452.642,1753681019999,37173399.44220,7966,3275.111,12884768.79179,0
1753681020000,3929.83,3931.54,3925.71,3927.89,10405.274,1753681079999,40870381.65022,8303,2864.195,11251724.35162,0
1753681080000,3927.88,3934.51,3927.02,3931.79,9132.185,1753681139999,35895026.18366,7519,7586.729,29820977.13963,0
1753681140000,3931.79,3931.79,3924.00,3924.0,8367.878,1753681199999,32860690.68117,8426,4035.072,15846875.78941,0
1753681200000,3924.00,3930.58,3922.38,3928.47,8521.374,1753681259999,33458455.07507,8220,5959.903,23403946.67742,0
1753681260000,3928.46,3933.15,3927.35,3929.51,5651.072,1753681319999,22206257.40826,5830,4544.881,17860256.58948,0
1753681320000,3929.50,3935.00,3929.50,3934.5,4359.270,1753681379999,17142268.15391,4767,2764.993,10872846.44107,0
1753681380000,3934.49,3937.57,3934.07,3934.31,5193.199,1753681439999,20441828.44544,5048,2863.412,11271062.13406,0
1753681440000,3934.31,3934.56,3933.00,3934.21,1857.994,1753681499999,7309026.00596,2931,912.699,3590328.18056,0
1753681500000,3934.22,3935.26,3931.66,3931.95,3356.977,1753681559999,13205291.11531,5122,1634.427,6429270.93922,0
1753681560000,3931.95,3932.10,3928.09,3929.75,4334.149,1753681619999,17032020.39248,5433,1288.008,5061434.98442,0
1753681620000,3929.76,3935.76,3929.26,3931.87,4468.729,1753681679999,17570763.24630,5087,2998.112,11790241.27195,0
1753681680000,3931.86,3934.82,3929.00,3934.82,3026.297,1753681739999,11896195.47260,4481,2054.829,8077406.89977,0
1753681740000,3934.82,3937.12,3933.54,3936.68,3284.729,1753681799999,12926851.69986,4252,1685.554,6633615.30680,0
1753681800000,3936.69,3937.20,3934.62,3935.4,3699.009,1753681859999,14558175.71898,4520,1819.855,7162363.49435,0
1753681860000,3935.39,3936.80,3934.92,3936.55,1937.223,1753681919999,7624591.11909,3432,987.830,3887945.03509,0
1753681920000,3936.54,3936.91,3935.20,3935.45,2332.858,1753681979999,9182158.02153,3452,1311.281,5161251.63997,0
1753681980000,3935.46,3940.81,3935.20,3939.41,13829.620,1753682039999,54476861.27247,8422,9864.118,38857886.11217,0
1753682040000,3939.41,3939.66,3936.65,3937.22,2651.640,1753682099999,10441558.78883,4417,1329.313,5234402.12424,0
1753682100000,3937.21,3937.82,3936.12,3937.27,2408.913,1753682159999,9483834.57168,3370,1122.766,4420384.86603,0
1753682160000,3937.28,3937.61,3936.19,3936.28,1281.695,1753682219999,5045887.64896,2072,596.932,2350129.24422,0
1753682220000,3936.28,3936.40,3934.53,3934.53,3216.980,1753682279999,12660204.08477,3048,1367.200,5380188.60626,0
1753682280000,3934.54,3935.76,3933.90,3934.45,2229.854,1753682339999,8773872.04930,2801,689.501,2713003.03841,0
1753682340000,3934.44,3934.45,3927.25,3929.11,7175.635,1753682399999,28200941.80393,5965,1510.837,5936821.87956,0
1753682400000,3929.10,3930.76,3928.31,3929.21,2483.395,1753682459999,9757873.31378,3924,1288.670,5063500.42476,0
1753682460000,3929.22,3931.65,3929.21,3931.64,1315.954,1753682519999,5172552.48369,2547,674.878,2652561.79908,0
1753682520000,3931.64,3933.37,3930.00,3930.79,4009.658,1753682579999,15762173.68867,4456,2899.680,11398375.86642,0
1753682580000,3930.79,3930.95,3926.24,3926.59,3400.048,1753682639999,13356063.85290,3512,1140.855,4482126.29289,0
1753682640000,3926.59,3929.65,3926.59,3929.19,2177.694,1753682699999,8554766.09158,3436,1224.345,4809880.69127,0
1753682700000,3929.19,3929.38,3928.11,3928.58,1570.474,1753682759999,6170154.23736,2253,560.617,2202585.46488,0
1753682760000,3928.57,3929.34,3926.51,3926.65,1139.060,1753682819999,4473946.70797,2149,472.478,1855809.76170,0
1753682820000,3926.65,3927.67,3925.60,3926.6,2003.065,1753682879999,7864796.73856,2397,495.831,1946919.03320,0
1753682880000,3926.60,3928.27,3925.00,3928.0,1741.029,1753682939999,6836191.81766,2954,894.470,3512272.13826,0
1753682940000,3928.00,3931.29,3926.94,3927.72,3082.986,1753682999999,12114535.93993,4040,1730.905,6801984.58226,0
1753683000000,3927.73,3929.45,3926.45,3926.64,2505.130,1753683059999,9839736.08395,2969,1617.457,6353430.13936,0
1753683060000,3926.63,3926.86,3924.00,3925.63,3258.391,1753683119999,12789476.62602,3830,1094.642,4296567.09698,0
1753683120000,3925.63,3926.40,3924.56,3925.84,1366.987,1753683179999,5366124.78607,2278,639.172,2509123.51896,0
1753683180000,3925.85,3930.79,3924.89,3928.74,3261.189,1753683239999,12811441.94762,4004,2263.128,8891470.50648,0
1753683240000,3928.74,3933.62,3928.74,3932.37,3104.261,1753683299999,12205153.47263,3572,2235.999,8790545.21324,0
1753683300000,3932.36,3932.36,3929.85,3930.49,1161.549,1753683359999,4565895.59825,2874,462.151,1816675.24419,0
1753683360000,3930.48,3933.63,3930.48,3932.66,1307.542,1753683419999,5142325.57304,2192,818.784,3220071.22430,0
1753683420000,3932.66,3932.66,3928.00,3929.0,1321.501,1753683479999,5193298.51511,2460,681.140,2676518.36140,0
1753683480000,3928.99,3931.81,3927.26,3927.26,1613.907,1753683539999,6342886.27218,3080,633.574,2489881.57585,0
1753683540000,3927.27,3929.59,3922.99,3922.99,6826.657,1753683599999,26798033.90929,5397,2648.535,10399110.69000,0
1753683600000,3922.99,3924.97,3922.07,3924.57,2940.369,1753683659999,11536499.57199,4024,1560.935,6124207.70190,0
1753683660000,3924.56,3925.67,3918.01,3919.3,16732.695,1753683719999,65615332.10826,11194,4231.661,16599795.38112,0
1753683720000,3919.30,3922.42,3916.00,3919.74,13992.240,1753683779999,54826169.18031,8958,5584.135,21882749.52118,0
1753683780000,3919.74,3925.00,3919.73,3922.57,4312.142,1753683839999,16912358.97746,4734,3219.428,12626279.53337,0
1753683840000,3922.58,3927.02,3921.78,3925.4,1679.604,1753683899999,6591788.38900,3447,978.068,3838341.55991,0
1753683900000,3925.39,3925.39,3923.53,3924.13,767.188,1753683959999,3010456.24192,1600,349.361,1370862.72371,0
1753683960000,3924.13,3928.87,3923.77,3928.29,5766.657,1753684019999,22642338.92402,3515,5424.232,21297781.25501,0
1753684020000,3928.30,3928.30,3926.55,3927.0,1478.404,1753684079999,5806090.78927,2212,768.725,3018998.37396,0
1753684080000,3926.99,3927.78,3923.63,3923.63,1904.843,1753684139999,7475709.76492,2129,266.796,1047252.79076,0
1753684140000,3923.63,3924.86,3921.01,3921.01,1455.771,1753684199999,5711850.71862,2299,571.116,2241003.31690,0
1753684200000,3921.01,3921.09,3918.32,3920.98,3288.386,1753684259999,12889483.53668,3440,1957.354,7672231.75106,0
1753684260000,3920.97,3922.19,3918.59,3920.24,1875.684,1753684319999,7352312.43874,3041,710.902,2786671.17655,0
1753684320000,3920.24,3920.83,3918.76,3919.99,1177.183,1753684379999,4614175.11163,2102,608.132,2383672.11600,0
1753684380000,3919.99,3920.00,3919.04,3919.75,1173.824,1753684439999,4600923.47413,1720,671.520,2632090.46796,0
1753684440000,3919.76,3921.32,3919.16,3921.31,1719.015,1753684499999,6738813.72821,2269,964.858,3782425.33644,0
1753684500000,3921.31,3923.53,3920.00,3921.18,2361.089,1753684559999,9258849.66640,3368,1207.546,4735381.69713,0
1753684560000,3921.18,3925.17,3920.68,3925.17,1646.635,1753684619999,6458500.56965,2519,1234.418,4841913.70785,0
1753684620000,3925.16,3927.30,3923.82,3923.82,3542.131,1753684679999,13905043.50902,3716,2257.024,8860535.73409,0
1753684680000,3923.81,3924.48,3923.46,3923.62,823.101,1753684739999,3229713.63911,1235,454.383,1782934.89857,0
1753684740000,3923.61,3926.34,3923.33,3926.17,1678.231,1753684799999,6587403.91633,2124,1073.593,4214002.79545,0
1753684800000,3926.18,3926.18,3919.00,3920.0,5420.986,1753684859999,21262556.58767,4637,1290.718,5061345.48222,0
1753684860000,3919.99,3920.51,3917.40,3917.77,3159.134,1753684919999,12380723.07679,2621,984.010,3856546.87297,0
1753684920000,3917.76,3917.77,3912.99,3913.7,10643.565,1753684979999,41667621.28201,7762,2525.927,9888719.84589,0
1753684980000,3913.70,3916.12,3909.30,3911.42,20930.787,1753685039999,81879798.38703,11512,8700.369,34035009.46426,0
1753685040000,3911.42,3912.84,3909.22,3911.22,9678.971,1753685099999,37852346.50424,7134,4868.585,19040439.47589,0
1753685100000,3911.22,3913.66,3909.94,3910.0,6016.821,1753685159999,23535727.96152,5748,2638.037,10319640.34697,0
1753685160000,3910.00,3911.05,3908.40,3908.99,5750.422,1753685219999,22481206.17139,4936,1815.296,7097019.62423,0
1753685220000,3909.00,3910.00,3908.88,3909.0,5151.137,1753685279999,20136522.51676,3189,3015.668,11788404.91909,0
1753685280000,3909.00,3915.08,3908.30,3910.56,7752.749,1753685339999,30319196.14551,6260,3012.732,11782022.02031,0
1753685340000,3910.56,3913.05,3909.65,3912.05,2943.851,1753685399999,11514922.77077,3341,2133.475,8345163.47743,0
1753685400000,3912.06,3913.39,3912.05,3912.64,1536.393,1753685459999,6011362.73459,2285,1023.344,4003945.82320,0
1753685460000,3912.65,3913.39,3911.46,3912.74,1138.022,1753685519999,4452385.03054,2089,591.048,2312421.58206,0
1753685520000,3912.74,3913.13,3910.22,3911.77,1199.903,1753685579999,4693129.32955,2286,512.558,2004720.95695,0
1753685580000,3911.77,3913.51,3911.49,3913.51,2688.847,1753685639999,10519443.41916,3296,1979.542,7744459.14702,0
1753685640000,3913.50,3915.47,3913.09,3913.11,2580.189,1753685699999,10099527.12259,3421,1724.503,6750352.18778,0
1753685700000,3913.10,3915.47,3912.50,3915.33,1429.490,1753685759999,5595393.95667,2305,1156.334,4526192.92433,0
1753685760000,3915.33,3915.79,3913.91,3915.3,2012.486,1753685819999,7879033.75085,1683,1406.386,5506051.39266,0
1753685820000,3915.29,3915.30,3911.94,3912.36,1680.681,1753685879999,6576394.48059,2194,510.199,1996383.51514,0
1753685880000,3912.35,3913.42,3912.35,3913.05,1307.573,1753685939999,5116531.45139,1393,909.625,3559271.83484,0
1753685940000,3913.05,3913.21,3911.80,3911.81,1564.665,1753685999999,6122141.17461,1742,754.071,2950480.77170,0
1753686000000,3911.80,3913.09,3910.05,3911.91,2297.902,1753686059999,8987527.33362,3545,1265.604,4950233.33313,0
1753686060000,3911.90,3913.45,3910.77,3911.64,2564.949,1753686119999,10034219.71046,2495,1918.950,7507121.18639,0
1753686120000,3911.64,3911.65,3909.07,3909.08,3229.313,1753686179999,12626878.32988,2235,985.934,3854786.56617,0
1753686180000,3909.07,3909.08,3906.60,3907.35,4324.918,1753686239999,16900063.26813,4254,1671.355,6530881.81954,0
1753686240000,3907.34,3907.35,3904.96,3904.97,4059.040,1753686299999,15854295.04691,3936,1185.491,4630820.82810,0
1753686300000,3904.97,3905.87,3903.03,3903.16,5852.278,1753686359999,22849074.77267,8699,2475.385,9664761.23154,0
1753686360000,3903.17,3904.50,3901.18,3902.42,8794.055,1753686419999,34323278.26919,10886,3102.298,12108127.42882,0
1753686420000,3902.42,3903.16,3892.58,3893.79,25462.124,1753686479999,99222659.43068,14612,5306.948,20683767.32339,0
1753686480000,3893.79,3898.88,3888.00,3889.26,26393.962,1753686539999,102748358.35397,16647,11568.391,45048439.71642,0
1753686540000,3889.25,3889.30,3880.00,3887.19,56296.763,1753686599999,218645737.49210,23940,12381.221,48101639.87224,0
1753686600000,3887.19,3891.27,3886.38,3890.32,9881.649,1753686659999,38433413.59263,8242,6211.228,24158947.25257,0
1753686660000,3890.31,3890.32,3880.00,3882.0,19561.559,1753686719999,75958652.51487,13496,5608.960,21777538.91108,0
1753686720000,3882.00,3885.00,3881.00,3881.93,8241.867,1753686779999,32001249.30426,6931,4844.850,18812067.95532,0
1753686780000,3881.94,3885.78,3880.32,3885.32,8573.714,1753686839999,33290443.48206,6278,5471.059,21244921.87751,0
1753686840000,3885.32,3885.78,3882.00,3883.0,7445.053,1753686899999,28914017.45591,6415,3746.151,14548054.26139,0
1753686900000,3882.99,3888.51,3882.02,3884.65,12071.489,1753686959999,46892811.80644,8764,7660.897,29761432.56831,0
1753686960000,3884.64,3885.00,3880.19,3880.19,8560.946,1753687019999,33243455.31795,6784,4970.950,19304117.42093,0
1753687020000,3880.19,3880.93,3874.95,3878.4,17254.880,1753687079999,66907035.89079,11965,5767.186,22361537.65028,0
1753687080000,3878.40,3879.27,3875.87,3878.32,5110.536,1753687139999,19817258.24536,5618,2648.453,10269057.10185,0
1753687140000,3878.32,3880.79,3875.24,3878.41,7020.361,1753687199999,27226818.46470,6208,4438.858,17214600.62315,0
1753687200000,3878.41,3882.18,3878.00,3879.96,6276.423,1753687259999,24354459.92410,5165,3075.923,11935705.07278,0
1753687260000,3879.96,3883.80,3879.96,3881.85,5353.450,1753687319999,20785284.01091,5160,3702.433,14374707.73896,0
1753687320000,3881.85,3887.54,3881.00,3886.63,7256.347,1753687379999,28189500.54426,5987,5175.938,20107546.85935,0
1753687380000,3886.63,3888.98,3886.62,3887.83,7731.295,1753687439999,30056617.03093,5759,4789.865,18621546.37653,0
1753687440000,3887.82,3887.83,3885.41,3886.56,3418.661,1753687499999,13286535.02987,3344,1682.311,6537751.95266,0
1753687500000,3886.56,3889.99,3886.00,3889.99,3830.008,1753687559999,14888512.63168,3688,2536.382,9859923.25184,0
1753687560000,3890.00,3893.22,3889.99,3893.22,7689.191,1753687619999,29922281.23516,5794,5119.387,19922348.90187,0
1753687620000,3893.22,3894.55,3891.00,3894.55,4563.504,1753687679999,17763583.46098,4306,2585.427,10063943.19390,0
1753687680000,3894.55,3896.24,3893.78,3896.15,11277.314,1753687739999,43925856.75981,7820,6363.820,24787788.08317,0
1753687740000,3896.15,3896.46,3894.00,3894.13,5245.054,1753687799999,20431851.24549,3835,2459.293,9579686.16270,0
1753687800000,3894.12,3895.57,3891.00,3891.8,5631.967,1753687859999,21926029.68102,7078,2709.119,10547400.84901,0
1753687860000,3891.80,3893.44,3887.08,3887.61,5983.883,1753687919999,23277106.78993,6178,1704.982,6632688.90091,0
1753687920000,3887.61,3890.76,3884.00,3884.57,3818.467,1753687979999,14846169.40307,4272,1064.052,4138067.32150,0
1753687980000,3884.57,3888.87,3882.24,3888.87,8683.544,1753688039999,33731325.72697,8757,4255.744,16532537.74845,0
1753688040000,3888.86,3888.87,3886.25,3886.7,2727.011,1753688099999,10600811.55038,3187,1212.744,4714111.12245,0
1753688100000,3886.69,3891.96,3886.69,3890.77,4576.709,1753688159999,17805514.87733,5504,3036.753,11814355.93934,0
1753688160000,3890.76,3890.77,3888.42,3888.53,1245.574,1753688219999,4844495.54817,2329,681.970,2652461.02429,0
1753688220000,3888.53,3891.22,3888.53,3888.93,1149.076,1753688279999,4469894.73377,3184,574.434,2234479.33451,0
1753688280000,3888.93,3890.39,3887.14,3887.31,1641.266,1753688339999,6382878.71051,2103,616.271,2396860.60893,0
1753688340000,3887.31,3892.62,3887.31,3889.53,2180.940,1753688399999,8485003.30082,3765,1535.980,5975734.56973,0
1753688400000,3889.53,3893.62,3888.85,3893.14,2118.651,1753688459999,8246049.16688,2718,1477.130,5749073.01932,0
1753688460000,3893.13,3893.81,3893.00,3893.01,4875.598,1753688519999,18981234.86214,2281,1317.616,5129810.32403,0
1753688520000,3893.02,3893.02,3888.86,3888.87,4856.443,1753688579999,18901690.44909,3572,697.563,2714098.18421,0
1753688580000,3888.86,3892.23,3888.80,3890.91,2421.222,1753688639999,9418433.60845,2774,1304.133,5073343.02182,0
1753688640000,3890.90,3890.91,3888.00,3888.59,1125.760,1753688699999,4378266.45083,1750,522.642,2032617.37491,0
1753688700000,3888.58,3890.00,3888.49,3889.67,707.783,1753688759999,2752813.52437,1681,340.902,1325818.02665,0
1753688760000,3889.66,3893.09,3888.88,3890.47,4226.092,1753688819999,16443687.45164,3549,3725.344,14495806.13585,0
1753688820000,3890.47,3891.72,3889.95,3890.98,1013.491,1753688879999,3943581.56313,1803,469.321,1826128.14577,0
1753688880000,3890.98,3892.15,3890.87,3891.76,921.734,1753688939999,3586608.41078,1405,648.961,2525167.36314,0
1753688940000,3891.75,3893.00,3891.57,3892.1,912.648,1753688999999,3552018.31327,1461,406.451,1581848.97471,0
1753689000000,3892.09,3892.91,3889.04,3890.8,1661.276,1753689059999,6463345.11604,2397,546.739,2127390.89362,0
1753689060000,3890.80,3890.91,3887.00,3887.0,1409.192,1753689119999,5481102.90130,2131,385.563,1499764.50003,0
1753689120000,3887.00,3889.77,3885.94,3889.77,1489.096,1753689179999,5787668.98924,2030,536.838,2086880.36842,0
1753689180000,3889.76,3889.76,3888.00,3888.84,1062.120,1753689239999,4130471.95007,1766,282.151,1097188.54774,0
1753689240000,3888.84,3891.60,3888.84,3889.64,2041.779,1753689299999,7942920.58375,2259,1299.980,5057247.62433,0
1753689300000,3889.64,3891.05,3889.29,3889.66,757.878,1753689359999,2948244.45578,1621,520.805,2026014.00046,0
1753689360000,3889.65,3890.85,3889.52,3890.41,505.031,1753689419999,1964534.51692,1319,304.922,1186104.80129,0
1753689420000,3890.40,3890.76,3889.43,3890.59,1735.837,1753689479999,6752490.37103,1964,1034.961,4025955.10872,0
1753689480000,3890.59,3891.68,3890.40,3891.0,977.472,1753689539999,3803327.14605,1209,706.498,2749027.88688,0
1753689540000,3891.00,3892.81,3890.20,3892.01,2949.848,1753689599999,11480441.05410,1992,1533.557,5968104.81980,0
1753689600000,3892.00,3892.00,3887.87,3888.26,2259.026,1753689659999,8787270.61671,3098,677.355,2634844.79851,0
1753689660000,3888.26,3889.22,3886.96,3887.27,1114.206,1753689719999,4332241.66609,1928,525.210,2042239.85184,0
1753689720000,3887.27,3887.62,3886.22,3887.26,1637.250,1753689779999,6363904.26618,2948,397.430,1544731.87454,0
1753689780000,3887.26,3889.25,3887.14,3889.25,1162.832,1753689839999,4520977.87845,2113,768.217,2986818.92931,0
1753689840000,3889.24,3891.72,3888.16,3890.4,1407.704,1753689899999,5475595.50573,2660,836.062,3252218.19110,0
1753689900000,3890.40,3903.20,3889.70,3897.59,11479.174,1753689959999,44740644.52447,9621,8934.322,34826061.06079,0
1753689960000,3897.56,3900.99,3896.85,3898.42,5679.551,1753690019999,22142903.40297,5050,4264.780,16627495.68186,0
1753690020000,3898.41,3899.59,3897.09,3898.1,3669.013,1753690079999,14301969.01881,2990,2549.636,9938708.00922,0
1753690080000,3898.10,3899.37,3896.90,3898.4,2190.384,1753690139999,8538190.18383,2591,1336.322,5209004.90505,0
1753690140000,3898.40,3898.41,3890.03,3891.38,7003.246,1753690199999,27267685.68501,7068,1225.550,4773793.08791,0
1753690200000,3891.38,3891.39,3887.71,3888.23,3775.597,1753690259999,14684419.41684,4125,749.511,2914869.70824,0
1753690260000,3888.24,3890.44,3886.00,3887.36,4622.466,1753690319999,17971338.61970,3959,1215.129,4724048.93966,0
1753690320000,3887.37,3887.76,3885.18,3885.19,2115.562,1753690379999,8221797.23509,3264,683.518,2656378.25173,0
1753690380000,3885.18,3886.70,3883.00,3885.49,3600.272,1753690439999,13985646.95546,3123,1704.430,6620719.28542,0
1753690440000,3885.50,3887.01,3884.83,3886.51,1291.578,1753690499999,5019037.52853,1919,765.755,2975658.21969,0
1753690500000,3886.51,3889.17,3886.51,3888.72,1905.341,1753690559999,7408085.23012,2796,1312.771,5104016.36532,0
1753690560000,3888.72,3889.17,3886.52,3886.56,1977.900,1753690619999,7688994.09625,2363,1179.739,4586014.87022,0
1753690620000,3886.55,3890.25,3886.55,3889.52,790.638,1753690679999,3074347.75582,1826,448.621,1744336.01433,0
1753690680000,3889.51,3893.31,3889.51,3890.82,1763.251,1753690739999,6861674.79290,3138,1195.552,4652410.70332,0
1753690740000,3890.83,3890.83,3887.93,3888.41,944.296,1753690799999,3672848.27874,2298,375.483,1460439.15812,0
1753690800000,3888.41,3889.20,3886.28,3889.19,1177.861,1753690859999,4578982.15654,1956,678.245,2636757.94297,0
1753690860000,3889.20,3891.99,3889.19,3891.99,1419.544,1753690919999,5522510.78121,2623,662.518,2577356.99889,0
1753690920000,3891.99,3896.17,3891.92,3896.16,3547.425,1753690979999,13812954.08461,4505,1675.183,6523468.30905,0
1753690980000,3896.17,3899.03,3896.16,3898.22,2743.089,1753691039999,10691140.78255,3219,1484.102,5783994.34123,0
1753691040000,3898.23,3899.72,3897.01,3899.02,2790.008,1753691099999,10875787.84709,3432,1356.779,5288919.22745,0
1753691100000,3899.01,3899.02,3893.47,3894.21,2330.405,1753691159999,9078402.94496,3430,783.984,3053976.10307,0
1753691160000,3894.21,3894.38,3891.49,3893.36,976.979,1753691219999,3803623.47655,2587,500.213,1947396.60250,0
1753691220000,3893.37,3894.40,3893.14,3894.39,1361.797,1753691279999,5302443.68277,1851,928.285,3614498.87682,0
1753691280000,3894.39,3896.46,3893.16,3895.32,2244.151,1753691339999,8741256.32997,2438,1963.131,7646702.39044,0
1753691340000,3895.33,3898.15,3895.32,3896.61,1076.559,1753691399999,4195155.91952,1825,672.691,2621263.00739,0
1753691400000,3896.60,3897.55,3895.59,3895.6,1790.249,1753691459999,6975744.12991,2417,711.768,2773241.43531,0
1753691460000,3895.60,3895.88,3891.15,3891.48,1292.787,1753691519999,5033964.75882,2468,416.705,1622689.81031,0
1753691520000,3891.48,3892.06,3887.07,3889.25,7669.622,1753691579999,29826358.59541,5777,3172.166,12334493.24667,0
1753691580000,3889.25,3892.72,3885.41,3885.42,7005.030,1753691639999,27243108.42367,6302,5063.033,19693100.76930,0
1753691640000,3885.41,3885.87,3881.34,3882.77,3454.420,1753691699999,13415856.87036,4674,1386.412,5384383.25903,0
1753691700000,3882.77,3886.62,3882.77,3884.81,2724.527,1753691759999,10584274.79666,4388,1912.455,7429496.05573,0
1753691760000,3884.79,3888.44,3884.51,3888.44,787.636,1753691819999,3061036.34055,1875,576.025,2238807.49163,0
1753691820000,3888.43,3889.25,3886.12,3886.99,1769.479,1753691879999,6879188.75816,2405,597.492,2322830.35704,0
1753691880000,3886.98,3887.76,3886.63,3887.75,969.875,1753691939999,3770090.99464,1407,367.918,1430149.12259,0
1753691940000,3887.75,3889.60,3886.63,3888.96,1468.512,1753691999999,5709063.83780,1991,1125.162,4374084.33364,0
1753692000000,3888.96,3889.20,3887.92,3888.0,1236.180,1753692059999,4806848.62843,1964,384.055,1493276.38043,0
1753692060000,3888.00,3888.01,3886.66,3886.8,1283.387,1753692119999,4989134.78567,1539,286.787,1114780.06214,0
1753692120000,3886.81,3886.81,3885.30,3885.44,1119.231,1753692179999,4349025.17424,1467,532.867,2070441.37087,0
1753692180000,3885.43,3885.63,3884.06,3884.07,985.937,1753692239999,3830368.06780,2098,342.666,1331237.67695,0
1753692240000,3884.06,3886.80,3883.02,3886.79,1236.411,1753692299999,4802855.78504,2280,594.229,2308420.35379,0
1753692300000,3886.80,3890.70,3886.79,3889.54,1512.186,1753692359999,5880798.43837,2904,1040.297,4045445.73536,0
1753692360000,3889.54,3889.70,3887.69,3888.62,655.382,1753692419999,2548658.44073,1770,379.436,1475524.14771,0
1753692420000,3888.61,3889.18,3885.44,3888.36,1115.715,1753692479999,4337875.32120,2944,527.012,2048996.85713,0
1753692480000,3888.35,3889.71,3886.83,3887.07,575.370,1753692539999,2236995.60707,1964,308.118,1197921.64671,0
1753692540000,3887.07,3887.85,3886.83,3886.84,332.913,1753692599999,1294184.48078,950,135.437,526512.26661,0
1753692600000,3886.83,3886.84,3884.68,3885.75,1447.997,1753692659999,5626343.99587,2750,564.376,2192779.78131,0
1753692660000,3885.74,3888.76,3885.00,3888.41,1063.177,1753692719999,4132737.68266,1794,683.487,2657038.34563,0
1753692720000,3888.40,3890.61,3886.87,3886.88,1213.915,1753692779999,4721295.82448,2345,776.588,3020489.20456,0
1753692780000,3886.87,3887.16,3885.54,3887.06,1037.811,1753692839999,4033313.66056,1878,394.313,1532474.74257,0
1753692840000,3887.06,3889.25,3886.76,3889.25,923.817,1753692899999,3591738.56744,1914,552.979,2149889.20527,0
1753692900000,3889.25,3889.64,3888.22,3888.7,1183.303,1753692959999,4601584.79701,1674,619.969,2410816.29670,0
1753692960000,3888.69,3891.07,3888.69,3891.06,1106.625,1753693019999,4304620.29120,1785,727.109,2828419.84376,0
1753693020000,3891.07,3893.00,3890.89,3893.0,1780.063,1753693079999,6927196.35569,2279,835.572,3251799.01392,0
1753693080000,3892.99,3893.00,3891.47,3891.59,1255.561,1753693139999,4886833.67185,1519,707.923,2755318.41812,0
1753693140000,3891.59,3891.60,3890.43,3890.56,657.088,1753693199999,2556613.81674,1254,316.140,1229999.23332,0
1753693200000,3890.56,3890.60,3888.78,3889.7,1349.367,1753693259999,5248660.99705,2574,710.194,2762361.62902,0
1753693260000,3889.69,3890.06,3888.00,3889.14,1032.272,1753693319999,4014517.86053,1840,377.838,1469426.23752,0
1753693320000,3889.14,3890.33,3887.70,3887.71,1955.268,1753693379999,7604665.79570,2493,1252.373,4871042.85229,0
1753693380000,3887.70,3887.70,3884.13,3884.13,1904.728,1753693439999,7402468.46147,2416,299.294,1163208.22070,0
1753693440000,3884.13,3887.78,3882.39,3887.78,5155.457,1753693499999,20027811.18561,4497,3457.218,13431857.62890,0
1753693500000,3887.78,3888.53,3885.01,3885.01,1680.010,1753693559999,6530088.98454,2211,465.394,1809057.28756,0
1753693560000,3885.00,3887.04,3884.40,3886.52,1090.158,1753693619999,4236526.02677,2169,412.642,1603418.12007,0
1753693620000,3886.51,3887.83,3886.22,3886.92,790.936,1753693679999,3074187.82338,1866,303.642,1180176.77229,0
1753693680000,3886.91,3886.91,3883.70,3885.44,991.039,1753693739999,3850324.21142,2144,361.668,1405040.59918,0
1753693740000,3885.44,3886.64,3884.04,3884.59,758.255,1753693799999,2945909.99158,1990,288.318,1120212.12230,0
1753693800000,3884.59,3889.47,3884.38,3886.68,6946.302,1753693859999,27003837.79373,4782,5716.007,22220332.66506,0
1753693860000,3886.68,3887.80,3884.84,3887.29,1850.864,1753693919999,7192572.37617,2481,675.369,2624449.41531,0
1753693920000,3887.28,3889.08,3887.00,3889.08,487.921,1753693979999,1896922.49683,1520,291.780,1134359.49141,0
1753693980000,3889.08,3890.75,3887.34,3887.94,899.461,1753694039999,3497789.08406,2165,466.752,1815144.71984,0
1753694040000,3887.94,3887.94,3885.34,3885.7,916.716,1753694099999,3562705.64085,1764,275.379,1070083.98305,0
1753694100000,3885.69,3885.69,3882.51,3884.61,2165.170,1753694159999,8408124.91611,3353,747.193,2901467.00428,0
1753694160000,3884.61,3886.47,3883.79,3885.08,729.391,1753694219999,2833673.97199,2342,442.169,1717881.26239,0
1753694220000,3885.08,3885.29,3883.88,3885.09,805.907,1753694279999,3130672.75874,1505,380.295,1477283.96445,0
1753694280000,3885.09,3885.28,3882.51,3883.26,885.506,1753694339999,3438684.89788,1660,278.033,1079713.19342,0
1753694340000,3883.26,3888.00,3883.26,3887.99,1972.040,1753694399999,7664133.16765,3255,1662.510,6461122.59118,0
1753694400000,3888.00,3891.00,3886.56,3887.66,2699.613,1753694459999,10500336.50186,3238,1710.385,6653350.83900,0
1753694460000,3887.65,3888.00,3884.37,3884.39,1213.477,1753694519999,4715106.87569,2182,278.409,1081805.58354,0
1753694520000,3884.38,3887.14,3884.38,3886.02,645.891,1753694579999,2509786.07203,2258,416.819,1619630.17496,0
1753694580000,3886.01,3886.35,3883.60,3883.6,616.917,1753694639999,2396941.97827,1251,231.957,901209.06981,0
1753694640000,3883.61,3884.18,3881.70,3882.97,1722.583,1753694699999,6688730.82187,2275,725.979,2819025.89663,0
1753694700000,3882.96,3884.42,3882.72,3883.63,922.565,1753694759999,3582793.13627,1756,451.703,1754162.52090,0
1753694760000,3883.63,3883.63,3882.15,3882.15,643.465,1753694819999,2498407.66310,1304,228.361,886671.42279,0
1753694820000,3882.16,3882.16,3880.12,3880.99,3332.943,1753694879999,12935185.66411,3291,516.020,2002766.82431,0
1753694880000,3880.99,3881.99,3879.50,3879.73,3241.752,1753694939999,12579071.47086,3556,896.232,3477939.00592,0
1753694940000,3879.73,3880.46,3878.13,3880.35,3098.755,1753694999999,12020179.85469,3834,1274.120,4942377.27805,0
1753695000000,3880.34,3880.79,3879.44,3879.78,1120.020,1753695059999,4345803.32136,2215,722.892,2804879.90249,0
1753695060000,3879.79,3882.96,3879.78,3880.89,1552.041,1753695119999,6023986.11900,2010,1005.980,3904389.49260,0
1753695120000,3880.89,3882.90,3880.58,3881.8,1216.571,1753695179999,4722583.73323,1953,649.144,2519668.69516,0
1753695180000,3881.80,3884.44,3881.79,3882.75,1220.659,1753695239999,4740279.02235,2040,727.368,2824687.01178,0
1753695240000,3882.75,3883.52,3881.80,3881.89,1117.590,1753695299999,4338952.50852,1709,580.192,2252405.75297,0
1753695300000,3881.90,3884.55,3881.89,3884.28,1196.853,1753695359999,4647328.33595,1885,411.478,1597844.96303,0
1753695360000,3884.29,3887.89,3884.28,3887.26,1421.972,1753695419999,5525369.53758,2249,1067.307,4147305.06211,0
1753695420000,3887.25,3888.57,3885.32,3887.14,1318.712,1753695479999,5126061.15118,2337,850.381,3305460.61143,0
1753695480000,3887.15,3887.35,3883.64,3884.03,767.531,1753695539999,2982529.18318,1721,418.500,1626220.67348,0
1753695540000,3884.03,3884.04,3880.26,3880.26,2298.613,1753695599999,8923199.47428,2775,663.878,2576756.90935,0
1753695600000,3880.25,3880.72,3875.43,3876.44,5145.426,1753695659999,19951753.39096,5255,886.355,3437154.85479,0
1753695660000,3876.44,3877.17,3870.92,3874.68,14052.482,1753695719999,54432575.93909,13545,3776.350,14628581.12544,0
1753695720000,3874.67,3875.75,3872.18,3874.92,3910.464,1753695779999,15150228.27391,8045,1762.713,6829400.68353,0
1753695780000,3874.92,3877.56,3873.00,3876.42,5662.804,1753695839999,21946264.99973,5572,3325.642,12889223.08043,0
1753695840000,3876.42,3879.33,3875.82,3876.83,3804.834,1753695899999,14752012.68873,3788,1321.750,5125283.91964,0
1753695900000,3876.83,3880.47,3876.83,3879.01,2257.581,1753695959999,8757659.72728,3037,1445.834,5608776.15897,0
1753695960000,3879.00,3879.78,3877.04,3878.05,1887.343,1753696019999,7319635.94537,2674,1175.209,4557577.15045,0
1753696020000,3878.05,3883.99,3878.04,3882.95,3660.108,1753696079999,14207677.23356,4068,2652.121,10294380.55223,0
1753696080000,3882.95,3883.42,3881.12,3881.33,1940.782,1753696139999,7534534.35911,3241,736.848,2860666.40856,0
1753696140000,3881.33,3882.84,3880.34,3882.84,1208.877,1753696199999,4691832.47034,1507,680.896,2642749.56121,0
1753696200000,3882.85,3884.18,3881.78,3884.18,1314.484,1753696259999,5104347.52120,1770,1010.442,3923759.02855,0
1753696260000,3884.19,3892.80,3884.19,3892.79,8041.018,1753696319999,31270378.08956,7219,6595.753,25649026.59688,0
1753696320000,3892.79,3894.25,3890.85,3892.18,5327.269,1753696379999,20737306.99574,5966,2975.232,11581916.46752,0
1753696380000,3892.17,3893.17,3888.91,3889.73,2239.570,1753696439999,8715426.69064,2830,1219.857,4747359.68145,0
1753696440000,3889.73,3891.39,3888.96,3891.05,1413.109,1753696499999,5496946.97288,1749,731.491,2845578.42811,0
1753696500000,3891.05,3892.19,3890.73,3891.61,1834.901,1753696559999,7140553.78470,2445,1203.723,4684207.71978,0
1753696560000,3891.62,3895.00,3890.44,3894.61,4655.333,1753696619999,18126002.12301,5082,3860.521,15031339.58895,0
1753696620000,3894.61,3895.00,3891.03,3891.26,4041.968,1753696679999,15734418.64043,4381,1997.388,7775980.76941,0
1753696680000,3891.25,3892.00,3889.34,3891.2,2761.602,1753696739999,10744418.82444,2551,1376.468,5355563.30295,0
1753696740000,3891.20,3894.10,3890.26,3893.33,2516.921,1753696799999,9797606.33334,2886,1907.854,7426742.43535,0
1753696800000,3893.32,3894.88,3892.72,3893.11,1651.224,1753696859999,6429526.07966,2834,1054.221,4104988.70104,0
1753696860000,3893.12,3894.74,3893.12,3893.59,1563.097,1753696919999,6086810.63529,2248,828.521,3226249.76913,0
1753696920000,3893.60,3893.60,3890.10,3892.36,1774.161,1753696979999,6903656.10878,2556,591.724,2302663.29217,0
1753696980000,3892.36,3895.78,3892.36,3895.51,2040.436,1753697039999,7945470.38861,2928,1492.326,5811081.40142,0
1753697040000,3895.52,3896.77,3893.65,3893.66,3225.759,1753697099999,12564423.67998,3264,1563.923,6091749.44455,0
1753697100000,3893.65,3896.54,3893.65,3894.83,1877.463,1753697159999,7312471.95048,3048,1409.524,5489904.76173,0
1753697160000,3894.83,3895.36,3890.51,3890.51,1339.408,1753697219999,5215064.39954,2214,712.259,2773686.76886,0
1753697220000,3890.51,3890.52,3890.00,3890.0,1273.172,1753697279999,4952836.05450,1417,447.652,1741467.74225,0
1753697280000,3890.01,3890.33,3887.28,3887.81,4203.907,1753697339999,16348841.49290,3774,816.999,3177289.10523,0
1753697340000,3887.81,3889.02,3883.25,3883.65,2979.832,1753697399999,11577519.49468,3534,587.159,2281627.95285,0
1753697400000,3883.65,3885.00,3883.20,3883.79,1287.904,1753697459999,5002374.54105,2424,674.419,2619467.47518,0
1753697460000,3883.79,3885.35,3883.00,3883.0,1328.825,1753697519999,5161235.88091,2090,785.788,3052092.44425,0
1753697520000,3883.00,3883.98,3882.04,3883.75,1746.467,1753697579999,6781439.24268,2158,1085.630,4215408.43275,0
1753697580000,3883.75,3883.76,3881.01,3881.42,1122.161,1753697639999,4356143.26636,1647,387.546,1504268.81235,0
1753697640000,3881.42,3881.95,3880.34,3881.27,1819.473,1753697699999,7061736.77292,2066,590.542,2292117.51163,0
1753697700000,3881.27,3883.29,3881.03,3882.65,1208.269,1753697759999,4690450.53304,2023,695.128,2698497.65465,0
1753697760000,3882.64,3884.57,3882.11,3883.79,1223.529,1753697819999,4751221.74787,2197,783.617,3042898.23104,0
1753697820000,3883.79,3884.74,3883.02,3884.71,704.379,1753697879999,2735899.86913,1554,509.294,1978134.60211,0
1753697880000,3884.71,3887.35,3884.70,3885.5,2768.878,1753697939999,10760321.19128,3012,1790.523,6958231.62104,0
1753697940000,3885.50,3886.80,3884.67,3886.3,600.480,1753697999999,2333440.47278,1773,289.447,1124737.82162,0
1753698000000,3886.30,3887.35,3885.31,3885.31,1186.869,1753698059999,4612452.10636,2194,691.149,2686138.71915,0
1753698060000,3885.32,3885.58,3883.02,3885.0,771.696,1753698119999,2997500.77329,1989,390.514,1516815.21226,0
1753698120000,3885.00,3888.08,3885.00,3887.85,1249.349,1753698179999,4856525.66868,2354,976.321,3795208.59218,0
1753698180000,3887.87,3892.14,3887.69,3891.31,1905.943,1753698239999,7414099.37625,2731,1121.417,4362899.26854,0
1753698240000,3891.32,3891.76,3889.31,3889.99,1889.073,1753698299999,7348905.41151,1503,466.732,1815760.97498,0
1753698300000,3890.00,3892.74,3890.00,3890.23,1314.926,1753698359999,5116386.81481,1933,939.986,3657473.34574,0
1753698360000,3890.24,3890.24,3888.20,3888.62,2531.675,1753698419999,9847859.43919,1865,297.918,1158554.02563,0
1753698420000,3888.61,3889.24,3886.62,3888.0,2625.869,1753698479999,10209120.56758,2464,1207.191,4693376.07686,0
1753698480000,3888.00,3890.00,3887.99,3890.0,509.288,1753698539999,1980687.73260,881,360.325,1401393.88831,0
1753698540000,3890.00,3890.00,3888.68,3888.69,819.193,1753698599999,3186131.49769,931,291.900,1135266.46087,0
1753698600000,3888.69,3888.69,3884.55,3884.55,1922.644,1753698659999,7472227.28436,2938,347.855,1351819.09633,0
1753698660000,3884.55,3885.59,3882.30,3883.66,962.858,1753698719999,3739403.23519,2264,297.294,1154685.69576,0
1753698720000,3883.65,3883.66,3881.00,3881.01,2864.512,1753698779999,11120439.85845,2701,1018.004,3951831.69279,0
1753698780000,3881.00,3884.31,3880.34,3881.49,4199.281,1753698839999,16302161.55130,4092,1771.045,6875304.04324,0
1753698840000,3881.48,3884.53,3880.51,3882.82,3193.051,1753698899999,12395725.85941,2515,1532.536,5950737.27869,0
1753698900000,3882.82,3884.80,3880.53,3880.78,2626.288,1753698959999,10196536.80132,3059,843.042,3272975.03961,0
1753698960000,3880.79,3881.74,3878.82,3879.32,2294.330,1753699019999,8901738.39095,2592,476.502,1848692.52827,0
1753699020000,3879.32,3880.40,3877.69,3878.6,3389.142,1753699079999,13145656.13543,3002,1124.036,4359788.53496,0
1753699080000,3878.60,3878.60,3876.16,3877.51,2843.172,1753699139999,11024790.31342,2972,648.894,2516177.55289,0
1753699140000,3877.51,3881.13,3874.73,3879.65,8943.600,1753699199999,34674399.26239,7111,5502.698,21337480.20085,0
1753699200000,3879.65,3881.54,3878.84,3878.84,1586.838,1753699259999,6156648.85082,2201,694.771,2695627.84882,0
1753699260000,3878.84,3879.53,3878.00,3878.01,2150.345,1753699319999,8340708.68843,2337,437.219,1695808.05830,0
1753699320000,3878.01,3879.07,3877.58,3878.98,1243.521,1753699379999,4822850.40348,2090,475.966,1845960.62190,0
1753699380000,3878.99,3881.45,3875.53,3879.6,5437.772,1753699439999,21092348.00828,4580,3520.424,13656909.34635,0
1753699440000,3879.61,3886.00,3879.22,3885.17,6902.125,1753699499999,26806449.36507,5659,5894.119,22893171.93481,0
1753699500000,3885.17,3885.17,3880.62,3880.62,1848.843,1753699559999,7178349.25462,2631,626.717,2433108.24516,0
1753699560000,3880.61,3884.00,3879.72,3883.65,1889.796,1753699619999,7334813.75059,2290,1013.772,3934434.11486,0
1753699620000,3883.66,3884.35,3881.71,3884.35,1158.523,1753699679999,4498877.07560,1720,830.502,3225174.99493,0
1753699680000,3884.34,3886.84,3884.20,3886.58,2027.829,1753699739999,7878796.25742,2615,1627.662,6324048.50186,0
1753699740000,3886.58,3888.03,3884.41,3884.99,3045.011,1753699799999,11833091.70843,3176,766.808,2980486.65247,0
1753699800000,3884.99,3886.89,3883.72,3883.73,3423.144,1753699859999,13299898.98026,3313,1295.783,5035402.63532,0
1753699860000,3883.73,3885.54,3883.61,3885.13,859.058,1753699919999,3336852.92613,1490,448.850,1743475.07795,0
1753699920000,3885.13,3886.81,3884.94,3886.8,762.820,1753699979999,2964002.09488,1374,409.681,1591833.91313,0
1753699980000,3886.80,3886.81,3884.46,3886.2,949.343,1753700039999,3688839.37230,1423,515.829,2004295.23869,0
1753700040000,3886.19,3886.20,3884.37,3884.38,600.290,1753700099999,2332463.84894,1016,225.566,876513.54541,0
1753700100000,3884.37,3886.23,3882.75,3885.9,952.956,1753700159999,3701370.55946,1822,496.990,1930374.30022,0
1753700160000,3885.89,3887.59,3884.68,3884.69,918.102,1753700219999,3568413.00129,1636,524.888,2040152.31080,0
1753700220000,3884.69,3885.88,3884.67,3884.89,570.224,1753700279999,2215451.95772,1063,420.635,1634264.45011,0
1753700280000,3884.88,3889.00,3884.63,3888.27,2191.363,1753700339999,8519238.44422,1958,1872.736,7280762.86365,0
1753700340000,3888.27,3888.27,3885.35,3887.06,2760.776,1753700399999,10730065.66187,2228,267.341,1039141.22959,0
1753700400000,3887.05,3887.40,3885.03,3885.03,706.361,1753700459999,2745174.81095,3643,319.683,1242375.35790,0
1753700460000,3885.03,3888.82,3885.03,3888.82,867.114,1753700519999,3370416.59233,1822,454.453,1766384.89514,0
1753700520000,3888.81,3889.76,3888.25,3888.7,1899.905,1753700579999,7388213.76315,2114,1421.786,5528866.69010,0
1753700580000,3888.70,3890.74,3888.62,3890.74,1172.098,1753700639999,4559060.93654,1670,798.706,3106673.85534,0
1753700640000,3890.74,3893.06,3888.73,3888.74,3328.869,1753700699999,12954369.49827,3354,2471.895,9620008.66518,0
1753700700000,3888.73,3888.74,3883.00,3883.0,3425.611,1753700759999,13312302.96699,3878,295.331,1147555.79874,0
1753700760000,3883.01,3886.74,3882.70,3885.11,3245.084,1753700819999,12607153.20554,3647,2643.361,10269583.02422,0
1753700820000,3885.11,3886.42,3882.23,3882.39,2554.365,1753700879999,9922065.83386,3078,578.579,2247281.98621,0
1753700880000,3882.40,3883.04,3880.21,3880.49,2658.578,1753700939999,10319905.93601,3065,1219.156,4732601.11102,0
1753700940000,3880.50,3882.25,3876.00,3878.21,5747.356,1753700999999,22292523.42860,5676,1611.846,6250998.93566,0
1753701000000,3878.21,3880.65,3878.03,3880.22,2767.572,1753701059999,10736442.41860,3276,2137.824,8293440.57916,0
1753701060000,3880.23,3880.77,3878.88,3879.59,1135.308,1753701119999,4404800.31792,1869,584.665,2268413.36712,0
1753701120000,3879.60,3879.71,3878.00,3879.7,1762.176,1753701179999,6834988.77922,1919,752.724,2919470.07780,0
1753701180000,3879.71,3879.72,3878.00,3879.41,1119.430,1753701239999,4342167.50212,1855,511.033,1982152.63117,0
1753701240000,3879.41,3879.41,3877.81,3877.82,1261.146,1753701299999,4891430.20067,1685,529.402,2053106.97290,0
1753701300000,3877.82,3878.40,3875.11,3875.12,3949.961,1753701359999,15312351.19345,4406,1174.539,4553370.04154,0
1753701360000,3875.11,3876.35,3874.00,3874.6,4349.946,1753701419999,16856103.66193,3907,1641.935,6362332.79193,0
1753701420000,3874.59,3877.00,3873.73,3875.51,3024.921,1753701479999,11720514.09956,3953,1707.979,6617674.39657,0
1753701480000,3875.50,3875.60,3873.73,3874.09,2371.925,1753701539999,9189944.52824,3019,1097.958,4253946.77346,0
1753701540000,3874.08,3874.13,3873.10,3873.74,2621.810,1753701599999,10155941.58034,2386,704.463,2728811.73343,0
1753701600000,3873.73,3875.82,3873.73,3875.82,1884.262,1753701659999,7300585.46262,2417,820.777,3180159.11684,0
1753701660000,3875.82,3876.13,3874.17,3875.48,1585.632,1753701719999,6144223.55146,2475,704.218,2728883.87333,0
1753701720000,3875.47,3876.18,3875.04,3876.18,1065.758,1753701779999,4130556.21654,1394,407.674,1580026.84401,0
1753701780000,3876.17,3877.34,3875.03,3875.37,1570.117,1753701839999,6086257.86242,2084,920.961,3569982.47737,0
1753701840000,3875.38,3876.91,3875.00,3876.12,918.231,1753701899999,3559067.05323,2068,412.654,1599440.83439,0
1753701900000,3876.12,3876.12,3874.70,3875.44,1469.567,1753701959999,5695221.31434,2152,697.247,2702097.71098,0
1753701960000,3875.44,3877.63,3874.36,3874.36,1470.437,1753702019999,5699747.73105,2406,677.942,2627885.27488,0
1753702020000,3874.37,3874.37,3873.52,3873.52,1543.781,1753702079999,5980450.66930,1682,391.974,1518451.11026,0
1753702080000,3873.53,3873.73,3870.03,3870.78,5935.324,1753702139999,22980141.73656,6249,1248.219,4832246.71315,0
1753702140000,3870.78,3871.25,3868.09,3868.97,6479.388,1753702199999,25072784.37818,5029,1286.826,4979828.95467,0
1753702200000,3868.96,3871.69,3868.00,3871.69,3037.843,1753702259999,11756138.92749,3655,1633.656,6322473.03314,0
1753702260000,3871.70,3873.00,3871.08,3872.83,1869.158,1753702319999,7237395.39646,2032,1130.835,4378581.61309,0
1753702320000,3872.82,3875.73,3870.51,3870.51,4630.309,1753702379999,17933073.24406,4243,2113.977,8189027.56375,0
1753702380000,3870.51,3870.52,3859.08,3859.95,26210.862,1753702439999,101255383.02678,17185,5715.649,22080772.29988,0
1753702440000,3859.96,3864.18,3856.61,3863.28,14522.935,1753702499999,56065823.17172,11097,5843.122,22563326.43594,0
1753702500000,3863.28,3863.79,3859.10,3863.46,5213.007,1753702559999,20131279.58923,5362,2459.958,9500310.27681,0
1753702560000,3863.46,3864.00,3857.72,3862.99,8940.823,1753702619999,34515865.75795,7966,2487.475,9604325.40547,0
1753702620000,3862.99,3869.73,3862.99,3866.01,6593.445,1753702679999,25497848.07107,6081,5009.933,19373788.03777,0
1753702680000,3866.00,3870.24,3865.61,3870.22,3281.410,1753702739999,12694396.33086,2591,2802.329,10841107.69951,0
1753702740000,3870.22,3870.82,3868.68,3870.0,2724.436,1753702799999,10543198.78377,3484,1466.395,5674808.57008,0
1753702800000,3869.99,3873.71,3869.99,3872.35,4103.474,1753702859999,15888990.21080,3662,3356.504,12996974.10027,0
1753702860000,3872.35,3872.35,3870.35,3871.99,1623.809,1753702919999,6286365.57084,2338,944.948,3658247.91407,0
1753702920000,3872.00,3873.80,3871.61,3872.43,2278.367,1753702979999,8822847.94949,2705,1207.967,4677718.73239,0
1753702980000,3872.44,3873.25,3870.52,3870.81,1289.783,1753703039999,4993947.93914,1894,729.045,2822860.24324,0
1753703040000,3870.81,3871.05,3870.00,3870.01,1914.021,1753703099999,7408144.05615,1826,1167.162,4517500.06661,0
1753703100000,3870.01,3874.29,3870.00,3873.68,2453.822,1753703159999,9503491.81249,2673,1966.810,7617256.26728,0
1753703160000,3873.68,3877.00,3873.25,3876.31,5139.919,1753703219999,19920461.42679,4407,3884.909,15056377.53688,0
1753703220000,3876.32,3877.19,3875.70,3876.19,2207.403,1753703279999,8556959.73859,2077,929.973,3605120.59918,0
1753703280000,3876.19,3879.17,3876.18,3878.55,2777.113,1753703339999,10769357.14216,3171,2037.672,7902035.86029,0
1753703340000,3878.55,3878.76,3876.23,3876.7,1725.158,1753703399999,6689166.16601,2144,845.064,3276708.75839,0
1753703400000,3876.69,3877.63,3876.39,3877.0,909.214,1753703459999,3524933.81081,1509,456.483,1769716.56336,0
1753703460000,3877.00,3878.28,3876.99,3877.7,1036.982,1753703519999,4021263.86164,1259,474.283,1839116.35099,0
1753703520000,3877.70,3878.11,3876.01,3876.02,1097.187,1753703579999,4254118.00906,1574,428.706,1662218.96153,0
1753703580000,3876.01,3877.74,3876.01,3877.03,921.066,1753703639999,3570899.96917,1692,722.422,2800762.32139,0
1753703640000,3877.03,3878.00,3876.03,3876.86,782.277,1753703699999,3033196.84688,1419,329.075,1275893.07656,0
1753703700000,3876.87,3878.46,3876.00,3876.0,2208.452,1753703759999,8562952.50462,2325,1361.060,5277309.01050,0
1753703760000,3876.00,3877.36,3873.74,3876.17,3157.753,1753703819999,12238462.38753,3479,1138.318,4412232.54455,0
1753703820000,3876.17,3879.20,3876.16,3877.34,1917.545,1753703879999,7436115.58470,2399,1226.535,4756524.75156,0
1753703880000,3877.34,3878.74,3877.33,3877.34,1128.238,1753703939999,4375147.77097,1340,649.531,2518860.41713,0
1753703940000,3877.35,3878.82,3877.34,3878.59,768.540,1753703999999,2980448.89841,1121,407.887,1581799.04867,0
1753704000000,3878.59,3880.00,3874.43,3874.46,4295.737,1753704059999,16660269.66368,4732,2127.267,8251291.63310,0
1753704060000,3874.46,3877.49,3874.46,3875.64,1345.090,1753704119999,5213662.84259,2880,820.945,3182022.08956,0
1753704120000,3875.64,3875.75,3873.80,3874.11,1293.813,1753704179999,5013105.21181,2659,440.382,1706315.43125,0
1753704180000,3874.10,3875.12,3872.94,3874.37,1989.548,1753704239999,7707252.83570,2710,1150.051,4455400.19780,0
1753704240000,3874.37,3874.37,3871.47,3872.57,1925.700,1753704299999,7457378.37375,2479,566.949,2195619.02042,0
1753704300000,3872.57,3878.00,3872.57,3877.31,1248.513,1753704359999,4838644.11781,2649,815.742,3161150.19566,0
1753704360000,3877.30,3877.30,3873.50,3874.49,1544.835,1753704419999,5985824.85434,2943,1071.215,4150448.74677,0
1753704420000,3874.49,3876.10,3874.27,3874.51,1118.512,1753704479999,4334262.01053,1889,760.915,2948583.84157,0
1753704480000,3874.52,3875.62,3872.02,3875.54,1321.135,1753704539999,5117690.93034,3053,659.280,2553832.57901,0
1753704540000,3875.55,3878.00,3874.29,3877.73,1089.335,1753704599999,4222619.31293,2348,640.146,2481584.77573,0
1753704600000,3877.72,3883.60,3877.22,3883.46,4573.557,1753704659999,17748050.99277,5347,3407.538,13222619.00567,0
1753704660000,3883.46,3883.99,3880.32,3883.43,4153.278,1753704719999,16125644.71494,4438,1782.759,6921942.31836,0
1753704720000,3883.42,3885.78,3882.22,3883.77,3320.618,1753704779999,12897349.85994,4640,1926.992,7484172.49208,0
1753704780000,3883.77,3885.75,3883.77,3885.25,1520.875,1753704839999,5908698.10067,2658,982.653,3817653.00496,0
1753704840000,3885.25,3885.25,3880.43,3880.43,2965.373,1753704899999,11515400.66220,4255,1018.006,3953314.58428,0
1753704900000,3880.41,3882.92,3878.32,3882.63,1763.280,1753704959999,6842910.90269,3705,1142.321,4433322.73815,0
1753704960000,3882.62,3885.21,3882.39,3884.78,3620.920,1753705019999,14063430.09882,3626,2405.758,9343823.45792,0
1753705020000,3884.78,3885.84,3883.33,3885.19,1905.607,1753705079999,7403026.97895,2795,1273.926,4949130.30376,0
1753705080000,3885.19,3886.18,3883.33,3883.34,1616.949,1753705139999,6282340.39659,2576,643.959,2502062.25560,0
1753705140000,3883.33,3886.19,3883.06,3886.18,1514.705,1753705199999,5883681.88452,2182,816.334,3171046.28124,0
1753705200000,3886.19,3886.46,3883.57,3884.25,2600.650,1753705259999,10102962.19394,3186,1195.648,4644797.03022,0
1753705260000,3884.25,3886.10,3883.96,3886.05,1742.519,1753705319999,6770054.64140,2797,1162.549,4516751.25697,0
1753705320000,3886.05,3887.38,3884.75,3885.99,2354.430,1753705379999,9150017.63294,3261,792.151,3078568.03022,0
1753705380000,3885.99,3887.45,3885.58,3887.44,1528.270,1753705439999,5939781.54221,2342,901.871,3505209.40696,0
1753705440000,3887.44,3888.80,3887.44,3888.27,2847.797,1753705499999,11072541.44929,3000,1849.764,7191966.54387,0
1753705500000,3888.27,3888.27,3885.51,3886.45,1151.894,1753705559999,4477240.86058,2095,456.376,1773815.29805,0
1753705560000,3886.45,3886.45,3882.39,3882.39,2068.597,1753705619999,8034535.82743,3597,868.575,3373396.48916,0
1753705620000,3882.39,3882.40,3878.64,3881.43,2652.074,1753705679999,10291376.71478,5903,868.270,3369004.95708,0
1753705680000,3881.44,3883.00,3881.43,3882.9,839.051,1753705739999,3257328.10100,1838,478.013,1855693.63423,0
1753705740000,3882.90,3883.66,3882.37,3882.38,808.636,1753705799999,3139944.62859,1336,445.581,1730189.48632,0
1753705800000,3882.37,3883.94,3879.60,3883.94,1309.044,1753705859999,5080894.09624,2467,456.102,1770376.55389,0
1753705860000,3883.94,3884.93,3882.12,3883.32,895.356,1753705919999,3477284.76871,2060,343.596,1334390.02172,0
1753705920000,3883.32,3885.79,3883.00,3885.43,787.636,1753705979999,3059293.82116,1657,404.195,1569993.19516,0
1753705980000,3885.42,3886.63,3884.91,3886.43,1257.889,1753706039999,4887990.03824,1935,886.658,3445403.12530,0
1753706040000,3886.42,3886.42,3882.15,3884.01,1233.694,1753706099999,4791576.56609,2103,593.209,2303775.09742,0
1753706100000,3884.01,3884.37,3880.64,3883.14,1015.888,1753706159999,3944527.25636,2354,404.223,1569514.92994,0
1753706160000,3883.13,3884.32,3882.80,3884.32,1343.698,1753706219999,5218553.11215,1867,316.137,1227700.62024,0
1753706220000,3884.31,3887.51,3883.18,3886.31,1700.815,1753706279999,6608732.96458,2284,1134.804,4409481.72618,0
1753706280000,3886.32,3886.68,3884.53,3885.11,1486.570,1753706339999,5776244.13997,2238,639.650,2485383.10764,0
1753706340000,3885.11,3887.09,3884.61,3885.58,849.685,1753706399999,3302019.51223,2068,368.816,1433265.24914,0
1753706400000,3885.57,3887.31,3885.57,3887.09,1088.180,1753706459999,4229194.00950,1471,744.612,2893909.09045,0
1753706460000,3887.09,3887.10,3885.00,3887.0,525.431,1753706519999,2041962.78975,1348,314.880,1223708.57794,0
1753706520000,3887.00,3888.44,3884.35,3884.35,1454.978,1753706579999,5656202.21158,1955,933.773,3630179.77053,0
1753706580000,3884.35,3884.65,3882.46,3882.47,1381.765,1753706639999,5366243.69261,2001,638.011,2477740.07485,0
1753706640000,3882.47,3885.45,3882.46,3885.45,1737.225,1753706699999,6747192.74125,2613,880.239,3418660.97119,0
1753706700000,3885.44,3886.27,3881.00,3881.0,1290.250,1753706759999,5010330.59892,2053,424.655,1649175.22602,0
1753706760000,3881.00,3883.02,3878.84,3881.59,2792.047,1753706819999,10834111.45368,4066,1321.574,5128212.57472,0
1753706820000,3881.59,3883.68,3881.59,3882.31,1011.311,1753706879999,3926568.98005,2062,637.041,2473330.36973,0
1753706880000,3882.31,3882.99,3881.00,3882.52,1266.192,1753706939999,4915095.24162,2157,680.073,2639944.46406,0
1753706940000,3882.52,3882.52,3880.42,3881.34,1183.045,1753706999999,4591854.38451,1648,474.249,1840770.38721,0
1753707000000,3881.35,3882.98,3880.50,3881.33,959.688,1753707059999,3725254.22424,1549,539.252,2093209.55468,0
1753707060000,3881.32,3881.32,3874.24,3877.8,6230.487,1753707119999,24151053.17829,6846,1354.057,5248953.25058,0
1753707120000,3877.80,3878.79,3875.78,3878.27,1718.375,1753707179999,6662455.35445,2419,692.463,2684871.54726,0
1753707180000,3878.26,3878.77,3877.07,3878.77,675.133,1753707239999,2618073.94465,1518,281.539,1091746.49546,0
1753707240000,3878.77,3879.30,3878.01,3878.77,815.307,1753707299999,3162285.13584,1605,475.466,1844124.54604,0
1753707300000,3878.77,3880.00,3871.00,3871.5,11041.996,1753707359999,42780766.52994,9726,3041.293,11784171.86305,0
1753707360000,3871.49,3872.68,3868.54,3872.58,4364.011,1753707419999,16891273.94953,5370,1582.113,6124714.21970,0
1753707420000,3872.58,3875.87,3871.88,3875.86,1393.174,1753707479999,5396282.33329,2642,918.973,3559623.08118,0
1753707480000,3875.86,3876.94,3867.00,3868.96,11523.301,1753707539999,44609562.49051,9288,2711.279,10498616.95618,0
1753707540000,3868.96,3870.22,3868.02,3869.82,2578.062,1753707599999,9974577.84704,2479,1611.019,6233083.25489,0
1753707600000,3869.82,3870.61,3868.12,3868.12,3017.699,1753707659999,11676648.85714,2857,1422.305,5503528.21488,0
1753707660000,3868.12,3869.62,3864.72,3864.73,2983.870,1753707719999,11539408.38022,4469,1164.914,4505304.50717,0
1753707720000,3864.72,3865.42,3860.00,3861.0,14044.811,1753707779999,54245704.80190,11532,4646.641,17948379.55879,0
1753707780000,3861.01,3863.85,3861.01,3863.17,3363.962,1753707839999,12992460.58531,5238,2158.764,8337641.96067,0
1753707840000,3863.18,3864.13,3861.80,3862.13,2454.570,1753707899999,9481013.58751,3978,1443.920,5577423.44016,0
1753707900000,3862.14,3869.78,3861.90,3868.54,10444.913,1753707959999,40386059.80203,7721,8245.665,31880832.03411,0
1753707960000,3868.55,3869.64,3866.41,3868.61,3529.551,1753708019999,13651800.93033,4332,1589.081,6146650.19635,0
1753708020000,3868.60,3870.79,3867.42,3868.74,2573.432,1753708079999,9956634.71380,3614,1481.340,5731668.95422,0
1753708080000,3868.74,3872.84,3868.01,3872.84,1950.328,1753708139999,7547980.51980,3258,1388.420,5373475.50346,0
1753708140000,3872.84,3874.00,3870.80,3871.0,2546.248,1753708199999,9861756.80478,2862,1601.920,6204496.63188,0
1753708200000,3871.01,3871.82,3866.41,3868.58,2186.050,1753708259999,8457776.94303,4009,1076.841,4166241.38440,0
1753708260000,3868.58,3870.74,3864.65,3864.65,1714.727,1753708319999,6632077.54212,3876,488.569,1889775.26286,0
1753708320000,3864.65,3866.24,3861.00,3861.0,3378.201,1753708379999,13050994.76098,5078,973.406,3760499.74474,0
1753708380000,3861.00,3861.94,3854.08,3860.32,15706.544,1753708439999,60589748.93522,13519,4253.189,16409207.85796,0
1753708440000,3860.32,3861.20,3857.01,3857.8,4224.532,1753708499999,16300961.50591,5314,1601.428,6179971.81443,0
1753708500000,3857.81,3862.92,3857.81,3859.95,6229.307,1753708559999,24048031.11378,6169,3988.752,15397941.63411,0
1753708560000,3859.95,3860.39,3843.79,3855.86,32708.799,1753708619999,125967345.08809,22566,8539.175,32895910.27043,0
1753708620000,3855.87,3858.02,3852.91,3855.01,6763.936,1753708679999,26080839.35877,7804,3841.948,14815183.34617,0
1753708680000,3855.01,3857.04,3853.69,3856.39,7679.382,1753708739999,29607862.45981,6563,3165.170,12203140.32510,0
1753708740000,3856.40,3856.86,3851.08,3853.85,4706.886,1753708799999,18140910.89187,5098,1978.793,7626706.41626,0
1753708800000,3853.86,3854.73,3849.53,3852.11,5747.572,1753708859999,22142275.32803,7298,1716.875,6614642.70482,0
1753708860000,3852.11,3852.12,3846.82,3848.81,12490.389,1753708919999,48083676.97878,9645,6607.064,25436674.70637,0
1753708920000,3848.81,3849.06,3844.00,3844.65,25336.358,1753708979999,97447778.80749,16264,13532.623,52050471.91147,0
1753708980000,3844.65,3847.09,3844.08,3845.14,7301.404,1753709039999,28073875.67883,9856,3816.454,14673985.18113,0
1753709040000,3845.15,3849.28,3844.01,3846.45,10387.806,1753709099999,39959103.49672,11199,5207.012,20029296.49543,0
1753709100000,3846.45,3849.99,3834.08,3835.93,46622.344,1753709159999,179036858.92601,25216,15677.783,60217908.58272,0
1753709160000,3835.92,3839.92,3833.66,3835.18,21700.165,1753709219999,83243283.45148,15915,11085.627,42528165.38499,0
1753709220000,3835.19,3841.21,3835.18,3841.0,9547.530,1753709279999,36654154.80844,9189,6470.699,24841915.66954,0
1753709280000,3841.00,3844.84,3840.18,3843.72,5801.018,1753709339999,22290741.52383,7781,3909.013,15020750.61217,0
1753709340000,3843.73,3846.00,3841.32,3843.47,6446.509,1753709399999,24779518.09207,6242,3785.828,14552634.49942,0
1753709400000,3843.48,3849.62,3842.58,3842.6,8171.121,1753709459999,31430991.72066,9230,5204.514,20020516.80463,0
1753709460000,3842.92,3843.69,3835.46,3835.53,11632.958,1753709519999,44661230.67923,11564,4011.443,15399242.10669,0
1753709520000,3835.52,3835.53,3825.02,3827.89,35081.063,1753709579999,134334264.68804,22185,10582.439,40519900.54809,0
1753709580000,3827.90,3833.60,3825.01,3832.33,16119.039,1753709639999,61711753.00946,13604,8599.873,32926541.60567,0
1753709640000,3832.33,3833.89,3829.58,3831.02,12586.127,1753709699999,48227773.41529,11367,5813.219,22275369.28706,0
1753709700000,3831.03,3841.99,3831.02,3840.0,14221.182,1753709759999,54556546.42754,13270,9584.828,36768105.41677,0
1753709760000,3840.00,3845.00,3837.21,3844.99,10334.778,1753709819999,39696416.07589,11011,5311.285,20404221.68439,0
1753709820000,3844.99,3844.99,3840.79,3841.81,7125.637,1753709879999,27382702.78370,8578,3375.876,12972107.41236,0
1753709880000,3841.80,3848.50,3841.58,3848.07,9292.216,1753709939999,35737797.99644,9284,6189.957,23806859.56093,0
1753709940000,3848.07,3853.90,3846.24,3853.24,13973.573,1753709999999,53813530.88248,14211,7238.913,27877016.46062,0
1753710000000,3853.24,3853.84,3850.15,3853.48,9462.176,1753710059999,36448039.01656,10469,4037.808,15553821.67105,0
1753710060000,3853.49,3868.27,3853.43,3862.39,27100.473,1753710119999,104644580.86045,21578,17857.953,68958308.66039,0
1753710120000,3862.35,3864.12,3857.15,3858.03,11572.281,1753710179999,44678221.86014,11579,4688.219,18099972.84076,0
1753710180000,3858.02,3858.99,3852.35,3854.0,8086.546,1753710239999,31177522.72743,8055,2679.648,10330931.06073,0
1753710240000,3853.99,3856.70,3851.44,3851.45,5814.434,1753710299999,22412182.29723,6751,3155.503,12163221.49919,0
1753710300000,3851.45,3859.00,3851.44,3856.28,5508.754,1753710359999,21240762.37814,6629,3964.422,15285703.31931,0
1753710360000,3856.27,3856.28,3850.48,3852.76,5143.071,1753710419999,19820596.20575,6806,2275.353,8768825.20333,0
1753710420000,3852.76,3853.00,3840.08,3841.04,13577.980,1753710479999,52206745.64294,12532,4524.761,17392597.95768,0
1753710480000,3841.03,3841.03,3833.87,3837.12,13010.084,1753710539999,49924957.98068,11323,4766.697,18290436.95589,0
1753710540000,3837.12,3842.15,3835.93,3840.84,11533.303,1753710599999,44272946.61209,9029,5507.900,21147147.50557,0
1753710600000,3840.85,3850.36,3838.06,3845.36,9652.231,1753710659999,37120813.23166,9604,7042.159,27085878.99570,0
1753710660000,3845.36,3847.71,3841.88,3846.42,4398.660,1753710719999,16912794.21376,6846,2594.046,9974578.93744,0
1753710720000,3846.40,3846.41,3840.27,3844.0,4375.744,1753710779999,16813677.60328,5739,1159.263,4454686.88077,0
1753710780000,3844.00,3845.86,3842.27,3843.51,1431.834,1753710839999,5503920.87013,3815,677.310,2603645.74398,0
1753710840000,3843.51,3843.52,3835.46,3835.46,6880.262,1753710899999,26416709.79940,6048,2076.690,7974640.37954,0
1753710900000,3835.46,3837.54,3831.61,3835.41,11705.727,1753710959999,44881087.32710,9656,4910.347,18828554.35281,0
1753710960000,3835.41,3844.20,3835.41,3842.95,5627.840,1753711019999,21611121.56963,7961,4063.931,15605797.22773,0
1753711020000,3842.96,3842.96,3838.42,3840.0,2790.371,1753711079999,10715299.74946,4533,1295.691,4974868.90284,0
1753711080000,3840.00,3843.00,3839.57,3840.78,2463.542,1753711139999,9463603.56397,4251,1330.281,5110034.12184,0
1753711140000,3840.78,3843.00,3838.72,3842.8,4544.022,1753711199999,17450261.07848,3613,1176.245,4517564.58749,0
1753711200000,3842.80,3843.00,3839.11,3841.34,5466.311,1753711259999,20996469.21379,6559,3202.335,12300603.85128,0
1753711260000,3841.33,3843.63,3840.00,3843.63,3047.556,1753711319999,11708234.29098,4316,2009.090,7719075.79626,0
1753711320000,3843.63,3848.14,3842.46,3847.07,4458.412,1753711379999,17148855.72452,5510,3570.609,13734188.36740,0
1753711380000,3847.07,3847.07,3839.86,3841.59,1824.864,1753711439999,7012444.48015,5551,738.730,2838623.63866,0
1753711440000,3841.60,3841.60,3832.00,3833.89,6115.298,1753711499999,23452487.50915,8029,1646.730,6314685.57239,0
1753711500000,3833.90,3839.62,3831.13,3839.07,5052.076,1753711559999,19377567.39323,7894,2559.527,9818051.25837,0
1753711560000,3839.06,3844.74,3838.99,3842.08,4209.197,1753711619999,16173082.56605,6420,1952.963,7504118.23693,0
1753711620000,3842.07,3849.00,3841.32,3848.99,7939.120,1753711679999,30530939.82778,7564,5327.288,20489210.78660,0
1753711680000,3849.00,3851.67,3848.07,3849.45,4055.744,1753711739999,15615415.84178,5862,2362.296,9095335.53538,0
1753711740000,3849.45,3850.15,3844.45,3847.2,2515.236,1753711799999,9677666.51201,4219,1471.305,5661604.40400,0
1753711800000,3847.20,3847.50,3839.45,3839.76,2310.634,1753711859999,8879861.37024,5610,945.295,3632359.27859,0
1753711860000,3839.76,3843.40,3838.52,3838.53,2544.807,1753711919999,9774735.91457,5226,1336.748,5134755.15665,0
1753711920000,3838.53,3840.40,3837.01,3837.01,3756.929,1753711979999,14422017.12332,5462,850.708,3265550.63486,0
1753711980000,3837.02,3839.25,3835.00,3839.24,6750.223,1753712039999,25897977.63732,7116,2105.585,8079304.38673,0
1753712040000,3839.24,3840.18,3833.34,3835.27,7854.378,1753712099999,30131396.50375,7734,1623.137,6227328.24885,0
1753712100000,3835.27,3838.00,3831.17,3835.01,12316.074,1753712159999,47224740.16016,10153,3589.479,13764583.58847,0
1753712160000,3835.00,3835.50,3821.00,3823.43,36201.639,1753712219999,138505413.78874,25216,9331.552,35702384.86988,0
1753712220000,3823.43,3823.46,3807.88,3812.82,68676.829,1753712279999,262003971.59214,38940,21207.907,80917780.11991,0
1753712280000,3812.82,3814.78,3805.55,3810.99,39972.859,1753712339999,152283209.03035,28239,15263.706,58164096.67703,0
1753712340000,3811.00,3817.92,3805.87,3808.41,21322.017,1753712399999,81254220.92124,21718,12880.663,49095113.26016,0
1753712400000,3808.41,3810.64,3804.98,3806.82,19834.437,1753712459999,75522854.62786,17071,7315.949,27860319.71195,0
1753712460000,3806.83,3808.42,3802.00,3802.45,21055.326,1753712519999,80104333.72875,17027,7034.656,26767813.53546,0
1753712520000,3802.45,3807.79,3800.16,3804.07,19832.832,1753712579999,75426996.80841,17880,7001.325,26631869.77937,0
1753712580000,3804.07,3806.11,3800.00,3802.49,27773.269,1753712639999,105601609.49601,21294,7133.853,27128383.94310,0
1753712640000,3802.48,3802.48,3791.00,3796.76,34198.707,1753712699999,129849853.43967,24972,13997.856,53156692.16657,0
1753712700000,3796.77,3797.23,3775.11,3779.51,82270.497,1753712759999,311358589.51606,48499,21629.652,81873474.17334,0
1753712760000,3779.51,3793.15,3775.01,3791.04,39683.514,1753712819999,150086355.96837,31586,22130.217,83722365.15174,0
1753712820000,3791.04,3792.58,3781.17,3783.3,29729.637,1753712879999,112591723.03291,26589,10174.481,38541567.64972,0
1753712880000,3783.30,3790.07,3775.00,3787.59,27630.403,1753712939999,104476519.73070,23928,9034.871,34181182.54908,0
1753712940000,3787.59,3789.20,3776.69,3783.44,25589.189,1753712999999,96813112.53887,21040,9931.025,37574342.11268,0
1753713000000,3783.45,3783.68,3770.01,3778.66,24447.754,1753713059999,92325795.79475,24564,7427.110,28048166.51579,0
1753713060000,3778.66,3789.34,3778.40,3789.24,13851.108,1753713119999,52429159.80456,14403,9432.872,35706026.36379,0
1753713120000,3789.24,3791.53,3786.85,3787.0,11161.003,1753713179999,42288357.55434,11385,6075.041,23018166.88715,0
1753713180000,3787.01,3788.81,3784.00,3785.36,7749.219,1753713239999,29341472.92142,9814,3865.525,14635686.04769,0
1753713240000,3785.37,3787.79,3784.00,3784.0,11686.508,1753713299999,44245047.04624,9081,6576.413,24898249.38469,0
1753713300000,3784.00,3784.00,3776.15,3779.12,17402.864,1753713359999,65760534.78709,16232,7059.341,26674804.20800,0
1753713360000,3779.12,3783.16,3777.00,3782.09,8152.585,1753713419999,30814827.64855,10966,3728.162,14092844.59092,0
1753713420000,3782.08,3792.00,3782.08,3792.0,15559.399,1753713479999,58948876.71574,12728,10753.511,40739806.81350,0
1753713480000,3791.99,3792.44,3786.56,3791.85,7275.493,1753713539999,27575120.14428,8421,3854.633,14610240.82867,0
1753713540000,3791.84,3794.00,3791.13,3791.88,6634.060,1753713599999,25160682.26061,6485,3974.426,15073131.56297,0
1753713600000,3791.88,3792.48,3783.09,3783.83,8930.595,1753713659999,33831672.83027,7609,4142.875,15697705.10955,0
1753713660000,3783.84,3789.94,3783.32,3789.53,4579.512,1753713719999,17339070.16026,7319,2940.302,11132782.22653,0
1753713720000,3789.53,3790.65,3787.56,3787.9,4790.649,1753713779999,18151636.54956,5071,2980.943,11294866.92808,0
1753713780000,3787.90,3799.58,3787.89,3791.86,18449.897,1753713839999,70001275.92138,11423,14039.984,53272427.60673,0
1753713840000,3791.86,3796.28,3791.86,3794.0,7389.974,1753713899999,28036373.17061,6808,3781.011,14344123.96567,0
1753713900000,3793.99,3795.00,3789.04,3791.04,7557.148,1753713959999,28649887.91012,8700,3579.662,13570145.47687,0
1753713960000,3791.04,3791.05,3783.44,3785.0,6415.619,1753714019999,24301364.77857,8134,2346.083,8888446.47879,0
1753714020000,3785.00,3791.24,3785.00,3788.39,3347.278,1753714079999,12684083.30587,5377,1494.223,5662002.55002,0
1753714080000,3788.40,3790.79,3788.10,3790.41,4420.004,1753714139999,16749776.37235,6128,2241.857,8495543.95788,0
1753714140000,3790.42,3792.87,3789.63,3790.44,3364.393,1753714199999,12754749.56549,5063,1814.201,6877832.50215,0
1753714200000,3790.44,3790.44,3782.98,3783.23,4204.495,1753714259999,15920709.76492,6576,1458.527,5523048.71914,0
1753714260000,3783.23,3788.20,3781.00,3785.45,8458.721,1753714319999,32003301.27563,8671,3890.587,14720392.84935,0
1753714320000,3785.46,3789.94,3785.45,3786.55,3845.698,1753714379999,14567109.12833,5255,2158.516,8175756.06108,0
1753714380000,3786.55,3789.96,3785.18,3789.15,6284.867,1753714439999,23809331.88337,6748,4608.584,17458913.97220,0
1753714440000,3789.15,3789.90,3786.96,3789.19,2614.875,1753714499999,9906326.05276,4595,1645.770,6235042.82842,0
1753714500000,3789.19,3794.40,3788.46,3788.78,6622.914,1753714559999,25107326.79903,6518,4214.522,15978516.46718,0
1753714560000,3788.77,3789.42,3784.24,3784.71,3065.427,1753714619999,11607406.89334,4897,946.963,3586009.80995,0
1753714620000,3784.71,3786.87,3781.30,3781.38,3409.965,1753714679999,12900332.72547,6095,1133.277,4287886.06676,0
1753714680000,3781.38,3782.50,3779.68,3781.01,6639.688,1753714739999,25102972.93219,6160,1609.359,6084867.69396,0
1753714740000,3781.00,3783.72,3779.16,3783.47,4049.550,1753714799999,15310692.83318,4745,1808.810,6839637.07415,0
1753714800000,3783.48,3786.00,3782.00,3782.17,3994.224,1753714859999,15113772.98865,6213,1499.541,5674236.14908,0
1753714860000,3782.16,3782.80,3779.83,3781.01,4746.114,1753714919999,17946696.12247,5840,1413.722,5345539.77001,0
1753714920000,3781.01,3783.72,3779.52,3783.64,4812.889,1753714979999,18196859.31875,4799,1717.770,6495676.35184,0
1753714980000,3783.65,3789.25,3780.61,3788.38,3992.154,1753715039999,15112470.35332,6213,2363.432,8947647.96949,0
1753715040000,3788.38,3788.56,3784.88,3786.87,4304.976,1753715099999,16303222.93353,5694,1595.705,6042962.54314,0
1753715100000,3786.87,3787.14,3783.16,3786.72,1994.892,1753715159999,7551174.72248,4420,827.786,3133502.31795,0
1753715160000,3786.71,3788.99,3783.00,3787.67,4609.593,1753715219999,17453262.91452,5906,3198.346,12110656.97004,0
1753715220000,3787.67,3789.34,3786.66,3788.01,2986.721,1753715279999,11312800.72527,4203,1914.211,7250163.17742,0
1753715280000,3788.00,3788.01,3784.62,3786.31,1611.337,1753715339999,6101358.42609,3985,794.654,3008961.98256,0
1753715340000,3786.31,3788.73,3783.87,3786.34,6980.303,1753715399999,26434731.69267,5277,2696.901,10210933.83629,0
1753715400000,3786.34,3787.50,3783.47,3785.91,2139.592,1753715459999,8100285.08427,3701,1553.872,5882784.10671,0
1753715460000,3785.88,3793.00,3785.88,3791.73,6546.036,1753715519999,24812725.18096,5467,4513.894,17109694.22181,0
1753715520000,3791.73,3792.90,3790.26,3791.36,5547.409,1753715579999,21034355.82107,4292,2927.022,11098318.78421,0
1753715580000,3791.35,3793.35,3790.39,3793.35,5367.229,1753715639999,20351578.12026,3890,3287.628,12466280.47336,0
1753715640000,3793.35,3800.98,3793.01,3800.01,16790.323,1753715699999,63756188.97545,9810,12761.483,48458724.17282,0
1753715700000,3800.00,3808.00,3797.81,3806.5,29734.604,1753715759999,113063893.88306,16549,20225.556,76911097.90551,0
1753715760000,3806.50,3815.80,3804.91,3811.19,36309.341,1753715819999,138318804.37047,18774,27336.115,104141701.89481,0
1753715820000,3811.19,3815.18,3811.19,3813.09,24740.628,1753715879999,94338485.31598,16482,11911.158,45416434.50858,0
1753715880000,3813.09,3819.20,3813.09,3818.31,24474.783,1753715939999,93413341.55973,15289,15449.953,58968856.84631,0
1753715940000,3818.30,3819.74,3810.56,3814.01,17027.797,1753715999999,64955164.06182,10888,7118.685,27151798.79483,0
1753716000000,3814.01,3814.60,3810.86,3814.0,14547.566,1753716059999,55471423.37764,9059,7447.373,28394208.47367,0
1753716060000,3814.00,3815.57,3812.00,3815.0,6982.999,1753716119999,26633000.11278,5631,3600.901,13733398.24042,0
1753716120000,3814.99,3817.75,3814.59,3817.21,5691.179,1753716179999,21718527.88070,5028,3518.918,13428475.66509,0
1753716180000,3817.21,3821.96,3814.84,3816.92,16137.249,1753716239999,61617217.37645,10785,9163.552,34995462.87337,0
1753716240000,3816.92,3817.32,3811.00,3814.52,5989.543,1753716299999,22842664.11168,5480,2056.966,7845666.80050,0
1753716300000,3814.52,3815.63,3807.00,3807.24,5392.224,1753716359999,20547339.25253,6707,1633.255,6224362.01260,0
1753716360000,3807.25,3808.28,3803.50,3803.66,7135.419,1753716419999,27155068.41799,6521,2593.061,9869063.47014,0
1753716420000,3803.66,3810.37,3803.50,3810.28,7139.735,1753716479999,27183242.39033,6358,4091.408,15575897.54908,0
1753716480000,3810.28,3816.35,3809.34,3815.86,3361.337,1753716539999,12817981.25547,5828,2560.927,9765853.18843,0
1753716540000,3815.85,3816.67,3812.78,3813.6,3428.890,1753716599999,13079470.47459,3771,1549.532,5910965.49896,0
1753716600000,3813.60,3817.69,3812.88,3815.4,4622.703,1753716659999,17641865.14907,5675,3153.261,12033888.92419,0
1753716660000,3815.40,3817.55,3812.00,3817.55,4796.307,1753716719999,18296040.12341,5231,2344.314,8943138.24392,0
1753716720000,3817.54,3820.00,3814.44,3814.45,5530.110,1753716779999,21114324.66745,5945,2206.662,8425402.05029,0
1753716780000,3814.45,3817.80,3813.72,3816.88,2226.642,1753716839999,8497448.65692,3173,1311.319,5004176.73947,0
1753716840000,3816.88,3818.00,3813.11,3814.25,2883.364,1753716899999,11000955.56675,3584,926.511,3534778.21947,0
1753716900000,3814.25,3816.01,3809.00,3809.57,3519.036,1753716959999,13411874.42658,4904,930.847,3547934.87545,0
1753716960000,3809.57,3812.38,3808.14,3810.47,3015.242,1753717019999,11487177.93071,4386,1331.654,5073467.22925,0
1753717020000,3810.47,3810.84,3806.37,3807.13,3206.116,1753717079999,12209778.43241,4090,767.250,2921316.64483,0
1753717080000,3807.13,3807.14,3802.28,3803.57,5607.003,1753717139999,21331746.88888,5431,1503.440,5720085.93378,0
1753717140000,3803.57,3806.75,3803.15,3804.0,2644.221,1753717199999,10061757.35495,3508,1038.766,3952729.64395,0
1753717200000,3804.01,3806.60,3803.44,3806.6,1760.675,1753717259999,6698066.90305,2595,636.845,2422884.64413,0
1753717260000,3806.59,3810.84,3805.87,3810.56,2147.168,1753717319999,8177098.40821,3370,1255.459,4781907.32321,0
1753717320000,3810.55,3812.72,3808.14,3808.4,1498.231,1753717379999,5707757.64085,2937,623.596,2375671.04776,0
1753717380000,3808.39,3809.00,3807.13,3807.96,1489.235,1753717439999,5671585.65338,2652,450.770,1716576.80771,0
1753717440000,3807.95,3807.95,3803.93,3804.96,1953.437,1753717499999,7434507.56299,3035,270.159,1028093.62219,0
1753717500000,3804.96,3810.24,3804.32,3809.6,2813.247,1753717559999,10708371.55525,3795,2102.897,8004272.39220,0
1753717560000,3809.60,3812.37,3809.31,3811.77,1591.416,1753717619999,6065177.10212,2952,897.429,3420292.36276,0
1753717620000,3811.77,3812.35,3810.20,3811.01,1100.928,1753717679999,4196001.50644,2221,586.241,2234369.69309,0
1753717680000,3811.00,3812.78,3810.05,3810.67,1764.884,1753717739999,6726678.43987,2894,777.197,2962357.82176,0
1753717740000,3810.67,3810.67,3804.68,3804.68,2006.921,1753717799999,7640391.77525,3471,345.996,1316688.17601,0
1753717800000,3804.69,3805.00,3790.31,3793.73,16743.991,1753717859999,63557845.14351,14581,4626.198,17557994.52506,0
1753717860000,3793.74,3793.74,3788.38,3789.99,13313.091,1753717919999,50466930.71837,10531,4711.755,17860452.56883,0
1753717920000,3790.00,3797.64,3789.99,3794.9,5442.006,1753717979999,20650296.40948,6430,3172.273,12034663.25045,0
1753717980000,3794.89,3802.86,3794.89,3802.72,2807.645,1753718039999,10667850.25141,4472,1858.352,7061108.58255,0
1753718040000,3802.72,3803.80,3798.72,3800.4,3888.562,1753718099999,14779151.76850,4818,1631.433,6200538.09878,0
1753718100000,3800.40,3805.60,3800.40,3805.59,5154.147,1753718159999,19600924.01057,4878,3857.445,14669988.51821,0
1753718160000,3805.59,3809.14,3804.00,3809.13,5817.586,1753718219999,22144982.17349,6287,3411.530,12986721.94894,0
1753718220000,3809.13,3810.00,3806.33,3806.91,3378.678,1753718279999,12865980.23492,4258,1556.969,5929080.76845,0
1753718280000,3806.90,3809.91,3805.10,3809.89,2559.857,1753718339999,9744259.11076,3385,1806.646,6877120.95877,0
1753718340000,3809.85,3809.85,3806.00,3806.09,1802.047,1753718399999,6861807.41847,2692,1077.015,4101123.33256,0
1753718400000,3806.09,3807.41,3802.63,3807.27,3036.207,1753718459999,11551947.17146,5729,1207.484,4594497.15101,0
1753718460000,3807.27,3807.28,3802.72,3804.79,2988.505,1753718519999,11371103.45012,3996,1473.487,5606193.10842,0
1753718520000,3804.78,3808.43,3804.09,3807.52,3248.793,1753718579999,12367736.22645,4964,2006.983,7640359.01317,0
1753718580000,3807.53,3807.53,3802.25,3804.26,3055.277,1753718639999,11621791.81119,4630,726.662,2764362.98927,0
1753718640000,3804.27,3806.48,3800.91,3801.14,1938.167,1753718699999,7372091.07773,3631,840.238,3196268.49872,0
1753718700000,3801.14,3805.00,3800.67,3801.62,2592.242,1753718759999,9857478.90238,4435,1172.043,4457718.59913,0
1753718760000,3801.62,3801.63,3791.86,3796.15,14176.864,1753718819999,53812517.00643,11329,3289.320,12485105.65373,0
1753718820000,3796.15,3800.57,3796.14,3798.29,3252.288,1753718879999,12353231.88757,5989,2098.393,7970211.84350,0
1753718880000,3798.28,3798.60,3796.36,3797.82,2941.603,1753718939999,11170735.92893,4538,1652.464,6275415.00432,0
1753718940000,3797.82,3801.73,3793.28,3794.59,6161.767,1753718999999,23396757.64420,8288,3137.318,11915260.89226,0
1753719000000,3794.60,3798.77,3794.60,3797.15,3049.242,1753719059999,11577394.25462,5887,1795.875,6818222.43151,0
1753719060000,3797.15,3797.53,3795.00,3795.24,1851.583,1753719119999,7029025.02453,3352,1002.720,3806572.97292,0
1753719120000,3795.24,3796.50,3791.39,3794.21,3953.709,1753719179999,14999260.65469,5267,1315.446,4990105.78799,0
1753719180000,3794.22,3798.56,3792.89,3795.5,2006.919,1753719239999,7618593.99532,5015,998.183,3789290.61548,0
1753719240000,3795.50,3800.00,3795.41,3796.96,2630.105,1753719299999,9988928.19967,5191,1826.293,6936019.18871,0
1753719300000,3796.95,3805.13,3796.95,3803.35,4869.960,1753719359999,18517277.68555,5642,4153.666,15794020.98822,0
1753719360000,3803.35,3806.56,3802.31,3806.0,2358.667,1753719419999,8973841.92464,3871,1321.343,5027200.72066,0
1753719420000,3806.00,3806.00,3800.47,3804.27,2800.823,1753719479999,10651917.99648,4889,1137.509,4326493.07432,0
1753719480000,3804.27,3806.88,3801.17,3801.52,2140.255,1753719539999,8143047.20338,4463,1394.120,5304473.40228,0
1753719540000,3801.53,3804.69,3801.09,3801.1,993.258,1753719599999,3777417.31277,2591,398.629,1516013.20161,0
1753719600000,3801.09,3801.80,3795.90,3799.55,2870.786,1753719659999,10903529.09000,5049,835.307,3172621.52287,0
1753719660000,3799.55,3799.55,3793.00,3797.76,5811.890,1753719719999,22062320.90854,6433,4384.547,16645788.46511,0
1753719720000,3797.77,3801.01,3797.01,3797.85,2208.789,1753719779999,8391576.86250,4031,882.927,3354031.40828,0
1753719780000,3797.85,3803.36,3797.60,3803.17,1239.466,1753719839999,4709981.75627,3543,853.874,3244550.48073,0
1753719840000,3803.17,3804.03,3798.10,3800.18,1313.580,1753719899999,4993092.21215,4043,465.657,1769823.95908,0
1753719900000,3800.19,3805.00,3799.42,3804.33,3896.766,1753719959999,14818019.93444,5496,1623.588,6173209.16783,0
1753719960000,3804.33,3805.80,3802.28,3805.11,1733.053,1753720019999,6592814.14526,3670,948.411,3607949.68746,0
1753720020000,3805.11,3808.79,3803.89,3808.28,1576.494,1753720079999,6000913.12587,3348,1047.106,3986072.26419,0
1753720080000,3808.29,3813.73,3807.57,3812.5,6505.445,1753720139999,24790151.62931,6327,4885.735,18618378.32530,0
1753720140000,3812.49,3814.89,3810.47,3811.98,7600.154,1753720199999,28979519.54640,6219,5169.868,19713816.35201,0
1753720200000,3811.97,3814.61,3809.59,3814.61,2649.032,1753720259999,10097101.84386,4181,1617.704,6166544.35966,0
1753720260000,3814.61,3817.14,3811.48,3812.14,5887.790,1753720319999,22459548.34226,6833,4142.823,15804204.03767,0
1753720320000,3812.14,3812.15,3804.96,3804.96,3124.506,1753720379999,11899367.12787,6261,700.781,2669234.71864,0
1753720380000,3804.97,3809.68,3802.56,3807.81,2887.585,1753720439999,10989438.38551,5885,1354.587,5155424.18404,0
1753720440000,3807.81,3810.87,3806.72,3809.31,1098.612,1753720499999,4184207.93061,3999,634.688,2417321.07077,0
1753720500000,3809.30,3814.40,3809.17,3813.72,2734.070,1753720559999,10422846.61513,5215,1391.604,5305132.23593,0
1753720560000,3813.72,3817.00,3813.51,3814.98,2815.834,1753720619999,10742807.88088,5316,1555.117,5932931.97465,0
1753720620000,3814.98,3816.09,3811.00,3811.17,3829.601,1753720679999,14603682.38449,6362,1077.329,4108611.29564,0
1753720680000,3811.18,3813.69,3810.01,3810.48,1449.413,1753720739999,5524266.33337,4001,536.962,2046506.94505,0
1753720740000,3810.47,3811.81,3808.64,3808.64,1266.761,1753720799999,4827101.97043,3470,271.594,1034952.06594,0
1753720800000,3808.65,3812.63,3808.39,3812.59,1561.104,1753720859999,5949115.49942,3131,764.491,2913369.82704,0
1753720860000,3812.60,3813.14,3810.08,3812.46,2340.083,1753720919999,8920248.57197,5158,767.962,2927214.77580,0
1753720920000,3812.45,3814.86,3812.03,3812.22,2357.022,1753720979999,8987761.39920,3962,747.414,2849910.06345,0
1753720980000,3812.23,3814.22,3810.82,3810.83,2088.101,1753721039999,7960776.30355,3688,911.623,3475419.72009,0
1753721040000,3810.83,3816.00,3810.50,3816.0,4826.398,1753721099999,18406362.78697,5471,3959.901,15101593.34248,0
1753721100000,3815.99,3817.00,3814.21,3815.99,2875.286,1753721159999,10971798.21221,4206,1530.511,5840266.86011,0
1753721160000,3816.00,3817.97,3815.02,3817.97,2016.768,1753721219999,7697163.37047,2624,1280.410,4886976.15576,0
1753721220000,3817.96,3818.82,3815.58,3817.64,4392.105,1753721279999,16766548.81138,5109,2523.480,9633996.91938,0
1753721280000,3817.65,3818.34,3816.04,3818.27,3810.665,1753721339999,14545654.54526,4284,2060.788,7866227.29630,0
1753721340000,3818.27,3820.67,3818.22,3820.67,5082.715,1753721399999,19413220.60823,4864,3642.303,13911157.13264,0
1753721400000,3820.67,3821.00,3815.63,3815.64,5837.962,1753721459999,22292475.60880,8673,2201.068,8404395.10552,0
1753721460000,3815.63,3816.19,3811.08,3814.11,3786.001,1753721519999,14439465.70478,6224,1760.140,6712789.05693,0
1753721520000,3814.10,3814.11,3806.60,3806.6,3734.470,1753721579999,14227794.59911,5757,1334.470,5085448.29116,0
1753721580000,3806.61,3810.87,3805.19,3809.33,2642.423,1753721639999,10060346.90192,4843,1364.046,5193935.99550,0
1753721640000,3809.33,3809.92,3805.80,3806.84,1624.034,1753721699999,6184557.59471,3398,433.478,1650745.97861,0
1753721700000,3806.84,3807.60,3803.80,3804.74,2228.350,1753721759999,8479351.99613,4313,894.720,3404597.15913,0
1753721760000,3804.74,3808.14,3804.19,3807.58,1910.401,1753721819999,7271557.38710,3279,1213.738,4619414.55479,0
1753721820000,3807.57,3807.58,3806.18,3807.36,1395.709,1753721879999,5313450.83671,1656,490.099,1865708.87859,0
1753721880000,3807.35,3808.82,3805.43,3806.22,1606.757,1753721939999,6116454.58361,2294,840.271,3198774.33200,0
1753721940000,3806.22,3807.11,3804.19,3804.54,3517.938,1753721999999,13387395.86219,2898,1651.140,6282840.35214,0
1753722000000,3804.51,3807.54,3804.04,3807.54,3240.103,1753722059999,12329955.80321,5069,1654.244,6295025.02766,0
1753722060000,3807.53,3808.21,3803.00,3803.01,1989.227,1753722119999,7571238.39922,3027,854.057,3251143.72989,0
1753722120000,3803.01,3806.00,3799.63,3805.06,5531.169,1753722179999,21030452.57609,7016,2450.221,9316090.02400,0
1753722180000,3805.07,3806.50,3802.97,3806.5,1538.378,1753722239999,5853734.73811,3369,740.495,2817630.54363,0
1753722240000,3806.50,3807.72,3805.00,3807.71,1763.421,1753722299999,6712960.25951,2907,1043.333,3971805.98893,0
1753722300000,3807.71,3807.71,3803.86,3804.58,1466.883,1753722359999,5581718.20912,3421,744.060,2830957.56132,0
1753722360000,3804.57,3805.94,3803.86,3803.88,1866.754,1753722419999,7101931.56324,2981,737.852,2807093.78632,0
1753722420000,3803.88,3807.72,3803.00,3806.28,1243.756,1753722479999,4732542.79615,2423,759.128,2888543.30073,0
1753722480000,3806.27,3807.21,3803.50,3803.5,1301.151,1753722539999,4952059.37597,2590,663.043,2523517.58030,0
1753722540000,3803.51,3804.77,3802.00,3804.55,2407.080,1753722599999,9154947.86355,3118,1459.058,5549050.64768,0
1753722600000,3804.55,3806.28,3803.84,3806.0,1001.093,1753722659999,3809068.84158,2337,521.634,1984724.84388,0
1753722660000,3806.01,3806.28,3802.65,3804.91,1096.277,1753722719999,4170448.21941,2589,626.945,2385036.40268,0
1753722720000,3804.91,3805.41,3802.13,3802.46,1014.798,1753722779999,3860322.77890,2325,466.134,1773064.33175,0
1753722780000,3802.46,3802.89,3796.55,3798.0,3407.051,1753722839999,12944245.67828,5714,825.514,3136311.14384,0
1753722840000,3797.99,3798.00,3791.29,3791.89,8606.844,1753722899999,32655299.08149,8317,2641.429,10021993.86239,0
1753722900000,3791.90,3793.16,3781.00,3781.37,24884.552,1753722959999,94200717.58684,17801,8014.373,30341068.69817,0
1753722960000,3781.37,3788.86,3781.26,3786.45,7479.439,1753723019999,28311432.78647,11801,4688.096,17746546.26632,0
1753723020000,3786.44,3789.65,3786.18,3788.58,3444.924,1753723079999,13050566.89111,8434,1590.351,6024579.10501,0
1753723080000,3788.58,3788.58,3780.88,3782.19,7067.193,1753723139999,26736978.60834,8289,2278.902,8621199.55885,0
1753723140000,3782.19,3784.93,3780.88,3784.43,3893.242,1753723199999,14726436.83424,4861,1757.357,6646761.22236,0
1753723200000,3784.43,3788.77,3776.31,3788.03,14585.294,1753723259999,55150061.07575,13219,5816.876,22000865.36211,0
1753723260000,3788.04,3790.54,3785.75,3790.0,4662.941,1753723319999,17665837.42579,5975,3000.696,11368874.72070,0
1753723320000,3790.00,3791.77,3779.65,3783.35,9576.456,1753723379999,36255791.10532,10271,2231.945,8455832.51936,0
1753723380000,3783.34,3788.79,3782.02,3788.37,2766.288,1753723439999,10469639.08755,4601,1876.646,7102680.34239,0
1753723440000,3788.38,3791.10,3787.28,3790.97,4374.546,1753723499999,16575091.58410,5830,2462.224,9329141.18532,0
1753723500000,3790.96,3795.50,3788.60,3795.5,3019.628,1753723559999,11452615.65222,5857,1803.766,6840914.74075,0
1753723560000,3795.51,3800.00,3795.51,3798.39,8503.544,1753723619999,32300320.97167,7518,7081.888,26900119.09760,0
1753723620000,3798.38,3800.91,3798.20,3798.47,2596.268,1753723679999,9864925.58502,3778,1338.684,5086610.48746,0
1753723680000,3798.46,3801.00,3798.15,3800.85,1252.891,1753723739999,4760299.62889,2400,670.594,2547872.55341,0
1753723740000,3800.85,3801.84,3800.21,3801.24,1946.202,1753723799999,7397800.93167,2592,976.633,3712244.89676,0
1753723800000,3801.25,3805.00,3801.24,3804.69,3824.404,1753723859999,14546469.98339,4951,2929.339,11142185.34897,0
1753723860000,3804.69,3807.42,3801.82,3802.2,4303.096,1753723919999,16374595.64496,4770,2194.417,8351425.04638,0
1753723920000,3802.20,3803.86,3801.60,3802.56,1018.727,1753723979999,3873993.01516,2508,465.364,1769631.96624,0
1753723980000,3802.56,3804.41,3797.99,3798.0,3112.661,1753724039999,11833853.60606,3943,930.173,3537191.37695,0
1753724040000,3797.99,3799.79,3795.89,3795.89,2402.915,1753724099999,9126506.83600,3958,794.123,3016357.03008,0
1753724100000,3795.90,3799.84,3794.33,3798.09,1664.025,1753724159999,6317914.15940,3891,615.173,2335594.61861,0
1753724160000,3798.08,3798.08,3792.44,3792.89,1195.442,1753724219999,4536340.88507,3031,403.036,1529432.54701,0
1753724220000,3792.89,3795.54,3791.16,3793.81,1607.153,1753724279999,6096559.49553,3581,732.192,2777688.18487,0
1753724280000,3793.82,3795.07,3792.33,3792.97,924.253,1753724339999,3506508.74654,2731,465.691,1766808.81901,0
1753724340000,3792.96,3795.06,3789.54,3795.05,1375.966,1753724399999,5217239.20757,3448,493.805,1872757.34212,0
1753724400000,3795.06,3796.66,3791.59,3791.84,1114.560,1753724459999,4229142.50027,3449,411.044,1559794.58341,0
1753724460000,3791.83,3792.36,3787.63,3790.6,2282.098,1753724519999,8647925.66285,3801,875.322,3317151.34807,0
1753724520000,3790.61,3791.98,3788.98,3791.26,1592.666,1753724579999,6036382.00284,3098,837.495,3174086.08563,0
1753724580000,3791.25,3792.01,3787.62,3787.62,1971.561,1753724639999,7471935.46194,2701,811.749,3076376.49983,0
1753724640000,3787.61,3790.80,3786.05,3790.74,2091.479,1753724699999,7922928.49444,3609,1330.917,5041776.89899,0
1753724700000,3790.74,3791.62,3787.57,3787.74,1649.567,1753724759999,6251022.26823,3419,760.878,2883528.16196,0
1753724760000,3787.75,3788.28,3785.01,3788.05,2823.528,1753724819999,10690969.90089,4237,1171.876,4437164.68997,0
1753724820000,3788.04,3790.00,3784.75,3788.44,3146.543,1753724879999,11919504.77823,4276,1440.335,5456719.25966,0
1753724880000,3788.44,3795.05,3788.44,3794.97,3302.636,1753724939999,12524052.76100,4713,2084.686,7905729.32115,0
1753724940000,3794.97,3794.98,3787.81,3787.81,2650.030,1753724999999,10047198.93366,4110,596.910,2263474.13572,0
1753725000000,3787.82,3789.01,3785.00,3786.83,3101.223,1753725059999,11743389.06826,3930,1269.387,4806251.36509,0
1753725060000,3786.84,3788.30,3785.31,3788.1,1542.151,1753725119999,5839546.06115,2800,1006.667,3811833.75290,0
1753725120000,3788.10,3788.59,3786.35,3787.14,1866.803,1753725179999,7070319.92748,2845,624.428,2364951.25113,0
1753725180000,3787.14,3789.04,3786.46,3789.04,1359.868,1753725239999,5150383.10603,2671,562.019,2128686.13592,0
1753725240000,3789.05,3789.05,3785.27,3786.99,1605.712,1753725299999,6080364.44204,2835,745.241,2821902.04752,0
1753725300000,3787.00,3787.66,3784.48,3784.53,1519.030,1753725359999,5751543.96085,2314,974.028,3688150.85855,0
1753725360000,3784.53,3787.24,3781.22,3786.97,2854.382,1753725419999,10799314.20891,4217,1295.058,4900024.62703,0
1753725420000,3786.97,3790.30,3786.46,3786.46,1067.567,1753725479999,4044570.49202,2431,420.612,1593549.83310,0
1753725480000,3786.47,3786.96,3783.00,3783.11,1299.629,1753725539999,4919060.68862,2827,643.978,2437452.28555,0
1753725540000,3783.08,3783.28,3781.06,3783.22,4575.610,1753725599999,17303750.02159,3903,3112.932,11772212.85823,0
1753725600000,3783.23,3786.18,3782.53,3786.18,2646.136,1753725659999,10012937.28911,4151,1906.019,7212165.11197,0
1753725660000,3786.17,3786.18,3783.53,3784.78,1568.718,1753725719999,5937395.05473,3334,807.105,3054786.59979,0
1753725720000,3784.79,3787.12,3783.67,3784.58,1533.167,1753725779999,5803518.55588,2655,847.355,3207550.39485,0
1753725780000,3784.58,3784.59,3760.47,3766.76,33103.216,1753725839999,124770820.02834,23227,6568.836,24767580.31273,0
1753725840000,3766.75,3771.89,3760.05,3762.7,36176.357,1753725899999,136212378.87914,21310,16866.293,63518325.16562,0
1753725900000,3762.71,3763.62,3753.00,3754.91,34376.634,1753725959999,129187144.65090,23735,11268.104,42347194.72325,0
1753725960000,3754.90,3762.19,3751.03,3760.57,16341.481,1753726019999,61397507.58123,13831,6823.489,25644652.71758,0
1753726020000,3760.57,3768.91,3760.01,3767.37,10599.707,1753726079999,39924195.82485,9486,6516.750,24545326.93852,0
1753726080000,3767.36,3772.22,3766.17,3767.4,11151.381,1753726139999,42034026.08037,10576,8387.759,31618385.07263,0
1753726140000,3767.39,3767.39,3761.63,3765.0,5356.683,1753726199999,20162810.34403,7143,2566.847,9661114.74017,0
1753726200000,3765.00,3770.00,3764.79,3769.99,3403.374,1753726259999,12822252.88036,4809,1723.358,6493372.04704,0
1753726260000,3770.00,3773.69,3768.45,3773.68,3726.913,1753726319999,14052040.54239,5687,2404.321,9066094.02415,0
1753726320000,3773.69,3776.18,3772.98,3775.56,4169.015,1753726379999,15736144.32809,5917,2651.921,10009686.07739,0
1753726380000,3775.56,3778.00,3775.56,3777.99,3958.122,1753726439999,14949781.39013,4058,2366.514,8938581.52666,0
1753726440000,3777.99,3778.00,3774.06,3776.43,4181.559,1753726499999,15791337.21883,3942,1779.649,6721050.93846,0
1753726500000,3776.43,3779.13,3775.46,3777.88,3193.387,1753726559999,12063913.33259,4936,1750.350,6612542.68579,0
1753726560000,3777.86,3777.94,3772.42,3774.86,2969.013,1753726619999,11208931.68625,5292,1104.794,4170936.75024,0
1753726620000,3774.86,3776.79,3770.46,3771.87,2466.484,1753726679999,9308238.60139,4191,759.573,2867337.21092,0
1753726680000,3771.88,3773.76,3764.35,3764.35,6434.419,1753726739999,24246228.41103,6942,1492.078,5621942.84350,0
1753726740000,3764.51,3765.24,3755.00,3755.16,9153.603,1753726799999,34427848.57869,10530,2476.336,9317550.03363,0
1753726800000,3755.16,3758.49,3751.32,3758.34,13977.590,1753726859999,52483858.00179,12825,6428.888,24142316.64706,0
1753726860000,3758.34,3761.06,3756.36,3759.67,5151.806,1753726919999,19363850.90421,7087,3033.323,11401542.06449,0
1753726920000,3759.66,3766.66,3759.52,3766.14,4080.098,1753726979999,15355713.73255,5236,3206.136,12066618.36657,0
1753726980000,3766.15,3766.49,3762.97,3766.03,1793.678,1753727039999,6752903.07490,3604,795.844,2996131.41367,0
1753727040000,3766.02,3768.90,3765.48,3768.9,1961.841,1753727099999,7390665.63819,3093,1238.196,4664673.72080,0
1753727100000,3768.89,3769.80,3766.59,3767.04,2305.563,1753727159999,8688345.53786,4062,1268.304,4779517.92935,0
1753727160000,3767.04,3768.42,3765.36,3768.0,1404.462,1753727219999,5290348.40765,3064,596.004,2245114.31777,0
1753727220000,3767.99,3769.00,3766.22,3766.23,1152.408,1753727279999,4342651.56533,2382,488.237,1839783.46888,0
1753727280000,3766.22,3769.10,3761.94,3769.01,6897.403,1753727339999,25974896.23155,6008,4962.450,18687923.48215,0
1753727340000,3769.01,3770.67,3768.43,3770.14,4343.183,1753727399999,16370481.99789,3687,2648.687,9982886.69341,0
1753727400000,3770.14,3773.08,3761.00,3761.88,5216.736,1753727459999,19659363.78376,7106,1691.326,6375500.57815,0
1753727460000,3761.88,3764.48,3756.85,3758.72,3722.127,1753727519999,13995102.06217,5763,1483.200,5576939.92258,0
1753727520000,3758.73,3761.29,3757.99,3759.71,3849.797,1753727579999,14472468.49679,4939,1723.845,6480320.76155,0
1753727580000,3759.72,3759.72,3752.31,3757.03,4952.631,1753727639999,18599644.46937,6638,2325.767,8735077.14804,0
1753727640000,3757.01,3758.38,3753.85,3756.98,3768.066,1753727699999,14155310.78339,4357,2532.788,9515078.15306,0
1753727700000,3756.98,3761.52,3755.24,3758.37,4253.289,1753727759999,15985823.97533,6877,2720.381,10224002.14562,0
1753727760000,3758.36,3763.46,3758.36,3761.59,2806.592,1753727819999,10556211.76148,4230,1675.228,6300852.98759,0
1753727820000,3761.59,3762.64,3759.25,3761.68,3554.330,1753727879999,13367682.11713,4613,2237.741,8416334.91285,0
1753727880000,3761.69,3764.66,3760.00,3762.45,3227.481,1753727939999,12144412.18075,4313,1979.757,7449793.31920,0
1753727940000,3762.46,3769.61,3762.00,3769.09,9589.743,1753727999999,36121603.47362,7838,5313.711,20013090.59770,0
1753728000000,3769.09,3773.14,3768.88,3773.08,4588.206,1753728059999,17304753.66292,5401,3002.415,11323929.20763,0
1753728060000,3773.08,3774.59,3770.32,3772.22,5104.031,1753728119999,19254975.33679,4994,1610.441,6076097.76452,0
1753728120000,3772.23,3775.93,3770.80,3775.52,3265.818,1753728179999,12324241.82419,3764,2403.604,9070759.17261,0
1753728180000,3775.52,3777.00,3773.61,3775.0,3650.656,1753728239999,13783162.86460,3450,1533.158,5789126.91460,0
1753728240000,3775.00,3775.74,3773.20,3775.67,1766.148,1753728299999,6666514.01578,2372,962.894,3634743.07863,0
1753728300000,3775.67,3776.00,3769.56,3770.55,3151.472,1753728359999,11892820.30751,3749,1245.935,4703006.23815,0
1753728360000,3770.55,3774.38,3768.00,3773.8,4283.444,1753728419999,16157581.55207,4834,3248.267,12253748.42776,0
1753728420000,3773.80,3774.42,3769.00,3769.01,1051.678,1753728479999,3967158.51336,2513,414.277,1562945.53379,0
1753728480000,3769.00,3772.90,3768.06,3771.22,2131.278,1753728539999,8035623.10908,3421,1655.027,6239633.57874,0
1753728540000,3771.23,3771.77,3769.03,3770.06,1270.153,1753728599999,4789058.63317,3329,555.542,2094714.20998,0
1753728600000,3770.06,3773.80,3770.06,3773.55,1274.726,1753728659999,4808075.55547,2547,717.606,2706801.58829,0
1753728660000,3773.54,3780.96,3772.86,3780.38,5958.017,1753728719999,22506879.03019,5783,4498.238,16993682.25130,0
1753728720000,3780.38,3781.80,3776.06,3776.07,5309.410,1753728779999,20067922.40838,4105,1917.613,7247846.52084,0
1753728780000,3776.06,3779.58,3776.06,3776.55,1374.558,1753728839999,5192497.38361,2578,823.941,3112377.15926,0
1753728840000,3776.55,3777.84,3774.45,3774.45,2227.916,1753728899999,8413189.72873,3267,1248.759,4715669.31037,0
1753728900000,3774.45,3776.88,3774.34,3774.61,1182.841,1753728959999,4466198.80357,2414,663.566,2505486.54517,0
1753728960000,3774.61,3779.60,3774.60,3779.59,1378.619,1753729019999,5208797.04565,2211,995.298,3760532.36226,0
1753729020000,3779.60,3783.24,3779.35,3781.91,5502.372,1753729079999,20808260.11261,5265,3961.446,14980928.74829,0
1753729080000,3781.92,3782.00,3777.77,3777.77,2192.386,1753729139999,8289266.15149,2418,812.252,3071304.47940,0
1753729140000,3777.77,3781.47,3777.77,3781.04,1521.572,1753729199999,5752407.89994,2289,978.688,3699834.58688,0
1753729200000,3781.05,3786.00,3780.17,3785.0,4369.124,1753729259999,16532869.67800,5830,2887.357,10926016.26426,0
1753729260000,3784.99,3785.00,3780.72,3784.69,1455.798,1753729319999,5507919.89527,2901,773.775,2927558.55055,0
1753729320000,3784.70,3785.66,3782.90,3783.99,1507.883,1753729379999,5706629.28753,2603,763.851,2890788.51120,0
1753729380000,3783.99,3795.20,3783.99,3794.42,11339.987,1753729439999,42984304.80743,9790,8556.680,32432352.44694,0
1753729440000,3794.41,3796.96,3790.00,3794.5,7271.746,1753729499999,27588689.78828,7626,4332.528,16437830.34567,0
1753729500000,3794.51,3799.42,3791.95,3797.96,8929.786,1753729559999,33896523.30281,6912,5961.393,22629050.43189,0
1753729560000,3797.96,3801.67,3797.51,3799.38,8513.112,1753729619999,32345810.68245,7605,5209.139,19791760.93029,0
1753729620000,3799.39,3800.00,3795.19,3799.7,5803.804,1753729679999,22044358.35597,5272,4145.157,15746285.64320,0
1753729680000,3799.69,3799.70,3789.63,3790.58,9663.402,1753729739999,36681210.30839,6622,924.279,3508873.95624,0
1753729740000,3790.68,3795.78,3790.40,3794.31,3226.462,1753729799999,12240565.53465,3890,1644.851,6239730.11823,0
1753729800000,3794.30,3796.89,3793.35,3795.27,2428.061,1753729859999,9215336.56029,2801,1661.452,6305962.32694,0
1753729860000,3795.27,3797.99,3795.26,3797.33,1765.275,1753729919999,6702698.93224,3051,814.974,3094166.89470,0
1753729920000,3797.33,3797.33,3793.27,3796.61,2125.426,1753729979999,8066813.76830,3421,1399.172,5310190.01746,0
1753729980000,3796.60,3799.00,3796.60,3798.25,2999.131,1753730039999,11390368.10254,3022,1796.430,6822635.94184,0
1753730040000,3798.25,3799.92,3797.81,3799.24,1770.723,1753730099999,6727122.29488,1732,1413.766,5371019.88870,0
1753730100000,3799.24,3801.01,3796.59,3797.59,5551.323,1753730159999,21089257.96648,5610,2848.351,10822114.77072,0
1753730160000,3797.59,3798.35,3796.54,3797.82,1925.737,1753730219999,7312293.36831,3074,586.263,2226090.91839,0
1753730220000,3797.82,3803.17,3797.66,3802.82,3550.905,1753730279999,13498016.53880,3999,2387.059,9073385.88156,0
1753730280000,3802.82,3804.77,3800.01,3800.03,4276.600,1753730339999,16260314.60275,4669,1928.148,7331292.78344,0
1753730340000,3800.03,3801.87,3799.14,3799.14,1256.177,1753730399999,4774037.19671,2636,491.819,1869165.72031,0
1753730400000,3799.14,3799.82,3796.53,3797.64,3446.900,1753730459999,13090430.85618,3771,1599.858,6075528.85886,0
1753730460000,3797.67,3804.33,3797.67,3804.32,1902.619,1753730519999,7232624.76455,2668,1455.578,5533393.28954,0
1753730520000,3804.32,3805.00,3800.60,3800.62,2403.556,1753730579999,9141670.79452,2292,946.321,3599360.15886,0
1753730580000,3800.61,3800.61,3798.01,3799.1,1506.835,1753730639999,5725416.48617,2653,490.548,1863716.54108,0
1753730640000,3799.10,3802.58,3799.01,3802.0,1107.127,1753730699999,4207572.36129,2142,685.172,2603850.24753,0
1753730700000,3802.00,3803.66,3801.06,3801.06,1123.535,1753730759999,4271914.96048,2313,543.256,2065438.92954,0
1753730760000,3801.07,3804.31,3801.07,3804.29,1192.745,1753730819999,4536548.86186,1738,719.525,2736757.55495,0
1753730820000,3804.29,3804.80,3802.77,3803.73,1874.989,1753730879999,7132276.78348,1757,1067.017,4058917.49376,0
1753730880000,3803.74,3803.83,3798.51,3798.6,4766.281,1753730939999,18113432.03131,3186,562.966,2139359.94575,0
1753730940000,3798.60,3800.00,3797.12,3797.72,1866.350,1753730999999,7089769.02173,2589,411.861,1564445.95321,0
1753731000000,3797.72,3797.73,3784.49,3786.55,12820.619,1753731059999,48593922.38994,10184,3299.989,12504354.99306,0
1753731060000,3786.56,3790.63,3786.56,3790.05,4397.572,1753731119999,16660793.35873,3945,2529.325,9582403.32373,0
1753731120000,3790.04,3792.40,3790.04,3791.81,2859.939,1753731179999,10844274.92750,2421,1863.528,7065967.10956,0
1753731180000,3791.82,3791.82,3787.23,3788.04,2327.580,1753731239999,8820653.82527,2981,565.838,2144072.50928,0
1753731240000,3788.04,3788.05,3783.56,3784.42,5270.490,1753731299999,19951462.09865,4547,1537.903,5820543.30593,0
1753731300000,3784.43,3785.80,3783.24,3785.8,2679.776,1753731359999,10141630.45386,2654,1048.660,3968622.02680,0
1753731360000,3785.80,3787.60,3781.87,3784.92,2067.281,1753731419999,7824397.76676,3767,605.357,2291137.63869,0
1753731420000,3784.92,3785.47,3782.84,3783.96,2327.524,1753731479999,8808078.29943,2686,623.925,2361093.41101,0
1753731480000,3783.96,3783.97,3781.61,3782.58,1211.805,1753731539999,4584518.13483,2116,589.387,2229766.41385,0
1753731540000,3782.59,3783.89,3779.92,3780.64,3046.943,1753731599999,11521287.12193,3376,1278.165,4832814.49303,0
1753731600000,3780.64,3781.99,3778.00,3781.23,3260.840,1753731659999,12323725.97447,3927,1051.440,3973850.01654,0
1753731660000,3781.24,3783.96,3781.24,3781.76,979.113,1753731719999,3703949.43304,1972,660.797,2499679.45943,0
1753731720000,3781.76,3783.07,3779.77,3779.78,1725.828,1753731779999,6526050.65014,2848,1235.182,4670704.05296,0
1753731780000,3779.77,3780.00,3776.92,3777.32,2956.225,1753731839999,11169998.09668,3419,1265.883,4782941.42728,0
1753731840000,3777.31,3777.32,3768.08,3770.55,13997.775,1753731899999,52787337.55971,11337,4406.474,16615706.18851,0
1753731900000,3770.55,3772.28,3765.25,3765.54,4793.880,1753731959999,18067234.45589,6197,2019.461,7611481.43876,0
1753731960000,3765.55,3768.04,3762.21,3766.04,6613.234,1753732019999,24902537.00577,7181,1878.599,7074325.85398,0
1753732020000,3766.04,3767.83,3763.80,3764.41,3543.535,1753732079999,13345744.72106,3805,1992.691,7504654.81521,0
1753732080000,3764.41,3766.78,3763.74,3765.84,6106.459,1753732139999,22992019.88041,5254,3404.956,12820248.00968,0
1753732140000,3765.83,3772.53,3765.40,3771.85,7603.450,1753732199999,28656318.70932,5339,4475.923,16871379.38815,0
1753732200000,3771.85,3776.46,3771.22,3774.51,7772.774,1753732259999,29334918.82856,6041,6609.664,24945719.11628,0
1753732260000,3774.51,3778.64,3771.88,3778.63,2931.832,1753732319999,11071299.87754,3684,2124.186,8021323.52616,0
1753732320000,3778.64,3785.07,3777.84,3784.83,6797.113,1753732379999,25701846.07528,6434,4835.264,18283169.31304,0
1753732380000,3784.83,3787.13,3784.56,3785.42,6031.724,1753732439999,22832806.58033,4355,3950.647,14954678.80032,0
1753732440000,3785.42,3787.00,3784.19,3787.0,2971.172,1753732499999,11247381.36677,3907,1510.102,5716686.53509,0
1753732500000,3787.00,3789.94,3786.95,3789.72,2753.009,1753732559999,10427875.53587,3450,1314.774,4980121.57976,0
1753732560000,3789.72,3792.13,3789.11,3790.93,3852.731,1753732619999,14604294.81442,4609,1781.005,6751046.45688,0
1753732620000,3790.94,3793.58,3790.93,3792.22,3599.241,1753732679999,13649241.80456,2916,2052.774,7784306.56563,0
1753732680000,3792.23,3797.00,3792.23,3796.77,5184.593,1753732739999,19678605.77807,4098,3640.241,13816104.02141,0
1753732740000,3796.76,3796.76,3790.89,3796.02,5613.898,1753732799999,21301954.77595,5892,2326.959,8829416.56098,0
1753732800000,3796.01,3802.92,3796.01,3796.99,8241.234,1753732859999,31311046.77088,8873,3790.490,14401732.31414,0
1753732860000,3796.99,3796.99,3792.65,3794.26,2969.005,1753732919999,11265975.91295,3358,642.808,2438960.95344,0
1753732920000,3794.27,3797.43,3794.26,3797.24,2908.653,1753732979999,11040175.77421,3194,2024.835,7685544.27428,0
1753732980000,3797.24,3798.29,3793.15,3794.86,2600.117,1753733039999,9869116.40480,3280,1079.727,4098407.23614,0
1753733040000,3794.86,3794.99,3790.81,3794.29,3395.065,1753733099999,12875765.74657,3283,1272.810,4826457.62066,0
1753733100000,3794.30,3796.65,3786.23,3790.44,9254.131,1753733159999,35077665.57806,7229,1472.315,5582182.48793,0
1753733160000,3790.46,3791.07,3783.40,3783.9,6321.069,1753733219999,23935668.92223,5556,1223.190,4631877.17304,0
1753733220000,3783.91,3787.00,3782.12,3783.09,3237.522,1753733279999,12251673.43283,4682,1577.228,5968505.74483,0
1753733280000,3783.08,3787.03,3783.08,3786.09,2001.348,1753733339999,7575601.94146,3829,1113.085,4213132.98237,0
1753733340000,3786.09,3787.07,3783.22,3784.86,1532.888,1753733399999,5802762.01983,3282,479.222,1814079.05801,0
1753733400000,3784.85,3785.00,3780.87,3780.87,5979.362,1753733459999,22616371.61154,4616,1923.800,7276201.88379,0
1753733460000,3780.88,3780.88,3775.14,3777.85,4901.028,1753733519999,18512801.17618,6111,2093.640,7908480.97768,0
1753733520000,3777.86,3780.27,3776.20,3776.81,2931.167,1753733579999,11075994.87965,4318,1583.969,5985512.56889,0
1753733580000,3776.82,3780.40,3776.81,3780.18,1605.550,1753733639999,6068139.25779,2637,1117.543,4223642.70436,0
1753733640000,3780.17,3781.17,3779.50,3779.7,1758.972,1753733699999,6649357.53340,2198,1089.463,4118410.35459,0
1753733700000,3779.70,3786.50,3779.51,3786.22,2136.412,1753733759999,8082146.35913,3955,1728.302,6538491.50667,0
1753733760000,3786.23,3786.72,3780.93,3780.95,1966.943,1753733819999,7443393.79980,2290,398.611,1508884.49500,0
1753733820000,3780.95,3780.96,3776.58,3778.52,1712.368,1753733879999,6469484.36511,3256,840.014,3173446.18609,0
1753733880000,3778.51,3780.62,3776.72,3779.99,1609.835,1753733939999,6082900.62842,3659,857.644,3240654.88130,0
1753733940000,3779.99,3781.60,3778.75,3781.36,1972.034,1753733999999,7454990.99413,3229,734.293,2775968.09165,0
1753734000000,3781.36,3782.42,3780.00,3780.24,2302.924,1753734059999,8707650.67391,3862,1417.080,5358111.64661,0
1753734060000,3780.25,3780.46,3776.00,3776.66,2088.348,1753734119999,7889347.06665,3319,1079.708,4078549.22843,0
1753734120000,3776.67,3777.71,3771.68,3771.68,6299.602,1753734179999,23783306.18706,6549,2992.618,11297248.00098,0
1753734180000,3771.69,3772.35,3768.40,3771.43,2915.712,1753734239999,10993778.97066,4662,1192.519,4497153.89658,0
1753734240000,3771.43,3773.55,3771.43,3771.83,2798.219,1753734299999,10555730.46404,2901,2120.470,7998784.28999,0
1753734300000,3771.84,3772.26,3769.34,3771.04,1196.246,1753734359999,4510639.42956,2851,699.568,2637747.91109,0
1753734360000,3771.03,3772.34,3768.48,3769.35,4117.065,1753734419999,15524350.34248,4639,3129.019,11798852.61199,0
1753734420000,3769.35,3772.27,3764.73,3764.76,6171.698,1753734479999,23263209.88321,6546,3690.895,13914896.00548,0
1753734480000,3764.76,3770.14,3764.76,3765.46,4324.926,1753734539999,16293842.14299,5437,2656.919,10009936.26831,0
1753734540000,3765.46,3770.99,3764.27,3765.49,9170.386,1753734599999,34548242.18198,6515,6864.427,25862110.16066,0
1753734600000,3765.50,3769.74,3763.92,3768.48,4094.844,1753734659999,15424444.67304,5088,2654.526,9999666.13857,0
1753734660000,3768.48,3773.67,3768.48,3771.48,2367.294,1753734719999,8929255.11336,3980,1267.922,4782163.23537,0
1753734720000,3771.48,3776.29,3770.70,3776.29,3284.587,1753734779999,12393663.34984,4540,2716.137,10249279.63636,0
1753734780000,3776.29,3780.39,3775.86,3779.0,3846.179,1753734839999,14531851.71593,4954,2775.145,10485215.85849,0
1753734840000,3779.00,3779.57,3775.62,3779.03,3086.353,1753734899999,11659444.09893,3954,1830.029,6912927.91322,0
1753734900000,3779.04,3781.81,3779.00,3781.8,2144.138,1753734959999,8105505.31753,3503,1207.516,4564850.95665,0
1753734960000,3781.80,3785.94,3779.53,3785.94,2416.209,1753735019999,9141809.51713,4162,1660.850,6283892.84633,0
1753735020000,3785.93,3785.94,3782.12,3783.78,3143.785,1753735079999,11895515.46927,4154,976.328,3694351.89301,0
1753735080000,3783.77,3783.78,3775.42,3776.59,4096.554,1753735139999,15482372.31247,4915,1094.321,4134800.08904,0
1753735140000,3776.60,3783.48,3776.60,3783.47,3058.494,1753735199999,11562366.03206,4139,2373.133,8971014.04616,0
1753735200000,3783.48,3784.00,3780.16,3783.88,3692.791,1753735259999,13968295.40806,3786,589.487,2229836.34385,0
1753735260000,3783.88,3783.89,3780.25,3780.65,1143.068,1753735319999,4323437.19824,2811,716.536,2710324.64588,0
1753735320000,3780.66,3782.12,3778.10,3779.93,2351.803,1753735379999,8889986.57213,2589,148.066,559684.29794,0
1753735380000,3779.93,3780.46,3778.06,3778.76,1140.414,1753735439999,4310109.64208,2040,679.558,2568367.05782,0
1753735440000,3778.76,3779.68,3776.06,3776.06,1692.839,1753735499999,6395775.54042,3039,439.987,1662337.89751,0
1753735500000,3776.05,3779.99,3775.80,3779.89,1329.333,1753735559999,5022303.08002,2500,667.417,2521485.12769,0
1753735560000,3779.88,3782.89,3779.88,3781.19,1074.310,1753735619999,4062522.48025,2617,481.951,1822326.23475,0
1753735620000,3781.20,3781.20,3773.83,3775.38,1174.204,1753735679999,4435105.12657,3091,246.154,929475.96935,0
1753735680000,3775.38,3776.37,3774.01,3775.11,1327.360,1753735739999,5011217.07179,2641,387.349,1462372.87838,0
1753735740000,3775.10,3775.10,3771.32,3771.38,1783.772,1753735799999,6730984.26658,2833,792.478,2990460.14365,0
1753735800000,3771.39,3775.80,3771.01,3774.8,1727.552,1753735859999,6520031.81839,3175,680.268,2566940.05241,0
1753735860000,3774.79,3779.28,3773.98,3779.28,881.893,1753735919999,3329972.01830,2442,460.070,1737470.64595,0
1753735920000,3779.28,3779.31,3776.79,3776.79,729.461,1753735979999,2756241.15729,2152,223.800,845535.32096,0
1753735980000,3776.80,3780.23,3776.80,3780.22,775.061,1753736039999,2928481.64631,1923,375.158,1417552.95587,0
1753736040000,3780.23,3789.01,3779.53,3787.89,4804.644,1753736099999,18190191.47375,5152,3423.541,12960974.11860,0
1753736100000,3787.92,3789.69,3787.41,3788.58,2085.664,1753736159999,7901894.58756,2956,958.100,3629943.69431,0
1753736160000,3788.58,3788.58,3785.85,3788.22,1424.953,1753736219999,5396459.31510,2727,347.055,1314241.49640,0
1753736220000,3788.23,3789.60,3787.84,3788.66,1097.016,1753736279999,4156280.46909,2160,499.119,1890962.85436,0
1753736280000,3788.66,3789.37,3787.66,3788.29,1434.800,1753736339999,5435760.25324,2201,825.744,3128256.01433,0
1753736340000,3788.30,3789.14,3786.04,3786.2,1466.472,1753736399999,5554954.66051,2590,312.380,1183198.19516,0
1753736400000,3786.19,3788.38,3783.26,3787.57,2771.571,1753736459999,10492191.01339,4673,955.200,3617181.91577,0
1753736460000,3787.56,3787.97,3786.00,3786.08,572.142,1753736519999,2166492.67661,2089,313.904,1188578.88650,0
1753736520000,3786.07,3790.29,3786.07,3790.28,1538.900,1753736579999,5830180.66303,2582,878.605,3328833.30822,0
1753736580000,3790.28,3791.17,3787.78,3791.17,998.748,1753736639999,3784360.71856,2339,564.026,2137216.25936,0
1753736640000,3791.16,3793.60,3790.53,3792.98,1739.932,1753736699999,6598116.93478,2699,1098.982,4167864.00841,0
1753736700000,3792.98,3793.11,3789.00,3791.0,1080.064,1753736759999,4095094.45815,2410,446.760,1693836.96747,0
1753736760000,3790.99,3794.59,3790.00,3790.01,2089.983,1753736819999,7927174.47796,3295,785.014,2977586.89567,0
1753736820000,3790.01,3790.01,3784.43,3785.09,1569.916,1753736879999,5944189.46334,2911,455.096,1722865.04983,0
1753736880000,3785.09,3787.18,3782.07,3782.08,1900.088,1753736939999,7191431.67976,3667,663.571,2511822.88132,0
1753736940000,3782.08,3782.95,3777.33,3779.42,2612.921,1753736999999,9874848.61500,3825,1032.431,3901099.06549,0
1753737000000,3779.42,3781.64,3778.05,3780.27,1499.628,1753737059999,5667584.72246,2538,725.262,2741153.15167,0
1753737060000,3780.26,3784.67,3780.26,3783.67,2226.525,1753737119999,8422475.37554,3495,1244.715,4708226.05095,0
1753737120000,3783.68,3784.20,3781.96,3783.31,595.832,1753737179999,2254038.62676,1530,431.299,1631581.16570,0
1753737180000,3783.30,3783.61,3780.61,3781.49,1350.300,1753737239999,5107495.70474,1925,323.107,1222016.53822,0
1753737240000,3781.48,3782.33,3780.11,3780.56,921.243,1753737299999,3483536.19186,2035,637.777,2411601.23520,0
1753737300000,3780.57,3784.43,3779.69,3781.0,3010.135,1753737359999,11382213.21730,3870,1256.687,4752429.27554,0
1753737360000,3781.01,3781.95,3778.64,3781.3,1282.550,1753737419999,4848870.85188,2666,747.428,2825818.85808,0
1753737420000,3781.29,3783.16,3780.70,3782.67,1856.415,1753737479999,7020958.92735,2410,1053.410,3983800.43342,0
1753737480000,3782.67,3784.47,3782.50,3782.9,2241.916,1753737539999,8482488.25984,2835,1364.273,5161647.39777,0
1753737540000,3782.90,3784.57,3782.07,3784.22,1205.983,1753737599999,4562679.93005,1947,669.473,2532880.69718,0
1753737600000,3784.23,3785.34,3783.14,3785.34,1558.929,1753737659999,5898542.68377,1848,953.393,3607350.07932,0
1753737660000,3785.34,3788.00,3785.00,3786.32,1946.905,1753737719999,7371073.37991,3189,986.415,3734659.86987,0
1753737720000,3786.33,3786.66,3784.73,3784.74,526.686,1753737779999,1993922.66018,1227,148.273,561332.95063,0
1753737780000,3784.74,3784.97,3778.18,3778.18,2101.315,1753737839999,7946274.72933,2332,345.760,1306974.95302,0
1753737840000,3778.19,3781.77,3776.65,3777.54,4263.552,1753737899999,16112278.37268,4134,918.792,3473382.93985,0
1753737900000,3777.54,3778.24,3773.33,3773.33,2121.859,1753737959999,8011045.86205,2494,755.807,2853500.72616,0
1753737960000,3773.34,3778.05,3772.91,3777.96,3389.826,1753738019999,12798295.21421,4159,1944.490,7341520.84897,0
1753738020000,3777.96,3783.32,3777.96,3782.99,814.858,1753738079999,3081268.69965,2470,618.919,2340201.66254,0
1753738080000,3782.98,3784.73,3781.63,3784.72,469.120,1753738139999,1774868.44462,1497,261.831,990610.63508,0
1753738140000,3784.72,3784.86,3782.35,3782.35,640.753,1753738199999,2424545.31794,1384,224.370,848968.86784,0
1753738200000,3782.36,3782.36,3777.96,3778.35,853.586,1753738259999,3226057.94571,2738,394.403,1490383.92781,0
1753738260000,3778.35,3785.31,3778.35,3785.31,1127.657,1753738319999,4265494.17453,2445,724.837,2742317.07214,0
1753738320000,3785.30,3795.22,3785.06,3795.12,4977.206,1753738379999,18865127.03203,5599,3428.231,12994092.54492,0
1753738380000,3795.12,3796.00,3790.00,3791.53,3593.206,1753738439999,13633146.53259,4503,2066.547,7841678.52663,0
1753738440000,3791.52,3793.50,3789.71,3793.5,1424.138,1753738499999,5399521.04455,2057,807.516,3061971.96346,0
1753738500000,3793.50,3797.55,3793.00,3796.23,2945.146,1753738559999,11179694.94844,3225,2158.487,8193112.85615,0
1753738560000,3796.22,3798.88,3795.58,3798.73,3099.840,1753738619999,11772929.10018,2500,1660.358,6305726.97783,0
1753738620000,3798.73,3798.74,3791.17,3793.94,5680.947,1753738679999,21554650.74479,5097,1359.495,5159190.34645,0
1753738680000,3793.94,3796.30,3793.45,3795.26,1627.206,1753738739999,6175876.75305,2076,812.981,3085321.54440,0
1753738740000,3795.27,3797.38,3794.46,3797.37,682.063,1753738799999,2588928.99756,1401,518.173,1966827.34537,0
1753738800000,3797.38,3800.59,3797.17,3800.23,1895.756,1753738859999,7201209.87929,3157,1289.856,4899805.99302,0
1753738860000,3800.24,3800.24,3796.06,3797.37,1894.701,1753738919999,7196673.90911,2288,887.266,3370028.10891,0
1753738920000,3797.37,3800.38,3796.61,3800.07,2074.039,1753738979999,7878697.38955,2171,1260.738,4788927.51535,0
1753738980000,3800.07,3800.91,3798.89,3800.18,1447.948,1753739039999,5502252.92850,1805,843.501,3205171.05730,0
1753739040000,3800.18,3801.25,3799.33,3801.25,1404.866,1753739099999,5338887.61612,1642,838.600,3187010.18252,0
1753739100000,3801.25,3801.99,3801.24,3801.74,1157.458,1753739159999,4400312.47815,1496,775.670,2948862.78175,0
1753739160000,3801.73,3801.73,3795.67,3797.1,3355.840,1753739219999,12746119.66534,3545,1260.181,4785844.75328,0
1753739220000,3797.10,3798.00,3795.83,3797.44,2067.048,1753739279999,7848608.14192,2018,1086.903,4126996.25434,0
1753739280000,3797.43,3797.52,3793.65,3794.29,1176.481,1753739339999,4465835.09816,1731,416.987,1582706.51478,0
1753739340000,3794.28,3794.29,3790.50,3790.5,1608.940,1753739399999,6101197.29667,1987,545.409,2068086.13121,0
1753739400000,3790.50,3790.51,3787.92,3787.99,2025.559,1753739459999,7674958.82280,2760,652.106,2470557.11448,0
1753739460000,3787.99,3788.00,3782.49,3787.0,3866.299,1753739519999,14633135.95996,5173,1141.864,4321774.74650,0
1753739520000,3787.00,3788.67,3786.99,3787.64,1506.543,1753739579999,5707036.58977,1945,866.954,3284138.80422,0
1753739580000,3787.64,3787.65,3780.69,3780.76,4564.757,1753739639999,17270339.07011,5641,938.227,3549519.76911,0
1753739640000,3780.75,3784.23,3780.29,3783.0,849.760,1753739699999,3214006.63796,1891,447.395,1691958.08869,0
1753739700000,3783.00,3783.01,3779.00,3781.86,2754.083,1753739759999,10411798.56859,3350,953.838,3606036.06429,0
1753739760000,3781.86,3781.87,3778.81,3778.82,944.497,1753739819999,3570143.33312,1409,240.183,907803.41628,0
1753739820000,3778.82,3780.60,3778.80,3780.59,1260.006,1753739879999,4761986.42805,1268,993.433,3754419.61152,0
1753739880000,3780.59,3786.65,3780.59,3786.25,1603.791,1753739939999,6068505.09816,3022,1072.789,4059379.36869,0
1753739940000,3786.25,3788.00,3786.24,3787.24,1171.848,1753739999999,4438334.38465,1462,574.276,2174920.35800,0
1753740000000,3787.23,3793.01,3786.43,3793.01,3691.441,1753740059999,13985543.91451,5220,2129.525,8068101.46381,0
1753740060000,3793.01,3797.33,3792.11,3796.8,4075.654,1753740119999,15466984.83075,5921,3319.847,12598653.21343,0
1753740120000,3796.88,3800.39,3793.13,3793.95,6543.769,1753740179999,24848526.92002,9028,3829.940,14544863.25535,0
1753740180000,3793.95,3797.00,3792.02,3794.36,2133.691,1753740239999,8097757.42976,5091,875.989,3324667.69264,0
1753740240000,3794.36,3794.36,3789.72,3789.73,1612.734,1753740299999,6115023.11633,3862,642.512,2436191.74682,0
1753740300000,3789.73,3797.35,3789.73,3796.99,1750.539,1753740359999,6640210.95477,3809,1079.189,4093633.40591,0
1753740360000,3797.00,3800.50,3796.58,3798.87,1757.631,1753740419999,6676469.76156,4031,954.747,3626656.05158,0
1753740420000,3798.87,3801.69,3798.24,3800.16,1729.586,1753740479999,6572150.43723,3754,954.222,3625895.64308,0
1753740480000,3800.17,3800.50,3797.82,3799.04,1070.456,1753740539999,4066940.08393,3207,586.233,2227229.64668,0
1753740540000,3799.04,3799.20,3791.83,3792.25,1840.106,1753740599999,6982088.31522,4017,564.154,2140664.32482,0
1753740600000,3792.24,3793.52,3790.58,3793.45,1305.005,1753740659999,4948950.06590,2899,636.733,2414623.42111,0
1753740660000,3793.44,3793.45,3788.53,3789.38,1540.955,1753740719999,5840359.03599,3988,595.034,2255216.50265,0
1753740720000,3789.37,3791.62,3789.19,3791.49,1178.560,1753740779999,4467681.28187,2498,887.379,3363917.85648,0
1753740780000,3791.48,3796.37,3790.93,3794.48,1463.192,1753740839999,5551423.78538,3370,1133.138,4299112.92607,0
1753740840000,3794.48,3797.26,3793.54,3797.19,2075.398,1753740899999,7876906.30867,3596,1307.543,4962907.73893,0
1753740900000,3797.19,3799.30,3793.00,3794.07,2328.520,1753740959999,8840298.34402,4032,656.716,2492949.13241,0
1753740960000,3794.07,3794.09,3790.63,3794.09,1027.283,1753741019999,3895784.85456,2606,569.733,2160705.98599,0
1753741020000,3794.10,3798.00,3794.09,3798.0,1073.545,1753741079999,4075409.74533,2763,776.192,2946503.69832,0
1753741080000,3797.99,3799.60,3797.50,3797.67,2687.446,1753741139999,10207779.18194,3399,900.342,3419583.30923,0
1753741140000,3797.67,3798.95,3789.72,3789.89,2368.278,1753741199999,8986663.93682,3882,528.594,2007002.86725,0
1753741200000,3789.88,3791.14,3788.03,3789.53,2557.608,1753741259999,9692828.55449,4280,1274.297,4829430.79139,0
1753741260000,3789.53,3790.29,3787.55,3787.96,1331.405,1753741319999,5044116.39273,2876,784.177,2970820.03433,0
1753741320000,3787.96,3788.52,3786.12,3786.13,1520.646,1753741379999,5758778.21067,2468,754.350,2856706.74271,0
1753741380000,3786.12,3786.94,3785.54,3786.36,1000.264,1753741439999,3787277.28993,1821,641.289,2428055.28234,0
1753741440000,3786.37,3792.28,3785.89,3792.27,1791.568,1753741499999,6786800.50290,3942,887.420,3362445.47228,0
1753741500000,3792.27,3792.29,3790.23,3792.02,824.055,1753741559999,3124103.86423,2023,448.401,1699886.64279,0
1753741560000,3792.02,3796.60,3791.60,3796.59,1642.751,1753741619999,6232798.46456,2690,1184.602,4494447.05393,0
1753741620000,3796.60,3797.73,3794.85,3796.22,1870.330,1753741679999,7100534.21518,2705,769.413,2921130.28863,0
1753741680000,3796.23,3796.23,3793.01,3793.74,652.884,1753741739999,2477074.77268,2023,248.641,943319.21780,0
1753741740000,3793.74,3793.74,3792.27,3792.71,604.158,1753741799999,2291486.58662,1574,364.932,1384112.73774,0
1753741800000,3792.70,3795.30,3788.39,3788.4,2308.934,1753741859999,8754777.41900,4768,700.667,2657020.91590,0
1753741860000,3788.40,3788.75,3783.40,3785.53,3757.495,1753741919999,14225413.20211,5263,1153.039,4365928.82771,0
1753741920000,3785.53,3789.70,3785.53,3788.18,1163.077,1753741979999,4406402.89547,2887,759.978,2879148.53440,0
1753741980000,3788.18,3789.16,3782.63,3782.63,2583.485,1753742039999,9780951.54024,3991,664.874,2517459.29354,0
1753742040000,3782.63,3784.35,3782.30,3782.3,1396.413,1753742099999,5283142.33042,2593,783.710,2964995.43174,0
1753742100000,3782.31,3783.80,3778.60,3782.38,2503.572,1753742159999,9466057.09266,4002,1079.787,4083102.77208,0
1753742160000,3782.39,3786.28,3782.15,3786.06,1065.452,1753742219999,4031440.33968,2653,852.205,3224624.30185,0
1753742220000,3786.06,3786.72,3782.77,3786.72,981.007,1753742279999,3712500.99557,2695,603.624,2284369.63957,0
1753742280000,3786.72,3788.22,3782.00,3782.01,3790.610,1753742339999,14352895.93160,4704,874.798,3311824.32912,0
1753742340000,3782.01,3783.99,3777.12,3777.12,1600.475,1753742399999,6050821.84410,3382,667.010,2522164.41447,0
1753742400000,3777.12,3777.12,3770.07,3770.51,11192.148,1753742459999,42238029.84348,10104,4096.303,15458912.56355,0
1753742460000,3770.51,3770.80,3766.58,3770.7,5564.472,1753742519999,20972300.57257,6942,2770.886,10443445.62698,0
1753742520000,3770.69,3773.22,3769.56,3772.36,2514.190,1753742579999,9481696.33958,3771,1432.361,5401679.39654,0
1753742580000,3772.36,3774.22,3763.47,3766.19,7364.609,1753742639999,27748594.70554,8163,2656.504,10012656.78923,0
1753742640000,3766.20,3777.58,3766.19,3774.58,10420.396,1753742699999,39320025.90745,9020,7124.528,26876723.25255,0
1753742700000,3774.58,3774.58,3771.47,3772.4,1823.092,1753742759999,6878727.08041,4106,753.240,2842024.98235,0
1753742760000,3772.40,3772.79,3768.28,3771.31,2511.159,1753742819999,9467757.09455,4940,1007.895,3799913.70073,0
1753742820000,3771.31,3771.67,3768.02,3770.72,2439.867,1753742879999,9197568.24291,3422,1423.672,5366451.14092,0
1753742880000,3770.72,3777.74,3770.71,3777.73,4482.140,1753742939999,16913698.75974,4855,2593.650,9786993.50763,0
1753742940000,3777.74,3779.00,3775.27,3776.4,3134.632,1753742999999,11839400.46282,3241,979.417,3698969.49440,0
1753743000000,3776.39,3780.55,3776.39,3776.55,1464.734,1753743059999,5534379.08790,3780,842.635,3183772.78612,0
1753743060000,3776.56,3782.59,3776.55,3782.18,1143.694,1753743119999,4324290.53342,2611,634.719,2399674.33471,0
1753743120000,3782.17,3784.58,3781.65,3784.06,2025.299,1753743179999,7661916.32108,3032,843.483,3190977.51291,0
1753743180000,3784.06,3784.45,3781.24,3781.59,1267.670,1753743239999,4795613.05382,2743,266.838,1009530.55416,0
1753743240000,3781.59,3782.81,3781.19,3782.43,607.000,1753743299999,2295618.28396,1904,300.379,1136025.78016,0
1753743300000,3782.42,3784.17,3780.71,3782.07,1096.041,1753743359999,4145836.43972,2521,478.954,1811736.34284,0
1753743360000,3782.06,3784.15,3781.73,3784.05,1620.496,1753743419999,6129962.37683,2303,635.729,2404696.38739,0
1753743420000,3784.05,3785.45,3781.99,3785.45,1138.048,1753743479999,4305715.07109,2087,405.743,1535225.71746,0
1753743480000,3785.45,3785.54,3782.91,3785.0,1614.522,1753743539999,6109833.51158,2363,266.361,1008069.39832,0
1753743540000,3785.00,3785.54,3783.64,3785.09,484.329,1753743599999,1832997.07970,1295,162.636,615493.52159,0
1753743600000,3785.10,3787.45,3783.60,3784.96,2123.343,1753743659999,8038111.04716,4007,651.731,2467066.17756,0
1753743660000,3784.96,3786.21,3777.65,3778.92,1586.390,1753743719999,6000856.49575,3771,501.618,1898303.13767,0
1753743720000,3778.92,3780.96,3777.42,3778.13,1532.946,1753743779999,5793961.20181,2841,670.356,2533708.25114,0
1753743780000,3778.12,3778.12,3772.94,3775.35,2419.247,1753743839999,9133381.63180,4399,680.879,2570138.51418,0
1753743840000,3775.36,3779.87,3775.36,3779.53,4410.155,1753743899999,16656825.58854,3585,3640.587,13749293.12149,0
1753743900000,3779.52,3783.85,3778.41,3783.85,791.785,1753743959999,2993004.12094,2806,435.023,1644692.06015,0
1753743960000,3783.85,3787.45,3783.44,3784.93,1784.172,1753744019999,6754544.34182,3779,952.667,3606466.07579,0
1753744020000,3784.92,3786.89,3783.96,3784.74,1197.418,1753744079999,4532466.59896,2698,470.741,1781908.29656,0
1753744080000,3784.74,3784.88,3780.45,3783.47,1590.261,1753744139999,6015771.89468,3236,296.739,1122374.64957,0
1753744140000,3783.48,3786.46,3782.47,3782.89,1445.682,1753744199999,5471223.01386,2950,794.136,3005350.63395,0
1753744200000,3782.89,3786.49,3782.18,3786.47,954.178,1753744259999,3611450.91899,2811,324.592,1228459.90494,0
1753744260000,3786.47,3786.64,3782.45,3784.44,748.272,1753744319999,2831891.05030,2467,263.512,997130.78374,0
1753744320000,3784.44,3787.00,3784.44,3784.86,1446.576,1753744379999,5476485.18622,3061,473.878,1793944.20266,0
1753744380000,3784.83,3785.19,3779.46,3781.49,2012.129,1753744439999,7611627.77404,3747,684.948,2591402.48489,0
1753744440000,3781.50,3785.99,3781.49,3785.99,747.376,1753744499999,2828100.48667,2197,342.523,1295932.87793,0
1753744500000,3786.00,3788.30,3785.51,3788.3,1735.208,1753744559999,6570862.88265,3162,476.144,1803147.53185,0
1753744560000,3788.30,3791.38,3786.06,3789.19,5090.487,1753744619999,19290284.19219,5607,2773.817,10512376.06754,0
1753744620000,3789.19,3791.51,3786.97,3787.71,2311.780,1753744679999,8761005.94304,3522,707.847,2682826.85492,0
1753744680000,3787.71,3788.19,3781.87,3786.46,2151.176,1753744739999,8141742.97321,4241,1216.236,4603018.68757,0
1753744740000,3786.47,3789.53,3786.18,3789.05,966.172,1753744799999,3659732.48429,2629,499.118,1890483.45174,0
1753744800000,3789.06,3791.35,3787.81,3790.08,1251.669,1753744859999,4743908.42934,3126,491.024,1860823.07419,0
1753744860000,3790.08,3794.81,3789.96,3794.46,1234.211,1753744919999,4681282.73193,3055,593.488,2250939.89734,0
1753744920000,3794.47,3798.63,3794.21,3794.55,6686.870,1753744979999,25385831.77607,7891,2972.770,11286056.49315,0
1753744980000,3794.56,3797.27,3790.86,3797.17,3868.541,1753745039999,14680185.23296,4661,1737.094,6592101.80729,0
1753745040000,3797.18,3797.87,3793.59,3795.32,1683.968,1753745099999,6392738.69843,2548,665.760,2527618.00515,0
1753745100000,3795.32,3795.49,3787.13,3787.13,2099.736,1753745159999,7961100.46021,4205,640.991,2430378.65667,0
1753745160000,3787.12,3788.54,3783.61,3783.88,2891.412,1753745219999,10947808.41098,5534,1414.887,5357534.36616,0
1753745220000,3783.88,3788.83,3783.88,3788.26,1345.097,1753745279999,5094696.75653,3031,619.185,2345110.06770,0
1753745280000,3788.27,3789.58,3785.20,3786.38,1356.667,1753745339999,5138061.58575,2768,337.704,1278790.34742,0
1753745340000,3786.39,3786.39,3782.94,3784.01,825.955,1753745399999,3125632.08722,2249,377.511,1428403.63612,0
1753745400000,3784.00,3785.34,3781.19,3784.6,1857.608,1753745459999,7027643.77810,3923,816.691,3089684.94427,0
1753745460000,3784.60,3791.19,3784.59,3791.18,1084.578,1753745519999,4107780.17406,3025,552.810,2094020.43816,0
1753745520000,3791.18,3792.69,3790.55,3792.13,1275.187,1753745579999,4834954.80095,2526,544.831,2065699.78467,0
1753745580000,3792.14,3794.47,3789.80,3793.36,2386.832,1753745639999,9052173.75422,3659,901.960,3420723.95943,0
1753745640000,3793.37,3794.09,3790.57,3791.64,1221.577,1753745699999,4632598.64764,2132,454.071,1721862.28753,0
1753745700000,3791.64,3792.09,3787.83,3791.04,1192.248,1753745759999,4518393.35725,3278,356.731,1351944.04821,0
1753745760000,3791.04,3795.50,3791.04,3795.36,1227.182,1753745819999,4656113.37484,2320,662.595,2513853.36283,0
1753745820000,3795.36,3795.37,3793.02,3794.43,1659.826,1753745879999,6297562.78413,3116,436.389,1655644.70662,0
1753745880000,3794.44,3797.26,3792.70,3796.01,2823.443,1753745939999,10715428.72301,3740,1747.602,6632466.97692,0
1753745940000,3796.00,3797.00,3794.76,3796.69,1532.591,1753745999999,5817815.25664,2593,959.165,3640972.25750,0
1753746000000,3796.69,3798.55,3795.15,3796.0,1448.160,1753746059999,5498620.74585,2493,815.339,3095957.23302,0
1753746060000,3796.00,3797.35,3795.16,3795.17,979.152,1753746119999,3716883.99148,2140,404.165,1534201.60810,0
1753746120000,3795.16,3795.17,3791.90,3791.9,2460.471,1753746179999,9332910.50036,3502,1460.049,5537564.96227,0
1753746180000,3791.91,3791.91,3785.81,3787.4,2371.340,1753746239999,8982882.73975,4530,1135.152,4299447.14577,0
1753746240000,3787.38,3788.10,3785.94,3786.37,995.816,1753746299999,3771125.76978,2562,613.481,2323174.62959,0
1753746300000,3786.37,3787.97,3785.00,3787.45,776.655,1753746359999,2940655.11659,2241,317.873,1203578.13967,0
1753746360000,3787.45,3788.50,3785.25,3786.89,1753.695,1753746419999,6641060.40907,3266,851.779,3225673.88816,0
1753746420000,3786.89,3790.54,3786.88,3790.54,774.670,1753746479999,2935147.07615,2107,611.231,2315910.92710,0
1753746480000,3790.54,3793.17,3790.50,3793.17,1097.258,1753746539999,4160625.91829,2336,631.004,2392663.07060,0
1753746540000,3793.17,3793.62,3790.81,3792.16,800.349,1753746599999,3035428.47089,2243,423.893,1607726.13716,0
1753746600000,3792.16,3793.79,3789.58,3791.59,1365.703,1753746659999,5178624.58647,2604,1050.428,3983251.50904,0
1753746660000,3791.59,3792.00,3784.95,3784.95,1345.669,1753746719999,5096576.71919,3017,468.731,1775075.21760,0
1753746720000,3784.95,3785.38,3780.17,3780.18,3421.585,1753746779999,12941469.39067,4310,1309.110,4951327.51288,0
1753746780000,3780.18,3780.18,3776.55,3776.87,3701.640,1753746839999,13985881.11055,4598,883.179,3337011.72466,0
1753746840000,3776.87,3776.89,3773.72,3774.94,4732.549,1753746899999,17865475.06140,5243,2607.561,9843701.25570,0
1753746900000,3774.94,3777.99,3773.04,3776.3,4079.796,1753746959999,15403449.07128,4358,2975.345,11234019.45125,0
1753746960000,3776.30,3779.11,3775.87,3778.15,2903.866,1753747019999,10969013.53691,3758,1628.971,6153362.01187,0
1753747020000,3778.14,3783.66,3775.31,3783.13,3986.370,1753747079999,15065465.22904,5737,2082.884,7872425.02809,0
1753747080000,3783.13,3789.72,3782.73,3789.72,3718.726,1753747139999,14076967.71563,5344,2233.414,8454634.55037,0
1753747140000,3789.71,3796.00,3789.56,3796.0,6567.106,1753747199999,24909613.36512,6168,3116.004,11818114.41583,0
1753747200000,3795.99,3797.40,3790.11,3791.88,4569.944,1753747259999,17336441.38906,7004,1579.584,5991577.09978,0
1753747260000,3791.88,3793.54,3786.31,3786.31,2808.817,1753747319999,10647866.70010,4754,1374.907,5212531.99696,0
1753747320000,3786.32,3793.32,3786.31,3793.32,1940.772,1753747379999,7353320.60823,4787,1342.385,5085707.80797,0
1753747380000,3793.33,3797.00,3793.32,3796.99,4709.160,1753747439999,17874297.96373,5220,2896.849,10995295.97835,0
1753747440000,3797.00,3798.63,3794.19,3797.0,5618.888,1753747499999,21335033.10557,5357,2941.489,11169186.16512,0
1753747500000,3797.00,3797.10,3794.53,3795.13,1756.083,1753747559999,6665214.02213,3364,639.062,2425470.52884,0
1753747560000,3795.13,3799.34,3794.50,3799.34,2540.409,1753747619999,9644736.11001,3577,1224.721,4650401.92863,0
1753747620000,3799.34,3802.94,3799.33,3802.45,5639.228,1753747679999,21435727.08235,5665,3011.680,11447472.91545,0
1753747680000,3802.45,3803.78,3799.60,3803.76,3934.231,1753747739999,14957875.17877,4558,2171.907,8257976.64481,0
1753747740000,3803.76,3808.25,3801.22,3801.22,9153.688,1753747799999,34828762.59035,7960,5561.686,21164226.00753,0
1753747800000,3801.23,3803.27,3799.60,3803.27,4169.733,1753747859999,15849618.83834,4505,1588.517,6038932.37999,0
1753747860000,3803.26,3805.44,3801.93,3802.45,1998.291,1753747919999,7601024.30801,3236,1032.418,3927011.38404,0
1753747920000,3802.45,3803.98,3802.04,3803.44,919.341,1753747979999,3496212.83415,1622,581.651,2212013.88179,0
1753747980000,3803.44,3803.44,3801.08,3803.43,1245.123,1753748039999,4734554.57228,1984,558.380,2123221.31054,0
1753748040000,3803.44,3807.57,3803.44,3806.69,3310.692,1753748099999,12600570.60371,4485,1968.625,7492391.48231,0
1753748100000,3806.69,3810.00,3806.18,3809.87,6850.149,1753748159999,26088814.16965,6494,4352.740,16576826.93098,0
1753748160000,3809.87,3816.66,3809.09,3815.51,17055.662,1753748219999,65051403.15253,14777,11619.968,44318083.68616,0
1753748220000,3815.51,3818.00,3814.02,3816.15,8609.826,1753748279999,32855948.19542,10733,4010.315,15304494.35022,0
1753748280000,3816.15,3817.92,3812.89,3813.51,4836.435,1753748339999,18454123.61071,5683,2244.643,8565420.81011,0
1753748340000,3813.52,3815.28,3811.08,3811.82,4031.390,1753748399999,15372739.43979,4909,1267.362,4832991.07620,0
1753748400000,3811.83,3814.65,3811.39,3811.39,1806.141,1753748459999,6886632.67200,3768,827.655,3155864.18948,0
1753748460000,3811.39,3815.08,3811.39,3814.01,1518.492,1753748519999,5791230.40626,2414,1002.557,3823521.02097,0
1753748520000,3814.00,3815.80,3812.06,3815.25,1963.008,1753748579999,7486170.05631,3162,853.707,3255705.19208,0
1753748580000,3815.26,3817.44,3813.71,3817.43,1819.080,1753748639999,6940854.02070,2603,975.346,3721698.86593,0
1753748640000,3817.44,3817.44,3813.21,3816.32,2802.147,1753748699999,10693213.15568,3511,1398.010,5334740.00648,0
1753748700000,3816.33,3816.50,3814.00,3815.63,2565.475,1753748759999,9787462.38876,2982,803.363,3064749.06711,0
1753748760000,3815.64,3816.89,3813.47,3815.79,2882.656,1753748819999,11000746.86018,2550,1570.098,5991952.14740,0
1753748820000,3815.80,3816.85,3815.01,3816.17,1551.849,1753748879999,5921654.89365,2293,644.717,2460091.99935,0
1753748880000,3816.18,3819.99,3815.35,3815.36,10803.795,1753748939999,41249114.26612,5461,4842.942,18489267.76954,0
1753748940000,3815.36,3815.36,3806.00,3807.84,6922.092,1753748999999,26374498.59095,6709,1643.576,6261229.30699,0
1753749000000,3807.84,3812.10,3807.84,3808.97,4326.854,1753749059999,16484221.35441,5281,1588.617,6052137.37160,0
1753749060000,3808.97,3813.25,3808.96,3812.92,1366.140,1753749119999,5207220.80164,3774,784.220,2989142.24705,0
1753749120000,3812.92,3815.17,3811.89,3814.32,2643.989,1753749179999,10084121.01849,3505,1044.964,3985410.09872,0
1753749180000,3814.31,3814.31,3803.30,3804.03,5055.295,1753749239999,19245639.52975,6677,1168.682,4448259.10859,0
1753749240000,3804.03,3804.03,3784.48,3785.3,23339.080,1753749299999,88559277.14698,15384,6319.246,23960554.59017,0
1753749300000,3785.30,3792.29,3782.90,3786.93,13268.582,1753749359999,50253735.81725,12489,6753.669,25582542.00044,0
1753749360000,3786.93,3790.60,3786.34,3787.66,5393.839,1753749419999,20435911.59899,6277,2811.222,10650781.70141,0
1753749420000,3787.66,3787.67,3780.32,3785.13,7005.240,1753749479999,26507282.45085,8811,3339.921,12637634.57927,0
1753749480000,3785.13,3793.00,3785.13,3787.71,3884.717,1753749539999,14721458.59272,6176,2042.100,7738846.74689,0
1753749540000,3787.72,3790.28,3783.00,3783.63,8503.092,1753749599999,32190683.54510,7700,2725.611,10317802.02880,0
1753749600000,3783.63,3784.32,3760.01,3764.59,32383.321,1753749659999,122140490.50559,21663,12402.796,46783473.28081,0
1753749660000,3764.59,3767.53,3754.45,3755.63,39683.432,1753749719999,149245888.71529,30502,14452.851,54366538.45384,0
1753749720000,3755.63,3756.32,3734.00,3756.02,66596.014,1753749779999,249558056.18947,47475,27098.612,101608667.46358,0
1753749780000,3756.02,3762.76,3755.25,3762.29,12250.362,1753749839999,46057311.97071,9801,8857.812,33302139.34091,0
1753749840000,3762.29,3764.21,3748.44,3753.16,26180.773,1753749899999,98285729.19140,17942,10953.212,41111925.76128,0
1753749900000,3753.17,3760.58,3745.21,3760.08,14065.777,1753749959999,52767906.61354,14914,8097.882,30383044.44780,0
1753749960000,3760.07,3767.38,3758.48,3767.08,12450.925,1753750019999,46853733.14620,10971,7970.824,29995582.05745,0
1753750020000,3767.08,3768.71,3759.36,3763.07,11784.331,1753750079999,44350794.12989,10399,5619.996,21149860.81190,0
1753750080000,3763.07,3765.39,3761.44,3762.61,3832.303,1753750139999,14422503.97971,5955,1219.611,4589832.33489,0
1753750140000,3762.61,3768.84,3762.61,3767.88,2697.914,1753750199999,10162160.81296,4992,1584.947,5969540.34254,0
1753750200000,3767.87,3773.00,3766.90,3772.9,5095.985,1753750259999,19208377.46250,6953,3185.456,12006795.07651,0
1753750260000,3772.89,3772.89,3768.14,3770.26,3413.143,1753750319999,12869429.73739,5202,1326.782,5002856.32123,0
1753750320000,3770.26,3773.59,3770.26,3773.59,4854.976,1753750379999,18314066.48669,4705,2582.599,9742400.33753,0
1753750380000,3773.59,3776.15,3773.01,3775.97,2509.528,1753750439999,9472873.89175,3244,1735.077,6549501.09135,0
1753750440000,3776.00,3777.33,3772.07,3772.64,3681.939,1753750499999,13899861.12512,4339,1404.154,5301532.30771,0
1753750500000,3772.64,3775.77,3772.64,3773.58,1863.581,1753750559999,7033657.43204,3078,770.913,2909408.55100,0
1753750560000,3773.58,3777.67,3773.00,3777.58,1525.757,1753750619999,5759450.72101,2751,846.935,3197083.59237,0
1753750620000,3777.60,3778.10,3775.25,3778.1,2839.918,1753750679999,10727545.23336,3189,1061.924,4011351.50623,0
1753750680000,3778.10,3778.88,3777.03,3778.18,2405.961,1753750739999,9089922.89156,2758,893.437,3375468.04869,0
1753750740000,3778.17,3778.95,3777.08,3778.87,1697.504,1753750799999,6413906.68615,2323,786.603,2972325.66996,0
1753750800000,3778.87,3779.11,3775.49,3778.93,2820.981,1753750859999,10656846.45430,4469,1030.681,3894131.35050,0
1753750860000,3778.93,3778.96,3774.69,3775.68,1425.614,1753750919999,5383890.86385,3428,586.879,2216385.08308,0
1753750920000,3775.68,3776.45,3766.88,3767.57,6074.531,1753750979999,22905101.79183,7069,1162.666,4383987.46191,0
1753750980000,3767.58,3771.85,3767.30,3771.13,2188.627,1753751039999,8249017.04776,3830,892.482,3363652.74913,0
1753751040000,3771.13,3779.62,3769.59,3779.1,3834.704,1753751099999,14477713.46486,4836,3118.836,11775897.14028,0
1753751100000,3779.11,3782.09,3774.38,3775.28,3916.832,1753751159999,14804197.76914,5743,2346.241,8868957.48907,0
1753751160000,3775.27,3776.62,3770.91,3771.49,1771.255,1753751219999,6684085.48031,4038,663.687,2504674.10581,0
1753751220000,3771.50,3777.60,3771.49,3777.33,1575.326,1753751279999,5947398.09424,2878,870.340,3285386.57951,0
1753751280000,3777.34,3782.50,3775.45,3782.33,2518.121,1753751339999,9516982.32830,4491,1305.628,4934315.49499,0
1753751340000,3782.33,3783.24,3780.69,3783.23,2746.359,1753751399999,10387612.59406,3971,1470.082,5560257.06480,0
1753751400000,3783.23,3784.50,3782.31,3783.24,1777.398,1753751459999,6724608.11574,2940,838.398,3172096.31809,0
1753751460000,3783.24,3783.65,3780.45,3783.57,1461.820,1753751519999,5528606.95849,3354,581.252,2198277.68196,0
1753751520000,3783.57,3785.65,3782.76,3784.92,2205.365,1753751579999,8346421.07493,3045,1363.247,5159121.25405,0
1753751580000,3784.92,3785.37,3783.33,3783.33,1568.019,1753751639999,5933694.81508,2509,721.706,2731004.28492,0
1753751640000,3783.33,3784.69,3781.19,3781.2,1877.250,1753751699999,7101536.90898,3133,683.602,2585935.26561,0
1753751700000,3781.20,3782.44,3779.30,3780.36,1254.666,1753751759999,4744102.06064,2551,464.158,1755216.01430,0
1753751760000,3780.37,3784.45,3780.00,3784.22,2455.088,1753751819999,9284823.49145,2994,1899.696,7184331.26265,0
1753751820000,3784.22,3785.70,3783.36,3785.7,1239.482,1753751879999,4691163.26699,2465,724.122,2740688.05143,0
1753751880000,3785.70,3789.57,3785.69,3788.28,5469.013,1753751939999,20716450.21656,3981,4266.525,16161036.04404,0
1753751940000,3788.29,3788.59,3785.45,3787.51,1981.185,1753751999999,7503725.49940,3108,984.411,3728479.27245,0
1753752000000,3787.52,3789.22,3787.51,3788.53,1142.854,1753752059999,4329851.94431,1990,639.443,2422537.60836,0
1753752060000,3788.54,3789.00,3782.68,3783.01,4257.421,1753752119999,16120141.05215,4380,702.487,2660762.79825,0
1753752120000,3783.01,3786.14,3782.12,3785.45,1734.501,1753752179999,6563438.79056,2749,578.003,2187319.71343,0
1753752180000,3785.46,3788.34,3784.87,3788.33,905.514,1753752239999,3428935.63503,1859,391.642,1483164.17934,0
1753752240000,3788.34,3791.00,3788.34,3790.15,2384.587,1753752299999,9037990.55504,3265,1838.608,6968482.35176,0
1753752300000,3790.16,3790.87,3788.94,3790.65,1540.323,1753752359999,5837492.64125,2571,731.079,2770550.65931,0
1753752360000,3790.66,3795.13,3790.65,3794.97,6037.005,1753752419999,22902237.21397,4600,4622.509,17535880.16379,0
1753752420000,3794.98,3796.60,3793.92,3795.09,3671.392,1753752479999,13934908.89399,7025,2152.047,8167975.83514,0
1753752480000,3795.10,3795.25,3792.13,3792.75,2729.009,1753752539999,10352176.66005,5878,539.306,2045722.44968,0
1753752540000,3792.76,3793.99,3792.56,3793.75,692.556,1753752599999,2627025.35523,1547,289.513,1098164.72037,0
1753752600000,3793.75,3795.36,3792.47,3794.3,1298.805,1753752659999,4927864.49402,2759,577.003,2189282.93373,0
1753752660000,3794.31,3796.98,3794.11,3796.98,1482.352,1753752719999,5626537.66442,2226,906.437,3440580.09694,0
1753752720000,3796.98,3797.17,3793.69,3794.68,1736.622,1753752779999,6592508.27605,2942,553.388,2100856.38277,0
1753752780000,3794.68,3796.96,3794.37,3794.73,1621.176,1753752839999,6153068.64525,2447,816.015,3097159.26668,0
1753752840000,3794.73,3795.41,3790.75,3790.75,1760.370,1753752899999,6678880.92708,2490,252.936,959834.61555,0
1753752900000,3790.75,3791.82,3788.18,3789.2,2529.006,1753752959999,9585154.00351,3806,635.175,2407730.34985,0
1753752960000,3789.20,3790.29,3785.84,3789.24,2559.101,1753753019999,9695322.77661,3580,797.477,3021670.03550,0
1753753020000,3789.24,3791.60,3789.24,3791.6,1111.000,1753753079999,4210562.04769,2472,489.865,1856478.94507,0
1753753080000,3791.59,3791.59,3787.18,3787.53,1355.107,1753753139999,5134636.93985,2121,340.212,1288977.43965,0
1753753140000,3787.53,3789.63,3783.62,3784.49,3669.125,1753753199999,13890111.02381,4135,870.344,3294728.03246,0
1753753200000,3784.50,3788.60,3784.49,3786.49,1713.156,1753753259999,6486870.27209,2596,885.647,3353040.23527,0
1753753260000,3786.51,3786.86,3785.67,3786.01,752.400,1753753319999,2848887.11633,1272,328.680,1244543.61226,0
1753753320000,3786.02,3788.00,3785.67,3785.93,754.469,1753753379999,2856851.54394,1722,284.555,1077439.30540,0
1753753380000,3785.94,3788.33,3785.94,3786.03,1821.828,1753753439999,6899467.21930,2272,884.366,3349282.88701,0
1753753440000,3786.03,3786.34,3783.35,3784.23,1506.496,1753753499999,5701373.56390,2604,246.899,934420.72637,0
1753753500000,3784.23,3784.98,3776.42,3777.57,3596.522,1753753559999,13597242.37265,5316,892.982,3375867.16532,0
1753753560000,3777.57,3779.98,3777.53,3778.99,3298.348,1753753619999,12464199.86983,3830,2148.679,8119612.07354,0
1753753620000,3778.99,3779.00,3773.64,3774.0,2957.609,1753753679999,11169257.02896,4321,1182.075,4464597.58124,0
1753753680000,3774.00,3778.00,3772.10,3772.74,3153.456,1753753739999,11903536.24099,5331,1444.491,5453471.90655,0
1753753740000,3772.74,3773.41,3771.13,3773.0,2244.379,1753753799999,8466977.25376,4075,1009.678,3809008.27899,0
1753753800000,3773.00,3777.10,3771.49,3776.51,3624.759,1753753859999,13679357.23038,4825,2701.121,10193687.59349,0
1753753860000,3776.51,3777.03,3773.30,3773.6,1848.067,1753753919999,6976463.69179,2791,758.925,2865118.46813,0
1753753920000,3773.60,3775.03,3773.19,3774.39,1365.091,1753753979999,5152283.26368,2652,672.351,2537664.00469,0
1753753980000,3774.40,3774.40,3769.08,3769.3,2420.987,1753754039999,9129506.40418,3726,564.929,2130268.82219,0
1753754040000,3769.30,3770.00,3768.01,3769.14,3171.404,1753754099999,11953990.77838,2970,1654.638,6236955.74333,0
1753754100000,3769.15,3770.00,3766.27,3768.13,2689.438,1753754159999,10133630.81541,4026,697.421,2627911.07956,0
1753754160000,3768.13,3769.35,3760.09,3760.32,7402.511,1753754219999,27865313.07027,8694,1475.651,5555408.08432,0
1753754220000,3760.32,3765.76,3760.31,3762.53,4774.170,1753754279999,17969094.82769,8997,2841.841,10696230.45355,0
1753754280000,3762.54,3763.76,3756.48,3756.87,8556.574,1753754339999,32169932.59957,12466,3827.602,14393248.20607,0
1753754340000,3756.88,3758.66,3756.00,3756.76,4225.644,1753754399999,15875277.43076,4916,2897.200,10884615.68538,0
1753754400000,3756.76,3759.49,3755.10,3756.98,6364.278,1753754459999,23910903.98828,6774,3259.775,12247501.06428,0
1753754460000,3756.97,3760.24,3755.89,3760.24,3135.336,1753754519999,11783242.38939,5070,2331.004,8760808.35861,0
1753754520000,3760.25,3764.36,3760.24,3763.75,5148.185,1753754579999,19372699.56982,5596,3505.874,13192397.57480,0
1753754580000,3763.75,3763.75,3760.70,3761.4,2239.483,1753754639999,8425140.38685,3362,1309.391,4925686.68646,0
1753754640000,3761.40,3762.28,3757.01,3759.86,4060.815,1753754699999,15266076.36943,6045,2106.108,7917360.14428,0
1753754700000,3759.86,3766.76,3759.86,3766.75,2999.409,1753754759999,11290520.81341,4910,2243.971,8446929.54480,0
1753754760000,3766.75,3767.34,3762.50,3765.3,2517.711,1753754819999,9478029.57336,4634,1452.383,5467246.71437,0
1753754820000,3765.29,3767.69,3763.10,3767.32,1502.837,1753754879999,5658597.50186,2967,817.410,3078168.92781,0
1753754880000,3767.32,3768.00,3764.50,3764.5,1839.016,1753754939999,6928045.79201,2833,1123.244,4231752.98993,0
1753754940000,3764.50,3767.44,3762.34,3765.86,2522.479,1753754999999,9496219.83231,3807,926.879,3489843.48321,0
1753755000000,3765.87,3771.86,3765.86,3770.04,2299.685,1753755059999,8668498.14212,4029,1659.033,6253423.36469,0
1753755060000,3770.04,3770.25,3764.24,3766.01,1774.695,1753755119999,6685991.18332,4101,754.347,2841951.76630,0
1753755120000,3766.01,3770.00,3765.50,3767.35,1431.810,1753755179999,5395357.42609,4085,837.566,3156027.69572,0
1753755180000,3767.33,3770.00,3766.00,3769.79,1277.442,1753755239999,4813067.55067,3744,593.745,2236999.66345,0
1753755240000,3769.78,3771.00,3768.54,3768.85,1677.985,1753755299999,6325660.11171,3700,1192.103,4494014.41169,0
1753755300000,3768.85,3769.80,3765.00,3765.01,1809.002,1753755359999,6817591.30661,4309,904.775,3409703.58347,0
1753755360000,3765.00,3765.02,3754.00,3755.19,5902.761,1753755419999,22182034.11184,9838,1305.297,4905448.10546,0
1753755420000,3755.19,3758.34,3750.41,3750.43,7910.718,1753755479999,29692785.80415,10948,2772.932,10411064.83700,0
1753755480000,3750.43,3752.14,3727.21,3729.6,55843.186,1753755539999,208676156.74291,40858,14482.279,54109304.78179,0
1753755540000,3729.60,3739.43,3729.07,3734.89,13444.204,1753755599999,50213861.43267,18108,7537.678,28153489.62253,0
1753755600000,3734.90,3742.85,3732.96,3741.85,11640.292,1753755659999,43527073.73015,14828,7503.702,28059062.17507,0
1753755660000,3741.84,3744.00,3736.34,3743.38,7995.362,1753755719999,29902125.17810,11631,5119.845,19149828.98720,0
1753755720000,3743.39,3744.57,3739.60,3739.9,3639.415,1753755779999,13616899.84519,5981,1741.339,6515175.17824,0
1753755780000,3739.90,3743.01,3736.02,3736.03,5163.804,1753755839999,19307039.94931,7725,1758.715,6575929.80061,0
1753755840000,3736.03,3743.00,3734.04,3742.98,5811.848,1753755899999,21724205.35226,6063,4289.296,16034509.83527,0
1753755900000,3742.99,3746.82,3739.77,3746.82,4205.740,1753755959999,15745497.72644,7882,2830.035,10596161.58684,0
1753755960000,3746.82,3747.94,3744.70,3745.49,2171.129,1753756019999,8134720.69520,4546,1248.981,4679667.38848,0
1753756020000,3745.49,3754.40,3745.48,3754.19,7648.634,1753756079999,28687794.57969,9437,6261.058,23483710.62783,0
1753756080000,3754.19,3755.00,3751.37,3755.0,6438.876,1753756139999,24167154.94393,6415,3719.700,13961282.84978,0
1753756140000,3755.00,3757.23,3754.22,3757.23,4813.326,1753756199999,18077475.75179,5399,2886.751,10842137.59960,0
1753756200000,3757.25,3757.56,3752.80,3754.15,4802.245,1753756259999,18031659.09143,8379,1642.857,6168589.40663,0
1753756260000,3754.14,3757.76,3754.01,3757.76,2982.193,1753756319999,11201903.58042,7782,1937.714,7278640.55669,0
1753756320000,3757.76,3761.58,3757.44,3759.83,4866.097,1753756379999,18292865.57102,5052,3957.624,14878181.88986,0
1753756380000,3759.84,3762.38,3759.08,3761.34,3292.936,1753756439999,12385501.51827,4821,1924.757,7239621.73812,0
1753756440000,3761.35,3764.00,3760.19,3760.19,1939.400,1753756499999,7297247.63129,3324,921.987,3469483.80489,0
1753756500000,3760.19,3760.20,3754.00,3754.1,3063.980,1753756559999,11512740.63655,5455,828.684,3113883.38427,0
1753756560000,3754.10,3755.42,3750.02,3751.25,3396.350,1753756619999,12742130.57973,5032,1215.483,4560106.99097,0
1753756620000,3751.26,3756.88,3751.11,3754.21,1695.667,1753756679999,6364084.01830,4251,908.684,3410319.52716,0
1753756680000,3754.20,3754.21,3744.00,3744.94,4476.282,1753756739999,16776388.41776,8344,1334.172,5000095.21949,0
1753756740000,3744.94,3750.79,3744.69,3747.01,3620.993,1753756799999,13571501.74252,5614,2225.550,8342062.32903,0
1753756800000,3747.01,3749.99,3744.77,3744.77,2111.780,1753756859999,7913177.14026,4407,591.738,2217947.76496,0
1753756860000,3744.76,3747.70,3742.80,3745.75,2595.967,1753756919999,9722391.28548,5311,666.678,2497137.70359,0
1753756920000,3745.75,3747.75,3744.03,3746.19,1736.638,1753756979999,6505182.83109,4136,1164.852,4363199.75233,0
1753756980000,3746.19,3751.72,3746.19,3751.48,1404.533,1753757039999,5265094.86457,3467,967.569,3627104.49146,0
1753757040000,3751.48,3752.63,3748.21,3752.63,2428.636,1753757099999,9109293.06262,4282,1353.697,5077226.68672,0
1753757100000,3752.63,3757.99,3750.95,3757.16,8170.771,1753757159999,30679307.86042,7583,5818.944,21851128.11243,0
1753757160000,3757.16,3757.16,3753.99,3755.93,3629.110,1753757219999,13630231.96030,5597,1781.586,6691318.74310,0
1753757220000,3755.93,3758.00,3755.76,3755.76,2023.411,1753757279999,7602188.64176,3351,545.896,2050971.46342,0
1753757280000,3755.77,3755.77,3748.57,3750.25,3699.183,1753757339999,13879803.71302,6711,1612.336,6049100.80796,0
1753757340000,3750.24,3755.00,3750.21,3754.9,1789.166,1753757399999,6715975.19728,2851,1225.123,4598653.00970,0
1753757400000,3754.91,3756.16,3748.33,3748.96,1718.257,1753757459999,6447225.14624,3658,930.851,3493322.26967,0
1753757460000,3748.96,3750.56,3740.24,3745.12,4266.266,1753757519999,15971991.86182,8124,1554.164,5818710.52741,0
1753757520000,3745.13,3748.44,3745.00,3745.0,1724.360,1753757579999,6460870.46822,4724,668.060,2503126.22858,0
1753757580000,3745.00,3748.50,3743.70,3748.5,1331.348,1753757639999,4986238.78499,4098,876.107,3281343.40360,0
1753757640000,3748.49,3748.49,3741.89,3745.21,4159.937,1753757699999,15576038.65113,4993,2263.893,8476853.15280,0
1753757700000,3745.21,3750.22,3744.36,3747.45,5499.657,1753757759999,20606546.37491,4181,1719.931,6446994.68544,0
1753757760000,3747.46,3749.27,3745.00,3749.27,3452.801,1753757819999,12937166.09784,4010,1409.762,5282932.25254,0
1753757820000,3749.28,3752.92,3746.94,3752.89,2784.937,1753757879999,10442708.68840,4442,2239.506,8398043.28553,0
1753757880000,3752.90,3757.63,3752.89,3757.55,2449.442,1753757939999,9196294.19636,3884,1269.563,4766732.83255,0
1753757940000,3757.54,3760.00,3756.21,3757.54,2674.780,1753757999999,10052850.38828,4060,1277.239,4800062.89665,0
1753758000000,3757.54,3764.59,3757.45,3763.45,6390.620,1753758059999,24039668.53460,7536,4656.097,17513373.71263,0
1753758060000,3763.44,3772.40,3762.62,3772.4,9164.548,1753758119999,34522864.82607,8420,7399.127,27873277.19773,0
1753758120000,3772.40,3772.85,3763.71,3764.65,6251.182,1753758179999,23561150.52551,7605,2178.893,8213785.75610,0
1753758180000,3764.66,3769.97,3764.66,3767.75,2918.414,1753758239999,10996087.74732,4004,1939.358,7306602.15121,0
1753758240000,3767.74,3768.58,3763.46,3767.7,3835.625,1753758299999,14443953.70561,5425,1250.207,4708191.31411,0
1753758300000,3767.70,3771.32,3766.42,3769.0,2936.913,1753758359999,11069350.12520,5115,1233.734,4650082.97204,0
1753758360000,3769.00,3776.24,3769.00,3774.22,5156.435,1753758419999,19459752.59999,6393,2709.265,10223870.58804,0
1753758420000,3774.21,3779.00,3774.00,3778.35,4973.355,1753758479999,18783455.07371,5145,2605.787,9841636.32520,0
1753758480000,3778.35,3782.37,3778.34,3781.59,6694.929,1753758539999,25309441.40610,7151,4346.838,16432496.48402,0
1753758540000,3781.60,3781.61,3775.54,3778.29,5265.187,1753758599999,19896544.87271,6222,2545.671,9619616.11427,0
1753758600000,3778.28,3781.31,3777.94,3779.31,3896.349,1753758659999,14728823.03662,5677,2068.150,7817552.49687,0
1753758660000,3779.30,3781.70,3777.43,3779.99,2229.429,1753758719999,8427246.77596,3705,1031.158,3898125.72019,0
1753758720000,3780.00,3780.25,3778.78,3779.85,2145.930,1753758779999,8110673.60329,3076,665.773,2516352.12795,0
1753758780000,3779.85,3779.86,3777.84,3779.26,1971.119,1753758839999,7448742.58145,2958,593.298,2242030.40288,0
1753758840000,3779.27,3781.56,3779.26,3781.15,2220.176,1753758899999,8392145.44547,2384,1365.937,5163190.58349,0
1753758900000,3781.15,3782.17,3776.21,3776.21,3424.104,1753758959999,12942278.70067,4651,1138.944,4305240.43673,0
1753758960000,3776.21,3779.80,3775.44,3779.76,2911.943,1753759019999,11000727.15177,3921,1491.923,5635860.66789,0
1753759020000,3779.76,3782.71,3778.24,3779.03,2598.898,1753759079999,9826455.02736,4330,1753.005,6628204.51743,0
1753759080000,3779.02,3779.02,3773.90,3774.3,2242.369,1753759139999,8467766.03157,4080,612.743,2313573.88786,0
1753759140000,3774.30,3778.00,3773.52,3775.98,3432.665,1753759199999,12959793.59840,4559,1812.908,6844574.48479,0
1753759200000,3775.98,3778.37,3775.98,3777.95,1469.585,1753759259999,5551078.23180,2789,657.264,2482604.66861,0
1753759260000,3777.95,3782.47,3776.83,3781.32,1846.896,1753759319999,6981204.35705,3500,1148.667,4342180.34256,0
1753759320000,3781.31,3782.33,3779.40,3781.67,2180.150,1753759379999,8243565.69716,3559,1136.765,4298263.73168,0
1753759380000,3781.68,3784.67,3781.67,3783.17,3432.035,1753759439999,12985151.09217,4047,2186.924,8274189.66068,0
1753759440000,3783.17,3783.66,3780.83,3782.41,2075.948,1753759499999,7852669.25653,2803,740.630,2801355.27418,0
1753759500000,3782.42,3783.26,3781.84,3781.9,660.886,1753759559999,2499855.42572,1486,277.302,1048917.69234,0
1753759560000,3781.89,3785.65,3781.89,3784.89,2474.614,1753759619999,9364953.79717,3421,1857.112,7028001.98270,0
1753759620000,3784.89,3784.89,3779.20,3781.54,2679.427,1753759679999,10132492.62563,6429,1087.844,4114382.42321,0
1753759680000,3781.55,3783.89,3780.90,3780.91,1436.734,1753759739999,5435690.25954,4783,877.692,3320660.86408,0
1753759740000,3780.91,3782.52,3780.46,3782.31,836.335,1753759799999,3162812.45585,1883,375.191,1418855.39724,0
1753759800000,3782.31,3783.78,3779.70,3783.78,1247.426,1753759859999,4717091.98961,3084,447.149,1690868.35686,0
1753759860000,3783.78,3786.84,3783.11,3786.83,2499.985,1753759919999,9463115.06646,2918,1734.313,6565319.25588,0
1753759920000,3786.84,3787.56,3778.00,3778.01,3911.779,1753759979999,14793772.28404,5131,2092.773,7913397.44591,0
1753759980000,3778.00,3780.25,3775.30,3778.06,4523.880,1753760039999,17092686.50753,5084,1638.632,6191442.03613,0
1753760040000,3778.06,3779.46,3775.98,3776.23,4181.193,1753760099999,15795859.95166,4373,1353.331,5113083.95677,0
1753760100000,3776.23,3778.30,3774.74,3776.23,2129.857,1753760159999,8042354.67715,3888,1107.461,4181670.01278,0
1753760160000,3776.22,3777.99,3775.07,3776.1,1722.367,1753760219999,6504866.98817,2326,782.079,2953384.16827,0
1753760220000,3776.10,3776.23,3773.33,3776.22,1950.624,1753760279999,7363027.69911,2547,768.631,2901436.00088,0
1753760280000,3776.23,3782.14,3776.22,3779.33,1902.014,1753760339999,7187642.81434,3660,1560.545,5897000.55364,0
1753760340000,3779.34,3781.54,3778.20,3780.48,1397.469,1753760399999,5282558.20225,3143,781.672,2954897.58300,0
1753760400000,3780.49,3784.61,3780.48,3784.61,1175.501,1753760459999,4446823.94692,3245,859.802,3252495.82033,0
1753760460000,3784.60,3785.95,3783.59,3784.2,2072.086,1753760519999,7842658.92289,3291,1484.245,5617861.87693,0
1753760520000,3784.20,3785.94,3784.20,3785.18,1501.825,1753760579999,5684761.80756,2064,1132.050,4285113.37210,0
1753760580000,3785.18,3788.14,3785.18,3786.48,1873.422,1753760639999,7094878.35471,3488,1178.941,4464767.45682,0
1753760640000,3786.48,3788.60,3786.11,3788.41,1281.266,1753760699999,4852674.52585,2197,1000.880,3790701.03761,0
1753760700000,3788.40,3789.35,3785.95,3789.34,2466.679,1753760759999,9342062.61197,3522,1478.465,5599645.34973,0
1753760760000,3789.34,3790.87,3785.39,3790.69,5557.850,1753760819999,21057021.20910,6085,2871.651,10880795.66216,0
1753760820000,3790.68,3792.57,3790.09,3791.99,4789.150,1753760879999,18156150.88019,4774,3448.392,13073064.47778,0
1753760880000,3791.98,3794.14,3790.03,3791.64,3607.574,1753760939999,13680411.58623,4860,2312.177,8768372.41369,0
1753760940000,3791.65,3791.65,3785.80,3785.86,1785.692,1753760999999,6765055.49703,3324,376.935,1427951.06973,0
1753761000000,3785.85,3788.36,3784.81,3784.96,1453.856,1753761059999,5504540.90376,3049,660.089,2499345.90015,0
1753761060000,3784.96,3786.88,3784.61,3786.42,1395.020,1753761119999,5281248.84497,2709,383.513,1451893.77802,0
1753761120000,3786.42,3786.56,3778.64,3778.65,7884.390,1753761179999,29816213.43399,6769,1461.072,5524610.85840,0
1753761180000,3778.64,3783.56,3777.60,3783.56,5993.041,1753761239999,22656640.86858,4629,3898.662,14738457.40107,0
1753761240000,3783.56,3784.43,3782.78,3783.27,1366.049,1753761299999,5168859.82724,2783,714.731,2704427.66112,0
1753761300000,3783.27,3786.98,3783.00,3785.97,2353.503,1753761359999,8908937.08841,2766,1712.263,6482028.84829,0
1753761360000,3785.96,3790.32,3785.21,3789.61,1322.114,1753761419999,5008692.62304,2630,1158.700,4389606.79337,0
1753761420000,3789.61,3797.00,3789.07,3796.3,10915.189,1753761479999,41411355.13297,9702,8844.617,33555971.12162,0
1753761480000,3796.31,3796.50,3793.42,3793.72,3809.974,1753761539999,14459044.66084,4780,1748.217,6634831.48258,0
1753761540000,3793.72,3794.28,3790.09,3790.46,2279.464,1753761599999,8643250.41654,3970,1006.232,3814631.31639,0
1753761600000,3790.46,3792.17,3789.53,3791.59,2552.270,1753761659999,9674909.20010,4393,1433.032,5432292.30700,0
1753761660000,3791.58,3792.60,3790.44,3791.86,1123.770,1753761719999,4260951.84655,3002,531.011,2013397.28302,0
1753761720000,3791.85,3792.01,3787.64,3790.89,3159.889,1753761779999,11975541.94093,3782,1348.227,5109609.22049,0
1753761780000,3790.90,3792.58,3790.00,3791.33,1122.865,1753761839999,4257104.84337,3182,531.318,2014420.64484,0
1753761840000,3791.33,3793.27,3789.00,3792.87,1398.913,1753761899999,5303367.06809,2887,631.216,2393029.02128,0
1753761900000,3792.87,3793.95,3792.06,3793.94,1140.625,1753761959999,4326541.01885,3283,729.511,2767176.76216,0
1753761960000,3793.94,3794.63,3793.00,3794.58,2173.285,1753762019999,8245285.36830,3557,1163.716,4415130.48562,0
1753762020000,3794.58,3795.54,3793.08,3795.06,1522.806,1753762079999,5778237.90772,2114,592.960,2250044.05268,0
1753762080000,3795.07,3796.27,3794.23,3795.82,1065.185,1753762139999,4042768.35481,2064,499.390,1895482.92340,0
1753762140000,3795.82,3796.81,3794.18,3796.81,1941.625,1753762199999,7368847.80411,2700,630.726,2393996.99488,0
1753762200000,3796.81,3796.91,3795.42,3796.04,1428.310,1753762259999,5422239.44566,2075,478.372,1815928.73670,0
1753762260000,3796.03,3799.14,3795.59,3798.54,2688.094,1753762319999,10208219.74006,3751,1846.230,7011651.20196,0
1753762320000,3798.55,3801.01,3798.54,3800.47,6096.569,1753762379999,23166470.48062,7144,4051.411,15395538.68754,0
1753762380000,3800.48,3800.59,3797.64,3797.83,1953.756,1753762439999,7424099.59001,2391,812.707,3088515.42041,0
1753762440000,3797.83,3800.59,3795.64,3799.84,3047.293,1753762499999,11575646.59743,3981,2169.456,8241001.40775,0
1753762500000,3799.85,3799.85,3792.51,3793.3,4086.027,1753762559999,15508998.74431,4535,729.817,2769520.52967,0
1753762560000,3793.30,3793.30,3789.79,3792.25,2454.630,1753762619999,9307295.58326,3641,431.500,1636148.44526,0
1753762620000,3792.24,3794.30,3788.85,3791.4,4316.865,1753762679999,16366189.83486,4928,894.143,3390657.68009,0
1753762680000,3791.41,3793.69,3791.40,3792.63,1031.056,1753762739999,3910517.48674,1751,636.539,2414173.20818,0
1753762740000,3792.62,3793.32,3791.31,3792.46,803.199,1753762799999,3046020.60415,2081,436.262,1654488.08971,0
1753762800000,3792.46,3794.42,3791.50,3794.41,1436.233,1753762859999,5447501.84533,3019,594.352,2254498.11634,0
1753762860000,3794.41,3794.42,3791.00,3791.0,861.842,1753762919999,3268714.60781,2206,346.146,1312851.62109,0
1753762920000,3791.00,3791.92,3787.11,3790.32,3801.616,1753762979999,14404052.56864,4571,652.187,2471171.87479,0
1753762980000,3790.32,3790.78,3789.21,3789.59,1073.155,1753763039999,4067309.94064,1888,449.760,1704730.38321,0
1753763040000,3789.60,3789.80,3787.76,3789.52,980.066,1753763099999,3713211.12502,1652,300.615,1138931.58252,0
1753763100000,3789.53,3790.62,3788.12,3788.87,952.184,1753763159999,3608136.63775,2249,341.993,1295888.65156,0
1753763160000,3788.87,3789.37,3787.00,3788.06,1313.752,1753763219999,4976411.33475,2480,268.187,1015901.57963,0
1753763220000,3788.07,3788.56,3785.93,3786.52,1525.184,1753763279999,5776129.15716,2191,276.699,1047820.49528,0
1753763280000,3786.53,3788.51,3785.64,3787.73,1789.205,1753763339999,6776320.15186,3424,1048.041,3969248.57462,0
1753763340000,3787.74,3787.92,3786.58,3787.54,1006.069,1753763399999,3810411.09016,1889,218.093,826001.47682,0
1753763400000,3787.53,3790.19,3785.58,3788.41,2579.090,1753763459999,9767737.59007,3042,1263.927,4786670.51978,0
1753763460000,3788.40,3788.62,3786.07,3786.07,591.108,1753763519999,2238827.17652,1745,210.866,798771.18509,0
1753763520000,3786.07,3786.68,3783.00,3785.84,2557.221,1753763579999,9679121.02787,4114,580.592,2197758.13929,0
1753763580000,3785.84,3788.00,3784.83,3787.99,813.871,1753763639999,3081589.66441,1953,398.278,1508056.45073,0
1753763640000,3788.00,3788.00,3782.84,3784.32,994.286,1753763699999,3764054.10101,2491,261.300,989214.54247,0
1753763700000,3784.32,3785.52,3783.24,3783.63,1049.350,1753763759999,3970981.50407,2268,499.382,1889713.60692,0
1753763760000,3783.62,3785.09,3781.50,3782.1,1563.371,1753763819999,5913907.07227,3976,547.969,2072948.67026,0
1753763820000,3782.10,3785.79,3782.10,3785.13,890.897,1753763879999,3371800.50476,2133,651.749,2466710.57274,0
1753763880000,3785.13,3785.47,3783.11,3783.92,1172.600,1753763939999,4437505.11138,2285,254.898,964538.19749,0
1753763940000,3783.93,3789.78,3783.93,3789.77,950.203,1753763999999,3599268.28399,2288,660.318,2501349.71265,0
1753764000000,3789.78,3793.98,3789.78,3791.34,2384.372,1753764059999,9041853.84382,4149,1876.693,7116761.17909,0
1753764060000,3791.34,3792.19,3787.50,3788.0,1017.677,1753764119999,3856091.34337,2550,308.495,1168943.61444,0
1753764120000,3788.01,3788.90,3783.03,3783.34,1520.524,1753764179999,5755225.19903,3029,429.055,1624340.01409,0
1753764180000,3783.35,3785.93,3783.00,3783.84,973.075,1753764239999,3682738.71391,2615,339.033,1283115.50863,0
1753764240000,3783.85,3783.85,3780.41,3783.3,2866.020,1753764299999,10838716.00403,3459,1629.696,6163556.03527,0
1753764300000,3783.30,3786.11,3783.20,3783.44,2109.716,1753764359999,7985295.20384,2693,1401.404,5304466.90900,0
1753764360000,3783.43,3786.00,3782.01,3785.54,520.709,1753764419999,1970111.58768,2079,262.565,993427.19033,0
1753764420000,3785.52,3785.52,3782.95,3782.95,754.002,1753764479999,2853299.66844,2089,446.157,1688360.59767,0
1753764480000,3782.96,3783.27,3781.40,3781.41,828.857,1753764539999,3134964.22692,1299,185.220,700624.74354,0
1753764540000,3781.40,3781.70,3778.21,3779.0,3989.430,1753764599999,15080348.85834,4024,572.473,2163765.86102,0
1753764600000,3779.00,3779.14,3773.86,3777.13,9073.721,1753764659999,34264060.48900,6655,2309.760,8721754.64669,0
1753764660000,3777.14,3777.14,3775.00,3776.8,1667.191,1753764719999,6295670.52999,2432,412.132,1556279.47902,0
1753764720000,3776.80,3776.80,3774.00,3776.69,2070.813,1753764779999,7817740.70909,2853,492.706,1860151.60430,0
1753764780000,3776.69,3781.21,3776.68,3781.21,1060.156,1753764839999,4006416.84223,2014,716.294,2707010.07971,0
1753764840000,3781.21,3781.71,3779.08,3780.71,749.685,1753764899999,2833888.86278,1809,411.003,1553570.48704,0
1753764900000,3780.71,3781.00,3777.53,3777.57,1694.376,1753764959999,6404707.66479,1814,335.909,1269870.43536,0
1753764960000,3777.57,3779.24,3777.57,3777.76,1083.818,1753765019999,4094825.18560,3397,319.600,1207483.93688,0
1753765020000,3777.76,3779.47,3774.36,3779.47,3286.923,1753765079999,12411635.21602,4273,1259.144,4754924.95488,0
1753765080000,3779.47,3779.60,3776.37,3776.81,1014.274,1753765139999,3832301.62358,2652,436.840,1650695.08509,0
1753765140000,3776.82,3778.18,3775.90,3776.66,618.184,1753765199999,2334939.92088,1780,391.706,1479428.76192,0
1753765200000,3776.65,3779.60,3776.65,3779.6,891.352,1753765259999,3367269.38590,2181,451.826,1706950.43580,0
1753765260000,3779.59,3781.37,3778.55,3779.22,1270.756,1753765319999,4803523.10725,2450,762.088,2880900.69810,0
1753765320000,3779.20,3781.95,3779.20,3779.96,1242.211,1753765379999,4696426.78013,2057,715.197,2703860.35326,0
1753765380000,3779.96,3780.66,3778.22,3779.59,775.425,1753765439999,2930784.78294,1947,510.590,1929767.98437,0
1753765440000,3779.60,3782.44,3779.12,3782.44,1777.220,1753765499999,6719183.29075,2233,987.190,3732747.77858,0
1753765500000,3782.44,3782.51,3779.00,3781.08,1850.050,1753765559999,6993721.66721,2391,241.879,914596.02303,0
1753765560000,3781.07,3784.71,3781.07,3784.71,1499.910,1753765619999,5674470.08182,1719,1349.309,5104733.27249,0
1753765620000,3784.71,3789.76,3784.71,3788.98,3165.368,1753765679999,11989903.67434,3787,2068.783,7834863.91289,0
1753765680000,3788.99,3792.96,3788.05,3791.05,3694.521,1753765739999,14003515.27262,4571,3237.928,12272822.41475,0
1753765740000,3791.06,3791.23,3790.00,3790.07,1091.364,1753765799999,4136796.88871,1942,452.663,1715770.20580,0
1753765800000,3790.06,3793.39,3789.00,3791.97,3065.241,1753765859999,11620231.25488,4052,2276.916,8631772.43541,0
1753765860000,3791.97,3792.69,3790.24,3790.24,747.035,1753765919999,2832386.81276,2096,464.285,1760366.44066,0
1753765920000,3790.25,3790.60,3788.69,3790.0,702.788,1753765979999,2663385.40744,1765,290.552,1101127.04178,0
1753765980000,3790.00,3792.24,3790.00,3792.13,911.833,1753766039999,3457095.20710,1604,579.121,2195528.55278,0
1753766040000,3792.13,3792.95,3787.68,3788.03,1000.964,1753766099999,3793655.47678,2657,470.854,1784699.25818,0
1753766100000,3788.03,3788.29,3781.20,3782.46,1801.945,1753766159999,6817968.29154,3854,300.753,1137941.76392,0
1753766160000,3782.46,3784.28,3780.70,3784.28,889.289,1753766219999,3363251.14875,2400,524.089,1982187.18344,0
1753766220000,3784.29,3785.99,3783.12,3785.99,1023.036,1753766279999,3871666.16583,2038,395.123,1495299.10925,0
1753766280000,3786.00,3787.10,3783.55,3786.14,657.789,1753766339999,2489878.79944,1819,296.140,1120888.19694,0
1753766340000,3786.14,3788.56,3785.21,3788.44,874.634,1753766399999,3312410.82327,2779,535.234,2027137.24255,0
1753766400000,3788.44,3789.99,3786.73,3789.36,486.884,1753766459999,1844449.78093,1908,286.584,1085687.45819,0
1753766460000,3789.35,3792.65,3789.35,3792.35,1295.311,1753766519999,4910413.76669,2357,1027.908,3896780.76811,0
1753766520000,3792.39,3792.64,3788.69,3789.83,814.807,1753766579999,3088591.53420,2155,418.322,1585671.78528,0
1753766580000,3789.83,3790.38,3787.45,3787.57,497.047,1753766639999,1883328.68539,1629,278.562,1055501.64333,0
1753766640000,3787.57,3787.69,3785.69,3786.06,537.180,1753766699999,2034019.40988,1810,322.347,1220570.88754,0
1753766700000,3786.06,3787.72,3785.70,3787.71,341.304,1753766759999,1292281.32536,1256,165.841,627929.77558,0
1753766760000,3787.72,3790.89,3787.71,3790.83,703.313,1753766819999,2665195.98323,1850,241.569,915363.74641,0
1753766820000,3790.82,3790.82,3787.84,3788.25,680.900,1753766879999,2579888.73678,1524,69.231,262306.12163,0
1753766880000,3788.25,3790.31,3788.25,3790.31,349.206,1753766939999,1323236.85685,1185,157.123,595368.54834,0
1753766940000,3790.32,3790.40,3789.37,3789.69,456.537,1753766999999,1730271.02273,1012,141.264,535379.61017,0
1753767000000,3789.69,3789.70,3787.27,3788.39,336.439,1753767059999,1274531.78189,2210,146.150,553638.49326,0
1753767060000,3788.39,3789.17,3787.00,3788.31,840.753,1753767119999,3185240.17903,1779,177.835,673670.78081,0
1753767120000,3788.30,3790.00,3788.30,3789.99,318.401,1753767179999,1206525.60763,1187,166.971,632694.06871,0
1753767180000,3790.00,3794.87,3790.00,3794.79,1478.146,1753767239999,5605853.85962,2667,1065.551,4040823.72053,0
1753767240000,3794.80,3795.39,3792.99,3794.51,1514.214,1753767299999,5745502.30663,2615,861.110,3267432.27328,0
1753767300000,3794.51,3795.71,3794.33,3794.95,1409.093,1753767359999,5347529.21018,2385,1032.706,3919189.35930,0
1753767360000,3794.94,3802.74,3794.32,3800.11,10048.988,1753767419999,38175650.88692,7877,8138.579,30918117.08533,0
1753767420000,3800.12,3801.35,3799.17,3799.52,2817.020,1753767479999,10704726.94446,2330,607.235,2307606.25624,0
1753767480000,3799.51,3800.57,3798.48,3800.57,1265.179,1753767539999,4807009.37672,1981,792.140,3009804.98200,0
1753767540000,3800.57,3802.52,3800.48,3801.8,1729.738,1753767599999,6575269.69023,3105,1066.072,4052381.82140,0
1753767600000,3801.79,3801.96,3798.60,3798.6,2288.642,1753767659999,8698886.86803,2414,577.658,2195838.17288,0
1753767660000,3798.61,3801.51,3797.98,3800.57,1869.812,1753767719999,7103579.09707,2805,1219.967,4634777.78097,0
1753767720000,3800.58,3800.77,3798.61,3798.73,1836.475,1753767779999,6977713.81380,1907,298.331,1133628.85189,0
1753767780000,3798.72,3798.73,3796.16,3797.46,2733.129,1753767839999,10378408.84683,2371,1548.965,5881816.05341,0
1753767840000,3797.47,3798.00,3796.19,3798.0,984.743,1753767899999,3739461.26826,1465,680.701,2584852.91685,0
1753767900000,3797.99,3798.18,3796.12,3797.97,1267.489,1753767959999,4813199.35624,2304,524.516,1991775.13442,0
1753767960000,3797.96,3798.46,3797.00,3797.48,878.956,1753768019999,3338205.40756,1713,410.207,1557910.15696,0
1753768020000,3797.49,3802.67,3797.00,3802.0,4179.010,1753768079999,15883031.08278,3911,3495.233,13283541.81425,0
1753768080000,3801.99,3801.99,3799.00,3799.55,993.991,1753768139999,3777932.63807,1861,468.076,1778869.60403,0
1753768140000,3799.55,3799.80,3797.28,3798.11,1733.281,1753768199999,6582995.45522,2838,388.122,1474123.45973,0
1753768200000,3798.11,3799.27,3797.08,3799.27,979.134,1753768259999,3718600.00049,1636,384.106,1458747.42972,0
1753768260000,3799.26,3800.51,3798.70,3800.34,836.026,1753768319999,3176743.14089,1973,430.832,1636995.66204,0
1753768320000,3800.34,3802.74,3799.99,3802.74,1024.623,1753768379999,3894382.59208,1795,594.796,2260732.85336,0
1753768380000,3802.73,3804.70,3801.54,3801.55,2406.071,1753768439999,9151374.35321,2720,1806.081,6869577.62240,0
1753768440000,3801.55,3806.33,3801.30,3805.89,3019.531,1753768499999,11487209.37591,3666,2612.594,9939029.90931,0
1753768500000,3805.89,3806.81,3804.18,3805.63,3481.451,1753768559999,13249150.45583,3450,2037.922,7755774.10499,0
1753768560000,3805.62,3806.36,3803.13,3803.81,1421.373,1753768619999,5406944.65925,2392,738.535,2809319.86702,0
1753768620000,3803.81,3804.03,3802.27,3802.65,1375.447,1753768679999,5231184.74133,1820,303.208,1153253.45082,0
1753768680000,3802.66,3804.00,3802.30,3802.82,1188.607,1753768739999,4520549.87622,1783,433.864,1650052.77095,0
1753768740000,3802.82,3805.87,3802.82,3805.86,2811.715,1753768799999,10697548.56291,2773,2138.333,8135361.42924,0
1753768800000,3805.87,3807.95,3800.65,3800.65,4664.884,1753768859999,17751195.97146,4900,2105.249,8013208.22533,0
1753768860000,3800.65,3803.40,3800.00,3803.08,2680.605,1753768919999,10191792.02304,2896,1647.408,6263155.42859,0
1753768920000,3803.08,3805.14,3803.08,3803.52,1453.650,1753768979999,5530110.30606,2486,657.718,2501988.90320,0
1753768980000,3803.52,3804.80,3801.50,3803.76,2568.371,1753769039999,9768644.38379,3472,1503.388,5718358.32619,0
1753769040000,3803.76,3806.09,3803.53,3805.18,1794.297,1753769099999,6827435.74941,2196,1033.304,3931627.89127,0
1753769100000,3805.18,3807.41,3803.77,3807.05,1642.507,1753769159999,6250906.32696,2911,765.578,2913611.96705,0
1753769160000,3807.05,3811.74,3807.05,3810.0,7631.910,1753769219999,29078255.97699,7260,4885.137,18611851.40499,0
1753769220000,3810.00,3810.41,3809.22,3809.22,4844.350,1753769279999,18456546.90189,2969,2055.727,7831848.03316,0
1753769280000,3809.23,3810.09,3807.08,3808.35,3540.898,1753769339999,13487605.30025,4041,2478.454,9440811.93220,0
1753769340000,3808.34,3808.35,3805.23,3805.69,2220.338,1753769399999,8451917.82324,2271,531.836,2024392.31775,0
1753769400000,3805.70,3806.28,3803.40,3805.64,2780.754,1753769459999,10580375.03224,2997,970.405,3692540.40426,0
1753769460000,3805.65,3807.00,3805.00,3806.45,1135.399,1753769519999,4321386.47854,1841,688.219,2619417.95418,0
1753769520000,3806.46,3808.34,3806.24,3808.34,748.638,1753769579999,2850367.20511,1801,407.580,1551786.59509,0
1753769580000,3808.34,3808.34,3807.19,3808.33,639.811,1753769639999,2436241.44530,1212,336.081,1279692.86740,0
1753769640000,3808.33,3810.21,3807.60,3809.2,1942.805,1753769699999,7400051.34834,2030,1221.146,4650980.60313,0
1753769700000,3809.21,3810.57,3809.01,3810.55,1076.982,1753769759999,4103166.01107,1889,682.276,2599311.63534,0
1753769760000,3810.54,3810.55,3808.33,3808.83,2635.103,1753769819999,10038519.78095,2330,427.442,1628153.45530,0
1753769820000,3808.84,3812.91,3808.83,3811.23,2247.003,1753769879999,8564293.89345,3552,1584.364,6038502.96879,0
1753769880000,3811.24,3813.50,3810.90,3812.62,2428.788,1753769939999,9259792.39951,3030,1674.344,6383427.31643,0
1753769940000,3812.61,3813.38,3811.41,3812.91,2310.873,1753769999999,8809997.59791,4416,821.965,3133674.29901,0
1753770000000,3812.90,3815.77,3812.90,3814.94,7040.523,1753770059999,26858094.81856,8403,4685.991,17875595.60062,0
1753770060000,3814.93,3817.41,3814.55,3816.83,6015.267,1753770119999,22954069.54846,5404,3967.820,15141040.56805,0
1753770120000,3816.83,3818.42,3816.48,3816.6,4648.415,1753770179999,17743874.47548,4357,2588.585,9881128.59881,0
1753770180000,3816.60,3819.97,3816.60,3818.48,8027.079,1753770239999,30648460.21553,5997,6296.043,24038390.97537,0
1753770240000,3818.48,3821.66,3818.48,3819.07,10336.729,1753770299999,39483653.23140,7911,6283.932,24003304.69265,0
1753770300000,3819.07,3820.38,3818.00,3820.01,6481.673,1753770359999,24755447.50553,5472,4331.324,16542588.73105,0
1753770360000,3820.01,3820.12,3812.47,3813.87,6877.070,1753770419999,26236616.39915,6068,2514.856,9593386.31278,0
1753770420000,3813.87,3816.43,3813.87,3816.01,6790.253,1753770479999,25906291.74239,5152,4247.189,16203657.18526,0
1753770480000,3816.01,3816.32,3811.69,3813.41,3892.001,1753770539999,14843274.49897,3761,2323.030,8859312.59279,0
1753770540000,3813.41,3815.62,3813.08,3815.45,3370.131,1753770599999,12855320.94425,3230,2519.120,9609042.24803,0
1753770600000,3815.46,3815.46,3812.74,3815.4,3271.869,1753770659999,12480358.10287,3276,1652.488,6303022.58631,0
1753770660000,3815.40,3818.17,3812.93,3816.53,8262.890,1753770719999,31528100.16129,5722,3043.134,11611930.23292,0
1753770720000,3816.53,3829.26,3816.35,3823.69,14657.560,1753770779999,56053113.17489,14232,10057.576,38456632.18847,0
1753770780000,3823.70,3824.60,3820.97,3821.63,3564.829,1753770839999,13627399.28557,4710,1909.384,7299219.76267,0
1753770840000,3821.63,3822.98,3818.00,3818.0,3789.017,1753770899999,14474880.79359,4430,1581.493,6041853.33751,0
1753770900000,3818.01,3819.00,3817.42,3817.48,2390.108,1753770959999,9125475.79430,2216,835.868,3191369.99322,0
1753770960000,3817.47,3817.47,3816.12,3817.41,1652.315,1753771019999,6306703.90200,1746,545.721,2082885.53991,0
1753771020000,3817.41,3817.97,3815.14,3816.0,2312.296,1753771079999,8824783.88397,2444,787.935,3007295.52312,0
1753771080000,3816.00,3818.10,3816.00,3816.03,1883.075,1753771139999,7187655.49360,2443,1263.166,4821260.13625,0
1753771140000,3816.03,3816.40,3815.69,3816.39,2062.941,1753771199999,7872196.19128,1964,688.043,2625540.86678,0
1753771200000,3816.40,3817.00,3813.53,3814.33,3207.891,1753771259999,12237347.83432,3322,855.806,3264980.47435,0
1753771260000,3814.34,3814.67,3810.26,3811.39,4272.333,1753771319999,16285152.85218,3495,1269.748,4839216.09561,0
1753771320000,3811.40,3813.83,3811.40,3811.7,1533.242,1753771379999,5846000.79420,2062,755.645,2881052.07565,0
1753771380000,3811.69,3818.13,3811.69,3818.13,5281.729,1753771439999,20154652.92428,5062,3822.095,14584950.24540,0
1753771440000,3818.13,3820.47,3817.10,3820.06,7132.689,1753771499999,27241121.25824,6270,5305.141,20261057.28465,0
1753771500000,3820.06,3820.06,3819.05,3819.25,1719.641,1753771559999,6568990.39343,1289,288.975,1103883.54697,0
1753771560000,3819.24,3819.24,3816.09,3816.42,2051.046,1753771619999,7828556.47878,2426,878.162,3351728.95302,0
1753771620000,3816.41,3817.85,3815.40,3815.55,1291.294,1753771679999,4927953.86788,2770,770.735,2941432.70647,0
1753771680000,3815.55,3820.76,3813.61,3820.74,6440.310,1753771739999,24585897.70074,4960,4750.315,18135028.04639,0
1753771740000,3820.74,3821.38,3816.00,3819.54,11211.305,1753771799999,42816200.65810,7259,4290.736,16385154.71170,0
1753771800000,3819.55,3821.15,3816.57,3820.03,13440.309,1753771859999,51327058.73889,8193,7124.256,27208287.85842,0
1753771860000,3820.02,3820.02,3817.36,3819.79,2096.879,1753771919999,8008202.74701,2725,1375.153,5251659.40539,0
1753771920000,3819.79,3824.98,3819.76,3821.55,2583.055,1753771979999,9873797.54230,4094,1690.596,6461988.03559,0
1753771980000,3821.55,3823.46,3820.25,3822.16,2707.511,1753772039999,10347771.79569,3516,1708.292,6528892.59902,0
1753772040000,3822.17,3835.00,3821.96,3828.44,20417.502,1753772099999,78190448.66669,13337,12776.079,48924529.18159,0
1753772100000,3828.45,3832.66,3827.42,3831.17,11665.208,1753772159999,44675853.67131,8998,6038.792,23126297.66478,0
1753772160000,3831.17,3833.28,3827.00,3831.0,8234.155,1753772219999,31537677.76677,8927,4546.698,17414491.50566,0
1753772220000,3831.01,3831.50,3827.37,3831.01,10497.562,1753772279999,40207210.87829,7017,3392.936,12992213.80137,0
1753772280000,3831.00,3833.25,3828.51,3829.41,5284.738,1753772339999,20244753.58509,5779,2515.043,9634010.23699,0
1753772340000,3829.37,3829.37,3826.75,3827.73,3997.745,1753772399999,15302568.26298,4213,1849.913,7080856.64661,0
1753772400000,3827.74,3832.00,3827.74,3829.67,4131.265,1753772459999,15823478.81098,6304,2221.400,8508306.18943,0
1753772460000,3829.68,3832.52,3827.47,3831.02,8894.534,1753772519999,34071640.18541,5960,6454.485,24724517.68749,0
1753772520000,3831.01,3833.00,3830.08,3832.92,8330.797,1753772579999,31916671.90888,4221,5212.894,19971342.36228,0
1753772580000,3832.92,3836.77,3829.36,3835.11,17855.488,1753772639999,68449563.33543,13008,8397.364,32195872.69450,0
1753772640000,3835.11,3837.00,3833.75,3835.96,4421.370,1753772699999,16957609.10429,5746,2895.663,11106119.72097,0
1753772700000,3835.97,3835.97,3831.56,3831.57,2757.592,1753772759999,10571158.01151,4051,1199.155,4596824.28774,0
1753772760000,3831.57,3841.67,3831.45,3837.29,17195.112,1753772819999,65991186.90457,12196,11703.647,44912329.45751,0
1753772820000,3837.30,3840.44,3835.00,3840.01,7238.221,1753772879999,27781190.31000,7026,4104.452,15754585.52813,0
1753772880000,3840.00,3842.84,3840.00,3841.1,7465.484,1753772939999,28676186.49435,7876,5034.674,19340097.06185,0
1753772940000,3841.11,3842.35,3838.32,3838.86,7245.429,1753772999999,27823819.89111,9613,2975.691,11427133.11957,0
1753773000000,3838.86,3840.15,3837.00,3838.52,5386.076,1753773059999,20677127.16194,8348,2637.545,10124889.36185,0
1753773060000,3838.51,3840.85,3838.51,3840.84,4862.163,1753773119999,18669808.71068,4723,2372.111,9108342.17130,0
1753773120000,3840.84,3840.85,3837.91,3838.05,2694.169,1753773179999,10343697.79387,2927,684.451,2627378.88548,0
1753773180000,3838.05,3840.31,3838.05,3840.0,3290.707,1753773239999,12635271.88449,3082,1702.787,6537711.19537,0
1753773240000,3840.01,3840.82,3835.28,3840.25,6419.898,1753773299999,24645263.58635,5715,2942.012,11294279.58766,0
1753773300000,3840.25,3841.00,3840.00,3840.01,2204.105,1753773359999,8464551.14431,3525,1324.352,5086020.06264,0
1753773360000,3840.00,3840.20,3835.74,3839.52,6538.261,1753773419999,25097193.67734,5548,3415.337,13109825.26672,0
1753773420000,3839.52,3845.00,3838.91,3843.35,8036.870,1753773479999,30880440.03846,7754,6006.195,23079468.98609,0
1753773480000,3843.35,3844.97,3842.88,3844.12,3919.965,1753773539999,15068997.49660,4416,2163.508,8316745.43711,0
1753773540000,3844.12,3846.00,3841.63,3841.93,5302.965,1753773599999,20387026.20034,4474,2137.006,8216373.65163,0
1753773600000,3841.92,3843.97,3840.78,3842.98,4511.722,1753773659999,17336478.97083,5299,3012.778,11576633.88615,0
1753773660000,3842.99,3843.68,3838.92,3839.08,2564.880,1753773719999,9852342.97432,3308,541.514,2080223.58639,0
1753773720000,3839.08,3839.64,3835.21,3835.67,5800.207,1753773779999,22254532.60192,5781,2473.699,9490987.38142,0
1753773780000,3835.66,3836.68,3833.36,3836.67,3639.943,1753773839999,13957142.57689,4500,1579.423,6056456.77401,0
1753773840000,3836.68,3836.72,3834.57,3834.57,3684.427,1753773899999,14131348.44052,2844,1037.814,3980494.05719,0
1753773900000,3834.58,3835.31,3833.39,3833.61,2823.853,1753773959999,10827800.30488,3334,1280.099,4908469.71949,0
1753773960000,3833.62,3833.91,3832.24,3832.88,2618.535,1753774019999,10036833.33572,4029,704.320,2699664.17829,0
1753774020000,3832.88,3835.77,3832.88,3833.26,1639.498,1753774079999,6286661.07455,3266,912.261,3498092.94895,0
1753774080000,3833.27,3835.68,3833.26,3835.36,2405.507,1753774139999,9223374.04479,2138,1985.481,7612693.59620,0
1753774140000,3835.35,3835.56,3831.88,3832.4,3014.771,1753774199999,11555988.80646,2653,883.499,3386590.70061,0
1753774200000,3832.40,3840.70,3832.40,3838.2,5550.849,1753774259999,21302307.34754,5875,3615.603,13874051.20615,0
1753774260000,3838.20,3838.89,3833.46,3833.92,3451.573,1753774319999,13243289.63135,3586,901.124,3457736.76426,0
1753774320000,3833.93,3850.50,3833.93,3850.48,22497.669,1753774379999,86513141.57008,14888,17145.498,65919990.77145,0
1753774380000,3850.49,3851.00,3847.20,3847.21,15702.737,1753774439999,60447330.29564,13085,6741.172,25950461.11915,0
1753774440000,3847.21,3860.00,3847.20,3854.02,23392.495,1753774499999,90151657.75402,16761,16974.544,65410617.46124,0
1753774500000,3854.02,3855.57,3850.76,3850.76,5390.371,1753774559999,20774468.80063,7328,2569.138,9901963.35722,0
1753774560000,3850.76,3850.85,3848.50,3848.7,8368.389,1753774619999,32219505.45593,5076,2007.854,7730929.21289,0
1753774620000,3848.70,3856.16,3848.70,3856.04,5708.335,1753774679999,21994936.88474,6979,3822.694,14727935.89042,0
1753774680000,3856.04,3857.76,3851.98,3852.62,3562.966,1753774739999,13733221.20906,5573,1445.869,5573645.47419,0
1753774740000,3852.62,3861.73,3848.75,3861.07,15719.809,1753774799999,60610396.10572,10226,10411.256,40145400.94495,0
1753774800000,3861.07,3874.93,3857.67,3872.05,48208.116,1753774859999,186423913.20793,34146,31500.653,121817937.24642,0
1753774860000,3872.05,3876.64,3869.26,3869.96,17313.598,1753774919999,67053853.26002,22631,7875.359,30502385.44277,0
1753774920000,3869.96,3871.50,3866.78,3867.25,9108.398,1753774979999,35241169.87295,12636,3684.526,14256488.86851,0
1753774980000,3867.25,3871.89,3866.61,3871.67,6450.035,1753775039999,24956866.11037,6729,3620.270,14007970.35533,0
1753775040000,3871.67,3873.32,3869.94,3873.32,5596.775,1753775099999,21666689.90763,6679,2684.935,10394508.27976,0
1753775100000,3873.33,3879.00,3873.28,3877.13,15167.717,1753775159999,58798650.65489,15005,8884.237,34440748.58649,0
1753775160000,3877.09,3878.38,3874.41,3874.9,8903.766,1753775219999,34509062.68923,9611,3989.587,15463748.06449,0
1753775220000,3874.89,3875.36,3870.37,3870.4,6811.241,1753775279999,26378286.31052,8107,2529.063,9795321.02079,0
1753775280000,3870.39,3871.63,3868.00,3869.9,6599.061,1753775339999,25536992.12453,7340,2464.752,9538087.61958,0
1753775340000,3869.90,3873.28,3867.86,3871.45,6112.398,1753775399999,23658587.33767,7269,2900.824,11228981.96849,0
1753775400000,3871.45,3875.95,3871.45,3874.22,5276.360,1753775459999,20441245.65863,5848,3197.809,12388669.66568,0
1753775460000,3874.23,3874.26,3871.34,3872.7,6047.452,1753775519999,23420900.99475,7604,2436.893,9437208.15736,0
1753775520000,3872.71,3873.07,3870.50,3870.5,3798.140,1753775579999,14704629.87740,3935,1070.552,4144718.72396,0
1753775580000,3870.50,3874.10,3870.40,3874.09,4666.824,1753775639999,18070708.48847,4878,2703.117,10467023.49674,0
1753775640000,3874.09,3874.29,3872.70,3873.89,3414.976,1753775699999,13228276.34414,3604,1128.612,4371699.21171,0
1753775700000,3873.89,3874.66,3871.80,3871.8,4461.411,1753775759999,17281031.88691,4041,1032.685,4000159.26709,0
1753775760000,3871.80,3873.60,3871.25,3873.11,6570.908,1753775819999,25442055.18781,4781,2426.618,9396104.22655,0
1753775820000,3873.10,3873.12,3871.30,3871.97,3804.998,1753775879999,14734047.28131,4217,1520.814,5888970.60633,0
1753775880000,3871.97,3874.78,3871.25,3874.21,4071.793,1753775939999,15768660.69167,3825,1719.463,6659431.27483,0
1753775940000,3874.20,3879.57,3874.10,3876.56,10166.233,1753775999999,39409984.83145,7586,6451.403,25008643.74357,0
1753776000000,3876.56,3878.38,3875.00,3878.04,8768.139,1753776059999,33987791.23509,6955,4751.766,18420239.34896,0
1753776060000,3878.04,3883.74,3876.17,3882.78,11189.584,1753776119999,43418218.84795,12871,7939.654,30810427.91825,0
1753776120000,3882.73,3885.43,3880.43,3882.59,11573.296,1753776179999,44942039.81789,11501,6999.294,27180972.72145,0
1753776180000,3882.60,3883.28,3877.16,3877.3,7236.118,1753776239999,28080684.91158,7872,2503.415,9715568.56630,0
1753776240000,3877.31,3879.71,3875.88,3877.51,4945.917,1753776299999,19176650.36441,5531,1902.467,7376606.62038,0
1753776300000,3877.51,3877.52,3871.00,3872.31,6509.321,1753776359999,25211682.45569,6382,1451.080,5619919.42070,0
1753776360000,3872.31,3875.81,3871.72,3875.74,3804.388,1753776419999,14735737.91504,4396,2902.557,11242952.28275,0
1753776420000,3875.75,3876.27,3870.29,3870.29,2679.021,1753776479999,10374044.60552,4053,552.044,2137918.61313,0
1753776480000,3870.29,3870.30,3867.15,3867.54,12174.786,1753776539999,47105113.38364,8425,2791.370,10800603.13179,0
1753776540000,3867.55,3870.40,3867.50,3869.04,5090.829,1753776599999,19695039.17193,4516,3205.816,12402495.10855,0
1753776600000,3869.03,3870.98,3868.02,3870.49,7751.894,1753776659999,29997436.28212,4275,4241.614,16412648.07285,0
1753776660000,3870.50,3870.50,3869.53,3870.14,2865.789,1753776719999,11091074.21388,2556,1095.499,4239705.47812,0
1753776720000,3870.14,3871.83,3870.04,3870.55,3029.411,1753776779999,11726096.52764,2729,1958.392,7580134.18266,0
1753776780000,3870.56,3870.56,3869.50,3870.08,2183.188,1753776839999,8448746.15327,2537,648.371,2509067.51205,0
1753776840000,3870.07,3870.50,3869.53,3870.02,1079.282,1753776899999,4176989.71598,1675,610.953,2364451.13771,0
1753776900000,3870.02,3874.74,3870.01,3874.12,4429.954,1753776959999,17153557.95938,4362,3153.739,12211389.24520,0
1753776960000,3874.12,3874.72,3870.36,3871.76,2433.283,1753777019999,9421693.32149,4160,1179.604,4567467.38911,0
1753777020000,3871.76,3872.00,3869.30,3869.3,2368.972,1753777079999,9170073.03441,3055,668.239,2587022.27451,0
1753777080000,3869.30,3870.71,3868.92,3869.42,2732.362,1753777139999,10572989.47881,2229,889.232,3440762.87275,0
1753777140000,3869.42,3872.43,3869.42,3872.43,2045.214,1753777199999,7917368.26988,2651,1230.426,4763163.15844,0
1753777200000,3872.43,3877.79,3872.43,3876.04,3559.428,1753777259999,13795384.69190,4758,2526.144,9790230.38388,0
1753777260000,3876.04,3876.68,3874.40,3874.92,2674.233,1753777319999,10363877.45223,3115,825.125,3197571.84832,0
1753777320000,3874.93,3875.28,3873.20,3873.2,1179.968,1753777379999,4571348.63526,2183,343.810,1331933.15699,0
1753777380000,3873.20,3873.94,3871.00,3871.18,1909.439,1753777439999,7393591.64354,2971,591.794,2291538.21579,0
1753777440000,3871.19,3875.67,3870.00,3873.47,3564.067,1753777499999,13803377.63635,4819,2766.041,10712897.38038,0
1753777500000,3873.47,3873.79,3866.42,3866.5,5138.947,1753777559999,19886883.89697,5384,782.485,3028342.16790,0
1753777560000,3866.50,3869.50,3866.50,3869.27,1956.896,1753777619999,7569882.29763,2414,845.553,3270537.98263,0
1753777620000,3869.26,3869.40,3867.10,3868.55,2975.727,1753777679999,11511481.27539,2518,763.968,2955353.70546,0
1753777680000,3868.55,3868.55,3863.00,3863.39,8760.113,1753777739999,33859806.42628,5672,1287.058,4973737.18573,0
1753777740000,3863.39,3863.40,3858.76,3862.85,12529.674,1753777799999,48374642.25435,9877,3924.065,15149091.98093,0
1753777800000,3862.85,3867.13,3862.85,3866.34,10979.054,1753777859999,42439804.32273,7040,5773.586,22317718.70605,0
1753777860000,3866.35,3868.75,3865.41,3868.55,4462.630,1753777919999,17258449.41400,4950,2808.110,10860026.81584,0
1753777920000,3868.55,3872.37,3866.72,3870.2,3422.402,1753777979999,13242637.45484,4057,2060.714,7974396.97121,0
1753777980000,3870.21,3870.21,3866.33,3868.01,2551.969,1753778039999,9871930.34475,3089,894.074,3458178.42756,0
1753778040000,3868.00,3873.17,3867.60,3871.88,3743.506,1753778099999,14488283.54233,4466,3038.354,11759540.05778,0
1753778100000,3871.87,3872.62,3870.41,3871.17,3609.904,1753778159999,13975220.80875,4171,757.122,2931204.37778,0
1753778160000,3871.17,3876.39,3870.69,3871.07,5267.402,1753778219999,20405867.86799,5629,4074.258,15784147.87954,0
1753778220000,3871.07,3871.98,3869.59,3870.21,2858.578,1753778279999,11064778.60116,4283,520.344,2014082.65176,0
1753778280000,3870.21,3873.62,3870.21,3872.32,2951.957,1753778339999,11429911.07451,3694,776.251,3005577.67264,0
1753778340000,3872.26,3874.00,3872.00,3873.94,1939.101,1753778399999,7510702.21546,2849,1185.351,4591217.83550,0
1753778400000,3873.93,3880.00,3873.93,3878.42,9412.430,1753778459999,36509842.57625,7136,4866.418,18875440.82041,0
1753778460000,3878.41,3879.52,3876.93,3878.91,3182.928,1753778519999,12344043.86559,3071,1260.324,4887916.43083,0
1753778520000,3878.92,3879.05,3877.08,3878.49,1920.964,1753778579999,7449454.87525,3069,888.048,3443906.80564,0
1753778580000,3878.50,3878.79,3877.00,3877.67,2013.373,1753778639999,7808466.80344,2641,594.003,2303755.41644,0
1753778640000,3877.67,3878.61,3876.17,3876.41,1698.666,1753778699999,6586448.26098,2570,543.836,2108748.80588,0
1753778700000,3876.41,3877.50,3875.41,3877.5,1324.821,1753778759999,5136109.52593,2279,838.692,3251554.31006,0
1753778760000,3877.50,3877.50,3876.40,3877.01,1261.042,1753778819999,4889188.08493,2112,509.324,1974673.85061,0
1753778820000,3877.01,3880.66,3877.01,3880.66,3570.106,1753778879999,13849246.83124,3386,2499.573,9696622.98521,0
1753778880000,3880.65,3884.28,3879.25,3880.54,5062.535,1753778939999,19652149.39077,5994,3633.574,14105203.78551,0
1753778940000,3880.53,3881.01,3875.60,3875.6,3111.043,1753778999999,12068849.45877,4161,1397.817,5423256.26598,0
1753779000000,3875.60,3876.63,3872.78,3873.09,3393.190,1753779059999,13146451.26429,4944,962.596,3729634.67562,0
1753779060000,3873.09,3873.70,3871.38,3871.81,2066.197,1753779119999,8001332.59546,3318,779.459,3018517.28472,0
1753779120000,3871.80,3872.99,3869.81,3872.4,3691.525,1753779179999,14290287.48046,4160,1468.925,5686678.53816,0
1753779180000,3872.41,3874.17,3872.15,3872.16,1415.167,1753779239999,5481467.99480,2553,620.501,2403377.05216,0
1753779240000,3872.15,3872.35,3869.81,3871.48,1814.822,1753779299999,7024716.26215,2664,615.121,2381005.15007,0
1753779300000,3871.49,3874.70,3871.49,3871.68,1803.720,1753779359999,6987211.96123,3031,565.287,2189610.20312,0
1753779360000,3871.68,3874.08,3871.68,3873.25,959.876,1753779419999,3717774.05808,1726,530.549,2054899.75030,0
1753779420000,3873.25,3873.54,3872.23,3872.67,1390.543,1753779479999,5385113.56069,1767,690.151,2672619.69607,0
1753779480000,3872.68,3872.68,3866.20,3870.99,6757.289,1753779539999,26148491.21275,4635,695.502,2691844.99733,0
1753779540000,3871.00,3871.73,3870.46,3871.55,1156.406,1753779599999,4476791.12422,1637,625.151,2420077.30175,0
1753779600000,3871.55,3878.30,3871.54,3875.67,11786.102,1753779659999,45674401.78950,7447,10591.745,41045863.66367,0
1753779660000,3875.68,3876.00,3872.90,3875.61,2094.761,1753779719999,8116062.37422,3111,930.700,3605872.44462,0
1753779720000,3875.61,3878.30,3875.52,3877.71,1385.655,1753779779999,5372800.75888,2009,753.325,2920792.44121,0
1753779780000,3877.71,3877.71,3873.72,3874.1,1419.930,1753779839999,5503301.18873,2159,395.788,1534000.25343,0
1753779840000,3874.10,3875.03,3871.57,3872.6,2708.783,1753779899999,10491292.97834,3679,1299.881,5034897.85602,0
1753779900000,3872.61,3876.00,3871.75,3876.0,1113.436,1753779959999,4314434.31009,1836,750.769,2909276.51650,0
1753779960000,3876.00,3876.66,3873.68,3874.05,2401.194,1753780019999,9305886.61625,2955,1326.187,5139852.85434,0
1753780020000,3874.06,3875.10,3872.20,3874.76,2228.364,1753780079999,8632251.42321,2130,1395.284,5405199.21347,0
1753780080000,3874.76,3875.29,3873.83,3875.08,1165.198,1753780139999,4514989.58147,1456,510.246,1977042.32210,0
1753780140000,3875.08,3876.00,3874.72,3874.94,1598.397,1753780199999,6194295.61590,1646,1230.261,4767638.31089,0
1753780200000,3874.95,3878.02,3874.80,3875.45,1349.360,1753780259999,5231221.97912,2618,640.589,2483340.19118,0
1753780260000,3875.45,3875.46,3873.18,3873.33,1163.711,1753780319999,4508888.34171,1779,365.321,1415516.71652,0
1753780320000,3873.33,3873.94,3871.74,3871.74,2050.662,1753780379999,7942556.24948,2895,944.773,3659326.60276,0
1753780380000,3871.75,3872.81,3871.24,3872.04,1031.856,1753780439999,3995438.52537,1697,403.214,1561327.08055,0
1753780440000,3872.03,3872.04,3867.13,3867.17,9684.312,1753780499999,37471353.11748,4373,967.140,3740906.04872,0
1753780500000,3867.16,3868.59,3866.66,3868.47,3487.025,1753780559999,13486247.62321,3948,1222.241,4727122.32711,0
1753780560000,3868.48,3868.48,3864.43,3864.43,3500.855,1753780619999,13533965.79405,3424,984.530,3806685.55831,0
1753780620000,3864.43,3864.86,3862.96,3864.35,4466.742,1753780679999,17259312.08251,4320,1858.761,7182427.75064,0
1753780680000,3864.35,3868.10,3864.34,3867.5,3487.357,1753780739999,13482118.43711,3336,2080.835,8043879.22040,0
1753780740000,3867.51,3871.20,3867.50,3871.2,3183.532,1753780799999,12317552.28187,3877,2553.915,9881603.65433,0
1753780800000,3871.19,3877.00,3871.19,3875.75,4511.282,1753780859999,17480370.86986,4894,3725.368,14435308.71258,0
1753780860000,3875.74,3877.80,3875.06,3876.55,4640.239,1753780919999,17986674.82489,4179,2854.731,11065532.51845,0
1753780920000,3876.56,3876.63,3875.08,3876.15,2082.068,1753780979999,8070023.77752,2344,883.447,3424310.97613,0
1753780980000,3876.16,3876.92,3875.42,3875.95,1528.696,1753781039999,5925469.87246,1933,609.749,2363485.97968,0
1753781040000,3875.95,3879.01,3875.94,3879.01,5346.575,1753781099999,20729712.43784,2701,4821.018,18691935.03568,0
1753781100000,3879.01,3879.10,3876.10,3876.52,1768.360,1753781159999,6856973.58347,2813,681.158,2641295.48271,0
1753781160000,3876.53,3876.63,3873.55,3873.72,1163.025,1753781219999,4506755.87119,2176,505.807,1960235.34343,0
1753781220000,3873.71,3874.51,3873.25,3874.05,743.934,1753781279999,2881948.90941,1319,427.128,1654645.98511,0
1753781280000,3874.04,3875.56,3873.60,3873.61,1051.781,1753781339999,4075310.53570,1924,392.165,1519412.52078,0
1753781340000,3873.61,3874.37,3873.33,3874.37,1074.194,1753781399999,4161403.61388,1385,411.677,1594794.93456,0
1753781400000,3874.37,3874.37,3872.27,3872.64,1037.524,1753781459999,4018501.32968,2348,516.414,2000099.39700,0
1753781460000,3872.64,3873.43,3870.54,3870.54,3237.273,1753781519999,12533770.73759,3206,544.155,2106683.09725,0
1753781520000,3870.54,3870.74,3867.31,3869.16,7262.665,1753781579999,28103242.36680,5877,1246.649,4823511.10753,0
1753781580000,3869.16,3870.48,3869.16,3870.43,953.409,1753781639999,3689840.54497,1491,471.353,1824177.98735,0
1753781640000,3870.43,3872.85,3870.42,3870.99,1084.709,1753781699999,4199194.08917,2249,672.244,2602286.26119,0
1753781700000,3871.00,3871.23,3867.57,3867.57,1115.788,1753781759999,4317820.18310,1992,214.931,831635.21506,0
1753781760000,3867.57,3869.43,3867.40,3868.9,1470.780,1753781819999,5689926.86113,2234,778.878,3013098.43257,0
1753781820000,3868.90,3870.00,3868.82,3868.82,834.562,1753781879999,3229375.54533,1500,480.423,1859001.98086,0
1753781880000,3868.83,3868.83,3868.24,3868.25,620.635,1753781939999,2400940.58602,1028,341.342,1320486.65820,0
1753781940000,3868.24,3869.47,3868.24,3869.46,664.368,1753781999999,2570497.79323,888,508.386,1966956.29001,0
1753782000000,3869.46,3870.75,3869.00,3870.27,1326.686,1753782059999,5134058.53701,1756,939.806,3636869.35462,0
1753782060000,3870.28,3873.93,3869.55,3873.93,1863.045,1753782119999,7213210.63071,2707,1383.843,5358074.79132,0
1753782120000,3873.93,3873.97,3871.13,3872.0,1851.925,1753782179999,7171664.41501,2506,1072.355,4152500.23824,0
1753782180000,3872.00,3873.78,3871.59,3873.78,836.285,1753782239999,3238551.70443,1283,471.200,1824712.84300,0
1753782240000,3873.77,3876.62,3873.77,3876.43,1602.364,1753782299999,6209762.36172,2142,1234.009,4782229.35355,0
1753782300000,3876.42,3876.81,3875.21,3875.37,1861.894,1753782359999,7216796.15503,2479,859.328,3330726.45945,0
1753782360000,3875.37,3875.37,3873.26,3875.13,963.224,1753782419999,3731960.59467,2100,386.009,1495506.71620,0
1753782420000,3875.12,3876.00,3873.80,3875.85,618.616,1753782479999,2397185.19403,1537,344.210,1333826.61781,0
1753782480000,3875.84,3875.99,3872.68,3872.68,892.645,1753782539999,3459049.82476,1656,303.106,1174677.75637,0
1753782540000,3872.69,3873.00,3871.69,3871.69,823.822,1753782599999,3190343.74456,1659,284.318,1101040.20857,0
1753782600000,3871.70,3874.10,3871.18,3874.1,2271.344,1753782659999,8794790.87709,2102,602.896,2334755.89261,0
1753782660000,3874.10,3874.10,3870.93,3873.04,607.097,1753782719999,2350693.92150,1854,242.104,937346.24686,0
1753782720000,3873.04,3873.54,3871.94,3872.36,603.303,1753782779999,2336485.58471,1437,241.721,936139.16433,0
1753782780000,3872.37,3872.98,3871.48,3871.54,400.537,1753782839999,1550970.27710,964,195.211,755885.47424,0
1753782840000,3871.53,3872.94,3870.60,3872.94,1015.772,1753782899999,3932564.78175,1499,766.110,2965965.74088,0
1753782900000,3872.93,3874.40,3871.43,3873.14,2094.883,1753782959999,8113399.71910,3297,1306.940,5061578.53291,0
1753782960000,3873.14,3875.00,3872.41,3873.43,805.157,1753783019999,3119135.37268,2011,398.010,1541930.56806,0
1753783020000,3873.42,3873.43,3871.99,3872.55,579.700,1753783079999,2244899.73546,1416,244.164,945484.67313,0
1753783080000,3872.55,3873.30,3871.67,3871.86,643.167,1753783139999,2490841.21779,1128,216.095,836906.11077,0
1753783140000,3871.85,3871.93,3871.03,3871.93,1345.597,1753783199999,5209248.40815,1523,364.889,1412602.65699,0
1753783200000,3871.92,3873.91,3871.30,3873.84,2358.656,1753783259999,9133993.91874,2738,1706.656,6609363.23536,0
1753783260000,3873.84,3873.84,3869.18,3869.47,1436.345,1753783319999,5559978.96104,2355,516.530,1999524.71556,0
1753783320000,3869.47,3870.15,3867.02,3867.03,4143.922,1753783379999,16029381.39598,2914,813.201,3145627.48856,0
1753783380000,3867.04,3867.07,3863.00,3863.66,6426.013,1753783439999,24834307.35547,5072,1149.405,4442325.94685,0
1753783440000,3863.67,3866.96,3862.73,3865.57,8127.113,1753783499999,31406481.06743,6780,2660.108,10280389.42178,0
1753783500000,3865.56,3865.59,3863.54,3864.06,3421.405,1753783559999,13221986.71389,2717,1425.258,5507690.84552,0
1753783560000,3864.07,3864.86,3861.75,3863.39,3087.819,1753783619999,11928859.51131,4327,1179.653,4557199.52051,0
1753783620000,3863.38,3865.75,3863.05,3863.63,2596.513,1753783679999,10033702.69149,3662,1696.033,6553893.82060,0
1753783680000,3863.62,3864.01,3861.44,3863.04,5611.890,1753783739999,21676324.86403,5681,2651.375,10241386.93169,0
1753783740000,3863.05,3863.26,3855.60,3855.65,15456.535,1753783799999,59644728.46818,12250,5703.160,22008215.21382,0
1753783800000,3855.64,3859.80,3855.00,3856.85,10276.144,1753783859999,39646387.42290,5613,3178.986,12262767.58671,0
1753783860000,3856.85,3859.00,3856.84,3857.8,2693.402,1753783919999,10391238.87826,3182,1284.513,4955706.58675,0
1753783920000,3857.80,3859.96,3857.18,3857.66,2852.317,1753783979999,11005710.62779,3555,1377.912,5316850.17507,0
1753783980000,3857.67,3857.67,3853.85,3854.19,7795.923,1753784039999,30054375.66027,7932,2963.953,11427082.47409,0
1753784040000,3854.18,3854.76,3850.00,3852.14,11642.111,1753784099999,44842911.28341,10000,4903.050,18886073.94485,0
1753784100000,3852.14,3855.92,3852.14,3853.94,4963.309,1753784159999,19129911.22071,5776,2263.108,8722033.75174,0
1753784160000,3853.94,3856.22,3853.00,3856.14,3449.535,1753784219999,13296591.36362,4456,2180.143,8403358.63747,0
1753784220000,3856.14,3858.61,3855.42,3856.16,4787.215,1753784279999,18465262.09776,4927,3501.077,13504467.99807,0
1753784280000,3856.16,3858.70,3856.16,3856.95,3451.246,1753784339999,13313889.96155,3619,1845.479,7119224.23454,0
1753784340000,3856.95,3857.35,3853.50,3853.5,1993.439,1753784399999,7685983.23228,3314,703.100,2710602.22439,0
1753784400000,3853.50,3855.27,3851.56,3852.86,7478.190,1753784459999,28820273.87684,6528,5384.057,20750166.51977,0
1753784460000,3852.87,3853.92,3847.02,3848.0,7523.405,1753784519999,28970856.39172,7623,1224.669,4715957.94420,0
1753784520000,3848.00,3848.64,3840.66,3844.26,20118.148,1753784579999,77330925.76451,14901,7951.600,30564799.69195,0
1753784580000,3844.26,3846.33,3844.07,3845.17,5129.000,1753784639999,19722252.47492,5843,2760.246,10613443.92451,0
1753784640000,3845.17,3849.47,3844.74,3849.47,3201.455,1753784699999,12317149.11393,4336,2187.384,8416017.17440,0
1753784700000,3849.46,3853.59,3848.00,3851.92,4994.084,1753784759999,19234394.74237,5802,4046.140,15583719.87640,0
1753784760000,3851.93,3851.93,3848.76,3850.45,2825.168,1753784819999,10877764.61408,3241,564.691,2174013.49956,0
1753784820000,3850.45,3851.38,3849.00,3849.24,2243.988,1753784879999,8639353.21201,2874,1033.418,3978663.68071,0
1753784880000,3849.24,3850.25,3847.24,3850.15,1550.892,1753784939999,5969175.56081,3004,867.959,3340611.55253,0
1753784940000,3850.16,3852.32,3849.40,3852.32,1906.180,1753784999999,7340745.20561,2574,1446.524,5570753.24720,0
1753785000000,3852.31,3854.02,3851.79,3851.8,2263.936,1753785059999,8722885.36376,3382,1400.203,5394778.42439,0
1753785060000,3851.80,3863.52,3851.79,3862.66,7825.432,1753785119999,30193416.10373,8322,6819.175,26310344.10332,0
1753785120000,3862.66,3863.62,3860.00,3862.68,4497.511,1753785179999,17367460.10048,4929,2942.249,11361685.77294,0
1753785180000,3862.69,3866.00,3861.59,3862.85,4891.506,1753785239999,18900546.66577,5087,3481.698,13453206.40818,0
1753785240000,3862.85,3863.16,3859.49,3861.98,3229.049,1753785299999,12469477.52329,3965,782.591,3022390.66529,0
1753785300000,3861.98,3861.99,3857.74,3858.86,1764.734,1753785359999,6810926.97272,3807,378.288,1460116.30381,0
1753785360000,3858.86,3859.10,3856.81,3856.81,1017.148,1753785419999,3924133.36910,2462,472.295,1822097.58326,0
1753785420000,3856.81,3861.55,3856.81,3861.01,2117.162,1753785479999,8171995.03766,3644,1767.823,6823722.47252,0
1753785480000,3861.02,3861.02,3853.75,3854.2,1574.521,1753785539999,6072359.69010,3131,384.440,1482691.24545,0
1753785540000,3854.20,3854.21,3851.39,3851.64,2588.686,1753785599999,9974139.10927,4240,921.950,3552380.50196,0
1753785600000,3851.65,3852.75,3847.58,3848.97,8757.614,1753785659999,33712430.51522,6906,1348.826,5191943.72882,0
1753785660000,3848.96,3849.79,3848.50,3849.61,1757.863,1753785719999,6766308.09972,2898,791.891,3048064.20957,0
1753785720000,3849.62,3850.00,3847.63,3847.74,2332.976,1753785779999,8979745.38777,3336,1016.222,3911526.08411,0
1753785780000,3847.75,3847.99,3842.00,3843.02,10005.898,1753785839999,38467827.29432,8447,2147.978,8258733.48568,0
1753785840000,3843.02,3847.48,3842.68,3846.26,5406.162,1753785899999,20791246.84534,6146,3740.134,14385228.31057,0
1753785900000,3846.27,3847.48,3844.04,3844.83,2151.213,1753785959999,8272869.63561,4803,756.134,2908088.23900,0
1753785960000,3844.82,3844.94,3842.44,3844.81,3544.301,1753786019999,13621766.41624,3563,1232.734,4737847.50136,0
1753786020000,3844.81,3844.84,3836.37,3839.09,12226.608,1753786079999,46943365.12342,9410,3691.142,14171839.37806,0
1753786080000,3839.10,3840.00,3833.15,3833.34,11167.749,1753786139999,42839217.00757,9404,3471.039,13317706.77204,0
1753786140000,3833.34,3839.52,3831.12,3839.0,10814.260,1753786199999,41469438.20989,9527,6312.705,24212687.89860,0
1753786200000,3839.00,3839.64,3836.81,3837.06,2615.605,1753786259999,10039274.35340,4069,1111.027,4264557.76551,0
1753786260000,3837.07,3837.42,3834.48,3835.31,2660.118,1753786319999,10204834.78924,4393,1244.333,4773683.29621,0
1753786320000,3835.30,3840.70,3833.09,3840.35,5286.130,1753786379999,20284155.51550,5557,2930.392,11247334.25337,0
1753786380000,3840.36,3841.00,3838.12,3840.47,3453.998,1753786439999,13262652.68462,3624,2035.538,7816095.98765,0
1753786440000,3840.47,3841.71,3839.34,3839.35,2838.448,1753786499999,10901976.47023,3581,1458.933,5603356.15942,0
1753786500000,3839.34,3840.61,3838.69,3838.71,1469.154,1753786559999,5640993.57196,2264,723.027,2776083.41638,0
1753786560000,3838.72,3838.72,3829.01,3829.44,8215.128,1753786619999,31487698.04204,8099,1947.709,7465766.68435,0
1753786620000,3829.44,3830.00,3823.00,3824.65,15306.735,1753786679999,58573265.08399,11199,4168.498,15950572.01694,0
1753786680000,3824.65,3829.00,3824.64,3826.84,5493.455,1753786739999,21022790.92481,5215,4164.293,15935501.07064,0
1753786740000,3826.84,3830.96,3826.83,3828.72,8999.325,1753786799999,34462478.35771,6025,5547.135,21242013.64033,0
1753786800000,3828.72,3828.72,3824.80,3825.65,6517.299,1753786859999,24937430.30582,7952,2103.908,8050075.38729,0
1753786860000,3825.65,3827.00,3824.31,3825.85,3442.205,1753786919999,13168799.86985,4741,1772.993,6782774.27462,0
1753786920000,3825.86,3829.25,3824.71,3829.25,4102.096,1753786979999,15695794.47245,4841,2321.356,8882227.58451,0
1753786980000,3829.25,3829.81,3824.32,3824.89,3722.599,1753787039999,14246075.40174,3901,1436.017,5495987.07462,0
1753787040000,3824.88,3826.87,3821.00,3823.23,7595.047,1753787099999,29041072.50725,7118,3319.772,12697022.42706,0
1753787100000,3823.23,3826.76,3822.84,3825.98,3466.859,1753787159999,13261129.22994,3958,2473.326,9460729.61992,0
1753787160000,3825.98,3825.98,3823.74,3824.28,2042.345,1753787219999,7811021.43004,2809,762.702,2916888.85347,0
1753787220000,3824.29,3824.96,3822.02,3822.54,2466.520,1753787279999,9429647.73071,3271,875.893,3348488.59650,0
1753787280000,3822.53,3822.64,3820.00,3820.0,7339.145,1753787339999,28039320.07830,4408,1515.740,5791434.77702,0
1753787340000,3820.00,3823.98,3820.00,3821.0,5531.489,1753787399999,21134140.07642,5323,2240.883,8562710.32872,0
1753787400000,3821.00,3825.00,3820.99,3823.21,4406.770,1753787459999,16848723.10063,5228,2805.705,10726920.96006,0
1753787460000,3823.20,3825.70,3822.99,3825.7,3460.141,1753787519999,13232883.29308,4020,2485.408,9505226.37371,0
1753787520000,3825.72,3827.20,3823.82,3824.36,4346.173,1753787579999,16627170.18931,3924,1739.267,6653866.65878,0
1753787580000,3824.35,3827.52,3824.35,3827.0,2660.341,1753787639999,10178308.72070,2790,1798.257,6879667.84595,0
1753787640000,3827.00,3828.98,3827.00,3828.97,3795.935,1753787699999,14531605.53959,3600,2253.414,8626406.59433,0
1753787700000,3828.96,3830.98,3828.01,3829.46,4825.684,1753787759999,18479332.52672,5632,2963.006,11346157.84569,0
1753787760000,3829.46,3830.78,3826.42,3826.43,4441.749,1753787819999,17009071.78348,4732,2521.177,9654975.34558,0
1753787820000,3826.42,3832.46,3826.42,3830.52,6080.498,1753787879999,23288762.89695,5229,3955.841,15151346.77053,0
1753787880000,3830.52,3834.43,3830.34,3832.68,9726.065,1753787939999,37277032.69072,5441,7460.318,28592911.03797,0
1753787940000,3832.68,3834.15,3831.35,3833.61,6857.099,1753787999999,26282449.65099,4494,3348.631,12834366.81642,0
1753788000000,3833.61,3834.18,3831.54,3831.54,6534.615,1753788059999,25048443.04677,2932,1245.483,4774663.47519,0
1753788060000,3831.54,3831.54,3824.43,3826.76,6792.383,1753788119999,25988607.35171,5264,2736.936,10471404.51606,0
1753788120000,3826.77,3828.74,3824.89,3828.74,3570.635,1753788179999,13663776.07212,2660,2520.746,9646584.81924,0
1753788180000,3828.74,3829.56,3827.58,3828.67,1804.532,1753788239999,6909026.30204,2296,797.068,3051709.32741,0
1753788240000,3828.67,3830.68,3828.36,3828.61,1605.732,1753788299999,6148751.55277,2304,1024.267,3922204.61402,0
1753788300000,3828.62,3828.79,3824.55,3827.78,1785.892,1753788359999,6833913.68639,3079,841.123,3218431.79617,0
1753788360000,3827.78,3830.76,3827.75,3829.07,1972.691,1753788419999,7553411.98639,2996,1389.192,5319013.92646,0
1753788420000,3829.06,3832.35,3829.06,3832.35,1748.129,1753788479999,6697512.68760,2321,1504.892,5765554.29087,0
1753788480000,3832.34,3833.00,3830.32,3830.33,1530.855,1753788539999,5865068.75143,2110,662.028,2536304.02930,0
1753788540000,3830.33,3832.00,3830.33,3830.69,952.500,1753788599999,3648980.78334,1770,699.247,2678723.46911,0
1753788600000,3830.69,3838.38,3830.34,3835.74,10439.563,1753788659999,40041407.77318,6890,6196.421,23766900.97093,0
1753788660000,3835.75,3838.68,3835.17,3838.58,3970.214,1753788719999,15232085.53700,4667,2507.537,9620725.89095,0
1753788720000,3838.57,3839.00,3835.27,3835.46,4088.422,1753788779999,15687936.31449,3614,1511.656,5801310.38494,0
1753788780000,3835.46,3835.46,3824.00,3824.01,6913.791,1753788839999,26465456.91884,7080,1840.820,7046578.85524,0
1753788840000,3824.00,3827.13,3823.00,3823.0,5316.138,1753788899999,20331479.50671,4849,2118.615,8103642.55839,0
1753788900000,3823.00,3825.09,3815.49,3822.57,17755.981,1753788959999,67819863.96179,12398,6256.773,23899781.11318,0
1753788960000,3822.57,3824.90,3820.72,3822.57,3152.509,1753789019999,12051236.85604,4145,1577.978,6032286.59903,0
1753789020000,3822.58,3822.75,3817.31,3819.47,2610.726,1753789079999,9972668.24957,3920,979.529,3741588.50459,0
1753789080000,3819.46,3820.80,3816.64,3818.52,3947.158,1753789139999,15072309.80548,4906,1494.013,5705090.48384,0
1753789140000,3818.51,3820.03,3816.49,3817.4,4406.598,1753789199999,16824005.43527,4580,1152.826,4402298.02805,0
1753789200000,3817.40,3817.40,3814.00,3814.52,5561.115,1753789259999,21216468.41915,6233,1696.252,6471842.01957,0
1753789260000,3814.52,3817.47,3811.04,3812.59,9379.551,1753789319999,35769589.29221,11504,4521.565,17241779.85542,0
1753789320000,3812.59,3816.06,3810.15,3815.79,8007.780,1753789379999,30530297.27422,10711,4794.011,18280073.17466,0
1753789380000,3815.78,3818.62,3814.31,3817.25,4720.221,1753789439999,18016511.37246,5564,2888.322,11024263.02440,0
1753789440000,3817.24,3818.61,3814.64,3815.1,2690.747,1753789499999,10269545.97139,3115,1125.707,4296979.50467,0
1753789500000,3815.11,3815.97,3814.16,3814.44,1848.468,1753789559999,7052006.90282,3068,901.840,3440433.19240,0
1753789560000,3814.45,3816.70,3813.69,3813.78,2287.343,1753789619999,8725867.45615,3145,1125.463,4293526.92790,0
1753789620000,3813.78,3815.38,3813.28,3815.1,2489.018,1753789679999,9493730.33230,4034,1418.505,5410632.05557,0
1753789680000,3815.10,3818.46,3814.56,3817.85,2585.052,1753789739999,9866034.11230,3185,1639.580,6257599.21430,0
1753789740000,3817.85,3820.45,3817.84,3819.17,2537.317,1753789799999,9690603.89599,3146,1863.945,7118735.89627,0
1753789800000,3819.17,3819.75,3817.20,3818.89,1672.814,1753789859999,6387474.32356,2750,681.528,2602452.16096,0
1753789860000,3818.89,3820.69,3816.99,3820.47,1938.064,1753789919999,7401193.59562,2742,1157.245,4419616.67856,0
1753789920000,3820.47,3823.00,3819.49,3823.0,2708.098,1753789979999,10348600.31094,2835,1893.353,7235369.08695,0
1753789980000,3822.99,3826.06,3821.42,3822.92,6689.619,1753790039999,25581444.46265,5493,4026.484,15397917.00617,0
1753790040000,3822.91,3823.87,3820.01,3820.81,3797.252,1753790099999,14511041.71434,3489,1205.751,4608108.64867,0
1753790100000,3820.81,3821.12,3818.16,3820.47,3286.908,1753790159999,12555150.12281,3521,888.831,3394397.16948,0
1753790160000,3820.47,3822.53,3820.39,3821.94,857.017,1753790219999,3275152.41660,1980,662.528,2531904.78967,0
1753790220000,3821.95,3822.69,3820.19,3822.3,2521.386,1753790279999,9634798.58991,2331,1663.737,6357640.85312,0
1753790280000,3822.29,3824.37,3822.00,3823.15,3426.147,1753790339999,13099470.00606,3547,1654.431,6325454.86493,0
1753790340000,3823.15,3825.00,3822.40,3824.65,1140.013,1753790399999,4359185.24202,1678,705.078,2696096.86340,0
1753790400000,3824.64,3825.60,3824.10,3824.11,3280.186,1753790459999,12545737.16790,2837,1362.207,5210107.38497,0
1753790460000,3824.10,3827.30,3824.10,3825.9,2213.453,1753790519999,8468000.23855,2890,1632.854,6247002.03216,0
1753790520000,3825.91,3833.00,3825.90,3832.53,10734.364,1753790579999,41112879.80814,8756,8229.196,31517472.75599,0
1753790580000,3832.52,3843.00,3830.92,3842.99,29599.726,1753790639999,113601232.03606,15409,22074.368,84718751.42793,0
1753790640000,3842.99,3843.41,3834.21,3836.49,11734.446,1753790699999,45046863.12293,10942,6125.953,23515203.00035,0
1753790700000,3836.48,3838.99,3835.00,3835.0,5689.079,1753790759999,21829013.41078,8509,2230.593,8559031.39188,0
1753790760000,3835.00,3836.10,3833.30,3835.16,3425.728,1753790819999,13137599.21196,3094,2462.791,9444747.42229,0
1753790820000,3835.15,3835.16,3830.40,3830.44,2795.659,1753790879999,10713342.43141,3612,1036.289,3970427.95975,0
1753790880000,3830.44,3830.70,3825.20,3825.21,4232.676,1753790939999,16205817.66207,4296,965.421,3696634.11044,0
1753790940000,3825.20,3827.01,3821.46,3823.39,6331.289,1753790999999,24209250.41886,5984,2131.151,8150740.44998,0
1753791000000,3823.38,3824.82,3821.55,3823.86,3195.709,1753791059999,12216858.39999,4055,1523.927,5826206.01564,0
1753791060000,3823.86,3824.50,3823.32,3824.5,911.851,1753791119999,3486794.26460,1499,510.487,1952020.20756,0
1753791120000,3824.50,3830.12,3823.00,3830.1,2525.563,1753791179999,9663240.27127,4120,1732.409,6629405.19421,0
1753791180000,3830.09,3831.00,3828.04,3828.48,1601.025,1753791239999,6131147.36044,2430,968.964,3710719.09144,0
1753791240000,3828.49,3828.75,3823.72,3824.33,3263.842,1753791299999,12488404.40053,3459,786.237,3007903.02241,0
1753791300000,3824.34,3831.63,3824.33,3829.13,3057.080,1753791359999,11707341.35030,3918,2201.937,8432973.11663,0
1753791360000,3829.14,3848.72,3828.58,3843.89,26078.709,1753791419999,100139769.53163,17683,18413.039,70694473.94581,0
1753791420000,3843.89,3850.24,3840.12,3840.12,17090.562,1753791479999,65733801.78552,10602,11172.754,42970735.24652,0
1753791480000,3840.13,3840.83,3836.67,3838.4,7083.602,1753791539999,27192061.84381,5725,4842.577,18588767.47341,0
1753791540000,3838.40,3840.51,3838.00,3839.77,2037.922,1753791599999,7824273.12452,2440,1252.739,4809602.95952,0
1753791600000,3839.76,3850.01,3837.07,3850.01,11957.474,1753791659999,45952728.94911,8535,7954.939,30575116.10086,0
1753791660000,3850.00,3850.19,3840.00,3840.0,5370.402,1753791719999,20656844.25497,4846,1841.291,7081775.98000,0
1753791720000,3840.00,3844.90,3840.00,3843.9,4164.911,1753791779999,16001788.04563,4673,2627.338,10093837.17585,0
1753791780000,3843.90,3847.38,3841.71,3843.49,3902.060,1753791839999,14999821.74657,4511,2512.452,9658126.72394,0
1753791840000,3843.49,3846.00,3842.91,3844.15,2830.153,1753791899999,10879978.80014,3393,1588.117,6105189.45981,0
1753791900000,3844.14,3847.24,3841.12,3845.2,3823.818,1753791959999,14700933.95913,4531,2260.456,8690641.96127,0
1753791960000,3845.20,3850.00,3843.41,3849.25,4112.807,1753792019999,15822569.20506,4386,2991.973,11510971.46386,0
1753792020000,3849.24,3855.00,3847.29,3851.0,11928.000,1753792079999,45946682.20545,11721,7834.967,30180813.11702,0
1753792080000,3851.01,3854.01,3850.54,3852.6,4365.490,1753792139999,16818862.57263,4569,2567.950,9893379.06817,0
1753792140000,3852.61,3856.00,3849.37,3849.43,5530.339,1753792199999,21311083.32341,5754,3101.619,11954237.42516,0
1753792200000,3849.43,3850.95,3846.53,3847.28,4206.853,1753792259999,16191282.28650,4689,2204.185,8484217.15245,0
1753792260000,3847.28,3850.40,3846.18,3846.54,2686.917,1753792319999,10340230.66688,3855,1445.796,5563941.26554,0
1753792320000,3846.54,3848.81,3841.97,3843.56,4897.973,1753792379999,18830952.37538,4091,1014.555,3901633.73390,0
1753792380000,3843.57,3846.75,3842.59,3845.88,4036.064,1753792439999,15514765.11752,4781,1523.145,5855893.12052,0
1753792440000,3845.92,3852.68,3845.78,3850.29,3986.525,1753792499999,15349631.19275,5099,2819.041,10854104.74715,0
1753792500000,3850.28,3854.86,3849.38,3854.68,5403.875,1753792559999,20821858.90365,4399,2178.138,8392971.95787,0
1753792560000,3854.68,3857.95,3854.23,3855.52,7488.804,1753792619999,28872562.22070,6823,4319.192,16652802.71892,0
1753792620000,3855.51,3860.00,3854.86,3859.0,5820.212,1753792679999,22453818.38036,5800,4305.725,16611353.60347,0
1753792680000,3859.01,3859.01,3854.48,3856.79,4112.426,1753792739999,15859238.04327,4278,1961.560,7564155.52851,0
1753792740000,3856.80,3857.64,3855.08,3856.61,2916.499,1753792799999,11247232.53712,2907,1511.267,5827923.03720,0
1753792800000,3856.61,3856.61,3854.13,3856.1,4493.988,1753792859999,17324663.38984,3272,3269.162,12602364.54333,0
1753792860000,3856.11,3856.11,3848.08,3848.64,6260.380,1753792919999,24118701.63827,4970,727.198,2800842.95446,0
1753792920000,3848.64,3850.87,3848.23,3849.35,3155.842,1753792979999,12148658.28995,3977,1491.470,5741417.18287,0
1753792980000,3849.34,3852.00,3849.34,3850.03,1422.229,1753793039999,5476240.99476,2716,766.102,2949779.03538,0
1753793040000,3850.03,3854.58,3850.03,3854.57,1326.713,1753793099999,5112059.30834,2633,954.650,3678435.58026,0
1753793100000,3854.57,3855.24,3852.71,3853.46,2476.529,1753793159999,9544975.67474,3381,1236.229,4764475.68125,0
1753793160000,3853.46,3853.47,3850.25,3852.33,1245.294,1753793219999,4796201.46186,2628,394.416,1519022.81364,0
1753793220000,3852.33,3853.44,3851.27,3851.27,1246.911,1753793279999,4803799.18401,2241,524.982,2022478.37304,0
1753793280000,3851.27,3852.54,3848.03,3849.75,3026.479,1753793339999,11651243.31408,3366,878.415,3382195.65503,0
1753793340000,3849.75,3850.56,3848.49,3849.6,1440.555,1753793399999,5545368.80966,2554,384.426,1479842.02665,0
1753793400000,3849.61,3850.42,3847.45,3847.83,1498.931,1753793459999,5769146.07948,2456,358.582,1380097.63458,0
1753793460000,3847.81,3848.24,3845.19,3847.01,3945.373,1753793519999,15176525.79670,4012,808.578,3110385.27964,0
1753793520000,3847.01,3850.00,3847.00,3849.89,1205.463,1753793579999,4639754.80291,1922,700.892,2697557.79582,0
1753793580000,3849.90,3854.08,3849.40,3849.82,3415.599,1753793639999,13156666.03391,4575,1950.908,7515533.05671,0
1753793640000,3849.81,3851.52,3848.41,3850.0,1285.672,1753793699999,4949926.40673,2751,786.747,3029031.00688,0
1753793700000,3850.00,3850.44,3848.03,3848.08,824.352,1753793759999,3173261.55747,1777,265.399,1021633.28183,0
1753793760000,3848.09,3850.43,3848.09,3850.41,724.158,1753793819999,2787861.91033,1740,407.205,1567614.15174,0
1753793820000,3850.40,3852.99,3850.00,3850.73,2080.133,1753793879999,8011425.66506,2420,1622.503,6248873.36340,0
1753793880000,3850.74,3854.56,3850.73,3853.17,1145.469,1753793939999,4413983.34732,2109,650.028,2504808.54919,0
1753793940000,3853.17,3853.27,3851.39,3851.49,617.972,1753793999999,2380533.19947,1352,209.965,808808.09391,0
1753794000000,3851.49,3851.68,3849.76,3851.62,1146.856,1753794059999,4416296.31546,2167,484.573,1865973.49202,0
1753794060000,3851.63,3853.98,3851.60,3853.98,1198.910,1753794119999,4618919.91686,1747,562.648,2167494.91087,0
1753794120000,3853.98,3858.61,3853.97,3857.79,7903.639,1753794179999,30476665.18345,5026,6247.523,24088529.75737,0
1753794180000,3857.80,3857.83,3855.92,3857.83,1244.353,1753794239999,4799463.88379,1991,564.210,2176110.77378,0
1753794240000,3857.83,3857.83,3853.36,3853.36,1843.888,1753794299999,7109181.37382,2303,654.777,2524460.54398,0
1753794300000,3853.36,3855.00,3850.82,3851.11,1109.801,1753794359999,4275774.65767,2769,340.420,1311589.14359,0
1753794360000,3851.12,3851.12,3840.01,3841.71,12915.192,1753794419999,49645146.50240,10178,2606.088,10017779.13785,0
1753794420000,3841.69,3845.20,3840.49,3842.98,5190.765,1753794479999,19947812.91211,6107,2149.807,8262362.19935,0
1753794480000,3842.98,3845.54,3841.78,3842.96,3254.678,1753794539999,12510061.99240,3841,1064.551,4091809.13796,0
1753794540000,3842.96,3846.83,3842.72,3846.33,2489.918,1753794599999,9572757.98820,2633,1753.088,6740215.28526,0
1753794600000,3846.34,3846.34,3842.00,3844.11,2248.130,1753794659999,8642421.18102,3239,729.022,2802400.96902,0
1753794660000,3844.12,3847.63,3844.11,3847.63,1237.594,1753794719999,4759911.86076,2408,850.805,3272314.31414,0
1753794720000,3847.63,3848.47,3845.06,3846.53,1003.155,1753794779999,3858959.55117,3168,368.065,1415940.80052,0
1753794780000,3846.53,3852.82,3846.14,3847.35,6095.946,1753794839999,23465943.60831,5082,2424.250,9334845.46080,0
1753794840000,3847.36,3850.44,3846.86,3849.26,902.406,1753794899999,3473025.03867,2230,511.117,1967034.00972,0
1753794900000,3849.26,3851.48,3848.00,3850.21,1191.516,1753794959999,4586934.54423,2292,710.736,2736059.70873,0
1753794960000,3850.20,3856.04,3850.20,3853.01,4305.657,1753795019999,16594648.39919,5524,2850.204,10984701.58114,0
1753795020000,3853.02,3853.02,3849.06,3850.21,4320.304,1753795079999,16633983.62442,2760,475.663,1831328.42239,0
1753795080000,3850.21,3856.67,3850.21,3854.69,2721.656,1753795139999,10490131.16998,3949,1694.356,6530225.32102,0
1753795140000,3854.69,3857.20,3853.93,3856.02,7053.881,1753795199999,27194537.52371,4357,4927.017,18994253.82388,0
1753795200000,3856.00,3857.49,3854.81,3856.82,1606.155,1753795259999,6193582.22628,2658,787.389,3036391.97464,0
1753795260000,3856.82,3865.43,3856.62,3864.98,10388.804,1753795319999,40118476.25388,10343,7679.921,29658490.78207,0
1753795320000,3864.98,3866.46,3861.00,3862.39,6759.018,1753795379999,26111811.95047,6088,4273.022,16508132.44300,0
1753795380000,3862.40,3863.01,3860.38,3861.23,2940.202,1753795439999,11354479.41987,3647,1410.074,5445257.19831,0
1753795440000,3861.23,3861.58,3856.05,3857.95,2813.717,1753795499999,10856151.30318,4449,756.059,2916975.14597,0
1753795500000,3857.94,3874.97,3855.23,3871.08,27400.008,1753795559999,105979363.28550,15253,18632.337,72053877.91290,0
1753795560000,3871.08,3873.54,3866.97,3868.35,11639.200,1753795619999,45043780.93129,8135,4851.641,18774704.63983,0
1753795620000,3868.35,3868.94,3865.32,3865.74,3578.548,1753795679999,13837367.41622,4305,1573.903,6086250.63641,0
1753795680000,3865.74,3867.74,3864.72,3867.01,2984.672,1753795739999,11539516.91379,3601,1870.866,7233086.80019,0
1753795740000,3867.01,3868.09,3863.68,3864.29,3760.359,1753795799999,14536851.87490,3119,1118.763,4325443.62098,0
1753795800000,3864.29,3867.64,3864.02,3865.99,2240.796,1753795859999,8662055.78491,4158,1108.534,4285130.94472,0
1753795860000,3865.99,3865.99,3859.34,3864.54,3433.063,1753795919999,13261948.40466,6223,1161.263,4486000.64039,0
1753795920000,3864.54,3864.54,3855.38,3860.78,9312.768,1753795979999,35937733.32498,8103,4473.890,17265630.59608,0
1753795980000,3860.78,3864.73,3860.32,3864.43,3266.936,1753796039999,12617997.10425,5581,2019.644,7800630.22527,0
1753796040000,3864.42,3864.47,3861.75,3861.97,1750.197,1753796099999,6761430.52924,4175,801.478,3096300.73465,0
1753796100000,3861.96,3862.70,3859.20,3859.3,3006.537,1753796159999,11606991.34868,4949,1407.366,5433082.32116,0
1753796160000,3859.30,3867.22,3857.23,3865.18,4405.945,1753796219999,17015589.45221,6040,2337.096,9028417.43264,0
1753796220000,3865.18,3865.18,3859.41,3859.41,3738.167,1753796279999,14437512.30501,5815,1367.970,5284046.47833,0
1753796280000,3859.42,3862.16,3859.39,3861.31,3652.915,1753796339999,14102548.90737,4559,1603.142,6188584.17139,0
1753796340000,3861.36,3861.93,3856.25,3858.08,1963.679,1753796399999,7575957.76570,3752,537.105,2071958.21993,0
1753796400000,3858.07,3860.78,3855.77,3859.53,2422.126,1753796459999,9344781.74914,4791,1134.099,4375373.77368,0
1753796460000,3859.53,3860.16,3854.35,3854.39,2476.792,1753796519999,9555573.39843,3466,509.158,1963940.00644,0
1753796520000,3854.39,3854.62,3850.00,3850.94,5524.149,1753796579999,21280281.50615,6184,1971.755,7595135.31334,0
1753796580000,3850.95,3852.98,3846.00,3847.88,6374.930,1753796639999,24540298.30523,6573,1492.669,5747050.49663,0
1753796640000,3847.87,3854.97,3847.01,3852.33,4485.859,1753796699999,17272878.89979,6957,2231.985,8594735.84832,0
1753796700000,3852.34,3855.15,3849.20,3849.48,3382.887,1753796759999,13032716.65302,5493,1840.860,7092834.10787,0
1753796760000,3849.48,3857.78,3849.00,3854.18,3347.559,1753796819999,12900680.16491,6380,2133.455,8221666.02745,0
1753796820000,3854.19,3856.89,3851.33,3851.61,2067.124,1753796879999,7967255.37930,4877,1117.501,4307043.03065,0
1753796880000,3851.61,3856.89,3847.45,3856.31,4655.949,1753796939999,17936208.59070,7892,2446.189,9426845.20933,0
1753796940000,3856.31,3856.31,3843.56,3845.0,9641.763,1753796999999,37090587.27407,8140,2235.244,8599952.61575,0
1753797000000,3845.00,3845.89,3836.05,3841.55,14850.520,1753797059999,57027668.56524,13491,3922.774,15064370.85685,0
1753797060000,3841.54,3842.17,3836.16,3839.77,7722.155,1753797119999,29645302.00979,11974,3216.989,12349738.78533,0
1753797120000,3839.77,3842.70,3835.53,3838.52,7692.968,1753797179999,29533284.44343,11896,4951.057,19007261.74564,0
1753797180000,3838.53,3841.40,3837.37,3838.75,5318.055,1753797239999,20419858.73767,5830,2811.907,10797071.39884,0
1753797240000,3838.75,3841.69,3837.40,3838.2,2970.362,1753797299999,11404513.26628,5597,1595.126,6124451.50287,0
1753797300000,3838.21,3838.21,3829.45,3834.18,10922.609,1753797359999,41865092.66049,11776,3146.697,12062177.81357,0
1753797360000,3834.17,3838.34,3830.95,3831.91,8605.227,1753797419999,32994104.82583,9002,3545.969,13596914.49587,0
1753797420000,3831.91,3836.77,3826.76,3831.68,15692.833,1753797479999,60118523.11167,11862,4767.383,18266469.76040,0
1753797480000,3831.66,3834.50,3829.41,3832.91,5208.617,1753797539999,19959819.73709,6010,2120.553,8125771.10015,0
1753797540000,3832.92,3839.77,3832.91,3837.88,9056.804,1753797599999,34747333.42628,7522,6467.279,24812546.29375,0
1753797600000,3837.88,3839.50,3831.07,3832.42,7879.786,1753797659999,30217441.75182,8960,2436.445,9345391.83476,0
1753797660000,3832.43,3833.05,3822.55,3827.73,13309.407,1753797719999,50934888.94378,13708,3968.534,15188998.14421,0
1753797720000,3827.73,3828.50,3821.32,3822.88,9316.766,1753797779999,35624496.33050,10881,2628.445,10050735.45419,0
1753797780000,3822.88,3823.39,3815.00,3817.12,18477.143,1753797839999,70562247.91608,15162,6341.854,24220181.96082,0
1753797840000,3817.12,3817.83,3812.77,3817.32,13628.045,1753797899999,51992345.26348,14223,5444.405,20772412.60677,0
1753797900000,3817.32,3817.45,3803.29,3803.3,26865.855,1753797959999,102322706.67971,21138,8872.355,33792195.31123,0
1753797960000,3803.29,3807.91,3800.00,3803.89,25512.638,1753798019999,97030266.62048,24177,12090.410,45989048.95928,0
1753798020000,3803.88,3805.83,3800.04,3803.09,11112.712,1753798079999,42261650.61769,14995,6836.853,26001166.45494,0
1753798080000,3803.09,3804.30,3790.00,3795.79,26312.700,1753798139999,99892838.64087,22279,9370.094,35572443.27541,0
1753798140000,3795.79,3808.00,3794.27,3803.01,21839.418,1753798199999,83048325.33599,16393,12704.759,48305777.57304,0
1753798200000,3803.00,3807.88,3801.43,3803.44,13226.031,1753798259999,50319905.50670,11606,8359.583,31805391.20887,0
1753798260000,3803.43,3808.82,3801.08,3807.31,9932.788,1753798319999,37796526.77395,11976,6249.463,23785222.32873,0
1753798320000,3807.30,3809.85,3803.82,3809.38,8124.752,1753798379999,30930271.19439,10277,4706.672,17920194.32783,0
1753798380000,3809.39,3815.00,3809.00,3811.18,15088.742,1753798439999,57505464.00770,14016,10801.963,41168470.47160,0
1753798440000,3811.18,3815.87,3808.05,3809.07,10040.367,1753798499999,38283419.55969,9969,4747.647,18102605.45832,0
1753798500000,3809.07,3812.90,3807.39,3811.43,6405.783,1753798559999,24409651.95989,8916,2636.822,10048438.73621,0
1753798560000,3811.42,3814.32,3809.11,3813.2,3199.719,1753798619999,12197422.05336,5275,1699.725,6479838.26688,0
1753798620000,3813.19,3814.55,3810.65,3813.33,4783.183,1753798679999,18240065.12977,6475,2174.074,8290258.65063,0
1753798680000,3813.33,3814.25,3807.00,3809.3,8516.143,1753798739999,32451372.05811,7679,3149.337,12000525.70359,0
1753798740000,3809.30,3809.86,3801.72,3807.02,7607.341,1753798799999,28948461.37061,9094,2126.034,8091622.88205,0
1753798800000,3807.02,3809.90,3806.19,3807.27,4852.344,1753798859999,18478717.82830,6681,3029.790,11537618.20485,0
1753798860000,3807.26,3808.22,3804.17,3805.43,3380.905,1753798919999,12869783.82415,5052,1552.236,5908603.18188,0
1753798920000,3805.44,3808.44,3802.36,3808.43,3420.068,1753798979999,13012755.67304,4851,2102.351,7999556.22092,0
1753798980000,3808.44,3812.63,3808.44,3809.57,4050.582,1753799039999,15437764.40446,5897,2351.782,8962863.75250,0
1753799040000,3809.58,3825.30,3809.57,3822.19,17489.689,1753799099999,66787058.61729,13213,13194.589,50387214.99349,0
1753799100000,3822.20,3825.68,3820.07,3821.76,11405.963,1753799159999,43608349.02587,10997,7250.757,27722343.76421,0
1753799160000,3821.77,3821.77,3816.64,3816.94,4575.752,1753799219999,17476631.44038,7202,2055.803,7851832.82485,0
1753799220000,3816.96,3817.66,3811.59,3815.82,6338.359,1753799279999,24180810.62021,9118,2864.459,10928711.51727,0
1753799280000,3815.82,3816.79,3813.41,3816.78,4587.498,1753799339999,17502282.10175,4714,1953.324,7452410.46642,0
1753799340000,3816.78,3819.52,3816.34,3819.44,3488.375,1753799399999,13316921.48293,4481,1232.881,4706705.27259,0
1753799400000,3819.45,3819.45,3815.56,3816.12,4056.039,1753799459999,15483297.99668,6693,1365.347,5211710.26028,0
1753799460000,3816.11,3819.80,3812.26,3819.33,3768.111,1753799519999,14376305.21776,6059,1721.847,6569674.14269,0
1753799520000,3819.33,3819.73,3814.23,3814.24,3786.913,1753799579999,14452749.28046,4825,2036.638,7772486.59102,0
1753799580000,3814.24,3815.52,3806.58,3807.4,5434.128,1753799639999,20703299.61418,6715,1836.809,6999302.64796,0
1753799640000,3807.39,3809.34,3806.72,3807.76,4147.398,1753799699999,15794535.77342,4758,2666.109,10153430.06158,0
1753799700000,3807.77,3812.79,3807.77,3812.79,3586.296,1753799759999,13663634.99086,4896,1902.214,7247749.21427,0
1753799760000,3812.78,3812.92,3807.87,3810.25,3203.720,1753799819999,12206898.09952,4837,1440.187,5487411.53222,0
1753799820000,3810.26,3811.80,3807.16,3807.16,2848.746,1753799879999,10854244.07018,3805,1655.853,6309576.10615,0
1753799880000,3807.15,3807.71,3800.01,3800.77,9997.791,1753799939999,38017624.99417,10215,2486.741,9457667.75557,0
1753799940000,3800.77,3803.46,3797.69,3800.01,9796.424,1753799999999,37231882.89801,9136,3832.779,14568264.12928,0
1753800000000,3800.01,3807.61,3798.32,3807.61,4854.266,1753800059999,18458320.69055,6667,2774.047,10549309.78297,0
1753800060000,3807.60,3808.61,3803.81,3807.92,3762.641,1753800119999,14323426.48104,5524,1737.766,6615476.02215,0
1753800120000,3807.92,3810.00,3807.42,3809.8,5167.109,1753800179999,19679650.78022,4368,3126.118,11906613.72331,0
1753800180000,3809.80,3810.24,3806.58,3808.22,2294.666,1753800239999,8740278.56526,3805,1113.989,4243170.44687,0
1753800240000,3808.22,3810.52,3805.96,3806.73,3523.378,1753800299999,13418186.35081,3981,1951.560,7432238.36869,0
1753800300000,3806.73,3812.36,3806.36,3809.39,4170.438,1753800359999,15891621.34352,5106,2394.869,9125488.02430,0
1753800360000,3809.38,3810.84,3805.00,3805.0,2087.431,1753800419999,7948520.94700,4730,795.927,3031005.06750,0
1753800420000,3805.00,3806.88,3798.68,3801.86,5760.446,1753800479999,21900553.47112,7844,2625.423,9981669.90691,0
1753800480000,3801.86,3803.00,3796.42,3796.43,6931.025,1753800539999,26343997.31514,6961,1892.665,7195157.68337,0
1753800540000,3796.42,3797.99,3790.00,3794.38,17125.713,1753800599999,64980212.93710,15073,3311.541,12566274.01030,0
1753800600000,3794.38,3794.85,3787.12,3788.0,14045.124,1753800659999,53231509.19440,13140,4427.844,16782264.14245,0
1753800660000,3788.00,3789.34,3782.12,3785.0,15866.386,1753800719999,60076526.16449,14474,6072.879,22997348.86519,0
1753800720000,3785.00,3785.94,3776.83,3779.34,20815.702,1753800779999,78714539.10451,17644,7137.589,26994634.47314,0
1753800780000,3779.35,3780.87,3773.01,3774.18,24639.829,1753800839999,93050259.77408,17606,10028.116,37867129.10071,0
1753800840000,3774.19,3780.73,3771.06,3772.44,19735.354,1753800899999,74505919.58883,19362,8704.999,32861685.96859,0
1753800900000,3772.45,3779.31,3766.55,3775.28,32817.139,1753800959999,123787219.97456,24366,19732.573,74442016.62274,0
1753800960000,3775.28,3784.00,3773.35,3783.43,19891.205,1753801019999,75170775.48885,16899,14294.809,54024708.08757,0
1753801020000,3783.43,3784.69,3776.08,3779.95,12667.234,1753801079999,47899316.62563,11385,6941.758,26250142.25231,0
1753801080000,3779.95,3781.15,3776.29,3779.63,6391.118,1753801139999,24148441.59031,7791,2773.411,10478420.25193,0
1753801140000,3779.63,3781.71,3778.83,3780.61,4626.004,1753801199999,17487967.60434,6210,2574.598,9732598.45473,0
1753801200000,3780.61,3780.61,3772.65,3777.67,16420.927,1753801259999,62010446.64670,11418,7951.630,30027523.43288,0
1753801260000,3777.66,3780.12,3776.21,3776.21,5575.644,1753801319999,21066841.65897,8243,3272.662,12365543.16622,0
1753801320000,3776.21,3780.12,3774.16,3774.28,6614.941,1753801379999,24990309.41287,9386,4441.662,16780710.77883,0
1753801380000,3774.28,3775.68,3764.55,3770.18,20468.749,1753801439999,77149654.00134,17457,7219.411,27209514.76552,0
1753801440000,3770.17,3772.81,3767.18,3771.67,6242.825,1753801499999,23534474.13002,7672,3411.944,12862629.65715,0
1753801500000,3771.67,3774.73,3769.00,3769.38,5994.421,1753801559999,22606567.86031,9103,3412.322,12868694.08464,0
1753801560000,3769.39,3770.55,3760.00,3767.88,27044.356,1753801619999,101810966.18030,18360,7940.368,29899928.11330,0
1753801620000,3767.87,3768.00,3763.69,3765.22,6218.403,1753801679999,23418818.51342,9654,3500.877,13184941.48408,0
1753801680000,3765.21,3773.50,3761.37,3770.26,13868.167,1753801739999,52258891.86367,13645,8280.696,31212522.69643,0
1753801740000,3770.26,3773.00,3768.00,3770.99,6287.778,1753801799999,23702892.88698,8341,2239.174,8441035.25133,0
1753801800000,3770.99,3771.61,3766.10,3769.31,5596.621,1753801859999,21092982.08808,6425,3931.132,14816641.18195,0
1753801860000,3769.30,3779.00,3767.06,3779.0,9076.993,1753801919999,34265175.88968,9487,7462.872,28172339.29754,0
1753801920000,3778.99,3781.24,3775.94,3776.72,11748.597,1753801979999,44398439.24388,11408,5830.681,22032920.36489,0
1753801980000,3776.72,3782.51,3776.71,3778.98,10096.301,1753802039999,38163102.18417,7405,4525.481,17106063.62850,0
1753802040000,3778.98,3778.99,3770.22,3771.17,7347.618,1753802099999,27726284.64308,8344,2302.789,8689786.94333,0
1753802100000,3771.17,3773.35,3770.23,3770.68,5426.197,1753802159999,20467552.67614,6643,3332.190,12569034.89650,0
1753802160000,3770.69,3774.99,3768.26,3772.53,8189.874,1753802219999,30890432.70301,8290,4866.897,18360256.12206,0
1753802220000,3772.54,3774.76,3772.24,3773.34,2615.236,1753802279999,9868090.09811,4317,1426.510,5382540.21513,0
1753802280000,3773.34,3774.39,3764.00,3764.91,8278.694,1753802339999,31195577.58426,7079,2295.818,8654029.93931,0
1753802340000,3764.90,3771.95,3764.67,3771.95,6379.889,1753802399999,24037861.29344,6474,4119.280,15522411.48179,0
1753802400000,3771.94,3772.24,3768.45,3771.81,4763.620,1753802459999,17961406.10672,6634,2811.272,10600365.31517,0
1753802460000,3771.81,3773.14,3765.09,3765.09,8822.812,1753802519999,33260110.92137,5744,1691.650,6378068.68899,0
1753802520000,3765.09,3766.91,3761.00,3764.16,7575.482,1753802579999,28511056.50580,7896,2776.112,10449090.07816,0
1753802580000,3764.16,3768.46,3759.78,3767.99,8999.479,1753802639999,33863055.04315,10126,3913.785,14731649.22233,0
1753802640000,3768.00,3768.65,3766.47,3766.93,4689.313,1753802699999,17667822.84201,5477,2590.821,9761642.71225,0
1753802700000,3766.94,3767.07,3763.69,3764.62,2184.813,1753802759999,8227188.56637,4100,836.440,3149580.06756,0
1753802760000,3764.63,3765.51,3763.35,3763.85,3919.245,1753802819999,14752380.91770,3968,1667.160,6275449.39494,0
1753802820000,3763.84,3763.84,3755.68,3761.75,14709.486,1753802879999,55308249.84669,11052,4832.670,18174155.46078,0
1753802880000,3761.75,3761.77,3756.12,3756.13,5981.592,1753802939999,22485413.83844,6268,2198.289,8263444.01592,0
1753802940000,3756.12,3759.93,3756.00,3759.45,5091.338,1753802999999,19129475.34962,5959,2789.076,10479672.05901,0
1753803000000,3759.44,3761.97,3756.85,3757.44,6204.450,1753803059999,23327706.30713,8932,3150.451,11846283.36420,0
1753803060000,3757.44,3758.37,3753.03,3754.56,9343.904,1753803119999,35088967.30415,10276,3680.331,13821593.96429,0
1753803120000,3754.55,3756.95,3753.18,3755.34,6557.472,1753803179999,24621965.83473,7955,3953.771,14845778.10727,0
1753803180000,3755.35,3765.80,3755.35,3763.7,9999.480,1753803239999,37617027.19995,10155,7716.503,29028052.42071,0
1753803240000,3763.70,3764.32,3756.00,3756.95,4430.211,1753803299999,16659003.25264,6736,2067.691,7775086.11729,0
1753803300000,3756.95,3757.65,3754.27,3757.65,3954.570,1753803359999,14852396.34084,6569,1571.272,5901042.06411,0
1753803360000,3757.64,3757.65,3754.05,3754.41,5020.176,1753803419999,18855059.47799,5735,1598.781,6004512.72422,0
1753803420000,3754.41,3758.58,3754.40,3757.95,4485.682,1753803479999,16848811.73196,5760,3095.888,11628308.34544,0
1753803480000,3757.95,3760.65,3756.46,3757.72,5853.409,1753803539999,22000374.38824,6242,2300.013,8645497.39610,0
1753803540000,3757.71,3757.81,3755.23,3755.92,3008.556,1753803599999,11301891.06584,4553,1551.796,5829564.12964,0
1753803600000,3755.91,3762.52,3755.43,3760.47,4595.474,1753803659999,17273749.28204,6507,3008.139,11307057.69506,0
1753803660000,3760.46,3760.46,3751.38,3754.1,8435.128,1753803719999,31669938.46103,10449,2499.408,9386263.52090,0
1753803720000,3754.10,3756.21,3745.01,3745.88,18447.551,1753803779999,69175144.50734,15462,3817.683,14318388.22469,0
1753803780000,3745.87,3757.32,3745.37,3750.49,12389.528,1753803839999,46468857.79099,14981,6542.422,24536273.73676,0
1753803840000,3750.49,3762.36,3750.00,3758.05,13854.221,1753803899999,52071695.34783,16850,10836.733,40733087.69168,0
1753803900000,3758.05,3760.68,3753.20,3758.74,9578.814,1753803959999,35989600.99238,10422,6620.807,24878608.71130,0
1753803960000,3758.73,3761.81,3755.39,3757.92,7513.001,1753804019999,28240551.57817,9267,4826.501,18143616.54125,0
1753804020000,3757.91,3766.08,3757.74,3764.05,9150.583,1753804079999,34439432.20128,8730,5762.265,21686250.14834,0
1753804080000,3764.04,3766.12,3762.79,3764.7,11178.274,1753804139999,42087274.11257,7347,7897.349,29735340.49040,0
1753804140000,3764.69,3767.60,3762.03,3765.67,7974.606,1753804199999,30025728.95221,8903,5169.349,19464026.59702,0
1753804200000,3765.67,3765.67,3759.53,3761.5,8012.158,1753804259999,30138818.49762,6753,4415.740,16609596.12852,0
1753804260000,3761.49,3763.85,3758.33,3758.53,4760.992,1753804319999,17908555.38162,6040,2199.639,8274693.90554,0
1753804320000,3758.52,3760.73,3757.06,3760.73,2767.927,1753804379999,10403951.39026,5272,1214.450,4565098.69959,0
1753804380000,3760.73,3768.00,3760.40,3767.92,7753.405,1753804439999,29195225.58885,7339,5523.089,20797084.27127,0
1753804440000,3767.93,3770.00,3766.02,3767.19,10853.119,1753804499999,40898262.88588,8091,6557.613,24711282.08952,0
1753804500000,3767.18,3769.98,3764.46,3767.62,10709.330,1753804559999,40338622.23230,7418,8114.675,30566002.85019,0
1753804560000,3767.63,3768.48,3765.64,3765.65,3464.186,1753804619999,13050197.20548,4541,1436.407,5411388.11742,0
1753804620000,3765.64,3767.30,3762.02,3762.02,4455.632,1753804679999,16775507.92557,4688,1443.568,5434865.70504,0
1753804680000,3762.02,3763.43,3760.00,3761.91,3472.197,1753804739999,13061934.35177,4426,1556.757,5856374.44731,0
1753804740000,3761.91,3761.92,3759.51,3759.52,2386.864,1753804799999,8976136.69708,2800,751.918,2827734.82388,0
1753804800000,3759.52,3762.37,3757.79,3758.97,7068.605,1753804859999,26574917.66786,6068,2743.163,10312252.11002,0
1753804860000,3758.97,3762.21,3758.51,3762.0,3941.121,1753804919999,14820997.27394,4233,2089.100,7856312.00260,0
1753804920000,3761.99,3764.60,3760.75,3764.12,3792.598,1753804979999,14270735.05585,4519,2408.319,9062338.07739,0
1753804980000,3764.12,3764.60,3761.11,3763.73,3109.158,1753805039999,11698868.47070,4123,1427.892,5372675.24879,0
1753805040000,3763.72,3767.50,3762.63,3766.51,3552.693,1753805099999,13376421.56177,5058,2009.123,7564723.33267,0
1753805100000,3766.50,3766.87,3762.27,3762.6,2566.160,1753805159999,9660856.62720,4002,1037.842,3907619.81124,0
1753805160000,3762.60,3763.78,3758.54,3758.78,4039.050,1753805219999,15187891.52626,5040,1908.542,7176567.11874,0
1753805220000,3758.77,3764.13,3758.01,3758.01,3906.515,1753805279999,14689931.79708,4996,2196.751,8260788.13883,0
1753805280000,3758.01,3759.01,3753.50,3756.3,7714.207,1753805339999,28974652.14342,7657,2260.358,8489490.70481,0
1753805340000,3756.30,3761.72,3756.30,3758.72,3142.979,1753805399999,11812594.89651,4750,1793.034,6738390.22075,0
1753805400000,3758.72,3759.04,3754.34,3754.35,2895.364,1753805459999,10876361.43792,4166,922.915,3466616.89071,0
1753805460000,3754.35,3758.20,3750.63,3750.93,5418.230,1753805519999,20334622.33664,7032,1564.993,5875205.93823,0
1753805520000,3750.94,3751.68,3748.05,3748.21,8068.909,1753805579999,30253844.68580,8495,2380.797,8926492.73598,0
1753805580000,3748.21,3756.17,3748.20,3752.19,8071.450,1753805639999,30284548.06752,7246,4080.978,15312398.24399,0
1753805640000,3752.19,3757.29,3750.14,3756.89,3580.739,1753805699999,13442645.05709,6321,2245.268,8429103.78432,0
1753805700000,3756.88,3759.28,3754.28,3756.24,3962.897,1753805759999,14887588.13951,5701,2283.286,8577830.64204,0
1753805760000,3756.21,3761.41,3755.80,3760.89,5032.227,1753805819999,18915380.00334,6040,2593.911,9750650.33728,0
1753805820000,3760.90,3762.50,3752.07,3754.37,5344.182,1753805879999,20089591.77613,6320,2503.034,9409957.40156,0
1753805880000,3754.37,3754.37,3746.00,3748.2,8596.300,1753805939999,32229334.98713,9253,3920.730,14701368.86747,0
1753805940000,3748.19,3748.20,3737.04,3742.66,28623.654,1753805999999,107093990.23229,21370,8915.914,33356715.28117,0
1753806000000,3742.66,3752.64,3741.56,3751.64,8682.720,1753806059999,32538418.81374,9954,4854.281,18191309.21319,0
1753806060000,3751.65,3757.75,3751.18,3754.62,5593.764,1753806119999,21001889.22628,8067,3326.772,12491917.08700,0
1753806120000,3754.62,3755.78,3752.10,3753.84,4265.066,1753806179999,16010637.57110,5909,2134.427,8013067.37398,0
1753806180000,3753.84,3754.95,3746.84,3748.46,5882.308,1753806239999,22062530.22782,6781,1682.560,6309824.07261,0
1753806240000,3748.46,3751.39,3744.48,3745.54,4881.174,1753806299999,18292418.65543,5807,1641.969,6153982.17019,0
1753806300000,3745.53,3746.39,3739.78,3739.95,7288.524,1753806359999,27276514.97705,8108,3783.518,14159952.83623,0
1753806360000,3739.96,3748.66,3737.11,3748.49,7245.005,1753806419999,27096796.36877,9409,3957.146,14801732.64638,0
1753806420000,3748.49,3748.71,3744.09,3745.46,3666.024,1753806479999,13735011.81203,6386,1870.978,7009432.34864,0
1753806480000,3745.37,3746.61,3742.75,3743.53,1795.912,1753806539999,6725269.27405,4496,856.775,3208162.50759,0
1753806540000,3743.54,3746.25,3741.64,3745.96,2583.751,1753806599999,9673101.67195,3939,1402.459,5250769.46760,0
1753806600000,3745.96,3750.68,3745.38,3746.29,6079.412,1753806659999,22783591.53604,7550,3552.037,13312317.81125,0
1753806660000,3746.28,3747.57,3743.76,3743.76,4442.510,1753806719999,16637643.81086,5574,2056.011,7700087.43519,0
1753806720000,3743.76,3746.42,3741.55,3742.0,2901.674,1753806779999,10862629.95526,5412,1053.405,3943140.25262,0
1753806780000,3742.00,3742.24,3733.01,3735.68,16770.144,1753806839999,62675082.82265,14722,4038.268,15093802.31717,0
1753806840000,3735.69,3738.90,3730.34,3734.21,27382.760,1753806899999,102247172.54166,19235,7373.921,27539247.52496,0
1753806900000,3734.21,3737.91,3731.03,3734.73,13602.046,1753806959999,50795964.15878,10890,4800.532,17930143.76974,0
1753806960000,3734.72,3737.00,3726.28,3728.73,33203.414,1753807019999,123875017.29823,19299,9958.840,37158879.86656,0
1753807020000,3728.73,3729.65,3720.21,3722.85,41678.946,1753807079999,155234380.45533,29264,12635.447,47065874.15112,0
1753807080000,3722.85,3722.85,3712.24,3717.13,47783.411,1753807139999,177665173.61119,32530,14804.003,55047554.26544,0
1753807140000,3717.13,3722.80,3717.13,3721.12,10629.070,1753807199999,39543370.97045,14645,6813.216,25347758.11670,0
1753807200000,3721.11,3727.99,3720.05,3727.07,12075.175,1753807259999,44968743.61679,14569,7760.698,28900835.88762,0
1753807260000,3727.07,3734.29,3726.74,3730.42,15944.905,1753807319999,59492833.50917,12356,9885.945,36887287.29549,0
1753807320000,3730.42,3731.03,3727.91,3730.61,4808.763,1753807379999,17934516.43477,5279,2466.458,9198731.22559,0
1753807380000,3730.62,3733.16,3728.28,3729.32,4727.363,1753807439999,17636700.29072,6592,3161.454,11795446.18356,0
1753807440000,3729.32,3736.61,3729.31,3736.35,11703.632,1753807499999,43707204.18470,8409,8755.250,32697258.33369,0
1753807500000,3736.34,3738.08,3728.36,3732.13,9907.875,1753807559999,36987299.47024,10339,4372.314,16326079.30042,0
1753807560000,3732.12,3743.17,3730.20,3741.83,16375.235,1753807619999,61183668.26079,11781,12525.615,46801263.31920,0
1753807620000,3741.83,3746.83,3741.27,3744.38,13109.777,1753807679999,49080474.90960,11068,7800.639,29204367.11425,0
1753807680000,3744.38,3750.00,3744.38,3746.66,15321.076,1753807739999,57407806.08315,15292,8610.873,32265813.93381,0
1753807740000,3746.66,3756.95,3746.56,3756.4,14950.681,1753807799999,56099371.16131,16526,9875.884,37057832.53251,0
1753807800000,3756.40,3756.45,3752.01,3753.12,12916.933,1753807859999,48494050.36154,8079,4775.880,17927577.21997,0
1753807860000,3753.13,3757.90,3751.96,3752.95,9270.522,1753807919999,34801183.45557,7493,5988.535,22482458.72484,0
1753807920000,3752.94,3753.78,3749.60,3751.62,6460.978,1753807979999,24239726.39496,4683,2803.088,10515977.50538,0
1753807980000,3751.61,3753.02,3749.25,3752.36,4484.764,1753808039999,16825374.32142,5507,1973.092,7402618.90529,0
1753808040000,3752.35,3752.62,3743.19,3745.45,4770.513,1753808099999,17874815.57276,6378,1672.720,6267504.38921,0
1753808100000,3745.46,3749.84,3745.46,3747.14,5197.887,1753808159999,19481497.54781,5212,3894.611,14596567.21630,0
1753808160000,3747.14,3749.19,3745.50,3748.69,2725.375,1753808219999,10212575.55354,3768,1386.897,5196861.75863,0
1753808220000,3748.69,3750.85,3747.00,3747.45,1916.745,1753808279999,7186118.61415,3568,998.707,3744185.36486,0
1753808280000,3747.46,3750.38,3747.36,3750.37,3541.693,1753808339999,13275914.32697,3555,2643.055,9907753.68100,0
1753808340000,3750.38,3752.00,3748.26,3749.49,3157.814,1753808399999,11842403.88049,3224,1778.151,6667876.51671,0
1753808400000,3749.49,3750.03,3743.66,3744.19,3988.683,1753808459999,14945186.38356,4682,1484.871,5564316.16426,0
1753808460000,3744.18,3747.35,3742.59,3744.25,3162.507,1753808519999,11842329.16501,4554,1537.870,5758674.39434,0
1753808520000,3744.24,3747.03,3742.75,3745.01,2235.873,1753808579999,8374169.16728,4216,1009.147,3779457.24794,0
1753808580000,3745.00,3753.51,3744.87,3751.84,8063.094,1753808639999,30240754.97130,6799,5468.902,20512009.09920,0
1753808640000,3751.84,3756.21,3751.83,3753.88,6772.399,1753808699999,25428921.42042,5248,4854.028,18224991.40095,0
1753808700000,3753.87,3757.39,3753.23,3757.12,4853.234,1753808759999,18224684.98889,5194,3090.732,11606422.42579,0
1753808760000,3757.12,3761.96,3755.19,3761.45,15414.319,1753808819999,57930762.53179,9515,10715.999,40274065.61188,0
1753808820000,3761.46,3761.46,3757.12,3758.11,5356.544,1753808879999,20136918.42572,5346,2960.293,11128528.32622,0
1753808880000,3758.11,3763.99,3757.70,3759.52,10313.494,1753808939999,38793539.66033,9082,5996.390,22557266.40505,0
1753808940000,3759.52,3762.44,3758.27,3760.35,3151.508,1753808999999,11850179.24402,4796,1710.417,6431158.02103,0
1753809000000,3760.35,3760.80,3758.83,3759.05,4303.712,1753809059999,16179557.93185,3462,1820.395,6843392.00387,0
1753809060000,3759.04,3761.00,3758.16,3760.46,2909.241,1753809119999,10937243.68285,3563,2099.319,7892404.42396,0
1753809120000,3760.47,3764.05,3760.27,3764.05,4417.247,1753809179999,16618110.85003,4194,3082.417,11596147.13656,0
1753809180000,3764.05,3770.53,3763.74,3770.53,21051.312,1753809239999,79297304.62421,10816,16996.751,64025572.42891,0
1753809240000,3770.52,3770.52,3764.21,3769.19,13133.613,1753809299999,49484464.03346,10051,6771.304,25515251.56572,0
1753809300000,3769.19,3770.53,3764.42,3765.8,8765.370,1753809359999,33029405.31382,7213,4233.425,15955405.09217,0
1753809360000,3765.79,3768.38,3765.01,3767.71,7975.714,1753809419999,30038474.74260,5304,5424.633,20430123.81258,0
1753809420000,3767.71,3769.67,3766.30,3767.09,3091.631,1753809479999,11649378.22531,3925,1717.299,6471033.97288,0
1753809480000,3767.09,3769.00,3759.50,3760.24,9729.242,1753809539999,36619860.41970,8665,3749.094,14116416.59283,0
1753809540000,3760.24,3764.21,3758.88,3764.15,6185.445,1753809599999,23263971.29243,6604,3311.176,12455381.78635,0
1753809600000,3764.14,3764.14,3758.88,3758.88,4483.573,1753809659999,16865688.47451,5029,1086.275,4086775.76663,0
1753809660000,3758.88,3770.16,3758.88,3769.82,6200.470,1753809719999,23348748.71377,6694,4048.358,15245936.83081,0
1753809720000,3769.81,3775.96,3767.48,3773.67,17336.646,1753809779999,65397129.38361,9996,13879.535,52356396.36469,0
1753809780000,3773.67,3778.81,3773.08,3776.61,16584.759,1753809839999,62612095.30690,14476,12297.375,46425531.55351,0
1753809840000,3776.61,3779.98,3771.83,3776.26,14547.355,1753809899999,54927464.85041,14497,8678.634,32769372.21852,0
1753809900000,3776.27,3781.03,3776.27,3779.86,20553.756,1753809959999,77679505.25812,12022,13444.227,50809560.80935,0
1753809960000,3779.87,3783.39,3778.38,3781.76,10204.913,1753810019999,38586615.00344,8038,6061.063,22918625.88246,0
1753810020000,3781.75,3783.79,3780.27,3783.34,8542.755,1753810079999,32312079.21815,4144,4211.589,15929490.85720,0
1753810080000,3783.34,3783.34,3775.50,3777.84,14427.004,1753810139999,54517806.70123,12233,8042.315,30392752.60771,0
1753810140000,3777.83,3784.27,3773.40,3782.65,10860.040,1753810199999,41035920.58162,9649,6385.896,24137162.66886,0
1753810200000,3782.65,3792.68,3781.86,3786.63,21032.925,1753810259999,79650935.81909,17303,14196.055,53764437.96449,0
1753810260000,3786.63,3792.94,3784.99,3785.81,16283.723,1753810319999,61695570.81628,12666,11065.378,41925355.03110,0
1753810320000,3785.81,3787.65,3781.10,3782.14,8993.281,1753810379999,34026626.81237,8914,2296.777,8689813.28382,0
1753810380000,3782.15,3782.15,3777.36,3779.28,5857.512,1753810439999,22139275.37407,6125,1173.012,4433220.31060,0
1753810440000,3779.27,3779.28,3773.94,3775.79,7392.915,1753810499999,27915486.16334,6413,1184.319,4472909.29522,0
1753810500000,3775.80,3776.32,3771.12,3772.84,7672.367,1753810559999,28951891.05660,6837,2183.800,8240004.08349,0
1753810560000,3772.84,3778.50,3772.84,3778.5,4055.849,1753810619999,15312843.19374,4280,2879.687,10873277.11707,0
1753810620000,3778.50,3778.50,3773.73,3773.74,2303.995,1753810679999,8699416.72227,4215,1135.764,4287847.35333,0
1753810680000,3773.74,3773.74,3766.00,3770.14,7994.329,1753810739999,30128149.51438,9348,2721.547,10256343.10590,0
1753810740000,3770.14,3770.14,3765.00,3766.0,3660.624,1753810799999,13788825.08370,5075,1272.469,4792782.31031,0
1753810800000,3766.00,3769.80,3766.00,3769.44,3313.843,1753810859999,12486065.08909,4302,2326.109,8764558.28277,0
1753810860000,3769.44,3770.78,3768.11,3768.11,2689.436,1753810919999,10137580.15926,3212,1564.000,5895427.95705,0
1753810920000,3768.12,3768.74,3764.39,3764.4,4896.152,1753810979999,18438805.41609,5591,1688.167,6357402.06760,0
1753810980000,3764.40,3765.37,3759.64,3762.3,10854.414,1753811039999,40830656.67822,9367,3418.255,12859706.91004,0
1753811040000,3762.30,3762.30,3757.39,3757.87,5246.357,1753811099999,19726729.59121,4972,1374.500,5168809.82600,0
1753811100000,3757.87,3762.78,3756.99,3761.22,6911.877,1753811159999,25986755.27002,7994,4248.688,15975567.88744,0
1753811160000,3761.21,3763.86,3760.70,3763.1,2686.838,1753811219999,10108179.05937,3948,1678.957,6316167.59666,0
1753811220000,3763.09,3765.20,3762.65,3763.84,2768.803,1753811279999,10422178.00358,4534,1788.371,6731682.31715,0
1753811280000,3763.83,3768.28,3762.19,3766.5,3129.832,1753811339999,11787151.15537,4200,2425.601,9135596.31500,0
1753811340000,3766.50,3766.50,3763.05,3765.05,2248.779,1753811399999,8464861.77879,3092,1486.269,5594555.58984,0
1753811400000,3765.06,3765.61,3763.06,3763.06,1165.223,1753811459999,4386678.97575,2759,427.088,1607805.40233,0
1753811460000,3763.07,3765.60,3759.73,3762.41,4733.209,1753811519999,17809546.90498,5812,1529.571,5755654.51456,0
1753811520000,3762.42,3763.03,3758.98,3759.02,1853.363,1753811579999,6970472.21902,2625,611.367,2299547.78620,0
1753811580000,3759.02,3762.16,3758.01,3761.63,1577.029,1753811639999,5929101.83033,2905,805.095,3026663.09491,0
1753811640000,3761.63,3762.10,3758.92,3760.93,1056.597,1753811699999,3973583.34161,2470,488.388,1836612.20212,0
1753811700000,3760.92,3771.95,3760.66,3771.46,8580.657,1753811759999,32334697.52926,7529,6796.549,25610425.09913,0
1753811760000,3771.45,3773.00,3767.07,3767.33,3052.950,1753811819999,11509795.17633,4162,1702.197,6417685.45581,0
1753811820000,3767.33,3768.16,3765.99,3766.79,2869.419,1753811879999,10809571.88132,3479,1141.877,4301627.44001,0
1753811880000,3766.79,3768.84,3764.93,3768.19,1386.805,1753811939999,5223957.69208,2417,463.762,1747060.53347,0
1753811940000,3768.32,3768.51,3766.05,3768.06,1029.526,1753811999999,3878797.17402,1817,476.825,1796430.21864,0
1753812000000,3768.05,3769.25,3765.45,3768.25,2270.514,1753812059999,8554832.27900,3406,1187.343,4473466.49077,0
1753812060000,3768.24,3775.00,3768.24,3773.3,3398.378,1753812119999,12820567.53817,4472,2764.130,10427922.20948,0
1753812120000,3773.29,3773.30,3768.00,3768.45,1708.654,1753812179999,6442947.80965,2851,651.026,2454847.71896,0
1753812180000,3768.46,3768.73,3763.37,3764.16,2033.313,1753812239999,7658384.47365,3996,1135.900,4278349.53820,0
1753812240000,3764.15,3764.84,3759.47,3763.43,4846.867,1753812299999,18232081.86320,5402,2824.865,10626420.74036,0
1753812300000,3763.43,3764.91,3760.13,3764.36,1892.562,1753812359999,7121327.36974,4106,806.941,3036267.90937,0
1753812360000,3764.36,3767.85,3763.59,3764.03,2042.237,1753812419999,7690243.46007,3739,803.274,3024689.79739,0
1753812420000,3764.03,3764.47,3760.74,3760.75,1786.524,1753812479999,6722179.93591,3087,381.282,1434555.49290,0
1753812480000,3760.74,3761.90,3755.15,3755.47,5535.130,1753812539999,20805181.77550,5741,938.579,3528728.91214,0
1753812540000,3755.47,3755.48,3750.22,3753.9,5576.866,1753812599999,20929892.45264,7210,1800.858,6758630.10721,0
1753812600000,3753.90,3758.85,3753.90,3757.64,2928.921,1753812659999,11000644.47546,4177,1491.626,5602398.27625,0
1753812660000,3757.64,3758.99,3754.63,3758.98,1709.755,1753812719999,6423176.01522,3544,776.928,2918488.81607,0
1753812720000,3758.98,3758.99,3755.77,3758.88,2284.715,1753812779999,8585274.01931,3509,1489.903,5598595.67379,0
1753812780000,3758.87,3762.54,3758.35,3761.62,1410.202,1753812839999,5303853.05040,2725,840.317,3160457.29342,0
1753812840000,3761.61,3761.62,3758.61,3760.95,1203.698,1753812899999,4525990.84674,2316,426.604,1603881.36899,0
1753812900000,3760.95,3763.16,3759.81,3763.06,1064.938,1753812959999,4006033.62725,2515,613.895,2309306.67906,0
1753812960000,3763.06,3765.00,3760.00,3760.0,1588.947,1753813019999,5978793.21418,3008,820.349,3087269.29995,0
1753813020000,3760.00,3763.76,3759.80,3763.58,745.324,1753813079999,2803572.86050,2224,301.456,1134078.60870,0
1753813080000,3763.58,3765.47,3763.51,3764.06,1295.285,1753813139999,4876424.21778,2323,770.862,2902061.30638,0
1753813140000,3764.05,3764.89,3761.55,3762.15,877.770,1753813199999,3303274.72074,2389,272.910,1027103.39833,0
1753813200000,3762.15,3763.27,3758.55,3758.55,1589.688,1753813259999,5978931.41868,2785,642.737,2417519.06888,0
1753813260000,3758.55,3761.23,3758.05,3761.22,1052.539,1753813319999,3956536.69286,2234,390.209,1466862.42562,0
1753813320000,3761.22,3761.83,3757.61,3757.64,1455.613,1753813379999,5472641.47549,2595,203.616,765602.82087,0
1753813380000,3757.63,3757.78,3750.97,3751.91,4668.255,1753813439999,17524608.23515,5543,1379.971,5179598.37683,0
1753813440000,3751.91,3758.37,3751.50,3758.3,1992.202,1753813499999,7481234.43024,2692,1327.457,4985682.99798,0
1753813500000,3758.30,3758.64,3755.91,3757.89,1365.878,1753813559999,5132999.55268,1919,520.271,1955157.14669,0
1753813560000,3757.89,3760.95,3757.89,3759.4,1144.874,1753813619999,4304607.35805,2350,731.521,2750264.05649,0
1753813620000,3759.41,3761.83,3758.22,3761.83,720.985,1753813679999,2710675.18345,2026,371.684,1397428.16519,0
1753813680000,3761.82,3767.69,3761.06,3767.69,2036.262,1753813739999,7665529.39781,3298,1438.077,5414425.89941,0
1753813740000,3767.69,3767.69,3765.71,3766.48,1545.824,1753813799999,5822644.40278,1994,938.583,3535355.30854,0
1753813800000,3766.47,3769.36,3765.56,3768.62,2952.357,1753813859999,11123305.79761,3924,1468.905,5534164.98514,0
1753813860000,3768.62,3771.00,3768.01,3770.47,2697.310,1753813919999,10167473.16901,3299,2146.140,8089526.21598,0
1753813920000,3770.47,3770.93,3768.44,3769.99,1435.874,1753813979999,5412881.51325,1866,566.354,2134948.66124,0
1753813980000,3770.00,3771.17,3767.70,3768.27,2090.072,1753814039999,7878806.22941,2383,1076.424,4057813.14446,0
1753814040000,3768.27,3768.27,3764.16,3764.39,1675.513,1753814099999,6309604.65993,2856,485.523,1828466.64467,0
1753814100000,3764.38,3769.89,3763.82,3769.89,1029.721,1753814159999,3877879.81662,2423,777.992,2930002.55236,0
1753814160000,3769.89,3770.00,3767.59,3768.53,1265.327,1753814219999,4769014.71209,2462,534.683,2015167.53424,0
1753814220000,3768.52,3771.90,3767.01,3771.89,1098.822,1753814279999,4141425.10995,2982,589.484,2221607.89017,0
1753814280000,3771.90,3774.55,3771.50,3774.03,4651.720,1753814339999,17551985.48574,5661,3634.093,13712217.10325,0
1753814340000,3774.03,3774.19,3770.76,3770.77,954.657,1753814399999,3601790.75605,1827,442.263,1668775.04877,0
1753814400000,3770.76,3775.00,3770.55,3773.6,1463.812,1753814459999,5522676.33276,2592,846.083,3192295.27219,0
1753814460000,3773.60,3774.41,3770.50,3770.55,3394.210,1753814519999,12802341.13049,3112,602.433,2272446.67158,0
1753814520000,3770.55,3771.07,3765.68,3766.78,1851.953,1753814579999,6978711.25991,2827,634.724,2391866.09734,0
1753814580000,3766.78,3769.24,3765.42,3765.42,3388.021,1753814639999,12763981.74848,2963,1395.623,5259043.60780,0
1753814640000,3765.43,3767.86,3763.87,3765.99,1598.299,1753814699999,6017926.33483,2559,652.317,2456286.79119,0
1753814700000,3766.00,3769.45,3765.99,3768.82,1098.512,1753814759999,4138968.35760,2711,462.189,1741259.05233,0
1753814760000,3768.83,3770.17,3766.86,3767.33,750.693,1753814819999,2829446.93991,2022,336.340,1267707.92740,0
1753814820000,3767.33,3767.39,3765.26,3767.39,855.473,1753814879999,3222047.40617,2075,373.917,1408292.95407,0
1753814880000,3767.38,3770.95,3766.58,3770.08,1017.151,1753814939999,3833841.38874,2210,334.155,1259198.75994,0
1753814940000,3770.09,3772.63,3770.08,3771.63,831.965,1753814999999,3137543.97638,1791,421.478,1589546.11444,0
1753815000000,3771.63,3773.30,3771.26,3773.28,1264.880,1753815059999,4771543.36843,2273,743.663,2805364.68088,0
1753815060000,3773.28,3773.29,3770.50,3771.16,1047.946,1753815119999,3952448.74154,1766,338.577,1276828.43716,0
1753815120000,3771.16,3771.16,3765.27,3765.38,1544.822,1753815179999,5821919.96460,3013,285.603,1076170.80028,0
1753815180000,3765.39,3767.67,3764.07,3767.67,1511.023,1753815239999,5689478.83946,2337,501.281,1887674.88200,0
1753815240000,3767.67,3767.76,3764.37,3765.32,881.324,1753815299999,3318798.09155,1922,325.718,1226459.25741,0
1753815300000,3765.33,3765.66,3763.71,3764.62,724.144,1753815359999,2725954.21014,1533,282.029,1061609.87707,0
1753815360000,3764.63,3765.57,3760.76,3760.77,1972.041,1753815419999,7419982.68889,3079,383.573,1443454.83254,0
1753815420000,3760.77,3764.66,3760.76,3764.28,1187.979,1753815479999,4470447.47649,1830,931.031,3503564.22044,0
1753815480000,3764.27,3766.86,3763.55,3766.86,1387.517,1753815539999,5223872.68870,1979,453.708,1708257.85788,0
1753815540000,3766.85,3769.82,3766.85,3769.36,760.316,1753815599999,2865296.42224,1714,448.140,1688680.72674,0
1753815600000,3769.36,3769.37,3766.51,3768.44,1413.302,1753815659999,5324807.86757,2677,587.535,2213557.43276,0
1753815660000,3768.43,3768.44,3766.42,3767.62,948.358,1753815719999,3572622.18468,2168,507.439,1911526.24932,0
1753815720000,3767.63,3770.66,3766.35,3770.65,2570.034,1753815779999,9687021.25773,3266,1439.250,5424465.93182,0
1753815780000,3770.66,3771.57,3767.92,3769.13,841.451,1753815839999,3172508.17704,1976,287.802,1085035.96526,0
1753815840000,3769.15,3771.37,3768.84,3770.4,852.021,1753815899999,3211855.73477,1474,576.953,2174826.89949,0
1753815900000,3770.41,3779.89,3770.40,3779.89,9004.634,1753815959999,33995906.38861,8936,6742.037,25451276.28779,0
1753815960000,3779.89,3780.00,3774.77,3775.56,3511.112,1753816019999,13265263.69005,3652,1775.428,6708466.82465,0
1753816020000,3775.56,3779.01,3773.80,3773.81,3454.669,1753816079999,13047177.81696,3853,1381.753,5217528.18319,0
1753816080000,3773.80,3776.06,3772.71,3773.89,1276.911,1753816139999,4819533.08957,2174,768.855,2902001.21437,0
1753816140000,3773.88,3773.88,3768.28,3772.63,2155.844,1753816199999,8127845.08060,3640,416.677,1571064.49318,0
1753816200000,3772.63,3775.00,3772.37,3774.55,976.747,1753816259999,3685740.90085,2294,468.165,1766524.65946,0
1753816260000,3774.55,3774.55,3771.71,3772.98,1497.404,1753816319999,5650122.22211,2369,462.530,1745034.68271,0
1753816320000,3772.97,3777.79,3772.82,3776.01,1391.702,1753816379999,5255292.39074,2985,1067.800,4032078.96058,0
1753816380000,3776.00,3777.36,3775.27,3776.22,1208.416,1753816439999,4563348.57397,1856,555.661,2098310.50111,0
1753816440000,3776.22,3781.41,3776.21,3781.26,2281.390,1753816499999,8621580.89472,3827,1851.272,6996132.65662,0
1753816500000,3781.27,3793.84,3779.04,3790.8,18873.933,1753816559999,71489958.09471,14652,15469.779,58595858.94117,0
1753816560000,3790.81,3795.00,3785.94,3786.65,11762.330,1753816619999,44595308.34129,8754,5356.520,20312238.00674,0
1753816620000,3786.65,3794.29,3786.65,3788.27,6820.841,1753816679999,25853158.82393,5921,4311.526,16342971.52926,0
1753816680000,3788.28,3789.10,3785.10,3786.86,4726.688,1753816739999,17901038.23682,4225,2523.609,9557153.81486,0
1753816740000,3786.87,3789.95,3785.40,3786.77,2703.893,1753816799999,10240020.68890,3931,1032.230,3909062.73558,0
1753816800000,3786.77,3788.66,3785.00,3788.65,1441.916,1753816859999,5459564.35787,2456,675.826,2559111.46893,0
1753816860000,3788.66,3790.59,3780.31,3780.31,5362.688,1753816919999,20301223.94373,6294,1755.576,6650232.05159,0
1753816920000,3780.31,3784.29,3766.30,3766.3,20272.547,1753816979999,76556694.14533,13683,5273.042,19902730.29222,0
1753816980000,3766.30,3769.75,3763.31,3764.19,5991.489,1753817039999,22567761.90254,7211,2852.582,10746221.85005,0
1753817040000,3764.18,3768.86,3763.57,3765.83,2191.043,1753817099999,8252951.36097,3410,1103.240,4155627.82109,0
1753817100000,3765.83,3765.90,3762.77,3763.93,3603.490,1753817159999,13565608.66822,4683,1744.335,6566358.78569,0
1753817160000,3763.94,3764.84,3761.28,3762.23,2471.203,1753817219999,9299677.07937,3617,1096.822,4127868.78457,0
1753817220000,3762.23,3763.21,3756.68,3756.87,4402.441,1753817279999,16550292.05260,6143,1198.456,4505724.62586,0
1753817280000,3756.86,3760.64,3756.66,3759.91,3513.490,1753817339999,13203495.54049,3124,1882.866,7075749.22421,0
1753817340000,3759.94,3760.82,3758.57,3760.82,1480.288,1753817399999,5565663.06117,3467,543.776,2044580.65319,0
1753817400000,3760.82,3763.05,3760.00,3763.05,1483.330,1753817459999,5579299.71874,2683,864.392,3251368.66209,0
1753817460000,3763.05,3767.31,3762.55,3767.31,1945.438,1753817519999,7323931.33403,3033,1300.481,4896024.54239,0
1753817520000,3767.31,3768.42,3764.51,3766.54,2191.284,1753817579999,8253389.19024,3241,1295.521,4879370.69916,0
1753817580000,3766.54,3768.36,3766.27,3767.62,1482.049,1753817639999,5583137.40591,1843,1030.014,3880243.33021,0
1753817640000,3767.61,3768.91,3761.04,3761.22,2409.268,1753817699999,9072254.93769,3399,479.062,1804471.76095,0
1753817700000,3761.23,3765.09,3760.70,3765.08,3060.420,1753817759999,11515537.79369,3403,1931.599,7268284.69692,0
1753817760000,3765.08,3765.08,3761.00,3761.7,2747.024,1753817819999,10334712.45892,3078,667.138,2509599.34782,0
1753817820000,3761.70,3766.17,3761.70,3763.52,5242.777,1753817879999,19733711.35342,2561,4648.302,17496090.02374,0
1753817880000,3763.53,3766.00,3762.30,3765.0,864.017,1753817939999,3251947.59796,1847,428.283,1611984.56503,0
1753817940000,3764.97,3765.59,3763.46,3764.77,920.400,1753817999999,3464966.81496,1849,383.419,1443377.81663,0
1753818000000,3764.76,3772.82,3764.26,3772.82,2541.450,1753818059999,9578065.89999,5238,2029.864,7650095.64918,0
1753818060000,3772.82,3772.87,3767.69,3769.54,1149.817,1753818119999,4335426.07304,2363,337.234,1271508.67874,0
1753818120000,3769.56,3770.27,3766.98,3767.64,1088.368,1753818179999,4102168.99267,2246,478.333,1802930.00986,0
1753818180000,3767.65,3769.19,3766.63,3768.83,830.947,1753818239999,3131195.65306,1678,384.269,1448061.92063,0
1753818240000,3768.82,3769.19,3766.54,3768.0,1419.088,1753818299999,5346836.06905,2098,416.462,1569211.71679,0
1753818300000,3767.99,3773.35,3767.99,3773.34,1413.872,1753818359999,5331335.25306,3166,1007.359,3798259.99172,0
1753818360000,3773.35,3773.92,3772.44,3773.12,955.712,1753818419999,3605997.33444,1669,567.618,2141707.94760,0
1753818420000,3773.12,3773.12,3767.73,3769.58,1069.466,1753818479999,4032261.97468,2577,350.987,1323014.72295,0
1753818480000,3769.58,3770.84,3767.76,3769.48,568.998,1753818539999,2144708.17280,1646,345.938,1303856.28622,0
1753818540000,3769.47,3771.30,3768.36,3768.62,1531.380,1753818599999,5773961.83499,1777,343.518,1295028.55927,0
1753818600000,3768.61,3771.12,3766.54,3769.65,1196.764,1753818659999,4510521.02156,2131,731.765,2758335.31015,0
1753818660000,3769.64,3769.94,3763.16,3763.7,1985.012,1753818719999,7475865.85527,3564,373.647,1406848.16189,0
1753818720000,3763.69,3765.61,3761.00,3763.45,6143.494,1753818779999,23117920.39322,5041,4270.327,16069758.26857,0
1753818780000,3763.46,3768.91,3763.46,3768.07,1075.086,1753818839999,4049354.80361,2210,632.324,2381629.61351,0
1753818840000,3768.07,3768.07,3763.72,3764.85,2348.099,1753818899999,8842259.05697,3109,927.475,3492660.79925,0
1753818900000,3764.86,3768.20,3763.62,3768.19,1353.741,1753818959999,5097469.13874,2538,517.517,1948705.63144,0
1753818960000,3768.19,3768.51,3765.82,3768.25,2393.522,1753819019999,9017453.75018,2834,1484.171,5591436.59863,0
1753819020000,3768.24,3770.00,3766.47,3768.82,899.313,1753819079999,3388743.24195,2365,394.121,1485169.01273,0
1753819080000,3768.83,3772.47,3768.81,3771.05,2255.169,1753819139999,8502902.41435,3400,1231.600,4643644.18200,0
1753819140000,3771.04,3771.45,3760.26,3763.78,5198.781,1753819199999,19567121.72116,7525,2343.885,8820844.65742,0
1753819200000,3763.78,3764.16,3760.63,3760.91,2434.932,1753819259999,9161371.64892,3913,990.172,3725634.81549,0
1753819260000,3760.86,3766.73,3760.86,3766.59,977.837,1753819319999,3680910.14339,2647,593.323,2233193.32353,0
1753819320000,3766.59,3766.59,3760.26,3760.26,2192.553,1753819379999,8250303.22588,3298,435.112,1637611.81359,0
1753819380000,3760.26,3762.48,3759.15,3760.18,1776.669,1753819439999,6681251.62669,2486,878.384,3303232.88287,0
1753819440000,3760.19,3760.19,3754.61,3754.61,5149.786,1753819499999,19346208.91618,5600,1205.020,4526989.41552,0
1753819500000,3754.61,3757.57,3746.25,3757.57,20125.823,1753819559999,75491545.08589,13835,8597.772,32247078.13208,0
1753819560000,3757.57,3759.93,3750.00,3750.67,8979.652,1753819619999,33724030.08811,8992,5033.598,18909510.96586,0
1753819620000,3750.66,3753.63,3748.77,3749.1,3621.607,1753819679999,13582534.45739,3742,1454.188,5453938.21955,0
1753819680000,3749.11,3749.45,3745.91,3748.99,5565.200,1753819739999,20856138.18181,5297,2621.728,9824964.90345,0
1753819740000,3748.99,3749.65,3745.50,3745.5,4072.590,1753819799999,15260736.53346,3899,1467.732,5499327.78659,0
1753819800000,3745.51,3746.62,3740.00,3744.27,14122.455,1753819859999,52873039.70663,14508,6055.305,22671991.73686,0
1753819860000,3744.26,3745.87,3740.83,3745.86,6580.394,1753819919999,24634176.06474,9863,3137.334,11745913.26024,0
1753819920000,3745.87,3746.19,3742.10,3744.82,4209.796,1753819979999,15763183.28861,3914,1456.871,5454792.67766,0
1753819980000,3744.82,3748.56,3744.47,3748.55,2412.533,1753820039999,9037435.36152,4634,1494.756,5599651.37075,0
1753820040000,3748.55,3749.21,3743.42,3748.74,6086.641,1753820099999,22799004.33693,5788,2630.960,9855359.47731,0
1753820100000,3748.74,3748.74,3744.53,3745.0,3477.831,1753820159999,13031528.49675,4446,1456.302,5455957.78236,0
1753820160000,3745.01,3745.01,3741.27,3742.35,4708.060,1753820219999,17623105.09459,4375,1591.653,5958309.90482,0
1753820220000,3742.35,3753.94,3742.35,3753.22,6963.685,1753820279999,26114312.37049,7606,5614.384,21055007.15291,0
1753820280000,3753.22,3756.72,3752.00,3752.81,6446.794,1753820339999,24202551.64426,6322,3317.549,12454974.45850,0
1753820340000,3752.80,3770.12,3752.80,3768.76,19444.367,1753820399999,73168274.90661,12475,14610.279,54969040.46764,0
1753820400000,3768.76,3774.88,3766.44,3774.64,11059.778,1753820459999,41706995.50821,10358,6569.963,24779133.72410,0
1753820460000,3774.64,3781.01,3772.65,3780.16,9710.068,1753820519999,36675653.70095,15950,6638.486,25075528.01946,0
1753820520000,3780.16,3783.89,3775.81,3778.6,9323.554,1753820579999,35240961.45622,10683,4457.843,16852497.96986,0
1753820580000,3778.60,3780.22,3774.00,3774.64,5490.724,1753820639999,20739750.95971,4877,1746.773,6597691.34587,0
1753820640000,3774.64,3777.19,3772.15,3773.27,4877.614,1753820699999,18406687.42728,4870,1144.217,4318915.78572,0
1753820700000,3773.28,3775.12,3768.94,3772.34,6229.474,1753820759999,23498978.75476,5501,1497.761,5649726.54097,0
1753820760000,3772.34,3773.41,3768.19,3768.55,2293.418,1753820819999,8648620.88662,3319,561.255,2116347.38606,0
1753820820000,3768.55,3768.55,3762.31,3763.1,3892.024,1753820879999,14654449.57750,5282,1438.615,5416429.28395,0
1753820880000,3763.11,3766.00,3763.11,3766.0,2664.596,1753820939999,10031783.42237,3743,1597.934,6015859.32686,0
1753820940000,3766.00,3766.38,3763.43,3763.44,989.427,1753820999999,3725590.01350,2057,545.171,2052827.76628,0
1753821000000,3763.43,3764.00,3758.94,3764.0,2868.827,1753821059999,10789579.04518,4309,802.192,3017269.07982,0
1753821060000,3764.00,3765.29,3758.80,3758.8,3661.041,1753821119999,13774314.39107,5198,1353.880,5095311.50865,0
1753821120000,3758.80,3760.30,3754.06,3754.18,2947.210,1753821179999,11071772.35911,5284,1029.168,3866575.71746,0
1753821180000,3754.18,3754.80,3747.60,3747.65,7133.181,1753821239999,26757910.58838,7587,1748.034,6556788.77818,0
1753821240000,3747.65,3749.48,3745.30,3747.41,5120.699,1753821299999,19191378.54164,6787,3191.484,11961575.08466,0
1753821300000,3747.42,3749.76,3746.23,3746.97,3571.836,1753821359999,13388200.52151,4880,2314.281,8675006.46436,0
1753821360000,3746.97,3750.64,3746.97,3747.15,1891.060,1753821419999,7088553.60593,7294,1350.149,5060911.86435,0
1753821420000,3747.17,3750.00,3742.98,3743.79,6427.481,1753821479999,24077978.20319,8642,1280.767,4799326.14144,0
1753821480000,3743.78,3747.07,3743.15,3746.01,2698.424,1753821539999,10105802.56979,4152,1653.279,6191871.39542,0
1753821540000,3746.01,3746.21,3742.77,3744.22,2480.414,1753821599999,9288176.02592,3795,1698.107,6358599.87226,0
1753821600000,3744.22,3749.91,3743.16,3749.91,2722.385,1753821659999,10198643.11474,4588,1588.358,5950946.04834,0
1753821660000,3749.91,3751.32,3746.95,3747.57,2391.643,1753821719999,8967656.62898,4647,1565.141,5868692.41562,0
1753821720000,3747.57,3748.28,3745.09,3746.13,1151.396,1753821779999,4313615.90827,2625,772.533,2894223.83302,0
1753821780000,3746.13,3749.46,3746.13,3748.09,1575.037,1753821839999,5903215.10975,2854,1077.071,4036614.77702,0
1753821840000,3748.10,3749.00,3746.67,3748.99,1341.964,1753821899999,5029486.80674,2626,969.067,3631797.73936,0
1753821900000,3749.00,3750.42,3745.88,3746.78,1347.866,1753821959999,5052082.22005,3019,804.819,3016948.55598,0
1753821960000,3746.78,3749.72,3743.50,3749.72,1859.752,1753822019999,6967258.79746,3140,875.483,3279948.31295,0
1753822020000,3749.72,3752.18,3749.58,3751.54,2644.281,1753822079999,9918525.29410,3998,1186.187,4449209.93298,0
1753822080000,3751.55,3752.66,3749.97,3750.23,1955.160,1753822139999,7333130.42365,2624,1559.642,5849589.33623,0
1753822140000,3750.23,3755.33,3750.23,3754.96,3329.835,1753822199999,12495914.57909,3425,2016.789,7569865.50452,0
1753822200000,3754.96,3758.16,3752.48,3754.45,2281.190,1753822259999,8567010.01631,4141,1498.599,5628416.26076,0
1753822260000,3754.46,3754.69,3749.85,3749.87,1207.298,1753822319999,4529935.12187,2742,452.479,1697636.14994,0
1753822320000,3749.87,3752.50,3749.28,3749.63,1326.509,1753822379999,4975599.85212,3122,707.486,2653659.69526,0
1753822380000,3749.63,3753.03,3749.63,3752.21,1463.794,1753822439999,5491221.49954,2272,1096.107,4111612.91746,0
1753822440000,3752.22,3754.00,3751.58,3752.29,1213.713,1753822499999,4554601.33768,2074,578.865,2172125.69335,0
1753822500000,3752.25,3756.15,3751.40,3755.52,1217.153,1753822559999,4568706.95607,3010,881.773,3309720.28234,0
1753822560000,3755.53,3755.53,3753.38,3755.35,997.096,1753822619999,3743478.70155,2295,478.140,1795105.26566,0
1753822620000,3755.35,3756.24,3754.52,3754.94,897.723,1753822679999,3371429.90306,2309,433.529,1628131.72297,0
1753822680000,3754.94,3758.20,3754.09,3758.19,1278.412,1753822739999,4801797.34232,2278,767.719,2883633.41741,0
1753822740000,3758.19,3763.80,3757.00,3763.8,3773.026,1753822799999,14188253.99092,4128,2688.941,10111189.19387,0
1753822800000,3763.81,3765.83,3760.02,3761.84,2957.082,1753822859999,11126099.54911,4238,819.307,3082782.81340,0
1753822860000,3761.84,3761.84,3758.55,3760.99,3196.718,1753822919999,12019953.00275,1938,762.957,2868678.22700,0
1753822920000,3761.00,3761.91,3758.42,3761.56,1772.303,1753822979999,6664770.13214,2349,471.125,1771496.74595,0
1753822980000,3761.55,3764.70,3761.00,3762.23,1270.348,1753823039999,4779867.41529,2429,546.899,2057563.22657,0
1753823040000,3762.24,3763.09,3757.06,3758.33,1962.938,1753823099999,7379791.71535,3084,357.353,1343431.90150,0
1753823100000,3758.32,3759.65,3751.70,3755.97,5221.866,1753823159999,19608962.71757,5173,812.384,3050948.82648,0
1753823160000,3755.97,3761.00,3755.97,3760.49,2846.592,1753823219999,10699262.91605,3935,2172.901,8166930.51119,0
1753823220000,3760.49,3763.49,3758.60,3758.97,5225.801,1753823279999,19655223.13139,4468,2541.488,9559482.05262,0
1753823280000,3758.97,3760.15,3757.64,3760.15,1244.901,1753823339999,4679402.94308,2221,524.208,1970390.85521,0
1753823340000,3760.15,3761.84,3759.16,3761.83,491.773,1753823399999,1849134.46070,1086,240.135,902986.14173,0
1753823400000,3761.83,3764.75,3761.83,3764.18,4583.089,1753823459999,17247549.23029,4002,3791.978,14270595.11985,0
1753823460000,3764.19,3767.38,3763.36,3766.78,1328.998,1753823519999,5004085.44669,2086,1024.298,3856833.37836,0
1753823520000,3766.79,3767.99,3765.24,3767.99,1171.537,1753823579999,4412502.65159,2468,577.993,2176833.43848,0
1753823580000,3768.00,3768.49,3765.61,3766.38,1288.442,1753823639999,4853305.23785,1764,301.368,1135288.63112,0
1753823640000,3766.39,3767.87,3765.93,3766.69,975.556,1753823699999,3674380.69197,1452,664.481,2502623.27928,0
1753823700000,3766.69,3767.99,3764.21,3767.99,2162.565,1753823759999,8143771.38215,2676,685.415,2581204.20992,0
1753823760000,3767.99,3767.99,3764.64,3767.0,2131.235,1753823819999,8028169.16580,2161,351.533,1324080.60566,0
1753823820000,3767.01,3769.69,3767.01,3768.0,1340.322,1753823879999,5050980.07860,2168,701.493,2643598.70135,0
1753823880000,3768.01,3771.38,3768.01,3771.37,3123.551,1753823939999,11775760.20814,3349,1146.371,4321681.11975,0
1753823940000,3771.34,3771.34,3766.66,3766.66,1618.046,1753823999999,6098211.18395,1745,391.556,1475608.89705,0
1753824000000,3766.66,3766.75,3760.51,3761.09,3548.061,1753824059999,13354478.54166,3456,512.712,1929524.10395,0
1753824060000,3761.10,3764.55,3761.10,3763.41,1256.790,1753824119999,4729398.47556,2666,513.832,1933586.64708,0
1753824120000,3763.41,3764.84,3760.00,3762.09,1140.321,1753824179999,4290124.91589,2867,405.522,1525862.14456,0
1753824180000,3762.08,3762.92,3760.42,3760.47,880.548,1753824239999,3311996.61114,1572,195.953,737099.59559,0
1753824240000,3760.48,3762.84,3760.44,3760.44,758.228,1753824299999,2852131.07305,1544,444.298,1671235.98498,0
1753824300000,3760.44,3763.93,3760.44,3761.43,684.650,1753824359999,2576381.57423,1397,149.543,562678.65252,0
1753824360000,3761.43,3761.52,3757.00,3757.87,1122.998,1753824419999,4220900.44318,2013,521.559,1960181.14373,0
1753824420000,3757.87,3759.47,3757.00,3759.14,1199.765,1753824479999,4508329.65291,1333,875.604,3290313.64802,0
1753824480000,3759.14,3765.61,3759.13,3765.61,2270.893,1753824539999,8547345.35526,2090,1949.562,7337658.62923,0
1753824540000,3765.61,3765.61,3761.99,3762.19,1246.108,1753824599999,4690614.29027,2036,410.625,1545568.92668,0
1753824600000,3762.18,3762.18,3759.75,3760.48,636.511,1753824659999,2393627.75636,1899,267.400,1005521.16186,0
1753824660000,3760.47,3765.17,3760.47,3765.17,674.880,1753824719999,2539656.87426,1455,549.942,2069677.14653,0
1753824720000,3765.17,3766.43,3764.14,3766.39,866.819,1753824779999,3263927.77158,1628,495.958,1867482.04402,0
1753824780000,3766.40,3769.41,3765.78,3769.25,1048.305,1753824839999,3949315.37734,2406,557.955,2102024.33645,0
1753824840000,3769.24,3770.62,3768.53,3770.0,1151.626,1753824899999,4341570.43716,2123,629.276,2372217.31886,0
1753824900000,3770.00,3770.01,3768.10,3768.46,970.918,1753824959999,3659279.16509,1565,291.762,1099540.57805,0
1753824960000,3768.45,3768.47,3768.20,3768.31,363.541,1753825019999,1369954.45794,429,51.132,192685.85384,0
1753825020000,3768.31,3768.31,3762.51,3763.43,2669.319,1753825079999,10050611.56837,2961,230.366,867629.02822,0
1753825080000,3763.44,3766.53,3763.43,3766.53,191.498,1753825139999,720833.51348,1069,114.564,431280.38704,0
1753825140000,3766.52,3767.82,3765.66,3767.79,558.658,1753825199999,2104241.25411,1057,260.633,981795.91370,0
1753825200000,3767.80,3771.66,3767.50,3768.11,3237.598,1753825259999,12205276.87770,3484,2762.671,10415070.83004,0
1753825260000,3768.11,3768.69,3764.26,3764.27,1192.458,1753825319999,4491903.70357,1728,400.690,1509294.74131,0
1753825320000,3764.26,3765.77,3764.26,3765.76,595.218,1753825379999,2241047.21792,673,538.954,2029210.17357,0
1753825380000,3765.77,3766.05,3762.55,3763.29,1234.252,1753825439999,4646742.59006,1428,333.532,1255406.28482,0
1753825440000,3763.28,3763.29,3758.22,3761.56,3104.908,1753825499999,11675159.98867,3022,304.238,1143919.72461,0
1753825500000,3761.56,3763.29,3761.56,3763.29,423.302,1753825559999,1592760.13769,625,246.970,929204.04662,0
1753825560000,3763.28,3763.91,3763.28,3763.9,126.713,1753825619999,476875.32823,453,78.333,294800.82679,0
1753825620000,3763.91,3768.61,3763.91,3768.56,283.848,1753825679999,1068912.94142,1374,260.835,982229.40363,0
1753825680000,3768.57,3771.00,3768.57,3771.0,580.494,1753825739999,2188568.41567,1180,435.484,1641849.97178,0
1753825740000,3771.00,3774.00,3770.99,3772.11,1750.984,1753825799999,6606639.57016,4044,1062.403,4008494.20832,0
1753825800000,3772.10,3773.41,3771.14,3773.01,700.839,1753825859999,2643992.43479,1177,355.297,1340326.12811,0
1753825860000,3773.01,3775.62,3773.01,3775.62,1304.467,1753825919999,4923433.05796,2408,665.684,2512603.53167,0
1753825920000,3775.62,3779.13,3774.26,3779.13,3375.826,1753825979999,12751517.51007,9522,2256.202,8522923.19875,0
1753825980000,3779.12,3779.13,3776.28,3776.98,1937.426,1753826039999,7318428.39272,5911,404.287,1527112.37382,0
1753826040000,3776.98,3778.80,3776.97,3778.79,375.073,1753826099999,1416988.75447,970,263.524,995540.38845,0
1753826100000,3778.80,3778.80,3775.93,3776.38,1278.136,1753826159999,4828122.69619,1794,228.853,864419.85168,0
1753826160000,3776.38,3778.75,3776.38,3778.75,414.930,1753826219999,1567295.38872,964,249.706,943228.86705,0
1753826220000,3778.75,3784.03,3778.75,3784.03,3002.768,1753826279999,11354660.09322,5608,2548.283,9636160.88240,0
1753826280000,3784.03,3784.12,3780.12,3782.71,2814.346,1753826339999,10645069.65464,3910,1219.770,4613808.28573,0
1753826340000,3782.70,3782.70,3779.30,3779.41,2083.526,1753826399999,7877050.46923,2184,901.631,3408918.35774,0
1753826400000,3779.41,3780.72,3779.04,3779.79,1412.820,1753826459999,5340088.96359,2342,577.476,2182779.13608,0
1753826460000,3779.79,3784.12,3778.70,3783.67,6026.856,1753826519999,22797360.73309,3238,2170.457,8209657.64488,0
1753826520000,3783.68,3785.18,3781.08,3784.59,6748.268,1753826579999,25530276.10165,6600,2373.052,8978494.23321,0
1753826580000,3784.60,3786.12,3774.19,3775.35,12900.448,1753826639999,48780498.10922,9242,2631.990,9951474.19905,0
1753826640000,3775.35,3775.36,3769.13,3770.87,5908.749,1753826699999,22281390.76742,4906,3293.310,12418028.86035,0
1753826700000,3770.87,3773.46,3770.29,3772.99,1870.404,1753826759999,7055318.61530,3791,1034.095,3900499.98451,0
1753826760000,3773.00,3776.24,3772.99,3776.23,822.036,1753826819999,3102489.62486,1625,512.504,1934269.77026,0
1753826820000,3776.23,3777.66,3775.00,3776.0,1413.146,1753826879999,5337240.03396,2758,703.734,2657836.03016,0
1753826880000,3776.01,3776.69,3774.49,3774.49,537.044,1753826939999,2027786.40824,1299,127.666,482062.47040,0
1753826940000,3774.48,3775.60,3771.35,3771.83,1105.882,1753826999999,4172784.01448,2387,452.282,1706685.56195,0
1753827000000,3771.82,3773.97,3771.18,3773.42,2184.312,1753827059999,8240028.11165,3035,1429.519,5392509.19187,0
1753827060000,3773.42,3773.43,3770.65,3771.52,709.452,1753827119999,2676090.79703,1426,184.804,697039.25136,0
1753827120000,3771.52,3773.91,3766.80,3767.8,4424.540,1753827179999,16677842.75123,4863,1181.072,4451786.18203,0
1753827180000,3767.80,3767.96,3756.55,3760.2,16286.368,1753827239999,61262419.98928,10610,5064.552,19040721.06529,0
1753827240000,3760.19,3761.78,3760.19,3761.78,1367.143,1753827299999,5141809.81185,1969,771.942,2903256.23532,0
1753827300000,3761.78,3764.76,3761.77,3762.56,1778.916,1753827359999,6694785.37413,2776,829.967,3123579.97586,0
1753827360000,3762.56,3766.63,3762.18,3764.97,1964.806,1753827419999,7396569.36068,2337,1253.630,4719490.60516,0
1753827420000,3764.96,3768.49,3764.96,3767.46,1555.670,1753827479999,5860240.74726,2214,1031.733,3886344.80853,0
1753827480000,3767.47,3769.70,3765.11,3765.61,2219.891,1753827539999,8364069.94059,2939,1007.378,3796368.53141,0
1753827540000,3765.61,3769.72,3764.32,3769.71,1613.110,1753827599999,6077197.68858,2176,1182.103,4454083.97713,0
1753827600000,3769.72,3774.49,3769.70,3774.31,2914.574,1753827659999,10995381.48372,3894,2249.439,8486015.49020,0
1753827660000,3774.30,3774.57,3773.00,3773.62,571.187,1753827719999,2155647.08561,1413,331.217,1250012.96474,0
1753827720000,3773.61,3774.24,3772.68,3773.01,528.715,1753827779999,1995020.94025,1383,249.999,943329.85168,0
1753827780000,3773.01,3775.73,3773.01,3775.29,906.180,1753827839999,3420532.05319,2337,452.054,1706350.64995,0
1753827840000,3775.30,3778.12,3774.54,3778.12,852.833,1753827899999,3220868.43903,1708,524.280,1980059.36578,0
1753827900000,3778.12,3780.15,3777.44,3778.17,2210.922,1753827959999,8354827.44712,3318,1482.944,5603931.40307,0
1753827960000,3778.18,3778.18,3776.76,3777.17,778.606,1753828019999,2941251.72645,1264,296.293,1119258.76777,0
1753828020000,3777.18,3778.48,3774.32,3774.57,1179.232,1753828079999,4453231.59473,2106,343.614,1297835.33851,0
1753828080000,3774.56,3776.34,3773.01,3776.34,1159.428,1753828139999,4376612.76566,1786,688.372,2598586.45599,0
1753828140000,3776.33,3780.24,3776.09,3780.17,1479.286,1753828199999,5589265.87376,1955,1169.790,4419749.28396,0
1753828200000,3780.16,3780.19,3777.11,3780.19,5066.768,1753828259999,19145988.53793,3154,693.996,2622701.46479,0
1753828260000,3780.18,3782.41,3780.18,3782.04,1629.465,1753828319999,6161877.43426,2264,1230.248,4652231.67433,0
1753828320000,3782.05,3782.43,3778.83,3779.72,1445.330,1753828379999,5465229.46566,2317,439.839,1663148.33224,0
1753828380000,3779.72,3779.73,3777.63,3779.45,747.658,1753828439999,2825095.33360,2069,194.941,736598.85211,0
1753828440000,3779.46,3779.79,3778.00,3778.0,424.620,1753828499999,1604570.43550,1117,57.888,218743.56676,0
1753828500000,3778.01,3780.86,3778.00,3778.46,1407.825,1753828559999,5320119.80236,2296,1140.891,4311300.22061,0
1753828560000,3778.46,3779.44,3777.59,3778.82,674.039,1753828619999,2546897.81749,1751,228.131,861992.16546,0
1753828620000,3778.81,3781.47,3778.81,3780.63,878.924,1753828679999,3322485.76447,1662,604.980,2286987.32938,0
1753828680000,3780.63,3783.28,3780.07,3783.28,783.149,1753828739999,2961303.50614,2537,548.511,2074072.54323,0
1753828740000,3783.29,3783.33,3781.76,3782.07,738.761,1753828799999,2794597.57898,1348,182.444,690099.93910,0
1753828800000,3782.08,3783.10,3781.40,3783.1,1010.991,1753828859999,3823723.79924,1521,478.711,1810599.55727,0
1753828860000,3783.09,3784.95,3782.52,3783.71,2120.806,1753828919999,8024960.58905,3009,1348.104,5101154.31575,0
1753828920000,3783.71,3785.00,3783.20,3784.26,1365.790,1753828979999,5168228.98626,1840,562.736,2129524.44426,0
1753828980000,3784.25,3784.81,3783.82,3784.03,1013.981,1753829039999,3837275.04530,1150,587.164,2222069.22443,0
1753829040000,3784.03,3784.76,3781.62,3782.99,1129.094,1753829099999,4271618.10271,1629,505.200,1911291.25747,0
1753829100000,3783.00,3783.35,3781.44,3781.71,1139.089,1753829159999,4308341.17016,1498,257.314,973146.76840,0
1753829160000,3781.72,3785.94,3781.72,3785.29,1597.790,1753829219999,6047165.09693,2227,899.302,3403294.97366,0
1753829220000,3785.29,3787.38,3785.29,3787.38,3898.700,1753829279999,14762040.02019,2983,3189.627,12077164.26185,0
1753829280000,3787.38,3787.79,3785.91,3787.79,1528.016,1753829339999,5786563.49122,2013,555.014,2101665.24339,0
1753829340000,3787.80,3789.65,3786.83,3787.43,1879.676,1753829399999,7120411.44765,3387,1366.855,5177965.38427,0
1753829400000,3787.44,3789.88,3787.13,3788.84,1530.964,1753829459999,5800334.13797,2366,1190.051,4508944.06343,0
1753829460000,3788.85,3792.94,3788.36,3792.2,3932.724,1753829519999,14908217.88796,5195,3061.663,11606435.21189,0
1753829520000,3792.20,3793.00,3788.56,3789.57,4634.894,1753829579999,17568901.19314,4580,1693.788,6421440.79100,0
1753829580000,3789.57,3790.87,3789.47,3789.72,766.067,1753829639999,2903418.68226,1435,290.781,1102063.99101,0
1753829640000,3789.72,3789.73,3788.06,3788.39,1454.256,1753829699999,5510023.29919,1838,703.443,2665429.28227,0
1753829700000,3788.39,3791.72,3788.39,3791.72,1661.995,1753829759999,6299144.38606,1773,1111.159,4211062.57698,0
1753829760000,3791.71,3793.61,3791.15,3791.15,1793.194,1753829819999,6800713.02949,3263,882.758,3347851.94924,0
1753829820000,3791.16,3791.48,3789.02,3790.2,1330.278,1753829879999,5041621.37704,1884,777.527,2946487.57625,0
1753829880000,3790.21,3790.86,3789.62,3790.17,1315.413,1753829939999,4985616.26809,1631,208.875,791645.54120,0
1753829940000,3790.18,3790.55,3789.32,3790.54,786.231,1753829999999,2979944.11015,1402,291.016,1103004.00364,0
1753830000000,3790.54,3790.68,3788.67,3789.99,1158.179,1753830059999,4389290.06437,1874,322.000,1220201.20065,0
1753830060000,3789.98,3791.84,3788.04,3788.09,779.489,1753830119999,2954286.69657,1962,309.055,1171277.32697,0
1753830120000,3788.09,3788.88,3786.80,3788.88,1809.819,1753830179999,6854956.36869,2346,480.283,1819033.63374,0
1753830180000,3788.89,3790.00,3787.69,3789.61,1024.463,1753830239999,3881901.33686,1461,447.948,1697385.23820,0
1753830240000,3789.62,3789.62,3787.20,3787.54,1256.789,1753830299999,4760661.36348,1524,338.894,1283642.18927,0
1753830300000,3787.54,3787.65,3784.30,3787.64,2371.292,1753830359999,8976517.32722,2744,838.051,3172332.97337,0
1753830360000,3787.64,3787.71,3782.01,3782.94,2701.135,1753830419999,10223258.49697,3087,1333.287,5046381.78717,0
1753830420000,3782.94,3784.65,3781.64,3784.65,1949.558,1753830479999,7374204.47878,2200,1025.520,3879175.78168,0
1753830480000,3784.65,3787.53,3784.03,3787.23,5880.210,1753830539999,22256419.01190,2120,5348.499,20243672.77843,0
1753830540000,3787.23,3787.99,3785.93,3787.99,582.494,1753830599999,2205703.87243,1464,292.087,1105990.92933,0
1753830600000,3788.00,3789.74,3787.64,3788.18,1300.747,1753830659999,4927727.33360,1517,729.962,2765341.92070,0
1753830660000,3788.18,3789.82,3787.27,3789.13,984.569,1753830719999,3730552.41506,1437,640.634,2427479.77367,0
1753830720000,3789.14,3789.82,3788.81,3789.54,1999.979,1753830779999,7579259.71203,1282,1336.947,5066712.04518,0
1753830780000,3789.53,3792.51,3786.95,3786.95,5591.982,1753830839999,21192854.29998,4149,3960.351,15009152.79680,0
1753830840000,3786.95,3786.95,3784.23,3784.23,749.570,1753830899999,2837603.36170,1733,184.316,697696.15079,0
1753830900000,3784.24,3787.86,3784.24,3786.1,1007.149,1753830959999,3813249.13186,2366,586.432,2220277.37315,0
1753830960000,3786.10,3786.11,3783.50,3785.14,1171.355,1753831019999,4432892.67112,2099,396.704,1501289.25006,0
1753831020000,3785.14,3785.15,3782.90,3783.55,481.013,1753831079999,1820356.71164,1614,158.760,600764.99046,0
1753831080000,3783.56,3788.00,3782.79,3787.83,912.381,1753831139999,3453138.79183,1980,533.784,2020461.75475,0
1753831140000,3787.83,3791.42,3787.24,3791.02,1548.570,1753831199999,5869004.67313,3067,1103.884,4183629.39625,0
1753831200000,3791.02,3793.97,3790.56,3792.68,2291.148,1753831259999,8689180.72661,3403,1770.399,6714140.39194,0
1753831260000,3792.68,3793.12,3791.18,3791.99,1111.028,1753831319999,4213206.13530,1704,285.463,1082512.42577,0
1753831320000,3791.99,3792.11,3791.17,3791.17,739.915,1753831379999,2805469.60194,938,349.797,1326301.10831,0
1753831380000,3791.17,3792.61,3790.01,3791.43,605.065,1753831439999,2293843.19086,1781,311.920,1182528.44140,0
1753831440000,3791.43,3791.44,3790.46,3791.12,409.358,1753831499999,1551883.09042,924,156.696,594020.64481,0
1753831500000,3791.13,3791.13,3787.61,3787.72,955.511,1753831559999,3620417.05903,1835,164.350,622940.20090,0
1753831560000,3787.72,3790.27,3787.66,3789.56,559.880,1753831619999,2121584.63869,1271,344.970,1307196.84527,0
1753831620000,3789.55,3790.00,3789.00,3789.01,285.656,1753831679999,1082486.58028,734,159.623,604892.76150,0
1753831680000,3789.01,3789.80,3787.46,3788.87,621.437,1753831739999,2354312.25254,1425,246.868,935240.35562,0
1753831740000,3788.87,3790.00,3788.87,3789.18,634.377,1753831799999,2403983.91648,869,221.895,840897.38876,0
1753831800000,3789.18,3792.11,3788.30,3792.11,875.539,1753831859999,3318232.06850,1623,709.598,2689434.94088,0
1753831860000,3792.11,3794.66,3791.52,3794.65,1212.930,1753831919999,4600425.42897,1833,887.885,3367721.73152,0
1753831920000,3794.65,3795.79,3792.38,3792.39,5436.622,1753831979999,20628438.90947,4104,4298.503,16310405.94711,0
1753831980000,3792.39,3793.26,3789.41,3789.41,879.980,1753832039999,3336901.63101,1951,446.491,1693313.68662,0
1753832040000,3789.42,3791.61,3787.82,3788.56,2488.033,1753832099999,9428898.60983,3521,458.118,1736207.90955,0
1753832100000,3788.56,3792.00,3788.56,3790.72,841.906,1753832159999,3191422.39753,1401,291.934,1106470.94096,0
1753832160000,3790.73,3793.64,3790.01,3793.64,668.667,1753832219999,2535247.22593,1383,340.637,1291642.81321,0
1753832220000,3793.64,3794.02,3792.67,3793.99,851.670,1753832279999,3230738.12732,1563,359.008,1361822.94428,0
1753832280000,3794.00,3795.45,3793.62,3794.87,2179.886,1753832339999,8271716.00483,2090,314.446,1193135.79983,0
1753832340000,3794.87,3799.78,3794.27,3796.19,7323.241,1753832399999,27807458.37574,6456,4964.328,18851849.49947,0
1753832400000,3796.20,3796.70,3791.00,3791.26,2567.176,1753832459999,9741168.20332,3167,493.666,1873637.24122,0
1753832460000,3791.26,3791.56,3787.14,3787.41,1432.338,1753832519999,5427653.17477,2575,474.161,1796796.21943,0
1753832520000,3787.42,3788.74,3786.42,3786.95,2302.733,1753832579999,8721936.77854,2560,1308.818,4957432.84945,0
1753832580000,3786.96,3787.39,3786.00,3787.38,1574.676,1753832639999,5962704.14443,1778,576.301,2182293.25936,0
1753832640000,3787.38,3787.38,3783.43,3783.58,2408.507,1753832699999,9115879.24374,2862,800.340,3029040.27884,0
1753832700000,3783.57,3785.70,3781.61,3783.36,8073.168,1753832759999,30543166.53165,5052,4511.479,17069876.33377,0
1753832760000,3783.36,3784.71,3782.50,3784.38,1025.546,1753832819999,3880419.03294,1979,622.290,2354501.48114,0
1753832820000,3784.38,3787.13,3784.37,3787.04,1562.694,1753832879999,5916350.93340,1612,1199.797,4542294.27419,0
1753832880000,3787.05,3788.26,3786.76,3786.77,1041.376,1753832939999,3944102.91915,1363,460.891,1745550.31410,0
1753832940000,3786.77,3788.26,3786.41,3788.24,703.021,1753832999999,2662522.56558,1081,495.342,1875944.56411,0
1753833000000,3788.25,3788.25,3785.80,3787.58,647.543,1753833059999,2452034.48606,1456,295.683,1119552.73731,0
1753833060000,3787.58,3787.58,3784.18,3784.18,1077.308,1753833119999,4078692.51590,1857,167.254,633172.61036,0
1753833120000,3784.19,3785.81,3784.18,3784.51,1176.049,1753833179999,4450979.89531,1246,841.352,3184106.10969,0
1753833180000,3784.52,3784.52,3783.21,3784.43,1162.432,1753833239999,4398407.82945,1748,559.864,2118348.10184,0
1753833240000,3784.42,3790.71,3784.42,3790.7,5526.810,1753833299999,20937621.46038,4591,4844.170,18350790.08641,0
1753833300000,3790.70,3792.84,3790.69,3790.83,2789.291,1753833359999,10576852.15051,2474,1873.050,7102213.75333,0
1753833360000,3790.84,3791.62,3790.31,3791.06,559.960,1753833419999,2122828.59587,1050,275.527,1044502.81597,0
1753833420000,3791.07,3791.94,3790.45,3791.76,890.465,1753833479999,3376031.25985,1161,530.415,2010908.30538,0
1753833480000,3791.76,3793.00,3791.76,3792.94,975.929,1753833539999,3701247.86075,1087,723.022,2742078.90099,0
1753833540000,3792.94,3792.94,3791.55,3791.55,618.899,1753833599999,2347027.90944,998,258.670,980975.27097,0
1753833600000,3791.55,3792.83,3790.27,3790.74,1191.639,1753833659999,4518145.37002,2551,555.402,2105797.57479,0
1753833660000,3790.75,3791.08,3786.82,3787.28,3001.732,1753833719999,11371688.38498,3433,408.476,1547548.15211,0
1753833720000,3787.28,3787.68,3784.04,3786.46,6029.635,1753833779999,22829296.75808,4707,600.250,2272589.85903,0
1753833780000,3786.46,3787.00,3785.32,3785.33,963.911,1753833839999,3649517.73026,1939,435.816,1650080.72385,0
1753833840000,3785.32,3786.30,3783.84,3785.2,1167.772,1753833899999,4420015.36797,1695,648.036,2452807.80002,0
1753833900000,3785.20,3785.20,3783.16,3783.16,1916.111,1753833959999,7251889.82801,2210,627.333,2374294.59064,0
1753833960000,3783.17,3783.28,3778.50,3781.61,7664.227,1753834019999,28976494.82436,6027,3099.739,11720022.99113,0
1753834020000,3781.61,3783.76,3777.17,3783.71,8204.261,1753834079999,31018759.77598,6116,3915.460,14806993.78386,0
1753834080000,3783.71,3783.71,3781.12,3781.37,790.922,1753834139999,2991215.68862,1477,381.114,1441230.39609,0
1753834140000,3781.37,3782.57,3781.10,3781.1,2217.609,1753834199999,8386080.37915,1675,1229.966,4651147.76305,0
1753834200000,3781.11,3782.02,3779.21,3779.62,1150.939,1753834259999,4350815.20217,2089,327.410,1237802.47910,0
1753834260000,3779.63,3781.00,3776.00,3780.99,5808.617,1753834319999,21943043.00587,4663,2632.171,9944743.76916,0
1753834320000,3781.00,3787.65,3781.00,3787.65,3408.178,1753834379999,12900404.87569,4816,2267.237,8581338.33595,0
1753834380000,3787.65,3789.62,3787.56,3787.96,1806.473,1753834439999,6844259.78042,2606,1158.684,4389952.20993,0
1753834440000,3787.96,3788.80,3785.24,3786.47,1426.289,1753834499999,5401228.03497,2279,385.917,1461606.96499,0
1753834500000,3786.48,3788.69,3785.98,3788.41,765.157,1753834559999,2897934.78367,2233,468.591,1774664.43713,0
1753834560000,3788.41,3789.00,3787.21,3788.99,765.037,1753834619999,2897960.39018,1779,337.878,1279825.58958,0
1753834620000,3789.00,3789.00,3786.61,3788.37,1117.329,1753834679999,4232681.00836,2621,281.688,1067045.92480,0
1753834680000,3788.38,3788.42,3784.80,3784.8,1354.445,1753834739999,5128799.14645,2104,472.505,1789194.32948,0
1753834740000,3784.81,3786.18,3780.08,3780.48,2032.443,1753834799999,7689744.11061,3108,323.394,1223404.43927,0
1753834800000,3780.49,3782.69,3780.49,3781.0,950.670,1753834859999,3595181.86941,2046,387.678,1466019.77700,0
1753834860000,3780.99,3781.00,3775.34,3775.36,2437.274,1753834919999,9208394.78470,3738,677.930,2561152.04235,0
1753834920000,3775.35,3775.62,3770.05,3771.84,7853.044,1753834979999,29627317.94179,8519,3130.072,11808860.14714,0
1753834980000,3771.85,3774.86,3771.85,3773.12,1459.459,1753835039999,5506942.74515,2608,1007.943,3803227.98079,0
1753835040000,3773.13,3775.58,3772.13,3774.69,2533.516,1753835099999,9560483.74848,3159,1396.266,5268934.43115,0
1753835100000,3774.69,3775.48,3773.11,3775.48,1985.944,1753835159999,7495602.08684,3110,915.871,3456652.63480,0
1753835160000,3775.48,3776.85,3772.17,3773.88,3360.609,1753835219999,12683538.72671,2723,1411.758,5329040.27803,0
1753835220000,3773.88,3775.15,3771.14,3772.13,3259.670,1753835279999,12297987.52359,3370,1245.818,4699872.31826,0
1753835280000,3772.14,3772.42,3768.45,3769.35,2407.232,1753835339999,9076216.30973,4091,760.034,2866094.76471,0
1753835340000,3769.35,3771.21,3769.35,3769.57,1953.763,1753835399999,7365965.38514,2195,977.458,3685053.01527,0
1753835400000,3769.57,3770.59,3763.11,3770.58,7546.733,1753835459999,28423553.70619,9124,2218.282,8355637.54009,0
1753835460000,3770.59,3774.17,3770.59,3772.99,1688.468,1753835519999,6369882.40431,3879,917.045,3459512.89593,0
1753835520000,3773.00,3774.29,3772.38,3773.61,2138.675,1753835579999,8070940.43588,3062,766.384,2892092.96303,0
1753835580000,3773.61,3773.80,3764.70,3764.71,2621.721,1753835639999,9880045.44460,4514,964.373,3634897.83201,0
1753835640000,3764.71,3765.60,3760.84,3761.73,6829.826,1753835699999,25699917.52671,6554,2919.358,10987244.48937,0
1753835700000,3761.74,3767.32,3761.74,3766.02,6461.957,1753835759999,24328769.60678,4480,4276.310,16097790.37758,0
1753835760000,3766.03,3766.97,3762.27,3763.93,1226.905,1753835819999,4618722.16371,2464,573.609,2159187.11225,0
1753835820000,3763.92,3765.63,3763.09,3763.32,1593.311,1753835879999,5997549.48066,2038,1000.920,3767660.60691,0
1753835880000,3763.31,3765.00,3763.16,3764.95,2042.512,1753835939999,7688155.40087,2916,1564.572,5889075.33426,0
1753835940000,3764.95,3764.95,3762.75,3764.9,1381.651,1753835999999,5200195.10834,2555,646.574,2433554.92400,0
1753836000000,3764.89,3766.53,3762.76,3762.76,1759.724,1753836059999,6625530.42298,2878,1055.836,3975862.62008,0
1753836060000,3762.76,3765.00,3757.62,3765.0,5654.429,1753836119999,21257277.26314,6264,1745.046,6561442.81492,0
1753836120000,3765.00,3765.00,3761.43,3761.53,1443.999,1753836179999,5434063.92500,2665,567.231,2134587.47386,0
1753836180000,3761.52,3764.60,3758.94,3764.4,2572.685,1753836239999,9675596.82100,3896,1660.421,6244894.11393,0
1753836240000,3764.39,3765.64,3762.75,3765.24,1717.775,1753836299999,6465568.98701,2575,1247.174,4694286.32611,0
1753836300000,3765.24,3767.96,3761.75,3761.75,1851.058,1753836359999,6970654.78992,3620,890.007,3352238.09537,0
1753836360000,3761.76,3762.52,3758.12,3758.76,2010.709,1753836419999,7559755.54422,3112,754.183,2835420.50350,0
1753836420000,3758.76,3760.10,3758.00,3758.87,1927.231,1753836479999,7244503.20915,2785,1044.219,3925280.07272,0
1753836480000,3758.87,3760.56,3758.07,3758.84,1816.630,1753836539999,6828701.85690,2495,1016.702,3821713.01313,0
1753836540000,3758.83,3759.28,3755.30,3755.91,2309.836,1753836599999,8676695.66985,3616,943.227,3543288.76209,0
1753836600000,3755.91,3757.44,3753.69,3754.23,4823.871,1753836659999,18114774.59658,5438,1320.209,4957953.13468,0
1753836660000,3754.23,3756.66,3753.95,3755.8,2028.405,1753836719999,7616850.75107,3070,1557.987,5850397.12223,0
1753836720000,3755.79,3764.77,3754.72,3764.35,8415.512,1753836779999,31644799.40486,6346,7142.095,26856838.97246,0
1753836780000,3764.34,3768.79,3762.54,3768.6,7232.939,1753836839999,27239006.18371,6429,4833.910,18203920.96153,0
1753836840000,3768.60,3768.80,3765.80,3765.84,1522.513,1753836899999,5736263.03438,2210,548.310,2065880.47968,0
1753836900000,3765.84,3775.10,3765.25,3774.37,4869.541,1753836959999,18368067.30675,5659,3516.537,13263660.32726,0
1753836960000,3774.36,3775.00,3773.05,3774.4,5842.348,1753837019999,22050161.32184,3134,1371.239,5175253.59079,0
1753837020000,3774.40,3775.00,3773.00,3773.53,1380.896,1753837079999,5211657.89478,2508,990.096,3736819.07257,0
1753837080000,3773.53,3773.83,3772.16,3772.47,1299.000,1753837139999,4901104.29159,2253,764.154,2883167.09645,0
1753837140000,3772.48,3773.78,3771.83,3773.34,936.641,1753837199999,3533506.56112,1492,475.735,1794798.26435,0
1753837200000,3773.33,3774.99,3772.63,3774.98,757.918,1753837259999,2860047.04664,2160,521.798,1969040.03428,0
1753837260000,3774.99,3775.98,3774.20,3775.98,1022.317,1753837319999,3859453.20631,2076,799.234,3017233.67606,0
1753837320000,3775.97,3775.98,3774.22,3775.6,1463.331,1753837379999,5524410.32562,1911,760.972,2872797.62284,0
1753837380000,3775.59,3775.59,3773.08,3775.39,1147.816,1753837439999,4331750.37184,1896,494.422,1866008.31553,0
1753837440000,3775.39,3778.67,3775.14,3778.14,2136.018,1753837499999,8067581.59349,2742,1476.808,5577736.16228,0
1753837500000,3778.15,3779.54,3777.63,3778.56,2122.421,1753837559999,8019782.03663,2551,1766.670,6675471.45879,0
1753837560000,3778.57,3779.63,3776.48,3778.28,2999.155,1753837619999,11332060.22502,2508,1094.169,4134242.04229,0
1753837620000,3778.28,3780.65,3778.16,3780.0,1469.305,1753837679999,5553086.64561,2170,1024.492,3871948.53036,0
1753837680000,3780.00,3781.00,3777.94,3777.94,976.861,1753837739999,3692318.85584,2065,564.215,2132731.68131,0
1753837740000,3777.94,3778.00,3775.50,3776.58,1626.104,1753837799999,6141435.08552,2394,491.503,1856290.07252,0
1753837800000,3776.57,3776.58,3770.00,3772.92,2707.450,1753837859999,10212820.66027,4499,1236.384,4663359.59202,0
1753837860000,3772.92,3780.20,3772.67,3779.72,1961.512,1753837919999,7408151.51077,3799,1267.290,4786120.86296,0
1753837920000,3779.72,3780.10,3776.84,3780.09,1055.307,1753837979999,3987670.43689,2446,485.709,1835263.87233,0
1753837980000,3780.10,3783.78,3779.65,3783.78,3059.280,1753838039999,11569557.80916,3580,2173.786,8220829.88248,0
1753838040000,3783.78,3783.99,3780.00,3780.7,1690.171,1753838099999,6391621.59313,2989,556.786,2105582.59000,0
1753838100000,3780.70,3782.32,3779.00,3780.53,1280.912,1753838159999,4842799.90745,2264,581.800,2199612.85973,0
1753838160000,3780.53,3780.54,3771.60,3771.6,1879.366,1753838219999,7095919.21752,4027,366.871,1385048.75085,0
1753838220000,3771.61,3773.37,3767.11,3768.31,2651.681,1753838279999,9998646.16401,4367,840.139,3168372.15358,0
1753838280000,3768.32,3768.32,3760.19,3760.2,6206.146,1753838339999,23367652.04655,7010,1553.838,5851005.35488,0
1753838340000,3760.20,3764.37,3760.16,3762.4,2747.956,1753838399999,10337132.48917,5128,1684.045,6334851.40250,0
1753838400000,3762.40,3765.00,3760.28,3760.28,2147.345,1753838459999,8080258.74415,3887,730.460,2748622.25839,0
1753838460000,3760.29,3763.77,3760.28,3763.61,1227.935,1753838519999,4619628.77164,3384,710.082,2671471.78407,0
1753838520000,3763.62,3773.97,3763.33,3773.97,2086.100,1753838579999,7862266.05917,5161,1511.519,5696839.87310,0
1753838580000,3773.96,3773.96,3769.71,3771.22,2054.300,1753838639999,7749410.05537,3891,639.406,2411783.44926,0
1753838640000,3771.23,3771.77,3767.70,3767.71,1513.629,1753838699999,5706967.32029,2379,696.551,2626561.26657,0
1753838700000,3767.70,3769.77,3765.18,3769.77,1306.194,1753838759999,4920227.25533,3560,724.109,2727822.09517,0
1753838760000,3769.77,3769.77,3765.35,3766.77,810.504,1753838819999,3053507.55534,2197,377.033,1420348.73226,0
1753838820000,3766.78,3767.72,3765.53,3766.6,816.918,1753838879999,3076686.27724,2170,301.052,1133815.89876,0
1753838880000,3766.60,3767.26,3762.87,3762.87,1079.573,1753838939999,4065634.00892,2565,436.149,1642500.93651,0
1753838940000,3762.88,3769.00,3762.88,3769.0,892.920,1753838999999,3363039.36477,2147,585.187,2204004.86820,0
1753839000000,3768.99,3770.00,3766.74,3769.43,1043.743,1753839059999,3933260.44360,3153,407.236,1534609.45466,0
1753839060000,3769.43,3771.00,3767.42,3771.0,1062.927,1753839119999,4006466.96843,3076,452.452,1705563.91632,0
1753839120000,3770.99,3780.60,3769.77,3779.0,2043.087,1753839179999,7714567.77838,4731,1247.016,4708560.80064,0
1753839180000,3779.01,3785.71,3778.60,3783.47,5314.923,1753839239999,20104872.45129,6268,3203.987,12120388.57140,0
1753839240000,3783.46,3783.46,3780.51,3782.39,2305.130,1753839299999,8718336.42061,3319,588.372,2225178.48412,0
1753839300000,3782.38,3788.69,3781.51,3788.6,5420.505,1753839359999,20520970.52772,6476,3798.992,14383085.73132,0
1753839360000,3788.61,3791.09,3788.12,3789.26,5719.765,1753839419999,21676776.63963,6344,3559.331,13488860.29479,0
1753839420000,3789.26,3792.34,3789.26,3791.42,3121.541,1753839479999,11831748.16106,4648,1911.803,7246457.11742,0
1753839480000,3791.41,3795.00,3790.96,3792.68,7482.846,1753839539999,28383016.34454,5285,5812.921,22048984.56140,0
1753839540000,3792.69,3792.82,3787.73,3787.73,2464.265,1753839599999,9341945.58329,3860,1000.197,3792286.66348,0
1753839600000,3787.72,3790.77,3787.55,3790.67,2320.346,1753839659999,8792690.64757,3071,1456.654,5519695.24811,0
1753839660000,3790.68,3794.65,3789.58,3793.97,2128.745,1753839719999,8070998.47248,3205,1179.994,4473805.06346,0
1753839720000,3793.97,3795.74,3792.80,3794.88,4151.965,1753839779999,15754933.50862,4366,2183.456,8285423.48602,0
1753839780000,3794.89,3794.89,3790.35,3792.48,2309.338,1753839839999,8758861.08002,3846,702.396,2663829.45544,0
1753839840000,3792.48,3793.60,3792.04,3793.59,693.394,1753839899999,2629909.55896,2200,303.167,1149824.18990,0
1753839900000,3793.59,3798.41,3793.30,3798.17,5578.114,1753839959999,21170723.90404,5186,4726.141,17937261.37944,0
1753839960000,3798.16,3805.00,3797.56,3804.53,16190.472,1753840019999,61542683.13493,13642,11985.680,45560427.52757,0
1753840020000,3804.53,3807.96,3801.45,3804.54,8389.501,1753840079999,31920118.42802,11957,4733.420,18010482.64291,0
1753840080000,3804.54,3808.85,3804.54,3807.82,8795.045,1753840139999,33482393.71978,11915,6762.940,25745159.81597,0
1753840140000,3807.82,3810.94,3806.09,3808.17,7240.783,1753840199999,27578822.07366,7383,4671.816,17794944.80194,0
1753840200000,3808.18,3809.01,3803.05,3805.8,4931.780,1753840259999,18766994.43965,5841,2076.004,7899286.93813,0
1753840260000,3805.81,3805.81,3798.78,3800.74,5715.063,1753840319999,21726001.69776,6159,1246.520,4738287.34062,0
1753840320000,3800.75,3801.10,3794.26,3794.47,8453.386,1753840379999,32095903.54403,5704,1290.955,4901825.21161,0
1753840380000,3794.48,3799.01,3794.21,3799.01,2659.306,1753840439999,10097139.70303,3230,1974.242,7495959.91228,0
1753840440000,3799.00,3801.48,3798.30,3798.87,3500.793,1753840499999,13302138.19143,4398,2197.227,8348730.14035,0
1753840500000,3798.87,3798.87,3796.98,3797.63,2202.623,1753840559999,8365056.13417,2795,432.395,1642152.62756,0
1753840560000,3797.63,3797.63,3794.80,3794.8,1519.336,1753840619999,5768092.00134,2402,713.236,2707850.85502,0
1753840620000,3794.80,3794.80,3791.71,3791.72,2144.738,1753840679999,8136080.16292,3636,765.631,2904680.99000,0
1753840680000,3791.71,3792.97,3785.87,3788.75,7217.667,1753840739999,27346018.64692,6778,1847.201,6999247.17856,0
1753840740000,3788.74,3791.00,3788.71,3790.38,1621.911,1753840799999,6146984.29775,2055,1220.303,4624807.06372,0
1753840800000,3790.38,3793.11,3790.12,3792.38,2696.427,1753840859999,10225143.56553,3758,2010.656,7624362.71663,0
1753840860000,3792.38,3792.38,3788.43,3789.66,1252.813,1753840919999,4748115.67901,2726,512.729,1943217.12772,0
1753840920000,3789.67,3792.03,3787.59,3787.59,1653.194,1753840979999,6265212.82616,3131,751.506,2848232.07261,0
1753840980000,3787.59,3787.60,3784.13,3784.79,5449.822,1753841039999,20628475.88944,3503,1204.881,4560865.18728,0
1753841040000,3784.80,3786.68,3783.60,3784.0,3029.507,1753841099999,11466244.32286,2637,798.797,3023673.64364,0
1753841100000,3784.00,3788.96,3784.00,3787.46,1670.439,1753841159999,6324750.31821,2984,1309.421,4957875.75246,0
1753841160000,3787.47,3787.47,3785.40,3785.62,1328.413,1753841219999,5030488.81414,1571,415.151,1571888.25912,0
1753841220000,3785.62,3785.63,3783.01,3785.07,1904.892,1753841279999,7208025.12163,2592,1121.835,4244813.68171,0
1753841280000,3785.08,3788.61,3784.03,3786.76,903.890,1753841339999,3422440.73864,2692,521.916,1976184.69247,0
1753841340000,3786.76,3788.99,3786.60,3788.92,863.402,1753841399999,3270012.82931,2188,640.311,2425003.64582,0
1753841400000,3788.92,3790.54,3787.59,3787.98,1287.445,1753841459999,4878685.39190,2713,695.567,2635604.81486,0
1753841460000,3787.99,3796.71,3787.98,3796.7,1935.782,1753841519999,7341912.61581,3776,1442.145,5469891.62028,0
1753841520000,3796.70,3802.36,3796.04,3802.36,4413.377,1753841579999,16766297.99615,5677,2848.304,10821152.20128,0
1753841580000,3802.35,3807.82,3801.00,3807.48,4817.994,1753841639999,18327625.08372,5189,3987.596,15168123.63124,0
1753841640000,3807.48,3814.00,3807.40,3813.18,13134.683,1753841699999,50049742.17498,11020,9827.112,37445364.71428,0
1753841700000,3813.18,3814.29,3812.00,3812.17,7952.355,1753841759999,30324401.20614,7662,3784.407,14430889.40518,0
1753841760000,3812.18,3815.00,3807.14,3807.25,6122.039,1753841819999,23338545.38289,6482,3095.550,11803440.81231,0
1753841820000,3807.25,3811.72,3806.27,3806.92,3528.936,1753841879999,13440247.03569,6468,1679.471,6396506.60137,0
1753841880000,3806.92,3808.00,3804.15,3804.37,3078.793,1753841939999,11719169.97035,4257,800.186,3045922.35410,0
1753841940000,3804.37,3805.84,3800.50,3800.93,2553.651,1753841999999,9711205.43716,4107,1104.363,4200268.08298,0
1753842000000,3800.94,3806.04,3798.96,3804.6,2733.774,1753842059999,10396656.04937,4644,2042.775,7769890.39640,0
1753842060000,3804.60,3805.74,3803.08,3803.09,1496.771,1753842119999,5693956.38016,2672,995.791,3788032.59319,0
1753842120000,3803.09,3807.01,3802.10,3806.8,2157.568,1753842179999,8208891.64483,3300,1506.547,5731776.02646,0
1753842180000,3806.80,3812.01,3805.70,3807.1,2620.124,1753842239999,9981435.17832,5287,1602.583,6105316.05717,0
1753842240000,3807.10,3807.10,3804.14,3804.61,1213.901,1753842299999,4619787.54702,3166,679.935,2587710.82379,0
1753842300000,3804.61,3806.65,3802.04,3806.25,1807.778,1753842359999,6876794.20574,3586,1138.470,4331006.54866,0
1753842360000,3806.26,3808.28,3805.00,3808.28,1121.642,1753842419999,4269095.34516,2069,567.937,2161636.15172,0
1753842420000,3808.28,3808.99,3802.74,3803.41,3039.044,1753842479999,11563778.77361,2913,666.410,2535929.76132,0
1753842480000,3803.41,3805.70,3802.27,3805.09,1503.555,1753842539999,5719198.95599,2792,1012.811,3852642.85388,0
1753842540000,3805.09,3806.01,3805.08,3805.17,766.232,1753842599999,2915788.56806,1378,434.273,1652525.97353,0
1753842600000,3805.17,3805.52,3799.74,3800.0,1391.359,1753842659999,5290349.73413,2872,460.216,1750095.32128,0
1753842660000,3800.01,3803.80,3798.18,3802.89,4633.162,1753842719999,17608392.11228,5463,2098.974,7978636.31324,0
1753842720000,3802.89,3807.00,3801.85,3806.5,1616.988,1753842779999,6152979.73802,3826,1057.644,4024535.72828,0
1753842780000,3806.50,3808.95,3805.03,3808.95,1305.535,1753842839999,4969330.09904,3266,846.779,3223137.67127,0
1753842840000,3808.95,3814.42,3808.95,3813.18,2478.544,1753842899999,9447300.95014,4921,1472.958,5613925.11937,0
1753842900000,3813.18,3813.19,3808.19,3809.22,1805.415,1753842959999,6879669.65282,3436,652.785,2487303.06971,0
1753842960000,3809.23,3811.61,3809.15,3809.8,1180.810,1753843019999,4499461.09054,2706,513.962,1958349.09517,0
1753843020000,3809.81,3810.16,3807.14,3807.58,1135.968,1753843079999,4327059.53625,2931,537.272,2046590.02516,0
1753843080000,3807.59,3809.69,3807.11,3807.11,1164.297,1753843139999,4433799.72724,2597,390.154,1485729.99271,0
1753843140000,3807.10,3807.10,3804.56,3805.29,1562.929,1753843199999,5948095.22572,3063,352.993,1343388.68875,0
1753843200000,3805.30,3811.23,3805.29,3809.68,1281.781,1753843259999,4882335.27275,3429,944.964,3599376.03738,0
1753843260000,3809.69,3819.76,3809.69,3818.42,12549.458,1753843319999,47897460.89649,10846,9101.032,34736127.18540,0
1753843320000,3818.41,3821.58,3817.06,3818.38,12915.547,1753843379999,49332568.96553,9978,8510.238,32506560.02312,0
1753843380000,3818.38,3819.63,3816.61,3817.2,3843.540,1753843439999,14675288.69086,4399,1713.726,6543409.09804,0
1753843440000,3817.21,3818.65,3813.49,3814.69,3438.298,1753843499999,13120066.63470,4674,1397.411,5332148.72157,0
1753843500000,3814.69,3815.39,3811.60,3813.54,1738.031,1753843559999,6627401.52372,3454,692.018,2638829.05107,0
1753843560000,3813.55,3815.00,3810.71,3813.9,1999.761,1753843619999,7624096.13393,2953,835.596,3185778.20487,0
1753843620000,3813.90,3818.75,3813.90,3817.56,1806.795,1753843679999,6894716.64798,2990,1145.826,4372221.21958,0
1753843680000,3817.55,3819.32,3816.12,3817.87,1749.889,1753843739999,6680632.97892,2502,1080.219,4124025.35888,0
1753843740000,3817.87,3818.73,3815.54,3816.93,2123.600,1753843799999,8105879.76377,3138,1154.441,4406637.85251,0
1753843800000,3816.93,3817.75,3814.22,3814.95,2283.989,1753843859999,8716177.40213,3247,677.246,2584280.61444,0
1753843860000,3814.95,3816.16,3811.30,3812.96,2454.455,1753843919999,9359373.41187,3563,707.606,2698547.73863,0
1753843920000,3812.97,3816.39,3812.34,3814.46,799.313,1753843979999,3048706.76888,2417,358.165,1366086.66978,0
1753843980000,3814.46,3816.38,3814.10,3814.92,1541.009,1753844039999,5879692.21695,2062,658.450,2512171.85663,0
1753844040000,3814.91,3815.53,3812.62,3812.69,1128.087,1753844099999,4302424.97168,2851,356.153,1358357.18926,0
1753844100000,3812.68,3815.51,3812.48,3813.97,1148.195,1753844159999,4379066.36723,2541,794.712,3030875.39447,0
1753844160000,3813.97,3813.98,3809.35,3809.8,2297.654,1753844219999,8755326.25126,3472,771.446,2939792.84695,0
1753844220000,3809.80,3811.57,3809.20,3811.56,761.279,1753844279999,2900436.87274,1399,385.890,1470249.17946,0
1753844280000,3811.56,3812.26,3810.82,3811.76,809.442,1753844339999,3085144.92253,1934,384.612,1465896.79529,0
1753844340000,3811.76,3812.23,3811.00,3811.08,711.343,1753844399999,2711331.48241,1170,419.126,1597531.50369,0
1753844400000,3811.08,3812.14,3809.63,3809.64,1389.235,1753844459999,5294614.87099,2735,722.472,2753512.24248,0
1753844460000,3809.64,3811.11,3808.31,3809.12,1247.154,1753844519999,4750748.48418,2366,431.849,1645054.30100,0
1753844520000,3809.12,3813.86,3808.77,3812.03,1250.605,1753844579999,4765821.16208,2698,600.837,2289828.39133,0
1753844580000,3812.02,3814.72,3809.38,3814.24,2084.668,1753844639999,7946939.64642,2721,1032.156,3935054.62671,0
1753844640000,3814.25,3814.25,3811.00,3811.0,1079.311,1753844699999,4115036.02921,2229,444.158,1693414.55877,0
1753844700000,3811.01,3811.47,3807.00,3807.01,1423.834,1753844759999,5423060.06708,2668,247.574,943141.00365,0
1753844760000,3807.00,3807.54,3803.30,3805.95,5929.634,1753844819999,22563662.38106,4888,936.597,3564159.79982,0
1753844820000,3805.96,3809.22,3805.71,3807.78,859.648,1753844879999,3273196.82888,1704,431.765,1643823.82099,0
1753844880000,3807.78,3807.78,3806.18,3806.18,911.611,1753844939999,3470484.41565,1252,292.364,1113038.32057,0
1753844940000,3806.18,3809.99,3806.00,3809.8,959.710,1753844999999,3654528.96133,1867,519.509,1978310.82059,0
1753845000000,3809.79,3813.42,3809.79,3813.37,1320.457,1753845059999,5033558.35579,2565,843.247,3214358.59138,0
1753845060000,3813.36,3813.60,3810.00,3810.01,793.836,1753845119999,3026090.89570,1592,169.008,644299.25176,0
1753845120000,3810.00,3811.10,3807.11,3807.5,1916.431,1753845179999,7299256.03481,3272,298.378,1136530.11271,0
1753845180000,3807.50,3810.00,3806.28,3810.0,710.722,1753845239999,2706008.97518,1559,405.331,1543209.58938,0
1753845240000,3809.99,3815.00,3809.52,3814.97,2082.337,1753845299999,7939155.13402,3311,1335.921,5093364.43466,0
1753845300000,3814.98,3816.00,3811.41,3812.29,2213.706,1753845359999,8444405.09054,3388,752.266,2869414.05568,0
1753845360000,3812.29,3813.26,3810.20,3810.83,2069.361,1753845419999,7887816.86022,3071,1395.684,5319805.59250,0
1753845420000,3810.82,3816.00,3809.51,3815.46,1456.437,1753845479999,5553120.65330,2376,874.379,3333818.93668,0
1753845480000,3815.45,3815.45,3812.04,3813.0,1078.050,1753845539999,4110985.74326,2893,529.708,2019816.98327,0
1753845540000,3813.02,3814.90,3810.30,3814.27,2793.925,1753845599999,10650774.89012,2834,1278.466,4874532.30477,0
1753845600000,3814.27,3814.27,3810.83,3811.91,1198.591,1753845659999,4569739.80069,2473,561.977,2142423.99680,0
1753845660000,3811.91,3815.00,3811.91,3814.57,1483.020,1753845719999,5655623.70988,1888,1102.083,4202668.94210,0
1753845720000,3814.56,3816.47,3812.91,3816.46,875.606,1753845779999,3339877.61385,2237,533.622,2035613.54163,0
1753845780000,3816.46,3818.00,3814.48,3814.49,2079.703,1753845839999,7937459.51390,3087,1014.703,3872959.33841,0
1753845840000,3814.49,3816.41,3813.53,3813.53,951.541,1753845899999,3630019.61458,2207,453.247,1729128.21700,0
1753845900000,3813.53,3815.90,3812.80,3812.8,666.302,1753845959999,2541209.74179,1723,294.127,1121832.10534,0
1753845960000,3812.80,3813.92,3810.77,3810.77,898.978,1753846019999,3427091.30407,1759,340.697,1298799.75487,0
1753846020000,3810.76,3814.10,3810.07,3813.86,711.474,1753846079999,2712206.10529,1613,312.112,1189648.28712,0
1753846080000,3813.87,3816.50,3812.95,3815.03,871.224,1753846139999,3323391.47247,1943,393.952,1502629.24309,0
1753846140000,3815.02,3819.29,3814.65,3818.81,2115.174,1753846199999,8073555.60272,2947,1735.461,6624657.05564,0
1753846200000,3818.81,3819.76,3817.34,3818.85,2739.129,1753846259999,10460232.16046,3713,1624.599,6204272.59894,0
1753846260000,3818.86,3820.86,3816.55,3817.28,3239.493,1753846319999,12371790.87363,4236,1721.950,6576716.47923,0
1753846320000,3817.28,3818.75,3816.53,3816.53,828.770,1753846379999,3164223.90815,2544,334.078,1275528.04624,0
1753846380000,3816.53,3818.25,3815.77,3815.85,771.171,1753846439999,2943352.62922,1657,250.521,956144.85001,0
1753846440000,3815.84,3816.51,3815.23,3816.49,531.193,1753846499999,2026990.25785,1529,206.967,789775.95891,0
1753846500000,3816.50,3817.85,3816.50,3817.33,498.050,1753846559999,1901127.75851,1174,283.961,1083908.95422,0
1753846560000,3817.32,3819.47,3817.00,3817.01,1043.541,1753846619999,3984218.34375,1989,664.590,2537281.20400,0
1753846620000,3817.01,3818.50,3816.01,3818.06,726.199,1753846679999,2771851.02452,1932,329.765,1258665.58001,0
1753846680000,3818.06,3819.13,3817.13,3817.71,741.005,1753846739999,2829234.16039,1546,352.544,1346071.19733,0
1753846740000,3817.71,3818.59,3817.39,3817.91,559.204,1753846799999,2135099.39255,1508,163.435,623983.27532,0
1753846800000,3817.91,3819.76,3817.35,3819.5,665.113,1753846859999,2539826.12938,1419,377.192,1440444.12549,0
1753846860000,3819.50,3819.51,3818.00,3818.01,707.758,1753846919999,2702697.09970,1643,189.437,723421.47359,0
1753846920000,3818.01,3818.30,3816.91,3818.3,988.189,1753846979999,3772498.17429,1297,399.857,1526532.06604,0
1753846980000,3818.29,3818.30,3816.17,3816.97,633.857,1753847039999,2419607.82028,1564,211.025,805492.15694,0
1753847040000,3816.98,3817.65,3816.19,3817.65,568.782,1753847099999,2171060.01816,1377,206.415,787898.01590,0
1753847100000,3817.65,3817.89,3816.11,3816.4,3043.082,1753847159999,11615352.21665,1306,162.611,620699.07161,0
1753847160000,3816.40,3816.66,3814.60,3814.6,1175.303,1753847219999,4484934.05553,1956,429.036,1637237.12821,0
1753847220000,3814.60,3814.60,3810.69,3810.69,2129.352,1753847279999,8117537.64256,2454,615.427,2345664.38353,0
1753847280000,3810.70,3814.74,3810.70,3814.74,1475.737,1753847339999,5627390.18039,2878,757.224,2887376.36045,0
1753847340000,3814.74,3817.00,3814.74,3814.85,619.287,1753847399999,2363110.18652,1681,351.030,1339448.08796,0
1753847400000,3814.84,3819.54,3814.61,3819.54,1692.029,1753847459999,6460219.95741,2515,1108.421,4232106.66502,0
1753847460000,3819.53,3824.77,3819.08,3822.39,8436.007,1753847519999,32242362.54323,6076,6500.150,24844762.90209,0
1753847520000,3822.40,3827.99,3821.60,3826.06,9132.043,1753847579999,34930769.29758,7307,6399.252,24480819.70136,0
1753847580000,3826.05,3826.06,3824.37,3825.17,2646.058,1753847639999,10121323.17664,2892,1529.673,5851035.43467,0
1753847640000,3825.17,3825.17,3817.75,3819.81,5400.205,1753847699999,20629841.38145,5267,1214.605,4639770.32641,0
1753847700000,3819.81,3819.82,3817.52,3818.58,1085.051,1753847759999,4143706.54123,2114,551.219,2104995.31808,0
1753847760000,3818.58,3819.56,3817.90,3817.91,565.350,1753847819999,2159153.61725,1021,334.138,1276141.53119,0
1753847820000,3817.90,3817.90,3814.00,3814.67,1971.119,1753847879999,7520979.22282,2435,427.868,1632443.37733,0
1753847880000,3814.67,3816.10,3814.00,3814.81,1089.181,1753847939999,4155050.04811,1968,686.608,2619243.36906,0
1753847940000,3814.82,3817.26,3814.81,3815.62,1068.511,1753847999999,4077340.45346,1744,688.388,2626876.05411,0
1753848000000,3815.62,3817.55,3815.61,3816.5,2241.041,1753848059999,8553293.21279,2265,872.422,3329670.63560,0
1753848060000,3816.51,3817.22,3815.57,3815.99,1018.914,1753848119999,3888523.17742,1953,472.687,1803865.31236,0
1753848120000,3816.00,3817.30,3814.99,3816.91,1631.862,1753848179999,6226490.65137,1696,617.628,2356496.55603,0
1753848180000,3816.92,3819.19,3816.71,3818.89,1169.262,1753848239999,4464425.34364,2145,619.765,2366350.84066,0
1753848240000,3818.88,3820.00,3817.08,3819.89,676.953,1753848299999,2585003.08700,1540,488.418,1865061.34477,0
1753848300000,3819.88,3823.65,3819.88,3822.67,3266.511,1753848359999,12486292.06990,3153,1045.275,3995196.30711,0
1753848360000,3822.67,3823.47,3821.81,3822.26,1172.046,1753848419999,4480324.87935,1881,384.211,1468712.68623,0
1753848420000,3822.27,3822.80,3821.03,3821.38,1042.309,1753848479999,3983907.77458,1905,355.476,1358679.39077,0
1753848480000,3821.38,3821.39,3819.29,3819.56,1025.992,1753848539999,3919246.16464,2108,325.297,1242550.60027,0
1753848540000,3819.56,3822.59,3819.56,3822.59,1289.668,1753848599999,4928182.60705,1794,867.083,3313385.00389,0
1753848600000,3822.59,3822.59,3819.17,3820.14,1098.353,1753848659999,4196956.35208,2166,239.891,916583.53963,0
1753848660000,3820.15,3820.69,3818.46,3819.89,902.360,1753848719999,3446831.52048,1510,309.479,1182154.35634,0
1753848720000,3819.89,3821.00,3819.21,3820.75,638.756,1753848779999,2440048.81389,1389,230.585,880806.24873,0
1753848780000,3820.74,3821.15,3820.32,3821.1,434.896,1753848839999,1661581.72336,1068,237.896,908901.42994,0
1753848840000,3821.10,3821.12,3819.46,3819.99,998.065,1753848899999,3812682.28977,1452,392.394,1498908.81747,0
1753848900000,3820.00,3820.99,3817.86,3819.4,2015.268,1753848959999,7696830.55348,2330,190.439,727388.08638,0
1753848960000,3819.41,3819.41,3818.01,3818.77,898.556,1753849019999,3431362.40740,1905,456.368,1742719.39462,0
1753849020000,3818.77,3818.78,3815.85,3816.51,1392.745,1753849079999,5316170.08554,2018,538.554,2055411.16872,0
1753849080000,3816.50,3817.99,3816.06,3816.11,739.844,1753849139999,2823858.60868,1958,358.525,1368407.45908,0
1753849140000,3816.11,3817.45,3815.80,3816.52,763.822,1753849199999,2915237.78459,1771,246.294,939983.58197,0
1753849200000,3816.51,3820.45,3816.51,3820.24,837.284,1753849259999,3197557.64950,1671,554.630,2118115.34523,0
1753849260000,3820.24,3820.36,3818.78,3819.36,1055.786,1753849319999,4032737.93052,2012,360.986,1378745.31969,0
1753849320000,3819.37,3820.37,3818.26,3818.27,899.104,1753849379999,3433992.91731,1502,635.640,2427783.59840,0
1753849380000,3818.27,3819.12,3817.68,3818.79,541.480,1753849439999,2067593.82736,1049,187.902,717484.87513,0
1753849440000,3818.79,3818.80,3817.30,3818.8,443.781,1753849499999,1694391.67526,952,210.196,802509.21436,0
1753849500000,3818.80,3820.38,3818.48,3818.49,865.100,1753849559999,3304234.84887,1698,409.805,1565229.45308,0
1753849560000,3818.48,3819.73,3818.04,3818.99,545.962,1753849619999,2085021.20126,1079,261.042,996853.14519,0
1753849620000,3819.00,3820.66,3819.00,3819.0,751.767,1753849679999,2871759.48310,1387,254.666,972772.08722,0
1753849680000,3819.01,3819.36,3816.09,3816.24,618.842,1753849739999,2362392.84402,1683,172.581,658805.03820,0
1753849740000,3816.24,3817.29,3815.00,3815.0,1739.527,1753849799999,6637884.13820,1896,642.248,2450686.49876,0
1753849800000,3815.00,3815.29,3811.71,3811.71,2487.305,1753849859999,9484331.26958,3254,482.048,1838174.40745,0
1753849860000,3811.72,3812.72,3807.89,3808.09,4067.651,1753849919999,15497348.56652,4867,1013.379,3861000.39579,0
1753849920000,3808.09,3808.41,3807.10,3807.39,2401.847,1753849979999,9145508.89678,3369,836.957,3186922.12454,0
1753849980000,3807.39,3807.89,3805.92,3807.89,4194.897,1753850039999,15969147.80844,2957,987.772,3760234.84950,0
1753850040000,3807.89,3809.73,3805.31,3805.77,2910.945,1753850099999,11083650.46262,3241,1357.882,5170546.31089,0
1753850100000,3805.77,3809.75,3805.77,3807.78,2895.933,1753850159999,11029442.77755,2632,815.557,3105612.61290,0
1753850160000,3807.79,3808.16,3802.51,3803.04,4983.000,1753850219999,18961165.30117,4654,1503.732,5720206.05157,0
1753850220000,3803.04,3804.00,3798.86,3800.35,10215.062,1753850279999,38831234.60508,9584,2977.713,11319625.62332,0
1753850280000,3800.36,3804.14,3797.24,3803.23,8619.945,1753850339999,32756957.74215,7584,4577.447,17399201.86382,0
1753850340000,3803.22,3804.00,3799.39,3800.01,3168.950,1753850399999,12044824.86647,3352,1207.673,4589802.55467,0
1753850400000,3800.01,3804.19,3799.00,3800.71,4204.805,1753850459999,15989484.17675,3527,1058.562,4024558.91754,0
1753850460000,3800.72,3802.44,3799.43,3802.44,1409.648,1753850519999,5357430.15230,2336,518.045,1968947.26473,0
1753850520000,3802.44,3803.35,3802.43,3802.98,1611.449,1753850579999,6128344.85369,1794,806.615,3067507.94742,0
1753850580000,3802.99,3810.00,3802.98,3808.07,3926.633,1753850639999,14951382.36164,4741,3292.651,12538152.87585,0
1753850640000,3808.07,3808.74,3807.72,3808.01,924.898,1753850699999,3522236.67931,1331,435.565,1658722.72319,0
1753850700000,3808.01,3808.27,3804.39,3804.84,1647.883,1753850759999,6271838.56705,2761,417.011,1587020.52283,0
1753850760000,3804.85,3806.20,3804.00,3805.33,1775.460,1753850819999,6755401.65865,2770,747.760,2845006.50010,0
1753850820000,3805.34,3805.34,3802.82,3802.85,1189.524,1753850879999,4524833.92039,1507,416.201,1583051.40354,0
1753850880000,3802.86,3802.86,3800.84,3801.4,1513.169,1753850939999,5752360.53828,2148,370.752,1409337.39585,0
1753850940000,3801.39,3804.52,3801.39,3804.52,1080.998,1753850999999,4110601.34427,1991,698.065,2654386.74206,0
1753851000000,3804.51,3804.95,3802.84,3804.94,830.742,1753851059999,3160022.84534,1614,371.611,1413493.72396,0
1753851060000,3804.95,3805.47,3802.51,3802.51,1559.058,1753851119999,5930625.13487,2008,318.181,1210513.57170,0
1753851120000,3802.51,3804.65,3802.51,3804.65,999.307,1753851179999,3801160.11313,1480,698.890,2658482.26310,0
1753851180000,3804.65,3805.70,3803.91,3805.46,1387.528,1753851239999,5279698.49466,1690,888.685,3381561.08339,0
1753851240000,3805.46,3807.65,3805.26,3806.41,929.240,1753851299999,3537193.39293,1674,622.166,2368193.86387,0
1753851300000,3806.40,3807.37,3805.10,3807.37,740.766,1753851359999,2819464.84532,1807,341.842,1301147.35324,0
1753851360000,3807.38,3809.27,3807.38,3808.42,1232.675,1753851419999,4694624.73515,1999,993.355,3783099.68882,0
1753851420000,3808.43,3808.43,3806.12,3806.89,903.616,1753851479999,3439762.22221,1351,184.630,702833.71305,0
1753851480000,3806.89,3806.89,3804.15,3804.76,905.497,1753851539999,3446073.04204,1278,212.607,809075.04889,0
1753851540000,3804.76,3807.14,3804.76,3807.14,1161.359,1753851599999,4419581.25444,1573,961.830,3660294.16849,0
1753851600000,3807.14,3808.00,3807.09,3807.31,879.488,1753851659999,3348664.88772,1618,390.180,1485584.58058,0
1753851660000,3807.32,3807.32,3803.24,3805.12,1198.776,1753851719999,4560999.68858,2285,291.957,1110735.38448,0
1753851720000,3805.13,3806.17,3804.34,3805.82,750.826,1753851779999,2857027.03519,1764,189.089,719489.93376,0
1753851780000,3805.82,3810.43,3805.81,3810.43,1940.445,1753851839999,7390914.81685,2734,1284.536,4892779.32537,0
1753851840000,3810.43,3812.90,3809.72,3811.16,2158.744,1753851899999,8228562.57927,3496,902.184,3438795.54574,0
1753851900000,3811.16,3812.42,3810.00,3812.14,1028.159,1753851959999,3918300.23512,2070,630.505,2402822.69201,0
1753851960000,3812.14,3812.14,3805.94,3807.94,1453.473,1753852019999,5535162.27844,2970,796.216,3031569.59936,0
1753852020000,3807.94,3810.00,3806.93,3809.67,853.811,1753852079999,3252083.15469,1541,413.320,1574104.53458,0
1753852080000,3809.66,3809.67,3801.61,3801.61,2003.078,1753852139999,7619865.52156,3144,490.497,1865591.67987,0
1753852140000,3801.61,3802.50,3796.58,3797.09,8076.889,1753852199999,30690016.20438,8168,1654.893,6287738.49240,0
1753852200000,3797.09,3798.46,3795.59,3796.78,3501.657,1753852259999,13295506.49755,4082,1598.444,6069640.62497,0
1753852260000,3796.78,3797.49,3794.00,3795.56,8729.534,1753852319999,33131327.79550,5409,2430.732,9226395.09512,0
1753852320000,3795.56,3795.56,3792.74,3793.61,3519.354,1753852379999,13352975.07175,4184,1038.189,3938726.22967,0
1753852380000,3793.59,3794.20,3792.00,3792.33,3243.336,1753852439999,12301606.21685,3262,1336.608,5069562.93526,0
1753852440000,3792.33,3792.60,3790.00,3791.26,7371.888,1753852499999,27948274.15068,5898,2837.639,10758541.99542,0
1753852500000,3791.25,3792.68,3787.17,3789.16,10833.035,1753852559999,41060850.00357,8203,2872.609,10887653.75986,0
1753852560000,3789.16,3790.43,3785.10,3790.43,8045.972,1753852619999,30471882.79604,7834,3420.370,12954503.86106,0
1753852620000,3790.43,3794.81,3790.42,3792.62,4273.638,1753852679999,16206372.17825,4726,2809.579,10654442.78632,0
1753852680000,3792.62,3795.50,3792.20,3795.0,1752.063,1753852739999,6646998.27043,2556,1062.752,4031893.90179,0
1753852740000,3795.00,3800.00,3794.80,3799.29,3955.775,1753852799999,15023616.03653,4433,2975.284,11299187.65130,0
1753852800000,3799.29,3799.99,3796.80,3799.56,3225.158,1753852859999,12251379.15109,3645,1385.233,5262688.11484,0
1753852860000,3799.57,3800.00,3795.61,3795.61,2604.852,1753852919999,9894653.12398,3267,1146.917,4356921.63113,0
1753852920000,3795.60,3798.13,3795.06,3797.89,812.789,1753852979999,3085865.41715,2067,523.888,1989151.32598,0
1753852980000,3797.90,3801.73,3797.72,3801.73,3816.089,1753853039999,14499277.57326,3898,3286.307,12486422.28863,0
1753853040000,3801.74,3807.28,3801.74,3807.18,3533.434,1753853099999,13445183.28019,5439,2665.478,10142922.44950,0
1753853100000,3806.90,3808.90,3804.00,3808.72,3701.993,1753853159999,14090383.70208,3953,2387.784,9088910.54657,0
1753853160000,3808.72,3809.75,3806.73,3808.88,3073.168,1753853219999,11703917.70940,3923,1929.346,7348172.64142,0
1753853220000,3808.87,3809.10,3807.17,3808.19,1105.461,1753853279999,4209434.04239,1843,442.894,1686471.28681,0
1753853280000,3808.20,3808.80,3806.49,3808.52,1185.608,1753853339999,4514251.58824,1812,565.001,2151131.93090,0
1753853340000,3808.53,3808.86,3807.62,3807.88,889.619,1753853399999,3388107.95209,1142,362.903,1382102.27038,0
1753853400000,3807.88,3809.37,3807.87,3809.19,792.322,1753853459999,3017709.02956,1221,355.451,1353795.07808,0
1753853460000,3809.19,3809.94,3804.02,3804.12,2142.859,1753853519999,8159875.05679,3055,607.727,2314155.70600,0
1753853520000,3804.12,3804.91,3798.52,3804.41,5507.460,1753853579999,20935965.92680,6230,2135.121,8117540.08315,0
1753853580000,3804.41,3806.65,3801.18,3801.96,1939.540,1753853639999,7379279.03444,3106,1327.148,5049979.66582,0
1753853640000,3801.97,3803.00,3800.82,3802.67,718.699,1753853699999,2732599.77526,2149,381.413,1450149.22144,0
1753853700000,3802.68,3806.25,3802.05,3805.3,1203.589,1753853759999,4578777.02072,2560,731.922,2784519.67988,0
1753853760000,3805.30,3805.52,3803.10,3803.57,819.467,1753853819999,3117559.32472,1282,148.128,563490.58346,0
1753853820000,3803.57,3804.50,3800.88,3802.9,997.351,1753853879999,3792200.68585,1973,528.980,2011154.68209,0
1753853880000,3802.90,3805.15,3802.38,3805.14,1221.375,1753853939999,4646036.10872,2116,732.454,2786143.55672,0
1753853940000,3805.15,3806.97,3804.00,3804.0,690.208,1753853999999,2626748.74686,1564,387.586,1474960.43480,0
1753854000000,3804.01,3805.55,3803.20,3804.96,919.826,1753854059999,3499275.77730,1822,593.818,2259042.92932,0
1753854060000,3804.96,3805.99,3803.77,3805.7,482.462,1753854119999,1835837.18907,1656,235.209,894979.23154,0
1753854120000,3805.69,3805.69,3803.65,3804.26,386.637,1753854179999,1470989.83274,1313,156.113,593926.29161,0
1753854180000,3804.26,3805.44,3802.63,3803.04,650.795,1753854239999,2475539.30688,1664,252.990,962343.20734,0
1753854240000,3803.03,3804.68,3802.67,3803.75,664.734,1753854299999,2528487.41293,1494,436.533,1660454.38846,0
1753854300000,3803.74,3803.74,3801.85,3802.49,839.837,1753854359999,3193776.15324,1653,375.898,1429483.39855,0
1753854360000,3802.50,3804.39,3793.65,3793.92,10185.339,1753854419999,38682528.65896,7338,1224.635,4651667.31354,0
1753854420000,3793.91,3799.45,3793.00,3797.83,2801.004,1753854479999,10633398.56046,4052,1183.713,4494083.85299,0
1753854480000,3797.83,3806.86,3797.62,3806.34,4973.960,1753854539999,18918518.31218,5305,4319.908,16433014.38225,0
1753854540000,3806.38,3810.04,3806.38,3808.85,6412.494,1753854599999,24424101.96307,6839,5030.934,19161941.02277,0
1753854600000,3808.85,3811.93,3807.90,3811.61,2562.984,1753854659999,9765877.75814,3358,1794.519,6837798.50383,0
1753854660000,3811.61,3814.53,3810.84,3811.09,2942.135,1753854719999,11217402.45344,3834,1883.117,7179892.27884,0
1753854720000,3811.08,3811.30,3808.43,3808.65,1590.384,1753854779999,6058774.27554,2362,579.616,2207990.22955,0
1753854780000,3808.65,3808.65,3804.66,3805.52,4868.667,1753854839999,18532549.86845,4765,1001.621,3812561.82295,0
1753854840000,3805.53,3807.53,3805.53,3805.53,634.603,1753854899999,2415633.58353,1909,379.208,1443447.44200,0
1753854900000,3805.52,3807.57,3805.00,3806.87,977.385,1753854959999,3719965.32919,2063,626.740,2385387.00001,0
1753854960000,3806.87,3808.00,3806.66,3807.0,435.788,1753855019999,1659217.27668,1138,288.088,1096834.03782,0
1753855020000,3806.99,3808.39,3806.60,3806.61,498.874,1753855079999,1899442.26899,966,313.064,1191977.29505,0
1753855080000,3806.60,3809.24,3806.60,3808.96,706.975,1753855139999,2692422.14328,1468,452.291,1722473.63546,0
1753855140000,3808.96,3808.97,3808.34,3808.47,342.422,1753855199999,1304190.84948,819,182.294,694296.33247,0
1753855200000,3808.47,3810.35,3807.68,3809.33,1731.659,1753855259999,6595868.64628,2592,957.439,3646732.41973,0
1753855260000,3809.32,3811.73,3809.13,3811.73,3896.169,1753855319999,14844409.23038,1866,3450.400,13146086.63063,0
1753855320000,3811.73,3813.67,3811.01,3813.4,1849.679,1753855379999,7051848.43683,2446,991.369,3779746.88791,0
1753855380000,3813.39,3814.00,3812.84,3813.91,1275.112,1753855439999,4862398.71782,1658,757.714,2889311.81720,0
1753855440000,3813.92,3816.50,3810.67,3813.94,6977.858,1753855499999,26610297.04626,6539,2647.425,10098309.61215,0
1753855500000,3813.93,3817.33,3813.93,3816.01,3991.947,1753855559999,15231915.65711,4105,2336.632,8915515.11171,0
1753855560000,3816.01,3818.00,3812.69,3813.32,4208.701,1753855619999,16058046.81230,3942,1151.251,4393262.35662,0
1753855620000,3813.31,3814.72,3810.38,3813.29,1975.516,1753855679999,7531201.77491,3237,816.135,3111545.28431,0
1753855680000,3813.29,3814.84,3812.89,3813.99,610.664,1753855739999,2329068.07449,1757,316.169,1205782.56816,0
1753855740000,3813.99,3814.84,3812.81,3812.81,752.434,1753855799999,2869831.14802,1501,333.311,1271235.78546,0
1753855800000,3812.80,3815.00,3812.80,3815.0,697.243,1753855859999,2659248.26793,1178,489.125,1865483.72049,0
1753855860000,3815.00,3816.50,3814.99,3816.49,748.871,1753855919999,2857379.30692,1637,494.515,1886819.50701,0
1753855920000,3816.49,3817.67,3814.73,3814.73,1073.436,1753855979999,4097048.16450,1845,435.058,1660603.45239,0
1753855980000,3814.74,3817.00,3814.73,3816.99,876.265,1753856039999,3343406.44940,1314,543.118,2072333.51442,0
1753856040000,3817.00,3817.00,3813.83,3815.28,977.451,1753856099999,3729438.64651,1691,408.289,1557640.05382,0
1753856100000,3815.28,3816.95,3813.53,3816.87,1039.078,1753856159999,3964696.30893,2229,687.608,2623692.75778,0
1753856160000,3816.88,3817.25,3815.00,3817.18,3641.130,1753856219999,13898261.78017,2351,2869.253,10952305.13876,0
1753856220000,3817.19,3817.25,3816.74,3817.24,612.803,1753856279999,2339168.33423,798,449.367,1715319.40589,0
1753856280000,3817.24,3819.00,3816.93,3818.37,7495.004,1753856339999,28613164.84790,3639,6322.090,24134598.77379,0
1753856340000,3818.38,3819.16,3817.90,3818.0,1627.883,1753856399999,6216423.59181,2267,1078.826,4119759.12159,0
1753856400000,3818.00,3818.01,3815.00,3816.39,1632.653,1753856459999,6231136.45525,2711,858.517,3276331.33186,0
1753856460000,3816.40,3816.88,3815.26,3815.5,763.337,1753856519999,2912941.73867,1906,234.841,896163.67958,0
1753856520000,3815.50,3816.30,3813.40,3816.27,1538.367,1753856579999,5868726.98399,2438,668.330,2549683.41995,0
1753856580000,3816.28,3816.30,3814.32,3815.99,1608.359,1753856639999,6136736.33382,2061,393.349,1500774.43243,0
1753856640000,3815.99,3815.99,3813.96,3814.46,994.488,1753856699999,3794287.16702,1612,434.055,1655920.40504,0
1753856700000,3814.45,3815.99,3813.75,3815.74,776.032,1753856759999,2960169.44824,1539,408.516,1558265.25127,0
1753856760000,3815.75,3818.45,3815.02,3817.98,791.591,1753856819999,3021552.07186,1594,533.269,2035452.85891,0
1753856820000,3817.98,3820.61,3817.59,3818.8,4442.413,1753856879999,16966793.01231,4634,3651.137,13944431.16338,0
1753856880000,3818.79,3819.40,3817.66,3819.34,1379.631,1753856939999,5268508.56633,2062,698.329,2666820.74626,0
1753856940000,3819.35,3820.60,3818.43,3820.31,1567.763,1753856999999,5988805.18735,1894,1127.056,4305306.76784,0
1753857000000,3820.30,3822.18,3818.61,3822.16,4175.295,1753857059999,15952639.40735,4157,2744.222,10485991.33082,0
1753857060000,3822.17,3824.92,3819.67,3820.3,5417.855,1753857119999,20710381.08493,6020,3205.268,12253984.80883,0
1753857120000,3820.29,3823.51,3819.60,3823.33,2699.268,1753857179999,10316779.34097,3722,1644.372,6284822.76891,0
1753857180000,3823.32,3824.38,3821.21,3821.44,1882.995,1753857239999,7198529.73037,2792,684.923,2618556.08780,0
1753857240000,3821.44,3821.44,3818.34,3819.96,2118.081,1753857299999,8091104.23052,3023,493.475,1884870.92714,0
1753857300000,3819.96,3821.21,3818.53,3819.57,1307.633,1753857359999,4995066.05846,2031,737.632,2817648.02499,0
1753857360000,3819.58,3819.58,3815.00,3815.12,2367.006,1753857419999,9035696.78611,3002,578.885,2209133.04280,0
1753857420000,3815.11,3818.00,3815.11,3817.12,1319.857,1753857479999,5037557.09707,2168,928.641,3544228.27165,0
1753857480000,3817.11,3819.55,3817.11,3818.96,884.182,1753857539999,3376275.68019,1643,606.949,2317594.32588,0
1753857540000,3818.96,3822.00,3818.88,3821.48,1432.313,1753857599999,5471919.39598,2388,743.460,2840289.15588,0
1753857600000,3821.48,3823.41,3821.47,3823.4,1776.944,1753857659999,6792168.34449,1977,867.597,3316214.17982,0
1753857660000,3823.40,3824.77,3823.40,3824.63,1989.977,1753857719999,7609539.99370,2005,1103.906,4221217.98980,0
1753857720000,3824.64,3827.40,3824.22,3827.39,3825.577,1753857779999,14634184.77280,4345,2869.279,10976262.80667,0
1753857780000,3827.40,3827.83,3824.00,3824.79,2134.210,1753857839999,8165650.50536,3741,1075.438,4114884.88254,0
1753857840000,3824.78,3824.78,3823.02,3824.13,1402.616,1753857899999,5362969.53752,2072,385.103,1472506.93525,0
1753857900000,3824.13,3825.00,3820.33,3822.5,2362.398,1753857959999,9028843.25924,3500,832.580,3181882.91817,0
1753857960000,3822.49,3825.00,3822.38,3825.0,839.271,1753858019999,3208728.18946,2302,391.132,1495502.46990,0
1753858020000,3824.99,3826.06,3824.01,3825.35,2747.323,1753858079999,10508448.05847,3320,1489.280,5696427.18346,0
1753858080000,3825.34,3826.51,3825.25,3825.79,1326.115,1753858139999,5073498.66878,1579,685.136,2621235.07197,0
1753858140000,3825.80,3826.39,3824.47,3826.39,1334.805,1753858199999,5106252.84178,1884,567.357,2170378.57078,0
1753858200000,3826.39,3826.61,3824.34,3825.59,1408.391,1753858259999,5387788.50028,2534,538.108,2058674.03341,0
1753858260000,3825.59,3826.57,3824.65,3826.57,884.676,1753858319999,3384231.95444,1788,436.331,1669180.56280,0
1753858320000,3826.56,3828.68,3826.00,3827.44,2571.356,1753858379999,9841583.74752,3496,1695.214,6488433.97733,0
1753858380000,3827.44,3828.59,3826.69,3826.96,1494.210,1753858439999,5719880.09135,2354,815.774,3122781.34456,0
1753858440000,3826.95,3826.96,3824.22,3824.84,1674.723,1753858499999,6407115.36611,2729,299.516,1145709.11807,0
1753858500000,3824.84,3826.74,3824.61,3826.33,657.233,1753858559999,2514568.69242,1371,323.964,1239419.88068,0
1753858560000,3826.34,3826.55,3826.00,3826.0,980.408,1753858619999,3751331.17547,1598,403.334,1543272.57369,0
1753858620000,3826.00,3827.36,3824.68,3825.14,1373.589,1753858679999,5255263.48496,1830,643.872,2463671.95593,0
1753858680000,3825.13,3825.65,3822.34,3822.98,1137.084,1753858739999,4347710.93796,1975,291.990,1116384.62682,0
1753858740000,3822.97,3823.42,3822.01,3822.54,1314.996,1753858799999,5026852.72972,2024,378.561,1447129.79458,0
1753858800000,3822.54,3824.22,3822.00,3823.65,1440.873,1753858859999,5509315.08424,2043,942.363,3603247.40411,0
1753858860000,3823.65,3826.00,3822.66,3825.99,1531.650,1753858919999,5856724.00638,1990,906.682,3467144.88477,0
1753858920000,3826.00,3826.00,3824.48,3825.82,1029.530,1753858979999,3938143.04562,1790,478.358,1829742.56142,0
1753858980000,3825.82,3827.46,3825.67,3826.64,1535.340,1753859039999,5874858.65079,1782,865.182,3310766.74264,0
1753859040000,3826.65,3829.99,3825.82,3826.7,6445.377,1753859099999,24673795.76953,5221,3547.245,13579604.57825,0
1753859100000,3826.71,3832.00,3826.56,3832.0,6691.830,1753859159999,25632569.82645,6984,4696.753,17990884.87813,0
1753859160000,3831.99,3832.61,3831.79,3832.48,3453.971,1753859219999,13236122.49926,3735,1701.427,6520078.47442,0
1753859220000,3832.48,3832.48,3831.22,3831.83,2278.148,1753859279999,8729630.90223,5879,1274.255,4882771.92120,0
1753859280000,3831.84,3832.36,3830.22,3830.22,1368.560,1753859339999,5243572.01057,5445,666.583,2554009.00915,0
1753859340000,3830.22,3830.22,3824.53,3824.88,2604.890,1753859399999,9969592.67586,3674,630.075,2411334.59388,0
1753859400000,3824.88,3826.00,3815.77,3820.19,11916.003,1753859459999,45500150.82430,9619,4733.169,18071884.49602,0
1753859460000,3820.19,3821.42,3817.75,3818.37,3249.220,1753859519999,12410732.26020,4462,804.222,3071995.60387,0
1753859520000,3818.37,3819.47,3816.12,3817.23,4197.537,1753859579999,16023803.43028,4607,1335.955,5100091.02504,0
1753859580000,3817.23,3818.00,3815.61,3816.92,2750.424,1753859639999,10497595.04598,2672,931.156,3554101.07515,0
1753859640000,3816.91,3818.66,3816.38,3818.66,4157.156,1753859699999,15869662.60713,2692,1374.384,5246996.03878,0
1753859700000,3818.66,3819.83,3817.08,3817.12,1992.826,1753859759999,7609884.16685,3589,799.615,3053568.19375,0
1753859760000,3817.13,3817.96,3815.51,3816.75,2442.906,1753859819999,9323322.61643,3313,1132.723,4322976.51784,0
1753859820000,3816.74,3817.00,3815.32,3817.0,2967.048,1753859879999,11322522.63288,3313,1133.726,4326503.97375,0
1753859880000,3817.00,3819.00,3815.00,3815.0,2036.842,1753859939999,7774612.85150,3432,807.547,3082799.62200,0
1753859940000,3815.00,3816.95,3814.88,3814.88,2319.159,1753859999999,8848828.55598,2193,936.899,3574734.77707,0
1753860000000,3814.88,3817.23,3813.68,3815.42,4874.670,1753860059999,18596306.17787,4576,2199.509,8390810.51233,0
1753860060000,3815.42,3818.09,3815.42,3818.08,1922.339,1753860119999,7336377.61980,2412,953.529,3639162.97564,0
1753860120000,3818.09,3818.09,3816.62,3817.98,1542.482,1753860179999,5888131.38908,1759,960.495,3666366.82845,0
1753860180000,3817.98,3818.94,3817.10,3818.1,1438.175,1753860239999,5491334.39151,2042,942.356,3598113.27186,0
1753860240000,3818.10,3818.19,3815.99,3816.47,1165.193,1753860299999,4447468.06145,1846,308.187,1176381.94674,0
1753860300000,3816.48,3817.18,3814.77,3816.24,1922.267,1753860359999,7335864.31126,2292,461.954,1762766.77364,0
1753860360000,3816.23,3816.63,3814.77,3815.76,1157.553,1753860419999,4416860.25917,1254,307.471,1173156.09973,0
1753860420000,3815.77,3822.43,3815.40,3822.22,2390.408,1753860479999,9127879.20100,3816,1972.462,7532091.75369,0
1753860480000,3822.21,3827.17,3821.51,3826.06,3665.495,1753860539999,14020163.72802,4292,2824.940,10805979.79097,0
1753860540000,3826.07,3827.75,3822.92,3827.68,5044.307,1753860599999,19293957.23871,4705,2952.337,11292889.00751,0
1753860600000,3827.69,3830.00,3827.54,3830.0,2330.011,1753860659999,8920454.76896,3806,1544.661,5913933.00187,0
1753860660000,3829.99,3830.68,3826.00,3827.0,3287.439,1753860719999,12586085.52333,3470,795.563,3046168.71781,0
1753860720000,3826.99,3827.43,3820.07,3820.95,6172.701,1753860779999,23600921.77379,5531,1584.980,6060582.18394,0
1753860780000,3820.95,3824.44,3820.94,3823.5,1308.018,1753860839999,5000724.54258,2342,745.088,2848528.21144,0
1753860840000,3823.49,3824.88,3821.16,3821.17,1009.864,1753860899999,3861067.95852,2245,434.423,1661052.61778,0
1753860900000,3821.16,3824.43,3821.00,3822.4,1187.893,1753860959999,4540800.45515,2003,534.430,2043028.82822,0
1753860960000,3822.40,3826.26,3821.95,3826.26,786.527,1753861019999,3007799.43177,1942,483.617,1849531.30644,0
1753861020000,3826.26,3827.00,3822.92,3823.53,699.419,1753861079999,2675255.04028,2417,324.243,1240120.81101,0
1753861080000,3823.52,3823.52,3820.04,3822.01,1837.433,1753861139999,7021477.68626,2341,435.128,1662884.07674,0
1753861140000,3822.01,3822.02,3815.54,3815.79,2376.255,1753861199999,9071846.41432,4123,857.506,3273755.60407,0
1753861200000,3815.80,3816.45,3810.70,3813.0,4989.184,1753861259999,19023101.91888,5779,1277.568,4871189.79073,0
1753861260000,3813.01,3816.46,3813.01,3814.66,2175.531,1753861319999,8299894.79252,2894,1273.584,4858874.64349,0
1753861320000,3814.66,3814.67,3813.69,3814.48,1390.312,1753861379999,5302709.76660,1960,643.266,2453382.98487,0
1753861380000,3814.49,3818.43,3814.48,3818.43,2250.032,1753861439999,8587884.23098,3054,1562.291,5962614.58890,0
1753861440000,3818.43,3822.04,3818.00,3818.01,3505.324,1753861499999,13392475.09661,3396,1941.715,7418660.12252,0
1753861500000,3818.01,3818.62,3814.02,3814.1,2430.610,1753861559999,9276838.76918,3487,903.448,3448487.88719,0
1753861560000,3814.10,3814.83,3812.02,3813.65,3911.456,1753861619999,14914958.72938,4012,2066.645,7880317.02024,0
1753861620000,3813.65,3815.73,3813.47,3813.86,1111.646,1753861679999,4240277.38734,2141,670.160,2556242.82530,0
1753861680000,3813.86,3815.38,3813.00,3814.67,1105.241,1753861739999,4215527.17728,2057,673.140,2567491.40704,0
1753861740000,3814.67,3816.22,3813.41,3815.09,1562.162,1753861799999,5959080.51045,2560,767.699,2928410.56221,0
1753861800000,3815.10,3815.45,3813.31,3815.0,1410.705,1753861859999,5380913.76632,1525,481.256,1835572.96351,0
1753861860000,3815.00,3815.40,3812.53,3812.54,1185.525,1753861919999,4522012.16238,1752,671.624,2561923.64824,0
1753861920000,3812.54,3812.93,3810.36,3811.28,2894.745,1753861979999,11033447.79123,3173,825.137,3145063.98266,0
1753861980000,3811.28,3811.29,3809.00,3809.0,6959.156,1753862039999,26515260.32729,3342,692.962,2640466.99449,0
1753862040000,3809.01,3809.81,3806.50,3807.9,5694.375,1753862099999,21684336.58002,4880,1929.391,7347643.56926,0
1753862100000,3807.91,3808.48,3806.00,3806.01,3200.811,1753862159999,12186155.67065,2885,1083.812,4126225.17726,0
1753862160000,3806.01,3806.98,3801.01,3805.11,12784.396,1753862219999,48624080.81478,9856,3493.875,13289193.67438,0
1753862220000,3805.11,3807.29,3804.92,3807.29,2242.152,1753862279999,8533434.84345,2865,1465.937,5579352.94436,0
1753862280000,3807.29,3810.80,3807.20,3810.07,2439.740,1753862339999,9293169.54989,3068,1411.945,5378195.72499,0
1753862340000,3810.08,3810.08,3809.12,3809.13,1209.054,1753862399999,4606058.27398,1607,647.087,2465173.94343,0
1753862400000,3809.12,3809.22,3806.58,3806.77,1562.771,1753862459999,5950941.17587,3083,550.269,2095288.17060,0
1753862460000,3806.78,3809.34,3806.03,3807.63,2160.950,1753862519999,8228711.73577,2632,1433.300,5458191.87331,0
1753862520000,3807.63,3810.31,3807.49,3809.58,2076.288,1753862579999,7908679.68736,2516,1342.864,5115275.96395,0
1753862580000,3809.58,3813.30,3809.36,3813.3,2008.146,1753862639999,7655859.77227,2004,1534.114,5848824.63429,0
1753862640000,3813.30,3813.89,3812.51,3812.52,2354.413,1753862699999,8978554.77717,1702,892.312,3402756.57702,0
1753862700000,3812.52,3813.16,3810.85,3811.99,1606.686,1753862759999,6124577.78662,2388,474.167,1807393.64950,0
1753862760000,3811.99,3813.50,3810.66,3813.5,1700.160,1753862819999,6481602.81212,1870,818.160,3119031.80606,0
1753862820000,3813.49,3814.77,3813.18,3814.77,1936.062,1753862879999,7383760.98152,1798,1020.110,3890620.35605,0
1753862880000,3814.77,3821.86,3814.76,3820.4,10597.438,1753862939999,40472743.95447,7265,8798.669,33601551.01559,0
1753862940000,3820.40,3820.40,3815.79,3815.83,2367.888,1753862999999,9039857.24792,3402,536.177,2046992.25149,0
1753863000000,3815.83,3816.64,3813.85,3814.5,1508.203,1753863059999,5753953.72581,3056,688.812,2627925.32450,0
1753863060000,3814.50,3814.83,3810.00,3810.22,1412.431,1753863119999,5385039.49281,2180,292.499,1115164.66884,0
1753863120000,3810.22,3810.82,3798.29,3801.74,10901.725,1753863179999,41460652.12190,8793,1412.522,5372455.57075,0
1753863180000,3801.75,3801.86,3796.32,3800.2,11346.360,1753863239999,43107394.48270,13196,3726.709,14160664.09435,0
1753863240000,3800.20,3802.10,3799.83,3800.19,3828.827,1753863299999,14553460.78181,7540,2648.176,10066062.39289,0
1753863300000,3800.18,3801.94,3799.00,3799.11,3362.436,1753863359999,12777454.72566,4321,956.524,3634899.96427,0
1753863360000,3799.11,3803.79,3795.09,3802.7,4617.109,1753863419999,17541324.10584,6363,1957.675,7439997.23951,0
1753863420000,3802.69,3808.00,3802.58,3804.78,2693.280,1753863479999,10250229.98700,4151,1500.916,5711601.81147,0
1753863480000,3804.77,3807.00,3802.49,3802.81,2158.510,1753863539999,8212542.82014,3719,1040.331,3958506.38175,0
1753863540000,3802.81,3808.26,3802.50,3806.2,1937.768,1753863599999,7374347.51197,3373,1370.559,5216222.59328,0
1753863600000,3806.20,3806.84,3800.27,3800.27,3223.568,1753863659999,12261874.86741,4047,748.913,2849169.85412,0
1753863660000,3800.28,3802.73,3800.27,3801.8,1617.964,1753863719999,6150416.34702,2294,856.186,3254592.38510,0
1753863720000,3801.81,3803.25,3801.62,3802.24,1480.901,1753863779999,5630662.22679,1987,723.862,2752236.85650,0
1753863780000,3802.24,3808.00,3802.23,3807.01,3219.353,1753863839999,12252837.43853,3033,2657.139,10112543.58120,0
1753863840000,3807.00,3808.00,3805.00,3805.01,1438.641,1753863899999,5475856.94004,1635,395.658,1506298.24606,0
1753863900000,3805.00,3808.63,3805.00,3807.73,1425.715,1753863959999,5427801.85695,2318,749.246,2852340.26317,0
1753863960000,3807.74,3808.88,3806.97,3808.17,743.882,1753864019999,2832826.14550,1648,413.943,1576314.15629,0
1753864020000,3808.15,3810.18,3808.00,3809.86,999.223,1753864079999,3805908.76022,1992,603.522,2298739.73549,0
1753864080000,3809.86,3810.28,3807.21,3807.21,1160.734,1753864139999,4421926.39424,1590,551.687,2101679.94768,0
1753864140000,3807.21,3818.83,3807.21,3816.74,9303.146,1753864199999,35481013.97018,6950,7796.676,29736236.09562,0
1753864200000,3816.74,3816.90,3813.51,3815.94,2614.194,1753864259999,9974152.27265,3639,873.863,3333931.81403,0
1753864260000,3815.94,3815.95,3810.07,3810.19,3648.992,1753864319999,13914741.63696,3840,375.834,1433024.45951,0
1753864320000,3810.20,3810.56,3807.08,3809.95,1825.323,1753864379999,6952006.06928,3259,495.131,1885945.04883,0
1753864380000,3809.95,3811.01,3806.52,3806.86,1192.041,1753864439999,4540999.63767,2473,594.097,2263068.03838,0
1753864440000,3806.87,3812.70,3806.86,3812.69,864.348,1753864499999,3293166.74569,2398,667.804,2544339.82619,0
1753864500000,3812.69,3815.00,3811.08,3814.99,4184.597,1753864559999,15962626.08155,2705,3403.355,12982945.09021,0
1753864560000,3814.99,3819.02,3814.82,3818.12,1922.630,1753864619999,7338595.85611,3639,1207.644,4609330.14801,0
1753864620000,3818.12,3819.95,3817.13,3819.94,2070.946,1753864679999,7907862.11291,2675,1375.437,5252109.39556,0
1753864680000,3819.95,3820.35,3818.97,3820.16,3373.737,1753864739999,12887397.53952,3369,1767.023,6749959.75727,0
1753864740000,3820.16,3820.72,3819.40,3819.79,1588.723,1753864799999,6069457.35425,1896,454.562,1736538.50146,0
1753864800000,3819.78,3819.78,3818.14,3819.0,1758.888,1753864859999,6716858.64655,1944,373.192,1425115.66371,0
1753864860000,3818.99,3820.64,3814.30,3818.0,4606.707,1753864919999,17581615.18556,4453,1186.778,4529249.53786,0
1753864920000,3818.00,3822.38,3818.00,3821.65,3072.817,1753864979999,11738968.12477,3393,1705.778,6516459.31981,0
1753864980000,3821.65,3822.12,3820.96,3821.73,1851.951,1753865039999,7077083.28968,2590,732.391,2798791.45412,0
1753865040000,3821.72,3821.72,3818.96,3821.19,2030.934,1753865099999,7758720.28460,2456,849.501,3245398.32591,0
1753865100000,3821.19,3821.61,3817.27,3820.35,4559.894,1753865159999,17414597.48164,4185,952.991,3639622.61185,0
1753865160000,3820.34,3820.50,3818.56,3819.1,1234.978,1753865219999,4717208.14988,1800,364.455,1392055.40262,0
1753865220000,3819.11,3819.79,3818.50,3819.0,1822.636,1753865279999,6960808.13404,2456,704.177,2689239.26214,0
1753865280000,3819.00,3820.40,3819.00,3819.34,1727.568,1753865339999,6598749.55509,1528,738.053,2818933.87282,0
1753865340000,3819.35,3822.37,3819.00,3822.37,1505.480,1753865399999,5751179.39080,1864,1168.934,4465645.22309,0
1753865400000,3822.37,3822.43,3818.00,3820.17,1773.263,1753865459999,6774156.99701,2642,671.121,2563812.95193,0
1753865460000,3820.17,3822.20,3819.88,3822.0,1033.396,1753865519999,3948851.30292,1724,500.603,1912957.14594,0
1753865520000,3821.99,3824.00,3821.39,3821.57,2809.316,1753865579999,10738210.47473,3020,1706.947,6524557.72931,0
1753865580000,3821.57,3824.26,3821.57,3824.26,1762.442,1753865639999,6738136.77507,1962,1182.800,4522085.57458,0
1753865640000,3824.25,3824.26,3818.41,3821.07,3454.941,1753865699999,13201511.40418,3383,713.334,2725420.49876,0
1753865700000,3821.07,3821.82,3818.10,3819.28,1461.442,1753865759999,5582074.77170,2337,428.830,1637747.45194,0
1753865760000,3819.28,3820.00,3818.11,3819.99,1364.495,1753865819999,5210938.85363,1675,840.273,3209065.91216,0
1753865820000,3820.00,3820.00,3817.34,3817.34,1248.729,1753865879999,4768533.66829,1692,251.639,961038.29519,0
1753865880000,3817.34,3818.20,3815.21,3815.21,3449.886,1753865939999,13167526.80749,3273,2022.385,7719313.27273,0
1753865940000,3815.20,3816.09,3813.00,3813.0,2408.067,1753865999999,9185408.18833,2444,752.598,2870897.15395,0
1753866000000,3813.01,3816.00,3810.20,3811.2,3475.934,1753866059999,13252892.04418,4555,1445.122,5509120.15872,0
1753866060000,3811.20,3811.98,3808.13,3808.18,3382.491,1753866119999,12887838.26642,3947,1522.223,5800089.07710,0
1753866120000,3808.19,3809.58,3806.08,3806.3,2854.544,1753866179999,10869013.64667,3888,1111.617,4232952.15596,0
1753866180000,3806.30,3811.79,3806.30,3811.56,2599.125,1753866239999,9900304.55977,4236,1990.687,7582846.63812,0
1753866240000,3811.56,3812.98,3809.80,3809.81,1723.051,1753866299999,6566930.57633,3008,948.841,3616222.85842,0
1753866300000,3809.81,3817.29,3809.80,3817.29,4419.272,1753866359999,16859400.57433,5145,3589.775,13694767.78145,0
1753866360000,3817.29,3818.49,3815.20,3817.99,1902.988,1753866419999,7263820.28832,3687,886.778,3384994.60467,0
1753866420000,3817.99,3818.00,3814.12,3815.99,1053.091,1753866479999,4018181.86863,2793,497.999,1899952.22247,0
1753866480000,3816.00,3817.33,3813.71,3814.2,687.027,1753866539999,2621426.51212,2515,284.254,1084604.57208,0
1753866540000,3814.21,3816.09,3813.45,3815.1,945.333,1753866599999,3606291.70997,2364,529.309,2019078.20319,0
1753866600000,3815.11,3815.56,3808.33,3808.98,2407.570,1753866659999,9177422.44012,3955,542.549,2067870.26487,0
1753866660000,3808.98,3810.00,3805.65,3805.65,2269.876,1753866719999,8643505.48727,3556,995.001,3789075.35679,0
1753866720000,3805.65,3808.50,3803.66,3803.66,3353.711,1753866779999,12762800.56549,4410,1227.739,4672852.74127,0
1753866780000,3803.66,3807.06,3803.37,3804.03,2047.747,1753866839999,7791242.53673,3427,888.620,3381080.19661,0
1753866840000,3804.06,3805.45,3803.07,3803.25,3483.458,1753866899999,13251562.92313,3425,1404.360,5341878.91170,0
1753866900000,3803.26,3805.64,3800.97,3803.87,5453.789,1753866959999,20740735.32822,5682,2819.031,10722949.81272,0
1753866960000,3803.86,3805.00,3802.24,3805.0,1547.518,1753867019999,5886155.62381,3153,974.902,3708215.73946,0
1753867020000,3805.00,3805.72,3803.41,3803.98,1193.199,1753867079999,4539564.30187,2794,595.780,2266666.38722,0
1753867080000,3803.99,3806.27,3803.18,3803.77,1135.139,1753867139999,4318928.14414,2644,681.904,2594469.89383,0
1753867140000,3803.77,3804.44,3802.71,3803.92,1704.993,1753867199999,6484873.25195,2297,1160.729,4414723.40252,0
1753867200000,3803.91,3807.21,3803.43,3803.44,1049.179,1753867259999,3992586.44287,2612,509.635,1939462.70497,0
1753867260000,3803.44,3804.49,3802.82,3803.82,1539.200,1753867319999,5854343.64495,2747,1025.684,3901206.65287,0
1753867320000,3803.83,3806.20,3803.81,3805.35,826.873,1753867379999,3146116.35850,2179,477.564,1817081.33646,0
1753867380000,3805.35,3805.71,3803.01,3804.37,987.584,1753867439999,3757251.35076,1896,392.958,1494913.17772,0
1753867440000,3804.38,3804.51,3801.18,3801.2,971.108,1753867499999,3693077.32435,2009,310.374,1180406.25991,0
1753867500000,3801.20,3803.57,3800.43,3802.89,2048.068,1753867559999,7785663.69857,3153,1022.697,3887961.85261,0
1753867560000,3802.88,3804.51,3801.17,3801.18,1431.519,1753867619999,5444514.06417,2169,735.364,2796895.24413,0
1753867620000,3801.18,3802.83,3797.20,3799.65,4815.695,1753867679999,18295195.40688,5559,1953.634,7422115.72086,0
1753867680000,3799.64,3800.79,3798.69,3798.69,3741.740,1753867739999,14218715.09530,3827,1648.405,6264103.94406,0
1753867740000,3798.70,3799.30,3792.70,3794.58,10965.570,1753867799999,41619611.77083,9311,3216.782,12210139.89680,0
1753867800000,3794.59,3795.53,3785.51,3785.52,16537.822,1753867859999,62668013.37923,17023,5049.586,19129414.82177,0
1753867860000,3785.52,3788.16,3776.94,3780.72,26878.614,1753867919999,101681898.91501,20494,11056.065,41832154.04588,0
1753867920000,3780.71,3786.50,3780.60,3785.46,9182.048,1753867979999,34743639.13767,8974,7008.533,26518611.48455,0
1753867980000,3785.47,3786.76,3783.64,3784.24,3953.643,1753868039999,14965347.76146,5364,1525.143,5772952.78422,0
1753868040000,3784.25,3786.16,3783.07,3783.42,3338.891,1753868099999,12637723.60654,4714,1903.803,7205910.01744,0
1753868100000,3783.42,3786.58,3783.22,3783.73,3862.822,1753868159999,14619970.32950,4958,1544.667,5845887.29311,0
1753868160000,3783.72,3784.39,3779.62,3779.64,4628.258,1753868219999,17504695.80600,6301,1630.894,6168779.54075,0
1753868220000,3779.65,3780.87,3776.00,3778.84,7645.447,1753868279999,28886250.87026,9609,2859.642,10806457.28065,0
1753868280000,3778.85,3780.82,3776.25,3780.62,4827.995,1753868339999,18243418.48075,6024,2973.504,11236535.71215,0
1753868340000,3780.61,3781.42,3777.60,3778.36,3870.526,1753868399999,14628251.27469,5697,2278.159,8610287.39900,0
1753868400000,3778.36,3781.59,3775.73,3777.15,4391.820,1753868459999,16595151.68084,5647,2376.836,8983249.17028,0
1753868460000,3777.15,3780.83,3773.17,3780.68,9226.747,1753868519999,34841183.98556,9269,4620.867,17451860.82038,0
1753868520000,3780.67,3780.67,3778.07,3779.06,3483.655,1753868579999,13165676.53375,4361,2082.453,7869915.18512,0
1753868580000,3779.07,3782.37,3779.07,3779.47,2270.573,1753868639999,8585443.06235,3236,1335.866,5051004.38746,0
1753868640000,3779.47,3780.00,3777.58,3778.0,2828.261,1753868699999,10687850.95430,3035,1235.830,4670146.10996,0
1753868700000,3778.01,3780.45,3775.84,3779.05,3486.043,1753868759999,13172188.18334,5253,2054.421,7762248.33649,0
1753868760000,3779.04,3781.95,3778.53,3780.29,2393.545,1753868819999,9047602.17098,3348,1707.242,6453640.06687,0
1753868820000,3780.29,3783.87,3780.29,3781.63,4994.141,1753868879999,18889529.80556,5104,3177.905,12019516.42011,0
1753868880000,3781.64,3781.64,3778.00,3778.01,3682.935,1753868939999,13918896.02620,3439,743.694,2810600.26763,0
1753868940000,3778.01,3781.83,3778.01,3781.27,3551.368,1753868999999,13426268.33001,4049,1668.141,6306402.62555,0
1753869000000,3781.27,3783.00,3780.25,3782.99,1184.380,1753869059999,4478958.40461,2880,745.201,2818042.14994,0
1753869060000,3782.99,3784.43,3782.30,3784.43,2085.217,1753869119999,7889466.67515,4008,1469.030,5557959.03777,0
1753869120000,3784.43,3785.32,3781.33,3782.14,2869.463,1753869179999,10856183.31204,3447,1534.313,5805043.10285,0
1753869180000,3782.15,3784.67,3781.20,3781.2,1047.907,1753869239999,3964925.40485,2478,582.024,2202178.77401,0
1753869240000,3781.20,3781.88,3779.00,3780.81,2176.774,1753869299999,8229235.29418,3047,1061.432,4012503.90352,0
1753869300000,3780.81,3785.00,3779.50,3784.05,3827.922,1753869359999,14476430.24973,4070,1831.666,6927524.75357,0
1753869360000,3784.05,3785.34,3782.75,3785.33,1385.447,1753869419999,5242856.21751,2400,896.585,3392995.75631,0
1753869420000,3785.33,3785.66,3783.57,3785.29,2014.539,1753869479999,7624576.82240,3293,927.308,3509685.84628,0
1753869480000,3785.29,3787.82,3785.28,3786.17,2879.804,1753869539999,10904744.22424,2918,1770.797,6705010.95437,0
1753869540000,3786.16,3786.17,3784.36,3784.69,1104.265,1753869599999,4179939.44059,1814,376.028,1423330.12834,0
1753869600000,3784.69,3788.63,3784.69,3788.1,2354.281,1753869659999,8916160.41870,3549,1543.867,5846918.67164,0
1753869660000,3788.10,3789.92,3787.26,3789.68,3617.577,1753869719999,13706646.24050,4201,2677.962,10146670.92620,0
1753869720000,3789.69,3791.49,3789.33,3789.71,1929.564,1753869779999,7313882.43783,2767,1310.947,4968994.90393,0
1753869780000,3789.71,3792.60,3789.70,3791.02,2063.267,1753869839999,7822505.49966,2991,975.160,3697189.42747,0
1753869840000,3791.02,3794.63,3790.56,3793.58,2008.087,1753869899999,7616512.65913,3091,1331.252,5049514.87236,0
1753869900000,3793.58,3795.84,3792.21,3792.94,3434.301,1753869959999,13028479.95542,3892,1685.186,6393593.49514,0
1753869960000,3792.94,3793.54,3792.22,3793.4,1510.550,1753870019999,5729424.83621,1701,649.353,2462905.12630,0
1753870020000,3793.41,3794.04,3792.22,3792.22,1771.425,1753870079999,6719052.59181,2277,651.243,2470243.87397,0
1753870080000,3792.23,3792.55,3786.51,3791.59,4536.731,1753870139999,17188049.58349,4611,1560.047,5910348.77905,0
1753870140000,3791.59,3792.59,3790.38,3791.48,744.593,1753870199999,2823054.96070,1817,363.988,1380032.65291,0
1753870200000,3791.48,3794.00,3791.35,3794.0,769.100,1753870259999,2916626.16774,2269,422.413,1601921.78255,0
1753870260000,3793.99,3798.00,3793.40,3797.11,3885.559,1753870319999,14749939.75396,4323,2829.968,10743019.97241,0
1753870320000,3797.11,3798.75,3795.70,3795.7,2640.565,1753870379999,10027902.62847,3716,1401.566,5322741.26618,0
1753870380000,3795.71,3797.72,3794.64,3794.64,800.744,1753870439999,3039740.17897,2240,220.890,838561.13704,0
1753870440000,3794.64,3797.00,3794.15,3796.96,1908.747,1753870499999,7245004.95975,2218,1350.851,5127789.93864,0
1753870500000,3796.97,3797.31,3794.99,3796.67,1745.184,1753870559999,6624786.06136,2942,716.316,2719009.19744,0
1753870560000,3796.66,3797.36,3794.49,3794.5,2774.287,1753870619999,10531446.95398,3093,1528.544,5802445.53597,0
1753870620000,3794.49,3794.50,3789.37,3789.37,2053.914,1753870679999,7788607.85367,2468,139.485,529059.96584,0
1753870680000,3789.38,3792.55,3789.26,3791.53,1553.916,1753870739999,5889889.17167,2399,770.922,2921952.37992,0
1753870740000,3791.53,3794.91,3791.53,3794.9,1049.487,1753870799999,3980738.57528,1878,481.137,1824921.76673,0
1753870800000,3794.91,3795.61,3793.26,3795.61,1419.093,1753870859999,5384569.38878,2075,737.667,2798867.71077,0
1753870860000,3795.61,3798.42,3795.51,3798.42,1611.493,1753870919999,6118731.98348,2736,994.912,3777539.11016,0
1753870920000,3798.42,3800.02,3796.55,3796.59,2742.108,1753870979999,10417097.67058,3966,1887.861,7172092.77666,0
1753870980000,3796.60,3798.90,3796.60,3798.89,1123.797,1753871039999,4267993.91804,1560,542.573,2060538.90736,0
1753871040000,3798.89,3799.52,3797.34,3799.37,687.169,1753871099999,2610037.43423,1602,342.537,1301048.11139,0
1753871100000,3799.37,3801.36,3798.35,3800.98,1384.518,1753871159999,5261430.06144,2437,760.592,2890447.10600,0
1753871160000,3800.98,3800.98,3796.23,3796.58,1424.537,1753871219999,5410963.61112,2085,236.401,897848.35792,0
1753871220000,3796.59,3797.77,3795.65,3796.49,853.930,1753871279999,3242172.87397,1850,368.439,1398836.96288,0
1753871280000,3796.49,3798.00,3796.25,3798.0,518.867,1753871339999,1970200.70268,1048,193.967,736508.47057,0
1753871340000,3797.99,3799.00,3797.00,3797.0,802.645,1753871399999,3048579.32165,1428,327.811,1245084.10861,0
1753871400000,3797.01,3797.01,3790.90,3790.95,2232.703,1753871459999,8469328.20619,3177,436.641,1655955.00880,0
1753871460000,3790.95,3796.45,3790.95,3795.92,817.948,1753871519999,3103477.53925,2042,446.486,1693931.38823,0
1753871520000,3795.91,3797.37,3793.68,3797.36,1830.257,1753871579999,6947420.13094,2506,1193.770,4531587.28848,0
1753871580000,3797.36,3798.99,3797.36,3798.99,1242.257,1753871639999,4718343.77781,1937,691.667,2626955.74642,0
1753871640000,3798.99,3799.31,3794.76,3795.31,1833.590,1753871699999,6962761.07736,2419,675.737,2565616.20092,0
1753871700000,3795.31,3798.60,3795.31,3798.6,925.127,1753871759999,3513197.97380,1910,317.810,1206841.31952,0
1753871760000,3798.59,3800.34,3797.67,3799.73,1971.862,1753871819999,7491101.83808,2747,865.555,3288365.57478,0
1753871820000,3799.72,3805.13,3799.72,3800.99,6537.809,1753871879999,24865107.43656,5868,5074.956,19302750.77842,0
1753871880000,3800.99,3801.64,3799.48,3801.23,1348.758,1753871939999,5126126.28150,2201,707.469,2688804.13864,0
1753871940000,3801.23,3806.08,3801.23,3805.79,2545.579,1753871999999,9683822.28050,3111,1870.729,7117075.42863,0
1753872000000,3805.79,3805.80,3803.88,3804.44,1576.919,1753872059999,6000186.25946,2375,719.306,2736869.43915,0
1753872060000,3804.44,3804.44,3802.27,3804.29,1785.993,1753872119999,6793028.10966,2054,551.618,2098014.56061,0
1753872120000,3804.30,3804.45,3800.06,3800.76,2464.918,1753872179999,9372652.39874,2750,635.142,2415853.26420,0
1753872180000,3800.76,3803.09,3800.76,3803.09,668.614,1753872239999,2542004.17730,1244,358.060,1361277.75890,0
1753872240000,3803.09,3803.30,3800.63,3801.39,1496.169,1753872299999,5688141.68785,2300,318.618,1211202.99950,0
1753872300000,3801.40,3802.06,3800.63,3801.47,1805.577,1753872359999,6863878.36114,2105,347.497,1320984.67518,0
1753872360000,3801.46,3801.67,3800.42,3801.29,1188.517,1753872419999,4518128.97037,1230,845.905,3215767.47812,0
1753872420000,3801.28,3801.29,3795.50,3797.36,3417.588,1753872479999,12977701.95581,3524,479.229,1819865.45762,0
1753872480000,3797.36,3797.70,3794.93,3794.94,1766.902,1753872539999,6707567.61948,2307,603.515,2290949.86355,0
1753872540000,3794.93,3795.77,3792.65,3793.59,3263.062,1753872599999,12380470.26362,4096,1643.943,6237179.26999,0
1753872600000,3793.59,3793.59,3786.54,3786.54,4951.276,1753872659999,18764502.53051,5657,1195.894,4532525.46782,0
1753872660000,3786.54,3787.51,3782.31,3782.31,6961.663,1753872719999,26353993.51065,7113,4304.030,16294239.25457,0
1753872720000,3782.32,3783.89,3778.25,3778.54,4323.087,1753872779999,16345182.05730,6399,1254.669,4744399.35036,0
1753872780000,3778.55,3780.34,3775.45,3779.06,6612.553,1753872839999,24981182.36509,7890,2421.854,9149032.45584,0
1753872840000,3779.06,3779.65,3777.12,3777.41,3927.672,1753872899999,14839545.15308,3974,1676.967,6335764.73911,0
1753872900000,3777.40,3777.98,3775.34,3777.53,4312.478,1753872959999,16288241.90024,4312,2421.157,9144836.73429,0
1753872960000,3777.52,3778.51,3776.75,3778.03,2163.617,1753873019999,8173407.44599,2892,1355.991,5122408.20102,0
1753873020000,3778.02,3778.30,3774.06,3778.03,6266.983,1753873079999,23663424.56037,5593,1647.632,6221585.61855,0
1753873080000,3778.02,3781.28,3774.00,3774.26,5218.744,1753873139999,19718619.06737,5813,2307.234,8719592.44308,0
1753873140000,3774.26,3774.27,3766.00,3771.82,17102.144,1753873199999,64472613.64068,15304,5844.664,22035654.56612,0
1753873200000,3771.82,3773.77,3768.51,3768.74,5956.460,1753873259999,22460438.27393,10786,2677.569,10096874.95712,0
1753873260000,3768.75,3772.64,3768.75,3769.79,5702.921,1753873319999,21505523.23776,8257,3721.219,14032954.86878,0
1753873320000,3769.78,3772.01,3769.78,3772.01,3371.411,1753873379999,12714113.88973,3606,2516.733,9491257.02472,0
1753873380000,3772.00,3776.72,3772.00,3775.27,8784.595,1753873439999,33155364.56863,5416,7133.137,26920139.89092,0
1753873440000,3775.26,3776.46,3774.68,3776.09,1705.137,1753873499999,6438185.20572,3203,1143.340,4317005.33426,0
1753873500000,3776.08,3778.93,3775.27,3778.28,2558.155,1753873559999,9662627.75887,3837,1885.126,7120522.85418,0
1753873560000,3778.27,3778.28,3774.00,3777.19,3347.090,1753873619999,12638235.11550,4123,1864.755,7041218.73742,0
1753873620000,3777.19,3777.86,3776.00,3776.7,1384.791,1753873679999,5230041.52665,1853,923.870,3489192.27903,0
1753873680000,3776.70,3779.35,3775.98,3779.34,1685.671,1753873739999,6367529.71964,2328,1076.243,4065634.23175,0
1753873740000,3779.35,3780.30,3777.60,3778.32,2944.234,1753873799999,11126105.51117,3617,1750.703,6615837.93665,0
1753873800000,3778.33,3782.18,3778.32,3782.17,2291.873,1753873859999,8663953.32389,3076,1468.627,5552288.44010,0
1753873860000,3782.18,3784.45,3781.88,3782.22,2474.437,1753873919999,9361121.64485,3274,1804.645,6827304.24517,0
1753873920000,3782.21,3782.22,3781.08,3781.53,876.275,1753873979999,3313569.66706,1733,308.516,1166610.61093,0
1753873980000,3781.52,3782.00,3778.85,3778.85,1448.915,1753874039999,5477800.58900,2143,266.549,1007777.93721,0
1753874040000,3778.85,3780.40,3778.85,3780.19,617.445,1753874099999,2333712.16054,1699,379.139,1432970.78931,0
1753874100000,3780.18,3781.60,3777.69,3777.69,1749.917,1753874159999,6615231.81520,2546,836.450,3162416.55914,0
1753874160000,3777.69,3778.98,3774.13,3774.13,1529.830,1753874219999,5778026.33748,3092,338.429,1278363.72473,0
1753874220000,3774.13,3775.14,3765.00,3770.27,8384.804,1753874279999,31608444.42876,9597,2493.708,9399582.91515,0
1753874280000,3770.26,3773.92,3764.98,3764.99,4247.422,1753874339999,16009625.81787,6901,1494.361,5634497.85970,0
1753874340000,3765.00,3767.77,3758.00,3764.58,31227.890,1753874399999,117474921.20645,21035,14172.690,53319674.75538,0
1753874400000,3764.57,3765.53,3762.25,3764.15,9876.278,1753874459999,37171971.30824,7076,4319.969,16259410.14932,0
1753874460000,3764.16,3767.49,3763.96,3766.61,4470.011,1753874519999,16832339.48510,5136,3026.580,11396629.84783,0
1753874520000,3766.60,3767.77,3764.22,3766.85,2075.883,1753874579999,7817828.46090,3721,1228.366,4626115.20871,0
1753874580000,3766.85,3767.66,3760.50,3764.52,7541.266,1753874639999,28382366.14404,7001,1514.182,5699836.31630,0
1753874640000,3764.52,3764.52,3756.81,3757.42,7623.116,1753874699999,28654480.31935,9150,2642.854,9934414.51578,0
1753874700000,3757.42,3760.89,3755.46,3757.81,8229.891,1753874759999,30927198.30579,8180,5232.741,19664622.16735,0
1753874760000,3757.82,3757.82,3752.00,3754.37,17497.149,1753874819999,65691062.64864,13097,5633.494,21151792.67245,0
1753874820000,3754.38,3756.00,3752.00,3753.87,7285.760,1753874879999,27344914.39884,6038,4861.072,18244062.26064,0
1753874880000,3753.87,3761.48,3753.21,3757.69,7374.729,1753874939999,27713195.43936,8919,5489.373,20630797.91214,0
1753874940000,3757.70,3759.00,3752.83,3753.03,5121.570,1753874999999,19229478.56236,5584,1885.779,7080186.97878,0
1753875000000,3753.03,3756.03,3752.10,3754.76,5122.549,1753875059999,19231394.06921,6028,2568.255,9642466.53338,0
1753875060000,3754.76,3755.72,3754.13,3755.72,1969.489,1753875119999,7395331.24394,2573,1274.248,4784758.29272,0
1753875120000,3755.72,3759.49,3755.71,3756.9,5015.745,1753875179999,18849344.70436,5633,3232.615,12148144.71795,0
1753875180000,3756.89,3762.77,3756.89,3762.0,5653.359,1753875239999,21259118.92210,5452,4477.862,16838553.09053,0
1753875240000,3762.00,3762.00,3758.21,3758.83,3252.807,1753875299999,12231145.55504,4306,1236.316,4648866.68667,0
1753875300000,3758.82,3759.65,3758.72,3759.65,1249.536,1753875359999,4697318.53270,2034,599.499,2253616.04856,0
1753875360000,3759.65,3760.73,3755.16,3755.55,2218.822,1753875419999,8339761.01768,3934,883.634,3321674.98032,0
1753875420000,3755.55,3758.25,3753.10,3756.37,4487.343,1753875479999,16852178.22004,5262,1197.875,4498869.41351,0
1753875480000,3756.38,3759.52,3754.81,3757.64,1323.744,1753875539999,4972938.97226,3272,776.823,2918322.68054,0
1753875540000,3757.65,3762.97,3757.00,3762.45,2481.026,1753875599999,9330247.24012,3787,2046.217,7695556.91562,0
1753875600000,3762.44,3765.34,3760.71,3760.71,4073.745,1753875659999,15333094.03953,5163,2753.257,10363349.55952,0
1753875660000,3760.69,3761.19,3758.00,3758.01,1826.067,1753875719999,6865366.21376,3915,1125.291,4230479.62823,0
1753875720000,3758.01,3761.23,3757.77,3761.14,1630.956,1753875779999,6131271.47827,2700,1070.372,4024038.06787,0
1753875780000,3761.13,3761.58,3753.60,3753.9,2708.075,1753875839999,10172061.80498,3883,1050.840,3947472.26221,0
1753875840000,3753.90,3754.13,3750.21,3750.21,9887.055,1753875899999,37096559.81934,7510,3538.989,13277436.13908,0
1753875900000,3750.21,3756.37,3748.82,3756.28,8364.919,1753875959999,31377641.03317,8619,3782.627,14192255.82740,0
1753875960000,3756.28,3758.08,3754.80,3757.74,2947.444,1753876019999,11072094.92725,4252,1895.533,7120878.27006,0
1753876020000,3757.75,3758.28,3753.67,3753.98,2760.450,1753876079999,10368857.01180,3724,1019.196,3828632.85560,0
1753876080000,3753.98,3758.55,3753.75,3755.56,2122.595,1753876139999,7973136.33658,3172,789.095,2963799.29221,0
1753876140000,3755.57,3756.32,3745.00,3745.41,13659.158,1753876199999,51199409.04046,10003,2924.379,10960263.58241,0
1753876200000,3745.57,3751.78,3743.19,3747.33,15965.554,1753876259999,59821333.63957,12477,8976.130,33631049.30638,0
1753876260000,3747.33,3747.46,3742.00,3742.59,14802.169,1753876319999,55427559.76908,9792,6888.216,25798050.22214,0
1753876320000,3742.58,3753.52,3742.58,3750.63,6324.667,1753876379999,23710312.50466,9277,3943.682,14782609.97582,0
1753876380000,3750.63,3753.00,3748.14,3750.27,4088.118,1753876439999,15330469.00588,5841,2636.448,9886910.87265,0
1753876440000,3750.28,3750.92,3748.20,3749.51,2271.760,1753876499999,8518087.36692,3661,838.406,3143646.31509,0
1753876500000,3749.52,3750.49,3743.00,3744.0,9645.322,1753876559999,36121277.39038,6329,4746.141,17770167.48833,0
1753876560000,3744.00,3745.88,3742.32,3745.79,4678.031,1753876619999,17514133.69672,6131,1970.695,7378488.22262,0
1753876620000,3745.79,3752.80,3745.79,3752.71,4146.207,1753876679999,15547438.90883,6003,3218.072,12067024.55006,0
1753876680000,3752.71,3757.35,3752.54,3755.55,3714.283,1753876739999,13948741.63949,5141,2513.109,9437144.50522,0
1753876740000,3755.54,3756.62,3755.00,3756.61,3747.648,1753876799999,14073811.75882,3251,1651.334,6201733.14208,0
1753876800000,3756.61,3759.04,3755.52,3755.69,4735.206,1753876859999,17793462.59570,6652,3024.925,11367092.87554,0
1753876860000,3755.68,3755.69,3749.79,3750.66,4834.784,1753876919999,18147588.21585,4654,1179.917,4428045.55888,0
1753876920000,3750.66,3755.89,3750.66,3753.61,1715.623,1753876979999,6440535.27977,4795,788.542,2960279.58789,0
1753876980000,3753.60,3758.64,3753.48,3758.15,1816.787,1753877039999,6824692.73520,3953,1079.797,4055998.20876,0
1753877040000,3758.16,3762.44,3757.00,3758.01,6724.699,1753877099999,25285694.01016,7487,3702.009,13920155.13308,0
1753877100000,3758.01,3760.87,3756.26,3756.26,5176.147,1753877159999,19456445.46011,5069,2754.613,10354558.07310,0
1753877160000,3756.26,3757.27,3752.16,3754.62,4208.304,1753877219999,15802117.12175,6218,1734.004,6511493.00395,0
1753877220000,3754.62,3757.37,3754.32,3756.18,2313.763,1753877279999,8689774.13858,4112,1323.640,4971267.97046,0
1753877280000,3756.17,3758.07,3754.01,3758.07,2439.907,1753877339999,9164760.40059,3492,1309.928,4920341.82091,0
1753877340000,3758.06,3758.07,3751.28,3754.16,4997.603,1753877399999,18761089.53561,5161,1951.590,7325827.62875,0
1753877400000,3754.17,3756.64,3750.54,3751.01,5228.744,1753877459999,19623246.86259,5983,1869.133,7015415.73827,0
1753877460000,3751.01,3751.74,3747.47,3748.7,4142.643,1753877519999,15531120.53390,5325,1313.936,4925626.10078,0
1753877520000,3748.70,3755.00,3748.70,3754.54,1683.460,1753877579999,6316468.11397,4597,921.998,3459196.31220,0
1753877580000,3754.54,3760.00,3753.00,3758.89,2001.013,1753877639999,7517136.84309,4322,1405.604,5280357.45967,0
1753877640000,3758.89,3759.53,3758.04,3758.57,2725.931,1753877699999,10246446.56439,2914,1512.639,5685820.72306,0
1753877700000,3758.57,3759.07,3749.40,3749.71,3763.879,1753877759999,14127044.22465,5979,1630.944,6120982.39687,0
1753877760000,3749.70,3756.21,3749.70,3755.17,2994.883,1753877819999,11243176.63976,5933,1594.875,5986822.81118,0
1753877820000,3755.41,3758.28,3753.45,3753.46,1744.079,1753877879999,6550331.10776,4417,1050.049,3943936.40363,0
1753877880000,3753.45,3759.72,3753.45,3754.99,4518.509,1753877939999,16977910.38733,5891,2595.273,9751179.64479,0
1753877940000,3754.99,3757.18,3752.72,3755.63,5081.160,1753877999999,19075753.45822,4979,1465.219,5501868.76005,0
1753878000000,3755.61,3757.61,3754.00,3756.4,2179.512,1753878059999,8184939.15059,4113,813.143,3053676.48089,0
1753878060000,3756.40,3761.80,3756.00,3761.26,2243.335,1753878119999,8432742.11632,4100,1465.845,5510169.05593,0
1753878120000,3761.25,3775.18,3761.25,3775.12,29989.031,1753878179999,113022060.51577,18628,22108.711,83309062.57428,0
1753878180000,3775.11,3775.48,3770.45,3773.11,12470.728,1753878239999,47060334.70964,12952,4908.386,18521492.53492,0
1753878240000,3773.12,3775.48,3770.73,3775.34,5438.050,1753878299999,20520862.34777,9699,2671.640,10082309.98467,0
1753878300000,3775.34,3779.87,3775.05,3776.12,8297.985,1753878359999,31346242.70615,8594,5616.567,21216308.65977,0
1753878360000,3776.12,3780.00,3776.12,3779.61,6003.968,1753878419999,22689892.56230,6647,3620.473,13682745.56059,0
1753878420000,3779.61,3779.61,3774.59,3774.6,5112.288,1753878479999,19308123.05360,5823,1064.099,4018862.35410,0
1753878480000,3774.59,3775.00,3772.17,3773.5,3995.344,1753878539999,15077228.02844,5250,1740.550,6568375.84434,0
1753878540000,3773.49,3774.38,3770.09,3773.38,3871.021,1753878599999,14603999.85878,4878,1067.730,4028018.39655,0
1753878600000,3773.39,3777.28,3770.97,3772.23,10538.203,1753878659999,39776237.01490,9209,3365.051,12700164.82936,0
1753878660000,3772.22,3772.22,3766.70,3768.04,6200.462,1753878719999,23371126.79297,6674,3425.519,12911113.41602,0
1753878720000,3768.04,3770.19,3764.16,3764.46,4303.926,1753878779999,16215068.31158,7206,1730.199,6519307.19003,0
1753878780000,3764.45,3769.50,3762.80,3769.49,4719.198,1753878839999,17772124.41603,6091,3232.099,12172196.77457,0
1753878840000,3769.49,3773.80,3768.85,3771.24,3337.410,1753878899999,12587114.44426,5221,1854.040,6992223.38091,0
1753878900000,3771.30,3771.94,3766.60,3767.69,1754.452,1753878959999,6612896.72810,4730,715.837,2698031.44210,0
1753878960000,3767.69,3767.90,3762.33,3763.16,3217.619,1753879019999,12113379.39726,5394,900.117,3388615.61428,0
1753879020000,3763.17,3767.99,3762.11,3767.96,2202.439,1753879079999,8292499.41990,3990,1470.602,5536957.15636,0
1753879080000,3767.96,3771.99,3767.96,3771.26,2356.053,1753879139999,8882803.59301,4827,1349.300,5087004.08468,0
1753879140000,3771.26,3774.66,3771.10,3774.34,1932.214,1753879199999,7289803.41477,3472,1121.556,4231237.68850,0
1753879200000,3774.34,3776.53,3772.91,3775.0,3557.414,1753879259999,13428554.99638,5187,1586.317,5988088.97495,0
1753879260000,3775.00,3779.88,3774.90,3779.87,5158.316,1753879319999,19486455.80019,5671,3234.002,12217615.93263,0
1753879320000,3779.88,3784.39,3769.56,3770.38,20239.600,1753879379999,76468015.28498,14039,7481.594,28263896.27741,0
1753879380000,3770.38,3775.41,3770.38,3771.74,4133.268,1753879439999,15596043.00150,5614,2381.748,8987703.61952,0
1753879440000,3771.74,3771.74,3765.75,3768.28,5484.992,1753879499999,20673367.48080,6880,2405.198,9065631.72140,0
1753879500000,3768.28,3772.02,3766.78,3770.54,3689.531,1753879559999,13906839.19837,5702,1915.576,7219720.66343,0
1753879560000,3770.53,3770.53,3767.05,3769.94,2420.476,1753879619999,9122077.12225,3625,1215.812,4581603.84295,0
1753879620000,3769.93,3772.40,3768.63,3770.5,1900.645,1753879679999,7167340.56110,3363,1154.660,4354362.96489,0
1753879680000,3770.50,3772.43,3768.71,3770.86,1351.306,1753879739999,5094703.98261,2639,637.110,2402196.48676,0
1753879740000,3770.86,3772.62,3769.67,3771.76,1593.543,1753879799999,6010043.53488,2833,728.651,2748077.40921,0
1753879800000,3771.75,3772.74,3768.89,3770.59,2403.468,1753879859999,9062847.31508,3714,490.820,1850819.97232,0
1753879860000,3770.59,3773.41,3769.42,3772.49,1832.808,1753879919999,6913351.82328,3017,665.481,2510308.69793,0
1753879920000,3772.49,3773.14,3771.41,3773.14,870.374,1753879979999,3283333.03444,1939,422.108,1592323.25110,0
1753879980000,3773.14,3777.00,3773.13,3775.56,2764.431,1753880039999,10436465.96291,3210,1930.732,7289052.62744,0
1753880040000,3775.56,3775.57,3773.42,3773.58,1506.938,1753880099999,5687434.29575,2740,328.011,1237971.92026,0
1753880100000,3773.57,3777.51,3773.00,3777.5,2495.003,1753880159999,9420286.78640,2364,1693.535,6394623.43953,0
1753880160000,3777.50,3779.00,3776.61,3779.0,1509.707,1753880219999,5703743.83524,2533,738.082,2788544.25469,0
1753880220000,3778.99,3779.21,3773.73,3776.22,1849.401,1753880279999,6984494.00903,3348,363.543,1372875.80428,0
1753880280000,3776.21,3776.44,3773.46,3776.27,920.481,1753880339999,3474875.09593,2123,437.586,1651864.00586,0
1753880340000,3776.27,3776.27,3772.30,3772.3,977.756,1753880399999,3690734.31967,2235,263.855,996027.47817,0
1753880400000,3772.29,3775.89,3771.40,3774.17,1159.224,1753880459999,4374760.52052,3094,531.510,2005862.75512,0
1753880460000,3774.16,3777.38,3773.08,3774.21,1111.620,1753880519999,4196672.90211,3165,571.072,2155951.54992,0
1753880520000,3774.20,3774.99,3772.50,3772.5,1573.665,1753880579999,5938393.22531,2512,572.239,2159548.39410,0
1753880580000,3772.51,3773.38,3770.96,3773.38,1818.922,1753880639999,6861462.00682,2660,967.273,3648586.16632,0
1753880640000,3773.38,3777.41,3767.43,3767.43,7646.516,1753880699999,28860553.38197,5981,2156.662,8141943.74458,0
1753880700000,3767.43,3771.09,3763.31,3770.82,11469.023,1753880759999,43188421.57246,8810,5299.835,19957829.04911,0
1753880760000,3770.82,3784.61,3769.67,3783.62,8005.487,1753880819999,30250489.71257,10627,5759.529,21761509.88987,0
1753880820000,3783.62,3783.62,3774.04,3776.93,3926.747,1753880879999,14833635.39523,6328,1539.839,5816730.94663,0
1753880880000,3776.93,3777.69,3774.18,3774.33,1885.303,1753880939999,7118459.97104,3892,752.574,2841586.77472,0
1753880940000,3774.33,3777.60,3774.32,3776.69,1815.865,1753880999999,6857153.85850,3360,855.739,3231400.61145,0
1753881000000,3776.69,3778.24,3773.68,3776.36,3864.879,1753881059999,14599279.39134,3514,2960.522,11183864.17401,0
1753881060000,3776.37,3776.37,3771.59,3775.29,1775.283,1753881119999,6699927.81825,3849,624.661,2357344.66081,0
1753881120000,3775.28,3777.20,3774.14,3775.65,1784.035,1753881179999,6736340.95930,2935,710.682,2682934.07471,0
1753881180000,3775.64,3778.24,3774.46,3777.15,933.293,1753881239999,3524512.51256,2298,451.766,1706160.52848,0
1753881240000,3777.15,3777.16,3764.85,3769.64,6582.543,1753881299999,24806779.89042,8016,1726.465,6506087.82217,0
1753881300000,3769.65,3775.49,3767.32,3772.81,5551.635,1753881359999,20935119.73432,8153,2825.780,10656403.56089,0
1753881360000,3772.81,3780.85,3772.07,3779.33,12489.230,1753881419999,47179552.00238,8164,9695.626,36626870.46694,0
1753881420000,3779.33,3779.33,3767.25,3768.05,5435.714,1753881479999,20496095.57546,8174,2109.420,7953214.40622,0
1753881480000,3768.06,3771.00,3765.81,3769.77,4522.759,1753881539999,17043615.74867,7252,2364.383,8910624.46096,0
1753881540000,3769.77,3770.68,3765.24,3765.35,3365.846,1753881599999,12679712.51103,5602,1794.044,6758402.28406,0
1753881600000,3765.34,3767.36,3764.82,3764.82,7353.326,1753881659999,27686094.29295,4231,1147.555,4321028.16992,0
1753881660000,3764.83,3765.22,3760.00,3762.37,7543.151,1753881719999,28382493.66036,8356,2487.659,9359342.64449,0
1753881720000,3762.39,3764.84,3760.22,3761.36,2662.701,1753881779999,10017546.94216,4848,1043.788,3927392.59078,0
1753881780000,3761.37,3761.75,3754.55,3754.56,9903.863,1753881839999,37208115.80113,8770,5177.264,19447269.72219,0
1753881840000,3754.55,3757.01,3754.10,3754.59,4056.942,1753881899999,15235695.78587,5269,1757.480,6600321.83871,0
1753881900000,3754.58,3761.72,3754.58,3761.05,3577.818,1753881959999,13447334.55231,5698,2530.654,9510886.97004,0
1753881960000,3761.05,3761.05,3754.71,3758.45,2972.775,1753882019999,11171266.39426,4034,1100.812,4136924.35924,0
1753882020000,3758.45,3758.45,3755.24,3755.45,4363.845,1753882079999,16392246.67188,4205,1082.539,4066400.70205,0
1753882080000,3755.45,3758.37,3755.45,3755.56,4005.166,1753882139999,15047838.41081,4469,1812.795,6810286.39683,0
1753882140000,3755.56,3757.64,3753.47,3754.47,12199.792,1753882199999,45812566.96652,5678,3284.254,12331333.43846,0
1753882200000,3754.48,3758.37,3753.01,3756.42,5437.664,1753882259999,20420190.85694,6416,4059.399,15244197.07139,0
1753882260000,3756.79,3762.84,3756.03,3758.0,5717.373,1753882319999,21496563.27683,8496,3939.801,14813393.81422,0
1753882320000,3758.00,3758.76,3748.05,3751.99,18097.663,1753882379999,67914202.66657,13516,4989.025,18717197.42431,0
1753882380000,3752.00,3760.93,3752.00,3760.55,5818.961,1753882439999,21855505.57326,8064,3998.947,15020095.24286,0
1753882440000,3760.54,3761.88,3757.16,3761.5,4981.755,1753882499999,18730055.33738,6701,2805.707,10548767.38586,0
1753882500000,3761.50,3768.44,3760.35,3765.06,6630.083,1753882559999,24962942.88859,8709,4138.452,15579900.26366,0
1753882560000,3765.06,3765.07,3759.68,3763.11,6218.539,1753882619999,23395127.47335,6898,3848.949,14480356.52795,0
1753882620000,3763.11,3767.38,3763.05,3766.23,8948.567,1753882679999,33680471.81110,5970,7397.272,27840044.89056,0
1753882680000,3766.23,3770.00,3764.37,3769.5,3292.046,1753882739999,12403950.54722,4776,2093.255,7887849.35908,0
1753882740000,3769.49,3773.00,3765.60,3765.61,13363.823,1753882799999,50369583.89411,8423,7306.216,27534907.34102,0
1753882800000,3765.60,3768.42,3764.29,3767.78,2355.636,1753882859999,8873098.95011,4617,1177.772,4436476.01958,0
1753882860000,3767.77,3770.67,3767.57,3769.4,3042.589,1753882919999,11468967.70490,4948,1141.394,4302206.11831,0
1753882920000,3769.38,3769.53,3761.50,3761.78,2571.246,1753882979999,9683528.08713,5099,444.972,1675478.72030,0
1753882980000,3761.78,3767.99,3761.00,3766.69,2099.151,1753883039999,7902270.67980,4388,1358.026,5112617.76930,0
1753883040000,3766.69,3767.68,3763.61,3764.63,3703.431,1753883099999,13946386.27037,4185,852.570,3210259.64770,0
1753883100000,3764.63,3772.12,3764.63,3770.74,5280.167,1753883159999,19907648.18137,5791,2642.888,9963723.69542,0
1753883160000,3770.73,3773.86,3769.41,3773.69,3935.519,1753883219999,14847151.08688,5260,1584.957,5979248.84615,0
1753883220000,3773.69,3773.70,3764.01,3764.1,3519.859,1753883279999,13270592.23549,5735,759.296,2861802.49618,0
1753883280000,3764.10,3767.87,3764.09,3767.5,2062.225,1753883339999,7767176.27878,3351,1418.570,5342624.06298,0
1753883340000,3767.50,3767.97,3759.17,3759.23,3288.857,1753883399999,12375850.34194,6171,961.824,3620273.22811,0
1753883400000,3759.23,3761.12,3756.53,3756.54,6392.909,1753883459999,24026364.99451,6776,2017.086,7581306.97347,0
1753883460000,3756.53,3760.16,3755.05,3757.57,4057.871,1753883519999,15244967.93801,6239,1986.768,7464981.73949,0
1753883520000,3757.56,3760.00,3756.01,3759.7,5235.643,1753883579999,19678161.71121,7281,2218.411,8338592.05252,0
1753883580000,3759.69,3761.60,3757.62,3759.36,3167.098,1753883639999,11907169.24198,6196,941.757,3540837.66022,0
1753883640000,3759.36,3759.55,3753.60,3758.65,4612.732,1753883699999,17325588.69123,6555,1835.165,6892838.76477,0
1753883700000,3758.66,3761.82,3758.50,3761.62,1294.383,1753883759999,4867561.91786,4148,802.962,3019442.49486,0
1753883760000,3761.62,3763.52,3756.01,3756.02,1512.027,1753883819999,5683433.33034,4196,810.977,3048490.22396,0
1753883820000,3756.01,3768.90,3756.01,3767.51,7981.588,1753883879999,30048090.03148,8953,5821.713,21910936.88802,0
1753883880000,3767.51,3769.21,3763.88,3767.96,3033.688,1753883939999,11426018.21084,4138,1115.864,4202372.90665,0
1753883940000,3767.95,3768.77,3764.16,3764.71,1877.070,1753883999999,7069801.67270,3206,428.020,1611896.06536,0
1753884000000,3764.71,3766.05,3762.13,3762.13,1875.864,1753884059999,7061975.73835,4335,900.930,3391595.81656,0
1753884060000,3762.13,3766.66,3762.12,3765.21,1254.978,1753884119999,4724250.27618,3471,605.811,2280563.98422,0
1753884120000,3765.21,3767.16,3763.71,3767.15,1643.369,1753884179999,6188156.95208,3629,1265.595,4765625.11867,0
1753884180000,3767.15,3768.29,3765.22,3765.65,1220.424,1753884239999,4597536.54894,3268,504.776,1901532.57532,0
1753884240000,3765.65,3768.29,3765.56,3768.0,2002.341,1753884299999,7544145.61713,3042,1407.985,5304969.87941,0
1753884300000,3768.00,3772.66,3766.00,3771.41,3117.613,1753884359999,11754449.41750,4916,1764.367,6651984.66611,0
1753884360000,3771.40,3772.42,3768.33,3771.42,2377.582,1753884419999,8965474.53994,3473,905.108,3413101.99651,0
1753884420000,3771.42,3772.48,3769.05,3771.93,2389.923,1753884479999,9011519.15230,3619,983.591,3708973.59985,0
1753884480000,3771.94,3774.72,3771.57,3773.02,3905.759,1753884539999,14737136.67700,5085,2377.176,8969820.27916,0
1753884540000,3773.02,3776.89,3773.02,3775.44,4229.541,1753884599999,15968333.91426,4738,2521.254,9518533.27853,0
1753884600000,3775.44,3775.44,3771.31,3773.39,3419.950,1753884659999,12904200.62263,5140,1879.546,7091173.54442,0
1753884660000,3773.39,3775.00,3768.75,3768.91,3297.890,1753884719999,12439737.28511,4631,1027.774,3877116.54138,0
1753884720000,3768.90,3771.54,3765.28,3771.53,2790.923,1753884779999,10514983.57692,5056,1349.749,5085301.14090,0
1753884780000,3771.53,3776.00,3770.06,3776.0,2059.535,1753884839999,7770489.95564,4192,1362.752,5140990.76775,0
1753884840000,3776.00,3779.00,3775.24,3778.39,4119.110,1753884899999,15560093.77963,4309,2407.538,9094803.18037,0
1753884900000,3778.38,3781.73,3776.49,3776.56,5553.276,1753884959999,20988537.97284,7106,3057.264,11555645.54517,0
1753884960000,3776.57,3777.15,3772.59,3773.3,2042.406,1753885019999,7710253.98229,3836,841.227,3175572.93321,0
1753885020000,3773.31,3775.29,3768.74,3769.7,1998.233,1753885079999,7536608.48965,4364,994.866,3752795.96246,0
1753885080000,3769.71,3775.57,3769.71,3775.53,1820.620,1753885139999,6870434.48802,3848,1071.126,4041887.15558,0
1753885140000,3775.53,3776.81,3772.59,3776.36,4151.379,1753885199999,15670853.61251,4330,922.209,3481302.44928,0
1753885200000,3776.35,3781.25,3774.92,3781.24,5896.509,1753885259999,22281304.12327,4497,4504.629,17022610.64814,0
1753885260000,3781.25,3783.69,3780.00,3782.97,4493.239,1753885319999,16993595.78150,5738,2026.089,7662851.52353,0
1753885320000,3782.97,3783.00,3779.71,3782.69,3612.238,1753885379999,13660353.26522,5258,1062.225,4016929.19993,0
1753885380000,3782.70,3784.80,3781.94,3784.64,3743.135,1753885439999,14163063.30916,4777,2251.628,8519675.39741,0
1753885440000,3784.64,3785.00,3775.67,3777.34,3977.281,1753885499999,15034891.09701,5844,1322.282,5000494.72252,0
1753885500000,3777.34,3780.05,3774.92,3779.65,3304.031,1753885559999,12481523.02288,5070,2057.029,7771588.41556,0
1753885560000,3779.64,3779.64,3774.67,3776.36,1711.554,1753885619999,6464042.52003,4247,565.227,2134727.70694,0
1753885620000,3776.37,3777.97,3773.84,3776.34,2500.511,1753885679999,9441989.08596,3490,1445.124,5457094.08709,0
1753885680000,3776.35,3777.91,3774.35,3774.36,1476.646,1753885739999,5576610.78081,2765,706.601,2668528.56699,0
1753885740000,3774.35,3774.35,3772.49,3772.83,2150.161,1753885799999,8113338.34558,3368,875.726,3304280.15439,0
1753885800000,3772.83,3780.00,3772.82,3780.0,2707.211,1753885859999,10223583.11150,4706,1743.089,6583303.97310,0
1753885860000,3780.00,3781.37,3776.49,3781.37,2660.854,1753885919999,10056206.81481,4232,656.862,2482615.96938,0
1753885920000,3781.37,3783.66,3777.28,3780.24,3349.152,1753885979999,12663632.04506,4828,1339.951,5066410.20717,0
1753885980000,3780.24,3781.49,3778.70,3781.49,1339.945,1753886039999,5065196.83568,3746,654.889,2475548.38563,0
1753886040000,3781.48,3782.72,3776.90,3777.34,2109.035,1753886099999,7972139.11447,4274,498.997,1886136.10257,0
1753886100000,3777.35,3778.57,3775.38,3775.39,1234.848,1753886159999,4664048.26896,3243,523.926,1978987.01761,0
1753886160000,3775.38,3778.50,3774.00,3778.36,1664.480,1753886219999,6285081.41030,3320,945.152,3568858.12323,0
1753886220000,3778.36,3782.59,3778.36,3781.9,2136.605,1753886279999,8079327.31591,3726,921.118,3482994.76823,0
1753886280000,3781.90,3784.37,3780.62,3780.68,3207.468,1753886339999,12133993.24385,3647,1899.794,7187062.53186,0
1753886340000,3780.69,3784.38,3779.15,3784.38,1776.749,1753886399999,6718264.70988,3850,1080.316,4085187.00066,0
1753886400000,3784.39,3792.62,3783.54,3792.01,11054.941,1753886459999,41876759.16659,10189,8432.635,31944852.99749,0
1753886460000,3792.02,3793.59,3787.44,3791.61,13882.414,1753886519999,52623819.33153,10443,9249.439,35061481.02943,0
1753886520000,3791.62,3791.86,3788.92,3789.71,4399.267,1753886579999,16675000.49433,4651,1753.074,6645390.62481,0
1753886580000,3789.71,3794.43,3789.54,3792.54,5696.668,1753886639999,21603803.75406,5633,3125.130,11851785.47280,0
1753886640000,3792.54,3794.30,3792.02,3793.51,3099.256,1753886699999,11756594.36633,3793,1341.903,5090171.85413,0
1753886700000,3793.52,3794.60,3788.97,3794.5,4395.964,1753886759999,16669395.67579,4932,2305.693,8742945.29186,0
1753886760000,3794.50,3798.00,3793.13,3797.53,7999.151,1753886819999,30367441.17585,7656,5540.625,21033382.02148,0
1753886820000,3797.53,3799.54,3796.28,3797.0,4833.207,1753886879999,18357651.92193,5203,2625.034,9970864.09472,0
1753886880000,3797.00,3799.25,3796.10,3797.57,2822.552,1753886939999,10719480.76568,4495,1182.116,4489394.14464,0
1753886940000,3797.56,3797.91,3795.64,3795.65,3879.168,1753886999999,14728586.68458,4537,1617.460,6141188.75636,0
1753887000000,3795.64,3804.87,3795.55,3804.29,7667.989,1753887059999,29148283.89787,8455,5789.659,22009415.04420,0
1753887060000,3804.30,3816.90,3803.02,3816.84,32497.232,1753887119999,123874261.75082,26082,19529.073,74438141.61053,0
1753887120000,3816.84,3830.94,3816.64,3826.6,53493.657,1753887179999,204640435.82391,34985,32391.823,123903592.34877,0
1753887180000,3826.60,3827.32,3821.43,3821.44,24663.953,1753887239999,94307887.66440,16250,9903.407,37871106.05258,0
1753887240000,3821.43,3826.00,3819.40,3821.4,14096.130,1753887299999,53885168.25022,11300,6994.067,26736943.90125,0
1753887300000,3821.40,3825.41,3820.66,3823.55,11620.719,1753887359999,44427624.69715,9886,6681.929,25546244.59838,0
1753887360000,3823.56,3823.73,3815.10,3817.47,9025.492,1753887419999,34469740.90641,8871,2778.899,10612720.43200,0
1753887420000,3817.46,3819.32,3815.19,3817.01,6444.339,1753887479999,24600994.84910,6479,2937.966,11216116.51432,0
1753887480000,3817.01,3818.01,3815.57,3816.01,4853.221,1753887539999,18524812.12047,5787,2304.479,8796540.40972,0
1753887540000,3816.00,3819.42,3815.01,3817.75,6058.593,1753887599999,23124254.34028,6388,3562.282,13597588.32572,0
1753887600000,3817.75,3820.35,3808.33,3811.18,22449.177,1753887659999,85599990.31272,16676,6966.691,26572873.83133,0
1753887660000,3811.19,3811.19,3806.48,3806.8,8959.593,1753887719999,34123690.42424,10250,3756.353,14307582.87700,0
1753887720000,3806.79,3809.69,3802.29,3807.55,12661.618,1753887779999,48191054.12697,12955,6666.499,25376532.56841,0
1753887780000,3807.54,3807.54,3804.46,3804.97,4670.560,1753887839999,17775941.04014,6890,2184.628,8314892.88596,0
1753887840000,3804.96,3808.62,3804.44,3805.7,3590.231,1753887899999,13666617.90772,4841,2225.791,8472795.12222,0
1753887900000,3805.71,3806.72,3802.00,3803.36,5181.120,1753887959999,19711557.30740,6223,2210.706,8410331.81382,0
1753887960000,3803.36,3804.09,3791.03,3791.42,18623.852,1753888019999,70709398.81637,14530,5614.992,21312071.01051,0
1753888020000,3791.43,3791.61,3783.17,3789.3,22880.019,1753888079999,86652160.03731,19058,10307.823,39038288.91423,0
1753888080000,3789.30,3794.69,3788.51,3791.88,8028.224,1753888139999,30439916.93466,8064,4598.645,17436587.42501,0
1753888140000,3791.88,3792.60,3788.68,3791.51,4359.919,1753888199999,16526417.62704,6161,2473.523,9376372.62186,0
1753888200000,3791.51,3795.98,3790.73,3794.99,3616.908,1753888259999,13722566.34829,5020,2609.949,9901978.38301,0
1753888260000,3794.99,3795.70,3791.64,3792.23,6203.306,1753888319999,23532761.50709,6947,2627.012,9966565.72395,0
1753888320000,3792.22,3792.22,3785.80,3785.8,4988.231,1753888379999,18900139.45047,7196,1365.820,5176076.78411,0
1753888380000,3785.80,3791.00,3785.60,3789.74,3892.003,1753888439999,14747213.54938,6462,1871.416,7090831.53739,0
1753888440000,3789.75,3792.97,3788.52,3789.12,3076.914,1753888499999,11662768.73437,5709,1144.663,4338962.12092,0
1753888500000,3789.12,3792.02,3789.12,3791.46,2585.563,1753888559999,9800214.55913,4952,1642.580,6225976.65835,0
1753888560000,3791.46,3795.82,3788.75,3790.9,3638.384,1753888619999,13799360.05612,6197,1294.054,4908138.87944,0
1753888620000,3790.91,3795.74,3789.43,3793.49,3618.991,1753888679999,13728228.61338,5771,2388.364,9060477.07964,0
1753888680000,3793.50,3794.60,3791.09,3794.01,3543.184,1753888739999,13439250.63828,4822,2747.747,10422365.67439,0
1753888740000,3794.00,3796.77,3792.67,3795.42,2251.501,1753888799999,8543946.39796,4065,1154.388,4380625.98243,0
1753888800000,3795.42,3800.00,3795.00,3797.09,5216.126,1753888859999,19812137.53396,6666,3640.187,13826578.88594,0
1753888860000,3797.08,3797.32,3792.14,3792.91,4255.962,1753888919999,16152094.46358,5683,856.537,3250670.27536,0
1753888920000,3792.91,3792.92,3789.49,3789.5,2592.632,1753888979999,9828639.22121,4205,584.743,2216796.72983,0
1753888980000,3789.50,3792.41,3787.40,3787.41,2832.762,1753889039999,10737563.82074,4404,1221.198,4629420.49053,0
1753889040000,3787.40,3792.48,3786.34,3792.07,2154.900,1753889099999,8165864.16338,4856,885.128,3354633.35436,0
1753889100000,3792.07,3794.00,3791.00,3792.1,1350.694,1753889159999,5122449.09670,3184,647.818,2456804.30524,0
1753889160000,3792.11,3794.45,3786.35,3786.39,1880.138,1753889219999,7127686.22867,4023,735.871,2790899.24822,0
1753889220000,3786.39,3787.93,3780.26,3782.18,9690.014,1753889279999,36667743.38022,10168,4381.165,16579589.46499,0
1753889280000,3782.18,3785.79,3780.00,3783.25,8220.335,1753889339999,31095465.08367,9359,2802.439,10602437.39199,0
1753889340000,3783.24,3784.51,3781.25,3783.8,2907.669,1753889399999,10998587.31249,4095,1271.217,4808733.55256,0
1753889400000,3783.80,3785.95,3780.05,3781.22,3576.396,1753889459999,13526115.37956,5994,965.796,3653230.92206,0
1753889460000,3781.22,3783.13,3776.29,3776.29,7126.921,1753889519999,26940616.47928,7427,3205.931,12120178.90560,0
1753889520000,3776.29,3780.24,3775.24,3778.01,5483.151,1753889579999,20715387.07374,10740,2534.522,9576350.75287,0
1753889580000,3778.01,3784.00,3778.00,3782.45,6593.725,1753889639999,24937057.77775,9932,5065.416,19157685.16815,0
1753889640000,3782.45,3787.03,3782.00,3786.84,5250.728,1753889699999,19873599.06251,6286,3149.142,11920105.16686,0
1753889700000,3786.83,3787.99,3785.07,3787.75,2225.798,1753889759999,8428127.33986,3461,1283.382,4859704.32254,0
1753889760000,3787.75,3794.87,3787.51,3791.39,7143.049,1753889819999,27082573.95700,7688,3197.645,12122245.60708,0
1753889820000,3791.40,3793.86,3790.89,3792.73,2594.981,1753889879999,9841271.61427,3888,1259.475,4776211.97371,0
1753889880000,3792.73,3793.76,3789.45,3790.09,1697.754,1753889939999,6437906.69754,2683,366.986,1391696.18124,0
1753889940000,3790.08,3790.94,3788.40,3790.72,1652.729,1753889999999,6263760.54235,3060,531.579,2014531.07510,0
1753890000000,3790.71,3795.00,3790.71,3792.65,2578.583,1753890059999,9781891.97351,3928,1582.805,6004567.86144,0
1753890060000,3792.65,3793.05,3791.00,3792.07,771.806,1753890119999,2926722.42355,2132,298.238,1130877.68387,0
1753890120000,3792.07,3792.07,3788.41,3790.58,2386.221,1753890179999,9043533.92656,3521,488.993,1853118.42704,0
1753890180000,3790.58,3791.43,3788.72,3788.77,917.860,1753890239999,3478760.50948,2108,341.839,1295500.31934,0
1753890240000,3788.77,3791.24,3787.42,3790.41,2199.908,1753890299999,8335324.62780,2951,966.594,3663109.19984,0
1753890300000,3790.40,3791.26,3789.73,3791.16,652.746,1753890359999,2474191.52995,2000,236.775,897474.04885,0
1753890360000,3791.15,3798.78,3790.74,3797.55,3628.941,1753890419999,13776015.40835,4883,2412.345,9157460.41611,0
1753890420000,3797.54,3797.54,3792.54,3794.77,1404.422,1753890479999,5329944.47933,3497,568.636,2158194.20124,0
1753890480000,3794.76,3796.82,3793.01,3796.42,1469.278,1753890539999,5575731.24001,2678,650.516,2468522.58158,0
1753890540000,3796.43,3796.43,3794.11,3794.99,2293.403,1753890599999,8703652.70886,3212,606.467,2301646.42089,0
1753890600000,3794.98,3795.88,3790.61,3791.58,2998.337,1753890659999,11371875.92258,5001,576.952,2188484.90198,0
1753890660000,3791.58,3794.87,3785.90,3794.39,5998.277,1753890719999,22727125.47653,7232,2014.184,7633607.63234,0
1753890720000,3794.39,3796.87,3793.00,3793.89,1596.914,1753890779999,6059933.51094,3646,856.204,3249166.44788,0
1753890780000,3793.89,3794.97,3792.00,3794.97,1089.066,1753890839999,4131253.71592,3194,355.230,1347542.73856,0
1753890840000,3794.96,3797.03,3794.23,3795.92,1571.700,1753890899999,5965921.19122,2478,998.182,3788770.65152,0
1753890900000,3795.93,3799.60,3795.93,3797.74,3874.881,1753890959999,14717724.37523,5050,2311.938,8781552.95792,0
1753890960000,3797.74,3797.75,3792.05,3792.06,2529.458,1753891019999,9599809.55033,4092,635.767,2412900.21611,0
1753891020000,3792.05,3795.61,3790.50,3793.2,1270.128,1753891079999,4818169.61920,2936,649.784,2465130.06548,0
1753891080000,3793.20,3796.84,3793.02,3795.96,684.405,1753891139999,2597227.60244,1973,348.554,1322663.78787,0
1753891140000,3795.95,3795.96,3794.45,3795.76,659.715,1753891199999,2503850.62447,1526,266.065,1009746.72376,0
1753891200000,3795.77,3797.00,3793.34,3793.77,1168.316,1753891259999,4433809.21840,2272,571.272,2168012.71583,0
1753891260000,3793.76,3794.69,3788.87,3788.87,3435.152,1753891319999,13024808.29007,4386,585.980,2221748.85309,0
1753891320000,3788.87,3790.61,3785.01,3785.83,5297.474,1753891379999,20064906.24552,5484,1908.364,7229366.96728,0
1753891380000,3785.83,3789.00,3785.80,3788.14,2182.791,1753891439999,8267287.79421,3901,865.581,3278146.90891,0
1753891440000,3788.13,3789.17,3786.36,3786.36,1532.704,1753891499999,5805416.62775,2774,853.709,3233541.96444,0
1753891500000,3786.36,3790.81,3782.73,3788.12,3521.779,1753891559999,13332911.23695,5528,1508.480,5712906.58531,0
1753891560000,3788.11,3788.31,3783.00,3783.0,1560.276,1753891619999,5907057.08521,3330,516.600,1955808.98732,0
1753891620000,3783.01,3785.55,3782.49,3782.5,1258.041,1753891679999,4760676.70596,3024,658.652,2492582.89016,0
1753891680000,3782.49,3784.61,3781.81,3783.44,1502.191,1753891739999,5682831.50106,3561,758.043,2867788.30245,0
1753891740000,3783.45,3786.25,3783.23,3786.25,1817.117,1753891799999,6877826.18640,2943,708.753,2682613.38650,0
1753891800000,3786.25,3787.13,3783.34,3783.35,1718.153,1753891859999,6503366.59037,3933,886.283,3354766.97600,0
1753891860000,3783.35,3784.50,3779.07,3780.81,2336.511,1753891919999,8834996.04065,4588,874.956,3308488.99549,0
1753891920000,3780.85,3785.42,3780.32,3785.42,1662.025,1753891979999,6286829.91172,3575,1177.229,4453043.00454,0
1753891980000,3785.42,3791.37,3784.60,3791.37,1801.728,1753892039999,6823862.26516,3794,1294.842,4904591.84173,0
1753892040000,3791.38,3793.71,3789.01,3789.89,2476.836,1753892099999,9391593.09216,3760,1572.372,5962652.30368,0
1753892100000,3789.89,3791.45,3787.12,3791.45,1193.737,1753892159999,4522974.82897,3091,612.884,2322193.57515,0
1753892160000,3791.45,3795.53,3791.14,3795.52,2263.140,1753892219999,8585183.61639,2888,1670.654,6337975.78590,0
1753892220000,3795.53,3804.00,3795.52,3804.0,10920.226,1753892279999,41500706.46329,12404,7259.065,27586066.34562,0
1753892280000,3803.99,3808.43,3803.61,3804.65,13095.677,1753892339999,49841323.86028,15083,7845.219,29858337.31707,0
1753892340000,3804.65,3804.78,3801.10,3802.82,4528.133,1753892399999,17221419.12827,9394,1195.807,4548184.91463,0
1753892400000,3802.82,3804.24,3802.29,3803.88,1532.915,1753892459999,5829986.13870,3504,675.859,2570414.76795,0
1753892460000,3803.88,3812.47,3803.88,3809.67,8689.728,1753892519999,33103499.40681,8467,5942.294,22638758.66727,0
1753892520000,3809.67,3813.00,3808.71,3812.28,6995.797,1753892579999,26662777.10781,8380,4573.382,17430891.26839,0
1753892580000,3812.27,3816.38,3811.27,3812.49,6058.566,1753892639999,23106167.03393,7139,3351.110,12781653.01518,0
1753892640000,3812.48,3812.93,3809.25,3809.25,1967.645,1753892699999,7499518.48921,4068,426.473,1625660.27130,0
1753892700000,3809.25,3809.52,3806.31,3809.19,3200.728,1753892759999,12187831.91066,4696,637.352,2427062.07809,0
1753892760000,3809.20,3809.99,3804.88,3808.32,2646.965,1753892819999,10078596.48183,4044,778.403,2964363.16283,0
1753892820000,3808.31,3808.42,3801.02,3801.17,3422.552,1753892879999,13019952.60154,4091,496.218,1888354.13101,0
1753892880000,3801.17,3801.18,3797.03,3797.98,3329.320,1753892939999,12648391.24973,4665,1315.140,4996364.88780,0
1753892940000,3797.97,3800.00,3797.73,3797.73,1827.321,1753892999999,6941901.04065,2917,965.768,3669016.52766,0
1753893000000,3797.72,3799.47,3796.03,3796.82,3662.643,1753893059999,13909810.74834,4203,1917.668,7283460.26088,0
1753893060000,3796.82,3799.37,3796.82,3798.61,1077.003,1753893119999,4090927.86695,2209,689.810,2620236.08403,0
1753893120000,3798.61,3800.59,3798.34,3800.59,2465.750,1753893179999,9368589.45104,2914,1609.148,6113818.90181,0
1753893180000,3800.58,3800.59,3798.13,3798.5,1316.171,1753893239999,5001395.36005,2152,510.947,1941666.04376,0
1753893240000,3798.51,3802.00,3798.17,3801.98,1161.972,1753893299999,4415995.51955,2179,800.557,3042669.50862,0
1753893300000,3801.98,3802.61,3800.70,3801.49,1165.382,1753893359999,4430522.17857,2303,619.014,2353328.82229,0
1753893360000,3801.48,3801.48,3791.94,3793.21,4721.108,1753893419999,17920462.81549,6634,1244.030,4721838.51544,0
1753893420000,3793.21,3793.48,3790.48,3791.95,5059.152,1753893479999,19183768.50744,5558,2609.427,9894760.34227,0
1753893480000,3791.94,3795.83,3791.94,3794.71,1513.451,1753893539999,5742175.87686,3832,952.816,3614893.12822,0
1753893540000,3794.71,3794.72,3792.77,3794.32,1348.328,1753893599999,5115227.40276,2205,464.315,1761535.09846,0
1753893600000,3794.31,3795.69,3792.59,3792.79,1583.777,1753893659999,6009950.49946,3102,748.902,2841719.59128,0
1753893660000,3792.79,3793.69,3786.93,3786.93,3303.928,1753893719999,12520530.56001,4767,727.254,2756266.98680,0
1753893720000,3786.93,3789.91,3786.77,3786.79,4267.608,1753893779999,16166532.93309,4542,2349.864,8901750.21657,0
1753893780000,3786.78,3788.71,3784.76,3785.02,5554.879,1753893839999,21031175.11114,5265,1667.156,6311588.73785,0
1753893840000,3785.01,3787.41,3785.01,3786.32,2536.523,1753893899999,9605125.46042,3053,1522.459,5765003.63739,0
1753893900000,3786.32,3788.29,3785.23,3787.27,979.015,1753893959999,3707278.88653,2631,630.239,2386564.93968,0
1753893960000,3787.27,3788.74,3785.80,3787.61,2366.705,1753894019999,8962650.05530,2717,1743.374,6602153.50271,0
1753894020000,3787.61,3790.55,3785.56,3785.57,1357.445,1753894079999,5142495.32959,2752,796.745,3018614.77349,0
1753894080000,3785.56,3785.77,3783.89,3785.38,2026.553,1753894139999,7670454.13957,3067,1001.814,3791773.44892,0
1753894140000,3785.38,3790.54,3785.38,3790.54,1424.434,1753894199999,5395734.64011,2573,797.139,3019250.34937,0
1753894200000,3790.54,3790.77,3788.00,3788.01,1050.690,1753894259999,3982309.59932,2398,476.589,1806348.30347,0
1753894260000,3788.00,3793.62,3787.76,3789.42,2292.875,1753894319999,8693687.32104,3119,1791.859,6793999.98382,0
1753894320000,3789.41,3793.12,3788.85,3792.97,1513.621,1753894379999,5738059.77192,2813,1043.588,3956110.40095,0
1753894380000,3792.97,3794.39,3791.63,3791.63,2016.577,1753894439999,7649174.73828,2327,720.164,2731811.01394,0
1753894440000,3791.64,3793.57,3790.70,3791.19,746.995,1753894499999,2832722.87122,1957,370.452,1404821.57119,0
1753894500000,3791.19,3791.19,3787.40,3788.67,773.040,1753894559999,2929353.75986,2177,208.724,790976.76663,0
1753894560000,3788.67,3789.91,3787.36,3788.8,1252.546,1753894619999,4745300.02135,1891,741.838,2810475.65101,0
1753894620000,3788.79,3789.94,3788.03,3789.01,417.734,1753894679999,1582833.24211,1516,234.233,887549.25323,0
1753894680000,3789.01,3791.20,3787.00,3791.19,1003.255,1753894739999,3801220.79962,2105,622.193,2357890.39007,0
1753894740000,3791.20,3794.79,3790.40,3794.79,1275.781,1753894799999,4838857.42328,2735,939.250,3562610.43804,0
1753894800000,3794.79,3800.43,3793.72,3798.09,4825.621,1753894859999,18323129.78191,5383,4321.493,16409148.93816,0
1753894860000,3798.10,3804.74,3798.09,3803.45,4550.573,1753894919999,17299933.38604,5860,3040.471,11559072.12858,0
1753894920000,3803.45,3803.84,3801.35,3801.59,2012.973,1753894979999,7655197.02748,3295,932.140,3544837.95919,0
1753894980000,3801.59,3801.59,3798.44,3798.44,1161.040,1753895039999,4411398.10897,2217,494.146,1877422.14657,0
1753895040000,3798.44,3798.67,3795.67,3797.64,1431.067,1753895099999,5433487.38935,2176,484.236,1838556.31554,0
1753895100000,3797.65,3803.14,3797.64,3802.9,1931.296,1753895159999,7342295.48783,3437,975.564,3708729.27646,0
1753895160000,3802.91,3802.91,3796.06,3796.06,2353.177,1753895219999,8940049.97221,3237,337.612,1282591.17087,0
1753895220000,3796.07,3796.07,3790.60,3790.86,2697.663,1753895279999,10235872.59266,3388,691.394,2623418.38293,0
1753895280000,3790.86,3793.68,3790.08,3792.94,1136.026,1753895339999,4307361.91046,2062,448.565,1700694.49482,0
1753895340000,3792.94,3793.73,3792.02,3792.75,702.726,1753895399999,2665322.34487,1701,385.209,1461019.79359,0
1753895400000,3792.75,3796.84,3792.75,3796.84,1204.558,1753895459999,4571807.02603,2212,750.605,2848669.47705,0
1753895460000,3796.83,3799.18,3796.30,3797.85,1891.756,1753895519999,7185131.98501,2561,911.364,3461333.98362,0
1753895520000,3797.85,3799.19,3796.60,3796.6,1314.543,1753895579999,4992448.26316,2388,539.218,2047660.99961,0
1753895580000,3796.60,3796.61,3794.19,3795.32,2695.175,1753895639999,10228663.91220,2199,319.743,1213447.62078,0
1753895640000,3795.31,3796.20,3794.35,3795.28,317.201,1753895699999,1203872.86726,1289,159.219,604279.28252,0
1753895700000,3795.29,3798.94,3795.00,3796.07,647.024,1753895759999,2456762.87592,1812,374.621,1422435.47880,0
1753895760000,3796.07,3796.66,3790.96,3790.96,1052.030,1753895819999,3990519.16747,2173,571.414,2167333.41237,0
1753895820000,3790.97,3796.66,3790.97,3796.59,1159.916,1753895879999,4399314.80629,2248,805.120,3053371.98681,0
1753895880000,3796.61,3801.29,3796.61,3801.29,1018.889,1753895939999,3870742.81193,3029,570.783,2168269.53653,0
1753895940000,3801.29,3804.81,3799.99,3802.7,8508.245,1753895999999,32354494.12067,6733,6678.735,25397258.60701,0
1753896000000,3802.70,3804.45,3800.65,3804.44,1374.694,1753896059999,5227515.62327,2155,590.959,2247374.01480,0
1753896060000,3804.44,3808.69,3802.03,3807.28,7986.498,1753896119999,30399307.95677,7619,6527.921,24847705.43031,0
1753896120000,3807.28,3810.48,3807.12,3807.76,5910.946,1753896179999,22515976.72241,5663,3316.913,12635038.20867,0
1753896180000,3807.75,3807.76,3802.26,3802.26,2188.075,1753896239999,8325674.58581,3210,621.326,2364198.58763,0
1753896240000,3802.27,3803.72,3800.59,3800.6,1104.361,1753896299999,4198623.08899,2219,415.285,1578879.48207,0
1753896300000,3800.59,3802.52,3800.59,3802.19,946.815,1753896359999,3599291.70422,1890,410.070,1558773.51867,0
1753896360000,3802.18,3802.35,3800.22,3800.78,606.907,1753896419999,2306993.85285,1130,137.423,522409.30938,0
1753896420000,3800.78,3801.38,3797.58,3801.28,2890.209,1753896479999,10981301.49366,3410,707.151,2686684.35275,0
1753896480000,3801.28,3805.17,3800.88,3805.17,2490.603,1753896539999,9472701.24225,2802,2071.697,7879322.46873,0
1753896540000,3805.17,3805.17,3801.72,3802.54,1198.979,1753896599999,4559622.19075,1953,340.473,1294700.41052,0
1753896600000,3802.54,3805.00,3801.14,3803.18,960.710,1753896659999,3653926.52757,2211,496.200,1887341.23747,0
1753896660000,3803.19,3803.52,3800.13,3800.14,1123.819,1753896719999,4272828.56804,2058,487.480,1853414.36693,0
1753896720000,3800.14,3802.02,3798.43,3800.37,1513.399,1753896779999,5751583.64589,2305,778.266,2958075.37216,0
1753896780000,3800.36,3803.90,3799.00,3803.9,627.460,1753896839999,2384563.55430,1838,475.602,1807480.25897,0
1753896840000,3803.90,3807.18,3803.90,3807.18,1333.262,1753896899999,5074273.55505,2314,780.503,2970509.13959,0
1753896900000,3807.18,3807.70,3803.83,3803.87,1111.842,1753896959999,4231358.55273,2422,334.886,1274485.10592,0
1753896960000,3803.87,3806.88,3803.87,3806.33,922.739,1753897019999,3511402.23687,1748,363.416,1382929.58950,0
1753897020000,3806.33,3809.54,3806.33,3809.5,2109.423,1753897079999,8033750.07465,2929,1322.896,5038223.28162,0
1753897080000,3809.51,3809.59,3805.79,3806.41,1114.382,1753897139999,4242853.86175,1972,262.278,998525.81943,0
1753897140000,3806.40,3809.33,3806.02,3809.32,1108.810,1753897199999,4221411.43032,1606,742.290,2825921.42360,0
1753897200000,3809.32,3811.79,3808.99,3811.24,2390.321,1753897259999,9108202.28890,3825,1542.616,5878266.43757,0
1753897260000,3811.23,3811.23,3808.57,3810.14,1578.956,1753897319999,6015475.12731,2612,418.374,1593822.01861,0
1753897320000,3810.13,3814.00,3810.13,3812.93,3130.355,1753897379999,11934440.29483,3654,2024.504,7717902.73038,0
1753897380000,3812.94,3813.66,3810.67,3813.47,2156.014,1753897439999,8218228.26907,2430,620.125,2363670.59021,0
1753897440000,3813.46,3813.66,3810.56,3810.56,1457.855,1753897499999,5557253.00598,1955,405.413,1545446.45570,0
1753897500000,3810.56,3811.02,3808.65,3809.01,1565.066,1753897559999,5962726.85297,2400,511.187,1947674.29101,0
1753897560000,3809.00,3809.00,3801.50,3801.5,3314.890,1753897619999,12610812.60093,4709,449.370,1709566.16310,0
1753897620000,3801.51,3802.12,3799.03,3799.42,4922.509,1753897679999,18708777.10722,4927,2065.840,7851454.13288,0
1753897680000,3799.42,3800.88,3797.00,3798.89,3424.761,1753897739999,13010551.98472,4476,1121.090,4259564.96961,0
1753897740000,3798.88,3803.46,3798.88,3800.42,1337.217,1753897799999,5082876.07035,3228,703.670,2674781.71657,0
1753897800000,3800.43,3804.96,3800.43,3804.91,1255.625,1753897859999,4774416.12186,2416,825.236,3138009.11336,0
1753897860000,3804.91,3807.80,3804.13,3806.58,1375.647,1753897919999,5235164.96136,2390,559.185,2128045.55094,0
1753897920000,3806.58,3806.58,3803.58,3806.24,2211.669,1753897979999,8415784.20158,2934,1261.499,4800236.29525,0
1753897980000,3806.23,3808.50,3805.56,3807.65,1515.429,1753898039999,5769224.94825,2381,669.638,2549304.95683,0
1753898040000,3807.66,3807.66,3806.25,3806.26,1750.983,1753898099999,6665185.33888,1470,445.684,1696573.76700,0
1753898100000,3806.26,3808.23,3806.25,3807.67,1782.838,1753898159999,6786745.61887,1968,709.924,2702625.88515,0
1753898160000,3807.68,3812.00,3807.59,3811.99,1655.307,1753898219999,6305367.61367,3003,1003.244,3821878.68946,0
1753898220000,3812.00,3812.42,3810.60,3810.6,2386.585,1753898279999,9096841.14545,2743,750.653,2861336.05240,0
1753898280000,3810.60,3810.61,3805.94,3807.74,2866.714,1753898339999,10916878.82930,3722,583.467,2221691.90016,0
1753898340000,3807.75,3808.69,3803.05,3803.63,2850.046,1753898399999,10847791.53098,3920,1385.757,5274833.94084,0
1753898400000,3803.62,3821.36,3802.86,3813.59,21616.192,1753898459999,82483279.60838,22323,13012.338,49652840.78250,0
1753898460000,3813.59,3815.19,3785.21,3785.84,23311.347,1753898519999,88537826.45822,25683,9649.830,36651788.16020,0
1753898520000,3785.85,3789.34,3781.00,3782.98,17888.642,1753898579999,67708478.64513,20718,9612.666,36383424.97966,0
1753898580000,3782.99,3785.92,3778.00,3785.62,14985.532,1753898639999,56655665.91257,16943,8048.482,30430440.30926,0
1753898640000,3785.62,3798.54,3784.78,3797.81,17361.681,1753898699999,65829382.65109,16924,12596.754,47765104.48071,0
1753898700000,3797.80,3799.16,3791.11,3792.23,9267.009,1753898759999,35176066.03877,10821,3209.702,12182335.79320,0
1753898760000,3792.23,3796.95,3792.22,3794.69,3901.375,1753898819999,14806034.95297,7174,1885.295,7154658.10840,0
1753898820000,3794.70,3794.89,3791.46,3793.64,3618.778,1753898879999,13727506.34202,6927,1313.779,4983322.33146,0
1753898880000,3793.63,3796.20,3793.63,3795.75,3219.186,1753898939999,12217663.07572,5181,991.956,3764592.64108,0
1753898940000,3795.76,3809.35,3794.77,3809.35,10443.568,1753898999999,39684121.07762,9262,8540.485,32449106.61537,0
1753899000000,3809.36,3814.22,3807.19,3809.19,13291.567,1753899059999,50660862.58981,13628,6472.458,24670802.63044,0
1753899060000,3809.19,3811.91,3807.07,3807.37,4556.117,1753899119999,17355022.59043,7753,2045.771,7793189.82566,0
1753899120000,3807.37,3809.40,3804.46,3808.13,3533.077,1753899179999,13448761.51972,6560,1441.373,5486627.21446,0
1753899180000,3808.12,3809.80,3807.17,3808.74,2957.709,1753899239999,11264645.30456,4170,1978.640,7535907.78151,0
1753899240000,3808.75,3808.75,3797.89,3797.9,3644.391,1753899299999,13854000.84543,5872,856.830,3256898.66842,0
1753899300000,3797.90,3802.27,3795.50,3799.25,3633.580,1753899359999,13802941.96881,7004,1994.584,7577547.10891,0
1753899360000,3799.25,3801.99,3797.35,3798.23,2260.925,1753899419999,8591541.79764,5802,1495.574,5683403.44161,0
1753899420000,3798.23,3805.00,3798.14,3804.56,3609.341,1753899479999,13723340.86068,4971,2492.744,9478051.81733,0
1753899480000,3804.56,3804.73,3802.20,3802.38,1115.628,1753899539999,4243162.20576,2919,584.272,2222036.26008,0
1753899540000,3802.39,3810.00,3802.12,3806.64,2578.442,1753899599999,9816046.82547,5431,1082.182,4120153.28069,0
1753899600000,3806.64,3808.99,3804.52,3806.97,1724.075,1753899659999,6562621.32243,3946,760.582,2894704.80069,0
1753899660000,3806.97,3807.83,3804.72,3805.0,1241.933,1753899719999,4727079.65022,3198,423.271,1610983.40789,0
1753899720000,3804.97,3808.30,3801.25,3806.25,2781.289,1753899779999,10580348.54570,3865,1284.325,4885721.87089,0
1753899780000,3806.26,3814.26,3804.83,3811.56,8127.762,1753899839999,30980181.55927,7901,5182.609,19753848.65060,0
1753899840000,3811.56,3811.56,3806.46,3808.98,3140.819,1753899899999,11963862.34275,4194,1113.743,4242158.54484,0
1753899900000,3808.99,3809.72,3793.90,3797.78,6565.814,1753899959999,24943141.04307,10316,2709.534,10289317.01830,0
1753899960000,3797.77,3806.66,3796.80,3806.66,4209.869,1753900019999,16001266.55198,6701,2709.731,10300952.03123,0
1753900020000,3806.65,3814.11,3805.27,3807.39,6093.239,1753900079999,23216299.62355,9207,3537.016,13476899.07737,0
1753900080000,3807.39,3807.40,3801.52,3805.31,1657.321,1753900139999,6305007.31933,4685,667.903,2540711.80375,0
1753900140000,3805.32,3808.34,3804.91,3806.03,1361.253,1753900199999,5181550.14215,3582,735.208,2798579.69421,0
1753900200000,3806.04,3807.36,3799.21,3800.96,3153.640,1753900259999,11994475.17692,5796,833.208,3169221.43490,0
1753900260000,3800.96,3809.79,3800.81,3808.94,2859.439,1753900319999,10884461.66528,5793,1939.888,7384272.48717,0
1753900320000,3808.94,3810.00,3801.69,3805.9,1620.653,1753900379999,6167326.82313,4643,776.998,2957310.79237,0
1753900380000,3805.91,3806.93,3797.88,3798.48,2660.977,1753900439999,10114068.66444,5522,1138.671,4328160.30007,0
1753900440000,3798.48,3812.77,3798.31,3808.2,5109.512,1753900499999,19457403.44661,8841,2817.616,10727505.75293,0
1753900500000,3808.15,3811.78,3804.14,3810.65,3186.997,1753900559999,12135946.72624,5598,1220.163,4646317.69107,0
1753900560000,3810.64,3811.37,3794.00,3795.63,7636.571,1753900619999,29030668.66294,9548,2646.271,10058501.16616,0
1753900620000,3795.60,3803.99,3795.45,3797.42,8612.702,1753900679999,32712755.60496,12474,5285.768,20076002.14625,0
1753900680000,3797.43,3801.60,3796.01,3797.87,4374.300,1753900739999,16617339.07266,7893,1849.974,7028075.14217,0
1753900740000,3797.85,3801.81,3794.33,3794.77,7138.724,1753900799999,27112758.72231,10719,4272.161,16227342.44106,0
1753900800000,3794.78,3794.78,3780.66,3783.32,20965.502,1753900859999,79374454.97548,21449,6537.754,24750260.02915,0
1753900860000,3783.32,3790.87,3778.31,3789.01,13699.840,1753900919999,51818333.68880,14956,7774.968,29414355.55930,0
1753900920000,3789.00,3789.00,3782.00,3783.3,14406.267,1753900979999,54546521.23905,8753,5523.701,20908787.78018,0
1753900980000,3783.31,3789.99,3781.80,3788.41,4209.953,1753901039999,15944217.28833,8028,2494.802,9449051.64143,0
1753901040000,3788.41,3794.47,3787.08,3791.18,3719.745,1753901099999,14100006.99514,6763,2580.509,9782201.23179,0
1753901100000,3791.20,3794.80,3786.39,3790.09,4905.686,1753901159999,18594581.46686,7276,1537.286,5827614.03821,0
1753901160000,3790.10,3791.83,3778.12,3780.96,7249.659,1753901219999,27432179.58872,9048,3660.035,13849186.22685,0
1753901220000,3780.96,3787.19,3770.67,3773.13,21434.554,1753901279999,80978052.33516,19023,8543.697,32270651.01824,0
1753901280000,3773.13,3773.93,3764.58,3765.4,23219.094,1753901339999,87486195.19215,19082,10355.504,39016817.27795,0
1753901340000,3765.41,3765.79,3757.16,3759.06,24794.957,1753901399999,93250009.18134,21462,11019.733,41444366.70957,0
1753901400000,3759.05,3763.34,3752.66,3753.69,21840.612,1753901459999,82051491.68091,19571,10289.111,38659705.37095,0
1753901460000,3753.68,3764.59,3752.09,3760.36,16074.020,1753901519999,60412738.77967,17150,10945.511,41136483.45162,0
1753901520000,3760.37,3764.83,3757.64,3758.14,7132.071,1753901579999,26822878.40106,11321,3439.758,12937518.84599,0
1753901580000,3758.14,3760.67,3754.39,3759.11,7069.274,1753901639999,26562561.61260,9834,3234.458,12153946.53376,0
1753901640000,3759.11,3763.86,3758.00,3758.28,4565.092,1753901699999,17170141.68925,7602,2630.540,9893971.24467,0
1753901700000,3758.28,3758.65,3752.53,3756.06,6588.875,1753901759999,24748284.81411,9758,3076.391,11554855.11483,0
1753901760000,3756.06,3756.36,3742.84,3747.91,28451.168,1753901819999,106649505.02724,25599,10786.752,40442019.39784,0
1753901820000,3747.90,3752.82,3741.54,3748.3,22902.121,1753901879999,85815236.59292,18892,12555.130,47045674.19275,0
1753901880000,3748.30,3749.70,3736.73,3740.05,17685.680,1753901939999,66162231.56621,16782,6402.537,23954776.61693,0
1753901940000,3740.06,3742.26,3734.45,3736.4,21644.448,1753901999999,80888561.53743,17394,12144.649,45385389.17547,0
1753902000000,3736.39,3736.42,3725.07,3728.67,40631.990,1753902059999,151558639.02300,29604,16315.280,60852886.50761,0
1753902060000,3728.68,3729.90,3720.20,3727.11,31959.469,1753902119999,119031744.75020,27264,13202.353,49183712.42459,0
1753902120000,3727.11,3727.86,3717.46,3723.53,26541.953,1753902179999,98793606.56058,20037,12861.688,47882682.42412,0
1753902180000,3723.53,3729.21,3720.02,3721.29,16684.635,1753902239999,62135291.65462,16279,10439.301,38876324.91269,0
1753902240000,3721.28,3721.28,3705.38,3706.44,45485.234,1753902299999,168860064.09358,29639,12600.662,46788248.54202,0
1753902300000,3706.44,3710.41,3686.12,3689.47,95162.922,1753902359999,351785346.30754,58592,31893.357,117944210.51305,0
1753902360000,3689.44,3694.29,3670.00,3685.71,78859.590,1753902419999,290479530.50826,46561,31249.101,115193304.20335,0
1753902420000,3685.72,3695.00,3684.46,3686.11,29426.162,1753902479999,108571375.35237,22978,17314.434,63883272.26255,0
1753902480000,3686.11,3690.00,3679.07,3684.18,24319.876,1753902539999,89608171.86768,23487,13482.562,49680338.35676,0
1753902540000,3684.23,3692.62,3683.99,3687.18,28639.227,1753902599999,105644574.35982,22169,15675.699,57826221.42795,0
1753902600000,3687.14,3689.85,3682.01,3683.54,19663.244,1753902659999,72484377.39536,20105,9908.945,36526930.80395,0
1753902660000,3683.47,3689.74,3682.50,3683.17,18237.473,1753902719999,67226644.75885,17569,9424.560,34741143.31954,0
1753902720000,3683.18,3694.00,3683.09,3691.29,16485.023,1753902779999,60823719.77299,16154,11521.518,42514313.22671,0
1753902780000,3691.32,3709.02,3690.93,3705.5,42213.713,1753902839999,156125586.21857,32065,28336.496,104797435.74074,0
1753902840000,3705.50,3717.17,3703.90,3714.45,37013.498,1753902899999,137351939.66431,30126,20633.175,76572167.51160,0
1753902900000,3714.46,3724.38,3709.39,3722.02,38674.263,1753902959999,143740629.85640,28869,24956.919,92755676.00953,0
1753902960000,3722.02,3724.11,3710.25,3712.33,16754.007,1753903019999,62288669.25811,18587,5814.721,21614597.87575,0
1753903020000,3712.34,3715.89,3707.04,3715.23,16276.240,1753903079999,60409762.62249,15344,7427.186,27565502.30080,0
1753903080000,3715.22,3720.35,3713.32,3713.59,11291.012,1753903139999,41980283.45002,13832,6242.450,23210992.93842,0
1753903140000,3713.60,3718.03,3709.10,3715.25,7995.786,1753903199999,29696606.96352,12498,3227.962,11991402.42226,0
1753903200000,3715.25,3715.25,3708.00,3711.69,8873.410,1753903259999,32935864.36363,11107,3591.570,13330987.30715,0
1753903260000,3711.66,3717.00,3706.72,3706.72,7848.711,1753903319999,29144190.98455,10916,4307.315,15995159.50619,0
1753903320000,3706.71,3712.17,3706.71,3708.76,6875.715,1753903379999,25502675.51276,8478,3872.871,14364250.25392,0
1753903380000,3708.75,3709.56,3703.94,3706.83,5979.632,1753903439999,22164913.61299,9562,2981.980,11053434.88570,0
1753903440000,3706.82,3713.17,3706.71,3709.65,6406.705,1753903499999,23772273.05571,7728,4093.754,15190975.48994,0
1753903500000,3709.65,3715.16,3709.62,3715.14,6427.721,1753903559999,23861757.75955,8193,4403.019,16344739.88200,0
1753903560000,3715.13,3716.00,3712.58,3715.0,6176.096,1753903619999,22942947.06610,6715,4098.040,15223129.54148,0
1753903620000,3715.00,3718.32,3714.06,3718.32,6671.991,1753903679999,24794789.99914,7763,4321.006,16057557.60505,0
1753903680000,3718.32,3720.87,3717.10,3718.75,7727.813,1753903739999,28740644.49093,6966,4674.855,17386172.43714,0
1753903740000,3718.75,3721.31,3718.74,3720.0,4813.023,1753903799999,17905671.31548,5618,3356.693,12488008.96332,0
1753903800000,3720.00,3723.35,3718.50,3723.2,9426.253,1753903859999,35070338.18276,11343,4639.853,17262060.15279,0
1753903860000,3723.19,3723.74,3720.50,3722.17,5872.835,1753903919999,21861220.21068,7722,3271.699,12178774.50914,0
1753903920000,3722.16,3723.59,3713.33,3713.97,7219.620,1753903979999,26855684.33439,10226,2521.989,9381802.29689,0
1753903980000,3714.00,3721.37,3711.31,3719.71,6266.900,1753904039999,23286289.43142,8995,3221.634,11970423.03303,0
1753904040000,3719.71,3723.87,3719.70,3723.81,4269.520,1753904099999,15894464.12035,5242,2625.725,9774561.97492,0
1753904100000,3723.81,3723.81,3717.51,3720.45,4072.832,1753904159999,15151912.92643,6742,2218.204,8252042.44482,0
1753904160000,3720.45,3720.92,3717.32,3719.03,2096.440,1753904219999,7797437.49046,5017,871.605,3241815.96455,0
1753904220000,3719.02,3720.60,3714.09,3715.9,3435.136,1753904279999,12767501.25166,6538,1226.314,4557874.13579,0
1753904280000,3715.90,3723.45,3714.79,3720.23,4176.915,1753904339999,15538224.10936,7265,2896.480,10776120.00208,0
1753904340000,3720.23,3723.86,3718.28,3723.24,3591.866,1753904399999,13367532.52572,5054,2285.663,8507734.58964,0
1753904400000,3723.24,3725.53,3722.08,3724.31,10418.746,1753904459999,38796446.78300,7399,6525.781,24300190.50802,0
1753904460000,3724.30,3728.87,3722.04,3728.2,12338.416,1753904519999,45974505.05263,8653,9493.711,35376491.61013,0
1753904520000,3728.20,3738.59,3728.19,3733.92,22137.144,1753904579999,82675873.72455,16393,14938.243,55784812.15891,0
1753904580000,3733.92,3740.00,3733.00,3739.49,9032.216,1753904639999,33748852.22834,13881,5354.292,20010445.72016,0
1753904640000,3739.50,3746.55,3738.62,3743.26,20793.870,1753904699999,77814147.21211,17470,10576.152,39578559.52357,0
1753904700000,3743.27,3744.77,3737.74,3743.57,10778.502,1753904759999,40323632.74728,9764,4198.261,15705305.13701,0
1753904760000,3743.58,3745.38,3738.30,3743.37,8116.725,1753904819999,30367165.75226,8451,4007.070,14992351.08351,0
1753904820000,3743.36,3748.88,3742.02,3748.08,9394.353,1753904879999,35195525.35156,9592,5767.958,21610005.15683,0
1753904880000,3748.09,3757.70,3747.54,3755.23,22390.200,1753904939999,84035755.69212,18196,13102.437,49175448.12458,0
1753904940000,3755.23,3764.69,3755.09,3757.75,29515.920,1753904999999,110980950.58780,18796,15167.468,57028256.11570,0
1753905000000,3757.74,3772.22,3757.74,3767.29,23863.402,1753905059999,89923806.68790,19889,12489.338,47061765.00024,0
1753905060000,3767.29,3768.11,3757.44,3762.36,13661.674,1753905119999,51406814.31772,18082,5747.941,21630068.10074,0
1753905120000,3762.35,3763.15,3755.66,3758.7,12866.278,1753905179999,48361464.91181,14519,4660.705,17518509.46108,0
1753905180000,3758.70,3764.21,3754.87,3762.35,10077.540,1753905239999,37878604.02138,11079,3343.342,12570245.87378,0
1753905240000,3762.34,3766.11,3761.19,3762.63,9981.706,1753905299999,37565702.68889,7062,3992.945,15027774.95729,0
1753905300000,3762.63,3762.63,3757.80,3760.24,5588.540,1753905359999,21013679.42819,6123,1869.800,7031341.45751,0
1753905360000,3760.24,3764.00,3759.67,3761.49,5311.964,1753905419999,19984715.56406,6329,2959.391,11133797.62937,0
1753905420000,3761.49,3763.99,3760.48,3761.29,2688.762,1753905479999,10115792.95651,3976,1399.245,5264196.88561,0
1753905480000,3761.30,3764.08,3761.10,3761.34,3466.084,1753905539999,13040675.71255,4242,2317.301,8718761.41836,0
1753905540000,3761.32,3761.32,3754.00,3758.7,11583.592,1753905599999,43521372.67282,10050,3806.683,14304712.38140,0
1753905600000,3758.69,3760.00,3755.12,3758.92,8124.501,1753905659999,30530115.33051,8601,2882.712,10832831.43701,0
1753905660000,3758.93,3763.73,3758.92,3763.69,4528.942,1753905719999,17036896.65620,5627,2791.757,10501531.41887,0
1753905720000,3763.68,3774.99,3763.68,3772.63,16824.701,1753905779999,63419441.47862,15496,11952.377,45051047.98998,0
1753905780000,3772.62,3774.84,3765.31,3767.1,11913.882,1753905839999,44923081.45715,12620,4655.365,17558919.42700,0
1753905840000,3767.11,3772.00,3767.00,3771.99,6264.180,1753905899999,23611123.33258,7082,4365.897,16456102.73268,0
1753905900000,3771.99,3774.85,3770.66,3773.48,8874.885,1753905959999,33483071.22912,9830,3832.713,14458338.15540,0
1753905960000,3773.48,3779.28,3770.49,3774.8,13280.739,1753906019999,50139129.92739,13441,7810.653,29490573.45216,0
1753906020000,3774.81,3777.86,3773.80,3773.81,4744.842,1753906079999,17917999.95445,6576,1992.581,7524997.99686,0
1753906080000,3773.80,3774.59,3770.03,3774.58,4743.952,1753906139999,17894347.93767,6769,1793.943,6766442.91544,0
1753906140000,3774.59,3783.12,3772.54,3779.58,10009.600,1753906199999,37824379.07331,12543,6780.999,25625175.17006,0
1753906200000,3779.59,3784.00,3779.45,3781.57,7480.555,1753906259999,28290375.85700,8047,3592.755,13587774.54052,0
1753906260000,3781.56,3782.12,3780.10,3780.34,4101.943,1753906319999,15510204.78082,4322,1964.378,7427551.09634,0
1753906320000,3780.32,3781.71,3779.00,3781.71,4804.062,1753906379999,18160034.32704,4720,1333.536,5041255.68525,0
1753906380000,3781.70,3781.70,3776.24,3779.69,6838.633,1753906439999,25838619.37257,6390,1514.009,5720042.61159,0
1753906440000,3779.70,3782.27,3777.66,3780.75,2578.858,1753906499999,9748596.62544,3767,1376.397,5203032.81477,0
1753906500000,3780.75,3783.93,3780.75,3782.06,3244.969,1753906559999,12272054.39492,5806,1424.745,5388138.63300,0
1753906560000,3782.06,3782.06,3774.84,3774.84,5271.655,1753906619999,19918251.43957,6343,1364.943,5156711.02906,0
1753906620000,3774.83,3777.74,3772.64,3772.64,5313.410,1753906679999,20059247.64210,6149,2443.878,9226745.19789,0
1753906680000,3772.64,3773.93,3767.56,3772.52,9797.202,1753906739999,36940929.96887,9508,4727.797,17827353.77150,0
1753906740000,3772.51,3779.06,3772.21,3779.06,3005.295,1753906799999,11348738.86663,4232,1529.966,5777529.09043,0
1753906800000,3779.06,3780.00,3774.28,3776.13,1918.289,1753906859999,7246199.80159,3241,748.397,2826727.64664,0
1753906860000,3776.13,3781.68,3775.06,3781.61,3510.633,1753906919999,13265075.90113,4044,1969.997,7444823.78787,0
1753906920000,3781.62,3786.44,3780.92,3782.21,8827.266,1753906979999,33399194.08174,9527,4908.715,18572199.09132,0
1753906980000,3782.20,3782.20,3777.15,3777.15,3533.763,1753907039999,13352527.14109,4867,2032.538,7679429.91492,0
1753907040000,3777.15,3777.28,3773.62,3773.88,2447.308,1753907099999,9240052.26966,5208,955.803,3608805.56987,0
1753907100000,3773.87,3774.83,3772.00,3772.01,1654.403,1753907159999,6242331.72259,2940,436.682,1647595.98511,0
1753907160000,3772.01,3774.55,3771.58,3773.79,1424.265,1753907219999,5374076.83448,3130,684.464,2582591.24628,0
1753907220000,3773.79,3775.18,3771.62,3775.18,1816.227,1753907279999,6852512.03980,3196,712.824,2689745.08620,0
1753907280000,3775.18,3776.47,3772.58,3773.55,1399.319,1753907339999,5282056.08364,2945,553.905,2091130.26764,0
1753907340000,3773.56,3773.56,3766.29,3767.27,6732.329,1753907399999,25370756.83885,6311,1830.017,6895691.51641,0
1753907400000,3767.27,3770.78,3766.01,3769.55,4314.854,1753907459999,16260124.83625,4729,2118.874,7985226.67019,0
1753907460000,3769.56,3774.42,3768.01,3772.47,2540.224,1753907519999,9579361.84106,3425,1353.498,5104001.85244,0
1753907520000,3772.46,3773.42,3770.75,3772.39,2026.473,1753907579999,7644454.35517,2010,675.839,2549259.71244,0
1753907580000,3772.40,3772.85,3768.81,3769.48,1608.232,1753907639999,6064249.33677,2008,552.465,2083033.86577,0
1753907640000,3769.48,3769.93,3762.25,3764.23,4350.228,1753907699999,16381094.81172,4974,1383.973,5211841.46971,0
1753907700000,3764.23,3764.39,3762.00,3762.32,4733.670,1753907759999,17814330.64188,3933,1557.260,5860507.36055,0
1753907760000,3762.32,3764.99,3758.18,3764.72,9548.794,1753907819999,35910458.15133,7377,5021.016,18883416.66582,0
1753907820000,3764.73,3769.60,3764.72,3768.54,2781.143,1753907879999,10477793.38769,3894,2127.179,8013502.26856,0
1753907880000,3768.53,3768.72,3764.40,3767.64,2620.557,1753907939999,9871180.88164,4052,1495.787,5634200.22449,0
1753907940000,3767.63,3768.04,3765.87,3766.49,2243.221,1753907999999,8450395.53138,2014,420.337,1583456.80272,0
1753908000000,3766.50,3772.88,3766.31,3772.87,3810.130,1753908059999,14366117.23654,4216,2144.185,8084033.97729,0
1753908060000,3772.88,3777.65,3772.87,3773.83,3448.697,1753908119999,13019512.20694,5071,1532.433,5784863.71276,0
1753908120000,3773.82,3774.44,3772.50,3774.08,1347.460,1753908179999,5084690.74173,1888,678.800,2561494.08256,0
1753908180000,3774.09,3774.09,3769.50,3770.85,1334.403,1753908239999,5032394.26266,2311,585.758,2208663.96694,0
1753908240000,3770.84,3770.85,3767.14,3767.8,3771.771,1753908299999,14217439.87757,4095,1676.383,6318835.58670,0
1753908300000,3767.80,3771.13,3767.31,3768.98,1952.689,1753908359999,7359446.71326,3134,779.023,2935800.69200,0
1753908360000,3768.97,3769.09,3766.82,3766.83,902.959,1753908419999,3402120.45419,2221,256.033,964754.50220,0
1753908420000,3766.83,3767.88,3765.43,3765.44,990.361,1753908479999,3730291.29310,1770,309.589,1166150.42513,0
1753908480000,3765.43,3767.23,3764.20,3766.9,1172.565,1753908539999,4415726.85929,2470,513.487,1933748.32305,0
1753908540000,3766.90,3768.92,3766.00,3766.0,1617.386,1753908599999,6093140.31628,2549,805.886,3035904.04027,0
1753908600000,3766.00,3766.14,3763.31,3763.31,2033.453,1753908659999,7655535.58732,2670,549.734,2069457.44013,0
1753908660000,3763.31,3763.90,3761.37,3763.27,1953.215,1753908719999,7349224.26696,2422,432.472,1627298.07916,0
1753908720000,3763.27,3765.63,3763.00,3765.63,1593.038,1753908779999,5996804.27930,1888,909.105,3422247.38302,0
1753908780000,3765.63,3771.00,3765.13,3770.69,4227.818,1753908839999,15935148.29929,5231,3124.593,11776168.53569,0
1753908840000,3770.69,3771.00,3769.12,3769.86,1693.850,1753908899999,6385063.04824,1777,1396.996,5265939.23706,0
1753908900000,3769.86,3772.12,3769.75,3771.62,1613.198,1753908959999,6083169.22786,2557,934.189,3522637.74933,0
1753908960000,3771.63,3772.20,3765.74,3765.74,1733.232,1753909019999,6532829.59619,2508,549.277,2070907.60680,0
1753909020000,3765.75,3767.07,3765.30,3766.99,1473.535,1753909079999,5549526.71054,2038,1168.262,4399786.10463,0
1753909080000,3767.00,3770.37,3766.99,3769.47,1908.730,1753909139999,7193850.93406,2292,948.647,3575146.22594,0
1753909140000,3769.46,3770.64,3768.65,3768.65,1204.530,1753909199999,4540471.80953,1544,796.780,3003424.11771,0
1753909200000,3768.65,3773.94,3768.07,3772.58,2255.462,1753909259999,8507553.86601,4418,1537.918,5800951.42192,0
1753909260000,3772.57,3772.58,3771.31,3772.5,1102.524,1753909319999,4158833.70420,1111,544.288,2053108.39685,0
1753909320000,3772.50,3773.49,3770.16,3770.16,1704.076,1753909379999,6429224.38237,1954,850.210,3207754.98094,0
1753909380000,3770.16,3770.49,3767.09,3768.88,1467.796,1753909439999,5531756.98014,2657,549.386,2070392.79007,0
1753909440000,3768.88,3769.02,3766.29,3767.65,779.840,1753909499999,2938586.50128,1920,332.237,1251945.82194,0
1753909500000,3767.65,3768.71,3765.28,3765.3,1304.977,1753909559999,4915210.59819,3044,646.264,2434158.78782,0
1753909560000,3765.31,3766.79,3764.40,3766.07,1148.118,1753909619999,4323465.51471,1892,587.305,2211650.59598,0
1753909620000,3766.07,3766.59,3764.30,3764.35,1747.302,1753909679999,6579727.85254,1759,295.614,1113234.12503,0
1753909680000,3764.34,3767.00,3762.97,3766.99,2214.102,1753909739999,8334381.88250,2333,248.503,935558.07208,0
1753909740000,3767.00,3767.00,3765.00,3766.9,564.438,1753909799999,2125862.36147,1517,275.880,1039037.87028,0
1753909800000,3766.89,3767.30,3766.39,3767.2,1104.657,1753909859999,4161083.10758,1179,746.866,2813367.59422,0
1753909860000,3767.20,3770.70,3767.19,3770.49,692.513,1753909919999,2609722.77761,1560,481.693,1815091.91677,0
1753909920000,3770.49,3770.70,3768.00,3769.59,688.293,1753909979999,2594504.58641,1902,315.112,1187733.16290,0
1753909980000,3769.59,3769.59,3766.52,3766.53,519.817,1753910039999,1958662.95308,1014,216.336,815162.64718,0
1753910040000,3766.53,3766.53,3763.31,3764.27,1121.675,1753910099999,4222543.32383,1885,497.552,1873048.16000,0
1753910100000,3764.28,3765.74,3762.53,3765.35,1994.650,1753910159999,7507049.45514,2745,826.474,3110607.55899,0
1753910160000,3765.36,3765.93,3763.58,3763.59,718.954,1753910219999,2706891.80505,1506,296.354,1115710.38881,0
1753910220000,3763.60,3765.80,3763.60,3764.51,565.849,1753910279999,2130404.93235,1206,218.840,823925.41879,0
1753910280000,3764.52,3765.99,3763.24,3765.99,495.488,1753910339999,1865156.14087,1490,209.454,788461.85776,0
1753910340000,3765.98,3765.98,3763.92,3765.52,593.933,1753910399999,2236265.17717,1497,155.322,584769.00029,0
1753910400000,3765.53,3765.93,3763.51,3765.84,585.327,1753910459999,2203721.04104,1297,302.334,1138213.41895,0
1753910460000,3765.84,3765.84,3763.20,3765.17,931.912,1753910519999,3507989.16914,1762,536.847,2020752.41392,0
1753910520000,3765.16,3765.16,3761.57,3761.57,1268.901,1753910579999,4775158.44953,2173,583.337,2195220.64487,0
1753910580000,3761.57,3761.58,3761.00,3761.34,1029.215,1753910639999,3871024.02791,1175,487.114,1832066.42637,0
1753910640000,3761.33,3761.35,3758.24,3759.46,2876.718,1753910699999,10815876.09797,2762,1052.707,3957770.36323,0
1753910700000,3759.47,3761.99,3759.46,3760.71,1444.475,1753910759999,5432233.57704,1869,662.677,2491898.09164,0
1753910760000,3760.72,3761.36,3759.46,3759.47,594.291,1753910819999,2234464.54407,1005,223.899,841840.91289,0
1753910820000,3759.46,3759.86,3755.37,3755.37,4912.514,1753910879999,18457733.64041,2916,583.772,2193292.91838,0
1753910880000,3755.37,3757.36,3751.25,3752.36,6715.712,1753910939999,25208416.70228,6055,2127.343,7985662.19863,0
1753910940000,3752.36,3752.36,3750.22,3750.23,3924.079,1753910999999,14720069.11803,2114,737.118,2765004.45820,0
1753911000000,3750.22,3755.00,3750.11,3755.0,3866.353,1753911059999,14507970.47460,3400,2105.865,7901280.28840,0
1753911060000,3755.00,3761.08,3755.00,3757.83,6648.179,1753911119999,24990359.01090,6136,5012.294,18840151.97533,0
1753911120000,3757.84,3758.69,3755.94,3755.94,1653.416,1753911179999,6212449.57879,1964,873.295,3281157.96298,0
1753911180000,3755.95,3755.95,3755.00,3755.56,804.141,1753911239999,3019755.31931,1042,481.540,1808257.05619,0
1753911240000,3755.57,3755.57,3751.15,3751.31,2486.277,1753911299999,9330502.53601,2321,947.936,3556851.98904,0
1753911300000,3751.31,3752.44,3742.49,3744.0,15969.536,1753911359999,59829739.87138,10014,3207.934,12022039.10647,0
1753911360000,3744.00,3747.63,3739.62,3746.33,9369.046,1753911419999,35068371.62693,7020,3624.196,13568396.64223,0
1753911420000,3746.33,3753.79,3746.33,3751.56,8793.840,1753911479999,32980487.41282,7480,7145.197,26797295.67494,0
1753911480000,3751.55,3751.56,3747.75,3748.32,1192.697,1753911539999,4471125.76238,1688,624.709,2341789.60057,0
1753911540000,3748.33,3750.00,3747.74,3749.69,1259.547,1753911599999,4721896.05102,1155,541.388,2029518.54008,0
1753911600000,3749.69,3749.69,3747.33,3748.71,811.915,1753911659999,3043267.41005,1373,433.225,1623845.78289,0
1753911660000,3748.72,3748.85,3746.04,3746.04,1231.132,1753911719999,4614032.83709,1078,300.601,1126640.26329,0
1753911720000,3746.04,3746.05,3743.08,3743.52,3386.113,1753911779999,12679131.59714,3108,1902.988,7125517.18350,0
1753911780000,3743.53,3743.53,3741.18,3741.18,1989.438,1753911839999,7444622.42830,2258,827.353,3095899.16348,0
1753911840000,3741.18,3742.30,3741.18,3742.29,901.838,1753911899999,3374473.28094,1027,445.219,1665894.57357,0
1753911900000,3742.30,3749.41,3742.29,3745.79,3393.749,1753911959999,12714550.92932,4232,2631.549,9859311.87233,0
1753911960000,3745.79,3752.56,3745.79,3752.48,3274.831,1753912019999,12281464.62921,3468,2073.981,7777897.10242,0
1753912020000,3752.48,3755.63,3752.48,3754.36,2667.095,1753912079999,10012534.54882,2965,1983.475,7446066.39141,0
1753912080000,3754.37,3754.59,3751.73,3751.73,2065.479,1753912139999,7751511.90324,1582,691.578,2595286.47121,0
1753912140000,3751.73,3755.00,3751.47,3754.91,3750.754,1753912199999,14078257.58013,3301,3179.418,11933427.79268,0
1753912200000,3754.91,3754.91,3751.44,3754.0,1137.254,1753912259999,4268023.71447,1677,688.424,2583470.44469,0
1753912260000,3754.00,3758.83,3753.99,3758.72,3073.046,1753912319999,11545185.27383,3657,2408.505,9048357.72299,0
1753912320000,3758.72,3759.41,3754.57,3756.29,2346.354,1753912379999,8815836.11923,2758,916.031,3441366.65282,0
1753912380000,3756.29,3761.69,3756.29,3759.38,3940.366,1753912439999,14813564.96910,5092,2165.667,8141018.62348,0
1753912440000,3759.38,3760.43,3758.53,3758.54,967.307,1753912499999,3636364.85941,1320,316.789,1190885.64580,0
1753912500000,3758.54,3763.40,3758.54,3761.85,1903.602,1753912559999,7159852.79932,2557,1342.821,5050185.03662,0
1753912560000,3761.85,3765.98,3761.49,3765.27,2820.091,1753912619999,10615542.34023,3363,2244.706,8449495.33909,0
1753912620000,3765.28,3765.28,3760.00,3762.36,1269.064,1753912679999,4774496.04124,2532,796.788,2997507.38255,0
1753912680000,3762.36,3764.66,3762.04,3764.66,881.091,1753912739999,3315182.04132,1072,620.195,2333544.61365,0
1753912740000,3764.66,3764.66,3760.04,3761.31,1452.138,1753912799999,5463389.92634,1929,718.377,2702622.38423,0
1753912800000,3761.32,3765.46,3760.09,3762.53,2978.360,1753912859999,11206092.93171,4496,1996.860,7513002.29925,0
1753912860000,3762.53,3762.53,3756.56,3756.93,2235.889,1753912919999,8404118.68046,2336,532.970,2003345.85992,0
1753912920000,3756.94,3760.35,3756.93,3759.16,1388.101,1753912979999,5217985.45256,4515,733.615,2757686.53868,0
1753912980000,3759.17,3762.48,3758.23,3758.41,1905.337,1753913039999,7164924.96714,3934,825.827,3105365.47421,0
1753913040000,3758.42,3765.00,3758.42,3763.9,2583.569,1753913099999,9720295.64876,3910,1527.455,5746219.51492,0
1753913100000,3763.91,3765.24,3762.00,3765.22,1123.321,1753913159999,4228022.30928,2573,687.961,2589354.28928,0
1753913160000,3765.23,3766.99,3764.20,3765.44,2592.948,1753913219999,9764734.41721,4221,1176.260,4429594.86383,0
1753913220000,3765.45,3770.00,3765.01,3769.67,3270.009,1753913279999,12320953.02860,3972,2408.764,9076444.93506,0
1753913280000,3769.68,3769.87,3767.62,3767.62,2022.884,1753913339999,7623719.93585,1894,641.963,2419481.23042,0
1753913340000,3767.63,3768.17,3766.00,3766.0,2199.354,1753913399999,8284496.86857,2483,743.712,2801316.35737,0
1753913400000,3766.00,3766.37,3764.40,3764.66,1231.116,1753913459999,4635724.53027,2048,527.799,1987250.05991,0
1753913460000,3764.66,3768.32,3764.65,3766.9,676.499,1753913519999,2548152.95641,1780,440.235,1658153.13254,0
1753913520000,3766.91,3766.91,3763.51,3763.92,954.183,1753913579999,3592274.55950,1782,354.615,1335111.86111,0
1753913580000,3763.93,3765.32,3763.80,3765.32,869.284,1753913639999,3272295.67655,830,507.706,1911199.62422,0
1753913640000,3765.31,3765.32,3763.02,3763.59,739.179,1753913699999,2781944.33026,1182,179.804,676641.63503,0
1753913700000,3763.58,3765.19,3762.13,3762.82,1388.321,1753913759999,5224302.54490,2543,213.515,803485.77508,0
1753913760000,3762.82,3767.72,3762.82,3767.72,1322.119,1753913819999,4978650.56745,2088,1099.582,4140867.08935,0
1753913820000,3767.72,3768.92,3767.58,3768.03,1295.205,1753913879999,4880618.83062,1919,724.897,2731487.54184,0
1753913880000,3768.02,3768.70,3765.64,3765.7,1209.785,1753913939999,4557050.06292,2167,290.554,1094524.57667,0
1753913940000,3765.70,3766.99,3763.06,3763.06,814.758,1753913999999,3067257.80524,1571,214.260,806799.25793,0
1753914000000,3763.07,3763.07,3755.00,3756.28,6043.798,1753914059999,22713863.65599,5305,918.422,3450742.78837,0
1753914060000,3756.29,3758.00,3754.18,3757.1,2212.089,1753914119999,8308930.71627,3609,1320.851,4961473.06377,0
1753914120000,3757.10,3759.67,3757.00,3759.29,1087.517,1753914179999,4086992.81636,2215,590.735,2220057.37009,0
1753914180000,3759.29,3760.10,3757.44,3758.8,746.308,1753914239999,2805124.93734,1586,369.111,1387386.34783,0
1753914240000,3758.80,3759.70,3757.42,3759.2,1078.497,1753914299999,4054235.28453,1874,581.650,2186406.39418,0
1753914300000,3759.20,3759.21,3755.56,3757.11,1017.903,1753914359999,3823993.18638,1942,380.303,1428488.81366,0
1753914360000,3757.11,3757.76,3754.82,3756.16,959.549,1753914419999,3604459.69687,1726,421.871,1584613.85915,0
1753914420000,3756.16,3758.42,3756.16,3756.82,770.899,1753914479999,2896510.04553,2095,302.576,1136809.81855,0
1753914480000,3756.82,3760.39,3756.81,3760.39,711.558,1753914539999,2673926.48313,1756,433.075,1627370.07542,0
1753914540000,3760.39,3760.43,3759.66,3759.66,453.680,1753914599999,1705852.31426,893,208.332,783327.90628,0
1753914600000,3759.66,3759.85,3758.40,3759.83,839.381,1753914659999,3155171.69887,1729,352.858,1326326.27393,0
1753914660000,3759.84,3764.25,3759.07,3763.25,1872.383,1753914719999,7042499.72327,3052,822.806,3095680.33651,0
1753914720000,3763.25,3764.57,3759.85,3759.85,1328.539,1753914779999,4998810.21901,2371,468.217,1762129.73234,0
1753914780000,3759.85,3760.32,3756.11,3758.28,1355.468,1753914839999,5093348.04266,2693,512.368,1925249.98279,0
1753914840000,3758.27,3760.07,3755.00,3755.0,2112.205,1753914899999,7937321.54513,3450,1143.263,4296521.20034,0
1753914900000,3755.00,3758.00,3755.00,3756.02,1350.218,1753914959999,5072704.03857,2569,418.861,1573538.64577,0
1753914960000,3756.00,3758.30,3754.87,3757.05,923.124,1753915019999,3467157.86613,2342,563.446,2116182.86338,0
1753915020000,3757.04,3758.20,3754.00,3754.17,970.285,1753915079999,3644880.94522,1961,336.246,1263037.05519,0
1753915080000,3754.17,3756.96,3754.17,3756.95,506.120,1753915139999,1900635.10172,1873,278.620,1046320.31104,0
1753915140000,3756.96,3757.98,3756.28,3757.32,777.647,1753915199999,2921795.21661,2140,362.845,1363302.94572,0
1753915200000,3757.33,3758.44,3755.17,3755.58,802.229,1753915259999,3014262.20258,2066,402.136,1510922.26003,0
1753915260000,3755.58,3759.27,3755.20,3758.82,556.035,1753915319999,2089225.92547,1986,278.057,1044925.05183,0
1753915320000,3758.83,3761.33,3757.55,3761.16,2452.421,1753915379999,9220004.39551,3083,1424.271,5355387.51754,0
1753915380000,3761.15,3762.71,3760.04,3760.12,1151.036,1753915439999,4329349.17973,1772,622.403,2341062.80662,0
1753915440000,3760.11,3762.19,3759.16,3760.78,772.507,1753915499999,2905568.31740,1911,294.908,1109049.33780,0
1753915500000,3760.79,3763.86,3760.24,3763.86,480.289,1753915559999,1806615.92209,1717,355.342,1336725.84776,0
1753915560000,3763.86,3764.93,3761.88,3764.75,3091.181,1753915619999,11634507.20496,3591,1246.670,4692507.09636,0
1753915620000,3764.76,3764.76,3762.38,3763.54,708.329,1753915679999,2665721.46771,1516,401.752,1511984.73675,0
1753915680000,3763.55,3764.64,3761.74,3762.36,1192.353,1753915739999,4486603.72035,1940,440.505,1657560.02591,0
1753915740000,3762.36,3763.86,3762.35,3763.85,380.369,1753915799999,1431373.51144,862,270.409,1017621.36515,0
1753915800000,3763.85,3764.69,3759.02,3759.02,1076.716,1753915859999,4049482.46345,2297,98.248,369538.63355,0
1753915860000,3759.03,3759.06,3756.22,3757.82,1066.712,1753915919999,4008576.09780,2430,227.258,853993.52654,0
1753915920000,3757.82,3759.76,3757.57,3757.75,1060.380,1753915979999,3985663.93270,2181,611.871,2299802.83454,0
1753915980000,3757.75,3758.55,3756.81,3757.73,414.620,1753916039999,1557955.52927,946,97.180,365183.31605,0
1753916040000,3757.74,3760.80,3757.73,3760.01,413.183,1753916099999,1553197.47691,1255,226.003,849472.81345,0
1753916100000,3760.01,3763.31,3760.01,3762.08,999.266,1753916159999,3758525.66080,1968,258.354,971717.86262,0
1753916160000,3762.09,3762.82,3760.76,3760.77,354.877,1753916219999,1334987.47944,1312,215.790,811781.09344,0
1753916220000,3760.76,3761.64,3760.45,3761.63,233.568,1753916279999,878460.50925,1081,131.076,492963.65495,0
1753916280000,3761.63,3764.15,3760.15,3764.14,857.255,1753916339999,3225020.73574,1574,669.107,2517433.36162,0
1753916340000,3764.15,3764.18,3761.97,3761.97,704.909,1753916399999,2652742.59372,1403,211.839,797273.00381,0
1753916400000,3761.95,3764.00,3761.15,3763.95,727.701,1753916459999,2738377.22271,1545,492.283,1852413.75435,0
1753916460000,3763.96,3766.09,3762.57,3763.43,2122.178,1753916519999,7989984.06971,2623,1762.001,6634084.85611,0
1753916520000,3763.44,3768.73,3762.96,3767.37,2661.356,1753916579999,10023267.19007,3459,1832.180,6899236.66196,0
1753916580000,3767.37,3769.65,3766.41,3768.95,1553.484,1753916639999,5853500.32219,2255,1012.715,3816168.84328,0
1753916640000,3768.94,3780.00,3768.94,3778.8,18318.579,1753916699999,69141273.10898,13750,13706.086,51734815.66266,0
1753916700000,3778.81,3778.82,3776.19,3777.33,2360.923,1753916759999,8917986.21024,3321,928.272,3506377.56771,0
1753916760000,3777.33,3778.03,3775.09,3775.56,2588.429,1753916819999,9774446.10692,2912,1351.239,5102391.08297,0
1753916820000,3775.55,3776.81,3774.22,3775.58,1176.350,1753916879999,4441430.55983,2298,636.703,2403893.92257,0
1753916880000,3775.58,3777.28,3775.57,3777.16,547.886,1753916939999,2068944.60190,1055,371.019,1401080.67895,0
1753916940000,3777.17,3779.50,3776.11,3779.12,2046.062,1753916999999,7728354.72830,2953,1091.770,4123713.07728,0
1753917000000,3779.13,3779.23,3777.46,3778.18,995.770,1753917059999,3762525.37740,1633,339.024,1280972.67784,0
1753917060000,3778.17,3778.18,3776.17,3777.25,1003.192,1753917119999,3789567.40791,1784,285.986,1080268.20209,0
1753917120000,3777.25,3779.00,3777.25,3778.21,1732.522,1753917179999,6546055.46579,1964,1208.742,4566804.17793,0
1753917180000,3778.21,3779.00,3777.91,3778.69,795.596,1753917239999,3006025.14012,1676,433.781,1638973.33138,0
1753917240000,3778.69,3779.96,3778.40,3779.43,1306.588,1753917299999,4938043.87877,1758,562.490,2125807.48855,0
1753917300000,3779.42,3783.24,3779.17,3782.35,5425.165,1753917359999,20513500.98716,5477,3266.892,12353439.13041,0
1753917360000,3782.34,3783.01,3781.18,3783.0,1663.036,1753917419999,6289841.79441,1885,1158.965,4383361.37643,0
1753917420000,3783.00,3784.39,3779.00,3779.0,3740.773,1753917479999,14147366.84725,3313,940.929,3559429.37310,0
1753917480000,3779.00,3781.66,3779.00,3780.59,1856.560,1753917539999,7018472.97641,2241,903.256,3414293.04247,0
1753917540000,3780.60,3781.92,3780.00,3781.92,1645.830,1753917599999,6222468.29737,1465,969.310,3664825.63888,0
1753917600000,3781.94,3783.09,3781.84,3783.08,1460.797,1753917659999,5525498.03781,2033,542.022,2050165.07563,0
1753917660000,3783.08,3783.68,3781.80,3783.35,1820.792,1753917719999,6887604.34759,1698,866.533,3277855.65475,0
1753917720000,3783.35,3783.55,3782.93,3783.51,819.163,1753917779999,3099219.38530,1034,288.589,1091828.30374,0
1753917780000,3783.51,3783.73,3782.35,3782.61,1636.800,1753917839999,6192063.72362,1091,554.542,2097786.69635,0
1753917840000,3782.61,3782.61,3778.80,3778.8,3420.414,1753917899999,12930804.75186,2202,280.493,1060432.96682,0
1753917900000,3778.80,3779.07,3777.01,3777.04,4003.646,1753917959999,15124599.55386,2389,1132.328,4277544.75994,0
1753917960000,3777.05,3781.12,3777.01,3780.31,1285.662,1753918019999,4859050.20876,1914,621.631,2348991.18161,0
1753918020000,3780.30,3782.55,3779.80,3782.55,839.532,1753918079999,3174019.91018,1310,400.491,1514265.03573,0
1753918080000,3782.54,3787.35,3782.54,3787.08,6491.423,1753918139999,24576368.80825,6667,4299.750,16277333.27061,0
1753918140000,3787.07,3787.50,3786.80,3787.1,1865.425,1753918199999,7064573.35236,2173,1071.735,4058733.55222,0
1753918200000,3787.10,3793.26,3786.70,3792.7,9658.992,1753918259999,36606709.98979,11623,6595.916,24998563.29690,0
1753918260000,3792.71,3805.00,3792.21,3802.04,18693.990,1753918319999,71009702.51332,15884,12986.144,49331424.93851,0
1753918320000,3802.05,3805.61,3800.00,3803.2,15860.118,1753918379999,60305211.89706,12208,8934.033,33971597.66563,0
1753918380000,3803.20,3804.63,3801.16,3803.86,4296.742,1753918439999,16339828.46496,6422,2146.065,8160504.06108,0
1753918440000,3803.86,3806.00,3801.00,3801.08,7028.879,1753918499999,26735923.99285,6685,3327.792,12659515.62632,0
1753918500000,3801.07,3802.00,3797.59,3800.19,7759.529,1753918559999,29486910.37264,7001,2509.818,9538566.88710,0
1753918560000,3800.19,3803.00,3799.11,3803.0,4356.975,1753918619999,16559669.49720,3401,3290.046,12504276.71137,0
1753918620000,3803.00,3807.53,3802.67,3806.98,5141.834,1753918679999,19569309.68086,4500,2503.555,9527331.13471,0
1753918680000,3806.99,3811.13,3805.75,3807.95,12377.362,1753918739999,47145221.13107,11425,7116.579,27108103.48539,0
1753918740000,3807.96,3809.73,3806.21,3808.66,2762.639,1753918799999,10520625.75395,3831,1692.631,6445950.69068,0
1753918800000,3808.66,3809.34,3807.58,3807.72,1892.985,1753918859999,7209146.67001,2134,628.600,2393899.58696,0
1753918860000,3807.72,3809.08,3805.92,3805.93,1701.020,1753918919999,6477168.42331,2654,528.233,2011371.59335,0
1753918920000,3805.92,3805.93,3803.48,3804.75,1882.859,1753918979999,7164085.42619,2968,853.088,3245995.70907,0
1753918980000,3804.76,3805.34,3803.42,3805.01,1572.455,1753919039999,5982745.02659,2147,507.304,1930054.48079,0
1753919040000,3805.01,3805.01,3803.01,3803.88,1847.916,1753919099999,7029101.37727,2071,530.303,2017214.86531,0
1753919100000,3803.89,3806.07,3803.48,3803.59,2412.789,1753919159999,9179870.37141,3218,923.050,3512214.63854,0
1753919160000,3803.60,3803.97,3800.28,3801.37,3438.012,1753919219999,13069823.44167,3437,1392.662,5294267.42890,0
1753919220000,3801.36,3803.00,3801.34,3802.36,927.086,1753919279999,3524906.00429,1554,475.354,1807349.49141,0
1753919280000,3802.36,3806.92,3802.11,3806.92,1740.382,1753919339999,6622253.95984,2408,1345.435,5119267.91070,0
1753919340000,3806.91,3807.34,3806.00,3806.4,1716.704,1753919399999,6534983.06752,1768,716.641,2727977.58377,0
1753919400000,3806.41,3806.73,3805.01,3806.69,1409.341,1753919459999,5363966.43125,1455,681.301,2592995.19452,0
1753919460000,3806.70,3809.76,3806.16,3809.55,1754.588,1753919519999,6681723.65493,1912,1283.092,4886275.31420,0
1753919520000,3809.55,3809.55,3802.10,3802.1,3492.537,1753919579999,13293311.16423,3458,715.521,2723431.52910,0
1753919580000,3802.11,3804.95,3802.07,3804.94,1699.626,1753919639999,6464417.35256,1827,1119.526,4257801.07109,0
1753919640000,3804.94,3805.00,3802.35,3802.38,2073.951,1753919699999,7888680.84700,2182,594.102,2259645.97780,0
1753919700000,3802.39,3805.00,3800.37,3804.93,3771.527,1753919759999,14341443.76262,3464,1686.190,6413082.80759,0
1753919760000,3804.92,3806.57,3804.92,3806.28,2842.417,1753919819999,10816004.21431,1964,2270.594,8639898.07122,0
1753919820000,3806.28,3807.56,3805.05,3807.16,909.927,1753919879999,3463650.48904,1478,451.417,1718285.74115,0
1753919880000,3807.16,3807.98,3807.16,3807.97,885.198,1753919939999,3370522.23557,1176,467.687,1780800.48500,0
1753919940000,3807.98,3808.67,3806.80,3808.67,1380.765,1753919999999,5257088.20066,1678,571.238,2174869.76076,0
1753920000000,3808.67,3808.96,3804.00,3805.91,3341.840,1753920059999,12720083.56178,4102,1264.605,4813195.87471,0
1753920060000,3805.91,3805.92,3803.31,3805.63,1344.233,1753920119999,5114411.86073,2491,495.969,1887079.45546,0
1753920120000,3805.62,3806.00,3800.89,3801.89,5927.808,1753920179999,22545701.29939,4701,1531.849,5825482.43054,0
1753920180000,3801.90,3803.00,3800.50,3801.82,2493.724,1753920239999,9479850.79978,2953,977.836,3717037.88534,0
1753920240000,3801.82,3802.39,3800.55,3802.25,1335.156,1753920299999,5075659.84979,1968,572.535,2176553.41123,0
1753920300000,3802.26,3803.76,3802.00,3802.6,1662.702,1753920359999,6323139.12491,2418,910.092,3461042.46940,0
1753920360000,3802.60,3807.83,3802.07,3804.04,5925.027,1753920419999,22542914.10186,5224,3767.968,14335848.64978,0
1753920420000,3804.05,3805.91,3801.52,3802.75,3379.236,1753920479999,12854623.62665,4434,1346.842,5123539.65605,0
1753920480000,3802.76,3804.05,3800.80,3802.22,975.647,1753920539999,3709817.80981,1847,395.037,1502088.22734,0
1753920540000,3802.23,3803.41,3802.11,3803.2,837.675,1753920599999,3185476.23509,1438,342.572,1302710.43753,0
1753920600000,3803.20,3803.93,3800.00,3800.0,2058.557,1753920659999,7824505.31180,2636,373.458,1419848.69738,0
1753920660000,3800.01,3804.88,3799.78,3804.37,2276.840,1753920719999,8658118.39437,3731,1564.910,5951075.87067,0
1753920720000,3804.37,3805.84,3803.62,3804.55,1151.719,1753920779999,4382276.14603,2379,673.075,2561021.86972,0
1753920780000,3804.55,3807.78,3804.54,3807.78,1170.680,1753920839999,4455852.71306,1727,794.029,3022313.58271,0
1753920840000,3807.77,3807.77,3805.17,3807.35,2197.388,1753920899999,8364538.97853,2314,668.792,2545719.14590,0
1753920900000,3807.34,3808.33,3806.36,3808.14,1452.009,1753920959999,5529032.98259,2269,680.798,2592377.24715,0
1753920960000,3808.14,3810.00,3807.80,3809.38,4001.997,1753921019999,15243715.43360,3341,1834.324,6987112.75203,0
1753921020000,3809.39,3811.24,3806.09,3806.09,4578.875,1753921079999,17442317.52627,4839,2331.352,8881570.85955,0
1753921080000,3806.09,3811.63,3805.31,3810.06,3028.261,1753921139999,11535992.70566,4166,2293.623,8738127.59907,0
1753921140000,3810.06,3810.79,3808.04,3808.39,1449.503,1753921199999,5521985.02991,2598,434.715,1656175.47443,0
1753921200000,3808.40,3808.92,3803.79,3803.8,2240.278,1753921259999,8525765.97073,3076,674.410,2566907.52879,0
1753921260000,3803.80,3806.60,3803.10,3805.73,2997.913,1753921319999,11407890.66859,3502,2083.812,7929430.80192,0
1753921320000,3805.74,3807.04,3804.72,3806.83,1628.338,1753921379999,6197174.22004,1942,587.458,2235820.04571,0
1753921380000,3806.83,3809.61,3806.75,3808.08,865.762,1753921439999,3296692.71137,1886,554.893,2113003.56779,0
1753921440000,3808.07,3810.11,3808.07,3809.86,1346.937,1753921499999,5130932.84349,2039,881.994,3359791.06795,0
1753921500000,3809.87,3811.42,3809.86,3810.48,1946.564,1753921559999,7417617.89633,2147,1067.734,4068837.75050,0
1753921560000,3810.48,3814.21,3810.47,3814.21,4200.417,1753921619999,16014598.11832,4759,3534.401,13475302.99333,0
1753921620000,3814.20,3824.87,3814.20,3822.6,24939.631,1753921679999,95242001.34835,19892,17833.044,68102485.64866,0
1753921680000,3822.60,3823.30,3820.10,3820.57,8332.098,1753921739999,31842762.74652,8458,4266.908,16307025.77630,0
1753921740000,3820.56,3824.21,3820.00,3823.56,4681.995,1753921799999,17895764.53954,5197,3237.567,12375722.09477,0
1753921800000,3823.55,3823.96,3821.23,3821.7,5158.551,1753921859999,19718267.62070,4788,1985.263,7588485.05185,0
1753921860000,3821.71,3822.43,3818.28,3819.12,3445.939,1753921919999,13162365.32239,4253,1255.324,4795143.08278,0
1753921920000,3819.11,3822.75,3819.11,3820.52,7584.855,1753921979999,28983147.96970,4601,4454.310,17019081.59222,0
1753921980000,3820.53,3823.44,3820.14,3822.47,2876.525,1753922039999,10993291.77159,3171,1798.334,6872846.80972,0
1753922040000,3822.47,3826.82,3822.46,3825.81,5996.614,1753922099999,22937462.38032,5986,4864.477,18607052.82428,0
1753922100000,3825.81,3829.98,3824.33,3827.11,9509.302,1753922159999,36396336.70827,7689,6342.808,24277451.11523,0
1753922160000,3827.12,3829.98,3826.56,3829.16,4779.472,1753922219999,18299699.86694,4875,2725.483,10435470.07450,0
1753922220000,3829.17,3831.20,3827.44,3829.69,8752.907,1753922279999,33518596.75943,6963,5081.415,19458571.95107,0
1753922280000,3829.69,3831.33,3829.33,3830.65,3437.157,1753922339999,13165637.63198,3986,2022.477,7746663.97756,0
1753922340000,3830.65,3834.00,3829.38,3833.1,7322.221,1753922399999,28059481.43039,6797,5062.687,19400692.06247,0
1753922400000,3833.10,3846.66,3833.09,3840.0,33415.939,1753922459999,128363057.69799,26349,22393.061,86016445.96676,0
1753922460000,3840.01,3845.00,3840.00,3844.29,11992.000,1753922519999,46074628.04937,13747,6460.275,24822344.39156,0
1753922520000,3844.28,3845.83,3840.85,3842.86,9264.119,1753922579999,35603334.59778,11003,3317.689,12750660.96985,0
1753922580000,3842.87,3845.34,3840.50,3841.24,5363.159,1753922639999,20612029.65663,6454,2847.478,10944309.16028,0
1753922640000,3841.23,3844.50,3840.23,3841.45,6359.929,1753922699999,24434730.76191,7086,4470.973,17178079.55128,0
1753922700000,3841.44,3844.40,3840.74,3843.78,4524.495,1753922759999,17385648.63109,5892,2471.936,9498433.59257,0
1753922760000,3843.78,3845.00,3841.55,3844.99,4755.145,1753922819999,18275998.72939,5477,1990.947,7652457.58442,0
1753922820000,3844.99,3849.00,3843.20,3848.77,6193.627,1753922879999,23823118.92863,6949,3727.773,14340229.37667,0
1753922880000,3848.77,3849.00,3846.54,3848.03,6738.976,1753922939999,25930079.20034,5887,3002.450,11553205.76698,0
1753922940000,3848.03,3848.83,3845.80,3846.74,5074.919,1753922999999,19523811.88434,5755,2526.635,9720214.59915,0
1753923000000,3846.74,3847.00,3840.00,3841.68,7272.277,1753923059999,27939904.45135,5504,1509.013,5797829.26839,0
1753923060000,3841.68,3841.69,3833.39,3836.64,12456.937,1753923119999,47785241.11504,10637,3836.284,14714031.67993,0
1753923120000,3836.64,3843.88,3836.64,3843.88,5574.287,1753923179999,21400863.22525,6270,3745.600,14380428.59492,0
1753923180000,3843.88,3843.99,3839.00,3839.0,4478.504,1753923239999,17203706.05529,4660,1194.696,4589739.59946,0
1753923240000,3839.00,3842.00,3837.56,3841.86,3795.190,1753923299999,14573581.62062,4939,1997.392,7670316.48328,0
1753923300000,3841.87,3841.87,3837.01,3837.01,2522.888,1753923359999,9686638.79106,3377,830.741,3189903.95375,0
1753923360000,3837.02,3839.19,3834.89,3835.02,4193.062,1753923419999,16085768.73927,3743,1844.467,7075928.27865,0
1753923420000,3835.03,3840.31,3835.03,3840.3,4833.031,1753923479999,18545605.49333,3672,3625.713,13911409.18019,0
1753923480000,3840.31,3846.62,3840.30,3845.47,6168.887,1753923539999,23713657.14019,5352,4707.314,18096095.01265,0
1753923540000,3845.47,3845.48,3842.09,3842.61,4640.248,1753923599999,17835773.92261,4163,1342.599,5160711.41111,0
1753923600000,3842.61,3843.69,3838.18,3838.75,4260.888,1753923659999,16368362.17912,4470,1315.940,5055702.68774,0
1753923660000,3838.75,3839.14,3833.27,3834.05,5736.830,1753923719999,22003224.73552,6250,1439.089,5519391.27416,0
1753923720000,3834.05,3839.24,3832.00,3837.46,7698.311,1753923779999,29526439.17452,6964,4833.816,18543089.38745,0
1753923780000,3837.47,3840.00,3836.29,3839.17,2194.364,1753923839999,8422669.46216,3274,883.933,3392623.60849,0
1753923840000,3839.18,3840.85,3838.99,3839.61,1749.706,1753923899999,6718508.09529,2380,843.357,3238382.74176,0
1753923900000,3839.61,3839.98,3835.72,3838.82,1824.390,1753923959999,7001743.00290,3216,738.704,2834869.86550,0
1753923960000,3838.81,3838.91,3837.00,3838.69,3215.237,1753924019999,12339522.69764,3542,2273.906,8726661.73245,0
1753924020000,3838.69,3839.00,3836.69,3837.69,3064.172,1753924079999,11759546.41914,3082,1039.726,3990313.44381,0
1753924080000,3837.69,3838.70,3836.70,3837.87,1159.542,1753924139999,4450012.92898,1920,462.054,1773235.48737,0
1753924140000,3837.88,3838.35,3835.79,3835.84,2646.120,1753924199999,10153136.24519,2854,622.489,2388387.16955,0
1753924200000,3835.84,3836.86,3834.05,3834.06,2661.613,1753924259999,10208949.48677,2298,294.395,1129115.18125,0
1753924260000,3834.05,3834.89,3833.14,3834.39,2517.975,1753924319999,9654374.17923,2536,787.098,3018012.78218,0
1753924320000,3834.40,3837.01,3834.03,3837.01,2334.799,1753924379999,8955033.16407,2833,1654.940,6347641.15397,0
1753924380000,3837.01,3838.63,3837.01,3838.0,1930.002,1753924439999,7406890.55091,2303,1142.981,4386455.79526,0
1753924440000,3838.00,3838.85,3837.79,3838.28,1274.939,1753924499999,4893545.15924,1623,1028.871,3949020.54492,0
1753924500000,3838.29,3838.84,3834.03,3834.04,2456.386,1753924559999,9423482.28113,3762,891.892,3421825.26286,0
1753924560000,3834.03,3834.96,3828.67,3829.49,5597.173,1753924619999,21441382.19071,5038,2162.171,8282341.07998,0
1753924620000,3829.48,3830.77,3827.45,3828.15,2967.850,1753924679999,11365127.11107,3616,1266.215,4849010.52372,0
1753924680000,3828.15,3830.89,3828.14,3829.82,2240.245,1753924739999,8580423.56431,2611,843.696,3231510.01031,0
1753924740000,3829.83,3834.86,3829.50,3832.65,9295.910,1753924799999,35622847.93403,5584,3600.315,13794975.26748,0
1753924800000,3832.65,3833.00,3831.75,3832.99,1368.511,1753924859999,5244294.97109,1747,605.363,2319852.28691,0
1753924860000,3833.00,3833.26,3830.32,3832.33,4377.694,1753924919999,16772015.54271,2760,1498.450,5740996.71447,0
1753924920000,3832.33,3832.55,3831.38,3832.09,1269.541,1753924979999,4864619.85624,1693,758.557,2906622.83020,0
1753924980000,3832.09,3835.15,3832.09,3834.38,2528.820,1753925039999,9695203.55946,2811,1342.749,5147919.05959,0
1753925040000,3834.38,3834.77,3833.01,3833.66,2130.071,1753925099999,8166514.92920,2889,1509.389,5786792.53645,0
1753925100000,3833.66,3834.99,3833.27,3834.54,1507.817,1753925159999,5781857.13816,1586,713.580,2736145.15046,0
1753925160000,3834.54,3834.98,3832.33,3832.67,1797.199,1753925219999,6889058.79949,2460,675.942,2591025.64581,0
1753925220000,3832.67,3834.52,3830.80,3834.0,2902.099,1753925279999,11121176.17771,3402,1482.179,5679903.14234,0
1753925280000,3834.00,3839.90,3833.01,3839.9,3802.640,1753925339999,14587931.17723,4893,3070.465,11779444.76327,0
1753925340000,3839.90,3845.40,3839.30,3845.4,6373.104,1753925399999,24485918.55674,7682,3865.191,14850751.71134,0
1753925400000,3845.40,3849.84,3845.40,3848.27,9310.315,1753925459999,35824859.40398,10996,5572.293,21441223.51161,0
1753925460000,3848.27,3848.28,3845.14,3846.28,3119.255,1753925519999,11999060.28913,5352,1366.565,5256875.84874,0
1753925520000,3846.27,3846.74,3841.57,3843.31,4517.791,1753925579999,17362575.98557,5070,2735.067,10510246.67416,0
1753925580000,3843.32,3843.49,3836.38,3836.75,4063.564,1753925639999,15600636.69370,3391,927.925,3561615.42354,0
1753925640000,3836.75,3837.91,3836.40,3836.94,1750.967,1753925699999,6718715.91992,2063,714.994,2743545.85810,0
1753925700000,3836.94,3840.82,3836.93,3840.81,4300.117,1753925759999,16509056.81273,3794,1712.147,6572004.75295,0
1753925760000,3840.81,3841.35,3839.00,3839.01,1615.770,1753925819999,6205600.23147,2373,502.957,1931549.21115,0
1753925820000,3839.00,3840.46,3838.38,3840.34,1486.546,1753925879999,5707205.85996,2021,957.299,3675158.55398,0
1753925880000,3840.33,3844.05,3839.87,3844.04,2211.759,1753925939999,8497600.04767,2659,1624.171,6240516.00374,0
1753925940000,3844.03,3844.04,3842.20,3843.0,1611.463,1753925999999,6193702.39020,2196,422.134,1622369.81227,0
1753926000000,3843.00,3843.01,3840.00,3840.83,1779.247,1753926059999,6835680.40023,2130,655.335,2517386.51829,0
1753926060000,3840.83,3840.84,3839.52,3840.45,1223.451,1753926119999,4698290.83477,1771,355.805,1366312.35820,0
1753926120000,3840.45,3841.68,3837.33,3840.57,1980.057,1753926179999,7601713.96364,2911,740.811,2844067.55714,0
1753926180000,3840.57,3840.79,3839.44,3840.79,932.278,1753926239999,3580138.27749,1571,458.138,1759295.63823,0
1753926240000,3840.79,3842.18,3839.09,3839.14,1101.174,1753926299999,4229800.61347,2361,394.496,1515415.61022,0
1753926300000,3839.14,3841.88,3839.01,3841.14,890.617,1753926359999,3420636.32751,1908,491.474,1887372.09193,0
1753926360000,3841.14,3841.15,3838.38,3838.38,2573.115,1753926419999,9880472.99142,3020,1174.404,4509331.71420,0
1753926420000,3838.38,3839.53,3835.00,3839.19,6050.847,1753926479999,23213790.11095,5152,1515.192,5813476.50068,0
1753926480000,3839.19,3839.75,3836.00,3836.0,2294.961,1753926539999,8808602.54313,3312,1156.238,4438344.35337,0
1753926540000,3836.01,3838.68,3835.41,3838.43,1667.341,1753926599999,6397491.65788,2839,963.473,3696774.59023,0
1753926600000,3838.42,3842.42,3838.31,3842.42,1668.882,1753926659999,6409483.03015,2856,930.345,3572721.79466,0
1753926660000,3842.41,3842.42,3839.25,3839.25,1348.747,1753926719999,5179625.56132,1835,346.288,1329738.86492,0
1753926720000,3839.25,3839.25,3837.46,3837.95,1636.081,1753926779999,6279721.87943,2248,696.783,2674391.67710,0
1753926780000,3837.95,3837.95,3836.04,3836.04,1659.844,1753926839999,6369063.50734,1756,311.301,1194562.05870,0
1753926840000,3836.05,3836.05,3832.96,3833.14,3416.720,1753926899999,13100678.59561,3655,651.225,2496983.21918,0
1753926900000,3833.14,3836.93,3833.06,3833.06,2959.253,1753926959999,11349555.74332,3444,1118.419,4288923.33318,0
1753926960000,3833.07,3834.01,3830.48,3830.98,4129.364,1753927019999,15823383.67433,3863,1465.236,5614777.95601,0
1753927020000,3830.98,3834.56,3830.98,3833.48,1789.289,1753927079999,6858226.89687,2713,958.921,3675349.91631,0
1753927080000,3833.49,3834.23,3833.00,3833.4,1248.248,1753927139999,4785225.22828,1706,518.867,1989089.39926,0
1753927140000,3833.40,3836.47,3833.25,3836.29,1092.309,1753927199999,4188745.87492,1483,693.164,2658084.10020,0
1753927200000,3836.28,3838.83,3835.72,3837.0,1735.150,1753927259999,6658904.12533,2794,1036.611,3978185.24554,0
1753927260000,3837.01,3839.84,3836.28,3839.83,1253.311,1753927319999,4810004.03420,1981,813.613,3122795.14924,0
1753927320000,3839.84,3840.85,3838.14,3838.56,1675.511,1753927379999,6433366.25813,2694,1153.121,4427779.50468,0
1753927380000,3838.55,3838.55,3834.03,3836.65,2593.051,1753927439999,9946432.88209,3743,363.870,1395855.86348,0
1753927440000,3836.64,3836.65,3831.25,3831.26,2419.693,1753927499999,9275741.92967,2868,469.913,1801479.26541,0
1753927500000,3831.25,3833.02,3829.18,3831.13,6055.018,1753927559999,23199714.17041,4728,2481.387,9507934.50959,0
1753927560000,3831.14,3834.71,3831.14,3834.58,1089.337,1753927619999,4175457.44411,1575,348.936,1337430.00954,0
1753927620000,3834.58,3841.00,3833.68,3840.88,3318.482,1753927679999,12734923.07195,4406,2426.232,9309991.36629,0
1753927680000,3840.88,3843.87,3840.47,3842.56,3781.371,1753927739999,14529570.75255,4410,1894.540,7279334.81560,0
1753927740000,3842.56,3842.57,3839.62,3840.18,1723.744,1753927799999,6620445.75954,2779,784.043,3011089.97853,0
1753927800000,3840.17,3843.77,3840.04,3842.61,3187.853,1753927859999,12248521.90348,3311,2341.611,8996795.67691,0
1753927860000,3842.62,3844.00,3842.61,3843.99,2285.048,1753927919999,8782292.90074,2699,1567.275,6023667.30502,0
1753927920000,3844.00,3844.00,3842.62,3843.69,1511.746,1753927979999,5810058.69768,2265,786.092,3021204.44136,0
1753927980000,3843.68,3844.00,3841.62,3843.1,1205.223,1753928039999,4631708.05510,2171,714.361,2745404.71438,0
1753928040000,3843.11,3844.55,3841.00,3841.0,1878.416,1753928099999,7219494.92177,3008,1014.438,3899038.65930,0
1753928100000,3841.01,3841.01,3838.57,3839.91,1813.908,1753928159999,6964116.80683,2182,1096.442,4209389.63035,0
1753928160000,3839.91,3839.92,3838.00,3838.0,2000.453,1753928219999,7679738.69436,2135,672.488,2581486.67568,0
1753928220000,3838.01,3840.81,3838.00,3839.3,1501.274,1753928279999,5763453.88033,1962,819.777,3147185.43709,0
1753928280000,3839.30,3839.31,3836.80,3837.24,1474.105,1753928339999,5657467.84434,2084,716.032,2747986.55659,0
1753928340000,3837.25,3838.95,3837.11,3837.11,834.403,1753928399999,3202495.27786,1651,352.752,1353877.04308,0
1753928400000,3837.12,3841.36,3837.11,3839.52,1235.190,1753928459999,4743117.78980,2020,823.452,3161967.63309,0
1753928460000,3839.51,3840.01,3837.97,3838.24,812.661,1753928519999,3119929.61273,1363,322.998,1240030.53033,0
1753928520000,3838.23,3838.67,3836.28,3836.58,1554.945,1753928579999,5966765.60203,2248,767.818,2946444.50871,0
1753928580000,3836.59,3838.99,3836.58,3838.44,579.670,1753928639999,2224647.53361,1357,277.033,1063091.74764,0
1753928640000,3838.43,3838.43,3835.81,3837.56,1388.773,1753928699999,5328597.27511,2428,655.072,2513307.27457,0
1753928700000,3837.55,3839.92,3836.88,3839.45,952.213,1753928759999,3654847.59093,1983,621.827,2386706.79445,0
1753928760000,3839.45,3840.73,3839.45,3839.8,1279.042,1753928819999,4911758.61749,1956,691.421,2655100.92539,0
1753928820000,3839.79,3842.44,3839.44,3842.06,2725.533,1753928879999,10468024.24948,2481,1823.930,7005001.79076,0
1753928880000,3842.07,3843.93,3840.28,3843.82,3970.538,1753928939999,15256781.73050,4543,2872.205,11036507.12655,0
1753928940000,3843.82,3843.98,3842.07,3842.08,1976.056,1753928999999,7594095.26198,1788,643.654,2473341.72897,0
1753929000000,3842.08,3845.55,3842.08,3845.17,3903.347,1753929059999,15004298.26188,4313,2615.508,10054018.92228,0
1753929060000,3845.17,3845.60,3843.21,3843.22,1490.801,1753929119999,5732124.08711,2493,705.849,2714077.08835,0
1753929120000,3843.21,3845.27,3842.80,3843.08,1819.543,1753929179999,6993757.46544,2480,793.949,3051806.53132,0
1753929180000,3843.08,3844.71,3842.50,3844.7,1279.770,1753929239999,4918606.77214,1611,739.700,2843036.21538,0
1753929240000,3844.71,3845.46,3844.01,3844.02,2134.828,1753929299999,8207836.93327,2227,825.075,3172033.41174,0
1753929300000,3844.02,3844.87,3843.06,3844.62,1380.958,1753929359999,5308404.96425,1704,837.376,3218826.04408,0
1753929360000,3844.62,3845.75,3844.19,3844.51,1653.289,1753929419999,6357144.56341,2179,1155.654,4443604.02536,0
1753929420000,3844.50,3845.74,3843.60,3844.83,2100.523,1753929479999,8075273.60730,2366,640.730,2463275.76461,0
1753929480000,3844.82,3848.59,3844.82,3848.58,3298.627,1753929539999,12689847.17668,4223,2341.932,9009620.81124,0
1753929540000,3848.59,3850.44,3847.73,3849.09,9545.333,1753929599999,36745112.71125,7109,7583.155,29192055.17068,0
1753929600000,3849.09,3856.67,3848.58,3852.87,11930.918,1753929659999,45964587.88941,11577,8669.506,33400711.08188,0
1753929660000,3852.88,3855.07,3852.60,3853.58,4279.089,1753929719999,16490190.88500,5401,3008.016,11591745.34608,0
1753929720000,3853.58,3854.40,3851.65,3853.92,2086.216,1753929779999,8038639.99823,3091,1025.135,3950066.45198,0
1753929780000,3853.92,3856.72,3852.41,3856.42,3937.519,1753929839999,15178280.81649,4120,2735.668,10546349.01953,0
1753929840000,3856.41,3860.76,3856.39,3860.25,13244.305,1753929899999,51106308.04312,12515,9085.872,35060301.32834,0
1753929900000,3860.24,3863.00,3859.74,3860.37,7847.639,1753929959999,30304818.18398,7161,5023.729,19400538.37684,0
1753929960000,3860.37,3860.38,3853.00,3853.99,5360.531,1753930019999,20668482.49877,5540,2165.006,8346879.28783,0
1753930020000,3853.99,3855.00,3851.42,3854.42,6319.368,1753930079999,24351929.34038,4436,4195.955,16169950.06890,0
1753930080000,3854.43,3858.14,3854.42,3857.83,2767.152,1753930139999,10671846.92307,4330,1854.958,7153664.33573,0
1753930140000,3857.83,3857.83,3853.60,3856.25,3769.451,1753930199999,14534838.93981,3700,1691.148,6520460.96608,0
1753930200000,3856.25,3856.25,3855.24,3855.99,1687.968,1753930259999,6508259.32078,1678,570.911,2201210.80216,0
1753930260000,3856.00,3856.00,3853.00,3853.0,1740.544,1753930319999,6709157.76490,2828,663.948,2559295.35728,0
1753930320000,3853.00,3854.25,3852.52,3854.25,1883.118,1753930379999,7255703.66695,2317,1204.574,4641096.68139,0
1753930380000,3854.24,3856.48,3853.32,3856.43,1414.440,1753930439999,5452488.99611,2256,884.346,3409077.17768,0
1753930440000,3856.43,3862.61,3856.43,3861.38,4712.881,1753930499999,18194629.92432,4859,2755.059,10635425.81548,0
1753930500000,3861.39,3862.70,3861.23,3862.01,2826.625,1753930559999,10916122.25222,3155,1286.833,4969546.33295,0
1753930560000,3862.00,3862.36,3859.49,3860.75,4462.126,1753930619999,17228359.73940,4798,1994.424,7701106.16791,0
1753930620000,3860.76,3861.40,3860.10,3860.57,1808.843,1753930679999,6983209.16843,2668,759.929,2933688.25004,0
1753930680000,3860.56,3861.56,3860.56,3861.41,1455.393,1753930739999,5619580.51402,1783,852.843,3292999.06085,0
1753930740000,3861.41,3861.66,3860.70,3860.99,1321.751,1753930799999,5103489.75317,1582,504.291,1947090.92898,0
