timestamp,open,high,low,close,volume,close_time,quote_asset_volume,trades,taker_buy_base,taker_buy_quote,ignore
1753412400000,2.6490,2.6550,2.6430,2.653,94007,1753412459999,249002.9430,699,44005,116589.1280,0
1753412460000,2.6530,2.6580,2.6520,2.652,22986,1753412519999,61016.3910,281,8334,22127.5370,0
1753412520000,2.6530,2.6540,2.6460,2.646,41483,1753412579999,109942.4370,389,13601,36058.3410,0
1753412580000,2.6460,2.6550,2.6440,2.653,36322,1753412639999,96216.9660,332,19648,52073.5860,0
1753412640000,2.6520,2.6520,2.6400,2.641,75773,1753412699999,200588.5040,414,30483,80683.2800,0
1753412700000,2.6410,2.6470,2.6390,2.645,121745,1753412759999,321660.4150,491,31917,84339.1430,0
1753412760000,2.6450,2.6610,2.6350,2.659,138497,1753412819999,366170.3580,948,61090,161750.2740,0
1753412820000,2.6590,2.6680,2.6580,2.667,82272,1753412879999,219165.7030,502,39683,105733.4420,0
1753412880000,2.6660,2.6690,2.6650,2.666,39203,1753412939999,104558.7390,336,22825,60881.1000,0
1753412940000,2.6670,2.6710,2.6660,2.668,38942,1753412999999,103910.5590,274,14914,39788.8430,0
1753413000000,2.6680,2.6710,2.6630,2.67,25803,1753413059999,68810.8730,319,17025,45408.6070,0
1753413060000,2.6700,2.6720,2.6660,2.668,236406,1753413119999,631203.9880,433,57530,153622.7580,0
1753413120000,2.6690,2.6700,2.6630,2.663,23036,1753413179999,61442.5190,221,4305,11491.6080,0
1753413180000,2.6630,2.6640,2.6580,2.661,64484,1753413239999,171625.1780,332,18688,49742.7310,0
1753413240000,2.6620,2.6660,2.6590,2.661,20243,1753413299999,53904.5680,238,13823,36808.8820,0
1753413300000,2.6610,2.6630,2.6520,2.654,74714,1753413359999,198623.7570,438,19708,52367.8110,0
1753413360000,2.6540,2.6560,2.6510,2.654,37243,1753413419999,98864.5160,320,12994,34491.0830,0
1753413420000,2.6550,2.6570,2.6510,2.653,44260,1753413479999,117420.0850,395,22162,58794.8050,0
1753413480000,2.6540,2.6620,2.6540,2.658,37508,1753413539999,99731.1080,290,29476,78373.8180,0
1753413540000,2.6580,2.6590,2.6560,2.657,38992,1753413599999,103630.0920,229,6208,16498.5440,0
1753413600000,2.6560,2.6640,2.6560,2.664,68156,1753413659999,181336.6440,347,47934,127545.8430,0
1753413660000,2.6640,2.6680,2.6610,2.668,21668,1753413719999,57730.8170,281,16678,44442.4680,0
1753413720000,2.6680,2.6740,2.6680,2.669,48971,1753413779999,130803.4980,309,20367,54398.6670,0
1753413780000,2.6690,2.6700,2.6640,2.665,22870,1753413839999,60998.6040,303,10867,28991.7400,0
1753413840000,2.6650,2.6670,2.6610,2.661,29902,1753413899999,79696.3720,252,5006,13341.3320,0
1753413900000,2.6620,2.6680,2.6610,2.666,14526,1753413959999,38700.8300,191,9538,25411.0330,0
1753413960000,2.6660,2.6660,2.6610,2.665,15032,1753414019999,40028.0200,261,3577,9524.7970,0
1753414020000,2.6650,2.6670,2.6620,2.664,39615,1753414079999,105571.5840,346,18482,49245.3590,0
1753414080000,2.6640,2.6640,2.6560,2.656,11576,1753414139999,30788.0790,258,74,196.8590,0
1753414140000,2.6560,2.6570,2.6520,2.654,29209,1753414199999,77527.2910,289,10249,27206.2240,0
1753414200000,2.6540,2.6540,2.6380,2.639,101429,1753414259999,268037.6120,837,31400,82967.5120,0
1753414260000,2.6400,2.6400,2.6210,2.629,424256,1753414319999,1115076.0550,1307,127430,335259.0410,0
1753414320000,2.6290,2.6300,2.6170,2.618,201094,1753414379999,527565.8900,910,71172,186764.0330,0
1753414380000,2.6190,2.6210,2.6060,2.61,287305,1753414439999,750610.3180,1131,122744,320744.8320,0
1753414440000,2.6090,2.6130,2.6010,2.607,247720,1753414499999,646143.5800,1093,127423,332384.0210,0
1753414500000,2.6060,2.6120,2.6050,2.606,177916,1753414559999,464151.6690,636,112471,293418.6240,0
1753414560000,2.6060,2.6170,2.6060,2.611,101204,1753414619999,264239.3710,612,69752,182080.1050,0
1753414620000,2.6110,2.6180,2.6110,2.613,115054,1753414679999,300883.2420,517,96347,251968.8660,0
1753414680000,2.6130,2.6210,2.6120,2.621,64514,1753414739999,168766.9410,397,44926,117525.4650,0
1753414740000,2.6200,2.6200,2.6140,2.616,59189,1753414799999,154895.7190,460,28179,73753.3640,0
1753414800000,2.6170,2.6190,2.6140,2.616,60901,1753414859999,159388.4340,358,46952,122886.3950,0
1753414860000,2.6170,2.6210,2.6150,2.618,57171,1753414919999,149697.9510,400,45071,118026.5150,0
1753414920000,2.6180,2.6240,2.6150,2.615,30708,1753414979999,80408.0280,389,18812,49260.2000,0
1753414980000,2.6160,2.6200,2.6150,2.615,37133,1753415039999,97189.8610,369,24842,65020.1340,0
1753415040000,2.6150,2.6230,2.6140,2.623,32116,1753415099999,84088.7350,267,20275,53105.9360,0
1753415100000,2.6230,2.6230,2.6140,2.619,71952,1753415159999,188388.5690,874,24529,64219.5250,0
1753415160000,2.6200,2.6330,2.6200,2.629,109587,1753415219999,287923.8760,603,84165,221130.5250,0
1753415220000,2.6290,2.6310,2.6250,2.628,69308,1753415279999,182151.8730,399,35755,93997.4500,0
1753415280000,2.6290,2.6380,2.6290,2.633,61976,1753415339999,163273.8500,366,41036,108121.6380,0
1753415340000,2.6340,2.6400,2.6320,2.639,61288,1753415399999,161453.2850,308,44316,116742.6730,0
1753415400000,2.6400,2.6410,2.6310,2.631,66329,1753415459999,174818.6370,475,36279,95603.0450,0
1753415460000,2.6320,2.6380,2.6310,2.635,55810,1753415519999,147078.7310,355,32267,85057.2820,0
1753415520000,2.6340,2.6400,2.6340,2.638,26309,1753415579999,69386.0170,246,16336,43086.1510,0
1753415580000,2.6390,2.6430,2.6360,2.636,70567,1753415639999,186268.8690,262,48269,127440.8370,0
1753415640000,2.6370,2.6410,2.6370,2.64,36181,1753415699999,95484.6130,259,14449,38136.1080,0
1753415700000,2.6400,2.6410,2.6360,2.639,33361,1753415759999,87988.3310,332,18061,47640.2420,0
1753415760000,2.6390,2.6480,2.6390,2.646,29317,1753415819999,77538.0670,283,14837,39243.0400,0
1753415820000,2.6450,2.6460,2.6380,2.639,26625,1753415879999,70361.6410,262,10245,27075.7170,0
1753415880000,2.6390,2.6430,2.6390,2.639,33096,1753415939999,87390.5760,198,7144,18868.6590,0
1753415940000,2.6390,2.6400,2.6370,2.638,38510,1753415999999,101630.2740,205,19989,52767.1890,0
1753416000000,2.6370,2.6420,2.6360,2.642,44201,1753416059999,116581.8730,282,10365,27342.2760,0
1753416060000,2.6420,2.6430,2.6390,2.641,31787,1753416119999,83954.8350,307,9241,24407.4600,0
1753416120000,2.6410,2.6410,2.6300,2.638,43042,1753416179999,113456.2430,378,22183,58466.4540,0
1753416180000,2.6380,2.6480,2.6360,2.643,58725,1753416239999,155176.9680,459,29781,78710.5860,0
1753416240000,2.6440,2.6440,2.6370,2.637,25777,1753416299999,68065.5900,314,7955,21010.8050,0
1753416300000,2.6380,2.6420,2.6370,2.637,45882,1753416359999,121088.3000,363,24466,64580.3890,0
1753416360000,2.6370,2.6380,2.6310,2.632,43885,1753416419999,115597.5930,378,18680,49206.2650,0
1753416420000,2.6320,2.6370,2.6320,2.637,40511,1753416479999,106758.2510,271,26655,70234.4180,0
1753416480000,2.6360,2.6380,2.6320,2.632,24296,1753416539999,64037.9130,268,15028,39612.4530,0
1753416540000,2.6330,2.6330,2.6250,2.626,54783,1753416599999,144026.2640,462,28945,76110.8690,0
1753416600000,2.6260,2.6350,2.6260,2.635,61257,1753416659999,161032.6830,346,21625,56853.4160,0
1753416660000,2.6340,2.6430,2.6310,2.632,137636,1753416719999,362674.0930,615,50538,133271.2390,0
1753416720000,2.6320,2.6350,2.6200,2.621,47757,1753416779999,125420.7420,462,25494,66952.7350,0
1753416780000,2.6210,2.6250,2.6190,2.622,53634,1753416839999,140580.9700,348,19112,50095.9030,0
1753416840000,2.6210,2.6220,2.6160,2.619,36168,1753416899999,94751.2300,343,18873,49442.0290,0
1753416900000,2.6180,2.6210,2.6120,2.612,36890,1753416959999,96538.6010,803,14368,37594.1070,0
1753416960000,2.6120,2.6180,2.6070,2.618,64326,1753417019999,167944.2520,477,33065,86365.9970,0
1753417020000,2.6180,2.6230,2.6160,2.619,35412,1753417079999,92737.5100,319,17640,46203.8820,0
1753417080000,2.6190,2.6300,2.6190,2.623,46206,1753417139999,121234.8430,376,34992,91815.2960,0
1753417140000,2.6230,2.6230,2.6160,2.617,20334,1753417199999,53270.3540,302,7083,18547.5750,0
1753417200000,2.6180,2.6260,2.6170,2.618,30029,1753417259999,78727.4760,382,11113,29132.9260,0
1753417260000,2.6190,2.6200,2.6120,2.612,30617,1753417319999,80095.0150,379,15692,41061.3990,0
1753417320000,2.6120,2.6200,2.6120,2.618,41958,1753417379999,109742.0420,353,28416,74305.5320,0
1753417380000,2.6170,2.6200,2.6140,2.62,38620,1753417439999,101048.6560,291,25653,67121.8420,0
1753417440000,2.6210,2.6260,2.6200,2.626,29748,1753417499999,77988.1480,278,21802,57160.2200,0
1753417500000,2.6250,2.6250,2.6190,2.619,22632,1753417559999,59341.2590,299,12044,31584.4600,0
1753417560000,2.6190,2.6200,2.6160,2.617,27110,1753417619999,70975.7330,211,11578,30313.7950,0
1753417620000,2.6160,2.6160,2.6110,2.615,29231,1753417679999,76408.8650,251,13102,34250.5360,0
1753417680000,2.6150,2.6340,2.6150,2.634,75527,1753417739999,198157.7770,437,39580,103961.8830,0
1753417740000,2.6330,2.6350,2.6300,2.633,46504,1753417799999,122420.8350,315,27076,71275.0570,0
1753417800000,2.6330,2.6480,2.6310,2.647,66864,1753417859999,176513.6740,491,50183,132468.3220,0
1753417860000,2.6480,2.6570,2.6460,2.657,94098,1753417919999,249512.2570,622,55019,145927.8320,0
1753417920000,2.6560,2.6630,2.6550,2.657,78638,1753417979999,209070.7260,519,37451,99587.1550,0
1753417980000,2.6580,2.6660,2.6570,2.66,52089,1753418039999,138609.5070,415,28593,76073.7030,0
1753418040000,2.6600,2.6620,2.6580,2.661,36246,1753418099999,96424.8470,232,16650,44299.0830,0
1753418100000,2.6610,2.6620,2.6530,2.661,47490,1753418159999,126218.1870,402,20861,55418.7220,0
1753418160000,2.6610,2.6700,2.6570,2.66,143609,1753418219999,382834.5290,614,112310,299394.9540,0
1753418220000,2.6610,2.6620,2.6560,2.662,42075,1753418279999,111867.6270,318,21218,56408.9030,0
1753418280000,2.6620,2.6630,2.6590,2.663,58137,1753418339999,154723.3850,293,30335,80727.4210,0
1753418340000,2.6640,2.6650,2.6600,2.664,27675,1753418399999,73711.1220,244,13614,36259.3380,0
1753418400000,2.6640,2.6680,2.6630,2.663,33237,1753418459999,88580.4920,231,14928,39788.4420,0
1753418460000,2.6630,2.6650,2.6580,2.663,77122,1753418519999,205334.5420,357,36707,97735.2480,0
1753418520000,2.6630,2.6630,2.6530,2.653,75093,1753418579999,199781.3990,353,18145,48278.8750,0
1753418580000,2.6540,2.6570,2.6500,2.651,75283,1753418639999,199772.6080,320,32264,85655.0130,0
1753418640000,2.6500,2.6520,2.6470,2.651,46437,1753418699999,123074.2460,298,33759,89487.5990,0
1753418700000,2.6510,2.6620,2.6510,2.662,39354,1753418759999,104622.3170,346,25202,66973.5690,0
1753418760000,2.6610,2.6640,2.6580,2.662,46063,1753418819999,122574.4030,333,24072,64070.2000,0
1753418820000,2.6630,2.6640,2.6620,2.664,100806,1753418879999,268431.1910,265,68453,182291.6210,0
1753418880000,2.6650,2.6720,2.6640,2.672,79996,1753418939999,213335.8850,372,46403,123795.9160,0
1753418940000,2.6710,2.6730,2.6670,2.673,57421,1753418999999,153344.1490,369,39258,104853.5590,0
1753419000000,2.6730,2.6740,2.6630,2.666,287271,1753419059999,767112.8840,407,48689,129877.3960,0
1753419060000,2.6660,2.6690,2.6650,2.669,28981,1753419119999,77279.5500,212,17748,47328.5550,0
1753419120000,2.6680,2.6740,2.6670,2.669,41220,1753419179999,110081.8370,216,29218,78035.9120,0
1753419180000,2.6700,2.6710,2.6680,2.67,39697,1753419239999,105990.5200,168,21598,57669.9440,0
1753419240000,2.6700,2.6750,2.6680,2.674,60761,1753419299999,162326.2550,332,31199,83352.2450,0
1753419300000,2.6750,2.6750,2.6710,2.674,30313,1753419359999,81019.4720,236,18092,48357.3010,0
1753419360000,2.6740,2.6760,2.6720,2.672,134386,1753419419999,359301.8340,320,105671,282526.3240,0
1753419420000,2.6720,2.6770,2.6720,2.677,44560,1753419479999,119218.6370,193,33412,89395.7610,0
1753419480000,2.6780,2.6810,2.6760,2.681,60088,1753419539999,160953.0610,315,43431,116357.1080,0
1753419540000,2.6810,2.6830,2.6800,2.68,102425,1753419599999,274695.0530,252,32100,86095.3590,0
1753419600000,2.6810,2.6820,2.6770,2.677,57317,1753419659999,153578.1740,498,21168,56725.5920,0
1753419660000,2.6770,2.6780,2.6720,2.673,75197,1753419719999,201231.8160,313,25842,69180.1800,0
1753419720000,2.6740,2.6820,2.6710,2.679,132544,1753419779999,354779.6530,379,108607,290691.4500,0
1753419780000,2.6790,2.6830,2.6790,2.682,60518,1753419839999,162224.4420,214,41784,112004.2930,0
1753419840000,2.6820,2.6850,2.6810,2.685,34884,1753419899999,93624.7190,187,24059,64582.2530,0
1753419900000,2.6850,2.6860,2.6770,2.678,56440,1753419959999,151347.5090,315,19612,52582.5200,0
1753419960000,2.6790,2.6810,2.6760,2.681,56348,1753420019999,150972.0230,233,49412,132400.1510,0
1753420020000,2.6800,2.6800,2.6700,2.67,25431,1753420079999,68009.5520,209,17128,45804.7320,0
1753420080000,2.6700,2.6700,2.6640,2.666,29297,1753420139999,78147.5870,219,13400,35755.0240,0
1753420140000,2.6660,2.6660,2.6590,2.661,43497,1753420199999,115840.9620,260,20054,53412.7130,0
1753420200000,2.6610,2.6650,2.6590,2.663,306150,1753420259999,814688.6430,483,120675,321082.4740,0
1753420260000,2.6630,2.6630,2.6570,2.658,59523,1753420319999,158355.2820,335,28929,76967.9260,0
1753420320000,2.6590,2.6620,2.6560,2.662,103634,1753420379999,275564.8410,287,72908,193908.7170,0
1753420380000,2.6600,2.6600,2.6550,2.656,70184,1753420439999,186537.2200,327,25536,67867.9190,0
1753420440000,2.6560,2.6570,2.6510,2.655,47913,1753420499999,127171.6960,322,11512,30561.5560,0
1753420500000,2.6560,2.6620,2.6550,2.662,48232,1753420559999,128295.4270,191,35872,95431.9070,0
1753420560000,2.6620,2.6680,2.6610,2.668,61138,1753420619999,162829.7950,256,44945,119681.9800,0
1753420620000,2.6680,2.6720,2.6670,2.67,23196,1753420679999,61911.4050,188,5857,15634.3580,0
1753420680000,2.6700,2.6750,2.6680,2.671,34142,1753420739999,91175.9710,167,21209,56641.1710,0
1753420740000,2.6710,2.6800,2.6710,2.68,82120,1753420799999,219817.3850,393,50182,134307.7470,0
1753420800000,2.6800,2.6860,2.6790,2.683,54402,1753420859999,145874.2850,330,27016,72457.8190,0
1753420860000,2.6820,2.6830,2.6740,2.678,34058,1753420919999,91194.8240,276,11731,31398.0640,0
1753420920000,2.6780,2.6780,2.6720,2.675,23917,1753420979999,63968.8340,194,4652,12441.1240,0
1753420980000,2.6750,2.6810,2.6740,2.677,44499,1753421039999,119162.4570,258,35469,94990.3590,0
1753421040000,2.6770,2.6770,2.6700,2.67,9350,1753421099999,24997.9730,180,3023,8085.3210,0
1753421100000,2.6710,2.6720,2.6660,2.668,51221,1753421159999,136603.1910,232,15661,41779.6270,0
1753421160000,2.6690,2.6720,2.6690,2.672,14243,1753421219999,38035.9800,160,11386,30405.9300,0
1753421220000,2.6730,2.6730,2.6680,2.671,16175,1753421279999,43195.1150,177,5809,15515.3210,0
1753421280000,2.6700,2.6730,2.6690,2.672,23733,1753421339999,63416.3780,121,20051,53581.8170,0
1753421340000,2.6710,2.6720,2.6690,2.669,11194,1753421399999,29902.5210,168,7065,18872.7860,0
1753421400000,2.6680,2.6680,2.6630,2.663,70507,1753421459999,187985.9480,250,23095,61538.2390,0
1753421460000,2.6630,2.6650,2.6600,2.66,26729,1753421519999,71142.8810,163,1990,5302.0840,0
1753421520000,2.6600,2.6630,2.6570,2.662,25834,1753421579999,68705.9880,193,11476,30524.6050,0
1753421580000,2.6610,2.6610,2.6550,2.656,25967,1753421639999,69014.5820,210,4519,12009.4390,0
1753421640000,2.6560,2.6570,2.6530,2.657,22592,1753421699999,59979.3000,150,8050,21371.9890,0
1753421700000,2.6570,2.6580,2.6540,2.655,14429,1753421759999,38317.2190,159,4003,10633.1550,0
1753421760000,2.6550,2.6600,2.6550,2.66,18191,1753421819999,48371.5580,148,11264,29950.6230,0
1753421820000,2.6590,2.6600,2.6550,2.656,16242,1753421879999,43160.4630,191,3412,9066.8150,0
1753421880000,2.6570,2.6610,2.6560,2.66,17605,1753421939999,46803.0220,124,9629,25595.6830,0
1753421940000,2.6590,2.6590,2.6540,2.655,27374,1753421999999,72684.6080,166,8960,23784.7540,0
1753422000000,2.6530,2.6550,2.6510,2.652,38940,1753422059999,103299.4630,269,21713,57612.8940,0
1753422060000,2.6520,2.6570,2.6510,2.657,28728,1753422119999,76240.9010,154,10783,28619.8030,0
1753422120000,2.6570,2.6570,2.6550,2.656,5661,1753422179999,15037.5840,92,2944,7820.1150,0
1753422180000,2.6560,2.6600,2.6550,2.66,7830,1753422239999,20806.2920,126,4610,12253.5630,0
1753422240000,2.6600,2.6610,2.6570,2.658,53516,1753422299999,142341.6410,206,38654,102830.2090,0
1753422300000,2.6580,2.6620,2.6560,2.656,21255,1753422359999,56528.4740,181,8821,23459.5240,0
1753422360000,2.6560,2.6580,2.6550,2.656,10186,1753422419999,27053.6150,185,4866,12923.6800,0
1753422420000,2.6550,2.6560,2.6520,2.655,17537,1753422479999,46526.7170,180,5439,14433.3930,0
1753422480000,2.6550,2.6580,2.6530,2.657,6204,1753422539999,16471.3340,126,3372,8952.6080,0
1753422540000,2.6570,2.6570,2.6530,2.653,2888,1753422599999,7664.8490,111,469,1244.7480,0
1753422600000,2.6540,2.6550,2.6540,2.654,10860,1753422659999,28828.7710,102,6984,18541.1990,0
1753422660000,2.6540,2.6560,2.6530,2.655,5056,1753422719999,13422.2350,109,2690,7142.0680,0
1753422720000,2.6560,2.6560,2.6530,2.653,30153,1753422779999,80036.8010,207,10022,26608.3930,0
1753422780000,2.6540,2.6540,2.6500,2.651,16658,1753422839999,44181.6610,152,11498,30500.6810,0
1753422840000,2.6510,2.6510,2.6450,2.647,34397,1753422899999,91045.4640,193,14488,38347.4610,0
1753422900000,2.6470,2.6490,2.6460,2.648,20719,1753422959999,54869.6230,164,16783,44452.7560,0
1753422960000,2.6470,2.6480,2.6430,2.644,20408,1753423019999,53993.8520,152,3346,8852.4320,0
1753423020000,2.6440,2.6530,2.6440,2.652,94792,1753423079999,251187.9830,363,72588,192310.5150,0
1753423080000,2.6520,2.6530,2.6500,2.651,14870,1753423139999,39423.5990,124,6739,17867.5630,0
1753423140000,2.6510,2.6510,2.6460,2.646,17212,1753423199999,45574.1190,189,5683,15051.4470,0
1753423200000,2.6470,2.6490,2.6420,2.644,100915,1753423259999,267031.6110,325,28532,75507.2300,0
1753423260000,2.6440,2.6470,2.6440,2.647,16247,1753423319999,42983.6960,193,9349,24733.0030,0
1753423320000,2.6460,2.6490,2.6450,2.645,19680,1753423379999,52078.2550,215,12406,32824.1960,0
1753423380000,2.6440,2.6480,2.6420,2.648,72215,1753423439999,190920.3210,251,54690,144600.2730,0
1753423440000,2.6490,2.6490,2.6410,2.641,10962,1753423499999,28986.9390,212,774,2049.1630,0
1753423500000,2.6410,2.6430,2.6390,2.639,34935,1753423559999,92269.5770,270,8510,22481.1630,0
1753423560000,2.6390,2.6400,2.6340,2.635,59833,1753423619999,157755.2390,294,16094,42434.3290,0
1753423620000,2.6340,2.6370,2.6340,2.634,21032,1753423679999,55419.8230,184,6914,18221.9250,0
1753423680000,2.6330,2.6360,2.6310,2.635,34728,1753423739999,91461.1250,242,18788,49494.2920,0
1753423740000,2.6340,2.6340,2.6300,2.632,20198,1753423799999,53164.1240,212,8584,22593.7910,0
1753423800000,2.6320,2.6340,2.6300,2.632,27832,1753423859999,73252.2210,192,20875,54944.9780,0
1753423860000,2.6310,2.6340,2.6310,2.634,11744,1753423919999,30919.3830,183,7940,20905.7000,0
1753423920000,2.6340,2.6360,2.6320,2.636,23198,1753423979999,61110.0740,215,14757,38880.1150,0
1753423980000,2.6370,2.6420,2.6370,2.642,15938,1753424039999,42054.0380,220,12555,33126.7380,0
1753424040000,2.6420,2.6470,2.6420,2.643,30652,1753424099999,81074.6020,249,19881,52589.3700,0
1753424100000,2.6430,2.6440,2.6380,2.638,14749,1753424159999,38943.7460,254,3627,9579.6580,0
1753424160000,2.6390,2.6390,2.6320,2.632,20142,1753424219999,53076.0570,239,8303,21881.6510,0
1753424220000,2.6330,2.6390,2.6330,2.639,9790,1753424279999,25810.1280,182,7717,20343.6960,0
1753424280000,2.6390,2.6410,2.6370,2.639,34656,1753424339999,91477.9400,209,23739,62665.5500,0
1753424340000,2.6390,2.6470,2.6380,2.647,7898,1753424399999,20864.3040,149,5702,15066.0110,0
1753424400000,2.6480,2.6500,2.6420,2.643,28803,1753424459999,76234.1810,279,9929,26284.3870,0
1753424460000,2.6440,2.6470,2.6440,2.647,32341,1753424519999,85590.4510,167,25858,68439.7360,0
1753424520000,2.6470,2.6520,2.6470,2.647,37386,1753424579999,99041.2830,266,16987,45004.3440,0
1753424580000,2.6470,2.6480,2.6440,2.646,25178,1753424639999,66623.9510,199,17677,46775.5320,0
1753424640000,2.6450,2.6450,2.6410,2.643,39696,1753424699999,104925.8920,188,21018,55563.0080,0
1753424700000,2.6430,2.6490,2.6430,2.646,29916,1753424759999,79189.3580,237,15090,39952.3930,0
1753424760000,2.6460,2.6460,2.6390,2.641,26798,1753424819999,70808.8570,244,8107,21404.9930,0
1753424820000,2.6410,2.6410,2.6320,2.633,41992,1753424879999,110746.8020,297,10088,26610.0580,0
1753424880000,2.6330,2.6340,2.6310,2.631,23046,1753424939999,60679.1800,176,7484,19704.2160,0
1753424940000,2.6310,2.6400,2.6300,2.64,49725,1753424999999,130915.9200,294,40042,105429.2470,0
1753425000000,2.6400,2.6400,2.6340,2.634,33317,1753425059999,87859.1180,240,14482,38179.0260,0
1753425060000,2.6350,2.6390,2.6350,2.639,16871,1753425119999,44487.9820,171,8568,22592.7860,0
1753425120000,2.6380,2.6390,2.6350,2.635,8003,1753425179999,21102.2850,185,3190,8408.4970,0
1753425180000,2.6350,2.6440,2.6340,2.644,10102,1753425239999,26663.4640,148,9542,25186.4520,0
1753425240000,2.6440,2.6490,2.6410,2.649,20797,1753425299999,54989.5830,217,16725,44227.2580,0
1753425300000,2.6500,2.6520,2.6460,2.651,24389,1753425359999,64607.6210,239,9585,25394.2460,0
1753425360000,2.6510,2.6540,2.6510,2.653,23503,1753425419999,62349.0760,188,20196,53577.9300,0
1753425420000,2.6530,2.6610,2.6530,2.661,32070,1753425479999,85195.8390,223,24446,64946.1560,0
1753425480000,2.6600,2.6620,2.6570,2.658,40255,1753425539999,107059.3200,238,20455,54409.2300,0
1753425540000,2.6590,2.6600,2.6560,2.657,36208,1753425599999,96225.2020,264,5820,15476.2950,0
1753425600000,2.6570,2.6670,2.6570,2.667,29912,1753425659999,79697.5290,236,24513,65307.0920,0
1753425660000,2.6680,2.6770,2.6680,2.675,66404,1753425719999,177565.6870,479,34509,92286.7610,0
1753425720000,2.6750,2.6750,2.6710,2.671,37487,1753425779999,100201.1390,284,12677,33886.3530,0
1753425780000,2.6720,2.6730,2.6690,2.671,23086,1753425839999,61672.1920,198,9560,25544.0170,0
1753425840000,2.6710,2.6740,2.6710,2.674,11518,1753425899999,30787.5240,124,3690,9862.4390,0
1753425900000,2.6730,2.6750,2.6690,2.674,27363,1753425959999,73124.0300,260,14510,38780.4370,0
1753425960000,2.6740,2.6800,2.6730,2.68,86066,1753426019999,230429.2690,337,76060,203656.9920,0
1753426020000,2.6790,2.6820,2.6780,2.679,52349,1753426079999,140320.1360,260,11983,32110.9760,0
1753426080000,2.6790,2.6850,2.6790,2.685,16754,1753426139999,44918.3200,221,9277,24875.6830,0
1753426140000,2.6850,2.6850,2.6800,2.68,38971,1753426199999,104545.9230,232,12181,32670.7800,0
1753426200000,2.6810,2.6860,2.6810,2.682,50602,1753426259999,135785.5100,228,16399,44003.4120,0
1753426260000,2.6810,2.6810,2.6750,2.678,18246,1753426319999,48861.3880,235,5934,15896.7030,0
1753426320000,2.6790,2.6790,2.6770,2.679,15459,1753426379999,41406.3070,142,11097,29724.9760,0
1753426380000,2.6780,2.6780,2.6710,2.675,19376,1753426439999,51819.4010,227,9412,25167.7170,0
1753426440000,2.6750,2.6770,2.6700,2.67,33393,1753426499999,89311.1880,240,4176,11170.8880,0
1753426500000,2.6700,2.6740,2.6700,2.672,15220,1753426559999,40654.7980,204,3949,10549.0810,0
1753426560000,2.6720,2.6740,2.6710,2.671,10513,1753426619999,28095.1120,127,4104,10966.7380,0
1753426620000,2.6700,2.6700,2.6660,2.667,26952,1753426679999,71910.9010,199,14572,38877.3890,0
1753426680000,2.6670,2.6670,2.6630,2.664,17403,1753426739999,46384.6240,210,6697,17849.1270,0
1753426740000,2.6640,2.6700,2.6640,2.67,40669,1753426799999,108488.4270,189,33607,89654.4530,0
1753426800000,2.6690,2.6700,2.6650,2.668,33911,1753426859999,90487.9290,363,18027,48104.5100,0
1753426860000,2.6680,2.6680,2.6610,2.661,19347,1753426919999,51542.6410,289,13749,36630.2210,0
1753426920000,2.6610,2.6620,2.6580,2.66,29540,1753426979999,78567.6910,251,17689,47050.3660,0
1753426980000,2.6610,2.6630,2.6580,2.662,36785,1753427039999,97853.5810,332,16055,42712.9470,0
1753427040000,2.6620,2.6630,2.6590,2.662,38117,1753427099999,101445.4380,254,16810,44739.8680,0
1753427100000,2.6620,2.6630,2.6570,2.657,33617,1753427159999,89369.1050,207,20993,55800.9330,0
1753427160000,2.6580,2.6610,2.6570,2.658,45680,1753427219999,121479.6290,211,31034,82526.0680,0
1753427220000,2.6580,2.6580,2.6550,2.657,24580,1753427279999,65300.5670,220,11826,31421.8460,0
1753427280000,2.6570,2.6590,2.6570,2.658,33111,1753427339999,88024.0850,168,30241,80395.8770,0
1753427340000,2.6580,2.6670,2.6580,2.665,27730,1753427399999,73856.3240,367,19060,50752.0640,0
1753427400000,2.6650,2.6660,2.6580,2.659,24551,1753427459999,65318.9560,317,11742,31242.4970,0
1753427460000,2.6600,2.6600,2.6540,2.657,15606,1753427519999,41470.3320,225,5974,15875.8500,0
1753427520000,2.6570,2.6730,2.6560,2.672,85732,1753427579999,228315.5880,648,48392,128900.2250,0
1753427580000,2.6710,2.6790,2.6640,2.679,59034,1753427639999,157601.0990,386,17227,46038.7700,0
1753427640000,2.6780,2.6800,2.6730,2.676,94006,1753427699999,251614.5430,404,42787,114559.0470,0
1753427700000,2.6760,2.6890,2.6740,2.688,57393,1753427759999,153931.8880,878,49384,132478.0040,0
1753427760000,2.6880,2.7000,2.6860,2.694,132624,1753427819999,357486.7560,758,75769,204295.0550,0
1753427820000,2.6950,2.6970,2.6890,2.693,52754,1753427879999,142040.9680,417,19291,51940.1910,0
1753427880000,2.6940,2.6940,2.6870,2.692,51464,1753427939999,138465.5620,346,14733,39638.0500,0
1753427940000,2.6920,2.6930,2.6850,2.688,46399,1753427999999,124758.7780,301,9970,26818.7020,0
1753428000000,2.6880,2.6920,2.6870,2.687,54225,1753428059999,145838.9990,267,27188,73136.7890,0
1753428060000,2.6870,2.6870,2.6730,2.673,52890,1753428119999,141686.5820,484,25060,67145.7290,0
1753428120000,2.6740,2.6760,2.6680,2.669,53184,1753428179999,142129.7490,356,19429,51944.4370,0
1753428180000,2.6690,2.6760,2.6680,2.673,105205,1753428239999,281241.3390,405,52738,140948.2470,0
1753428240000,2.6730,2.6830,2.6720,2.681,54222,1753428299999,145254.6680,381,38652,103549.2460,0
1753428300000,2.6800,2.6830,2.6760,2.682,61015,1753428359999,163538.3590,382,43026,115337.0450,0
1753428360000,2.6820,2.6820,2.6760,2.677,37050,1753428419999,99265.2540,284,6536,17508.6880,0
1753428420000,2.6780,2.6800,2.6720,2.672,36419,1753428479999,97442.1590,219,5951,15924.4850,0
1753428480000,2.6720,2.6750,2.6710,2.675,37856,1753428539999,101169.2620,250,11545,30855.5240,0
1753428540000,2.6750,2.6750,2.6690,2.669,152910,1753428599999,408641.6350,329,74867,200045.3630,0
1753428600000,2.6700,2.6770,2.6680,2.673,235481,1753428659999,629476.9580,459,106427,284444.3620,0
1753428660000,2.6730,2.6780,2.6710,2.676,57386,1753428719999,153449.7770,311,21014,56185.6900,0
1753428720000,2.6760,2.6760,2.6690,2.673,42462,1753428779999,113480.4490,375,13757,36769.4350,0
1753428780000,2.6720,2.6760,2.6700,2.67,22714,1753428839999,60696.7900,237,12629,33753.6230,0
1753428840000,2.6710,2.6710,2.6610,2.661,49969,1753428899999,133161.5090,356,19280,51361.1990,0
1753428900000,2.6610,2.6630,2.6570,2.657,34606,1753428959999,92048.5230,343,19227,51147.8070,0
1753428960000,2.6580,2.6620,2.6560,2.661,60767,1753429019999,161568.8870,233,54735,145524.0280,0
1753429020000,2.6610,2.6630,2.6600,2.66,7722,1753429079999,20546.0850,169,3302,8785.8290,0
1753429080000,2.6600,2.6630,2.6590,2.663,20356,1753429139999,54159.3710,156,16242,43214.0330,0
1753429140000,2.6620,2.6650,2.6610,2.664,18870,1753429199999,50244.3620,165,8161,21736.6370,0
1753429200000,2.6630,2.6630,2.6570,2.659,45574,1753429259999,121185.8280,270,13254,35266.0640,0
1753429260000,2.6590,2.6600,2.6550,2.656,34930,1753429319999,92805.0060,217,20405,54216.4530,0
1753429320000,2.6560,2.6590,2.6560,2.657,14800,1753429379999,39327.5890,213,6622,17597.8270,0
1753429380000,2.6570,2.6590,2.6550,2.656,25397,1753429439999,67462.9060,178,8526,22644.3610,0
1753429440000,2.6570,2.6580,2.6560,2.656,20775,1753429499999,55194.5790,203,5874,15603.7530,0
1753429500000,2.6560,2.6580,2.6540,2.656,23124,1753429559999,61395.1840,361,8120,21566.5440,0
1753429560000,2.6560,2.6570,2.6540,2.655,18742,1753429619999,49784.4740,321,11261,29915.2080,0
1753429620000,2.6550,2.6620,2.6540,2.662,14251,1753429679999,37873.3150,233,11473,30496.6800,0
1753429680000,2.6610,2.6610,2.6550,2.657,31768,1753429739999,84461.3700,287,26119,69435.4720,0
1753429740000,2.6570,2.6580,2.6550,2.656,14895,1753429799999,39567.6310,327,5957,15825.5600,0
1753429800000,2.6570,2.6570,2.6530,2.656,20033,1753429859999,53207.2800,289,5927,15736.4170,0
1753429860000,2.6560,2.6560,2.6500,2.654,56445,1753429919999,149652.2900,358,13377,35472.5280,0
1753429920000,2.6540,2.6560,2.6440,2.65,45027,1753429979999,119296.6670,362,13173,34906.6120,0
1753429980000,2.6490,2.6490,2.6390,2.642,90487,1753430039999,239135.0010,477,37448,98990.7200,0
1753430040000,2.6410,2.6420,2.6360,2.638,31173,1753430099999,82283.2860,360,13941,36801.0020,0
1753430100000,2.6380,2.6390,2.6350,2.635,53469,1753430159999,141047.4390,307,17098,45098.7560,0
1753430160000,2.6360,2.6420,2.6340,2.639,60040,1753430219999,158316.1870,477,42357,111703.2820,0
1753430220000,2.6390,2.6540,2.6340,2.654,181364,1753430279999,478608.8210,689,46647,123305.1730,0
1753430280000,2.6530,2.6680,2.6530,2.668,121928,1753430339999,324385.8680,461,99103,263654.0360,0
1753430340000,2.6680,2.6730,2.6660,2.669,160547,1753430399999,428767.5000,548,111521,297877.2020,0
1753430400000,2.6690,2.6790,2.6660,2.679,94307,1753430459999,252055.3390,992,63259,169136.0510,0
1753430460000,2.6790,2.6790,2.6700,2.67,74057,1753430519999,198144.5800,593,48469,129701.2290,0
1753430520000,2.6710,2.6800,2.6690,2.68,56160,1753430579999,150193.6010,450,42247,112997.8470,0
1753430580000,2.6790,2.6810,2.6720,2.672,45994,1753430639999,123158.5070,422,24734,66244.2100,0
1753430640000,2.6730,2.6750,2.6720,2.673,66468,1753430699999,177713.9560,383,32440,86747.1400,0
1753430700000,2.6730,2.6820,2.6730,2.682,24964,1753430759999,66828.7000,391,15994,42814.8790,0
1753430760000,2.6820,2.6890,2.6800,2.681,170238,1753430819999,457041.1070,593,91687,246228.0740,0
1753430820000,2.6810,2.6840,2.6790,2.683,63923,1753430879999,171355.3370,280,51846,138976.3380,0
1753430880000,2.6830,2.6900,2.6830,2.685,31568,1753430939999,84801.7320,355,10765,28913.9200,0
1753430940000,2.6840,2.6860,2.6790,2.679,35036,1753430999999,94035.7380,423,21613,58024.0480,0
1753431000000,2.6800,2.6830,2.6760,2.679,43384,1753431059999,116208.3740,430,16913,45307.9450,0
1753431060000,2.6780,2.6800,2.6680,2.669,64992,1753431119999,173733.6600,434,8972,24016.1130,0
1753431120000,2.6690,2.6790,2.6680,2.678,50060,1753431179999,133767.2670,445,33780,90266.3500,0
1753431180000,2.6770,2.6840,2.6750,2.683,46489,1753431239999,124521.5640,447,24150,64710.9910,0
1753431240000,2.6830,2.6890,2.6810,2.688,43804,1753431299999,117638.9020,288,13919,37393.5780,0
1753431300000,2.6880,2.6930,2.6830,2.684,55777,1753431359999,149950.7080,853,28083,75512.3650,0
1753431360000,2.6840,2.6910,2.6840,2.69,57171,1753431419999,153618.9030,386,32775,88052.6220,0
1753431420000,2.6900,2.6930,2.6860,2.692,25500,1753431479999,68587.1910,239,10531,28328.8510,0
1753431480000,2.6910,2.7000,2.6910,2.7,58357,1753431539999,157341.4820,357,39494,106525.3410,0
1753431540000,2.6990,2.7050,2.6960,2.703,61035,1753431599999,164866.9690,387,24416,65970.1600,0
1753431600000,2.7040,2.7150,2.7030,2.715,121514,1753431659999,329158.3620,483,86255,233745.1750,0
1753431660000,2.7140,2.7160,2.7060,2.71,76712,1753431719999,207960.3530,533,37358,101284.5470,0
1753431720000,2.7110,2.7130,2.7060,2.712,163183,1753431779999,441984.2220,457,63145,171069.3820,0
1753431780000,2.7120,2.7160,2.7080,2.711,137704,1753431839999,373457.4890,443,65229,176900.6350,0
1753431840000,2.7120,2.7140,2.7070,2.707,55311,1753431899999,149940.1180,265,31452,85288.6020,0
1753431900000,2.7070,2.7140,2.7070,2.711,26609,1753431959999,72130.6720,335,13308,36070.0620,0
1753431960000,2.7110,2.7120,2.7080,2.712,55093,1753432019999,149317.8080,305,21210,57490.4130,0
1753432020000,2.7110,2.7120,2.7050,2.706,69074,1753432079999,187022.4830,357,27865,75439.9190,0
1753432080000,2.7060,2.7150,2.7060,2.71,54525,1753432139999,147813.1500,374,25919,70279.8680,0
1753432140000,2.7090,2.7100,2.7060,2.706,11108,1753432199999,30084.4610,167,2512,6803.4380,0
1753432200000,2.7070,2.7070,2.6950,2.696,41735,1753432259999,112740.7880,320,15576,42072.2350,0
1753432260000,2.6970,2.7050,2.6970,2.702,63419,1753432319999,171186.0380,717,48983,132203.4980,0
1753432320000,2.7010,2.7010,2.6980,2.698,21462,1753432379999,57950.6890,228,8385,22641.7680,0
1753432380000,2.6980,2.7000,2.6940,2.695,27305,1753432439999,73650.1380,208,14679,39599.2150,0
1753432440000,2.6940,2.6960,2.6920,2.696,36412,1753432499999,98083.4810,207,18017,48529.3090,0
1753432500000,2.6950,2.6970,2.6930,2.693,34775,1753432559999,93700.3450,219,10911,29401.9510,0
1753432560000,2.6930,2.6940,2.6840,2.685,22137,1753432619999,59507.5250,260,3440,9247.8380,0
1753432620000,2.6840,2.6850,2.6800,2.68,57830,1753432679999,155047.0790,285,17163,46024.2440,0
1753432680000,2.6790,2.6880,2.6790,2.688,55628,1753432739999,149226.7140,266,28390,76109.4160,0
1753432740000,2.6890,2.6890,2.6830,2.687,20142,1753432799999,54093.9100,214,8506,22841.7050,0
1753432800000,2.6860,2.6870,2.6780,2.678,38290,1753432859999,102794.2980,209,6072,16295.4600,0
1753432860000,2.6790,2.6800,2.6750,2.676,100039,1753432919999,267857.4710,392,59958,160585.5630,0
1753432920000,2.6760,2.6790,2.6760,2.678,21447,1753432979999,57418.6830,217,12833,34356.3880,0
1753432980000,2.6770,2.6810,2.6770,2.678,23663,1753433039999,63400.5270,223,14125,37844.9660,0
1753433040000,2.6770,2.6790,2.6760,2.678,23751,1753433099999,63605.3260,176,17828,47743.3210,0
1753433100000,2.6780,2.6820,2.6710,2.681,59303,1753433159999,158676.4440,862,34537,92408.6070,0
1753433160000,2.6800,2.6840,2.6790,2.684,51778,1753433219999,138865.1300,371,30237,81098.6740,0
1753433220000,2.6840,2.6950,2.6840,2.695,58062,1753433279999,156085.4950,439,34058,91554.6570,0
1753433280000,2.6950,2.7000,2.6930,2.699,61903,1753433339999,166893.6220,323,22643,61076.0600,0
1753433340000,2.7000,2.7040,2.6940,2.696,45953,1753433399999,124061.8110,301,27517,74310.4320,0
1753433400000,2.6970,2.7000,2.6940,2.7,74697,1753433459999,201452.7150,258,52265,140978.7790,0
1753433460000,2.6990,2.7020,2.6960,2.696,39387,1753433519999,106305.6680,212,27019,72919.8960,0
1753433520000,2.6960,2.7010,2.6960,2.698,13916,1753433579999,37543.8630,182,5132,13845.9460,0
1753433580000,2.6980,2.6980,2.6900,2.692,24152,1753433639999,65061.6140,226,13043,35137.2350,0
1753433640000,2.6930,2.6970,2.6930,2.697,18888,1753433699999,50879.4190,249,13582,36584.7470,0
1753433700000,2.6970,2.6970,2.6900,2.691,31709,1753433759999,85425.4740,185,2564,6910.5350,0
1753433760000,2.6900,2.6910,2.6860,2.687,38590,1753433819999,103788.2220,199,12653,34024.0940,0
1753433820000,2.6870,2.6910,2.6870,2.691,44727,1753433879999,120256.1990,144,43555,117106.0280,0
1753433880000,2.6910,2.6960,2.6900,2.696,7844,1753433939999,21112.9620,152,3543,9540.0720,0
1753433940000,2.6950,2.6960,2.6910,2.695,11096,1753433999999,29888.0310,181,4057,10929.5250,0
1753434000000,2.6950,2.6960,2.6920,2.693,23542,1753434059999,63424.1750,715,9744,26254.3110,0
1753434060000,2.6930,2.6940,2.6880,2.694,20685,1753434119999,55662.9620,243,9406,25314.3800,0
1753434120000,2.6930,2.6940,2.6860,2.686,45356,1753434179999,122001.9930,192,11079,29771.3030,0
1753434180000,2.6860,2.6910,2.6860,2.691,19883,1753434239999,53463.7300,204,16392,44077.3280,0
1753434240000,2.6900,2.6900,2.6830,2.683,13536,1753434299999,36372.4700,203,5524,14847.8150,0
1753434300000,2.6840,2.7000,2.6830,2.696,59840,1753434359999,161225.5360,405,41897,112877.1600,0
1753434360000,2.6950,2.6950,2.6880,2.688,25890,1753434419999,69666.6320,282,13402,36064.4570,0
1753434420000,2.6900,2.6950,2.6890,2.695,12046,1753434479999,32434.2590,204,6398,17228.1250,0
1753434480000,2.6940,2.6940,2.6880,2.692,22260,1753434539999,59877.1000,244,7619,20497.9470,0
1753434540000,2.6920,2.6940,2.6880,2.691,9787,1753434599999,26342.2270,211,3244,8731.5590,0
1753434600000,2.6900,2.6960,2.6880,2.695,16411,1753434659999,44170.4710,231,6745,18158.1910,0
1753434660000,2.6940,2.6940,2.6840,2.686,41043,1753434719999,110414.1800,299,5303,14260.0050,0
1753434720000,2.6860,2.6880,2.6820,2.683,48467,1753434779999,130127.9370,243,26593,71420.7970,0
1753434780000,2.6830,2.6890,2.6820,2.686,37606,1753434839999,101011.1520,267,24970,67057.9330,0
1753434840000,2.6870,2.6970,2.6870,2.696,54727,1753434899999,147323.4540,303,40174,108169.7290,0
1753434900000,2.6960,2.6960,2.6890,2.694,56092,1753434959999,151036.1160,768,33712,90793.2260,0
1753434960000,2.6940,2.6940,2.6860,2.686,32684,1753435019999,87897.7930,168,1744,4691.0520,0
1753435020000,2.6860,2.6890,2.6830,2.686,36219,1753435079999,97268.7530,264,25162,67572.8440,0
1753435080000,2.6850,2.7000,2.6850,2.7,24033,1753435139999,64701.1600,247,20447,55048.6260,0
1753435140000,2.7000,2.7110,2.6980,2.711,28107,1753435199999,75996.2360,370,14488,39184.2080,0
1753435200000,2.7100,2.7160,2.7100,2.711,48455,1753435259999,131494.1000,348,32818,89058.0470,0
1753435260000,2.7120,2.7140,2.7090,2.712,69045,1753435319999,187145.8500,263,31238,84679.5730,0
1753435320000,2.7130,2.7300,2.7120,2.719,513441,1753435379999,1397639.3460,1404,433618,1180494.3650,0
1753435380000,2.7190,2.7270,2.7180,2.726,98747,1753435439999,268910.2930,346,68310,186042.9770,0
1753435440000,2.7260,2.7310,2.7250,2.727,69819,1753435499999,190473.6670,402,27747,75703.0950,0
1753435500000,2.7280,2.7280,2.7180,2.718,112145,1753435559999,305178.0230,419,75137,204443.1260,0
1753435560000,2.7190,2.7220,2.7190,2.72,73508,1753435619999,199969.6860,321,29521,80317.7520,0
1753435620000,2.7200,2.7280,2.7200,2.728,80784,1753435679999,220086.6120,309,35510,96753.4690,0
1753435680000,2.7270,2.7310,2.7260,2.728,89416,1753435739999,244011.4970,341,50999,139175.2720,0
1753435740000,2.7290,2.7360,2.7270,2.735,82423,1753435799999,224996.0120,298,34195,93399.2030,0
1753435800000,2.7360,2.7390,2.7280,2.738,171797,1753435859999,469602.1210,1071,87570,239454.0170,0
1753435860000,2.7380,2.7410,2.7340,2.734,68841,1753435919999,188479.4310,393,35314,96705.3080,0
1753435920000,2.7350,2.7460,2.7350,2.746,97839,1753435979999,268279.8040,529,62411,171169.1230,0
1753435980000,2.7460,2.7510,2.7430,2.749,128185,1753436039999,352212.5630,577,94922,260848.1230,0
1753436040000,2.7480,2.7520,2.7440,2.747,142246,1753436099999,390769.3500,467,93177,255982.8230,0
1753436100000,2.7460,2.7510,2.7430,2.747,127755,1753436159999,350814.0990,438,72788,199876.2670,0
1753436160000,2.7480,2.7490,2.7400,2.744,60011,1753436219999,164762.1500,386,23578,64725.7700,0
1753436220000,2.7430,2.7540,2.7430,2.752,70349,1753436279999,193438.6490,419,49800,136930.2020,0
1753436280000,2.7520,2.7550,2.7480,2.748,66096,1753436339999,181853.4100,374,35358,97276.9780,0
1753436340000,2.7490,2.7510,2.7470,2.747,65439,1753436399999,179906.8430,265,28495,78351.3260,0
1753436400000,2.7480,2.7520,2.7450,2.749,55152,1753436459999,151586.7780,326,29885,82146.1580,0
1753436460000,2.7490,2.7490,2.7420,2.745,54135,1753436519999,148557.7240,308,14166,38874.3680,0
1753436520000,2.7440,2.7450,2.7380,2.741,51803,1753436579999,141979.0490,276,6268,17189.6820,0
1753436580000,2.7420,2.7440,2.7370,2.737,23950,1753436639999,65657.4960,215,6730,18455.9050,0
1753436640000,2.7380,2.7400,2.7320,2.732,28496,1753436699999,78008.5790,225,5576,15263.0390,0
1753436700000,2.7310,2.7360,2.7300,2.734,59352,1753436759999,162173.2380,793,25560,69853.3370,0
1753436760000,2.7330,2.7340,2.7300,2.731,42123,1753436819999,115110.1490,243,13548,37029.9520,0
1753436820000,2.7300,2.7300,2.7240,2.724,54237,1753436879999,147816.6660,376,16365,44600.2620,0
1753436880000,2.7240,2.7280,2.7220,2.727,58796,1753436939999,160289.6230,287,17349,47295.1830,0
1753436940000,2.7260,2.7260,2.7200,2.72,70851,1753436999999,193012.9330,217,12410,33798.1120,0
1753437000000,2.7210,2.7260,2.7190,2.725,17270,1753437059999,47020.5670,283,6188,16847.8560,0
1753437060000,2.7250,2.7260,2.7220,2.723,25122,1753437119999,68436.2350,163,10772,29346.8940,0
1753437120000,2.7240,2.7280,2.7210,2.728,35400,1753437179999,96396.9600,224,25503,69457.1850,0
1753437180000,2.7270,2.7410,2.7270,2.741,102949,1753437239999,281593.4530,522,72892,199424.7770,0
1753437240000,2.7410,2.7430,2.7350,2.74,50447,1753437299999,138209.1890,295,31505,86312.1920,0
1753437300000,2.7400,2.7570,2.7390,2.755,320399,1753437359999,880875.2410,973,264933,728510.7990,0
1753437360000,2.7540,2.7540,2.7470,2.752,77943,1753437419999,214379.6190,358,38394,105586.9220,0
1753437420000,2.7530,2.7560,2.7510,2.756,26777,1753437479999,73715.3240,194,12240,33702.2930,0
1753437480000,2.7560,2.7590,2.7510,2.759,54814,1753437539999,151014.7960,253,24503,67537.3390,0
1753437540000,2.7590,2.7610,2.7580,2.761,53892,1753437599999,148703.5680,291,16038,44258.2260,0
1753437600000,2.7610,2.7670,2.7570,2.766,115170,1753437659999,318140.6560,1071,63941,176619.6720,0
1753437660000,2.7650,2.7700,2.7650,2.769,79822,1753437719999,220989.2740,331,58640,162345.3690,0
1753437720000,2.7690,2.7760,2.7660,2.774,177446,1753437779999,491984.7170,816,117401,325583.8450,0
1753437780000,2.7740,2.7790,2.7700,2.772,115223,1753437839999,319803.4230,708,47282,131263.5250,0
1753437840000,2.7720,2.7770,2.7660,2.766,89782,1753437899999,248890.5560,650,32006,88759.4770,0
1753437900000,2.7670,2.7700,2.7620,2.768,91192,1753437959999,252348.3930,585,69921,193498.3570,0
1753437960000,2.7680,2.7700,2.7650,2.767,107733,1753438019999,298146.5370,488,50767,140494.1400,0
1753438020000,2.7680,2.7700,2.7660,2.768,28388,1753438079999,78580.5930,241,9545,26422.0420,0
1753438080000,2.7680,2.7690,2.7650,2.767,28964,1753438139999,80138.1680,239,13901,38469.3830,0
1753438140000,2.7670,2.7670,2.7640,2.765,21335,1753438199999,59008.5120,181,4095,11324.8290,0
1753438200000,2.7650,2.7650,2.7500,2.752,373174,1753438259999,1028123.4610,765,125225,344981.3580,0
1753438260000,2.7530,2.7610,2.7530,2.759,117779,1753438319999,324721.4800,418,96929,267238.8110,0
1753438320000,2.7600,2.7660,2.7590,2.765,34616,1753438379999,95654.1030,281,11338,31319.8110,0
1753438380000,2.7640,2.7640,2.7590,2.76,23325,1753438439999,64426.1680,164,2845,7858.8420,0
1753438440000,2.7600,2.7650,2.7590,2.765,37076,1753438499999,102366.7870,283,24033,66368.8410,0
1753438500000,2.7640,2.7650,2.7570,2.76,37319,1753438559999,103102.7090,246,4591,12669.8750,0
1753438560000,2.7600,2.7600,2.7570,2.757,13901,1753438619999,38341.6670,117,1855,5117.8090,0
1753438620000,2.7580,2.7630,2.7570,2.763,25308,1753438679999,69858.0660,264,16684,46052.8950,0
1753438680000,2.7620,2.7650,2.7600,2.764,23005,1753438739999,63550.6900,234,8986,24833.1110,0
1753438740000,2.7630,2.7630,2.7580,2.763,39079,1753438799999,107861.2270,190,19934,55006.0680,0
1753438800000,2.7620,2.7630,2.7590,2.759,21078,1753438859999,58210.8010,151,5602,15468.4510,0
1753438860000,2.7590,2.7620,2.7590,2.762,15338,1753438919999,42328.1550,151,7838,21633.0530,0
1753438920000,2.7620,2.7660,2.7610,2.762,20902,1753438979999,57754.9400,233,11389,31465.3190,0
1753438980000,2.7610,2.7640,2.7600,2.763,14580,1753439039999,40259.4330,185,6555,18103.6030,0
1753439040000,2.7630,2.7630,2.7590,2.759,26376,1753439099999,72816.1810,158,6701,18497.7780,0
1753439100000,2.7600,2.7600,2.7570,2.757,22776,1753439159999,62827.0730,226,11532,31810.3250,0
1753439160000,2.7570,2.7590,2.7520,2.752,44965,1753439219999,123879.0990,194,25123,69186.6750,0
1753439220000,2.7530,2.7590,2.7530,2.758,44485,1753439279999,122661.5050,313,37680,103899.3100,0
1753439280000,2.7570,2.7630,2.7570,2.761,41433,1753439339999,114333.7800,179,36349,100301.3670,0
1753439340000,2.7610,2.7610,2.7540,2.755,51823,1753439399999,142881.6900,166,2277,6278.6980,0
1753439400000,2.7560,2.7580,2.7550,2.757,26236,1753439459999,72323.1650,700,10959,30212.3240,0
1753439460000,2.7560,2.7620,2.7560,2.76,19343,1753439519999,53386.9750,273,13230,36512.4510,0
1753439520000,2.7590,2.7590,2.7550,2.755,31355,1753439579999,86465.4610,157,16651,45923.0560,0
1753439580000,2.7560,2.7650,2.7560,2.765,14909,1753439639999,41147.9140,253,11711,32325.4040,0
1753439640000,2.7650,2.7660,2.7620,2.766,25154,1753439699999,69519.6400,265,11764,32516.6740,0
1753439700000,2.7670,2.7680,2.7640,2.767,56405,1753439759999,156021.2210,233,30563,84531.2540,0
1753439760000,2.7680,2.7710,2.7640,2.771,72342,1753439819999,200152.7290,304,50313,139196.9140,0
1753439820000,2.7710,2.7710,2.7640,2.766,17026,1753439879999,47108.6010,197,3629,10036.5570,0
1753439880000,2.7660,2.7670,2.7630,2.765,14510,1753439939999,40123.2530,155,9089,25130.7500,0
1753439940000,2.7650,2.7660,2.7610,2.762,14821,1753439999999,40956.5930,172,3060,8456.0110,0
1753440000000,2.7620,2.7620,2.7580,2.76,22838,1753440059999,63031.9800,188,13018,35928.3020,0
1753440060000,2.7610,2.7660,2.7610,2.766,12940,1753440119999,35752.9930,298,6695,18500.1630,0
1753440120000,2.7650,2.7660,2.7630,2.766,22329,1753440179999,61730.5890,261,8928,24687.3240,0
1753440180000,2.7670,2.7670,2.7630,2.765,11092,1753440239999,30667.2090,191,3966,10967.3330,0
1753440240000,2.7650,2.7690,2.7620,2.769,8917,1753440299999,24662.1000,221,4539,12556.7650,0
1753440300000,2.7680,2.7730,2.7670,2.772,27488,1753440359999,76155.3810,267,11465,31764.3610,0
1753440360000,2.7710,2.7710,2.7580,2.758,37607,1753440419999,103980.1490,359,19256,53234.8230,0
1753440420000,2.7590,2.7620,2.7580,2.758,16286,1753440479999,44943.0490,234,8589,23704.3590,0
1753440480000,2.7580,2.7640,2.7570,2.763,27056,1753440539999,74708.5060,254,23121,63842.4840,0
1753440540000,2.7620,2.7620,2.7590,2.762,26419,1753440599999,72923.5350,265,11393,31448.4140,0
1753440600000,2.7610,2.7640,2.7590,2.764,16149,1753440659999,44615.7150,254,11781,32550.5210,0
1753440660000,2.7650,2.7680,2.7640,2.764,27557,1753440719999,76197.2240,281,19278,53303.6310,0
1753440720000,2.7650,2.7650,2.7610,2.765,24358,1753440779999,67310.1750,197,15166,41911.9350,0
1753440780000,2.7660,2.7670,2.7630,2.767,29437,1753440839999,81415.0980,179,13444,37183.3630,0
1753440840000,2.7670,2.7680,2.7660,2.768,27812,1753440899999,76945.1600,199,14024,38804.9030,0
1753440900000,2.7680,2.7680,2.7650,2.767,7561,1753440959999,20914.4180,137,3205,8864.7290,0
1753440960000,2.7670,2.7680,2.7630,2.764,13739,1753441019999,37993.3790,137,7231,19994.0450,0
1753441020000,2.7640,2.7720,2.7640,2.77,18630,1753441079999,51573.3380,244,13064,36160.4280,0
1753441080000,2.7700,2.7700,2.7660,2.769,12881,1753441139999,35652.6440,178,4205,11639.7210,0
1753441140000,2.7690,2.7710,2.7690,2.769,8129,1753441199999,22517.7780,153,3261,9033.9060,0
1753441200000,2.7700,2.7730,2.7700,2.771,27955,1753441259999,77482.7670,834,17867,49523.5390,0
1753441260000,2.7720,2.7740,2.7700,2.774,17408,1753441319999,48248.5490,254,11289,31291.5100,0
1753441320000,2.7730,2.7770,2.7710,2.776,26922,1753441379999,74680.6610,222,18059,50090.0980,0
1753441380000,2.7760,2.7760,2.7700,2.773,13840,1753441439999,38386.1510,213,7408,20544.5300,0
1753441440000,2.7740,2.7770,2.7710,2.776,16765,1753441499999,46519.6720,208,13227,36704.0970,0
1753441500000,2.7760,2.7780,2.7720,2.773,31792,1753441559999,88259.2010,246,17449,48450.6470,0
1753441560000,2.7730,2.7770,2.7730,2.777,27224,1753441619999,75552.7560,221,22317,61936.1390,0
1753441620000,2.7780,2.7800,2.7750,2.775,37713,1753441679999,104782.2390,364,19430,53992.2730,0
1753441680000,2.7760,2.7810,2.7750,2.781,61063,1753441739999,169669.1270,261,49025,136217.1560,0
1753441740000,2.7810,2.7810,2.7770,2.78,29779,1753441799999,82757.4560,177,11868,32984.9890,0
1753441800000,2.7790,2.7790,2.7740,2.777,32171,1753441859999,89311.5830,235,18318,50847.4000,0
1753441860000,2.7770,2.7790,2.7750,2.777,14267,1753441919999,39619.7820,209,7829,21743.4950,0
1753441920000,2.7780,2.7820,2.7780,2.779,36040,1753441979999,100203.4760,352,27388,76155.7940,0
1753441980000,2.7790,2.7810,2.7780,2.779,18236,1753442039999,50699.2880,187,14217,39527.5120,0
1753442040000,2.7790,2.7800,2.7750,2.776,8666,1753442099999,24067.2920,157,1800,4999.0610,0
1753442100000,2.7760,2.7820,2.7760,2.782,35988,1753442159999,100037.4390,256,22880,63599.0720,0
1753442160000,2.7810,2.7840,2.7800,2.782,42304,1753442219999,117701.2660,247,5088,14157.0770,0
1753442220000,2.7810,2.7860,2.7790,2.786,79087,1753442279999,220033.7810,299,55509,154433.5980,0
1753442280000,2.7850,2.7860,2.7840,2.784,39222,1753442339999,109228.4250,162,4422,12315.7960,0
1753442340000,2.7850,2.7850,2.7800,2.781,30109,1753442399999,83761.6810,142,8618,23974.9330,0
1753442400000,2.7820,2.7830,2.7770,2.777,114051,1753442459999,317001.3440,332,42741,118806.8970,0
1753442460000,2.7780,2.7810,2.7770,2.781,53664,1753442519999,149146.0760,287,35970,99978.2640,0
1753442520000,2.7810,2.7840,2.7780,2.783,45209,1753442579999,125711.8360,267,37219,103502.4750,0
1753442580000,2.7830,2.7880,2.7830,2.787,16446,1753442639999,45804.3570,200,8073,22494.3270,0
1753442640000,2.7880,2.7900,2.7860,2.79,31421,1753442699999,87606.7200,169,11359,31668.5400,0
1753442700000,2.7890,2.7910,2.7860,2.788,46707,1753442759999,130259.2990,291,14321,39942.9070,0
1753442760000,2.7890,2.7920,2.7890,2.792,20826,1753442819999,58109.4710,229,16199,45198.9870,0
1753442820000,2.7920,2.7920,2.7880,2.791,23142,1753442879999,64574.0870,135,2827,7890.2430,0
1753442880000,2.7910,2.7920,2.7890,2.791,8813,1753442939999,24588.9230,122,4875,13603.9180,0
1753442940000,2.7920,2.7930,2.7880,2.788,73480,1753442999999,205112.4200,259,57032,159205.3040,0
1753443000000,2.7880,2.7880,2.7810,2.785,59185,1753443059999,164853.8820,277,17979,50101.1130,0
1753443060000,2.7850,2.7850,2.7790,2.78,98280,1753443119999,273272.8480,256,34934,97123.0550,0
1753443120000,2.7790,2.7800,2.7750,2.778,50754,1753443179999,140939.7550,251,20503,56931.3460,0
1753443180000,2.7780,2.7820,2.7780,2.781,27021,1753443239999,75107.8830,293,18918,52587.8700,0
1753443240000,2.7800,2.7820,2.7780,2.779,45066,1753443299999,125277.2320,225,1840,5117.1220,0
1753443300000,2.7800,2.7830,2.7790,2.783,27228,1753443359999,75695.3420,253,8023,22306.8360,0
1753443360000,2.7830,2.7840,2.7810,2.782,25064,1753443419999,69739.7140,180,15532,43221.1180,0
1753443420000,2.7820,2.7830,2.7790,2.78,45399,1753443479999,126263.3320,166,3467,9645.0470,0
1753443480000,2.7810,2.7870,2.7810,2.784,72425,1753443539999,201666.6330,263,34756,96745.3960,0
1753443540000,2.7840,2.7840,2.7770,2.778,13327,1753443599999,37032.3190,183,2659,7388.9200,0
1753443600000,2.7780,2.7800,2.7750,2.775,14709,1753443659999,40842.4280,196,5991,16633.8940,0
1753443660000,2.7750,2.7750,2.7640,2.764,124749,1753443719999,345464.4370,548,39538,109491.1900,0
1753443720000,2.7650,2.7670,2.7630,2.764,64112,1753443779999,177321.5360,293,40556,112177.9030,0
1753443780000,2.7630,2.7670,2.7630,2.766,26465,1753443839999,73187.4520,295,12160,33634.5650,0
1753443840000,2.7660,2.7680,2.7640,2.766,10636,1753443899999,29420.0240,165,2139,5918.6200,0
1753443900000,2.7660,2.7680,2.7610,2.767,140154,1753443959999,387291.9250,432,29379,81216.6440,0
1753443960000,2.7680,2.7710,2.7670,2.767,44648,1753444019999,123600.6620,235,29523,81736.1570,0
1753444020000,2.7670,2.7730,2.7670,2.772,14588,1753444079999,40420.4280,181,6420,17789.8750,0
1753444080000,2.7720,2.7750,2.7710,2.775,13828,1753444139999,38336.3580,161,3208,8894.7740,0
1753444140000,2.7740,2.7760,2.7720,2.775,9348,1753444199999,25931.7620,154,2476,6868.8460,0
1753444200000,2.7750,2.7780,2.7750,2.777,11442,1753444259999,31771.1200,198,7973,22138.0350,0
1753444260000,2.7760,2.7760,2.7710,2.772,23066,1753444319999,63973.8980,198,14351,39803.2320,0
1753444320000,2.7720,2.7750,2.7710,2.774,27929,1753444379999,77442.1490,208,13936,38649.4150,0
1753444380000,2.7740,2.7810,2.7720,2.78,13623,1753444439999,37813.1070,187,9252,25677.2070,0
1753444440000,2.7800,2.7800,2.7760,2.778,13040,1753444499999,36225.2570,135,5094,14147.8270,0
1753444500000,2.7790,2.7790,2.7760,2.776,22727,1753444559999,63120.9880,128,621,1724.9390,0
1753444560000,2.7770,2.7820,2.7760,2.781,7727,1753444619999,21481.0230,157,5792,16101.9660,0
1753444620000,2.7810,2.7820,2.7790,2.779,15489,1753444679999,43066.2580,162,6972,19386.2580,0
1753444680000,2.7800,2.7810,2.7780,2.78,5517,1753444739999,15337.2520,79,1451,4034.8060,0
1753444740000,2.7800,2.7800,2.7760,2.776,25392,1753444799999,70538.2130,174,6280,17449.1220,0
1753444800000,2.7760,2.7810,2.7760,2.78,31238,1753444859999,86795.3640,736,17373,48276.7300,0
1753444860000,2.7800,2.7900,2.7800,2.789,122845,1753444919999,341995.6760,550,79006,219885.1850,0
1753444920000,2.7880,2.7950,2.7870,2.794,54804,1753444979999,152945.2470,417,33832,94439.9000,0
1753444980000,2.7950,2.7970,2.7920,2.797,39672,1753445039999,110891.4040,320,26797,74909.4570,0
1753445040000,2.7970,2.7980,2.7880,2.789,52272,1753445099999,145994.7420,349,11914,33279.7070,0
1753445100000,2.7890,2.7900,2.7820,2.782,63623,1753445159999,177236.8720,338,13272,36981.2870,0
1753445160000,2.7830,2.7850,2.7790,2.783,27094,1753445219999,75380.8630,292,14851,41318.3150,0
1753445220000,2.7830,2.7900,2.7830,2.788,32487,1753445279999,90550.2230,319,12891,35935.3880,0
1753445280000,2.7870,2.7950,2.7850,2.795,39836,1753445339999,111214.6610,276,17013,47468.9970,0
1753445340000,2.7940,2.7940,2.7900,2.794,27385,1753445399999,76471.5870,268,14684,41002.3330,0
1753445400000,2.7940,2.8000,2.7930,2.798,132750,1753445459999,371164.2040,453,92425,258421.4680,0
1753445460000,2.7980,2.7980,2.7900,2.79,51992,1753445519999,145307.4860,310,21253,59425.4990,0
1753445520000,2.7910,2.7920,2.7850,2.791,95028,1753445579999,264932.6220,514,43003,119902.6930,0
1753445580000,2.7920,2.7920,2.7850,2.789,22748,1753445639999,63425.0380,265,12533,34939.5180,0
1753445640000,2.7880,2.7920,2.7870,2.792,69584,1753445699999,194154.4110,383,57419,160229.1310,0
1753445700000,2.7910,2.7950,2.7890,2.789,43249,1753445759999,120772.0490,327,22824,63756.8030,0
1753445760000,2.7890,2.7900,2.7800,2.781,24539,1753445819999,68334.6860,300,9554,26611.0990,0
1753445820000,2.7820,2.7840,2.7770,2.777,131429,1753445879999,365530.7490,358,26590,73942.4030,0
1753445880000,2.7770,2.7780,2.7720,2.775,26740,1753445939999,74224.7960,276,9912,27513.4860,0
1753445940000,2.7750,2.7750,2.7690,2.77,37635,1753445999999,104298.8610,373,16739,46394.1080,0
1753446000000,2.7700,2.7760,2.7690,2.773,21045,1753446059999,58348.8340,303,11665,32338.7680,0
1753446060000,2.7730,2.7730,2.7680,2.772,50759,1753446119999,140573.2190,261,35769,99063.9420,0
1753446120000,2.7720,2.7720,2.7650,2.766,61763,1753446179999,171011.0370,228,6784,18786.6350,0
1753446180000,2.7660,2.7690,2.7640,2.764,32903,1753446239999,91029.4160,281,11305,31280.4760,0
1753446240000,2.7640,2.7650,2.7600,2.763,52213,1753446299999,144263.4450,321,17173,47457.6330,0
1753446300000,2.7630,2.7690,2.7630,2.764,32029,1753446359999,88620.3120,241,18270,50564.9110,0
1753446360000,2.7640,2.7690,2.7630,2.768,61848,1753446419999,171095.3960,268,33239,91970.6860,0
1753446420000,2.7680,2.7720,2.7670,2.77,48880,1753446479999,135380.7510,257,32667,90493.9300,0
1753446480000,2.7690,2.7720,2.7670,2.769,29743,1753446539999,82378.4470,268,15285,42333.0550,0
1753446540000,2.7690,2.7690,2.7640,2.764,17746,1753446599999,49072.6680,143,12673,35043.8160,0
1753446600000,2.7650,2.7730,2.7650,2.773,46437,1753446659999,128605.7870,366,39203,108573.6890,0
1753446660000,2.7720,2.7760,2.7630,2.763,137962,1753446719999,382332.5810,568,65539,181819.8120,0
1753446720000,2.7640,2.7650,2.7560,2.756,151915,1753446779999,419310.4790,640,67741,187010.7530,0
1753446780000,2.7570,2.7580,2.7530,2.754,130113,1753446839999,358458.3450,534,40263,110957.1750,0
1753446840000,2.7550,2.7600,2.7530,2.76,45453,1753446899999,125238.2590,363,34036,93792.8950,0
1753446900000,2.7600,2.7660,2.7590,2.766,78031,1753446959999,215514.7130,441,33789,93320.3500,0
1753446960000,2.7670,2.7700,2.7650,2.766,20671,1753447019999,57209.4800,286,6037,16709.5160,0
1753447020000,2.7670,2.7680,2.7660,2.767,20558,1753447079999,56877.6180,243,11138,30815.5380,0
1753447080000,2.7680,2.7690,2.7660,2.768,14082,1753447139999,38973.2100,198,9768,27035.7030,0
1753447140000,2.7690,2.7730,2.7690,2.769,33433,1753447199999,92661.1860,243,6020,16685.5040,0
1753447200000,2.7690,2.7710,2.7670,2.771,18894,1753447259999,52315.4680,221,12820,35504.4690,0
1753447260000,2.7710,2.7750,2.7710,2.775,85486,1753447319999,237086.7250,367,52116,144579.7880,0
1753447320000,2.7760,2.7820,2.7750,2.782,38417,1753447379999,106692.7660,284,18292,50826.3220,0
1753447380000,2.7820,2.7900,2.7820,2.79,85488,1753447439999,238096.2930,415,39569,110213.8770,0
1753447440000,2.7890,2.7890,2.7810,2.784,53101,1753447499999,147942.2710,326,20356,56728.0540,0
1753447500000,2.7830,2.7860,2.7810,2.781,31289,1753447559999,87090.5780,318,3966,11041.2020,0
1753447560000,2.7820,2.7830,2.7780,2.779,23319,1753447619999,64854.5250,268,9334,25956.9520,0
1753447620000,2.7790,2.7820,2.7780,2.78,16325,1753447679999,45380.7200,297,8698,24179.4530,0
1753447680000,2.7790,2.7790,2.7710,2.777,88511,1753447739999,245555.6680,487,48468,134453.7880,0
1753447740000,2.7780,2.7800,2.7750,2.78,13500,1753447799999,37492.9790,195,7172,19919.6640,0
1753447800000,2.7790,2.7800,2.7730,2.774,17037,1753447859999,47302.3800,201,6815,18924.3550,0
1753447860000,2.7750,2.7770,2.7740,2.776,13160,1753447919999,36530.4090,197,8101,22487.7030,0
1753447920000,2.7750,2.7760,2.7720,2.773,33593,1753447979999,93182.4480,192,10192,28268.7430,0
1753447980000,2.7720,2.7730,2.7680,2.768,16424,1753448039999,45503.4790,170,5391,14937.3920,0
1753448040000,2.7680,2.7700,2.7650,2.765,46575,1753448099999,128866.4630,213,9120,25238.3600,0
1753448100000,2.7660,2.7670,2.7620,2.763,24214,1753448159999,66946.0690,259,7818,21625.3530,0
1753448160000,2.7630,2.7680,2.7620,2.767,37371,1753448219999,103308.8540,300,11701,32356.9320,0
1753448220000,2.7660,2.7680,2.7630,2.765,58625,1753448279999,162113.4350,310,19366,53552.2490,0
1753448280000,2.7660,2.7680,2.7630,2.768,99566,1753448339999,275309.5410,300,30382,84032.3080,0
1753448340000,2.7680,2.7700,2.7670,2.769,26404,1753448399999,73127.4060,124,8712,24129.7050,0
1753448400000,2.7700,2.7720,2.7670,2.768,35325,1753448459999,97811.6540,281,9870,27335.6460,0
1753448460000,2.7690,2.7730,2.7690,2.769,22418,1753448519999,62101.4720,246,13044,36134.7530,0
1753448520000,2.7680,2.7710,2.7650,2.771,70322,1753448579999,194643.5150,333,38236,105862.4950,0
1753448580000,2.7710,2.7740,2.7690,2.772,66962,1753448639999,185619.5400,342,36438,101019.8070,0
1753448640000,2.7720,2.7750,2.7680,2.768,28246,1753448699999,78269.8080,217,8588,23803.8030,0
1753448700000,2.7690,2.7740,2.7680,2.774,61281,1753448759999,169775.8250,411,37179,103008.7310,0
1753448760000,2.7740,2.7780,2.7730,2.778,34335,1753448819999,95332.5800,265,26210,72781.0440,0
1753448820000,2.7790,2.7810,2.7770,2.778,40710,1753448879999,113130.3060,215,5193,14430.2480,0
1753448880000,2.7770,2.7790,2.7750,2.779,22051,1753448939999,61223.7610,136,17383,48266.6520,0
1753448940000,2.7800,2.7820,2.7770,2.778,9549,1753448999999,26547.4500,172,3755,10442.0300,0
1753449000000,2.7790,2.7800,2.7780,2.779,8574,1753449059999,23827.3720,114,4827,13416.5370,0
1753449060000,2.7800,2.7810,2.7750,2.777,70492,1753449119999,195756.3670,263,44925,124769.8370,0
1753449120000,2.7770,2.7780,2.7720,2.776,59206,1753449179999,164369.2190,271,41969,116541.5150,0
1753449180000,2.7760,2.7770,2.7740,2.775,10984,1753449239999,30486.2970,166,5559,15430.7300,0
1753449240000,2.7750,2.7770,2.7730,2.774,12284,1753449299999,34080.9120,182,4724,13108.4950,0
1753449300000,2.7740,2.7770,2.7710,2.774,56985,1753449359999,158115.3010,350,25797,71575.4390,0
1753449360000,2.7750,2.7770,2.7740,2.776,16327,1753449419999,45313.9940,178,8475,23522.9210,0
1753449420000,2.7750,2.7790,2.7750,2.778,52376,1753449479999,145443.4690,236,19703,54716.0570,0
1753449480000,2.7780,2.7790,2.7740,2.774,17601,1753449539999,48865.9210,163,9043,25106.3210,0
1753449540000,2.7740,2.7760,2.7730,2.774,20980,1753449599999,58222.0160,195,8812,24458.8170,0
1753449600000,2.7740,2.7780,2.7720,2.776,16974,1753449659999,47110.2650,207,5192,14412.5300,0
1753449660000,2.7750,2.7750,2.7690,2.773,57736,1753449719999,160017.6060,236,42793,118599.6470,0
1753449720000,2.7720,2.7740,2.7720,2.772,11322,1753449779999,31389.8740,126,5778,16020.8750,0
1753449780000,2.7720,2.7760,2.7720,2.775,27828,1753449839999,77178.7110,163,23126,64139.0830,0
1753449840000,2.7750,2.7760,2.7720,2.773,17272,1753449899999,47920.4730,158,12253,33997.0660,0
1753449900000,2.7730,2.7760,2.7720,2.773,9968,1753449959999,27649.6800,138,4759,13203.7790,0
1753449960000,2.7730,2.7730,2.7690,2.771,35564,1753450019999,98574.9890,225,17092,47378.1440,0
1753450020000,2.7710,2.7710,2.7670,2.769,14420,1753450079999,39931.3360,153,9459,26195.8140,0
1753450080000,2.7690,2.7690,2.7650,2.768,44328,1753450139999,122622.6700,257,32760,90625.4240,0
1753450140000,2.7680,2.7690,2.7650,2.765,16119,1753450199999,44601.4350,106,5062,14008.5380,0
1753450200000,2.7660,2.7660,2.7550,2.757,63063,1753450259999,173969.5340,633,27017,74544.0260,0
1753450260000,2.7560,2.7570,2.7520,2.752,65135,1753450319999,179410.0180,425,25708,70826.8410,0
1753450320000,2.7520,2.7630,2.7520,2.762,35369,1753450379999,97548.0120,406,22990,63418.7340,0
1753450380000,2.7620,2.7810,2.7620,2.779,83993,1753450439999,232826.1010,821,61759,171159.5610,0
1753450440000,2.7790,2.7790,2.7710,2.771,47590,1753450499999,132023.3270,413,24149,66988.3370,0
1753450500000,2.7720,2.7740,2.7660,2.768,67849,1753450559999,187900.9430,476,47078,130386.7370,0
1753450560000,2.7690,2.7730,2.7680,2.769,46607,1753450619999,129102.8790,273,34812,96436.0350,0
1753450620000,2.7680,2.7680,2.7480,2.748,142246,1753450679999,391679.1650,826,54076,148911.5120,0
1753450680000,2.7490,2.7520,2.7470,2.749,123292,1753450739999,339040.8290,487,74460,204799.3090,0
1753450740000,2.7490,2.7580,2.7490,2.755,57795,1753450799999,159183.9670,393,47937,132044.5230,0
1753450800000,2.7540,2.7540,2.7480,2.748,50790,1753450859999,139729.2540,321,22571,62100.3840,0
1753450860000,2.7480,2.7500,2.7420,2.743,92558,1753450919999,254199.9000,526,43582,119699.9840,0
1753450920000,2.7430,2.7490,2.7420,2.743,73756,1753450979999,202474.4610,505,32006,87892.1020,0
1753450980000,2.7430,2.7460,2.7390,2.746,113336,1753451039999,310703.2020,583,60776,166633.7350,0
1753451040000,2.7450,2.7490,2.7430,2.746,68248,1753451099999,187443.5810,474,47388,130163.3810,0
1753451100000,2.7460,2.7490,2.7450,2.746,37250,1753451159999,102333.0970,364,26090,71676.2830,0
1753451160000,2.7460,2.7500,2.7430,2.749,32386,1753451219999,88937.7150,271,18593,51066.3780,0
1753451220000,2.7500,2.7530,2.7470,2.748,60750,1753451279999,167050.2420,264,33250,91429.6680,0
1753451280000,2.7480,2.7520,2.7440,2.749,45311,1753451339999,124450.8390,333,24830,68201.9240,0
1753451340000,2.7490,2.7540,2.7480,2.752,41948,1753451399999,115425.6700,280,19913,54776.5400,0
1753451400000,2.7520,2.7530,2.7440,2.746,67855,1753451459999,186454.7390,365,21420,58877.5600,0
1753451460000,2.7470,2.7510,2.7460,2.747,69648,1753451519999,191398.7490,354,42178,115908.7420,0
1753451520000,2.7470,2.7620,2.7470,2.762,68320,1753451579999,188131.5910,485,57511,158359.5670,0
1753451580000,2.7610,2.7680,2.7610,2.766,94558,1753451639999,261397.2490,420,63825,176481.1790,0
1753451640000,2.7670,2.7680,2.7620,2.765,36859,1753451699999,101913.4660,256,24610,68049.8890,0
1753451700000,2.7650,2.7700,2.7610,2.769,67454,1753451759999,186486.9060,269,45006,124457.5430,0
1753451760000,2.7690,2.7700,2.7640,2.766,61983,1753451819999,171502.9890,301,30526,84460.3070,0
1753451820000,2.7660,2.7720,2.7650,2.77,39531,1753451879999,109452.5900,232,35973,99599.5890,0
1753451880000,2.7690,2.7750,2.7690,2.772,85747,1753451939999,237771.1600,225,59135,163945.1480,0
1753451940000,2.7730,2.7730,2.7690,2.773,45402,1753451999999,125842.9010,259,28900,80112.3570,0
1753452000000,2.7730,2.7740,2.7670,2.771,29630,1753452059999,82128.0330,364,7738,21445.7180,0
1753452060000,2.7710,2.7760,2.7710,2.774,34154,1753452119999,94738.4540,280,19565,54276.6550,0
1753452120000,2.7740,2.7760,2.7690,2.769,49118,1753452179999,136127.5160,356,32300,89514.6950,0
1753452180000,2.7690,2.7700,2.7570,2.761,32082,1753452239999,88582.1850,387,15334,42344.4420,0
1753452240000,2.7610,2.7640,2.7590,2.76,60816,1753452299999,167946.6050,313,26522,73238.3610,0
1753452300000,2.7590,2.7610,2.7540,2.754,17847,1753452359999,49225.1860,280,3051,8418.2130,0
1753452360000,2.7540,2.7620,2.7530,2.762,18911,1753452419999,52142.0700,177,16087,44356.0620,0
1753452420000,2.7630,2.7660,2.7600,2.766,54032,1753452479999,149223.9230,288,8226,22725.7990,0
1753452480000,2.7650,2.7660,2.7550,2.755,13691,1753452539999,37783.0310,213,6838,18864.0380,0
1753452540000,2.7560,2.7600,2.7510,2.759,29507,1753452599999,81290.8270,265,7402,20394.3810,0
1753452600000,2.7580,2.7610,2.7540,2.754,25615,1753452659999,70634.1180,230,3240,8936.4260,0
1753452660000,2.7550,2.7600,2.7550,2.758,20105,1753452719999,55434.3610,240,12294,33895.4870,0
1753452720000,2.7570,2.7610,2.7560,2.757,28895,1753452779999,79711.4150,220,6154,16982.9260,0
1753452780000,2.7570,2.7600,2.7510,2.752,42198,1753452839999,116225.7130,370,15688,43211.6680,0
1753452840000,2.7520,2.7550,2.7520,2.752,26504,1753452899999,72962.8580,154,10283,28317.9730,0
1753452900000,2.7520,2.7570,2.7510,2.757,34091,1753452959999,93873.0210,294,22050,60720.2770,0
1753452960000,2.7570,2.7570,2.7480,2.749,52739,1753453019999,145064.0960,403,28097,77249.0710,0
1753453020000,2.7490,2.7500,2.7390,2.739,84862,1753453079999,232759.0930,544,48635,133436.4090,0
1753453080000,2.7400,2.7400,2.7310,2.736,159833,1753453139999,437372.5830,698,61811,169083.7650,0
1753453140000,2.7370,2.7460,2.7360,2.745,78664,1753453199999,215612.4740,369,66636,182651.3770,0
1753453200000,2.7450,2.7470,2.7390,2.746,55069,1753453259999,151058.1230,359,46143,126573.9010,0
1753453260000,2.7450,2.7450,2.7370,2.737,59827,1753453319999,164002.3380,277,25297,69370.2350,0
1753453320000,2.7380,2.7410,2.7370,2.738,58339,1753453379999,159771.1740,255,25264,69194.5810,0
1753453380000,2.7380,2.7400,2.7270,2.729,102323,1753453439999,279284.8650,492,28134,76816.5090,0
1753453440000,2.7290,2.7370,2.7270,2.732,101668,1753453499999,277659.7730,507,35701,97537.3650,0
1753453500000,2.7310,2.7380,2.7300,2.737,57960,1753453559999,158355.9040,275,40072,109492.0050,0
1753453560000,2.7360,2.7360,2.7260,2.727,104575,1753453619999,285485.2390,379,29922,81664.7600,0
1753453620000,2.7280,2.7350,2.7270,2.733,93777,1753453679999,256105.6660,438,33817,92360.3990,0
1753453680000,2.7320,2.7350,2.7280,2.729,61187,1753453739999,167148.2010,321,32335,88353.2090,0
1753453740000,2.7290,2.7330,2.7240,2.729,95804,1753453799999,261279.4270,419,14795,40382.9270,0
1753453800000,2.7290,2.7340,2.7270,2.727,58058,1753453859999,158502.8250,392,29885,81597.0380,0
1753453860000,2.7280,2.7340,2.7230,2.728,63206,1753453919999,172461.1190,549,31711,86574.3100,0
1753453920000,2.7280,2.7290,2.7060,2.708,495022,1753453979999,1344156.6490,1444,118476,321775.8920,0
1753453980000,2.7080,2.7080,2.7020,2.704,235469,1753454039999,636921.8050,811,117241,317154.5750,0
1753454040000,2.7030,2.7130,2.7000,2.703,245356,1753454099999,663995.6690,859,133376,361003.7660,0
1753454100000,2.7040,2.7140,2.7020,2.714,74106,1753454159999,200687.6020,378,52728,142820.9330,0
1753454160000,2.7130,2.7130,2.7070,2.712,82300,1753454219999,223050.2200,414,46669,126463.6830,0
1753454220000,2.7130,2.7150,2.6990,2.699,145151,1753454279999,392525.9550,576,24277,65721.1200,0
1753454280000,2.6980,2.7010,2.6940,2.698,128083,1753454339999,345596.5380,514,66173,178540.8080,0
1753454340000,2.6980,2.7000,2.6920,2.693,88522,1753454399999,238774.9580,448,41835,112878.7460,0
1753454400000,2.6930,2.6990,2.6880,2.691,173250,1753454459999,466632.8990,757,111070,299218.5130,0
1753454460000,2.6920,2.6960,2.6890,2.694,108074,1753454519999,291043.7070,515,70623,190181.1020,0
1753454520000,2.6950,2.7030,2.6940,2.701,242163,1753454579999,653200.4770,759,114120,307881.8380,0
1753454580000,2.7010,2.7030,2.6900,2.693,221896,1753454639999,598287.4750,603,68774,185547.2370,0
1753454640000,2.6930,2.6990,2.6930,2.696,105139,1753454699999,283602.1190,382,87794,236835.0690,0
1753454700000,2.6970,2.7050,2.6960,2.7,110762,1753454759999,299043.3280,544,58963,159233.2290,0
1753454760000,2.7000,2.7050,2.7000,2.703,59752,1753454819999,161471.0930,428,43241,116855.2190,0
1753454820000,2.7020,2.7060,2.7010,2.705,75293,1753454879999,203555.2650,344,47582,128663.6620,0
1753454880000,2.7040,2.7040,2.6970,2.698,64300,1753454939999,173619.4260,374,28492,76913.8650,0
1753454940000,2.6990,2.7020,2.6980,2.7,86656,1753454999999,233902.9070,279,53808,145243.3690,0
1753455000000,2.7000,2.7040,2.6970,2.699,82023,1753455059999,221490.9240,320,66268,178949.0400,0
1753455060000,2.6990,2.6990,2.6930,2.698,62426,1753455119999,168351.6420,405,41065,110764.0570,0
1753455120000,2.6990,2.7050,2.6990,2.703,28115,1753455179999,75969.9060,211,20195,54577.7470,0
1753455180000,2.7030,2.7070,2.7030,2.703,82695,1753455239999,223663.1660,313,53842,145627.2630,0
1753455240000,2.7040,2.7080,2.7040,2.705,102927,1753455299999,278454.7320,320,46135,124843.8630,0
1753455300000,2.7050,2.7050,2.6980,2.701,47639,1753455359999,128648.1180,348,27102,73189.8010,0
1753455360000,2.7010,2.7020,2.6980,2.699,44392,1753455419999,119846.4610,227,27695,74767.3280,0
1753455420000,2.6990,2.7020,2.6900,2.695,148207,1753455479999,399359.0070,682,41693,112379.0970,0
1753455480000,2.6950,2.7010,2.6860,2.687,129792,1753455539999,349405.3510,537,36941,99454.0170,0
1753455540000,2.6870,2.6880,2.6790,2.684,135970,1753455599999,364938.4810,544,60305,161889.8720,0
1753455600000,2.6830,2.6900,2.6810,2.689,78689,1753455659999,211242.9610,511,46813,125631.2730,0
1753455660000,2.6880,2.6910,2.6840,2.688,74229,1753455719999,199538.5420,497,30617,82310.1140,0
1753455720000,2.6890,2.7010,2.6890,2.697,72680,1753455779999,195975.6250,509,39762,107180.7190,0
1753455780000,2.6970,2.6970,2.6920,2.694,74334,1753455839999,200256.5430,418,37697,101554.0470,0
1753455840000,2.6940,2.6960,2.6870,2.688,47752,1753455899999,128501.7210,386,24497,65931.3330,0
1753455900000,2.6880,2.6940,2.6810,2.681,117890,1753455959999,316776.5620,552,38154,102549.0510,0
1753455960000,2.6810,2.6860,2.6790,2.686,65264,1753456019999,175061.6690,422,40426,108440.9540,0
1753456020000,2.6850,2.6860,2.6790,2.68,54221,1753456079999,145474.8230,340,15840,42511.3460,0
1753456080000,2.6800,2.6830,2.6750,2.679,57661,1753456139999,154405.5370,432,23129,61945.9770,0
1753456140000,2.6780,2.6870,2.6780,2.68,57429,1753456199999,154088.9050,423,27090,72709.4710,0
1753456200000,2.6800,2.6860,2.6780,2.685,48463,1753456259999,129923.3700,315,31103,83390.3800,0
1753456260000,2.6850,2.6890,2.6820,2.689,25866,1753456319999,69436.0310,339,10008,26877.8450,0
1753456320000,2.6890,2.6930,2.6860,2.687,105199,1753456379999,282977.6790,475,51811,139338.1940,0
1753456380000,2.6870,2.6920,2.6810,2.692,55706,1753456439999,149603.6730,485,33497,89972.7980,0
1753456440000,2.6910,2.6970,2.6890,2.693,88105,1753456499999,237321.4560,385,47955,129185.3390,0
1753456500000,2.6930,2.6970,2.6900,2.697,47547,1753456559999,128066.5560,768,28829,77659.9080,0
1753456560000,2.6980,2.7050,2.6970,2.701,41539,1753456619999,112203.5580,325,21721,58649.1420,0
1753456620000,2.7010,2.7020,2.6950,2.696,154728,1753456679999,417591.5250,388,24030,64853.7540,0
1753456680000,2.6950,2.7010,2.6940,2.701,79193,1753456739999,213640.4330,318,34643,93457.7100,0
1753456740000,2.7000,2.7020,2.6910,2.692,98988,1753456799999,266865.7720,359,23666,63865.5470,0
1753456800000,2.6920,2.6940,2.6880,2.691,40011,1753456859999,107659.3910,389,24505,65932.4310,0
1753456860000,2.6910,2.6970,2.6890,2.697,83626,1753456919999,225131.6120,359,31398,84578.1770,0
1753456920000,2.6960,2.7000,2.6930,2.699,50751,1753456979999,136812.3150,274,44280,119376.8350,0
1753456980000,2.6990,2.7100,2.6990,2.709,49976,1753457039999,135178.3580,397,27553,74520.4340,0
1753457040000,2.7080,2.7090,2.7040,2.706,45494,1753457099999,123115.8680,316,21802,58999.5790,0
1753457100000,2.7070,2.7110,2.7040,2.706,33049,1753457159999,89466.3910,324,23085,62501.0390,0
1753457160000,2.7060,2.7090,2.7040,2.708,28719,1753457219999,77751.0160,283,19644,53181.9270,0
1753457220000,2.7080,2.7110,2.7050,2.706,28244,1753457279999,76533.8510,254,20654,55975.1960,0
1753457280000,2.7060,2.7070,2.6960,2.7,31017,1753457339999,83845.0160,292,19147,51754.3140,0
1753457340000,2.7000,2.7010,2.6950,2.699,38389,1753457399999,103624.3450,250,20465,55244.0430,0
1753457400000,2.6980,2.7060,2.6980,2.702,36023,1753457459999,97341.3520,281,21265,57455.8500,0
1753457460000,2.7020,2.7050,2.7000,2.705,46530,1753457519999,125699.7420,272,36285,98028.0730,0
1753457520000,2.7040,2.7060,2.6980,2.701,52896,1753457579999,142884.3460,301,7618,20596.1790,0
1753457580000,2.7020,2.7040,2.7000,2.703,39408,1753457639999,106522.5490,241,33186,89707.8090,0
1753457640000,2.7030,2.7050,2.7030,2.704,15677,1753457699999,42381.3950,205,6043,16337.6450,0
1753457700000,2.7040,2.7040,2.6930,2.694,48456,1753457759999,130784.4430,483,16132,43547.4450,0
1753457760000,2.6940,2.6950,2.6730,2.673,80417,1753457819999,215705.2360,611,23427,62893.0430,0
1753457820000,2.6740,2.6790,2.6660,2.675,293960,1753457879999,785434.3660,1155,122446,327415.5790,0
1753457880000,2.6740,2.6780,2.6710,2.673,85181,1753457939999,227798.2140,405,37832,101176.5360,0
1753457940000,2.6730,2.6750,2.6630,2.665,118238,1753457999999,315706.0030,679,50450,134718.7580,0
1753458000000,2.6650,2.6690,2.6590,2.66,83667,1753458059999,223012.7070,529,43631,116338.7100,0
1753458060000,2.6590,2.6630,2.6530,2.66,201493,1753458119999,535594.2580,912,99437,264216.9220,0
1753458120000,2.6590,2.6620,2.6560,2.66,84783,1753458179999,225435.2660,471,57893,153936.3530,0
1753458180000,2.6590,2.6620,2.6540,2.661,89964,1753458239999,239025.4470,447,48205,128070.8710,0
1753458240000,2.6610,2.6690,2.6610,2.668,88566,1753458299999,235909.8540,529,60749,161824.0410,0
1753458300000,2.6680,2.6770,2.6680,2.673,114506,1753458359999,306094.2500,1131,62911,168152.5020,0
1753458360000,2.6720,2.6730,2.6650,2.667,169357,1753458419999,451656.5780,655,40303,107455.7810,0
1753458420000,2.6670,2.6690,2.6630,2.667,71670,1753458479999,191027.8530,364,41640,110983.3740,0
1753458480000,2.6680,2.6720,2.6660,2.667,80992,1753458539999,216171.8190,307,53269,142150.3920,0
1753458540000,2.6680,2.6700,2.6640,2.669,182764,1753458599999,487665.9500,533,152070,405782.4160,0
1753458600000,2.6700,2.6720,2.6650,2.665,77453,1753458659999,206708.6900,326,29971,80009.0670,0
1753458660000,2.6650,2.6790,2.6650,2.673,36891,1753458719999,98617.0650,409,32542,86999.6300,0
1753458720000,2.6730,2.6810,2.6720,2.68,30554,1753458779999,81757.8540,261,22931,61370.0560,0
1753458780000,2.6810,2.6870,2.6810,2.684,50003,1753458839999,134210.6970,288,29834,80099.2250,0
1753458840000,2.6850,2.6880,2.6840,2.688,24749,1753458899999,66479.4520,250,8766,23550.9080,0
1753458900000,2.6890,2.6940,2.6860,2.693,67009,1753458959999,180259.9530,397,51714,139110.3640,0
1753458960000,2.6940,2.6970,2.6920,2.695,38050,1753459019999,102500.2670,256,22583,60833.5830,0
1753459020000,2.6960,2.6970,2.6920,2.695,24498,1753459079999,66021.1650,293,5614,15133.1310,0
1753459080000,2.6950,2.6950,2.6860,2.687,20320,1753459139999,54696.8130,260,6228,16768.9890,0
1753459140000,2.6860,2.6890,2.6840,2.686,40415,1753459199999,108567.1650,214,20057,53884.4920,0
1753459200000,2.6850,2.6890,2.6830,2.688,57066,1753459259999,153290.7400,364,27245,73197.4820,0
1753459260000,2.6870,2.6880,2.6810,2.683,69891,1753459319999,187567.4390,435,15141,40647.2530,0
1753459320000,2.6830,2.6870,2.6820,2.687,51132,1753459379999,137256.7240,246,24937,66946.7360,0
1753459380000,2.6860,2.6990,2.6860,2.699,46074,1753459439999,124019.2490,310,34756,93580.8780,0
1753459440000,2.6980,2.6980,2.6900,2.691,53948,1753459499999,145326.0890,440,29125,78444.0480,0
1753459500000,2.6910,2.6950,2.6890,2.694,22709,1753459559999,61129.9960,274,10697,28798.1780,0
1753459560000,2.6930,2.6980,2.6920,2.697,26217,1753459619999,70677.1140,232,7965,21467.9750,0
1753459620000,2.6970,2.6990,2.6950,2.699,31435,1753459679999,84769.9030,238,11750,31694.6180,0
1753459680000,2.6990,2.7010,2.6940,2.697,88503,1753459739999,238891.0120,381,57694,155763.4070,0
1753459740000,2.6970,2.6990,2.6940,2.696,39110,1753459799999,105448.6710,253,27899,75224.4170,0
1753459800000,2.6960,2.7020,2.6960,2.702,24493,1753459859999,66100.2530,222,22101,59648.4150,0
1753459860000,2.7020,2.7060,2.7010,2.702,36917,1753459919999,99840.5510,309,17536,47431.6470,0
1753459920000,2.7020,2.7090,2.7010,2.702,45755,1753459979999,123727.3370,312,17294,46749.0260,0
1753459980000,2.7020,2.7050,2.6990,2.701,33670,1753460039999,90991.1180,265,13832,37386.3920,0
1753460040000,2.7010,2.7040,2.6970,2.699,53664,1753460099999,144992.7760,291,11192,30223.5140,0
1753460100000,2.7000,2.7050,2.7000,2.701,28116,1753460159999,75967.0620,258,15142,40908.9980,0
1753460160000,2.7020,2.7050,2.6980,2.698,39168,1753460219999,105806.3870,305,10203,27572.8080,0
1753460220000,2.6990,2.7000,2.6770,2.681,386061,1753460279999,1035635.6080,1029,88590,237625.9950,0
1753460280000,2.6820,2.6880,2.6790,2.683,82485,1753460339999,221367.9780,382,27820,74676.5590,0
1753460340000,2.6820,2.6910,2.6810,2.689,54749,1753460399999,147059.3620,337,22842,61341.6510,0
1753460400000,2.6890,2.6900,2.6770,2.679,47075,1753460459999,126284.0850,398,27607,74034.5230,0
1753460460000,2.6790,2.6810,2.6740,2.675,39142,1753460519999,104780.2970,350,14557,38993.0090,0
1753460520000,2.6750,2.6780,2.6710,2.672,46237,1753460579999,123671.3290,340,27568,73742.0440,0
1753460580000,2.6720,2.6750,2.6670,2.669,77941,1753460639999,208110.8470,382,29333,78328.4900,0
1753460640000,2.6700,2.6740,2.6680,2.673,23599,1753460699999,63022.4100,258,15553,41535.7940,0
1753460700000,2.6730,2.6840,2.6710,2.683,55289,1753460759999,148048.7160,433,29922,80138.4820,0
1753460760000,2.6830,2.6920,2.6820,2.692,46440,1753460819999,124773.6990,431,27875,74898.9970,0
1753460820000,2.6920,2.6940,2.6840,2.684,51496,1753460879999,138530.2010,357,34532,92912.8420,0
1753460880000,2.6850,2.6890,2.6830,2.683,49076,1753460939999,131824.3580,330,23137,62148.6860,0
1753460940000,2.6830,2.6910,2.6830,2.691,32840,1753460999999,88231.8240,222,14827,39847.1680,0
1753461000000,2.6910,2.6930,2.6850,2.693,39100,1753461059999,105164.9600,768,27520,74026.9930,0
1753461060000,2.6930,2.7020,2.6920,2.696,34533,1753461119999,93139.0470,364,13730,37024.1820,0
1753461120000,2.6960,2.6990,2.6940,2.698,129060,1753461179999,348088.6220,336,115550,311665.4100,0
1753461180000,2.6970,2.6970,2.6840,2.684,131302,1753461239999,353316.0610,470,19839,53385.8070,0
1753461240000,2.6850,2.6870,2.6820,2.683,58194,1753461299999,156251.6840,327,29690,79695.2180,0
1753461300000,2.6830,2.6870,2.6740,2.675,48746,1753461359999,130753.5840,367,27437,73615.5260,0
1753461360000,2.6750,2.6800,2.6750,2.676,46621,1753461419999,124846.5180,328,15963,42743.7000,0
1753461420000,2.6750,2.6780,2.6720,2.677,63899,1753461479999,170942.2220,339,44671,119510.3120,0
1753461480000,2.6770,2.6840,2.6740,2.683,35107,1753461539999,94093.0510,351,29788,79844.7090,0
1753461540000,2.6830,2.6830,2.6750,2.677,17197,1753461599999,46060.7040,255,4705,12597.6020,0
1753461600000,2.6790,2.6840,2.6790,2.684,21303,1753461659999,57113.5490,177,12043,32295.9130,0
1753461660000,2.6840,2.6930,2.6840,2.693,39614,1753461719999,106484.9780,356,32111,86297.7000,0
1753461720000,2.6940,2.6990,2.6910,2.691,48536,1753461779999,130888.7900,410,31586,85192.9630,0
1753461780000,2.6910,2.6970,2.6910,2.697,20934,1753461839999,56356.8460,237,11906,32050.1990,0
1753461840000,2.6970,2.6990,2.6940,2.696,21576,1753461899999,58192.0130,203,12087,32601.6300,0
1753461900000,2.6960,2.6990,2.6940,2.694,26226,1753461959999,70712.2560,254,9415,25394.2230,0
1753461960000,2.6940,2.6980,2.6920,2.698,24533,1753462019999,66083.3740,233,8591,23145.7240,0
1753462020000,2.6970,2.7020,2.6960,2.702,15959,1753462079999,43072.3860,172,9229,24910.1980,0
1753462080000,2.7010,2.7080,2.7010,2.708,12331,1753462139999,33344.3960,202,5656,15303.5910,0
1753462140000,2.7080,2.7090,2.7020,2.707,50830,1753462199999,137517.1120,311,7276,19677.2810,0
1753462200000,2.7080,2.7100,2.7030,2.703,32018,1753462259999,86699.0470,247,18859,51076.5130,0
1753462260000,2.7030,2.7070,2.7000,2.702,55336,1753462319999,149584.0780,343,33451,90432.0530,0
1753462320000,2.7030,2.7080,2.7030,2.707,22058,1753462379999,59666.3810,164,15599,42197.6340,0
1753462380000,2.7070,2.7090,2.7050,2.709,27122,1753462439999,73440.4730,218,6691,18118.4590,0
1753462440000,2.7090,2.7100,2.7070,2.707,34642,1753462499999,93810.9620,254,11393,30852.6390,0
1753462500000,2.7080,2.7120,2.7060,2.707,46330,1753462559999,125469.5500,311,18047,48873.0790,0
1753462560000,2.7070,2.7200,2.7070,2.72,28574,1753462619999,77580.7640,311,26484,71911.1020,0
1753462620000,2.7200,2.7240,2.7180,2.721,70495,1753462679999,191841.2490,301,38575,104998.6390,0
1753462680000,2.7200,2.7210,2.7150,2.718,97846,1753462739999,265941.1840,373,48132,130828.3910,0
1753462740000,2.7190,2.7200,2.7160,2.717,38291,1753462799999,104065.8540,214,11157,30325.9890,0
1753462800000,2.7170,2.7200,2.7130,2.719,42714,1753462859999,116056.2790,368,10835,29440.3950,0
1753462860000,2.7190,2.7190,2.7160,2.716,42921,1753462919999,116619.3870,303,26120,70968.9880,0
1753462920000,2.7170,2.7240,2.7170,2.724,57365,1753462979999,156125.9490,279,31409,85482.3580,0
1753462980000,2.7240,2.7250,2.7160,2.717,56253,1753463039999,153070.4420,285,11810,32123.6720,0
1753463040000,2.7170,2.7210,2.7130,2.713,35137,1753463099999,95513.3400,304,15078,40997.8130,0
1753463100000,2.7140,2.7190,2.7110,2.719,43860,1753463159999,119099.1470,309,32982,89580.0620,0
1753463160000,2.7180,2.7290,2.7180,2.729,61425,1753463219999,167214.5120,410,41382,112651.6030,0
1753463220000,2.7290,2.7290,2.7210,2.721,58212,1753463279999,158700.0270,287,4797,13078.3530,0
1753463280000,2.7210,2.7240,2.7180,2.723,36087,1753463339999,98192.8130,259,17057,46403.9160,0
1753463340000,2.7230,2.7270,2.7230,2.726,45658,1753463399999,124422.8680,273,31130,84839.7810,0
1753463400000,2.7270,2.7340,2.7270,2.733,54684,1753463459999,149342.2360,335,40176,109725.1100,0
1753463460000,2.7320,2.7330,2.7300,2.733,26799,1753463519999,73212.1430,193,16832,45985.3830,0
1753463520000,2.7330,2.7400,2.7330,2.738,80302,1753463579999,219762.1060,433,47546,130117.5510,0
1753463580000,2.7380,2.7380,2.7300,2.733,84189,1753463639999,230101.7880,322,15608,42650.9180,0
1753463640000,2.7330,2.7340,2.7280,2.728,31667,1753463699999,86480.1770,201,3834,10472.1930,0
1753463700000,2.7280,2.7340,2.7280,2.732,41556,1753463759999,113463.5320,311,28225,77044.6280,0
1753463760000,2.7330,2.7360,2.7310,2.731,41260,1753463819999,112743.4350,233,6895,18846.6730,0
1753463820000,2.7310,2.7310,2.7190,2.723,59487,1753463879999,161979.1420,445,22542,61373.6680,0
1753463880000,2.7240,2.7260,2.7180,2.719,10864,1753463939999,29582.4330,207,3444,9380.3610,0
1753463940000,2.7180,2.7220,2.7170,2.719,48335,1753463999999,131471.7730,279,24850,67585.4560,0
1753464000000,2.7180,2.7190,2.7070,2.711,69718,1753464059999,189041.0670,466,24864,67409.8410,0
1753464060000,2.7110,2.7160,2.7100,2.716,18444,1753464119999,50026.4230,216,11126,30179.3780,0
1753464120000,2.7160,2.7210,2.7160,2.72,40294,1753464179999,109524.1560,242,10219,27781.8900,0
1753464180000,2.7190,2.7230,2.7180,2.723,23776,1753464239999,64695.1570,269,17792,48421.2490,0
1753464240000,2.7230,2.7300,2.7230,2.73,23144,1753464299999,63118.4600,255,19693,53711.7020,0
1753464300000,2.7290,2.7300,2.7220,2.73,52825,1753464359999,143951.2840,322,46882,127747.6860,0
1753464360000,2.7300,2.7310,2.7220,2.724,26733,1753464419999,72855.1570,288,14851,40476.9360,0
1753464420000,2.7240,2.7260,2.7230,2.724,11895,1753464479999,32401.9440,222,6706,18267.7490,0
1753464480000,2.7240,2.7280,2.7230,2.724,17720,1753464539999,48283.0650,241,14093,38400.5770,0
1753464540000,2.7240,2.7260,2.7220,2.724,137275,1753464599999,373943.2420,392,109673,298753.8330,0
1753464600000,2.7240,2.7320,2.7240,2.728,71398,1753464659999,194744.7020,364,34744,94763.0930,0
1753464660000,2.7280,2.7290,2.7220,2.723,45501,1753464719999,124037.3030,308,18930,51598.5880,0
1753464720000,2.7220,2.7230,2.7180,2.723,62872,1753464779999,171122.3850,390,31326,85257.2650,0
1753464780000,2.7220,2.7240,2.7180,2.721,14571,1753464839999,39647.9500,253,6113,16633.2140,0
1753464840000,2.7220,2.7230,2.7170,2.717,16490,1753464899999,44856.9470,253,6695,18217.7020,0
1753464900000,2.7160,2.7180,2.7100,2.714,41385,1753464959999,112293.0750,343,10219,27732.4210,0
1753464960000,2.7140,2.7180,2.7130,2.717,40329,1753465019999,109511.7570,316,10981,29829.9040,0
1753465020000,2.7160,2.7220,2.7140,2.722,19865,1753465079999,53987.4630,167,13813,37548.3360,0
1753465080000,2.7210,2.7220,2.7110,2.711,38060,1753465139999,103405.6390,234,4744,12888.8650,0
1753465140000,2.7120,2.7170,2.7120,2.717,15803,1753465199999,42880.9050,171,10417,28264.7490,0
1753465200000,2.7170,2.7230,2.7170,2.723,28368,1753465259999,77115.3190,159,8091,22007.1700,0
1753465260000,2.7240,2.7250,2.7200,2.723,38570,1753465319999,105020.8420,306,14756,40174.1210,0
1753465320000,2.7220,2.7240,2.7200,2.722,10020,1753465379999,27266.6560,123,5940,16162.6170,0
1753465380000,2.7220,2.7250,2.7220,2.723,7002,1753465439999,19069.2810,124,5812,15829.5550,0
1753465440000,2.7240,2.7290,2.7230,2.726,42621,1753465499999,116209.1960,260,16816,45854.1250,0
1753465500000,2.7260,2.7270,2.7150,2.715,27193,1753465559999,74014.4250,324,5244,14272.7870,0
1753465560000,2.7160,2.7190,2.7130,2.718,48704,1753465619999,132271.9150,309,17914,48664.0320,0
1753465620000,2.7180,2.7210,2.7170,2.721,22091,1753465679999,60061.7820,138,18091,49189.2630,0
1753465680000,2.7210,2.7270,2.7210,2.724,13773,1753465739999,37517.9030,212,9375,25537.5390,0
1753465740000,2.7250,2.7260,2.7210,2.721,21026,1753465799999,57294.1950,187,15273,41627.0790,0
1753465800000,2.7210,2.7220,2.7170,2.722,10081,1753465859999,27410.5110,154,4728,12859.5740,0
1753465860000,2.7210,2.7230,2.7180,2.721,48883,1753465919999,132942.4840,195,17323,47128.1430,0
1753465920000,2.7210,2.7210,2.7120,2.712,11114,1753465979999,30181.0230,215,4051,11006.7030,0
1753465980000,2.7130,2.7140,2.7110,2.712,13527,1753466039999,36693.7590,158,3490,9469.9710,0
1753466040000,2.7120,2.7180,2.7120,2.716,19965,1753466099999,54223.2400,227,17094,46426.7170,0
1753466100000,2.7160,2.7180,2.7150,2.715,27056,1753466159999,73493.4780,152,24707,67112.5970,0
1753466160000,2.7150,2.7200,2.7140,2.716,6992,1753466219999,18997.6320,111,4189,11381.5260,0
1753466220000,2.7160,2.7170,2.7140,2.716,22481,1753466279999,61059.3430,100,17031,46266.5620,0
1753466280000,2.7170,2.7180,2.7140,2.714,22911,1753466339999,62198.9250,144,15086,40948.2370,0
1753466340000,2.7130,2.7180,2.7130,2.713,34690,1753466399999,94224.0110,202,25996,70619.0350,0
1753466400000,2.7140,2.7210,2.7130,2.719,34311,1753466459999,93253.2630,769,23987,65185.1590,0
1753466460000,2.7190,2.7230,2.7180,2.721,17681,1753466519999,48098.0660,223,10757,29263.9450,0
1753466520000,2.7210,2.7210,2.7130,2.715,64428,1753466579999,175036.5420,265,13623,37014.8560,0
1753466580000,2.7150,2.7170,2.7120,2.716,14933,1753466639999,40534.4770,170,7953,21590.3440,0
1753466640000,2.7160,2.7180,2.7150,2.716,22018,1753466699999,59803.9740,140,16635,45182.1490,0
1753466700000,2.7170,2.7220,2.7160,2.719,30494,1753466759999,82909.9660,281,10160,27627.5760,0
1753466760000,2.7180,2.7240,2.7170,2.722,34688,1753466819999,94397.9020,189,19763,53775.7350,0
1753466820000,2.7210,2.7220,2.7190,2.721,25644,1753466879999,69773.6180,126,1807,4915.6840,0
1753466880000,2.7220,2.7240,2.7210,2.722,17629,1753466939999,48002.5990,187,2251,6128.2250,0
1753466940000,2.7210,2.7240,2.7200,2.721,17650,1753466999999,48042.0420,137,1695,4614.1470,0
1753467000000,2.7210,2.7230,2.7180,2.718,12446,1753467059999,33861.3350,237,4614,12556.6980,0
1753467060000,2.7170,2.7190,2.7130,2.716,20670,1753467119999,56144.6560,207,12908,35065.2410,0
1753467120000,2.7160,2.7240,2.7160,2.723,36612,1753467179999,99581.2270,224,32639,88769.3850,0
1753467180000,2.7230,2.7290,2.7210,2.728,23757,1753467239999,64772.0200,236,17570,47905.1410,0
1753467240000,2.7280,2.7310,2.7260,2.73,17355,1753467299999,47362.7370,218,13566,37022.8220,0
1753467300000,2.7290,2.7310,2.7270,2.729,25384,1753467359999,69285.4450,254,11777,32144.6090,0
1753467360000,2.7300,2.7320,2.7200,2.72,33644,1753467419999,91748.2470,233,1810,4940.1930,0
1753467420000,2.7210,2.7240,2.7210,2.722,9252,1753467479999,25183.4180,161,5384,14654.1950,0
1753467480000,2.7230,2.7250,2.7220,2.725,5349,1753467539999,14571.4970,157,2836,7725.9330,0
1753467540000,2.7250,2.7260,2.7230,2.725,10071,1753467599999,27432.0550,130,2244,6113.7260,0
1753467600000,2.7250,2.7290,2.7250,2.727,9766,1753467659999,26622.9220,187,6188,16869.0650,0
1753467660000,2.7280,2.7310,2.7250,2.73,4287,1753467719999,11696.2990,135,1855,5061.6250,0
1753467720000,2.7290,2.7360,2.7290,2.735,28653,1753467779999,78332.2770,211,21854,59758.6640,0
1753467780000,2.7350,2.7350,2.7250,2.728,60874,1753467839999,166215.2060,313,18655,50892.5950,0
1753467840000,2.7270,2.7280,2.7230,2.725,67540,1753467899999,184088.0410,307,18820,51291.3330,0
1753467900000,2.7250,2.7280,2.7190,2.719,27424,1753467959999,74746.2000,253,13605,37095.5750,0
1753467960000,2.7180,2.7210,2.7160,2.718,25562,1753468019999,69475.5600,208,11942,32445.9760,0
1753468020000,2.7170,2.7200,2.7150,2.717,20690,1753468079999,56215.5970,115,5978,16242.4620,0
1753468080000,2.7170,2.7230,2.7170,2.723,13131,1753468139999,35732.1360,122,11971,32577.9480,0
1753468140000,2.7230,2.7270,2.7220,2.727,5981,1753468199999,16292.0640,106,2602,7089.2300,0
1753468200000,2.7270,2.7280,2.7220,2.722,43476,1753468259999,118496.9080,701,3921,10686.1810,0
1753468260000,2.7220,2.7300,2.7220,2.73,9468,1753468319999,25805.3020,204,6094,16608.5890,0
1753468320000,2.7300,2.7300,2.7250,2.725,37732,1753468379999,102930.6890,180,978,2668.2430,0
1753468380000,2.7270,2.7270,2.7210,2.721,9683,1753468439999,26370.2430,170,5782,15745.2450,0
1753468440000,2.7210,2.7210,2.7160,2.716,13564,1753468499999,36860.1150,186,5021,13643.4890,0
1753468500000,2.7170,2.7220,2.7150,2.721,32979,1753468559999,89613.7620,181,20510,55733.2610,0
1753468560000,2.7210,2.7250,2.7200,2.72,11648,1753468619999,31706.9170,166,6968,18970.4050,0
1753468620000,2.7200,2.7240,2.7190,2.72,5719,1753468679999,15562.2860,130,3596,9785.2920,0
1753468680000,2.7210,2.7230,2.7190,2.723,8295,1753468739999,22562.3360,96,2093,5693.2420,0
1753468740000,2.7220,2.7240,2.7200,2.723,6273,1753468799999,17077.6380,133,4627,12596.8610,0
1753468800000,2.7220,2.7270,2.7220,2.727,8989,1753468859999,24490.8180,166,6317,17211.0280,0
1753468860000,2.7270,2.7300,2.7270,2.729,11440,1753468919999,31208.7060,230,5177,14126.1430,0
1753468920000,2.7290,2.7330,2.7270,2.732,10031,1753468979999,27384.9860,157,6311,17229.5920,0
1753468980000,2.7330,2.7350,2.7320,2.733,20608,1753469039999,56327.9130,160,13149,35939.9780,0
1753469040000,2.7340,2.7350,2.7310,2.732,42998,1753469099999,117454.6400,165,5864,16019.8600,0
1753469100000,2.7320,2.7320,2.7300,2.73,20432,1753469159999,55794.9120,184,11700,31952.7660,0
1753469160000,2.7300,2.7300,2.7250,2.729,12064,1753469219999,32905.7660,193,3483,9501.9190,0
1753469220000,2.7290,2.7290,2.7250,2.728,6648,1753469279999,18130.2810,131,1868,5094.3230,0
1753469280000,2.7280,2.7340,2.7270,2.733,19813,1753469339999,54098.3660,162,13967,38142.4080,0
1753469340000,2.7330,2.7330,2.7280,2.728,8245,1753469399999,22517.8410,160,1697,4633.9410,0
1753469400000,2.7290,2.7310,2.7230,2.725,13819,1753469459999,37688.2170,179,4951,13512.7260,0
1753469460000,2.7250,2.7290,2.7250,2.729,8077,1753469519999,22025.1720,128,5835,15910.5940,0
1753469520000,2.7280,2.7290,2.7250,2.727,16539,1753469579999,45115.6620,167,14967,40828.5090,0
1753469580000,2.7260,2.7290,2.7230,2.723,23055,1753469639999,62835.4590,200,7209,19658.7990,0
1753469640000,2.7240,2.7250,2.7200,2.724,19286,1753469699999,52501.8890,193,13324,36272.5280,0
1753469700000,2.7240,2.7280,2.7240,2.726,10667,1753469759999,29079.9410,160,7618,20769.8910,0
1753469760000,2.7270,2.7320,2.7270,2.732,10843,1753469819999,29586.5700,137,9176,25038.4510,0
1753469820000,2.7320,2.7350,2.7300,2.73,27305,1753469879999,74631.9670,191,11831,32345.1680,0
1753469880000,2.7310,2.7330,2.7290,2.733,22528,1753469939999,61520.5070,167,11534,31501.6740,0
1753469940000,2.7320,2.7320,2.7280,2.728,12874,1753469999999,35137.9410,82,404,1103.6940,0
1753470000000,2.7280,2.7280,2.7210,2.727,34481,1753470059999,93923.2840,813,9332,25431.9280,0
1753470060000,2.7260,2.7320,2.7260,2.731,57938,1753470119999,158187.5600,288,34396,93926.5380,0
1753470120000,2.7310,2.7310,2.7250,2.728,15880,1753470179999,43310.4540,311,7769,21185.8430,0
1753470180000,2.7280,2.7300,2.7270,2.73,13757,1753470239999,37534.8620,285,10720,29249.2830,0
1753470240000,2.7290,2.7290,2.7250,2.727,49346,1753470299999,134564.8800,287,14279,38930.9580,0
1753470300000,2.7270,2.7290,2.7260,2.729,18330,1753470359999,49983.3740,240,6512,17762.0490,0
1753470360000,2.7280,2.7320,2.7280,2.731,32267,1753470419999,88077.6900,175,4753,12976.6540,0
1753470420000,2.7310,2.7340,2.7300,2.734,44388,1753470479999,121224.5370,192,37318,101920.4930,0
1753470480000,2.7340,2.7360,2.7320,2.734,13911,1753470539999,38024.6900,190,7755,21201.5460,0
1753470540000,2.7340,2.7340,2.7260,2.726,30206,1753470599999,82539.1130,206,933,2549.1990,0
1753470600000,2.7270,2.7290,2.7260,2.729,27399,1753470659999,74721.9700,137,20560,56069.9800,0
1753470660000,2.7280,2.7280,2.7200,2.72,41434,1753470719999,112840.3480,272,8508,23155.5950,0
1753470720000,2.7210,2.7270,2.7210,2.727,17948,1753470779999,48878.5830,177,15651,42625.8290,0
1753470780000,2.7270,2.7290,2.7260,2.727,9899,1753470839999,26996.0140,161,6738,18375.6300,0
1753470840000,2.7270,2.7300,2.7260,2.73,10513,1753470899999,28673.9960,123,4478,12216.4500,0
1753470900000,2.7300,2.7350,2.7290,2.735,40412,1753470959999,110447.3100,198,20592,56281.4230,0
1753470960000,2.7340,2.7350,2.7300,2.733,30768,1753471019999,84046.1660,220,14910,40727.7680,0
1753471020000,2.7330,2.7340,2.7290,2.732,34510,1753471079999,94273.6120,153,26179,71519.1820,0
1753471080000,2.7320,2.7330,2.7290,2.731,31572,1753471139999,86237.3190,156,24340,66484.3230,0
1753471140000,2.7300,2.7330,2.7290,2.73,18644,1753471199999,50919.6840,152,13454,36748.3290,0
1753471200000,2.7300,2.7310,2.7270,2.731,22225,1753471259999,60647.8590,155,16720,45632.7370,0
1753471260000,2.7300,2.7300,2.7250,2.727,17851,1753471319999,48677.8630,165,11559,31517.1100,0
1753471320000,2.7260,2.7270,2.7250,2.725,7232,1753471379999,19712.7550,95,2294,6255.0880,0
1753471380000,2.7240,2.7280,2.7220,2.728,11258,1753471439999,30671.4070,200,8706,23720.9970,0
1753471440000,2.7280,2.7300,2.7270,2.73,7700,1753471499999,21005.5620,102,3104,8468.7290,0
1753471500000,2.7290,2.7300,2.7270,2.73,13858,1753471559999,37808.3580,148,1861,5079.4780,0
1753471560000,2.7300,2.7310,2.7280,2.73,7772,1753471619999,21214.2570,103,4054,11065.7110,0
1753471620000,2.7300,2.7320,2.7270,2.727,7781,1753471679999,21241.7780,147,2895,7905.6320,0
1753471680000,2.7270,2.7280,2.7250,2.725,4808,1753471739999,13109.4190,110,847,2309.9190,0
1753471740000,2.7240,2.7240,2.7200,2.721,4559,1753471799999,12410.8740,114,1169,3181.1740,0
1753471800000,2.7210,2.7320,2.7210,2.732,7057,1753471859999,19245.6110,158,5413,14761.7770,0
1753471860000,2.7310,2.7330,2.7260,2.733,12308,1753471919999,33600.1140,200,9268,25302.5470,0
1753471920000,2.7330,2.7370,2.7330,2.737,21431,1753471979999,58612.1650,191,12319,33692.7540,0
1753471980000,2.7370,2.7380,2.7350,2.736,10063,1753472039999,27537.1800,163,5190,14202.9020,0
1753472040000,2.7360,2.7370,2.7340,2.735,11895,1753472099999,32536.2190,174,5533,15135.6490,0
1753472100000,2.7350,2.7370,2.7330,2.737,27510,1753472159999,75226.6660,183,16330,44658.7030,0
1753472160000,2.7370,2.7440,2.7370,2.744,16006,1753472219999,43859.9170,278,11503,31524.2700,0
1753472220000,2.7430,2.7450,2.7360,2.736,88560,1753472279999,242777.8600,365,43758,120002.8480,0
1753472280000,2.7360,2.7400,2.7350,2.738,56474,1753472339999,154587.5060,249,26465,72453.3190,0
1753472340000,2.7380,2.7390,2.7340,2.736,15429,1753472399999,42211.8710,172,1771,4847.8120,0
1753472400000,2.7370,2.7430,2.7360,2.742,17248,1753472459999,47289.5380,191,14359,39368.1160,0
1753472460000,2.7420,2.7450,2.7400,2.744,22779,1753472519999,62477.8290,242,14383,39455.4200,0
1753472520000,2.7430,2.7440,2.7410,2.742,24433,1753472579999,66991.8110,204,16590,45486.3290,0
1753472580000,2.7410,2.7430,2.7410,2.743,5597,1753472639999,15347.3300,108,1853,5081.2900,0
1753472640000,2.7420,2.7430,2.7400,2.743,9050,1753472699999,24806.1750,149,4245,11635.7970,0
1753472700000,2.7430,2.7480,2.7430,2.748,24799,1753472759999,68093.3280,289,21210,58237.3490,0
1753472760000,2.7490,2.7520,2.7470,2.751,25201,1753472819999,69293.0280,269,18922,52029.8480,0
1753472820000,2.7510,2.7520,2.7450,2.745,62681,1753472879999,172320.7910,247,13102,36026.6890,0
1753472880000,2.7460,2.7500,2.7450,2.749,18526,1753472939999,50893.3500,168,12565,34520.3460,0
1753472940000,2.7490,2.7490,2.7430,2.745,18537,1753472999999,50902.7150,163,11012,30237.6850,0
1753473000000,2.7450,2.7450,2.7380,2.742,46191,1753473059999,126651.5800,244,16450,45084.2680,0
1753473060000,2.7420,2.7460,2.7420,2.744,28084,1753473119999,77050.9930,213,12751,34986.8980,0
1753473120000,2.7430,2.7430,2.7360,2.737,15259,1753473179999,41813.3100,130,5066,13887.2290,0
1753473180000,2.7360,2.7360,2.7320,2.733,34013,1753473239999,92970.1700,235,9833,26877.4360,0
1753473240000,2.7340,2.7350,2.7320,2.735,15188,1753473299999,41517.8130,156,9479,25911.0800,0
1753473300000,2.7350,2.7350,2.7310,2.732,20314,1753473359999,55514.4280,154,4054,11078.7000,0
1753473360000,2.7320,2.7340,2.7290,2.73,14415,1753473419999,39366.7830,186,6317,17252.8880,0
1753473420000,2.7300,2.7350,2.7300,2.734,7996,1753473479999,21860.1760,156,2962,8097.5560,0
1753473480000,2.7340,2.7350,2.7330,2.735,13094,1753473539999,35800.5220,116,8229,22500.4920,0
1753473540000,2.7360,2.7370,2.7310,2.731,26447,1753473599999,72302.1100,180,8958,24491.7090,0
1753473600000,2.7310,2.7330,2.7290,2.73,32173,1753473659999,87843.5900,271,10468,28588.4920,0
1753473660000,2.7300,2.7350,2.7280,2.732,13743,1753473719999,37555.0770,174,11695,31961.0760,0
1753473720000,2.7320,2.7370,2.7320,2.736,17525,1753473779999,47894.3000,181,10981,30009.9020,0
1753473780000,2.7350,2.7370,2.7340,2.736,9707,1753473839999,26549.3130,163,3927,10743.0140,0
1753473840000,2.7360,2.7370,2.7330,2.737,11403,1753473899999,31194.9290,163,8402,22987.6210,0
1753473900000,2.7370,2.7370,2.7320,2.733,11083,1753473959999,30316.3150,140,2256,6167.8180,0
1753473960000,2.7340,2.7350,2.7310,2.734,9530,1753474019999,26046.8960,178,6556,17920.8970,0
1753474020000,2.7340,2.7370,2.7340,2.735,6581,1753474079999,18004.2470,109,4381,11986.5750,0
1753474080000,2.7340,2.7360,2.7310,2.731,9303,1753474139999,25434.5490,170,4553,12449.7300,0
1753474140000,2.7320,2.7330,2.7310,2.731,9647,1753474199999,26358.5530,80,3763,10282.0470,0
1753474200000,2.7310,2.7370,2.7310,2.737,8803,1753474259999,24067.0230,131,6717,18366.4510,0
1753474260000,2.7370,2.7380,2.7350,2.735,17364,1753474319999,47529.1600,209,13388,36651.0080,0
1753474320000,2.7340,2.7380,2.7330,2.737,15412,1753474379999,42177.4560,155,13546,37072.1270,0
1753474380000,2.7380,2.7410,2.7370,2.741,11071,1753474439999,30315.1950,101,8436,23100.2980,0
1753474440000,2.7400,2.7410,2.7360,2.738,42205,1753474499999,115553.4750,243,39081,106997.3120,0
1753474500000,2.7380,2.7440,2.7380,2.742,19587,1753474559999,53677.9510,174,14219,38962.0450,0
1753474560000,2.7420,2.7430,2.7400,2.74,14600,1753474619999,40025.9410,143,7915,21701.7310,0
1753474620000,2.7410,2.7440,2.7400,2.743,8186,1753474679999,22443.0040,125,5681,15575.6720,0
1753474680000,2.7440,2.7470,2.7440,2.746,20792,1753474739999,57068.0610,170,9600,26345.4510,0
1753474740000,2.7460,2.7510,2.7460,2.751,13603,1753474799999,37402.0210,167,5377,14783.7090,0
1753474800000,2.7510,2.7530,2.7490,2.753,47197,1753474859999,129888.9070,230,38129,104949.8440,0
1753474860000,2.7540,2.7560,2.7510,2.753,30035,1753474919999,82689.7350,280,7509,20682.7950,0
1753474920000,2.7530,2.7540,2.7490,2.749,28643,1753474979999,78840.9210,173,8946,24623.1480,0
1753474980000,2.7490,2.7540,2.7480,2.753,53736,1753475039999,147853.1540,214,29965,82417.0890,0
1753475040000,2.7530,2.7550,2.7530,2.754,55489,1753475099999,152815.8430,123,48459,133456.3260,0
1753475100000,2.7550,2.7710,2.7550,2.77,552785,1753475159999,1528005.9190,1344,424712,1173475.3230,0
1753475160000,2.7690,2.7730,2.7690,2.77,102127,1753475219999,283024.2580,351,58112,161056.5660,0
1753475220000,2.7710,2.7710,2.7660,2.767,85281,1753475279999,236065.9070,293,21981,60857.2310,0
1753475280000,2.7670,2.7700,2.7660,2.769,22915,1753475339999,63441.4990,143,4829,13368.4230,0
1753475340000,2.7680,2.7690,2.7660,2.768,16921,1753475399999,46825.2890,155,6577,18198.5080,0
1753475400000,2.7680,2.7690,2.7640,2.764,20046,1753475459999,55461.1580,223,977,2703.4750,0
1753475460000,2.7650,2.7680,2.7600,2.768,32319,1753475519999,89335.9930,335,27454,75890.6020,0
1753475520000,2.7680,2.7710,2.7670,2.769,31548,1753475579999,87357.1960,220,15201,42098.0980,0
1753475580000,2.7700,2.7820,2.7700,2.781,220200,1753475639999,611663.3380,607,177342,492647.6900,0
1753475640000,2.7800,2.7810,2.7730,2.774,44459,1753475699999,123471.3410,272,17045,47322.4610,0
1753475700000,2.7740,2.7800,2.7740,2.779,61630,1753475759999,171128.5430,256,22481,62410.5910,0
1753475760000,2.7800,2.7800,2.7740,2.777,38004,1753475819999,105526.7600,284,16669,46277.7320,0
1753475820000,2.7770,2.7850,2.7770,2.783,80841,1753475879999,224977.1300,298,59518,165651.3750,0
1753475880000,2.7830,2.7860,2.7810,2.783,44771,1753475939999,124593.9460,243,29142,81090.6870,0
1753475940000,2.7820,2.7840,2.7810,2.784,89852,1753475999999,250053.2630,177,82395,229305.4690,0
1753476000000,2.7840,2.7870,2.7830,2.786,27916,1753476059999,77755.8820,239,17787,49548.4940,0
1753476060000,2.7850,2.7930,2.7850,2.791,189871,1753476119999,529808.6940,623,134957,376582.4400,0
1753476120000,2.7920,2.7990,2.7910,2.797,276674,1753476179999,773309.0420,665,171520,479393.1960,0
1753476180000,2.7970,2.8000,2.7950,2.8,90668,1753476239999,253668.6160,372,58925,164884.4830,0
1753476240000,2.8000,2.8020,2.7930,2.799,113478,1753476299999,317519.7330,535,63637,177998.1740,0
1753476300000,2.7990,2.8010,2.7960,2.799,72902,1753476359999,204038.7240,320,31343,87710.8000,0
1753476360000,2.8000,2.8020,2.7980,2.799,76250,1753476419999,213491.7630,232,27071,75792.5160,0
1753476420000,2.7990,2.8040,2.7980,2.802,62248,1753476479999,174280.1270,262,20331,56933.9890,0
1753476480000,2.8010,2.8040,2.8000,2.803,25325,1753476539999,70958.1960,125,9172,25707.6290,0
1753476540000,2.8040,2.8080,2.8030,2.804,71187,1753476599999,199710.5940,315,35972,100918.4470,0
1753476600000,2.8050,2.8060,2.7960,2.801,114774,1753476659999,321509.2570,476,32375,90694.2460,0
1753476660000,2.8010,2.8100,2.8010,2.809,28970,1753476719999,81304.6450,271,16479,46238.5150,0
1753476720000,2.8080,2.8100,2.8030,2.803,39369,1753476779999,110556.7650,228,17754,49868.9860,0
1753476780000,2.8040,2.8090,2.8040,2.807,22968,1753476839999,64460.4280,169,8157,22887.7300,0
1753476840000,2.8060,2.8070,2.8000,2.803,24201,1753476899999,67856.8850,198,10089,28300.1260,0
1753476900000,2.8040,2.8050,2.7980,2.799,29963,1753476959999,83937.9000,211,12159,34064.9290,0
1753476960000,2.7990,2.8010,2.7980,2.798,43801,1753477019999,122612.1180,164,9010,25222.9540,0
1753477020000,2.7980,2.8020,2.7980,2.799,17424,1753477079999,48788.0550,142,2409,6746.6960,0
1753477080000,2.7980,2.8000,2.7910,2.8,272178,1753477139999,761014.3160,686,45936,128522.6160,0
1753477140000,2.7990,2.8010,2.7980,2.8,18941,1753477199999,53035.3290,127,6949,19457.3760,0
1753477200000,2.8000,2.8120,2.8000,2.809,146327,1753477259999,411011.0180,770,85385,239848.5070,0
1753477260000,2.8080,2.8090,2.8060,2.809,61429,1753477319999,172448.3720,216,52294,146801.1340,0
1753477320000,2.8080,2.8180,2.8080,2.818,332180,1753477379999,934652.2570,551,247203,695476.0750,0
1753477380000,2.8170,2.8180,2.8120,2.813,105533,1753477439999,297185.9260,352,53396,150397.1580,0
1753477440000,2.8140,2.8180,2.8120,2.818,51463,1753477499999,144922.4140,187,43625,122870.8630,0
1753477500000,2.8180,2.8200,2.8150,2.816,42996,1753477559999,121155.2440,275,22110,62312.2350,0
1753477560000,2.8160,2.8180,2.8150,2.816,47836,1753477619999,134742.0480,195,20771,58503.5760,0
1753477620000,2.8160,2.8160,2.8120,2.813,70584,1753477679999,198674.5270,235,20838,58651.0550,0
1753477680000,2.8130,2.8160,2.8130,2.816,32370,1753477739999,91103.2420,194,12517,35222.6330,0
1753477740000,2.8170,2.8190,2.8160,2.818,18735,1753477799999,52788.9100,172,8325,23459.4990,0
1753477800000,2.8180,2.8200,2.8160,2.819,42140,1753477859999,118756.0130,231,24501,69066.6300,0
1753477860000,2.8190,2.8270,2.8190,2.826,85065,1753477919999,240073.2880,495,79184,223476.6070,0
1753477920000,2.8260,2.8270,2.8210,2.826,74821,1753477979999,211314.2540,371,33421,94387.7540,0
1753477980000,2.8260,2.8270,2.8240,2.825,50025,1753478039999,141347.6010,241,17184,48567.2510,0
1753478040000,2.8250,2.8260,2.8220,2.822,23147,1753478099999,65368.2910,188,9244,26115.9300,0
1753478100000,2.8220,2.8230,2.8170,2.821,34291,1753478159999,96700.0590,318,22769,64216.5360,0
1753478160000,2.8200,2.8240,2.8200,2.823,45672,1753478219999,128880.5180,222,7041,19871.5510,0
1753478220000,2.8230,2.8250,2.8220,2.824,23683,1753478279999,66870.4730,178,9852,27823.7330,0
1753478280000,2.8240,2.8240,2.8160,2.823,35455,1753478339999,100004.1140,265,20133,56772.7010,0
1753478340000,2.8230,2.8240,2.8210,2.823,22523,1753478399999,63564.5440,144,4913,13867.2210,0
1753478400000,2.8230,2.8320,2.8230,2.831,52095,1753478459999,147321.1020,306,39933,112907.8640,0
1753478460000,2.8300,2.8340,2.8280,2.833,31789,1753478519999,89971.1500,233,8345,23630.2340,0
1753478520000,2.8320,2.8380,2.8320,2.836,98032,1753478579999,277953.3840,451,55292,156749.9600,0
1753478580000,2.8360,2.8380,2.8310,2.836,105759,1753478639999,299792.3020,356,46720,132475.5390,0
1753478640000,2.8360,2.8390,2.8340,2.839,30319,1753478699999,86007.8530,247,10609,30105.6510,0
1753478700000,2.8390,2.8400,2.8360,2.837,12606,1753478759999,35772.1320,186,4562,12948.5020,0
1753478760000,2.8370,2.8370,2.8310,2.833,57331,1753478819999,162508.4030,337,19339,54792.5520,0
1753478820000,2.8330,2.8370,2.8280,2.835,76411,1753478879999,216482.5030,503,28729,81415.1310,0
1753478880000,2.8360,2.8400,2.8350,2.838,89926,1753478939999,255129.0830,260,62226,176548.8750,0
1753478940000,2.8380,2.8380,2.8340,2.835,32494,1753478999999,92135.9230,182,10126,28709.0920,0
1753479000000,2.8350,2.8400,2.8350,2.84,50120,1753479059999,142226.5620,799,15364,43590.6410,0
1753479060000,2.8390,2.8390,2.8300,2.834,105160,1753479119999,298000.6610,442,18382,52082.3190,0
1753479120000,2.8330,2.8350,2.8300,2.835,51973,1753479179999,147199.1500,279,30083,85202.4760,0
1753479180000,2.8350,2.8350,2.8310,2.834,21056,1753479239999,59659.5160,217,7337,20789.0010,0
1753479240000,2.8340,2.8390,2.8340,2.838,51222,1753479299999,145319.9440,368,25002,70910.9770,0
1753479300000,2.8380,2.8380,2.8330,2.834,20625,1753479359999,58480.8440,212,2243,6360.8390,0
1753479360000,2.8340,2.8370,2.8320,2.832,33396,1753479419999,94662.2680,268,14512,41133.7680,0
1753479420000,2.8320,2.8340,2.8280,2.833,47349,1753479479999,134053.5160,312,15174,42953.9360,0
1753479480000,2.8330,2.8400,2.8330,2.838,50075,1753479539999,142041.7380,311,39729,112688.5190,0
1753479540000,2.8370,2.8380,2.8350,2.836,27330,1753479599999,77525.0580,192,14483,41084.6440,0
1753479600000,2.8350,2.8350,2.8290,2.829,44406,1753479659999,125758.1440,298,6961,19718.7080,0
1753479660000,2.8300,2.8330,2.8290,2.832,24729,1753479719999,70016.7390,182,17941,50794.4470,0
1753479720000,2.8310,2.8320,2.8300,2.831,18978,1753479779999,53725.6450,159,9793,27724.0830,0
1753479780000,2.8320,2.8350,2.8300,2.833,43520,1753479839999,123253.8080,270,24449,69257.9780,0
1753479840000,2.8330,2.8350,2.8320,2.835,10641,1753479899999,30144.0850,153,4185,11858.8600,0
1753479900000,2.8350,2.8390,2.8330,2.838,54266,1753479959999,153844.1260,748,18468,52376.2440,0
1753479960000,2.8380,2.8440,2.8380,2.843,12579,1753480019999,35739.1560,298,10786,30646.7130,0
1753480020000,2.8440,2.8480,2.8410,2.842,66070,1753480079999,187991.0460,531,26436,75255.8440,0
1753480080000,2.8420,2.8420,2.8400,2.841,10957,1753480139999,31127.6600,143,3248,9228.1580,0
1753480140000,2.8400,2.8430,2.8380,2.843,21100,1753480199999,59929.5900,267,11893,33788.7570,0
1753480200000,2.8430,2.8460,2.8420,2.845,11107,1753480259999,31591.8690,153,9556,27180.5160,0
1753480260000,2.8450,2.8460,2.8410,2.842,16195,1753480319999,46054.1530,201,1870,5319.1430,0
1753480320000,2.8420,2.8430,2.8410,2.842,7946,1753480379999,22581.3510,162,3703,10524.3520,0
1753480380000,2.8430,2.8490,2.8420,2.849,43398,1753480439999,123514.9360,222,41583,118348.8470,0
1753480440000,2.8490,2.8490,2.8460,2.848,19383,1753480499999,55193.7190,128,2771,7890.6220,0
1753480500000,2.8470,2.8480,2.8460,2.848,12227,1753480559999,34809.6700,156,5014,14275.3470,0
1753480560000,2.8480,2.8490,2.8470,2.849,10559,1753480619999,30072.4590,119,6006,17105.6270,0
1753480620000,2.8490,2.8490,2.8460,2.846,29825,1753480679999,84925.3010,175,16294,46399.1650,0
1753480680000,2.8460,2.8480,2.8460,2.848,7066,1753480739999,20114.0820,126,3996,11376.6750,0
1753480740000,2.8470,2.8530,2.8470,2.852,54716,1753480799999,155958.9080,404,38338,109267.7470,0
1753480800000,2.8530,2.8560,2.8520,2.855,81282,1753480859999,231959.7720,1058,35745,102024.7220,0
1753480860000,2.8550,2.8570,2.8510,2.857,31350,1753480919999,89462.8890,288,17682,50465.4440,0
1753480920000,2.8570,2.8590,2.8540,2.857,51394,1753480979999,146810.3600,359,20531,58656.6230,0
1753480980000,2.8560,2.8610,2.8560,2.86,42953,1753481039999,122783.7560,291,24223,69243.2410,0
1753481040000,2.8610,2.8610,2.8560,2.857,21103,1753481099999,60330.3040,281,7990,22848.0570,0
1753481100000,2.8570,2.8580,2.8520,2.852,15947,1753481159999,45530.9930,198,6150,17566.0420,0
1753481160000,2.8520,2.8540,2.8480,2.848,31480,1753481219999,89769.0210,307,7169,20451.9840,0
1753481220000,2.8490,2.8530,2.8470,2.85,22802,1753481279999,64997.2580,303,12542,35750.9700,0
1753481280000,2.8500,2.8550,2.8470,2.854,54622,1753481339999,155667.8300,341,37266,106208.5000,0
1753481340000,2.8550,2.8600,2.8540,2.859,52848,1753481399999,150976.2110,298,28367,81055.1250,0
1753481400000,2.8580,2.8590,2.8520,2.856,24794,1753481459999,70822.4400,261,7006,20004.3710,0
1753481460000,2.8560,2.8570,2.8530,2.854,31906,1753481519999,91101.0680,168,17670,50464.4260,0
1753481520000,2.8540,2.8560,2.8520,2.852,8513,1753481579999,24300.5760,136,2566,7325.0540,0
1753481580000,2.8520,2.8560,2.8520,2.855,16706,1753481639999,47700.9300,162,9831,28073.0000,0
1753481640000,2.8540,2.8570,2.8540,2.854,62804,1753481699999,179351.5350,193,42017,119997.7590,0
1753481700000,2.8540,2.8590,2.8540,2.859,9756,1753481759999,27865.6220,201,6077,17361.4720,0
1753481760000,2.8590,2.8600,2.8510,2.855,49525,1753481819999,141397.0470,342,7754,22149.2840,0
1753481820000,2.8560,2.8560,2.8510,2.853,15758,1753481879999,44968.4710,192,4547,12978.1990,0
1753481880000,2.8540,2.8570,2.8530,2.857,12260,1753481939999,34994.8360,151,5451,15565.5040,0
1753481940000,2.8570,2.8580,2.8550,2.858,11764,1753481999999,33598.7410,98,4162,11887.8250,0
1753482000000,2.8570,2.8600,2.8560,2.859,24901,1753482059999,71171.1400,204,10896,31138.4580,0
1753482060000,2.8590,2.8590,2.8550,2.855,18677,1753482119999,53359.1730,189,9931,28373.4340,0
1753482120000,2.8550,2.8560,2.8530,2.854,13128,1753482179999,37464.2360,167,1310,3739.6630,0
1753482180000,2.8530,2.8560,2.8530,2.853,9013,1753482239999,25728.1010,108,3634,10372.0610,0
1753482240000,2.8540,2.8540,2.8490,2.853,24622,1753482299999,70220.1470,257,8576,24459.8020,0
1753482300000,2.8530,2.8560,2.8530,2.856,16393,1753482359999,46798.4040,131,12918,36880.1980,0
1753482360000,2.8560,2.8570,2.8550,2.857,7893,1753482419999,22540.6160,122,3926,11212.7500,0
1753482420000,2.8570,2.8580,2.8560,2.857,10699,1753482479999,30567.2420,113,3192,9119.7980,0
1753482480000,2.8580,2.8590,2.8570,2.858,9826,1753482539999,28083.0550,169,5778,16514.0060,0
1753482540000,2.8590,2.8590,2.8570,2.857,12464,1753482599999,35622.4940,94,839,2398.3350,0
1753482600000,2.8580,2.8580,2.8550,2.856,9055,1753482659999,25867.4420,206,840,2400.1230,0
1753482660000,2.8560,2.8560,2.8510,2.853,28254,1753482719999,80589.3810,389,18743,53456.6010,0
1753482720000,2.8540,2.8570,2.8530,2.856,11717,1753482779999,33448.9960,338,4609,13159.7330,0
1753482780000,2.8550,2.8570,2.8540,2.855,29367,1753482839999,83874.1530,271,26773,76467.9110,0
1753482840000,2.8560,2.8570,2.8540,2.857,7063,1753482899999,20167.1020,171,2652,7573.4170,0
1753482900000,2.8560,2.8570,2.8540,2.856,13480,1753482959999,38496.9360,171,3281,9370.0600,0
1753482960000,2.8570,2.8570,2.8560,2.856,39859,1753483019999,113877.0310,123,35348,100989.2360,0
1753483020000,2.8560,2.8580,2.8560,2.858,17309,1753483079999,49451.4430,150,4345,12415.9440,0
1753483080000,2.8580,2.8580,2.8540,2.856,7950,1753483139999,22701.2030,195,2917,8328.0230,0
1753483140000,2.8550,2.8570,2.8540,2.856,15616,1753483199999,44597.1020,113,5261,15027.6820,0
1753483200000,2.8560,2.8600,2.8560,2.859,17561,1753483259999,50196.3300,160,12557,35900.2940,0
1753483260000,2.8590,2.8600,2.8560,2.856,12678,1753483319999,36232.8680,236,1962,5608.7710,0
1753483320000,2.8570,2.8630,2.8570,2.863,101449,1753483379999,290154.9870,308,96406,275734.2830,0
1753483380000,2.8620,2.8640,2.8590,2.861,29692,1753483439999,84970.8690,237,15070,43126.8940,0
1753483440000,2.8610,2.8630,2.8600,2.862,10305,1753483499999,29486.5600,123,7971,22809.5230,0
1753483500000,2.8620,2.8620,2.8550,2.856,40688,1753483559999,116287.6280,803,10498,30008.4660,0
1753483560000,2.8550,2.8560,2.8490,2.852,39164,1753483619999,111648.3980,254,3604,10279.9090,0
1753483620000,2.8510,2.8540,2.8510,2.854,35005,1753483679999,99836.0910,149,17566,50100.6400,0
1753483680000,2.8540,2.8570,2.8530,2.857,8424,1753483739999,24049.2760,115,4957,14153.2550,0
1753483740000,2.8570,2.8580,2.8560,2.856,12731,1753483799999,36370.0520,89,2356,6732.2760,0
1753483800000,2.8560,2.8580,2.8550,2.856,13386,1753483859999,38236.5060,156,2705,7727.1240,0
1753483860000,2.8580,2.8600,2.8570,2.858,7710,1753483919999,22041.6410,115,4776,13654.8010,0
1753483920000,2.8570,2.8580,2.8530,2.855,41850,1753483979999,119451.6420,311,8212,23441.7770,0
1753483980000,2.8550,2.8600,2.8550,2.86,11060,1753484039999,31589.9660,92,9068,25899.6510,0
1753484040000,2.8590,2.8630,2.8590,2.863,12679,1753484099999,36278.1460,128,9110,26068.4440,0
1753484100000,2.8630,2.8650,2.8610,2.861,17493,1753484159999,50090.3890,207,12654,36238.3750,0
1753484160000,2.8610,2.8630,2.8600,2.863,15693,1753484219999,44907.4900,123,6186,17704.8980,0
1753484220000,2.8640,2.8680,2.8640,2.867,16150,1753484279999,46284.3370,180,13200,37829.1720,0
1753484280000,2.8660,2.8670,2.8650,2.867,27795,1753484339999,79669.6400,141,18208,52198.7070,0
1753484340000,2.8660,2.8670,2.8640,2.865,65962,1753484399999,189019.1050,173,18488,52972.6340,0
1753484400000,2.8660,2.8660,2.8620,2.863,28598,1753484459999,81894.6210,283,16573,47459.6860,0
1753484460000,2.8620,2.8650,2.8620,2.864,51090,1753484519999,146304.5490,196,15386,44068.1040,0
1753484520000,2.8640,2.8660,2.8640,2.865,31890,1753484579999,91360.9950,186,18964,54330.2510,0
1753484580000,2.8650,2.8650,2.8620,2.863,14902,1753484639999,42664.7170,235,3991,11426.4620,0
1753484640000,2.8630,2.8630,2.8590,2.859,11081,1753484699999,31700.1750,190,1239,3544.8390,0
1753484700000,2.8590,2.8610,2.8580,2.861,17258,1753484759999,49354.9050,135,3109,8892.1290,0
1753484760000,2.8600,2.8600,2.8550,2.856,12479,1753484819999,35649.9340,177,899,2567.7200,0
1753484820000,2.8560,2.8560,2.8480,2.848,19750,1753484879999,56315.8530,214,3625,10334.8040,0
1753484880000,2.8480,2.8500,2.8460,2.85,31589,1753484939999,89957.4000,190,7189,20476.0320,0
1753484940000,2.8500,2.8520,2.8500,2.85,16773,1753484999999,47818.5910,135,5317,15158.5550,0
1753485000000,2.8500,2.8510,2.8470,2.849,45080,1753485059999,128445.2740,263,8354,23801.6110,0
1753485060000,2.8490,2.8500,2.8480,2.849,10057,1753485119999,28652.0120,164,2480,7065.9800,0
1753485120000,2.8480,2.8530,2.8480,2.853,17353,1753485179999,49467.6460,191,11862,33816.9770,0
1753485180000,2.8530,2.8550,2.8520,2.852,13863,1753485239999,39557.2240,171,3679,10499.4650,0
1753485240000,2.8530,2.8530,2.8470,2.849,32764,1753485299999,93377.5680,272,5717,16285.5890,0
1753485300000,2.8490,2.8540,2.8480,2.854,47052,1753485359999,134141.2760,748,33389,95192.9120,0
1753485360000,2.8540,2.8570,2.8530,2.856,15030,1753485419999,42913.7390,122,12390,35376.7150,0
1753485420000,2.8570,2.8580,2.8540,2.856,14847,1753485479999,42395.9340,142,3173,9061.8520,0
1753485480000,2.8560,2.8560,2.8530,2.854,7079,1753485539999,20209.0180,136,3753,10715.0880,0
1753485540000,2.8530,2.8550,2.8530,2.853,6323,1753485599999,18049.2420,99,2872,8198.4310,0
1753485600000,2.8530,2.8550,2.8510,2.855,7812,1753485659999,22290.3090,163,5567,15886.1080,0
1753485660000,2.8550,2.8570,2.8550,2.857,16566,1753485719999,47310.0990,93,13134,37511.0000,0
1753485720000,2.8560,2.8590,2.8560,2.859,11296,1753485779999,32282.4230,106,10664,30476.8650,0
1753485780000,2.8590,2.8610,2.8590,2.859,14086,1753485839999,40284.2240,102,4977,14234.6050,0
1753485840000,2.8580,2.8590,2.8570,2.858,5741,1753485899999,16407.7050,79,3514,10043.0630,0
1753485900000,2.8580,2.8590,2.8550,2.857,11578,1753485959999,33073.9980,173,1167,3332.9960,0
1753485960000,2.8560,2.8560,2.8540,2.855,33286,1753486019999,95028.9830,161,19417,55436.2360,0
1753486020000,2.8540,2.8560,2.8530,2.854,26765,1753486079999,76404.7660,127,1639,4680.0350,0
1753486080000,2.8540,2.8540,2.8520,2.853,12062,1753486139999,34405.8720,126,1171,3340.9020,0
1753486140000,2.8530,2.8570,2.8530,2.857,21121,1753486199999,60274.5360,119,17122,48861.7250,0
1753486200000,2.8560,2.8590,2.8550,2.856,15637,1753486259999,44680.6920,137,1367,3906.2830,0
1753486260000,2.8550,2.8580,2.8530,2.853,8744,1753486319999,24971.4080,185,4314,12323.3040,0
1753486320000,2.8530,2.8530,2.8510,2.852,23459,1753486379999,66901.4170,133,6305,17981.8750,0
1753486380000,2.8520,2.8540,2.8510,2.853,5383,1753486439999,15354.8240,83,2199,6272.5060,0
1753486440000,2.8520,2.8530,2.8510,2.851,9508,1753486499999,27116.7780,73,415,1183.6210,0
1753486500000,2.8520,2.8540,2.8520,2.853,3086,1753486559999,8803.2760,67,1733,4943.1800,0
1753486560000,2.8520,2.8540,2.8520,2.853,5986,1753486619999,17076.8470,69,2245,6405.0470,0
1753486620000,2.8530,2.8540,2.8530,2.854,9330,1753486679999,26620.6630,84,2598,7414.2670,0
1753486680000,2.8540,2.8590,2.8530,2.859,36694,1753486739999,104801.8550,175,33486,95644.0500,0
1753486740000,2.8590,2.8610,2.8580,2.858,9088,1753486799999,25983.7110,114,2128,6084.9580,0
1753486800000,2.8570,2.8590,2.8570,2.858,18091,1753486859999,51696.3410,83,10325,29508.7810,0
1753486860000,2.8580,2.8590,2.8560,2.857,13370,1753486919999,38204.6770,189,3589,10255.7440,0
1753486920000,2.8570,2.8570,2.8500,2.85,60867,1753486979999,173680.9690,345,3928,11203.5140,0
1753486980000,2.8500,2.8510,2.8490,2.851,15031,1753487039999,42829.6530,133,2447,6975.5160,0
1753487040000,2.8500,2.8510,2.8470,2.847,14688,1753487099999,41850.2680,152,2615,7452.4490,0
1753487100000,2.8470,2.8520,2.8470,2.85,21251,1753487159999,60560.6350,157,4077,11615.2460,0
1753487160000,2.8500,2.8500,2.8480,2.848,17919,1753487219999,51048.6650,97,700,1994.5050,0
1753487220000,2.8480,2.8500,2.8480,2.85,4137,1753487279999,11788.2890,64,3969,11309.5890,0
1753487280000,2.8500,2.8530,2.8500,2.852,11785,1753487339999,33600.1340,55,7235,20632.2860,0
1753487340000,2.8530,2.8560,2.8520,2.856,34398,1753487399999,98181.7960,168,25457,72673.3020,0
1753487400000,2.8550,2.8560,2.8530,2.854,19979,1753487459999,57037.3560,161,11918,34026.1140,0
1753487460000,2.8550,2.8550,2.8520,2.853,10900,1753487519999,31100.3020,121,1428,4075.6030,0
1753487520000,2.8530,2.8530,2.8500,2.852,6738,1753487579999,19215.6780,105,3551,10129.8080,0
1753487580000,2.8530,2.8530,2.8520,2.853,2359,1753487639999,6728.0340,39,166,473.5980,0
1753487640000,2.8530,2.8540,2.8520,2.853,12357,1753487699999,35253.7010,74,8801,25111.0930,0
1753487700000,2.8530,2.8570,2.8530,2.854,17925,1753487759999,51184.8620,107,6634,18939.5740,0
1753487760000,2.8540,2.8540,2.8530,2.853,2039,1753487819999,5819.2450,36,1260,3596.0400,0
1753487820000,2.8540,2.8550,2.8530,2.853,8442,1753487879999,24093.1310,64,7884,22500.9560,0
1753487880000,2.8540,2.8550,2.8530,2.853,12589,1753487939999,35925.2790,80,6283,17931.0140,0
1753487940000,2.8530,2.8540,2.8530,2.853,6187,1753487999999,17654.4610,45,2950,8419.3000,0
1753488000000,2.8530,2.8560,2.8530,2.855,133897,1753488059999,382302.7890,346,116738,333319.8920,0
1753488060000,2.8550,2.8550,2.8500,2.85,89568,1753488119999,255501.9690,581,21226,60564.1380,0
1753488120000,2.8500,2.8510,2.8480,2.848,43647,1753488179999,124353.7500,342,18940,53965.1520,0
1753488180000,2.8490,2.8510,2.8470,2.849,33065,1753488239999,94193.9240,209,7371,21000.7610,0
1753488240000,2.8490,2.8540,2.8490,2.854,24688,1753488299999,70396.5430,144,16921,48246.2550,0
1753488300000,2.8530,2.8550,2.8510,2.851,38153,1753488359999,108864.2380,247,9248,26392.4230,0
1753488360000,2.8510,2.8540,2.8490,2.849,25115,1753488419999,71629.2950,168,16240,46325.7090,0
1753488420000,2.8490,2.8510,2.8470,2.849,13677,1753488479999,38961.1550,164,7835,22321.2920,0
1753488480000,2.8480,2.8490,2.8450,2.846,32001,1753488539999,91096.5380,177,7697,21913.6800,0
1753488540000,2.8460,2.8470,2.8450,2.846,17200,1753488599999,48952.3330,124,2759,7854.7390,0
1753488600000,2.8460,2.8480,2.8440,2.845,15716,1753488659999,44722.4370,192,3672,10453.4450,0
1753488660000,2.8440,2.8490,2.8420,2.848,41552,1753488719999,118160.8600,331,26340,74912.1640,0
1753488720000,2.8490,2.8500,2.8470,2.849,23025,1753488779999,65586.2840,135,14885,42404.1080,0
1753488780000,2.8490,2.8500,2.8470,2.85,17838,1753488839999,50816.4520,301,4512,12855.2910,0
1753488840000,2.8500,2.8520,2.8480,2.852,23874,1753488899999,68059.7860,191,20048,57157.5950,0
1753488900000,2.8520,2.8550,2.8520,2.852,30476,1753488959999,86951.9740,160,13856,39538.6920,0
1753488960000,2.8520,2.8530,2.8500,2.852,15795,1753489019999,45035.0010,155,5451,15542.6950,0
1753489020000,2.8530,2.8530,2.8490,2.849,6437,1753489079999,18349.5650,130,236,672.8700,0
1753489080000,2.8500,2.8510,2.8490,2.85,45025,1753489139999,128314.0870,164,32755,93350.6610,0
1753489140000,2.8490,2.8580,2.8490,2.858,35947,1753489199999,102582.9550,200,32517,92794.9850,0
1753489200000,2.8580,2.8610,2.8570,2.86,24695,1753489259999,70597.7780,160,15950,45603.7190,0
1753489260000,2.8600,2.8640,2.8600,2.864,38612,1753489319999,110498.9530,202,14328,41007.2440,0
1753489320000,2.8640,2.8640,2.8590,2.86,22317,1753489379999,63837.7610,213,9109,26053.9320,0
1753489380000,2.8600,2.8630,2.8600,2.863,14695,1753489439999,42043.0240,110,2579,7379.8690,0
1753489440000,2.8620,2.8660,2.8620,2.866,19748,1753489499999,56570.2750,153,16232,46500.1470,0
1753489500000,2.8660,2.8660,2.8620,2.865,8531,1753489559999,24433.5810,189,4401,12607.0160,0
1753489560000,2.8660,2.8690,2.8660,2.869,37414,1753489619999,107275.4390,167,36609,104966.8350,0
1753489620000,2.8690,2.8700,2.8650,2.865,116141,1753489679999,333054.3780,1008,35840,102793.5990,0
1753489680000,2.8660,2.8670,2.8640,2.865,34481,1753489739999,98798.8520,160,5547,15895.6670,0
1753489740000,2.8650,2.8690,2.8640,2.868,10069,1753489799999,28868.4180,104,8276,23726.8890,0
1753489800000,2.8680,2.8680,2.8600,2.864,46059,1753489859999,131880.7740,325,6219,17810.4450,0
1753489860000,2.8650,2.8650,2.8620,2.864,14389,1753489919999,41207.4780,193,7922,22687.0930,0
1753489920000,2.8630,2.8660,2.8620,2.862,20667,1753489979999,59195.2230,123,14249,40813.1450,0
1753489980000,2.8630,2.8680,2.8620,2.867,22058,1753490039999,63187.0590,138,20573,58932.6380,0
1753490040000,2.8670,2.8710,2.8670,2.871,29627,1753490099999,85010.0190,171,27186,78007.2550,0
1753490100000,2.8710,2.8740,2.8690,2.873,21175,1753490159999,60799.0240,224,14789,42474.4000,0
1753490160000,2.8730,2.8750,2.8730,2.873,18133,1753490219999,52120.8440,189,13920,40014.5040,0
1753490220000,2.8730,2.8740,2.8700,2.872,37701,1753490279999,108234.9860,292,19589,56243.7530,0
1753490280000,2.8720,2.8720,2.8670,2.867,16327,1753490339999,46847.5690,143,4883,14017.1690,0
1753490340000,2.8670,2.8690,2.8670,2.868,15585,1753490399999,44693.0750,127,4128,11840.1240,0
1753490400000,2.8680,2.8720,2.8680,2.872,8184,1753490459999,23483.5780,175,5331,15297.3910,0
1753490460000,2.8710,2.8710,2.8650,2.866,7916,1753490519999,22712.4950,237,984,2823.1670,0
1753490520000,2.8650,2.8660,2.8630,2.866,33427,1753490579999,95774.1820,305,13728,39332.6600,0
1753490580000,2.8660,2.8700,2.8660,2.87,27387,1753490639999,78553.7430,177,26400,75722.2370,0
1753490640000,2.8690,2.8700,2.8680,2.868,10381,1753490699999,29790.9170,116,4811,13807.4350,0
1753490700000,2.8690,2.8730,2.8680,2.869,120939,1753490759999,347163.0660,299,88095,252871.5520,0
1753490760000,2.8690,2.8730,2.8650,2.871,162809,1753490819999,467181.8460,528,135263,388161.0630,0
1753490820000,2.8700,2.8720,2.8690,2.871,24565,1753490879999,70519.3730,160,13196,37881.5620,0
1753490880000,2.8710,2.8760,2.8710,2.872,62730,1753490939999,180276.5530,279,38613,110967.7980,0
1753490940000,2.8720,2.8720,2.8690,2.87,31284,1753490999999,89796.9200,143,5011,14383.0820,0
1753491000000,2.8700,2.8740,2.8700,2.873,39698,1753491059999,114020.2910,222,35960,103284.0070,0
1753491060000,2.8720,2.8740,2.8710,2.874,8818,1753491119999,25333.4880,175,5125,14723.8870,0
1753491120000,2.8740,2.8790,2.8720,2.875,53589,1753491179999,154083.2590,358,22521,64785.9530,0
1753491180000,2.8750,2.8760,2.8720,2.872,12440,1753491239999,35756.2740,234,6762,19437.3010,0
1753491240000,2.8720,2.8750,2.8710,2.875,11615,1753491299999,33364.5100,205,9938,28549.1580,0
1753491300000,2.8750,2.8750,2.8730,2.875,10681,1753491359999,30700.6720,149,4765,13698.0740,0
1753491360000,2.8750,2.8790,2.8740,2.879,14178,1753491419999,40774.4380,180,10193,29315.9200,0
1753491420000,2.8790,2.8810,2.8770,2.881,31612,1753491479999,91044.4640,232,26242,75588.6410,0
1753491480000,2.8800,2.8820,2.8790,2.88,42684,1753491539999,122939.8370,264,15928,45888.8220,0
1753491540000,2.8790,2.8800,2.8780,2.879,15335,1753491599999,44149.6080,95,4560,13128.4190,0
1753491600000,2.8790,2.8800,2.8730,2.874,32398,1753491659999,93196.7420,359,5017,14441.2680,0
1753491660000,2.8730,2.8730,2.8630,2.864,24632,1753491719999,70643.6800,313,5393,15469.9170,0
1753491720000,2.8650,2.8680,2.8650,2.867,31657,1753491779999,90746.5840,247,19395,55599.4130,0
1753491780000,2.8680,2.8740,2.8680,2.872,26477,1753491839999,76010.8090,202,20688,59383.0310,0
1753491840000,2.8720,2.8730,2.8700,2.871,9515,1753491899999,27320.8890,137,3235,9290.3480,0
1753491900000,2.8710,2.8740,2.8670,2.867,107295,1753491959999,308060.0390,417,39501,113453.1480,0
1753491960000,2.8680,2.8710,2.8670,2.871,16329,1753492019999,46840.5270,211,13407,38459.7980,0
1753492020000,2.8710,2.8750,2.8700,2.874,44253,1753492079999,127090.1580,284,32399,93031.3210,0
1753492080000,2.8740,2.8800,2.8730,2.878,26795,1753492139999,77086.7120,195,18316,52681.3660,0
1753492140000,2.8780,2.8780,2.8740,2.875,18062,1753492199999,51935.5220,232,3306,9504.8340,0
1753492200000,2.8750,2.8780,2.8740,2.876,18059,1753492259999,51948.4250,197,5780,16624.9110,0
1753492260000,2.8770,2.8790,2.8760,2.876,10783,1753492319999,31023.8500,248,7483,21529.8610,0
1753492320000,2.8760,2.8790,2.8760,2.878,6269,1753492379999,18036.6330,134,5592,16089.1830,0
1753492380000,2.8790,2.8820,2.8780,2.882,57259,1753492439999,164898.4080,226,53516,154119.0030,0
1753492440000,2.8820,2.8820,2.8810,2.882,15336,1753492499999,44193.1780,101,10162,29286.8840,0
1753492500000,2.8820,2.8870,2.8810,2.885,60369,1753492559999,174075.7570,334,47343,136494.2130,0
1753492560000,2.8850,2.8870,2.8830,2.887,65904,1753492619999,190123.2680,383,33289,96041.7410,0
1753492620000,2.8860,2.8880,2.8850,2.886,19266,1753492679999,55606.8160,189,9316,26890.4310,0
1753492680000,2.8860,2.8870,2.8850,2.885,14586,1753492739999,42099.4340,121,10726,30958.2870,0
1753492740000,2.8860,2.8870,2.8850,2.886,7953,1753492799999,22951.8700,100,5696,16439.3100,0
1753492800000,2.8860,2.8870,2.8840,2.887,23997,1753492859999,69243.2350,180,10877,31390.2390,0
1753492860000,2.8870,2.8880,2.8850,2.885,44538,1753492919999,128549.1180,190,13264,38282.6830,0
1753492920000,2.8850,2.8880,2.8840,2.886,33018,1753492979999,95265.4010,277,25398,73282.3630,0
1753492980000,2.8860,2.8890,2.8850,2.889,20963,1753493039999,60525.2780,166,15136,43703.4280,0
1753493040000,2.8890,2.8920,2.8890,2.891,66584,1753493099999,192486.0420,351,52775,152568.2010,0
1753493100000,2.8910,2.8940,2.8890,2.891,49245,1753493159999,142418.0620,264,33291,96282.8270,0
1753493160000,2.8900,2.8960,2.8900,2.896,50725,1753493219999,146731.7500,241,44792,129580.1630,0
1753493220000,2.8950,2.8980,2.8910,2.893,84226,1753493279999,243810.6980,468,34948,101165.8130,0
1753493280000,2.8930,2.8960,2.8920,2.895,20221,1753493339999,58536.0180,193,18089,52365.2940,0
1753493340000,2.8960,2.8970,2.8940,2.895,53862,1753493399999,155942.9590,219,29682,85934.9770,0
1753493400000,2.8950,2.8980,2.8950,2.897,57924,1753493459999,167767.1240,703,40434,117108.3750,0
1753493460000,2.8970,2.9030,2.8960,2.902,60506,1753493519999,175435.7870,499,38762,112421.6380,0
1753493520000,2.9020,2.9050,2.9010,2.905,104761,1753493579999,304144.3660,410,80054,232418.7890,0
1753493580000,2.9050,2.9050,2.9000,2.901,56798,1753493639999,164883.1710,283,20080,58302.1150,0
1753493640000,2.9010,2.9050,2.9000,2.904,39361,1753493699999,114262.3040,257,29033,84277.5900,0
1753493700000,2.9030,2.9070,2.9010,2.906,34032,1753493759999,98815.2060,250,23159,67259.6420,0
1753493760000,2.9050,2.9070,2.9050,2.906,24603,1753493819999,71499.7350,215,18448,53615.2090,0
1753493820000,2.9060,2.9070,2.9040,2.905,16120,1753493879999,46839.0620,155,6951,20201.4440,0
1753493880000,2.9050,2.9050,2.8990,2.9,34757,1753493939999,100891.5460,285,5286,15349.5030,0
1753493940000,2.9000,2.9000,2.8900,2.891,59261,1753493999999,171489.5010,505,14195,41049.2760,0
1753494000000,2.8910,2.8940,2.8900,2.893,31201,1753494059999,90235.1740,194,10790,31211.0360,0
1753494060000,2.8930,2.8940,2.8870,2.894,30258,1753494119999,87417.8520,283,13959,40325.7330,0
1753494120000,2.8940,2.8950,2.8880,2.888,23193,1753494179999,67071.4390,156,3122,9035.9640,0
1753494180000,2.8880,2.8900,2.8870,2.888,14165,1753494239999,40921.3590,111,9318,26920.2170,0
1753494240000,2.8880,2.8900,2.8840,2.885,48859,1753494299999,141093.4490,213,22919,66211.0000,0
1753494300000,2.8840,2.8880,2.8820,2.887,23172,1753494359999,66825.4290,195,6343,18299.2190,0
1753494360000,2.8870,2.8910,2.8870,2.89,18610,1753494419999,53772.6250,130,7358,21253.2110,0
1753494420000,2.8900,2.8930,2.8880,2.892,15904,1753494479999,45971.4290,144,8487,24535.6080,0
1753494480000,2.8930,2.8940,2.8880,2.888,20806,1753494539999,60170.1810,157,5991,17333.9600,0
1753494540000,2.8890,2.8910,2.8880,2.89,11743,1753494599999,33933.8310,124,4180,12077.7130,0
1753494600000,2.8900,2.8920,2.8870,2.89,33164,1753494659999,95823.5340,188,14467,41813.4590,0
1753494660000,2.8900,2.8900,2.8880,2.89,8125,1753494719999,23471.8370,115,2995,8651.6700,0
1753494720000,2.8900,2.8920,2.8890,2.889,16869,1753494779999,48764.1200,132,11683,33774.4220,0
1753494780000,2.8900,2.8900,2.8860,2.889,28787,1753494839999,83126.2700,230,7217,20840.2890,0
1753494840000,2.8890,2.8890,2.8840,2.885,15542,1753494899999,44847.3870,156,5196,14993.9810,0
1753494900000,2.8850,2.8850,2.8810,2.882,44114,1753494959999,127200.3580,214,4662,13443.9890,0
1753494960000,2.8830,2.8830,2.8780,2.88,61097,1753495019999,175986.0390,299,8436,24293.1260,0
1753495020000,2.8800,2.8820,2.8790,2.88,17128,1753495079999,49332.5430,162,6741,19416.2280,0
1753495080000,2.8800,2.8820,2.8790,2.882,37056,1753495139999,106724.8540,140,11630,33497.4190,0
1753495140000,2.8820,2.8820,2.8750,2.875,17598,1753495199999,50650.3570,179,1532,4410.6030,0
1753495200000,2.8760,2.8790,2.8730,2.876,206896,1753495259999,594857.7690,654,26023,74838.9940,0
1753495260000,2.8750,2.8810,2.8740,2.879,44103,1753495319999,126960.1290,277,30253,87108.3510,0
1753495320000,2.8790,2.8830,2.8770,2.882,21017,1753495379999,60527.5760,193,13090,37706.9090,0
1753495380000,2.8830,2.8830,2.8800,2.881,4872,1753495439999,14036.2640,77,807,2324.9800,0
1753495440000,2.8820,2.8850,2.8800,2.885,10747,1753495499999,30972.4260,135,4545,13100.9360,0
1753495500000,2.8840,2.8850,2.8810,2.882,40326,1753495559999,116252.9390,201,25077,72289.1050,0
1753495560000,2.8810,2.8840,2.8810,2.882,14052,1753495619999,40502.5650,130,7905,22786.4430,0
1753495620000,2.8820,2.8820,2.8750,2.876,36244,1753495679999,104349.6790,251,3154,9072.1600,0
1753495680000,2.8750,2.8760,2.8720,2.873,28120,1753495739999,80821.4420,225,9939,28561.6870,0
1753495740000,2.8740,2.8740,2.8690,2.87,24869,1753495799999,71405.4150,222,3740,10740.1280,0
1753495800000,2.8690,2.8710,2.8670,2.87,18953,1753495859999,54369.7740,224,2890,8293.1850,0
1753495860000,2.8690,2.8700,2.8680,2.869,5251,1753495919999,15062.9120,102,857,2458.9400,0
1753495920000,2.8700,2.8740,2.8690,2.872,38816,1753495979999,111491.1270,239,5948,17084.2290,0
1753495980000,2.8710,2.8750,2.8710,2.874,12445,1753496039999,35755.8240,169,9934,28541.1390,0
1753496040000,2.8740,2.8760,2.8740,2.876,5714,1753496099999,16427.1150,90,3322,9551.3230,0
1753496100000,2.8760,2.8820,2.8760,2.88,17835,1753496159999,51364.7930,196,8773,25263.0070,0
1753496160000,2.8790,2.8830,2.8790,2.879,16954,1753496219999,48837.2180,171,3712,10693.4230,0
1753496220000,2.8800,2.8810,2.8780,2.881,40528,1753496279999,116686.0010,247,23787,68493.2900,0
1753496280000,2.8810,2.8850,2.8810,2.884,26998,1753496339999,77822.5870,181,15465,44577.3880,0
1753496340000,2.8840,2.8850,2.8820,2.882,10517,1753496399999,30324.1430,81,1368,3945.9510,0
1753496400000,2.8820,2.8860,2.8820,2.884,13114,1753496459999,37811.1450,214,5819,16780.4440,0
1753496460000,2.8850,2.8870,2.8850,2.885,12167,1753496519999,35114.0420,145,9891,28547.7300,0
1753496520000,2.8850,2.8950,2.8850,2.894,84183,1753496579999,243381.1380,446,65867,190427.1470,0
1753496580000,2.8940,2.8940,2.8900,2.891,19960,1753496639999,57725.7700,220,9396,27174.4240,0
1753496640000,2.8910,2.8910,2.8860,2.89,26817,1753496699999,77456.6170,243,13404,38710.6970,0
1753496700000,2.8900,2.8920,2.8890,2.892,15687,1753496759999,45349.4050,205,9380,27118.3210,0
1753496760000,2.8920,2.8940,2.8910,2.893,14256,1753496819999,41235.1670,167,10190,29475.0890,0
1753496820000,2.8920,2.8930,2.8900,2.893,8241,1753496879999,23829.2910,159,4745,13721.8420,0
1753496880000,2.8930,2.8950,2.8920,2.893,30139,1753496939999,87204.8150,236,27433,79375.4330,0
1753496940000,2.8930,2.8930,2.8900,2.891,26733,1753496999999,77306.0030,209,5224,15105.7550,0
1753497000000,2.8910,2.8930,2.8890,2.892,16103,1753497059999,46545.2810,198,8759,25320.6220,0
1753497060000,2.8920,2.8950,2.8910,2.893,21165,1753497119999,61227.0020,208,10207,29529.3670,0
1753497120000,2.8940,2.8940,2.8920,2.894,21240,1753497179999,61456.5200,152,13757,39807.3070,0
1753497180000,2.8940,2.9000,2.8940,2.9,11734,1753497239999,33996.8380,197,7380,21383.5040,0
1753497240000,2.9000,2.9010,2.8980,2.899,23006,1753497299999,66718.3450,215,17477,50687.4630,0
1753497300000,2.8990,2.9000,2.8880,2.888,66859,1753497359999,193550.9470,435,17200,49810.6670,0
1753497360000,2.8880,2.8910,2.8840,2.885,69786,1753497419999,201523.8370,375,37235,107544.0660,0
1753497420000,2.8850,2.8880,2.8840,2.887,33160,1753497479999,95713.8030,260,16477,47566.0410,0
1753497480000,2.8870,2.8880,2.8810,2.882,24924,1753497539999,71886.6370,205,7838,22621.1830,0
1753497540000,2.8810,2.8820,2.8780,2.88,77258,1753497599999,222459.1600,367,28018,80691.4440,0
1753497600000,2.8800,2.8810,2.8790,2.88,7263,1753497659999,20918.1640,81,5016,14446.8430,0
1753497660000,2.8800,2.8840,2.8800,2.884,16118,1753497719999,46454.8320,241,13200,38042.2520,0
1753497720000,2.8830,2.8880,2.8830,2.885,32979,1753497779999,95201.0460,207,22329,64463.8220,0
1753497780000,2.8850,2.8860,2.8830,2.883,6392,1753497839999,18438.2060,139,1630,4701.1210,0
1753497840000,2.8830,2.8830,2.8780,2.879,11855,1753497899999,34149.9320,159,4201,12098.3300,0
1753497900000,2.8790,2.8800,2.8780,2.88,22374,1753497959999,64422.1540,124,2546,7331.7290,0
1753497960000,2.8800,2.8810,2.8770,2.878,38600,1753498019999,111148.2320,236,4057,11682.6070,0
1753498020000,2.8790,2.8800,2.8770,2.879,17977,1753498079999,51740.3350,120,11754,33834.2750,0
1753498080000,2.8790,2.8800,2.8770,2.877,5521,1753498139999,15894.3890,74,2734,7871.1700,0
1753498140000,2.8770,2.8780,2.8750,2.876,27368,1753498199999,78730.6760,187,16745,48175.3290,0
1753498200000,2.8770,2.8790,2.8770,2.879,24793,1753498259999,71341.2660,123,10606,30523.7140,0
1753498260000,2.8780,2.8790,2.8760,2.878,12664,1753498319999,36443.0990,147,7581,21817.5550,0
1753498320000,2.8790,2.8800,2.8760,2.88,28536,1753498379999,82132.1750,221,18682,53770.0060,0
1753498380000,2.8800,2.8820,2.8770,2.881,48685,1753498439999,140189.9120,244,18454,53147.0720,0
1753498440000,2.8810,2.8810,2.8780,2.881,10809,1753498499999,31125.3110,150,5072,14606.3570,0
1753498500000,2.8810,2.8820,2.8780,2.879,19623,1753498559999,56505.8120,171,9473,27273.6030,0
1753498560000,2.8790,2.8820,2.8790,2.881,43834,1753498619999,126261.0280,195,27164,78254.4940,0
1753498620000,2.8810,2.8820,2.8790,2.879,6832,1753498679999,19677.4960,110,4207,12117.8560,0
1753498680000,2.8800,2.8810,2.8800,2.88,8045,1753498739999,23172.9140,54,6336,18250.9940,0
1753498740000,2.8810,2.8810,2.8790,2.879,2904,1753498799999,8363.8550,67,1530,4407.1800,0
1753498800000,2.8790,2.8810,2.8780,2.88,18457,1753498859999,53147.7460,224,6975,20087.8860,0
1753498860000,2.8800,2.8820,2.8790,2.881,10541,1753498919999,30361.5890,153,8318,23958.9160,0
1753498920000,2.8810,2.8830,2.8800,2.882,12534,1753498979999,36122.1870,127,9033,26033.0860,0
1753498980000,2.8830,2.8850,2.8830,2.884,10248,1753499039999,29556.4200,137,7733,22303.4380,0
1753499040000,2.8850,2.8850,2.8780,2.88,29399,1753499099999,84693.3330,229,9058,26086.6800,0
1753499100000,2.8800,2.8800,2.8770,2.88,14213,1753499159999,40910.7290,120,1643,4730.6040,0
1753499160000,2.8790,2.8790,2.8710,2.873,47423,1753499219999,136301.2550,307,11097,31882.3050,0
1753499220000,2.8740,2.8750,2.8710,2.873,50393,1753499279999,144757.5610,180,8325,23921.4480,0
1753499280000,2.8730,2.8730,2.8690,2.871,38430,1753499339999,110340.6610,211,6060,17404.9600,0
1753499340000,2.8710,2.8730,2.8700,2.871,8604,1753499399999,24705.4450,116,3312,9510.4250,0
1753499400000,2.8710,2.8720,2.8700,2.871,6860,1753499459999,19694.4240,133,2480,7120.0970,0
1753499460000,2.8700,2.8720,2.8670,2.868,34266,1753499519999,98323.5640,289,17121,49127.0630,0
1753499520000,2.8690,2.8700,2.8670,2.867,14960,1753499579999,42916.8150,162,3410,9783.3020,0
1753499580000,2.8670,2.8690,2.8650,2.869,11770,1753499639999,33742.8890,175,5251,15054.7410,0
1753499640000,2.8690,2.8700,2.8680,2.869,10725,1753499699999,30768.5180,75,3109,8919.7410,0
1753499700000,2.8690,2.8710,2.8670,2.868,54093,1753499759999,155180.1760,241,30264,86821.8410,0
1753499760000,2.8680,2.8690,2.8670,2.868,13308,1753499819999,38165.5860,124,3704,10623.3310,0
1753499820000,2.8680,2.8710,2.8680,2.87,15310,1753499879999,43932.6240,136,6909,19824.7230,0
1753499880000,2.8700,2.8720,2.8700,2.871,14063,1753499939999,40379.0510,91,5104,14655.6320,0
1753499940000,2.8710,2.8710,2.8680,2.869,12765,1753499999999,36627.3100,179,6521,18709.7540,0
1753500000000,2.8690,2.8710,2.8680,2.868,11670,1753500059999,33486.7250,122,4296,12328.7970,0
1753500060000,2.8680,2.8700,2.8670,2.867,7205,1753500119999,20663.6550,126,4075,11689.1010,0
1753500120000,2.8670,2.8680,2.8660,2.868,16957,1753500179999,48611.0010,169,2751,7887.8610,0
1753500180000,2.8680,2.8690,2.8670,2.869,9312,1753500239999,26707.4660,85,3586,10286.5460,0
1753500240000,2.8680,2.8690,2.8660,2.866,6042,1753500299999,17326.0090,85,1888,5413.0730,0
1753500300000,2.8670,2.8670,2.8620,2.862,26657,1753500359999,76369.0740,237,110,315.1670,0
1753500360000,2.8630,2.8640,2.8620,2.863,17141,1753500419999,49074.4160,232,6147,17598.9960,0
1753500420000,2.8620,2.8630,2.8570,2.857,31180,1753500479999,89147.4170,318,2939,8404.3350,0
1753500480000,2.8570,2.8580,2.8560,2.857,22076,1753500539999,63071.7470,178,4860,13887.4230,0
1753500540000,2.8560,2.8570,2.8560,2.856,8164,1753500599999,23321.7010,135,5317,15190.6690,0
1753500600000,2.8570,2.8620,2.8570,2.862,22177,1753500659999,63406.3780,334,17250,49321.2780,0
1753500660000,2.8610,2.8650,2.8610,2.863,24821,1753500719999,71063.2960,202,13576,38866.0270,0
1753500720000,2.8620,2.8650,2.8620,2.865,8384,1753500779999,24005.6180,142,6956,19917.3330,0
1753500780000,2.8650,2.8650,2.8580,2.858,11898,1753500839999,34046.4600,214,2357,6744.6610,0
1753500840000,2.8580,2.8610,2.8580,2.861,13425,1753500899999,38383.9710,197,6571,18788.0100,0
1753500900000,2.8610,2.8610,2.8570,2.858,14677,1753500959999,41971.2850,138,4949,14151.1370,0
1753500960000,2.8580,2.8630,2.8580,2.863,14217,1753501019999,40668.5900,204,10003,28613.4980,0
1753501020000,2.8630,2.8630,2.8600,2.86,5173,1753501079999,14802.6150,81,1769,5062.8310,0
1753501080000,2.8600,2.8640,2.8600,2.863,10205,1753501139999,29203.5060,142,9451,27046.6210,0
1753501140000,2.8640,2.8640,2.8590,2.859,8426,1753501199999,24112.0040,117,2265,6484.7500,0
1753501200000,2.8590,2.8630,2.8580,2.861,11078,1753501259999,31692.8630,201,8130,23261.8720,0
1753501260000,2.8620,2.8630,2.8610,2.862,9687,1753501319999,27724.0590,106,2541,7272.9560,0
1753501320000,2.8620,2.8630,2.8610,2.862,3858,1753501379999,11040.4420,87,2421,6928.6980,0
1753501380000,2.8630,2.8640,2.8610,2.861,10035,1753501439999,28729.2750,137,3062,8766.8430,0
1753501440000,2.8620,2.8620,2.8600,2.862,7356,1753501499999,21049.9760,115,5704,16323.6450,0
1753501500000,2.8620,2.8640,2.8610,2.861,21906,1753501559999,62716.4990,131,20203,57841.4140,0
1753501560000,2.8620,2.8660,2.8610,2.865,14934,1753501619999,42768.8600,143,14269,40864.2460,0
1753501620000,2.8650,2.8670,2.8640,2.867,10076,1753501679999,28876.3160,124,7203,20645.0040,0
1753501680000,2.8670,2.8680,2.8660,2.866,19851,1753501739999,56912.7010,100,8306,23813.4480,0
1753501740000,2.8650,2.8670,2.8640,2.867,6858,1753501799999,19651.1100,131,6347,18186.9930,0
1753501800000,2.8670,2.8690,2.8660,2.869,7094,1753501859999,20340.6350,181,6079,17430.6220,0
1753501860000,2.8690,2.8730,2.8690,2.872,11732,1753501919999,33682.6630,155,10645,30561.7760,0
1753501920000,2.8720,2.8720,2.8680,2.871,23942,1753501979999,68715.1250,163,12846,36865.7230,0
1753501980000,2.8700,2.8710,2.8660,2.867,6614,1753502039999,18974.9580,65,239,685.4700,0
1753502040000,2.8670,2.8690,2.8660,2.868,7962,1753502099999,22829.5610,110,7633,21886.1170,0
1753502100000,2.8670,2.8710,2.8670,2.868,22748,1753502159999,65282.3330,187,18770,53869.1280,0
1753502160000,2.8680,2.8700,2.8680,2.87,7470,1753502219999,21429.9700,84,5055,14502.5070,0
1753502220000,2.8700,2.8710,2.8680,2.869,6156,1753502279999,17662.2350,88,1928,5533.4530,0
1753502280000,2.8690,2.8700,2.8660,2.87,21835,1753502339999,62605.3960,165,8001,22938.8820,0
1753502340000,2.8690,2.8700,2.8660,2.866,3909,1753502399999,11213.0660,47,147,421.4940,0
1753502400000,2.8660,2.8710,2.8650,2.871,31451,1753502459999,90220.4500,282,20869,59863.4820,0
1753502460000,2.8710,2.8710,2.8690,2.871,11208,1753502519999,32167.7300,129,4599,13199.9940,0
1753502520000,2.8710,2.8720,2.8690,2.871,18231,1753502579999,52327.3500,124,10865,31187.7270,0
1753502580000,2.8710,2.8720,2.8700,2.87,15168,1753502639999,43536.0580,130,1815,5210.6200,0
1753502640000,2.8710,2.8710,2.8680,2.869,18195,1753502699999,52213.8250,121,15293,43886.0180,0
1753502700000,2.8690,2.8710,2.8690,2.87,21112,1753502759999,60591.4580,120,4316,12386.9940,0
1753502760000,2.8700,2.8720,2.8690,2.871,13564,1753502819999,38937.9440,128,11482,32960.6800,0
1753502820000,2.8710,2.8710,2.8670,2.868,6305,1753502879999,18089.0700,129,611,1752.4720,0
1753502880000,2.8680,2.8740,2.8680,2.874,9210,1753502939999,26443.6670,146,8278,23767.6660,0
1753502940000,2.8740,2.8740,2.8720,2.873,15658,1753502999999,44988.5740,149,6534,18773.0600,0
1753503000000,2.8740,2.8750,2.8710,2.875,15788,1753503059999,45355.1790,158,7841,22527.5380,0
1753503060000,2.8750,2.8780,2.8740,2.876,13568,1753503119999,39024.1000,175,9537,27430.9480,0
1753503120000,2.8760,2.8780,2.8760,2.876,23571,1753503179999,67807.8930,140,12765,36723.6660,0
1753503180000,2.8760,2.8770,2.8740,2.874,10447,1753503239999,30034.8220,118,1358,3904.3180,0
1753503240000,2.8730,2.8780,2.8730,2.876,19552,1753503299999,56214.0020,156,11489,33030.6900,0
1753503300000,2.8770,2.8800,2.8750,2.875,23240,1753503359999,66881.1990,636,7976,22955.0360,0
1753503360000,2.8760,2.8760,2.8720,2.872,13714,1753503419999,39405.9280,157,2455,7055.7510,0
1753503420000,2.8730,2.8730,2.8710,2.873,18042,1753503479999,51821.7370,150,1770,5084.6710,0
1753503480000,2.8720,2.8720,2.8700,2.871,10285,1753503539999,29527.7120,81,1083,3109.4990,0
1753503540000,2.8710,2.8710,2.8660,2.867,23228,1753503599999,66616.4560,160,4852,13913.0300,0
1753503600000,2.8670,2.8700,2.8670,2.869,10260,1753503659999,29427.7260,145,6004,17220.8530,0
1753503660000,2.8700,2.8710,2.8680,2.869,9027,1753503719999,25902.7940,104,6347,18212.6220,0
1753503720000,2.8700,2.8700,2.8670,2.868,6814,1753503779999,19545.6140,84,1752,5024.8710,0
1753503780000,2.8680,2.8690,2.8660,2.866,3711,1753503839999,10641.3750,112,783,2246.0090,0
1753503840000,2.8660,2.8680,2.8640,2.866,12277,1753503899999,35176.6510,168,3341,9576.2700,0
1753503900000,2.8660,2.8660,2.8620,2.864,12048,1753503959999,34497.5060,215,2735,7833.1640,0
1753503960000,2.8640,2.8640,2.8620,2.864,13674,1753504019999,39157.5490,176,6249,17895.3830,0
1753504020000,2.8640,2.8650,2.8600,2.86,37476,1753504079999,107272.5940,195,1829,5240.0810,0
1753504080000,2.8600,2.8630,2.8600,2.863,30741,1753504139999,87978.1640,184,25648,73402.6900,0
1753504140000,2.8620,2.8640,2.8620,2.864,2136,1753504199999,6116.3690,118,2103,6021.9030,0
1753504200000,2.8630,2.8640,2.8610,2.862,21850,1753504259999,62539.9280,198,11528,32994.1120,0
1753504260000,2.8620,2.8630,2.8610,2.861,8288,1753504319999,23718.0270,111,4211,12051.8620,0
1753504320000,2.8610,2.8610,2.8600,2.861,13997,1753504379999,40037.0130,141,3518,10064.9980,0
1753504380000,2.8610,2.8620,2.8600,2.862,21489,1753504439999,61480.3030,151,8839,25293.6730,0
1753504440000,2.8620,2.8630,2.8610,2.863,12863,1753504499999,36818.4440,152,9681,27711.5750,0
1753504500000,2.8640,2.8640,2.8610,2.862,5677,1753504559999,16250.4220,161,2176,6228.4840,0
1753504560000,2.8630,2.8630,2.8610,2.863,5437,1753504619999,15562.9560,134,2873,8224.3930,0
1753504620000,2.8630,2.8640,2.8620,2.863,4066,1753504679999,11640.7780,76,1251,3581.6280,0
1753504680000,2.8620,2.8630,2.8610,2.861,6954,1753504739999,19900.2830,91,1700,4865.4310,0
1753504740000,2.8620,2.8620,2.8600,2.861,20359,1753504799999,58260.7690,225,11618,33250.7130,0
1753504800000,2.8610,2.8610,2.8580,2.859,30841,1753504859999,88186.9730,180,9517,27211.9450,0
1753504860000,2.8600,2.8620,2.8600,2.862,9668,1753504919999,27654.6250,215,9540,27288.4390,0
1753504920000,2.8610,2.8630,2.8610,2.861,9341,1753504979999,26733.1190,120,3793,10855.7320,0
1753504980000,2.8620,2.8620,2.8590,2.86,29456,1753505039999,84244.1600,214,6780,19390.8300,0
1753505040000,2.8600,2.8610,2.8600,2.861,7090,1753505099999,20277.9230,78,6814,19488.5630,0
1753505100000,2.8610,2.8610,2.8580,2.858,5515,1753505159999,15769.0340,130,787,2250.4250,0
1753505160000,2.8590,2.8600,2.8580,2.86,6094,1753505219999,17421.8250,103,4560,13037.2500,0
1753505220000,2.8590,2.8600,2.8550,2.855,35744,1753505279999,102113.1080,227,17334,49518.6760,0
1753505280000,2.8560,2.8570,2.8540,2.855,17415,1753505339999,49723.5600,173,4418,12615.6350,0
1753505340000,2.8550,2.8550,2.8540,2.855,15046,1753505399999,42944.8940,137,3436,9809.7800,0
1753505400000,2.8550,2.8550,2.8530,2.853,6418,1753505459999,18316.6600,149,554,1581.5890,0
1753505460000,2.8540,2.8550,2.8510,2.855,40757,1753505519999,116258.8870,371,21611,61652.5820,0
1753505520000,2.8550,2.8570,2.8550,2.855,15745,1753505579999,44968.3250,150,6396,18269.0090,0
1753505580000,2.8550,2.8560,2.8540,2.855,5796,1753505639999,16547.0190,83,2558,7303.0940,0
1753505640000,2.8550,2.8560,2.8530,2.855,8792,1753505699999,25095.9070,143,4014,11459.1800,0
1753505700000,2.8560,2.8560,2.8540,2.855,5554,1753505759999,15861.6240,71,2051,5857.5760,0
1753505760000,2.8560,2.8560,2.8540,2.855,4705,1753505819999,13433.8300,84,1178,3364.2750,0
1753505820000,2.8550,2.8550,2.8540,2.854,1139,1753505879999,3250.8760,40,170,485.3500,0
1753505880000,2.8540,2.8580,2.8540,2.858,4209,1753505939999,12019.8400,124,3494,9978.9200,0
1753505940000,2.8580,2.8580,2.8560,2.856,5734,1753505999999,16382.6290,82,1661,4746.5180,0
1753506000000,2.8570,2.8570,2.8550,2.857,8764,1753506059999,25030.6470,191,5152,14714.7790,0
1753506060000,2.8570,2.8570,2.8540,2.855,1919,1753506119999,5478.4240,105,277,790.8450,0
1753506120000,2.8550,2.8550,2.8520,2.852,26243,1753506179999,74895.0380,147,918,2620.6760,0
1753506180000,2.8520,2.8530,2.8510,2.851,3679,1753506239999,10492.4470,115,1823,5199.2700,0
1753506240000,2.8510,2.8530,2.8500,2.852,47515,1753506299999,135447.8730,278,12045,34344.8060,0
1753506300000,2.8520,2.8530,2.8510,2.851,11446,1753506359999,32645.2220,97,9463,26990.8390,0
1753506360000,2.8520,2.8520,2.8500,2.851,6702,1753506419999,19107.3500,116,2627,7489.6940,0
1753506420000,2.8500,2.8510,2.8480,2.849,30162,1753506479999,85930.0040,270,10612,30234.3930,0
1753506480000,2.8490,2.8490,2.8470,2.848,10426,1753506539999,29693.3230,121,6657,18959.3430,0
1753506540000,2.8480,2.8500,2.8470,2.85,5239,1753506599999,14925.1270,127,3374,9612.0030,0
1753506600000,2.8500,2.8500,2.8470,2.848,9502,1753506659999,27065.5740,159,5719,16291.9180,0
1753506660000,2.8480,2.8490,2.8470,2.849,4045,1753506719999,11519.8220,140,1927,5488.1500,0
1753506720000,2.8480,2.8490,2.8470,2.848,14983,1753506779999,42670.4650,152,1718,4893.1830,0
1753506780000,2.8470,2.8520,2.8470,2.851,27565,1753506839999,78537.9750,234,23911,68125.6670,0
1753506840000,2.8500,2.8520,2.8490,2.85,7662,1753506899999,21840.2550,75,2777,7917.2120,0
1753506900000,2.8510,2.8540,2.8490,2.853,15378,1753506959999,43853.1210,149,11869,33849.3680,0
1753506960000,2.8540,2.8560,2.8530,2.855,8363,1753507019999,23872.7320,89,4931,14075.2780,0
1753507020000,2.8550,2.8550,2.8520,2.853,5570,1753507079999,15894.0530,145,839,2393.7150,0
1753507080000,2.8530,2.8530,2.8510,2.851,14483,1753507139999,41298.2520,125,1632,4654.5080,0
1753507140000,2.8520,2.8530,2.8500,2.853,23286,1753507199999,66384.3090,107,10190,29052.4130,0
1753507200000,2.8520,2.8530,2.8510,2.851,7929,1753507259999,22616.9670,97,4863,13872.8160,0
1753507260000,2.8520,2.8540,2.8510,2.852,11617,1753507319999,33142.7380,104,3457,9863.5250,0
1753507320000,2.8510,2.8520,2.8510,2.852,5042,1753507379999,14378.4460,53,3038,8664.3760,0
1753507380000,2.8530,2.8540,2.8520,2.852,17018,1753507439999,48552.0460,72,10352,29534.2630,0
1753507440000,2.8530,2.8540,2.8510,2.853,8379,1753507499999,23899.1280,85,3766,10741.2990,0
1753507500000,2.8530,2.8550,2.8520,2.855,5428,1753507559999,15487.7020,72,1980,5650.6380,0
1753507560000,2.8550,2.8550,2.8530,2.854,5820,1753507619999,16613.3950,82,4602,13137.5650,0
1753507620000,2.8550,2.8580,2.8540,2.857,12304,1753507679999,35135.5650,104,9712,27735.4400,0
1753507680000,2.8570,2.8570,2.8550,2.855,16976,1753507739999,48484.3470,148,5224,14920.4250,0
1753507740000,2.8550,2.8580,2.8550,2.857,9300,1753507799999,26567.0350,74,3083,8806.4000,0
1753507800000,2.8580,2.8580,2.8550,2.856,11617,1753507859999,33195.0880,141,8341,23837.5710,0
1753507860000,2.8550,2.8560,2.8550,2.856,1175,1753507919999,3354.6970,44,72,205.6320,0
1753507920000,2.8560,2.8560,2.8540,2.854,7558,1753507979999,21572.2000,88,1006,2872.1470,0
1753507980000,2.8540,2.8560,2.8540,2.856,13684,1753508039999,39059.0540,87,12774,36461.8850,0
1753508040000,2.8560,2.8570,2.8550,2.857,3309,1753508099999,9449.6250,81,2156,6157.6110,0
1753508100000,2.8570,2.8590,2.8560,2.859,12396,1753508159999,35420.5180,149,8089,23115.6560,0
1753508160000,2.8590,2.8600,2.8580,2.86,11913,1753508219999,34060.2600,124,4820,13782.4930,0
1753508220000,2.8600,2.8630,2.8590,2.861,16756,1753508279999,47950.3850,172,13757,39369.5140,0
1753508280000,2.8610,2.8680,2.8610,2.867,67566,1753508339999,193654.6910,249,61404,176001.5130,0
1753508340000,2.8670,2.8670,2.8640,2.865,28973,1753508399999,83040.3700,168,14772,42336.5580,0
1753508400000,2.8650,2.8700,2.8640,2.869,77972,1753508459999,223500.9490,305,49580,142145.3980,0
1753508460000,2.8700,2.8710,2.8670,2.871,39078,1753508519999,112125.4820,214,26452,75904.4040,0
1753508520000,2.8710,2.8710,2.8650,2.865,10031,1753508579999,28761.2430,169,5068,14526.9350,0
1753508580000,2.8650,2.8660,2.8630,2.866,19676,1753508639999,56360.0390,142,11288,32331.0080,0
1753508640000,2.8660,2.8660,2.8610,2.863,13378,1753508699999,38307.2800,170,1887,5403.1110,0
1753508700000,2.8630,2.8660,2.8620,2.865,12069,1753508759999,34563.8950,320,9962,28528.6690,0
1753508760000,2.8660,2.8660,2.8620,2.863,24786,1753508819999,70977.4340,187,10674,30570.5440,0
1753508820000,2.8630,2.8640,2.8610,2.862,17119,1753508879999,48996.0610,106,11796,33760.5320,0
1753508880000,2.8630,2.8630,2.8600,2.86,7711,1753508939999,22062.2660,102,2778,7948.8220,0
1753508940000,2.8610,2.8620,2.8600,2.862,13407,1753508999999,38351.5510,94,7431,21260.1840,0
1753509000000,2.8620,2.8640,2.8610,2.863,11624,1753509059999,33279.9250,153,8380,23992.4260,0
1753509060000,2.8630,2.8630,2.8620,2.863,1578,1753509119999,4516.7430,78,595,1703.3970,0
1753509120000,2.8630,2.8640,2.8620,2.862,10329,1753509179999,29575.6960,108,8443,24176.6910,0
1753509180000,2.8630,2.8660,2.8620,2.866,5724,1753509239999,16393.2010,95,5491,15726.3490,0
1753509240000,2.8660,2.8660,2.8630,2.864,5402,1753509299999,15473.2650,139,3342,9573.1400,0
1753509300000,2.8640,2.8640,2.8610,2.862,23611,1753509359999,67569.5920,175,4397,12580.9730,0
1753509360000,2.8620,2.8620,2.8610,2.861,2163,1753509419999,6188.4520,60,264,755.4130,0
1753509420000,2.8610,2.8630,2.8600,2.862,9800,1753509479999,28044.2910,74,9436,27003.0610,0
1753509480000,2.8630,2.8640,2.8610,2.864,6624,1753509539999,18965.7450,91,5391,15436.9090,0
1753509540000,2.8640,2.8650,2.8630,2.864,10458,1753509599999,29951.7310,86,9779,28007.3920,0
1753509600000,2.8650,2.8670,2.8630,2.866,30581,1753509659999,87601.3620,208,21889,62709.7230,0
1753509660000,2.8670,2.8690,2.8650,2.866,21014,1753509719999,60254.5480,192,16617,47648.0400,0
1753509720000,2.8660,2.8660,2.8630,2.864,12714,1753509779999,36413.4980,162,408,1168.9140,0
1753509780000,2.8640,2.8660,2.8630,2.865,11698,1753509839999,33508.6320,168,9183,26306.7990,0
1753509840000,2.8650,2.8660,2.8640,2.865,4704,1753509899999,13478.7000,115,2558,7330.5590,0
1753509900000,2.8660,2.8670,2.8640,2.865,7622,1753509959999,21842.1850,113,3639,10427.4580,0
1753509960000,2.8650,2.8650,2.8630,2.864,3111,1753510019999,8909.9980,84,309,885.1870,0
1753510020000,2.8640,2.8640,2.8590,2.86,40533,1753510079999,115958.9440,235,15128,43279.5030,0
1753510080000,2.8610,2.8610,2.8570,2.858,30157,1753510139999,86189.3390,142,276,789.2050,0
1753510140000,2.8570,2.8590,2.8560,2.858,16803,1753510199999,48004.3820,138,14132,40375.5130,0
1753510200000,2.8590,2.8590,2.8570,2.859,4456,1753510259999,12734.9900,107,2730,7802.5550,0
1753510260000,2.8590,2.8590,2.8550,2.855,8554,1753510319999,24434.9590,140,487,1391.4450,0
1753510320000,2.8560,2.8570,2.8550,2.856,14844,1753510379999,42388.8380,139,4644,13263.4410,0
1753510380000,2.8560,2.8580,2.8550,2.857,11938,1753510439999,34102.9880,147,11037,31529.6560,0
1753510440000,2.8580,2.8580,2.8560,2.856,7529,1753510499999,21512.6400,79,3109,8885.4050,0
1753510500000,2.8570,2.8580,2.8550,2.856,12489,1753510559999,35669.0040,213,4356,12443.9230,0
1753510560000,2.8570,2.8600,2.8560,2.858,6185,1753510619999,17678.1670,141,3548,10139.4520,0
1753510620000,2.8590,2.8610,2.8580,2.859,11363,1753510679999,32495.3200,129,7097,20295.0030,0
1753510680000,2.8600,2.8630,2.8590,2.863,9049,1753510739999,25894.0870,124,5859,16766.0970,0
1753510740000,2.8630,2.8640,2.8600,2.861,9688,1753510799999,27727.7560,156,3245,9288.5560,0
1753510800000,2.8610,2.8610,2.8580,2.858,10581,1753510859999,30257.8970,93,145,414.7890,0
1753510860000,2.8590,2.8590,2.8550,2.858,11980,1753510919999,34224.0320,206,9160,26166.9010,0
1753510920000,2.8580,2.8580,2.8550,2.856,2376,1753510979999,6786.7450,78,185,528.5750,0
1753510980000,2.8560,2.8560,2.8520,2.853,19096,1753511039999,54493.9130,139,742,2117.2410,0
1753511040000,2.8530,2.8530,2.8470,2.851,66942,1753511099999,190731.5170,281,9713,27681.3260,0
1753511100000,2.8510,2.8530,2.8500,2.853,3627,1753511159999,10344.6190,90,1116,3183.2950,0
1753511160000,2.8530,2.8550,2.8520,2.854,14464,1753511219999,41269.2300,222,10416,29717.8810,0
1753511220000,2.8540,2.8560,2.8530,2.854,17988,1753511279999,51349.8160,142,8871,25328.7890,0
1753511280000,2.8540,2.8540,2.8520,2.852,10573,1753511339999,30169.4720,64,5488,15662.0520,0
1753511340000,2.8530,2.8540,2.8510,2.852,33667,1753511399999,96041.1280,146,25410,72487.2030,0
1753511400000,2.8520,2.8530,2.8480,2.848,21482,1753511459999,61211.7470,233,3421,9753.9310,0
1753511460000,2.8490,2.8500,2.8470,2.847,7179,1753511519999,20446.9940,106,1443,4110.1810,0
1753511520000,2.8480,2.8510,2.8470,2.85,31590,1753511579999,90021.7990,246,22864,65154.8400,0
1753511580000,2.8510,2.8510,2.8490,2.849,17587,1753511639999,50122.8850,76,199,567.3090,0
1753511640000,2.8490,2.8550,2.8490,2.853,14650,1753511699999,41799.3340,175,9035,25774.8490,0
1753511700000,2.8540,2.8540,2.8510,2.853,7060,1753511759999,20139.7870,170,1832,5225.7470,0
1753511760000,2.8540,2.8550,2.8510,2.853,34438,1753511819999,98264.7370,281,29796,85022.2520,0
1753511820000,2.8540,2.8550,2.8530,2.855,10751,1753511879999,30693.4950,103,10436,29794.4890,0
1753511880000,2.8550,2.8550,2.8510,2.852,5537,1753511939999,15795.6820,148,1482,4227.7720,0
1753511940000,2.8530,2.8530,2.8510,2.852,4095,1753511999999,11678.5290,69,730,2081.9830,0
1753512000000,2.8510,2.8520,2.8500,2.851,2287,1753512059999,6521.0500,63,1272,3627.3290,0
1753512060000,2.8520,2.8520,2.8500,2.85,6890,1753512119999,19639.1750,95,228,650.0920,0
1753512120000,2.8510,2.8530,2.8500,2.851,25905,1753512179999,73866.3860,285,12618,35979.7910,0
1753512180000,2.8510,2.8510,2.8480,2.848,6224,1753512239999,17734.8320,104,1437,4094.0790,0
1753512240000,2.8490,2.8490,2.8470,2.848,14325,1753512299999,40793.5450,81,481,1370.3650,0
1753512300000,2.8490,2.8500,2.8470,2.848,41399,1753512359999,117935.9100,239,35923,102338.7090,0
1753512360000,2.8480,2.8480,2.8450,2.846,15827,1753512419999,45055.4860,221,5496,15649.2110,0
1753512420000,2.8460,2.8470,2.8440,2.845,14205,1753512479999,40414.5340,157,1706,4853.8880,0
1753512480000,2.8450,2.8490,2.8450,2.849,6461,1753512539999,18394.3130,123,5083,14471.2550,0
1753512540000,2.8490,2.8500,2.8480,2.849,3928,1753512599999,11190.8280,71,2448,6974.3780,0
1753512600000,2.8490,2.8500,2.8460,2.846,7417,1753512659999,21126.8140,144,387,1102.3210,0
1753512660000,2.8460,2.8480,2.8460,2.847,7277,1753512719999,20717.6740,76,3809,10844.3750,0
1753512720000,2.8470,2.8480,2.8450,2.845,5305,1753512779999,15099.9560,85,1069,3042.3940,0
1753512780000,2.8450,2.8470,2.8450,2.846,3984,1753512839999,11338.1940,95,2186,6221.4620,0
1753512840000,2.8460,2.8480,2.8450,2.845,18286,1753512899999,52048.2610,169,2120,6035.3870,0
1753512900000,2.8460,2.8470,2.8450,2.846,12555,1753512959999,35736.8240,79,11122,31658.5730,0
1753512960000,2.8470,2.8470,2.8450,2.845,2057,1753513019999,5854.0160,62,162,461.0680,0
1753513020000,2.8460,2.8470,2.8450,2.845,11993,1753513079999,34131.9210,67,9810,27919.2740,0
1753513080000,2.8450,2.8470,2.8450,2.847,6754,1753513139999,19224.1550,95,4561,12982.9350,0
1753513140000,2.8470,2.8480,2.8470,2.848,774,1753513199999,2203.9800,60,402,1144.8960,0
1753513200000,2.8480,2.8480,2.8460,2.848,6132,1753513259999,17458.0100,147,2293,6528.8020,0
1753513260000,2.8470,2.8490,2.8470,2.849,10964,1753513319999,31228.7910,133,9577,27279.8090,0
1753513320000,2.8490,2.8520,2.8490,2.851,14737,1753513379999,42004.3080,148,4199,11969.6080,0
1753513380000,2.8500,2.8510,2.8490,2.849,13099,1753513439999,37332.1290,109,3356,9564.7380,0
1753513440000,2.8490,2.8520,2.8480,2.851,17084,1753513499999,48686.4660,205,8470,24144.9610,0
1753513500000,2.8510,2.8510,2.8500,2.851,2966,1753513559999,8455.5970,51,1434,4088.3340,0
1753513560000,2.8510,2.8540,2.8500,2.854,24218,1753513619999,69088.1010,133,23992,68443.8050,0
1753513620000,2.8530,2.8530,2.8490,2.849,16287,1753513679999,46430.1830,164,2137,6091.2930,0
1753513680000,2.8490,2.8500,2.8470,2.848,19057,1753513739999,54268.8450,198,3243,9236.2300,0
1753513740000,2.8480,2.8490,2.8480,2.849,1035,1753513799999,2948.3380,59,658,1874.6420,0
1753513800000,2.8480,2.8510,2.8480,2.85,4880,1753513859999,13903.0930,192,3607,10277.4110,0
1753513860000,2.8500,2.8520,2.8500,2.852,2617,1753513919999,7460.5810,112,1982,5650.7470,0
1753513920000,2.8520,2.8520,2.8490,2.849,23880,1753513979999,68063.0610,160,6751,19241.9300,0
1753513980000,2.8490,2.8530,2.8490,2.852,6529,1753514039999,18620.3300,153,4507,12853.7740,0
1753514040000,2.8520,2.8540,2.8510,2.853,6323,1753514099999,18038.0010,139,4278,12205.1120,0
1753514100000,2.8520,2.8530,2.8510,2.852,13969,1753514159999,39838.4980,161,3991,11382.7080,0
1753514160000,2.8520,2.8530,2.8510,2.852,8993,1753514219999,25645.2720,125,2909,8295.1960,0
1753514220000,2.8520,2.8530,2.8510,2.852,14793,1753514279999,42186.8230,124,5557,15848.7320,0
1753514280000,2.8520,2.8520,2.8500,2.852,20576,1753514339999,58644.2030,109,1745,4975.1060,0
1753514340000,2.8520,2.8520,2.8480,2.849,5705,1753514399999,16261.8880,76,2236,6374.4940,0
1753514400000,2.8490,2.8500,2.8460,2.849,16583,1753514459999,47222.9130,163,10779,30694.6830,0
1753514460000,2.8490,2.8490,2.8470,2.849,3218,1753514519999,9164.7350,93,1200,3417.7440,0
1753514520000,2.8490,2.8490,2.8470,2.847,5414,1753514579999,15418.4400,88,772,2198.6730,0
1753514580000,2.8470,2.8500,2.8470,2.85,7411,1753514639999,21109.6340,91,6085,17332.1830,0
1753514640000,2.8490,2.8500,2.8480,2.85,11489,1753514699999,32732.0950,65,2196,6256.5260,0
1753514700000,2.8490,2.8500,2.8480,2.849,2398,1753514759999,6831.9790,81,684,1948.8620,0
1753514760000,2.8490,2.8500,2.8480,2.849,2513,1753514819999,7159.5220,63,1567,4464.5220,0
1753514820000,2.8500,2.8500,2.8480,2.849,13668,1753514879999,38939.8500,128,6741,19205.1110,0
1753514880000,2.8490,2.8500,2.8470,2.847,3339,1753514939999,9511.3810,89,1777,5062.2350,0
1753514940000,2.8470,2.8480,2.8450,2.847,7075,1753514999999,20137.1220,100,2111,6008.0100,0
1753515000000,2.8460,2.8470,2.8440,2.844,6709,1753515059999,19089.6670,136,1883,5358.3560,0
1753515060000,2.8440,2.8470,2.8430,2.847,20780,1753515119999,59113.6960,321,11569,32915.3460,0
1753515120000,2.8460,2.8490,2.8460,2.846,8216,1753515179999,23394.0730,200,5949,16939.1610,0
1753515180000,2.8460,2.8500,2.8460,2.849,19436,1753515239999,55357.5960,218,7109,20252.5230,0
1753515240000,2.8490,2.8490,2.8460,2.846,5453,1753515299999,15525.1970,114,787,2242.0960,0
1753515300000,2.8460,2.8460,2.8440,2.845,12016,1753515359999,34188.1790,117,4513,12840.1210,0
1753515360000,2.8450,2.8450,2.8420,2.843,8338,1753515419999,23703.1470,114,2244,6379.7060,0
1753515420000,2.8420,2.8430,2.8410,2.841,31105,1753515479999,88385.3850,215,15374,43687.0640,0
1753515480000,2.8410,2.8420,2.8400,2.842,14567,1753515539999,41386.1210,257,8455,24024.5060,0
1753515540000,2.8420,2.8440,2.8420,2.844,23845,1753515599999,67793.0620,137,18797,53441.8480,0
1753515600000,2.8430,2.8450,2.8430,2.843,24372,1753515659999,69312.9540,210,8200,23324.3180,0
1753515660000,2.8440,2.8460,2.8430,2.846,7906,1753515719999,22494.2620,157,4305,12249.5110,0
1753515720000,2.8470,2.8500,2.8460,2.85,34173,1753515779999,97339.4590,197,32271,91922.6990,0
1753515780000,2.8490,2.8520,2.8490,2.851,30037,1753515839999,85622.9830,213,16985,48422.6840,0
1753515840000,2.8500,2.8510,2.8480,2.85,14890,1753515899999,42430.9650,172,5517,15725.0290,0
1753515900000,2.8510,2.8530,2.8490,2.852,17889,1753515959999,51016.8040,187,12974,37000.5640,0
1753515960000,2.8520,2.8530,2.8500,2.851,22209,1753516019999,63314.4440,148,7253,20673.2190,0
1753516020000,2.8500,2.8510,2.8490,2.849,4769,1753516079999,13592.1430,63,757,2158.1850,0
1753516080000,2.8500,2.8500,2.8470,2.847,10796,1753516139999,30754.2500,104,7502,21372.4900,0
1753516140000,2.8470,2.8480,2.8460,2.848,11758,1753516199999,33475.8110,93,6329,18019.4580,0
1753516200000,2.8470,2.8500,2.8470,2.848,7231,1753516259999,20598.9570,232,4825,13744.6750,0
1753516260000,2.8490,2.8490,2.8460,2.847,10499,1753516319999,29895.3460,138,3601,10252.1430,0
1753516320000,2.8480,2.8480,2.8460,2.848,3626,1753516379999,10323.3110,108,2279,6488.7390,0
1753516380000,2.8470,2.8480,2.8460,2.847,25936,1753516439999,73822.6480,114,447,1272.9390,0
1753516440000,2.8460,2.8470,2.8450,2.845,10486,1753516499999,29847.1200,98,4819,13718.8650,0
1753516500000,2.8460,2.8480,2.8450,2.846,12500,1753516559999,35591.1140,177,10294,29311.6740,0
1753516560000,2.8470,2.8470,2.8450,2.845,2229,1753516619999,6343.1270,83,182,518.0990,0
1753516620000,2.8450,2.8450,2.8440,2.844,2611,1753516679999,7427.9700,103,2056,5849.3200,0
1753516680000,2.8440,2.8450,2.8430,2.844,3891,1753516739999,11066.3590,125,1275,3626.6850,0
1753516740000,2.8440,2.8450,2.8430,2.844,3328,1753516799999,9464.8320,67,1202,3418.6630,0
1753516800000,2.8440,2.8490,2.8440,2.849,34756,1753516859999,98985.7650,317,24228,69000.5510,0
1753516860000,2.8490,2.8500,2.8480,2.849,3390,1753516919999,9657.9860,93,2297,6545.0020,0
1753516920000,2.8490,2.8490,2.8470,2.849,11188,1753516979999,31870.2190,189,3440,9797.3650,0
1753516980000,2.8480,2.8490,2.8460,2.848,6647,1753517039999,18926.3740,143,2276,6480.2890,0
1753517040000,2.8470,2.8480,2.8450,2.846,17466,1753517099999,49706.1240,107,1075,3060.7540,0
1753517100000,2.8460,2.8480,2.8450,2.848,14816,1753517159999,42177.5390,145,11886,33836.4960,0
1753517160000,2.8480,2.8490,2.8470,2.848,4502,1753517219999,12821.0380,147,2314,6591.6270,0
1753517220000,2.8480,2.8490,2.8480,2.849,1090,1753517279999,3104.7970,101,477,1358.9730,0
1753517280000,2.8480,2.8490,2.8460,2.847,6795,1753517339999,19350.2140,187,2064,5877.4780,0
1753517340000,2.8460,2.8470,2.8450,2.845,3475,1753517399999,9890.3930,137,630,1793.4540,0
1753517400000,2.8450,2.8460,2.8440,2.846,14934,1753517459999,42498.0170,223,11305,32173.5510,0
1753517460000,2.8460,2.8470,2.8440,2.844,5920,1753517519999,16846.9040,102,200,569.0160,0
1753517520000,2.8440,2.8470,2.8440,2.847,13131,1753517579999,37365.9140,231,11785,33536.7560,0
1753517580000,2.8460,2.8470,2.8450,2.846,5562,1753517639999,15830.5650,129,2183,6213.9910,0
1753517640000,2.8470,2.8470,2.8450,2.846,2474,1753517699999,7041.3200,98,991,2820.7590,0
1753517700000,2.8470,2.8480,2.8450,2.847,5887,1753517759999,16757.1980,155,1969,5605.2620,0
1753517760000,2.8460,2.8500,2.8460,2.849,9727,1753517819999,27699.6250,199,5480,15606.4140,0
1753517820000,2.8480,2.8510,2.8480,2.85,32111,1753517879999,91500.3450,133,24053,68549.2170,0
1753517880000,2.8510,2.8580,2.8500,2.858,96032,1753517939999,273992.8030,405,82676,235902.1030,0
1753517940000,2.8580,2.8620,2.8570,2.859,31835,1753517999999,91040.0300,220,17911,51211.6890,0
1753518000000,2.8590,2.8610,2.8580,2.861,24051,1753518059999,68753.7260,162,10385,29695.7680,0
1753518060000,2.8620,2.8620,2.8590,2.859,5437,1753518119999,15551.9490,116,2211,6324.8620,0
1753518120000,2.8600,2.8610,2.8590,2.859,13640,1753518179999,39007.8670,129,8383,23975.9750,0
1753518180000,2.8600,2.8600,2.8580,2.859,11422,1753518239999,32647.5300,128,1745,4989.0940,0
1753518240000,2.8600,2.8600,2.8570,2.858,12286,1753518299999,35116.0630,144,5389,15402.8130,0
1753518300000,2.8590,2.8670,2.8590,2.865,46090,1753518359999,131990.8980,291,40010,114574.7060,0
1753518360000,2.8640,2.8650,2.8640,2.864,6032,1753518419999,17280.2290,93,4581,13124.5650,0
1753518420000,2.8640,2.8680,2.8630,2.867,20949,1753518479999,60020.3740,233,12279,35177.0500,0
1753518480000,2.8660,2.8680,2.8640,2.864,19119,1753518539999,54803.3700,168,11697,33532.8170,0
1753518540000,2.8650,2.8650,2.8640,2.865,4884,1753518599999,13989.8820,101,2106,6033.6900,0
1753518600000,2.8650,2.8670,2.8640,2.867,11641,1753518659999,33354.8570,175,9745,27922.4460,0
1753518660000,2.8670,2.8680,2.8630,2.865,29685,1753518719999,85053.7960,203,21130,60539.6860,0
1753518720000,2.8650,2.8650,2.8610,2.861,13187,1753518779999,37739.3630,124,1241,3550.7040,0
1753518780000,2.8600,2.8620,2.8580,2.861,27219,1753518839999,77857.5040,268,20283,58020.6630,0
1753518840000,2.8610,2.8620,2.8590,2.862,24707,1753518899999,70667.1330,156,22019,62979.8510,0
1753518900000,2.8620,2.8650,2.8610,2.862,6891,1753518959999,19726.7570,204,5350,15316.0580,0
1753518960000,2.8620,2.8630,2.8600,2.861,3530,1753519019999,10098.8070,119,372,1064.1810,0
1753519020000,2.8600,2.8610,2.8580,2.858,11866,1753519079999,33923.8910,91,4735,13537.8280,0
1753519080000,2.8580,2.8600,2.8560,2.858,53164,1753519139999,151938.4750,223,18716,53487.2370,0
1753519140000,2.8580,2.8580,2.8550,2.857,10515,1753519199999,30034.3900,116,7959,22733.9440,0
1753519200000,2.8560,2.8590,2.8560,2.859,15024,1753519259999,42934.1380,247,13017,37199.8390,0
1753519260000,2.8600,2.8610,2.8580,2.858,18739,1753519319999,53580.7110,204,4812,13762.3000,0
1753519320000,2.8590,2.8600,2.8570,2.857,22368,1753519379999,63937.5640,118,8357,23892.7420,0
1753519380000,2.8570,2.8610,2.8570,2.861,29035,1753519439999,83003.6730,235,28243,80740.0480,0
1753519440000,2.8610,2.8620,2.8580,2.859,17250,1753519499999,49337.8400,107,2965,8477.0640,0
1753519500000,2.8580,2.8580,2.8560,2.857,25848,1753519559999,73868.9970,248,16006,45742.5420,0
1753519560000,2.8570,2.8600,2.8570,2.86,9134,1753519619999,26111.7530,142,4009,11460.0640,0
1753519620000,2.8600,2.8600,2.8570,2.858,20608,1753519679999,58906.4040,125,2419,6914.9710,0
1753519680000,2.8580,2.8600,2.8570,2.86,8345,1753519739999,23856.5450,103,6459,18466.4640,0
1753519740000,2.8590,2.8640,2.8590,2.863,21967,1753519799999,62875.3900,289,15289,43758.8400,0
1753519800000,2.8630,2.8670,2.8620,2.866,35238,1753519859999,100938.7360,293,22094,63295.0960,0
1753519860000,2.8650,2.8690,2.8640,2.865,83193,1753519919999,238456.6490,418,54722,156850.6220,0
1753519920000,2.8650,2.8660,2.8620,2.864,26919,1753519979999,77097.6190,221,8645,24759.3500,0
1753519980000,2.8630,2.8650,2.8630,2.864,29258,1753520039999,83810.4240,190,25227,72266.4090,0
1753520040000,2.8640,2.8640,2.8610,2.862,13356,1753520099999,38228.1860,144,2948,8439.0170,0
1753520100000,2.8620,2.8620,2.8520,2.852,57694,1753520159999,164828.9010,401,8453,24142.9590,0
1753520160000,2.8520,2.8570,2.8510,2.852,34209,1753520219999,97626.3800,364,12250,34968.7440,0
1753520220000,2.8520,2.8530,2.8510,2.853,21233,1753520279999,60551.1380,115,6575,18752.1600,0
1753520280000,2.8530,2.8550,2.8510,2.853,24851,1753520339999,70902.7070,147,17391,49627.2560,0
1753520340000,2.8530,2.8530,2.8510,2.853,6260,1753520399999,17851.4180,73,1067,3043.1730,0
1753520400000,2.8530,2.8560,2.8520,2.855,20435,1753520459999,58312.4820,220,8644,24668.8950,0
1753520460000,2.8540,2.8540,2.8500,2.85,25704,1753520519999,73320.5850,172,910,2595.3980,0
1753520520000,2.8510,2.8530,2.8490,2.85,17706,1753520579999,50478.8420,208,4681,13345.9950,0
1753520580000,2.8510,2.8520,2.8480,2.849,49857,1753520639999,142088.9110,202,17483,49821.8050,0
1753520640000,2.8490,2.8510,2.8490,2.851,6525,1753520699999,18596.0330,107,4384,12495.0200,0
1753520700000,2.8510,2.8510,2.8460,2.846,40848,1753520759999,116322.8520,236,4080,11623.5180,0
1753520760000,2.8460,2.8510,2.8450,2.849,24850,1753520819999,70786.6890,207,14156,40322.8610,0
1753520820000,2.8490,2.8500,2.8470,2.848,5820,1753520879999,16577.8160,113,2734,7788.4550,0
1753520880000,2.8480,2.8490,2.8470,2.848,5789,1753520939999,16487.4050,96,3546,10099.6350,0
1753520940000,2.8480,2.8490,2.8310,2.848,543059,1753520999999,1543165.4190,1334,112044,318647.9920,0
1753521000000,2.8480,2.8520,2.8480,2.851,42465,1753521059999,121047.2100,229,22558,64307.2660,0
1753521060000,2.8510,2.8530,2.8500,2.851,21697,1753521119999,61872.6980,165,15603,44495.9630,0
1753521120000,2.8510,2.8520,2.8500,2.852,7211,1753521179999,20558.2300,93,3726,10623.0230,0
1753521180000,2.8510,2.8530,2.8510,2.852,5329,1753521239999,15198.4150,85,3816,10883.6910,0
1753521240000,2.8510,2.8520,2.8500,2.851,8313,1753521299999,23701.8060,104,4908,13994.2350,0
1753521300000,2.8510,2.8530,2.8510,2.853,9656,1753521359999,27540.7040,115,7363,21001.6510,0
1753521360000,2.8520,2.8530,2.8500,2.85,3692,1753521419999,10525.9140,92,735,2095.5640,0
1753521420000,2.8510,2.8540,2.8500,2.853,43396,1753521479999,123783.5490,185,36335,103643.3320,0
1753521480000,2.8520,2.8520,2.8490,2.85,25052,1753521539999,71420.1960,153,15396,43895.6520,0
1753521540000,2.8490,2.8520,2.8480,2.851,15783,1753521599999,44980.4170,141,5789,16494.5810,0
1753521600000,2.8520,2.8520,2.8510,2.852,9881,1753521659999,28180.5440,59,9813,27986.6760,0
1753521660000,2.8510,2.8520,2.8500,2.85,18659,1753521719999,53192.9500,96,11479,32726.6770,0
1753521720000,2.8510,2.8530,2.8490,2.853,20413,1753521779999,58200.6200,127,13635,38882.4170,0
1753521780000,2.8530,2.8530,2.8510,2.852,2466,1753521839999,7032.8460,55,492,1403.2790,0
1753521840000,2.8520,2.8520,2.8490,2.849,21906,1753521899999,62435.9530,99,4744,13522.9460,0
1753521900000,2.8500,2.8510,2.8490,2.849,28936,1753521959999,82466.0480,88,21809,62156.1170,0
1753521960000,2.8500,2.8500,2.8460,2.849,33378,1753522019999,95044.0380,141,3265,9297.1620,0
1753522020000,2.8490,2.8490,2.8470,2.848,26062,1753522079999,74226.7660,101,19691,56082.3330,0
1753522080000,2.8490,2.8490,2.8460,2.847,30105,1753522139999,85726.3860,82,663,1888.8590,0
1753522140000,2.8470,2.8470,2.8460,2.847,5092,1753522199999,14492.9280,43,1096,3120.3120,0
1753522200000,2.8470,2.8470,2.8430,2.843,15300,1753522259999,43516.7610,160,4343,12352.4810,0
1753522260000,2.8440,2.8470,2.8430,2.846,30416,1753522319999,86545.6560,206,10557,30034.1420,0
1753522320000,2.8460,2.8470,2.8440,2.845,16270,1753522379999,46304.3160,121,13241,37684.5990,0
1753522380000,2.8450,2.8490,2.8440,2.849,29265,1753522439999,83297.8780,128,28425,80907.1640,0
1753522440000,2.8490,2.8500,2.8480,2.849,12781,1753522499999,36419.3230,165,6629,18889.2220,0
1753522500000,2.8490,2.8520,2.8480,2.851,8741,1753522559999,24911.8060,169,7437,21194.9360,0
1753522560000,2.8510,2.8520,2.8480,2.848,5810,1753522619999,16563.3530,97,3762,10727.0660,0
1753522620000,2.8490,2.8490,2.8460,2.847,13560,1753522679999,38606.2530,104,6656,18949.6680,0
1753522680000,2.8480,2.8510,2.8460,2.85,20810,1753522739999,59267.4190,161,18640,53088.2970,0
1753522740000,2.8510,2.8530,2.8500,2.853,8591,1753522799999,24497.5400,100,8322,23730.7720,0
1753522800000,2.8530,2.8560,2.8520,2.854,38895,1753522859999,111039.3260,175,29433,84026.6520,0
1753522860000,2.8530,2.8550,2.8520,2.853,17543,1753522919999,50054.5320,131,14296,40789.3380,0
1753522920000,2.8540,2.8550,2.8520,2.852,8566,1753522979999,24444.9950,108,5315,15169.1440,0
1753522980000,2.8530,2.8540,2.8520,2.854,5986,1753523039999,17077.5320,72,5412,15440.4720,0
1753523040000,2.8540,2.8550,2.8540,2.855,2633,1753523099999,7515.3590,67,2490,7107.2370,0
1753523100000,2.8550,2.8570,2.8540,2.855,27053,1753523159999,77259.4210,638,22910,65428.4930,0
1753523160000,2.8560,2.8570,2.8550,2.856,10853,1753523219999,30996.2080,81,10408,29725.3240,0
1753523220000,2.8560,2.8560,2.8540,2.855,8435,1753523279999,24083.3480,100,7232,20648.4600,0
1753523280000,2.8560,2.8570,2.8540,2.856,8827,1753523339999,25206.9280,113,4452,12714.6190,0
1753523340000,2.8560,2.8570,2.8550,2.856,19847,1753523399999,56692.5010,148,15293,43686.4510,0
1753523400000,2.8550,2.8550,2.8540,2.855,5850,1753523459999,16697.4960,58,1079,3080.5450,0
1753523460000,2.8540,2.8560,2.8510,2.856,28173,1753523519999,80362.3900,191,10839,30923.0380,0
1753523520000,2.8560,2.8570,2.8550,2.856,5226,1753523579999,14925.2980,69,4949,14134.4260,0
1753523580000,2.8570,2.8580,2.8550,2.858,18694,1753523639999,53406.4840,121,10851,31001.2900,0
1753523640000,2.8570,2.8590,2.8570,2.858,10391,1753523699999,29697.5500,137,2158,6167.7750,0
1753523700000,2.8580,2.8590,2.8570,2.859,6442,1753523759999,18412.9400,141,5798,16572.5710,0
1753523760000,2.8590,2.8590,2.8560,2.858,15236,1753523819999,43531.2530,138,4109,11741.1290,0
1753523820000,2.8580,2.8580,2.8560,2.858,4148,1753523879999,11851.2990,120,1909,5454.6510,0
1753523880000,2.8580,2.8580,2.8560,2.858,3665,1753523939999,10470.8200,125,2338,6679.7620,0
1753523940000,2.8580,2.8580,2.8560,2.857,4775,1753523999999,13642.7200,121,3737,10677.3270,0
1753524000000,2.8570,2.8620,2.8570,2.862,27111,1753524059999,77534.1760,247,25621,73273.9610,0
1753524060000,2.8620,2.8640,2.8610,2.864,23210,1753524119999,66431.8950,242,8076,23116.6950,0
1753524120000,2.8630,2.8640,2.8610,2.862,13541,1753524179999,38764.2930,212,6717,19230.8430,0
1753524180000,2.8620,2.8620,2.8580,2.859,17997,1753524239999,51484.5890,159,6150,17599.3330,0
1753524240000,2.8590,2.8590,2.8560,2.857,23223,1753524299999,66340.8550,164,15861,45309.0920,0
1753524300000,2.8570,2.8600,2.8570,2.859,20775,1753524359999,59394.0000,144,7218,20634.8580,0
1753524360000,2.8580,2.8600,2.8570,2.858,7391,1753524419999,21131.2840,107,2877,8227.0760,0
1753524420000,2.8570,2.8590,2.8570,2.859,6166,1753524479999,17623.9860,119,5354,15302.8230,0
1753524480000,2.8580,2.8580,2.8560,2.857,4061,1753524539999,11602.4400,105,1579,4511.3210,0
1753524540000,2.8570,2.8610,2.8570,2.861,11697,1753524599999,33444.6280,128,11528,32961.7740,0
1753524600000,2.8600,2.8630,2.8600,2.862,15915,1753524659999,45547.6580,118,6409,18343.2580,0
1753524660000,2.8620,2.8650,2.8620,2.865,5855,1753524719999,16763.9820,175,5284,15129.3420,0
1753524720000,2.8650,2.8650,2.8630,2.864,7741,1753524779999,22170.4480,153,3667,10503.6000,0
1753524780000,2.8650,2.8650,2.8610,2.862,16093,1753524839999,46092.5870,164,10884,31179.0770,0
1753524840000,2.8630,2.8640,2.8620,2.863,15343,1753524899999,43930.6080,147,4694,13442.7060,0
1753524900000,2.8630,2.8640,2.8620,2.862,5889,1753524959999,16860.5600,103,4986,14275.7200,0
1753524960000,2.8630,2.8670,2.8630,2.866,32527,1753525019999,93201.3990,200,27884,79899.1690,0
1753525020000,2.8650,2.8650,2.8610,2.861,26432,1753525079999,75675.1420,163,1208,3458.5250,0
1753525080000,2.8620,2.8630,2.8600,2.861,38449,1753525139999,110016.0660,125,35060,100319.8120,0
1753525140000,2.8620,2.8630,2.8610,2.862,7826,1753525199999,22401.4450,68,6384,18274.5450,0
1753525200000,2.8610,2.8650,2.8610,2.864,12362,1753525259999,35387.7840,192,6250,17894.1820,0
1753525260000,2.8630,2.8650,2.8620,2.864,21087,1753525319999,60389.5330,119,555,1589.3160,0
1753525320000,2.8650,2.8650,2.8630,2.864,26671,1753525379999,76365.1690,100,12569,35990.5470,0
1753525380000,2.8640,2.8660,2.8630,2.866,25496,1753525439999,73027.3240,164,15496,44391.9890,0
1753525440000,2.8650,2.8660,2.8630,2.863,10912,1753525499999,31259.8970,114,1239,3549.7470,0
1753525500000,2.8640,2.8660,2.8640,2.866,9212,1753525559999,26388.5730,108,6764,19375.4270,0
1753525560000,2.8650,2.8660,2.8640,2.865,7154,1753525619999,20495.7560,110,4486,12852.4680,0
1753525620000,2.8650,2.8660,2.8650,2.865,2209,1753525679999,6328.8680,57,570,1633.1330,0
1753525680000,2.8650,2.8660,2.8630,2.864,20053,1753525739999,57461.6270,145,16745,47986.3640,0
1753525740000,2.8650,2.8660,2.8630,2.866,15897,1753525799999,45538.1120,110,3815,10932.0790,0
1753525800000,2.8660,2.8670,2.8650,2.867,14416,1753525859999,41320.6280,112,13261,38010.7070,0
1753525860000,2.8670,2.8680,2.8660,2.868,6851,1753525919999,19642.7840,103,4666,13378.6100,0
1753525920000,2.8680,2.8710,2.8670,2.871,25580,1753525979999,73393.5570,209,24557,70458.0710,0
1753525980000,2.8700,2.8730,2.8670,2.868,60812,1753526039999,174649.0700,348,43788,125768.8850,0
1753526040000,2.8670,2.8710,2.8660,2.87,20662,1753526099999,59245.9480,158,4638,13301.5860,0
1753526100000,2.8690,2.8710,2.8680,2.869,17446,1753526159999,50071.7480,141,9352,26845.4160,0
1753526160000,2.8690,2.8720,2.8680,2.872,18462,1753526219999,52983.6710,136,15706,45076.7200,0
1753526220000,2.8710,2.8740,2.8710,2.873,13190,1753526279999,37889.0190,158,11043,31723.3260,0
1753526280000,2.8720,2.8730,2.8710,2.872,14337,1753526339999,41170.1100,139,6599,18952.6630,0
1753526340000,2.8720,2.8740,2.8710,2.874,13998,1753526399999,40204.1050,141,4483,12877.3210,0
1753526400000,2.8740,2.8750,2.8720,2.874,16871,1753526459999,48479.3310,192,11339,32586.2780,0
1753526460000,2.8740,2.8740,2.8700,2.871,14742,1753526519999,42321.8960,191,9546,27402.9290,0
1753526520000,2.8720,2.8780,2.8710,2.877,71066,1753526579999,204306.0680,394,50061,143943.3300,0
1753526580000,2.8760,2.8810,2.8750,2.876,115692,1753526639999,332973.5120,432,66061,190154.7690,0
1753526640000,2.8750,2.8800,2.8740,2.88,30077,1753526699999,86535.7820,201,25817,74283.4650,0
1753526700000,2.8800,2.8800,2.8740,2.875,74243,1753526759999,213594.8260,304,11698,33659.7120,0
1753526760000,2.8750,2.8770,2.8730,2.874,30729,1753526819999,88327.4160,162,13779,39620.4390,0
1753526820000,2.8740,2.8760,2.8720,2.872,35292,1753526879999,101401.2010,164,32483,93331.0900,0
1753526880000,2.8720,2.8720,2.8700,2.87,25561,1753526939999,73389.1360,160,6347,18221.6420,0
1753526940000,2.8700,2.8700,2.8640,2.865,25097,1753526999999,71928.6620,167,4148,11892.8930,0
1753527000000,2.8640,2.8710,2.8640,2.87,62533,1753527059999,179298.2010,328,47825,137134.5440,0
1753527060000,2.8700,2.8710,2.8690,2.871,21595,1753527119999,61984.3670,85,18886,54211.4350,0
1753527120000,2.8710,2.8720,2.8690,2.871,12005,1753527179999,34464.9400,159,9473,27197.4820,0
1753527180000,2.8710,2.8720,2.8700,2.87,8732,1753527239999,25069.3720,80,2562,7355.5040,0
1753527240000,2.8700,2.8700,2.8680,2.868,7177,1753527299999,20594.7090,85,3983,11431.1480,0
1753527300000,2.8680,2.8710,2.8680,2.871,26462,1753527359999,75935.8530,201,6036,17324.5710,0
1753527360000,2.8710,2.8710,2.8690,2.869,6797,1753527419999,19503.0000,98,2242,6432.7620,0
1753527420000,2.8690,2.8690,2.8670,2.867,7193,1753527479999,20626.1810,82,604,1732.6390,0
1753527480000,2.8670,2.8680,2.8660,2.866,10376,1753527539999,29743.6190,65,4523,12967.4450,0
1753527540000,2.8660,2.8670,2.8650,2.867,8115,1753527599999,23260.3390,91,5290,15164.1100,0
1753527600000,2.8670,2.8680,2.8630,2.863,29337,1753527659999,84070.0680,245,13733,39354.8600,0
1753527660000,2.8630,2.8660,2.8630,2.866,8734,1753527719999,25020.7130,180,4560,13063.8360,0
1753527720000,2.8650,2.8680,2.8650,2.867,10867,1753527779999,31150.1140,105,8300,23792.3280,0
1753527780000,2.8670,2.8690,2.8660,2.869,11609,1753527839999,33293.5350,117,8811,25270.8250,0
1753527840000,2.8680,2.8730,2.8680,2.871,31081,1753527899999,89228.8200,210,12282,35250.0370,0
1753527900000,2.8720,2.8730,2.8710,2.871,17050,1753527959999,48966.0790,72,2143,6154.7420,0
1753527960000,2.8710,2.8740,2.8710,2.874,24658,1753528019999,70822.1570,161,22587,64873.5810,0
1753528020000,2.8740,2.8740,2.8710,2.873,64804,1753528079999,186136.4660,195,32245,92622.9090,0
1753528080000,2.8720,2.8720,2.8700,2.871,12512,1753528139999,35926.8880,126,6682,19184.3420,0
1753528140000,2.8710,2.8750,2.8700,2.875,15564,1753528199999,44710.7050,153,9893,28415.5960,0
1753528200000,2.8750,2.8760,2.8720,2.872,22800,1753528259999,65517.8150,149,3654,10502.5330,0
1753528260000,2.8730,2.8740,2.8720,2.873,11956,1753528319999,34348.3860,109,8207,23580.1600,0
1753528320000,2.8730,2.8730,2.8710,2.872,97241,1753528379999,279265.4200,143,9289,26678.1490,0
1753528380000,2.8730,2.8760,2.8730,2.876,77138,1753528439999,221749.2850,287,72856,209440.7940,0
1753528440000,2.8760,2.8790,2.8750,2.879,11588,1753528499999,33337.3130,167,11287,32471.7470,0
1753528500000,2.8790,2.8800,2.8780,2.878,14641,1753528559999,42149.7680,149,5705,16426.7690,0
1753528560000,2.8780,2.8790,2.8770,2.879,16273,1753528619999,46831.8710,111,6377,18353.0690,0
1753528620000,2.8790,2.8800,2.8780,2.878,7558,1753528679999,21756.3240,89,2279,6561.2630,0
1753528680000,2.8770,2.8780,2.8750,2.875,6305,1753528739999,18134.5010,110,2968,8537.9870,0
1753528740000,2.8760,2.8770,2.8740,2.874,19520,1753528799999,56117.2550,128,4077,11724.7690,0
1753528800000,2.8730,2.8750,2.8710,2.873,58071,1753528859999,166816.5390,197,10864,31209.3390,0
1753528860000,2.8730,2.8740,2.8690,2.87,90970,1753528919999,261187.9650,167,11206,32193.3760,0
1753528920000,2.8710,2.8710,2.8680,2.869,77713,1753528979999,222985.8450,218,31165,89431.2400,0
1753528980000,2.8690,2.8690,2.8650,2.867,77754,1753529039999,222937.0210,207,29026,83200.2030,0
1753529040000,2.8670,2.8670,2.8630,2.864,37571,1753529099999,107647.4290,158,9007,25804.3580,0
1753529100000,2.8640,2.8660,2.8630,2.865,41135,1753529159999,117829.1530,196,29843,85484.6280,0
1753529160000,2.8650,2.8660,2.8640,2.865,9500,1753529219999,27217.4780,89,3805,10901.8360,0
1753529220000,2.8640,2.8650,2.8600,2.863,55250,1753529279999,158118.3020,242,13636,39028.4860,0
1753529280000,2.8640,2.8640,2.8610,2.864,9536,1753529339999,27299.4600,101,2985,8546.3660,0
1753529340000,2.8640,2.8650,2.8630,2.865,5653,1753529399999,16189.6110,74,3664,10493.7080,0
1753529400000,2.8640,2.8640,2.8550,2.859,136619,1753529459999,390426.6840,435,36773,105086.1000,0
1753529460000,2.8580,2.8610,2.8580,2.86,26141,1753529519999,74739.5460,242,11399,32596.5030,0
1753529520000,2.8600,2.8620,2.8580,2.862,16483,1753529579999,47135.4690,164,14551,41613.3310,0
1753529580000,2.8620,2.8640,2.8610,2.863,14594,1753529639999,41769.5500,123,8333,23853.3010,0
1753529640000,2.8630,2.8640,2.8620,2.863,18632,1753529699999,53333.7350,140,10433,29866.6320,0
1753529700000,2.8640,2.8660,2.8630,2.864,26689,1753529759999,76479.7750,156,22915,65665.9300,0
1753529760000,2.8640,2.8640,2.8620,2.862,9036,1753529819999,25871.9230,105,4682,13406.9030,0
1753529820000,2.8610,2.8650,2.8600,2.862,39153,1753529879999,112022.0440,190,27580,78919.5680,0
1753529880000,2.8620,2.8640,2.8600,2.861,10717,1753529939999,30668.5030,113,3944,11286.1710,0
1753529940000,2.8610,2.8640,2.8600,2.863,44358,1753529999999,126981.7740,193,32478,92975.5920,0
1753530000000,2.8620,2.8630,2.8580,2.86,16092,1753530059999,46019.4410,141,8579,24530.5470,0
1753530060000,2.8600,2.8600,2.8560,2.859,42947,1753530119999,122700.1630,181,6660,19031.7940,0
1753530120000,2.8580,2.8580,2.8550,2.855,20434,1753530179999,58360.9070,134,2007,5731.9960,0
1753530180000,2.8550,2.8570,2.8550,2.856,18687,1753530239999,53372.6830,207,11137,31812.1680,0
1753530240000,2.8550,2.8570,2.8550,2.857,14614,1753530299999,41735.6070,154,6985,19952.8290,0
1753530300000,2.8580,2.8600,2.8580,2.859,10798,1753530359999,30871.5780,161,7185,20542.0600,0
1753530360000,2.8590,2.8600,2.8570,2.86,8158,1753530419999,23317.8030,97,3140,8976.1810,0
1753530420000,2.8590,2.8600,2.8560,2.857,44446,1753530479999,127051.5520,166,12670,36217.3410,0
1753530480000,2.8580,2.8580,2.8540,2.856,16056,1753530539999,45846.2050,110,4278,12215.1160,0
1753530540000,2.8560,2.8600,2.8560,2.859,10261,1753530599999,29319.0300,140,6680,19086.4270,0
1753530600000,2.8580,2.8610,2.8570,2.861,19328,1753530659999,55267.6130,127,11451,32748.8020,0
1753530660000,2.8610,2.8630,2.8590,2.863,9281,1753530719999,26549.0300,95,5199,14874.5160,0
1753530720000,2.8620,2.8630,2.8610,2.861,14206,1753530779999,40661.2050,85,5477,15677.6850,0
1753530780000,2.8610,2.8650,2.8610,2.864,22454,1753530839999,64288.5060,142,21205,60714.5460,0
1753530840000,2.8640,2.8660,2.8640,2.865,55741,1753530899999,159710.2720,130,24161,69225.5210,0
1753530900000,2.8640,2.8650,2.8620,2.865,24320,1753530959999,69634.9280,117,6449,18468.5650,0
1753530960000,2.8650,2.8650,2.8630,2.864,18037,1753531019999,51661.9940,147,12047,34507.3400,0
1753531020000,2.8640,2.8640,2.8620,2.862,4089,1753531079999,11706.0460,43,560,1603.8180,0
1753531080000,2.8630,2.8640,2.8620,2.862,8392,1753531139999,24028.5570,120,4484,12838.4350,0
1753531140000,2.8620,2.8630,2.8610,2.863,3261,1753531199999,9332.7880,50,1148,3285.6000,0
1753531200000,2.8630,2.8650,2.8630,2.864,18016,1753531259999,51598.4710,209,5216,14939.1550,0
1753531260000,2.8640,2.8650,2.8610,2.862,18156,1753531319999,51967.8040,121,10229,29276.2050,0
1753531320000,2.8620,2.8620,2.8600,2.86,14447,1753531379999,41332.4550,117,4282,12250.8480,0
1753531380000,2.8600,2.8600,2.8570,2.859,20588,1753531439999,58831.5210,161,3849,10999.4590,0
1753531440000,2.8590,2.8590,2.8560,2.857,8803,1753531499999,25155.2580,121,4494,12842.9520,0
1753531500000,2.8570,2.8570,2.8550,2.855,9947,1753531559999,28413.5920,117,3637,10390.7310,0
1753531560000,2.8560,2.8570,2.8550,2.857,14353,1753531619999,40992.8650,115,11784,33656.0110,0
1753531620000,2.8560,2.8570,2.8550,2.857,37583,1753531679999,107303.8790,136,3717,10614.8410,0
1753531680000,2.8570,2.8590,2.8550,2.855,32031,1753531739999,91530.7160,256,13739,39269.5320,0
1753531740000,2.8550,2.8550,2.8500,2.853,52764,1753531799999,150497.6890,259,6817,19442.2230,0
1753531800000,2.8520,2.8540,2.8510,2.853,17590,1753531859999,50183.0180,127,11695,33367.8390,0
1753531860000,2.8540,2.8550,2.8520,2.854,18812,1753531919999,53680.2760,198,14442,41213.0770,0
1753531920000,2.8550,2.8570,2.8530,2.857,25412,1753531979999,72522.9560,210,12074,34464.6500,0
1753531980000,2.8560,2.8570,2.8530,2.856,13317,1753532039999,38025.0620,124,8305,23714.2940,0
1753532040000,2.8560,2.8570,2.8550,2.856,3333,1753532099999,9518.8760,69,3088,8819.3500,0
1753532100000,2.8570,2.8600,2.8560,2.86,71950,1753532159999,205648.1230,256,49404,141206.2110,0
1753532160000,2.8600,2.8600,2.8570,2.86,14766,1753532219999,42208.9460,125,4592,13126.1190,0
1753532220000,2.8600,2.8620,2.8590,2.862,15174,1753532279999,43396.7220,143,12262,35070.4970,0
1753532280000,2.8620,2.8640,2.8620,2.862,11595,1753532339999,33191.5610,129,6009,17201.4340,0
1753532340000,2.8620,2.8650,2.8620,2.864,7842,1753532399999,22456.1480,107,6701,19188.3610,0
1753532400000,2.8640,2.8660,2.8630,2.864,17545,1753532459999,50258.8400,146,14437,41356.0580,0
1753532460000,2.8650,2.8680,2.8650,2.866,30610,1753532519999,87759.1990,175,23421,67147.7370,0
1753532520000,2.8670,2.8730,2.8660,2.872,238098,1753532579999,683353.6800,410,213419,612489.4010,0
1753532580000,2.8720,2.8720,2.8680,2.871,47498,1753532639999,136277.3460,168,12266,35192.2770,0
1753532640000,2.8710,2.8740,2.8700,2.873,83090,1753532699999,238655.7380,323,67584,194115.7290,0
1753532700000,2.8730,2.8750,2.8720,2.873,35856,1753532759999,103035.3410,193,18403,52883.2050,0
1753532760000,2.8730,2.8730,2.8680,2.868,26321,1753532819999,75546.8870,155,8419,24172.8800,0
1753532820000,2.8680,2.8700,2.8680,2.87,9541,1753532879999,27372.6740,115,7756,22252.1780,0
1753532880000,2.8700,2.8700,2.8670,2.867,9687,1753532939999,27790.6230,93,4527,12988.4110,0
1753532940000,2.8670,2.8680,2.8660,2.867,27428,1753532999999,78640.8620,153,8866,25423.8940,0
1753533000000,2.8670,2.8670,2.8640,2.864,13059,1753533059999,37418.5830,120,1777,5093.8100,0
1753533060000,2.8640,2.8680,2.8630,2.867,22557,1753533119999,64634.3010,729,14985,42936.6910,0
1753533120000,2.8660,2.8670,2.8640,2.864,3447,1753533179999,9877.3470,105,555,1590.4890,0
1753533180000,2.8650,2.8650,2.8620,2.863,53086,1753533239999,151993.2850,132,2337,6693.1010,0
1753533240000,2.8630,2.8660,2.8620,2.866,26732,1753533299999,76550.4260,268,17049,48826.6720,0
1753533300000,2.8650,2.8660,2.8640,2.866,4335,1753533359999,12420.5990,97,2312,6624.7960,0
1753533360000,2.8660,2.8690,2.8660,2.868,4904,1753533419999,14062.9970,109,4756,13638.7640,0
1753533420000,2.8690,2.8720,2.8690,2.872,4866,1753533479999,13966.6560,93,4092,11745.1130,0
1753533480000,2.8720,2.8720,2.8670,2.869,10181,1753533539999,29210.4400,163,1925,5521.4700,0
1753533540000,2.8700,2.8710,2.8690,2.87,8538,1753533599999,24503.6160,96,6747,19363.8990,0
1753533600000,2.8690,2.8720,2.8690,2.872,4301,1753533659999,12346.9150,115,3441,9878.0600,0
1753533660000,2.8720,2.8730,2.8710,2.871,14272,1753533719999,40992.4690,170,10917,31355.9980,0
1753533720000,2.8720,2.8740,2.8710,2.874,16726,1753533779999,48034.7150,188,13531,38859.0980,0
1753533780000,2.8730,2.8740,2.8730,2.874,2548,1753533839999,7320.5890,44,185,531.6900,0
1753533840000,2.8730,2.8750,2.8730,2.875,13931,1753533899999,40039.1560,205,7919,22760.9250,0
1753533900000,2.8740,2.8750,2.8720,2.875,21002,1753533959999,60336.4820,190,4963,14264.0310,0
1753533960000,2.8750,2.8750,2.8730,2.874,6574,1753534019999,18895.8850,103,5598,16090.8660,0
1753534020000,2.8740,2.8750,2.8710,2.871,14900,1753534079999,42811.6040,130,7238,20801.4320,0
1753534080000,2.8720,2.8750,2.8710,2.873,29809,1753534139999,85658.5460,222,27059,77756.1930,0
1753534140000,2.8730,2.8760,2.8730,2.876,6616,1753534199999,19020.3410,88,6373,18321.9610,0
1753534200000,2.8760,2.8780,2.8740,2.875,43401,1753534259999,124829.5150,224,24161,69498.3000,0
1753534260000,2.8740,2.8750,2.8720,2.874,10281,1753534319999,29541.1270,85,5903,16960.8020,0
1753534320000,2.8740,2.8760,2.8740,2.876,18767,1753534379999,53956.2450,158,14934,42934.9410,0
1753534380000,2.8760,2.8770,2.8750,2.875,12990,1753534439999,37367.2530,104,10031,28857.3640,0
1753534440000,2.8760,2.8760,2.8730,2.874,6855,1753534499999,19699.3080,75,91,261.5870,0
1753534500000,2.8730,2.8740,2.8720,2.872,10882,1753534559999,31270.4400,76,6650,19112.0730,0
1753534560000,2.8730,2.8730,2.8680,2.87,13067,1753534619999,37507.0590,139,4390,12601.8940,0
1753534620000,2.8700,2.8730,2.8700,2.872,4462,1753534679999,12813.0490,146,3346,9609.1560,0
1753534680000,2.8720,2.8730,2.8710,2.871,4655,1753534739999,13369.4280,66,1620,4652.9180,0
1753534740000,2.8710,2.8730,2.8710,2.872,2231,1753534799999,6407.1090,43,1891,5430.9550,0
1753534800000,2.8720,2.8730,2.8700,2.871,5929,1753534859999,17026.2880,145,3467,9956.5200,0
1753534860000,2.8710,2.8710,2.8650,2.866,14645,1753534919999,42012.6370,179,6410,18394.7750,0
1753534920000,2.8660,2.8700,2.8650,2.87,22566,1753534979999,64700.1820,708,18665,53516.2570,0
1753534980000,2.8690,2.8710,2.8680,2.87,31585,1753535039999,90627.4800,162,12045,34561.6840,0
1753535040000,2.8700,2.8780,2.8700,2.878,33026,1753535099999,94904.1470,214,30341,87184.4030,0
1753535100000,2.8780,2.8780,2.8740,2.875,36887,1753535159999,106068.7470,202,32205,92604.9870,0
1753535160000,2.8760,2.8760,2.8730,2.875,52107,1753535219999,149765.9570,120,12448,35785.6910,0
1753535220000,2.8750,2.8750,2.8720,2.873,14163,1753535279999,40704.9670,105,6827,19623.2730,0
1753535280000,2.8730,2.8780,2.8720,2.878,81728,1753535339999,235025.2320,289,73165,210391.9860,0
1753535340000,2.8770,2.8790,2.8760,2.876,17044,1753535399999,49041.9140,153,11879,34180.0010,0
1753535400000,2.8760,2.8770,2.8730,2.875,34819,1753535459999,100119.1940,194,13894,39956.0940,0
1753535460000,2.8740,2.8770,2.8740,2.877,8479,1753535519999,24378.9040,117,7468,21472.2670,0
1753535520000,2.8770,2.8770,2.8730,2.873,3193,1753535579999,9178.0370,120,1368,3931.6710,0
1753535580000,2.8730,2.8780,2.8730,2.876,16039,1753535639999,46119.3650,247,14543,41818.0630,0
1753535640000,2.8760,2.8780,2.8750,2.876,8379,1753535699999,24102.2210,128,3724,10713.3120,0
1753535700000,2.8760,2.8770,2.8720,2.873,25066,1753535759999,72019.1650,124,63,181.0310,0
1753535760000,2.8730,2.8740,2.8690,2.869,34328,1753535819999,98570.0240,236,9358,26881.3550,0
1753535820000,2.8690,2.8710,2.8690,2.869,3686,1753535879999,10576.9360,79,1141,3274.7450,0
1753535880000,2.8690,2.8750,2.8690,2.874,55428,1753535939999,159152.0250,261,49820,143044.6750,0
1753535940000,2.8740,2.8770,2.8740,2.875,18484,1753535999999,53149.5370,148,9038,25987.0790,0
1753536000000,2.8740,2.8750,2.8730,2.875,14303,1753536059999,41116.5400,120,4461,12824.8370,0
1753536060000,2.8750,2.8750,2.8730,2.875,3142,1753536119999,9031.4570,86,1767,5079.3600,0
1753536120000,2.8760,2.8780,2.8760,2.876,12425,1753536179999,35739.2240,109,7564,21757.7660,0
1753536180000,2.8760,2.8770,2.8710,2.871,9484,1753536239999,27270.3540,109,5690,16364.3450,0
1753536240000,2.8710,2.8730,2.8700,2.872,13235,1753536299999,38010.5930,112,10063,28905.9090,0
1753536300000,2.8720,2.8750,2.8720,2.873,28576,1753536359999,82107.9260,180,24299,69819.1450,0
1753536360000,2.8730,2.8750,2.8720,2.873,2985,1753536419999,8577.5280,81,583,1675.5470,0
1753536420000,2.8720,2.8740,2.8720,2.873,6119,1753536479999,17581.0150,123,2838,8154.8830,0
1753536480000,2.8740,2.8750,2.8720,2.872,60610,1753536539999,174147.7660,188,25620,73621.7450,0
1753536540000,2.8720,2.8740,2.8710,2.874,12419,1753536599999,35673.6810,103,9106,26158.9290,0
1753536600000,2.8740,2.8770,2.8730,2.876,32633,1753536659999,93851.1890,643,27990,80502.5490,0
1753536660000,2.8750,2.8780,2.8750,2.876,17233,1753536719999,49563.7220,140,3641,10472.5670,0
1753536720000,2.8760,2.8760,2.8720,2.873,14355,1753536779999,41247.7260,162,2447,7032.4290,0
1753536780000,2.8730,2.8750,2.8700,2.871,7543,1753536839999,21656.8440,129,2253,6471.2900,0
1753536840000,2.8720,2.8740,2.8710,2.872,5664,1753536899999,16266.8930,140,3666,10529.3370,0
1753536900000,2.8720,2.8750,2.8710,2.875,6960,1753536959999,19995.5760,141,2656,7631.5450,0
1753536960000,2.8740,2.8740,2.8730,2.874,2593,1753537019999,7451.2810,69,89,255.7860,0
1753537020000,2.8730,2.8760,2.8720,2.876,10339,1753537079999,29710.8870,132,8071,23193.9180,0
1753537080000,2.8760,2.8780,2.8750,2.877,21426,1753537139999,61638.5500,122,18634,53608.3940,0
1753537140000,2.8770,2.8790,2.8760,2.878,11489,1753537199999,33063.0970,88,10164,29251.3570,0
1753537200000,2.8790,2.8810,2.8790,2.88,18327,1753537259999,52780.2160,161,12818,36914.7070,0
1753537260000,2.8790,2.8820,2.8790,2.881,15610,1753537319999,44966.2070,153,14918,42973.4670,0
1753537320000,2.8810,2.8830,2.8800,2.883,10898,1753537379999,31400.2340,142,6140,17694.7530,0
1753537380000,2.8820,2.8830,2.8800,2.882,29581,1753537439999,85254.9250,148,18991,54735.5120,0
1753537440000,2.8810,2.8830,2.8810,2.882,11967,1753537499999,34485.4520,113,11244,32402.1280,0
1753537500000,2.8820,2.8870,2.8820,2.886,23589,1753537559999,68040.7380,226,19709,56850.6130,0
1753537560000,2.8860,2.8870,2.8810,2.881,79481,1753537619999,229185.1920,259,30121,86845.0360,0
1753537620000,2.8820,2.8820,2.8770,2.88,66194,1753537679999,190558.3460,245,30069,86554.9050,0
1753537680000,2.8790,2.8800,2.8780,2.879,27840,1753537739999,80155.4240,159,24951,71837.4120,0
1753537740000,2.8780,2.8800,2.8780,2.879,40413,1753537799999,116349.8180,120,28045,80742.5690,0
1753537800000,2.8800,2.8840,2.8800,2.883,15913,1753537859999,45857.0330,156,15132,43606.0200,0
1753537860000,2.8830,2.8830,2.8800,2.882,7043,1753537919999,20286.1790,125,3182,9165.6210,0
1753537920000,2.8810,2.8810,2.8770,2.878,26143,1753537979999,75260.6560,152,8913,25656.2490,0
1753537980000,2.8780,2.8790,2.8770,2.878,5489,1753538039999,15796.3510,66,837,2409.6480,0
1753538040000,2.8770,2.8780,2.8750,2.875,4798,1753538099999,13800.5270,88,359,1032.9290,0
1753538100000,2.8750,2.8760,2.8740,2.875,15769,1753538159999,45332.2140,68,1644,4726.6270,0
1753538160000,2.8740,2.8760,2.8720,2.876,15063,1753538219999,43282.4750,131,7019,20169.7680,0
1753538220000,2.8760,2.8760,2.8730,2.873,12598,1753538279999,36212.4970,67,4143,11915.1700,0
1753538280000,2.8730,2.8730,2.8700,2.87,7642,1753538339999,21944.5560,76,1971,5660.7160,0
1753538340000,2.8700,2.8720,2.8700,2.872,42100,1753538399999,120862.3540,184,3691,10598.6180,0
1753538400000,2.8720,2.8750,2.8710,2.873,84359,1753538459999,242401.7640,261,68709,197445.7670,0
1753538460000,2.8730,2.8740,2.8670,2.868,38784,1753538519999,111322.2950,251,18497,53098.3580,0
1753538520000,2.8680,2.8680,2.8630,2.863,52613,1753538579999,150729.0460,331,9567,27404.9070,0
1753538580000,2.8640,2.8690,2.8630,2.868,26519,1753538639999,75995.6940,331,15554,44579.6330,0
1753538640000,2.8680,2.8690,2.8660,2.866,34218,1753538699999,98135.1610,275,7915,22701.9230,0
1753538700000,2.8660,2.8680,2.8650,2.866,28475,1753538759999,81633.0360,248,6798,19489.9750,0
1753538760000,2.8650,2.8680,2.8650,2.868,14842,1753538819999,42545.2220,211,11957,34276.3280,0
1753538820000,2.8690,2.8710,2.8680,2.871,27036,1753538879999,77598.1070,185,12469,35786.4740,0
1753538880000,2.8700,2.8720,2.8680,2.868,5431,1753538939999,15585.6560,124,3497,10036.0010,0
1753538940000,2.8690,2.8750,2.8690,2.875,48300,1753538999999,138640.7040,150,39573,113602.7750,0
1753539000000,2.8750,2.8760,2.8720,2.876,81399,1753539059999,233944.6550,247,67336,193515.3540,0
1753539060000,2.8760,2.8780,2.8720,2.876,79240,1753539119999,227768.7230,319,20217,58125.4120,0
1753539120000,2.8760,2.8760,2.8700,2.871,27356,1753539179999,78590.2190,177,11396,32748.3860,0
1753539180000,2.8700,2.8730,2.8700,2.871,24657,1753539239999,70797.4740,149,17220,49441.9450,0
1753539240000,2.8710,2.8740,2.8710,2.873,29362,1753539299999,84328.7760,208,7152,20541.9420,0
1753539300000,2.8730,2.8750,2.8720,2.873,7800,1753539359999,22409.9590,203,5316,15274.6620,0
1753539360000,2.8740,2.8740,2.8700,2.872,18359,1753539419999,52726.1460,128,13745,39474.1920,0
1753539420000,2.8720,2.8740,2.8720,2.874,9542,1753539479999,27412.9830,121,8273,23768.0000,0
1753539480000,2.8740,2.8790,2.8740,2.877,9690,1753539539999,27878.1410,136,7379,21229.7620,0
1753539540000,2.8780,2.8790,2.8760,2.877,4293,1753539599999,12352.2110,77,2683,7719.8960,0
1753539600000,2.8770,2.8800,2.8750,2.879,24904,1753539659999,71649.8860,150,5671,16317.2120,0
1753539660000,2.8800,2.8820,2.8780,2.881,24776,1753539719999,71365.1380,151,19891,57295.3360,0
1753539720000,2.8820,2.8830,2.8800,2.883,8700,1753539779999,25070.6010,133,4488,12935.0690,0
1753539780000,2.8820,2.8830,2.8800,2.88,19010,1753539839999,54767.2990,89,15511,44687.1970,0
1753539840000,2.8790,2.8810,2.8770,2.877,7114,1753539899999,20485.3330,93,3874,11157.3960,0
1753539900000,2.8770,2.8770,2.8720,2.872,23202,1753539959999,66673.7370,155,4391,12615.8110,0
1753539960000,2.8710,2.8730,2.8690,2.869,15484,1753540019999,44455.0470,126,4714,13537.9070,0
1753540020000,2.8700,2.8700,2.8640,2.869,106962,1753540079999,306588.9080,404,72803,208692.6940,0
1753540080000,2.8680,2.8690,2.8610,2.862,48388,1753540139999,138618.6090,238,24827,71110.2830,0
1753540140000,2.8620,2.8660,2.8610,2.866,16043,1753540199999,45947.9740,169,13272,38016.1720,0
1753540200000,2.8660,2.8700,2.8650,2.868,27735,1753540259999,79551.9860,160,20569,58997.3440,0
1753540260000,2.8680,2.8710,2.8680,2.87,13202,1753540319999,37879.2540,121,9699,27828.2280,0
1753540320000,2.8700,2.8700,2.8660,2.867,21571,1753540379999,61850.0480,128,10994,31520.6880,0
1753540380000,2.8660,2.8670,2.8630,2.866,40305,1753540439999,115481.9020,178,10618,30417.1330,0
1753540440000,2.8660,2.8680,2.8660,2.867,17311,1753540499999,49630.6320,110,13665,39178.2210,0
1753540500000,2.8670,2.8670,2.8620,2.864,23777,1753540559999,68095.3820,191,9331,26723.9870,0
1753540560000,2.8640,2.8650,2.8610,2.865,23095,1753540619999,66111.1570,187,11789,33749.2690,0
1753540620000,2.8650,2.8670,2.8630,2.863,26661,1753540679999,76384.0420,141,15006,43004.6710,0
1753540680000,2.8640,2.8640,2.8600,2.863,10049,1753540739999,28763.1900,151,5525,15816.5850,0
1753540740000,2.8630,2.8650,2.8620,2.863,18491,1753540799999,52962.8470,154,15011,42997.3840,0
1753540800000,2.8640,2.8650,2.8610,2.862,21928,1753540859999,62809.9680,115,15278,43770.7590,0
1753540860000,2.8620,2.8640,2.8610,2.863,12440,1753540919999,35608.2030,144,9865,28238.5560,0
1753540920000,2.8640,2.8660,2.8640,2.865,11884,1753540979999,34044.9220,150,9307,26661.8800,0
1753540980000,2.8640,2.8660,2.8600,2.863,154903,1753541039999,443360.4310,357,40511,115945.4570,0
1753541040000,2.8630,2.8650,2.8620,2.864,25070,1753541099999,71784.3830,128,22652,64861.4730,0
1753541100000,2.8650,2.8680,2.8650,2.865,8881,1753541159999,25458.4600,144,5446,15612.4560,0
1753541160000,2.8660,2.8720,2.8660,2.871,30295,1753541219999,86919.7500,137,30131,86449.3480,0
1753541220000,2.8720,2.8760,2.8700,2.876,36258,1753541279999,104161.6880,213,22558,64811.7150,0
1753541280000,2.8750,2.8780,2.8740,2.876,10287,1753541339999,29584.0570,134,7963,22901.2490,0
1753541340000,2.8750,2.8780,2.8750,2.878,24577,1753541399999,70707.2540,96,15401,44309.2810,0
1753541400000,2.8780,2.8790,2.8750,2.879,20394,1753541459999,58675.3870,173,7975,22948.7510,0
1753541460000,2.8790,2.8810,2.8770,2.878,22510,1753541519999,64794.6580,195,17626,50740.0620,0
1753541520000,2.8780,2.8810,2.8770,2.881,21183,1753541579999,60996.7960,128,17207,49550.6890,0
1753541580000,2.8820,2.8850,2.8820,2.884,52477,1753541639999,151283.1430,165,19857,57244.1240,0
1753541640000,2.8840,2.8840,2.8680,2.87,102344,1753541699999,294381.7880,566,38927,111845.2600,0
1753541700000,2.8700,2.8760,2.8700,2.876,30843,1753541759999,88616.8680,171,27094,77847.9180,0
1753541760000,2.8760,2.8770,2.8720,2.873,14382,1753541819999,41339.6120,146,5021,14439.9960,0
1753541820000,2.8730,2.8750,2.8710,2.872,12733,1753541879999,36591.1100,112,9348,26865.5580,0
1753541880000,2.8720,2.8740,2.8710,2.872,23749,1753541939999,68222.8310,108,5465,15701.3660,0
1753541940000,2.8730,2.8730,2.8680,2.87,43701,1753541999999,125385.6510,128,10601,30424.2470,0
1753542000000,2.8690,2.8710,2.8670,2.87,20085,1753542059999,57610.2060,262,14851,42599.7090,0
1753542060000,2.8710,2.8790,2.8700,2.876,60728,1753542119999,174624.4040,342,49896,143472.7390,0
1753542120000,2.8770,2.8810,2.8770,2.881,11244,1753542179999,32367.2370,149,10193,29341.7100,0
1753542180000,2.8810,2.8810,2.8770,2.879,37910,1753542239999,109140.1500,207,22436,64590.0450,0
1753542240000,2.8790,2.8810,2.8770,2.878,27149,1753542299999,78166.8610,165,6366,18328.1450,0
1753542300000,2.8780,2.8890,2.8780,2.889,289245,1753542359999,834445.5340,825,262449,757066.5100,0
1753542360000,2.8890,2.8910,2.8840,2.884,37033,1753542419999,106955.4130,246,9252,26716.7650,0
1753542420000,2.8830,2.8850,2.8810,2.885,32594,1753542479999,93978.1220,185,17196,49577.2730,0
1753542480000,2.8840,2.8840,2.8780,2.88,79614,1753542539999,229389.4930,165,8618,24817.5650,0
1753542540000,2.8800,2.8800,2.8770,2.878,11624,1753542599999,33457.5230,118,6112,17593.5860,0
1753542600000,2.8780,2.8800,2.8750,2.877,46007,1753542659999,132339.0660,308,22732,65405.2240,0
1753542660000,2.8770,2.8780,2.8730,2.873,46271,1753542719999,133027.8670,184,15039,43246.5660,0
1753542720000,2.8720,2.8730,2.8670,2.868,41561,1753542779999,119203.9690,283,5191,14893.3250,0
1753542780000,2.8680,2.8700,2.8670,2.867,14730,1753542839999,42256.3290,248,10754,30852.0760,0
1753542840000,2.8680,2.8680,2.8650,2.867,11520,1753542899999,33022.1260,135,7892,22623.2910,0
1753542900000,2.8660,2.8700,2.8660,2.867,15612,1753542959999,44765.1430,188,8054,23099.0960,0
1753542960000,2.8670,2.8690,2.8630,2.866,71120,1753543019999,203799.7070,301,36390,104319.9250,0
1753543020000,2.8660,2.8680,2.8600,2.861,44780,1753543079999,128271.6500,266,10593,30324.9710,0
1753543080000,2.8600,2.8630,2.8580,2.862,38565,1753543139999,110311.2060,252,15327,43848.3830,0
1753543140000,2.8620,2.8650,2.8620,2.864,13744,1753543199999,39361.0070,150,8380,24001.0640,0
1753543200000,2.8640,2.8640,2.8590,2.86,11716,1753543259999,33524.2250,153,1633,4673.4600,0
1753543260000,2.8600,2.8620,2.8570,2.862,49494,1753543319999,141478.1560,190,8037,22984.5950,0
1753543320000,2.8620,2.8660,2.8610,2.864,9443,1753543379999,27042.1990,130,6365,18232.6030,0
1753543380000,2.8640,2.8670,2.8620,2.866,12600,1753543439999,36084.5110,118,8631,24719.1900,0
1753543440000,2.8660,2.8660,2.8630,2.863,8336,1753543499999,23877.8780,99,1133,3244.9260,0
1753543500000,2.8630,2.8700,2.8630,2.87,33828,1753543559999,97003.6270,260,23159,66402.3530,0
1753543560000,2.8700,2.8730,2.8690,2.87,27033,1753543619999,77607.7430,203,16506,47386.1260,0
1753543620000,2.8700,2.8710,2.8680,2.869,4767,1753543679999,13675.9310,92,2271,6515.7960,0
1753543680000,2.8680,2.8690,2.8660,2.866,2933,1753543739999,8410.5690,63,272,780.3090,0
1753543740000,2.8670,2.8690,2.8660,2.869,8149,1753543799999,23367.1400,127,7404,21231.8820,0
1753543800000,2.8700,2.8700,2.8640,2.87,21410,1753543859999,61394.2240,169,14115,40485.9700,0
1753543860000,2.8690,2.8740,2.8690,2.871,21304,1753543919999,61155.3640,169,18767,53870.4110,0
1753543920000,2.8700,2.8720,2.8680,2.87,10261,1753543979999,29445.4350,131,7342,21069.0410,0
1753543980000,2.8690,2.8720,2.8660,2.872,9000,1753544039999,25822.3610,127,5076,14563.9180,0
1753544040000,2.8720,2.8730,2.8710,2.872,2095,1753544099999,6015.5660,77,124,356.1270,0
1753544100000,2.8720,2.8750,2.8710,2.873,14483,1753544159999,41611.7780,201,8095,23257.4690,0
1753544160000,2.8730,2.8740,2.8690,2.869,12264,1753544219999,35210.4310,134,3981,11430.7960,0
1753544220000,2.8690,2.8710,2.8690,2.869,5538,1753544279999,15895.2090,72,3872,11113.8280,0
1753544280000,2.8690,2.8700,2.8650,2.87,62915,1753544339999,180371.6550,225,35274,101167.0520,0
1753544340000,2.8700,2.8730,2.8690,2.873,79743,1753544399999,228935.2550,193,52143,149709.2980,0
1753544400000,2.8720,2.8740,2.8710,2.873,14643,1753544459999,42057.8300,172,8101,23269.2020,0
1753544460000,2.8720,2.8740,2.8720,2.874,8703,1753544519999,25006.4120,124,7032,20205.6270,0
1753544520000,2.8750,2.8760,2.8730,2.874,24383,1753544579999,70098.7900,146,8860,25472.5450,0
1753544580000,2.8740,2.8750,2.8720,2.873,7636,1753544639999,21940.2920,120,4585,13174.3980,0
1753544640000,2.8740,2.8740,2.8700,2.871,3921,1753544699999,11259.6270,90,1973,5664.7670,0
1753544700000,2.8700,2.8720,2.8690,2.87,9919,1753544759999,28473.2750,210,6063,17405.5140,0
1753544760000,2.8710,2.8710,2.8690,2.87,1470,1753544819999,4219.1810,59,973,2792.8510,0
1753544820000,2.8700,2.8750,2.8700,2.872,39010,1753544879999,112029.1100,187,35758,102688.4100,0
1753544880000,2.8730,2.8790,2.8730,2.879,11239,1753544939999,32316.9020,141,9938,28574.9450,0
1753544940000,2.8800,2.8800,2.8770,2.879,10981,1753544999999,31602.7690,129,5560,16001.4170,0
1753545000000,2.8780,2.8830,2.8780,2.883,38236,1753545059999,110157.3070,195,31299,90172.6610,0
1753545060000,2.8840,2.8880,2.8820,2.883,23115,1753545119999,66676.3700,199,11255,32471.3160,0
1753545120000,2.8830,2.8840,2.8820,2.884,12134,1753545179999,34980.3290,97,8775,25298.2920,0
1753545180000,2.8830,2.8840,2.8820,2.883,32792,1753545239999,94522.2940,146,5025,14486.9300,0
1753545240000,2.8820,2.8830,2.8810,2.882,16275,1753545299999,46902.0080,97,8289,23891.8730,0
1753545300000,2.8830,2.8870,2.8800,2.887,57387,1753545359999,165503.6290,249,52212,150596.3460,0
1753545360000,2.8860,2.8880,2.8850,2.886,16720,1753545419999,48257.5200,110,11121,32098.7250,0
1753545420000,2.8860,2.8870,2.8850,2.885,28898,1753545479999,83396.5840,112,8342,24079.5950,0
1753545480000,2.8850,2.8870,2.8830,2.885,13304,1753545539999,38375.2170,141,5059,14594.2970,0
1753545540000,2.8850,2.8910,2.8850,2.891,24916,1753545599999,71980.1450,182,18012,52037.1210,0
1753545600000,2.8900,2.8960,2.8900,2.896,89845,1753545659999,260014.1150,420,69057,199868.8260,0
1753545660000,2.8970,2.8980,2.8930,2.897,52103,1753545719999,150853.5070,345,22890,66277.9580,0
1753545720000,2.8970,2.9000,2.8940,2.895,93414,1753545779999,270721.3520,441,59937,173716.9870,0
1753545780000,2.8950,2.8960,2.8910,2.895,99192,1753545839999,286998.6420,309,59604,172474.7020,0
1753545840000,2.8950,2.8970,2.8940,2.897,46632,1753545899999,134980.8160,221,25479,73763.9560,0
1753545900000,2.8970,2.8990,2.8940,2.897,70317,1753545959999,203698.4200,229,53654,155432.3890,0
1753545960000,2.8970,2.8970,2.8890,2.891,60105,1753546019999,173837.5570,357,21938,63431.6300,0
1753546020000,2.8910,2.8920,2.8860,2.889,92788,1753546079999,268047.1540,491,46824,135270.4330,0
1753546080000,2.8890,2.8940,2.8880,2.888,28549,1753546139999,82508.5370,202,21588,62393.1980,0
1753546140000,2.8890,2.8890,2.8840,2.886,66609,1753546199999,192258.4220,279,32992,95251.9050,0
1753546200000,2.8870,2.8880,2.8820,2.884,23733,1753546259999,68505.6120,192,4339,12520.5630,0
1753546260000,2.8840,2.8880,2.8820,2.886,42022,1753546319999,121232.9460,234,25205,72734.3480,0
1753546320000,2.8850,2.8870,2.8850,2.886,111539,1753546379999,321918.6480,252,71329,205885.0930,0
1753546380000,2.8860,2.8920,2.8850,2.892,86888,1753546439999,250992.9240,266,80666,233031.7720,0
1753546440000,2.8910,2.8920,2.8870,2.888,14775,1753546499999,42685.3290,213,6214,17954.3800,0
1753546500000,2.8880,2.8940,2.8880,2.893,63145,1753546559999,182639.6410,291,59751,172835.2310,0
1753546560000,2.8940,2.8990,2.8940,2.897,150575,1753546619999,436112.7560,354,125407,363214.6840,0
1753546620000,2.8970,2.9040,2.8960,2.902,144538,1753546679999,419408.3070,462,133484,387336.5630,0
1753546680000,2.9020,2.9080,2.9000,2.905,103013,1753546739999,299136.4880,415,54879,159428.7250,0
1753546740000,2.9050,2.9060,2.9000,2.904,74350,1753546799999,215756.8050,305,33949,98534.9780,0
1753546800000,2.9030,2.9060,2.9000,2.905,63779,1753546859999,185134.6540,412,35828,104028.2460,0
1753546860000,2.9060,2.9150,2.9060,2.91,131389,1753546919999,382410.2190,613,91905,267479.6440,0
1753546920000,2.9110,2.9120,2.9050,2.911,100893,1753546979999,293495.2250,337,56241,163615.2650,0
1753546980000,2.9110,2.9110,2.9080,2.909,33995,1753547039999,98908.0970,194,8075,23497.6260,0
1753547040000,2.9100,2.9140,2.9090,2.912,88650,1753547099999,258028.6130,226,65081,189417.5540,0
1753547100000,2.9120,2.9120,2.9070,2.907,71570,1753547159999,208266.7730,265,29092,84682.5450,0
1753547160000,2.9080,2.9100,2.9050,2.909,29878,1753547219999,86874.2960,256,19940,57984.0730,0
1753547220000,2.9090,2.9120,2.9060,2.906,75381,1753547279999,219318.7020,322,39098,113746.3130,0
1753547280000,2.9050,2.9070,2.9040,2.906,74883,1753547339999,217555.3240,254,43213,125558.2600,0
1753547340000,2.9060,2.9060,2.9040,2.906,39272,1753547399999,114086.1140,159,28447,82639.8590,0
1753547400000,2.9060,2.9120,2.9060,2.911,31031,1753547459999,90240.9660,779,25205,73302.7280,0
1753547460000,2.9120,2.9140,2.9090,2.912,37014,1753547519999,107773.9270,231,24402,71064.0210,0
1753547520000,2.9110,2.9190,2.9100,2.916,274391,1753547579999,799998.8850,838,235768,687414.7050,0
1753547580000,2.9150,2.9170,2.9090,2.91,62780,1753547639999,182916.6030,290,17460,50868.5850,0
1753547640000,2.9100,2.9100,2.9040,2.906,47753,1753547699999,138825.0960,223,25307,73556.9590,0
1753547700000,2.9050,2.9100,2.9040,2.908,92319,1753547759999,268394.3230,351,59763,173724.8230,0
1753547760000,2.9070,2.9100,2.9070,2.91,19691,1753547819999,57278.6690,206,10588,30798.3060,0
1753547820000,2.9100,2.9140,2.9080,2.908,49867,1753547879999,145143.9630,280,30840,89748.6350,0
1753547880000,2.9080,2.9090,2.9060,2.909,92115,1753547939999,267811.7680,268,49955,145231.3450,0
1753547940000,2.9090,2.9120,2.9060,2.91,67774,1753547999999,197172.7920,285,47729,138849.1810,0
1753548000000,2.9090,2.9120,2.9080,2.911,49470,1753548059999,143965.3180,192,27216,79213.1950,0
1753548060000,2.9120,2.9120,2.9070,2.907,40114,1753548119999,116684.8960,188,21728,63194.9380,0
1753548120000,2.9060,2.9130,2.9060,2.913,26111,1753548179999,75969.0110,300,16119,46897.8080,0
1753548180000,2.9120,2.9130,2.9060,2.906,17778,1753548239999,51728.2950,189,3606,10493.3180,0
1753548240000,2.9060,2.9070,2.9030,2.907,13482,1753548299999,39171.4920,200,9761,28362.1880,0
1753548300000,2.9070,2.9080,2.8960,2.896,90438,1753548359999,262347.3680,382,24100,69977.0850,0
1753548360000,2.8970,2.8980,2.8950,2.898,48893,1753548419999,141631.7970,302,23199,67204.9370,0
1753548420000,2.8980,2.9010,2.8970,2.899,33428,1753548479999,96917.3730,301,24000,69585.2600,0
1753548480000,2.8990,2.9010,2.8960,2.9,82201,1753548539999,238210.4870,229,33838,98063.0920,0
1753548540000,2.8990,2.9010,2.8970,2.9,17451,1753548599999,50593.0360,143,9701,28123.0860,0
1753548600000,2.8990,2.9050,2.8990,2.905,23934,1753548659999,69476.9140,269,13682,39725.9580,0
1753548660000,2.9040,2.9100,2.9040,2.906,46129,1753548719999,134134.3050,240,31401,91308.6450,0
1753548720000,2.9060,2.9060,2.9040,2.905,22326,1753548779999,64849.3950,101,7184,20870.0010,0
1753548780000,2.9040,2.9050,2.8990,2.901,14253,1753548839999,41350.2860,135,9941,28839.2130,0
1753548840000,2.9000,2.9000,2.8950,2.897,16203,1753548899999,46943.6500,138,4763,13797.7890,0
1753548900000,2.8960,2.8960,2.8930,2.894,16133,1753548959999,46699.3540,122,6259,18113.7930,0
1753548960000,2.8930,2.8970,2.8930,2.895,39155,1753549019999,113385.0500,140,19297,55887.2480,0
1753549020000,2.8950,2.8980,2.8940,2.894,29635,1753549079999,85833.3880,168,22959,66504.3660,0
1753549080000,2.8950,2.8970,2.8950,2.897,3879,1753549139999,11231.7800,85,2836,8211.8320,0
1753549140000,2.8970,2.8990,2.8950,2.899,16796,1753549199999,48657.9310,124,8962,25962.9480,0
1753549200000,2.8980,2.9000,2.8960,2.898,22308,1753549259999,64642.2870,189,15951,46222.6760,0
1753549260000,2.8990,2.9020,2.8970,2.898,18424,1753549319999,53434.7330,217,6069,17597.5840,0
1753549320000,2.8980,2.8980,2.8900,2.89,25458,1753549379999,73657.1430,197,2187,6332.9810,0
1753549380000,2.8900,2.8920,2.8890,2.89,29634,1753549439999,85645.9630,163,9361,27056.5350,0
1753549440000,2.8900,2.8900,2.8860,2.889,85318,1753549499999,246435.7430,348,38569,111448.8460,0
1753549500000,2.8890,2.8900,2.8860,2.89,18298,1753549559999,52839.4460,134,10174,29378.3280,0
1753549560000,2.8890,2.8890,2.8810,2.881,22820,1753549619999,65842.5960,179,8942,25807.3400,0
1753549620000,2.8810,2.8820,2.8780,2.881,56542,1753549679999,162836.3250,250,15756,45380.0070,0
1753549680000,2.8810,2.8820,2.8790,2.88,35907,1753549739999,103410.8910,161,20081,57825.9860,0
1753549740000,2.8800,2.8810,2.8770,2.877,161690,1753549799999,465642.9440,325,61844,178098.2570,0
1753549800000,2.8780,2.8800,2.8770,2.878,44389,1753549859999,127751.4300,181,23066,66378.7010,0
1753549860000,2.8770,2.8780,2.8750,2.878,42221,1753549919999,121425.2330,212,13278,38195.4820,0
1753549920000,2.8780,2.8800,2.8770,2.879,20933,1753549979999,60247.1530,153,8107,23334.3310,0
1753549980000,2.8790,2.8830,2.8790,2.881,24150,1753550039999,69594.5900,175,13591,39163.6450,0
1753550040000,2.8810,2.8820,2.8800,2.881,13701,1753550099999,39472.7840,74,4670,13454.5230,0
1753550100000,2.8800,2.8800,2.8760,2.877,25273,1753550159999,72725.8450,155,11485,33048.8460,0
1753550160000,2.8780,2.8820,2.8770,2.882,18960,1753550219999,54578.6510,167,6890,19838.9320,0
1753550220000,2.8820,2.8830,2.8800,2.881,15648,1753550279999,45073.9870,92,12373,35640.3160,0
1753550280000,2.8820,2.8870,2.8810,2.882,23998,1753550339999,69239.9090,179,15877,45804.9140,0
1753550340000,2.8810,2.8840,2.8800,2.883,16377,1753550399999,47214.9280,84,9567,27586.5080,0
1753550400000,2.8820,2.8850,2.8800,2.885,14421,1753550459999,41572.9910,131,10170,29322.3220,0
1753550460000,2.8850,2.8850,2.8820,2.883,10347,1753550519999,29839.1420,95,5921,17073.8860,0
1753550520000,2.8830,2.8840,2.8810,2.883,17248,1753550579999,49722.0960,86,12334,35557.9900,0
1753550580000,2.8830,2.8860,2.8830,2.886,11789,1753550639999,34008.8660,66,5743,16567.2550,0
1753550640000,2.8860,2.8870,2.8810,2.882,13742,1753550699999,39626.5760,119,3123,9008.8990,0
1753550700000,2.8820,2.8840,2.8790,2.881,27834,1753550759999,80170.9910,124,14700,42332.2580,0
1753550760000,2.8810,2.8830,2.8800,2.883,7900,1753550819999,22766.6550,93,4623,13322.3920,0
1753550820000,2.8830,2.8840,2.8810,2.882,4669,1753550879999,13455.4710,101,3651,10521.6820,0
1753550880000,2.8820,2.8860,2.8820,2.886,17012,1753550939999,49066.7880,98,16279,46954.2420,0
1753550940000,2.8860,2.8870,2.8820,2.883,2414,1753550999999,6964.0780,68,1282,3698.9380,0
1753551000000,2.8820,2.8840,2.8790,2.879,9754,1753551059999,28111.9680,100,7521,21677.2650,0
1753551060000,2.8790,2.8800,2.8740,2.875,10843,1753551119999,31198.1250,159,7362,21183.7400,0
1753551120000,2.8750,2.8750,2.8700,2.872,35650,1753551179999,102379.1020,205,13390,38458.7790,0
1753551180000,2.8730,2.8760,2.8730,2.876,16618,1753551239999,47770.3240,118,11143,32033.5120,0
1753551240000,2.8760,2.8760,2.8740,2.875,23516,1753551299999,67616.1820,106,15068,43333.0380,0
1753551300000,2.8740,2.8770,2.8730,2.877,25137,1753551359999,72285.6100,153,10937,31449.0090,0
1753551360000,2.8760,2.8770,2.8750,2.876,19902,1753551419999,57244.0270,114,7517,21620.6060,0
1753551420000,2.8760,2.8760,2.8730,2.873,22499,1753551479999,64661.3270,77,15752,45270.7400,0
1753551480000,2.8740,2.8740,2.8710,2.871,17776,1753551539999,51047.0420,108,8163,23444.1560,0
1753551540000,2.8700,2.8720,2.8690,2.872,22719,1753551599999,65207.6010,105,13887,39859.0990,0
1753551600000,2.8720,2.8740,2.8700,2.872,15404,1753551659999,44249.0000,121,5706,16392.0470,0
1753551660000,2.8720,2.8730,2.8700,2.872,6343,1753551719999,18212.0670,95,1382,3968.2270,0
1753551720000,2.8710,2.8710,2.8690,2.869,7116,1753551779999,20425.8090,99,1639,4705.4390,0
1753551780000,2.8700,2.8700,2.8660,2.87,44583,1753551839999,127863.2170,271,10208,29277.6420,0
1753551840000,2.8690,2.8700,2.8680,2.869,43121,1753551899999,123737.8500,163,34878,100089.7960,0
1753551900000,2.8680,2.8690,2.8670,2.869,18322,1753551959999,52545.6310,132,2895,8303.9430,0
1753551960000,2.8700,2.8720,2.8690,2.871,6646,1753552019999,19075.7590,107,4465,12816.2330,0
1753552020000,2.8710,2.8710,2.8670,2.867,8051,1753552079999,23101.1420,58,651,1867.4130,0
1753552080000,2.8670,2.8720,2.8670,2.872,12095,1753552139999,34713.7350,139,10219,29329.5690,0
1753552140000,2.8710,2.8720,2.8710,2.872,2928,1753552199999,8406.3980,59,110,315.9200,0
1753552200000,2.8710,2.8720,2.8690,2.87,38102,1753552259999,109353.8970,116,22266,63904.4890,0
1753552260000,2.8700,2.8720,2.8690,2.871,4823,1753552319999,13842.7770,72,4118,11819.5200,0
1753552320000,2.8710,2.8720,2.8680,2.869,5615,1753552379999,16122.2520,69,3396,9753.0360,0
1753552380000,2.8690,2.8710,2.8690,2.87,4362,1753552439999,12518.2150,86,3861,11080.6660,0
1753552440000,2.8710,2.8710,2.8680,2.87,12028,1753552499999,34517.2760,83,3853,11057.3820,0
1753552500000,2.8710,2.8730,2.8700,2.873,8180,1753552559999,23489.8650,121,7153,20540.4910,0
1753552560000,2.8730,2.8750,2.8720,2.875,2984,1753552619999,8574.1220,75,2931,8421.7650,0
1753552620000,2.8760,2.8780,2.8750,2.876,23944,1753552679999,68871.8190,136,5461,15709.0650,0
1753552680000,2.8750,2.8780,2.8750,2.877,9185,1753552739999,26418.0810,112,6530,18781.5210,0
1753552740000,2.8760,2.8780,2.8740,2.875,20450,1753552799999,58797.6590,127,2269,6525.8060,0
1753552800000,2.8750,2.8760,2.8730,2.874,24838,1753552859999,71401.7930,229,19943,57331.7860,0
1753552860000,2.8740,2.8750,2.8720,2.874,6229,1753552919999,17900.7280,119,3388,9736.7620,0
1753552920000,2.8740,2.8760,2.8740,2.875,19046,1753552979999,54766.6640,244,13343,38366.7670,0
1753552980000,2.8750,2.8810,2.8740,2.881,10869,1753553039999,31274.9230,131,9807,28221.7550,0
1753553040000,2.8810,2.8840,2.8810,2.884,21820,1753553099999,62884.0100,132,16159,46570.9520,0
1753553100000,2.8840,2.8840,2.8790,2.88,29736,1753553159999,85685.8460,179,6079,17509.3460,0
1753553160000,2.8800,2.8810,2.8780,2.881,11604,1753553219999,33418.0750,142,4884,14065.6400,0
1753553220000,2.8810,2.8820,2.8800,2.882,3383,1753553279999,9746.4750,82,1283,3696.6550,0
1753553280000,2.8810,2.8820,2.8790,2.88,10087,1753553339999,29054.5190,142,4315,12427.2120,0
1753553340000,2.8800,2.8810,2.8760,2.876,3371,1753553399999,9701.0430,73,278,799.9680,0
1753553400000,2.8750,2.8790,2.8740,2.879,12740,1753553459999,36639.3580,170,11063,31817.6120,0
1753553460000,2.8790,2.8790,2.8770,2.877,7567,1753553519999,21772.9790,89,5494,15808.2330,0
1753553520000,2.8770,2.8780,2.8750,2.876,5496,1753553579999,15810.1680,115,3443,9904.8570,0
1753553580000,2.8760,2.8770,2.8730,2.875,5992,1753553639999,17227.2350,141,3066,8816.3360,0
1753553640000,2.8750,2.8770,2.8750,2.876,4301,1753553699999,12367.4760,107,3650,10495.6450,0
1753553700000,2.8750,2.8760,2.8690,2.869,21969,1753553759999,63096.3080,213,3510,10075.0460,0
1753553760000,2.8700,2.8700,2.8570,2.86,219562,1753553819999,628558.9260,751,22730,65108.9580,0
1753553820000,2.8610,2.8610,2.8560,2.859,58175,1753553879999,166233.4500,329,14383,41109.5280,0
1753553880000,2.8590,2.8630,2.8590,2.862,46905,1753553939999,134224.0220,271,30304,86717.1170,0
1753553940000,2.8620,2.8660,2.8610,2.866,35161,1753553999999,100696.2180,173,24291,69563.4870,0
1753554000000,2.8660,2.8680,2.8660,2.866,15628,1753554059999,44802.4670,104,11109,31849.2790,0
1753554060000,2.8660,2.8690,2.8650,2.867,11779,1753554119999,33772.4790,171,4235,12144.1880,0
1753554120000,2.8680,2.8720,2.8670,2.872,56330,1753554179999,161672.7070,167,51888,148922.4060,0
1753554180000,2.8710,2.8750,2.8710,2.875,27828,1753554239999,79954.6070,171,26585,76384.4510,0
1753554240000,2.8750,2.8750,2.8740,2.875,21223,1753554299999,61007.5120,95,11823,33989.9980,0
1753554300000,2.8750,2.8760,2.8730,2.873,23582,1753554359999,67784.0830,112,5166,14848.4680,0
1753554360000,2.8730,2.8810,2.8730,2.881,24471,1753554419999,70426.6320,223,16897,48636.4300,0
1753554420000,2.8810,2.8810,2.8790,2.879,19718,1753554479999,56779.8970,106,11508,33138.0690,0
1753554480000,2.8790,2.8800,2.8760,2.879,13213,1753554539999,38023.8800,116,7764,22345.4580,0
1753554540000,2.8780,2.8800,2.8780,2.88,8430,1753554599999,24270.0230,89,6167,17755.0990,0
1753554600000,2.8800,2.8820,2.8790,2.881,19490,1753554659999,56144.6330,187,17239,49661.2240,0
1753554660000,2.8820,2.8830,2.8770,2.879,11289,1753554719999,32515.9260,134,3941,11354.3950,0
1753554720000,2.8790,2.8810,2.8780,2.881,8894,1753554779999,25614.7300,167,8037,23146.7490,0
1753554780000,2.8810,2.8830,2.8800,2.882,35955,1753554839999,103633.9240,215,31713,91411.0880,0
1753554840000,2.8830,2.8840,2.8820,2.884,9076,1753554899999,26166.7320,98,4518,13026.4520,0
1753554900000,2.8840,2.8860,2.8830,2.884,7504,1753554959999,21648.8740,97,3184,9186.6640,0
1753554960000,2.8840,2.8870,2.8830,2.886,13566,1753555019999,39124.7230,179,9801,28267.4220,0
1753555020000,2.8860,2.8890,2.8850,2.886,13239,1753555079999,38227.4580,153,6944,20049.3150,0
1753555080000,2.8870,2.8910,2.8870,2.889,31711,1753555139999,91628.0960,215,19567,56541.1660,0
1753555140000,2.8900,2.8920,2.8880,2.891,34752,1753555199999,100445.9210,148,25393,73392.8730,0
1753555200000,2.8910,2.8930,2.8900,2.892,21192,1753555259999,61276.9470,156,17079,49382.3970,0
1753555260000,2.8920,2.8950,2.8910,2.895,35266,1753555319999,102039.3150,283,32205,93183.5700,0
1753555320000,2.8950,2.8970,2.8920,2.892,108003,1753555379999,312562.2440,348,41477,120048.0640,0
1753555380000,2.8920,2.8950,2.8920,2.895,65660,1753555439999,189979.0310,238,45869,132720.9200,0
1753555440000,2.8950,2.9020,2.8950,2.901,239405,1753555499999,694216.3460,335,216563,628031.7620,0
1753555500000,2.9000,2.9020,2.8960,2.897,30320,1753555559999,87928.4180,241,12668,36731.4830,0
1753555560000,2.8970,2.9030,2.8970,2.9,31116,1753555619999,90257.2410,214,20644,59871.9340,0
1753555620000,2.9000,2.9040,2.8990,2.904,30284,1753555679999,87827.5510,158,10238,29704.1810,0
1753555680000,2.9040,2.9060,2.9020,2.904,31070,1753555739999,90249.1640,184,14108,40978.8260,0
1753555740000,2.9050,2.9090,2.9040,2.908,23952,1753555799999,69641.0310,189,20913,60804.3590,0
1753555800000,2.9080,2.9090,2.9070,2.909,22537,1753555859999,65542.5370,117,13951,40574.4510,0
1753555860000,2.9090,2.9140,2.9090,2.913,37793,1753555919999,110010.6950,257,19279,56121.9220,0
1753555920000,2.9120,2.9130,2.9100,2.913,18954,1753555979999,55186.6610,158,15202,44262.9000,0
1753555980000,2.9130,2.9150,2.9120,2.913,29446,1753556039999,85788.4570,186,11048,32195.2850,0
1753556040000,2.9140,2.9160,2.9130,2.916,59534,1753556099999,173513.7260,250,47225,137643.5980,0
1753556100000,2.9150,2.9180,2.9150,2.918,40801,1753556159999,119004.6180,219,19692,57438.1100,0
1753556160000,2.9180,2.9190,2.9170,2.919,31618,1753556219999,92266.8270,191,20328,59323.7370,0
1753556220000,2.9190,2.9220,2.9170,2.918,51309,1753556279999,149810.3340,307,41420,120942.4120,0
1753556280000,2.9180,2.9190,2.9140,2.915,21867,1753556339999,63793.3360,130,8400,24505.1020,0
1753556340000,2.9150,2.9170,2.9130,2.916,31722,1753556399999,92468.0620,327,24204,70557.3700,0
1753556400000,2.9170,2.9220,2.9170,2.921,44948,1753556459999,131237.2100,391,33869,98880.5490,0
1753556460000,2.9200,2.9260,2.9190,2.926,122013,1753556519999,356588.5960,620,67547,197386.6450,0
1753556520000,2.9260,2.9350,2.9260,2.933,161213,1753556579999,472418.5160,836,122956,360337.0160,0
1753556580000,2.9340,2.9340,2.9260,2.93,161944,1753556639999,474336.2900,690,76886,225170.5790,0
1753556640000,2.9300,2.9340,2.9290,2.932,57744,1753556699999,169270.9080,273,35753,104792.2090,0
1753556700000,2.9320,2.9340,2.9300,2.932,63079,1753556759999,184929.7020,246,52352,153482.6640,0
1753556760000,2.9310,2.9340,2.9280,2.931,37341,1753556819999,109456.8970,239,17098,50119.1960,0
1753556820000,2.9300,2.9330,2.9290,2.929,32975,1753556879999,96627.7740,247,16153,47334.7120,0
1753556880000,2.9300,2.9300,2.9250,2.926,68560,1753556939999,200641.7860,294,14762,43213.5140,0
1753556940000,2.9260,2.9270,2.9210,2.923,33053,1753556999999,96670.5190,271,9763,28557.3790,0
1753557000000,2.9230,2.9230,2.9180,2.92,17691,1753557059999,51662.8960,208,8021,23426.8330,0
1753557060000,2.9210,2.9220,2.9200,2.92,29476,1753557119999,86104.8340,276,23111,67516.7750,0
1753557120000,2.9190,2.9220,2.9190,2.921,22155,1753557179999,64690.8980,197,14403,42060.6140,0
1753557180000,2.9210,2.9230,2.9200,2.922,8655,1753557239999,25286.4830,199,5149,15044.3470,0
1753557240000,2.9220,2.9230,2.9200,2.923,25079,1753557299999,73254.6470,253,13581,39677.8630,0
1753557300000,2.9230,2.9270,2.9220,2.926,17764,1753557359999,51940.6200,277,11392,33310.2270,0
1753557360000,2.9260,2.9270,2.9230,2.923,12444,1753557419999,36396.6490,197,5676,16600.6990,0
1753557420000,2.9220,2.9230,2.9170,2.92,25109,1753557479999,73311.1350,229,9992,29195.7260,0
1753557480000,2.9190,2.9280,2.9190,2.928,25521,1753557539999,74611.1390,283,24123,70521.3210,0
1753557540000,2.9280,2.9280,2.9240,2.924,22517,1753557599999,65862.1220,194,15140,44279.3280,0
1753557600000,2.9240,2.9240,2.9200,2.922,17519,1753557659999,51181.8710,210,4822,14090.1540,0
1753557660000,2.9220,2.9220,2.9160,2.917,17219,1753557719999,50251.8820,187,4622,13484.3460,0
1753557720000,2.9160,2.9160,2.9130,2.913,24166,1753557779999,70426.8120,188,4982,14518.9030,0
1753557780000,2.9140,2.9180,2.9110,2.918,77564,1753557839999,225995.0650,348,57049,166264.7260,0
1753557840000,2.9170,2.9200,2.9160,2.917,32062,1753557899999,93540.8970,171,9902,28889.8380,0
1753557900000,2.9170,2.9200,2.9150,2.918,46302,1753557959999,135092.2160,212,33768,98527.4820,0
1753557960000,2.9170,2.9180,2.9160,2.918,29773,1753558019999,86835.1310,163,10761,31395.5210,0
1753558020000,2.9180,2.9230,2.9170,2.922,29058,1753558079999,84852.8240,195,18180,53105.4150,0
1753558080000,2.9230,2.9250,2.9210,2.921,9447,1753558139999,27617.0200,185,3066,8963.0750,0
1753558140000,2.9210,2.9210,2.9190,2.92,11996,1753558199999,35029.0630,141,10177,29718.2170,0
1753558200000,2.9210,2.9230,2.9200,2.923,17136,1753558259999,50056.1390,203,14901,43528.3730,0
1753558260000,2.9230,2.9240,2.9180,2.919,22610,1753558319999,66061.6790,258,12512,36566.2870,0
1753558320000,2.9190,2.9240,2.9190,2.921,51124,1753558379999,149325.6050,234,41391,120898.8550,0
1753558380000,2.9220,2.9230,2.9190,2.922,39047,1753558439999,114069.6100,258,14716,42988.5840,0
1753558440000,2.9220,2.9230,2.9190,2.921,7119,1753558499999,20798.1790,173,4998,14603.0700,0
1753558500000,2.9210,2.9210,2.9170,2.917,24081,1753558559999,70282.4250,183,4348,12689.5970,0
1753558560000,2.9160,2.9220,2.9160,2.921,40986,1753558619999,119613.6310,159,38550,112500.9110,0
1753558620000,2.9210,2.9220,2.9190,2.92,10996,1753558679999,32109.8080,89,3515,10265.7050,0
1753558680000,2.9200,2.9210,2.9170,2.917,21644,1753558739999,63197.4330,162,8938,26091.1080,0
1753558740000,2.9180,2.9200,2.9160,2.92,7624,1753558799999,22247.0330,125,4094,11947.4680,0
1753558800000,2.9200,2.9210,2.9180,2.919,15641,1753558859999,45659.3620,103,9395,27430.8680,0
1753558860000,2.9190,2.9210,2.9180,2.921,16066,1753558919999,46901.4260,104,13831,40377.3400,0
1753558920000,2.9210,2.9220,2.9200,2.922,20159,1753558979999,58884.9990,103,4577,13370.3180,0
1753558980000,2.9210,2.9240,2.9210,2.923,6425,1753559039999,18775.2390,102,4316,12611.5380,0
1753559040000,2.9240,2.9260,2.9240,2.925,6766,1753559099999,19789.1210,97,3077,9000.0950,0
1753559100000,2.9250,2.9290,2.9250,2.928,46203,1753559159999,135256.6500,244,27312,79951.0700,0
1753559160000,2.9280,2.9300,2.9240,2.925,51947,1753559219999,152070.5420,337,25266,74009.0920,0
1753559220000,2.9250,2.9250,2.9210,2.923,14136,1753559279999,41324.5530,155,7009,20488.3040,0
1753559280000,2.9230,2.9260,2.9210,2.926,27280,1753559339999,79735.9700,178,16118,47119.5440,0
1753559340000,2.9260,2.9300,2.9260,2.929,8130,1753559399999,23803.2660,105,7166,20980.0960,0
1753559400000,2.9280,2.9310,2.9280,2.931,15740,1753559459999,46101.3410,192,9076,26585.7820,0
1753559460000,2.9310,2.9320,2.9290,2.932,26222,1753559519999,76843.8400,185,14967,43865.4520,0
1753559520000,2.9310,2.9310,2.9280,2.929,18035,1753559579999,52827.2160,192,1917,5614.4630,0
1753559580000,2.9290,2.9300,2.9270,2.93,44441,1753559639999,130118.2480,206,14578,42700.4600,0
1753559640000,2.9290,2.9320,2.9290,2.932,17133,1753559699999,50226.1700,142,15717,46077.0570,0
1753559700000,2.9320,2.9330,2.9300,2.93,14260,1753559759999,41802.9660,179,6534,19155.3430,0
1753559760000,2.9310,2.9310,2.9290,2.931,13776,1753559819999,40368.5050,114,7690,22535.4160,0
1753559820000,2.9310,2.9320,2.9300,2.932,8115,1753559879999,23787.4680,73,7183,21055.3730,0
1753559880000,2.9320,2.9320,2.9290,2.93,19765,1753559939999,57916.9000,147,5419,15882.4490,0
1753559940000,2.9300,2.9300,2.9280,2.928,18236,1753559999999,53400.6760,175,7704,22559.8630,0
1753560000000,2.9290,2.9300,2.9230,2.923,38373,1753560059999,112284.7130,345,8011,23441.5570,0
1753560060000,2.9230,2.9270,2.9220,2.925,33515,1753560119999,98002.0470,249,25691,75124.3890,0
1753560120000,2.9250,2.9250,2.9240,2.924,10017,1753560179999,29293.1710,162,4770,13950.9430,0
1753560180000,2.9230,2.9250,2.9230,2.924,6896,1753560239999,20164.1710,108,4303,12582.7360,0
1753560240000,2.9250,2.9250,2.9200,2.921,34357,1753560299999,100420.3730,263,10751,31437.1550,0
1753560300000,2.9210,2.9210,2.9170,2.918,16005,1753560359999,46708.7220,148,9015,26305.8130,0
1753560360000,2.9170,2.9180,2.9130,2.913,13912,1753560419999,40563.2090,173,1679,4895.4560,0
1753560420000,2.9140,2.9160,2.9120,2.913,7431,1753560479999,21655.0460,173,3715,10826.6540,0
1753560480000,2.9140,2.9140,2.9110,2.911,11888,1753560539999,34628.7160,108,5274,15368.2340,0
1753560540000,2.9100,2.9120,2.9100,2.911,18112,1753560599999,52726.5240,159,4721,13744.1760,0
1753560600000,2.9110,2.9150,2.9110,2.913,21214,1753560659999,61809.5090,218,10562,30762.7110,0
1753560660000,2.9140,2.9140,2.9120,2.914,9915,1753560719999,28886.7830,124,6021,17544.9340,0
1753560720000,2.9130,2.9160,2.9120,2.916,32263,1753560779999,93996.7760,194,12242,35676.4940,0
1753560780000,2.9150,2.9160,2.9140,2.915,12176,1753560839999,35487.8570,93,6387,18618.1070,0
1753560840000,2.9150,2.9160,2.9110,2.911,14837,1753560899999,43224.7420,162,694,2021.5550,0
1753560900000,2.9120,2.9120,2.9100,2.912,14658,1753560959999,42673.0090,142,5762,16776.7810,0
1753560960000,2.9110,2.9130,2.9110,2.913,7764,1753561019999,22611.0190,135,5158,15022.8460,0
1753561020000,2.9130,2.9140,2.9100,2.911,6939,1753561079999,20205.3440,177,2155,6274.0700,0
1753561080000,2.9100,2.9110,2.9080,2.91,18785,1753561139999,54642.8500,201,2024,5889.6380,0
1753561140000,2.9100,2.9130,2.9100,2.912,8207,1753561199999,23896.9860,120,6810,19830.1030,0
1753561200000,2.9130,2.9150,2.9130,2.913,13134,1753561259999,38276.3590,128,10133,29531.4700,0
1753561260000,2.9130,2.9140,2.9120,2.913,8861,1753561319999,25810.1960,152,3705,10792.8490,0
1753561320000,2.9120,2.9150,2.9120,2.915,10049,1753561379999,29277.4930,85,9641,28088.7410,0
1753561380000,2.9150,2.9170,2.9140,2.917,14438,1753561439999,42091.2240,138,5274,15380.0410,0
1753561440000,2.9160,2.9170,2.9100,2.913,55855,1753561499999,162647.0650,290,6769,19717.1340,0
1753561500000,2.9130,2.9140,2.9090,2.911,28738,1753561559999,83641.8430,201,15281,44478.3500,0
1753561560000,2.9110,2.9140,2.9100,2.914,7980,1753561619999,23237.5390,86,6996,20371.7740,0
1753561620000,2.9140,2.9150,2.9100,2.911,15281,1753561679999,44513.3930,239,3888,11329.0900,0
1753561680000,2.9110,2.9110,2.9100,2.91,6683,1753561739999,19449.7130,105,2183,6354.7130,0
1753561740000,2.9100,2.9100,2.9060,2.906,15795,1753561799999,45923.6280,225,3053,8876.5350,0
1753561800000,2.9070,2.9070,2.9040,2.907,32474,1753561859999,94363.3500,301,19954,57991.2740,0
1753561860000,2.9080,2.9090,2.9070,2.909,5972,1753561919999,17370.9120,146,4315,12552.1300,0
1753561920000,2.9090,2.9090,2.9060,2.908,7334,1753561979999,21323.5650,152,2001,5817.3190,0
1753561980000,2.9080,2.9100,2.9070,2.91,43952,1753562039999,127818.9430,114,43276,125853.7210,0
1753562040000,2.9110,2.9110,2.9090,2.909,16009,1753562099999,46578.6370,160,3592,10450.6540,0
1753562100000,2.9100,2.9120,2.9090,2.912,12775,1753562159999,37183.5480,134,7738,22524.6160,0
1753562160000,2.9120,2.9140,2.9090,2.909,7165,1753562219999,20862.6140,145,3308,9636.2370,0
1753562220000,2.9100,2.9110,2.9080,2.91,5875,1753562279999,17091.6360,100,2322,6755.1200,0
1753562280000,2.9100,2.9110,2.9100,2.911,4675,1753562339999,13606.7860,83,4262,12404.9380,0
1753562340000,2.9120,2.9130,2.9090,2.911,7761,1753562399999,22594.0260,142,1116,3249.1490,0
1753562400000,2.9110,2.9110,2.9090,2.91,1850,1753562459999,5383.5440,66,718,2089.5550,0
1753562460000,2.9090,2.9100,2.9080,2.909,2946,1753562519999,8570.1020,69,1487,4325.8850,0
1753562520000,2.9100,2.9110,2.9080,2.91,9352,1753562579999,27203.9270,111,4072,11847.5360,0
1753562580000,2.9110,2.9120,2.9100,2.91,4422,1753562639999,12873.2110,59,3989,11612.8150,0
1753562640000,2.9100,2.9110,2.9090,2.91,1792,1753562699999,5214.6730,77,67,194.9870,0
1753562700000,2.9090,2.9120,2.9090,2.91,5039,1753562759999,14666.7930,106,2709,7884.2040,0
1753562760000,2.9110,2.9110,2.9090,2.91,26807,1753562819999,78003.6920,161,5192,15109.1010,0
1753562820000,2.9100,2.9110,2.9050,2.905,15499,1753562879999,45064.3850,280,927,2693.6030,0
1753562880000,2.9050,2.9060,2.9030,2.905,8712,1753562939999,25303.8680,151,4275,12417.6680,0
1753562940000,2.9050,2.9070,2.9040,2.906,3258,1753562999999,9463.4870,102,1868,5426.6050,0
1753563000000,2.9070,2.9080,2.9060,2.906,5947,1753563059999,17286.1370,87,4041,11747.1890,0
1753563060000,2.9060,2.9070,2.9050,2.906,9085,1753563119999,26403.1330,139,4399,12785.4750,0
1753563120000,2.9050,2.9060,2.9040,2.905,5406,1753563179999,15704.3430,67,4005,11634.5360,0
1753563180000,2.9050,2.9060,2.9040,2.904,5503,1753563239999,15985.1680,91,2858,8302.6260,0
1753563240000,2.9050,2.9070,2.9040,2.906,2585,1753563299999,7510.2190,74,1165,3384.4750,0
1753563300000,2.9060,2.9070,2.9030,2.905,23035,1753563359999,66896.4660,241,14121,41007.4930,0
1753563360000,2.9050,2.9050,2.9030,2.904,6228,1753563419999,18081.0930,129,332,963.8620,0
1753563420000,2.9040,2.9070,2.9030,2.906,8369,1753563479999,24318.7280,83,5005,14546.4540,0
1753563480000,2.9070,2.9070,2.9050,2.905,6266,1753563539999,18207.0380,138,1434,4167.2270,0
1753563540000,2.9050,2.9050,2.9030,2.903,5165,1753563599999,14999.4660,151,1533,4452.3270,0
1753563600000,2.9030,2.9030,2.8990,2.899,18001,1753563659999,52209.7680,307,6727,19511.6780,0
1753563660000,2.8990,2.9020,2.8990,2.9,14725,1753563719999,42708.2100,145,2094,6073.2210,0
1753563720000,2.9000,2.9010,2.8990,2.899,6428,1753563779999,18645.7020,132,2810,8151.8100,0
1753563780000,2.9000,2.9010,2.8990,2.9,5729,1753563839999,16614.1570,108,2123,6156.8140,0
1753563840000,2.9000,2.9010,2.9000,2.901,5303,1753563899999,15382.5860,42,4183,12134.5860,0
1753563900000,2.9000,2.9010,2.8990,2.9,10568,1753563959999,30647.2280,129,1789,5188.1420,0
1753563960000,2.9000,2.9010,2.8990,2.899,8038,1753564019999,23307.1220,108,2701,7832.9140,0
1753564020000,2.9000,2.9020,2.9000,2.902,4716,1753564079999,13679.6910,79,3280,9515.2840,0
1753564080000,2.9010,2.9020,2.8990,2.899,63003,1753564139999,182716.7790,236,9140,26521.8600,0
1753564140000,2.8990,2.9000,2.8970,2.899,17342,1753564199999,50256.1210,166,7071,20493.4330,0
1753564200000,2.8990,2.8990,2.8970,2.898,9500,1753564259999,27524.1850,81,4111,11912.1860,0
1753564260000,2.8980,2.8980,2.8960,2.896,7077,1753564319999,20501.6710,115,3714,10760.1760,0
1753564320000,2.8970,2.8970,2.8940,2.894,23431,1753564379999,67846.6730,216,4147,12011.9050,0
1753564380000,2.8950,2.8950,2.8930,2.893,5862,1753564439999,16964.2850,122,2074,6004.0200,0
1753564440000,2.8930,2.8940,2.8890,2.89,29547,1753564499999,85420.1720,252,1965,5680.0970,0
1753564500000,2.8910,2.8940,2.8900,2.894,16307,1753564559999,47167.5330,169,13576,39273.3020,0
1753564560000,2.8940,2.8960,2.8940,2.895,15245,1753564619999,44128.1240,152,10419,30159.1440,0
1753564620000,2.8950,2.8970,2.8950,2.896,8859,1753564679999,25653.2140,56,8757,25357.8610,0
1753564680000,2.8970,2.8970,2.8950,2.897,9687,1753564739999,28057.3790,102,7259,21025.8980,0
1753564740000,2.8970,2.8970,2.8950,2.895,6682,1753564799999,19350.9800,97,1217,3524.4580,0
1753564800000,2.8960,2.8960,2.8930,2.893,5805,1753564859999,16801.0010,185,166,480.6190,0
1753564860000,2.8930,2.8940,2.8920,2.894,11570,1753564919999,33468.7760,93,7510,21726.7160,0
1753564920000,2.8940,2.8950,2.8940,2.894,2516,1753564979999,7282.0340,53,1884,5453.0260,0
1753564980000,2.8950,2.8960,2.8940,2.895,10070,1753565039999,29157.5820,97,5810,16824.9160,0
1753565040000,2.8950,2.8960,2.8950,2.895,1941,1753565099999,5619.2890,27,1305,3778.0690,0
1753565100000,2.8960,2.8990,2.8950,2.899,4014,1753565159999,11627.8020,91,3489,10107.2360,0
1753565160000,2.8980,2.8990,2.8970,2.899,7887,1753565219999,22857.8350,97,1635,4739.5410,0
1753565220000,2.9000,2.9010,2.9000,2.9,2873,1753565279999,8332.7630,56,2726,7906.4630,0
1753565280000,2.9000,2.9020,2.9000,2.902,9015,1753565339999,26151.5320,79,5825,16898.6090,0
1753565340000,2.9010,2.9020,2.9000,2.9,6348,1753565399999,18412.8440,240,881,2555.9200,0
1753565400000,2.9010,2.9040,2.9010,2.902,13927,1753565459999,40419.1580,157,12403,35995.4790,0
1753565460000,2.9020,2.9040,2.9020,2.903,8205,1753565519999,23813.2360,115,4526,13135.9000,0
1753565520000,2.9030,2.9030,2.9020,2.902,1265,1753565579999,3671.5430,21,513,1489.2390,0
1753565580000,2.9020,2.9040,2.9020,2.903,11005,1753565639999,31947.8460,118,5516,16013.6240,0
1753565640000,2.9030,2.9050,2.9020,2.905,12538,1753565699999,36399.2470,119,8516,24725.3100,0
1753565700000,2.9040,2.9050,2.9020,2.903,5776,1753565759999,16773.7460,139,1766,5130.1240,0
1753565760000,2.9030,2.9030,2.9010,2.901,5198,1753565819999,15085.1460,86,1117,3242.6510,0
1753565820000,2.9020,2.9020,2.9000,2.901,4717,1753565879999,13682.9550,55,1818,5274.0200,0
1753565880000,2.9000,2.9010,2.8980,2.901,9949,1753565939999,28844.8270,178,7115,20629.7410,0
1753565940000,2.9000,2.9030,2.9000,2.902,4166,1753565999999,12087.3930,55,3689,10704.0590,0
1753566000000,2.9030,2.9030,2.9010,2.902,11477,1753566059999,33311.0450,121,2661,7723.6220,0
1753566060000,2.9010,2.9020,2.9010,2.902,1307,1753566119999,3791.7520,46,145,420.7900,0
1753566120000,2.9020,2.9020,2.8990,2.9,4222,1753566179999,12244.0720,139,124,359.6180,0
1753566180000,2.8990,2.8990,2.8970,2.898,8132,1753566239999,23567.8610,139,1303,3776.9670,0
1753566240000,2.8980,2.9000,2.8980,2.9,7777,1753566299999,22546.4250,68,6958,20172.7100,0
1753566300000,2.9000,2.9020,2.8990,2.9,5789,1753566359999,16787.8280,109,3498,10144.3770,0
1753566360000,2.9000,2.9050,2.9000,2.904,39803,1753566419999,115562.3780,161,36851,106992.2640,0
1753566420000,2.9050,2.9050,2.9040,2.905,9666,1753566479999,28074.3170,41,4253,12354.9650,0
1753566480000,2.9040,2.9050,2.9040,2.904,6571,1753566539999,19088.6760,56,6492,18859.2600,0
1753566540000,2.9050,2.9080,2.9050,2.906,14265,1753566599999,41457.8830,128,10795,31372.5730,0
1753566600000,2.9060,2.9070,2.9060,2.907,3727,1753566659999,10834.0640,48,3370,9796.5900,0
1753566660000,2.9080,2.9080,2.9070,2.908,1150,1753566719999,3343.4130,49,363,1055.6040,0
1753566720000,2.9080,2.9090,2.9070,2.908,3039,1753566779999,8837.8270,47,2994,8706.9690,0
1753566780000,2.9090,2.9120,2.9080,2.911,15669,1753566839999,45602.1200,137,14754,42939.0470,0
1753566840000,2.9110,2.9130,2.9110,2.913,4753,1753566899999,13838.7460,54,2483,7230.6800,0
1753566900000,2.9130,2.9150,2.9120,2.914,51816,1753566959999,151000.1540,184,35701,104041.2680,0
1753566960000,2.9130,2.9130,2.9110,2.912,24413,1753567019999,71097.5100,315,12142,35357.7740,0
1753567020000,2.9130,2.9150,2.9130,2.915,5553,1753567079999,16180.3130,74,5523,16092.9230,0
1753567080000,2.9140,2.9140,2.9110,2.914,26315,1753567139999,76665.7410,302,18175,52954.2450,0
1753567140000,2.9150,2.9160,2.9110,2.912,11321,1753567199999,32989.1520,195,6139,17885.5940,0
1753567200000,2.9110,2.9180,2.9110,2.916,16753,1753567259999,48848.3740,262,14276,41624.8650,0
1753567260000,2.9150,2.9160,2.9110,2.912,29662,1753567319999,86428.5980,296,5711,16642.4890,0
1753567320000,2.9110,2.9140,2.9080,2.909,40122,1753567379999,116776.6820,409,14696,42776.7760,0
1753567380000,2.9100,2.9140,2.9100,2.911,17896,1753567439999,52103.7920,249,13776,40106.6420,0
1753567440000,2.9120,2.9140,2.9110,2.914,13853,1753567499999,40340.4320,170,3307,9631.0700,0
1753567500000,2.9130,2.9150,2.9110,2.913,11228,1753567559999,32699.7360,196,4597,13389.0420,0
1753567560000,2.9130,2.9150,2.9130,2.915,6182,1753567619999,18012.2800,111,4119,12002.5620,0
1753567620000,2.9150,2.9170,2.9150,2.916,3486,1753567679999,10165.2090,102,2250,6561.1140,0
1753567680000,2.9150,2.9160,2.9140,2.916,7580,1753567739999,22095.8380,52,5287,15411.7520,0
1753567740000,2.9150,2.9210,2.9150,2.92,11793,1753567799999,34415.6080,140,11199,32682.1420,0
1753567800000,2.9200,2.9220,2.9190,2.922,10406,1753567859999,30389.5460,115,8970,26196.9520,0
1753567860000,2.9220,2.9230,2.9180,2.919,34726,1753567919999,101464.8670,330,23473,68594.9640,0
1753567920000,2.9190,2.9190,2.9130,2.913,17178,1753567979999,50088.5680,186,1930,5627.9250,0
1753567980000,2.9130,2.9170,2.9130,2.915,15369,1753568039999,44808.3210,112,11170,32569.0070,0
1753568040000,2.9150,2.9160,2.9130,2.915,14130,1753568099999,41178.3080,129,8180,23836.9130,0
1753568100000,2.9150,2.9160,2.9120,2.913,28270,1753568159999,82417.2010,235,20769,60555.4950,0
1753568160000,2.9130,2.9140,2.9120,2.912,12878,1753568219999,37511.7160,123,5746,16737.9020,0
1753568220000,2.9130,2.9140,2.9100,2.913,12461,1753568279999,36276.0170,149,1614,4700.3870,0
1753568280000,2.9130,2.9180,2.9130,2.917,13373,1753568339999,38980.0470,170,12327,35928.8520,0
1753568340000,2.9170,2.9220,2.9170,2.921,29284,1753568399999,85483.3990,261,23354,68168.9200,0
1753568400000,2.9210,2.9210,2.9160,2.918,8134,1753568459999,23737.1580,179,4256,12418.8110,0
1753568460000,2.9170,2.9200,2.9170,2.919,21387,1753568519999,62418.4850,176,19148,55887.2820,0
1753568520000,2.9190,2.9250,2.9190,2.924,29963,1753568579999,87598.4090,246,22039,64430.8660,0
1753568580000,2.9250,2.9290,2.9240,2.927,39028,1753568639999,114187.6260,217,19663,57527.3940,0
1753568640000,2.9260,2.9350,2.9250,2.929,118627,1753568699999,347759.6420,662,40118,117594.1860,0
1753568700000,2.9280,2.9330,2.9260,2.928,76266,1753568759999,223402.2170,472,34644,101485.4840,0
1753568760000,2.9280,2.9290,2.9180,2.92,28150,1753568819999,82322.7400,313,12389,36231.4470,0
1753568820000,2.9210,2.9210,2.9140,2.915,27377,1753568879999,79855.8680,287,10488,30587.7290,0
1753568880000,2.9150,2.9150,2.9040,2.904,55576,1753568939999,161569.7930,386,22331,64900.5660,0
1753568940000,2.9040,2.9050,2.8990,2.9,17221,1753568999999,49961.1250,276,5820,16884.4930,0
1753569000000,2.9000,2.9050,2.8950,2.903,89378,1753569059999,259216.4980,562,61952,179680.8170,0
1753569060000,2.9030,2.9030,2.8990,2.899,35855,1753569119999,104010.1480,290,16300,47284.8100,0
1753569120000,2.8990,2.9020,2.8990,2.899,17959,1753569179999,52075.8880,183,12635,36634.5260,0
1753569180000,2.9000,2.9010,2.8970,2.897,32103,1753569239999,93043.6560,260,15886,46049.7540,0
1753569240000,2.8980,2.9010,2.8970,2.9,14665,1753569299999,42516.8760,160,6080,17625.6660,0
1753569300000,2.9010,2.9020,2.8990,2.9,11001,1753569359999,31917.3550,148,4578,13280.8020,0
1753569360000,2.8990,2.8990,2.8950,2.896,6807,1753569419999,19720.3390,170,3673,10639.2940,0
1753569420000,2.8960,2.8980,2.8950,2.896,35263,1753569479999,102137.1080,225,19538,56596.6280,0
1753569480000,2.8960,2.8970,2.8930,2.896,10457,1753569539999,30271.5550,144,4764,13791.3000,0
1753569540000,2.8960,2.9010,2.8960,2.899,10722,1753569599999,31074.7880,135,9319,27006.2410,0
1753569600000,2.8990,2.9000,2.8960,2.896,34586,1753569659999,100196.6570,228,10744,31126.3710,0
1753569660000,2.8950,2.8970,2.8940,2.895,33496,1753569719999,96985.8090,268,13396,38786.5530,0
1753569720000,2.8950,2.8980,2.8940,2.898,24771,1753569779999,71708.1790,135,4457,12906.2530,0
1753569780000,2.8980,2.9020,2.8980,2.901,8376,1753569839999,24287.8920,154,4924,14279.9510,0
1753569840000,2.9010,2.9010,2.8980,2.9,21655,1753569899999,62794.2340,242,10115,29329.6190,0
1753569900000,2.9000,2.9010,2.8960,2.898,44480,1753569959999,128860.9980,268,12174,35275.9670,0
1753569960000,2.8980,2.8990,2.8980,2.898,12233,1753570019999,35461.6910,139,4515,13088.7400,0
1753570020000,2.8990,2.9000,2.8980,2.9,4863,1753570079999,14096.0040,120,3002,8702.6300,0
1753570080000,2.8990,2.8990,2.8970,2.897,7703,1753570139999,22323.7560,152,1997,5787.3090,0
1753570140000,2.8980,2.9010,2.8980,2.9,11101,1753570199999,32187.0050,130,7061,20474.9630,0
1753570200000,2.9010,2.9020,2.8970,2.898,8881,1753570259999,25749.9800,225,1926,5586.1110,0
1753570260000,2.8980,2.9000,2.8980,2.898,12761,1753570319999,36999.5990,109,12010,34822.5430,0
1753570320000,2.8990,2.9000,2.8970,2.897,3875,1753570379999,11231.3010,157,1306,3786.8450,0
1753570380000,2.8960,2.8980,2.8950,2.895,3927,1753570439999,11375.3190,97,2097,6075.0020,0
1753570440000,2.8950,2.8970,2.8950,2.895,6164,1753570499999,17849.6450,89,1529,4428.0750,0
1753570500000,2.8950,2.8960,2.8930,2.894,3349,1753570559999,9693.3150,148,305,883.1130,0
1753570560000,2.8930,2.8940,2.8920,2.892,10000,1753570619999,28930.3360,99,2453,7096.8880,0
1753570620000,2.8930,2.8950,2.8920,2.893,9091,1753570679999,26297.8720,153,3133,9064.7770,0
1753570680000,2.8930,2.8940,2.8920,2.893,1850,1753570739999,5352.4870,49,1557,4504.8670,0
1753570740000,2.8930,2.8960,2.8930,2.894,18366,1753570799999,53154.2570,120,5997,17358.0220,0
1753570800000,2.8930,2.8940,2.8920,2.893,3937,1753570859999,11388.3900,195,761,2201.9870,0
1753570860000,2.8930,2.8940,2.8920,2.893,25955,1753570919999,75088.0240,200,11642,33680.6390,0
1753570920000,2.8940,2.8940,2.8900,2.891,25734,1753570979999,74388.0970,266,5036,14556.6750,0
1753570980000,2.8920,2.8920,2.8900,2.891,9824,1753571039999,28397.3240,88,1147,3317.0980,0
1753571040000,2.8910,2.8920,2.8900,2.89,6953,1753571099999,20102.6170,111,5488,15866.9870,0
1753571100000,2.8910,2.8940,2.8910,2.891,15740,1753571159999,45530.7920,132,11794,34118.6000,0
1753571160000,2.8920,2.8930,2.8910,2.893,5762,1753571219999,16664.1120,86,5339,15440.8180,0
1753571220000,2.8920,2.8930,2.8860,2.886,39274,1753571279999,113427.1590,326,6187,17862.3760,0
1753571280000,2.8860,2.8890,2.8860,2.889,21630,1753571339999,62464.1670,165,17569,50739.1990,0
1753571340000,2.8890,2.8900,2.8880,2.89,9932,1753571399999,28699.7000,125,7749,22391.5050,0
1753571400000,2.8900,2.8910,2.8890,2.89,16528,1753571459999,47757.2730,107,9793,28297.5260,0
1753571460000,2.8900,2.8920,2.8880,2.888,15778,1753571519999,45590.7020,174,5155,14899.7270,0
1753571520000,2.8890,2.8910,2.8880,2.888,12202,1753571579999,35260.4580,113,9395,27149.7570,0
1753571580000,2.8880,2.8910,2.8880,2.891,13356,1753571639999,38596.1220,90,12677,36634.3170,0
1753571640000,2.8910,2.8910,2.8880,2.889,11906,1753571699999,34408.0750,109,3251,9395.3560,0
1753571700000,2.8890,2.8890,2.8860,2.886,9928,1753571759999,28667.8930,204,4798,13855.1050,0
1753571760000,2.8860,2.8880,2.8840,2.887,43842,1753571819999,126487.9470,238,16870,48682.9300,0
1753571820000,2.8870,2.8880,2.8860,2.886,34267,1753571879999,98932.9720,163,22684,65496.5730,0
1753571880000,2.8860,2.8880,2.8840,2.884,11509,1753571939999,33216.6880,136,3704,10689.6880,0
1753571940000,2.8850,2.8880,2.8830,2.888,18291,1753571999999,52766.2350,178,9644,27826.4580,0
1753572000000,2.8880,2.8880,2.8860,2.887,9526,1753572059999,27505.1060,100,5415,15635.1060,0
1753572060000,2.8870,2.8930,2.8860,2.893,24152,1753572119999,69819.2690,171,22697,65613.9440,0
1753572120000,2.8920,2.8940,2.8920,2.893,8026,1753572179999,23217.2610,98,5500,15911.4020,0
1753572180000,2.8940,2.8950,2.8910,2.893,12105,1753572239999,35026.8020,141,5113,14794.9720,0
1753572240000,2.8930,2.8930,2.8900,2.893,22910,1753572299999,66249.3200,196,8473,24503.7820,0
1753572300000,2.8930,2.8930,2.8890,2.889,10888,1753572359999,31482.8450,132,1168,3375.8420,0
1753572360000,2.8890,2.8900,2.8860,2.886,34417,1753572419999,99389.9350,133,3161,9128.6210,0
1753572420000,2.8870,2.8880,2.8860,2.887,14977,1753572479999,43250.3680,106,9232,26660.2290,0
1753572480000,2.8880,2.8890,2.8840,2.888,36442,1753572539999,105176.3340,195,3218,9290.6880,0
1753572540000,2.8880,2.8880,2.8860,2.886,1628,1753572599999,4700.1180,44,139,401.4320,0
1753572600000,2.8870,2.8870,2.8840,2.884,20835,1753572659999,60128.4480,159,4864,14037.7180,0
1753572660000,2.8850,2.8880,2.8840,2.885,16723,1753572719999,48255.5190,173,14120,40744.0250,0
1753572720000,2.8840,2.8850,2.8810,2.883,32255,1753572779999,93018.7340,276,9154,26399.2870,0
1753572780000,2.8830,2.8850,2.8820,2.885,10178,1753572839999,29351.7980,146,9031,26044.6950,0
1753572840000,2.8850,2.8860,2.8840,2.884,7324,1753572899999,21130.3360,104,3512,10132.8640,0
1753572900000,2.8850,2.8870,2.8830,2.887,15260,1753572959999,44023.6000,151,12915,37260.2780,0
1753572960000,2.8880,2.8890,2.8860,2.888,19684,1753573019999,56843.3320,134,15756,45499.9460,0
1753573020000,2.8880,2.8880,2.8860,2.887,7301,1753573079999,21078.0070,71,6069,17521.2360,0
1753573080000,2.8870,2.8880,2.8860,2.887,3521,1753573139999,10165.8980,73,2444,7056.6110,0
1753573140000,2.8880,2.8890,2.8870,2.887,8894,1753573199999,25688.8260,92,7893,22797.9560,0
1753573200000,2.8880,2.8900,2.8870,2.889,12827,1753573259999,37053.9460,92,7915,22863.7320,0
1753573260000,2.8890,2.8900,2.8870,2.889,5635,1753573319999,16275.4400,124,3804,10986.8000,0
1753573320000,2.8890,2.8890,2.8820,2.882,32401,1753573379999,93483.8630,312,4113,11873.6420,0
1753573380000,2.8830,2.8830,2.8790,2.879,24171,1753573439999,69618.0350,222,1393,4012.1310,0
1753573440000,2.8800,2.8810,2.8790,2.88,27549,1753573499999,79320.3180,141,17035,49049.3680,0
1753573500000,2.8810,2.8810,2.8780,2.878,14541,1753573559999,41870.8120,130,983,2831.2000,0
1753573560000,2.8790,2.8800,2.8770,2.879,10713,1753573619999,30835.9370,137,3191,9188.2970,0
1753573620000,2.8780,2.8810,2.8780,2.88,20399,1753573679999,58745.4200,98,6927,19950.4480,0
1753573680000,2.8790,2.8820,2.8790,2.88,5684,1753573739999,16371.3750,80,3787,10909.0130,0
1753573740000,2.8800,2.8830,2.8790,2.88,54979,1753573799999,158408.4360,190,22351,64426.5080,0
1753573800000,2.8810,2.8810,2.8780,2.878,6834,1753573859999,19676.6970,164,1070,3081.1950,0
1753573860000,2.8780,2.8810,2.8770,2.881,23397,1753573919999,67356.3350,162,9815,28261.1670,0
1753573920000,2.8810,2.8830,2.8810,2.881,4705,1753573979999,13559.5890,52,4609,13282.9820,0
1753573980000,2.8820,2.8820,2.8810,2.882,2214,1753574039999,6380.1710,41,803,2314.2460,0
1753574040000,2.8820,2.8820,2.8800,2.881,9979,1753574099999,28746.6800,134,730,2103.8450,0
1753574100000,2.8800,2.8810,2.8770,2.878,14724,1753574159999,42382.1680,157,3308,9522.3600,0
1753574160000,2.8790,2.8810,2.8790,2.88,10414,1753574219999,29991.5470,73,5624,16196.6110,0
1753574220000,2.8810,2.8820,2.8800,2.882,6757,1753574279999,19466.8560,69,3824,11017.0050,0
1753574280000,2.8820,2.8820,2.8790,2.88,10204,1753574339999,29388.1910,66,141,406.1530,0
1753574340000,2.8790,2.8820,2.8790,2.882,3726,1753574399999,10731.6700,83,3428,9873.5880,0
1753574400000,2.8820,2.8830,2.8810,2.881,14760,1753574459999,42539.3880,184,5391,15539.8780,0
1753574460000,2.8810,2.8820,2.8790,2.88,29591,1753574519999,85226.9710,241,18792,54124.1980,0
1753574520000,2.8810,2.8820,2.8800,2.881,17850,1753574579999,51425.0190,125,4509,12992.2590,0
1753574580000,2.8810,2.8810,2.8780,2.879,17307,1753574639999,49838.8430,141,8595,24752.0120,0
1753574640000,2.8780,2.8800,2.8780,2.88,10053,1753574699999,28939.6390,70,4608,13266.4510,0
1753574700000,2.8790,2.8830,2.8780,2.881,22947,1753574759999,66088.8370,200,7316,21071.4710,0
1753574760000,2.8820,2.8840,2.8810,2.883,14541,1753574819999,41915.6130,109,7050,20326.3040,0
1753574820000,2.8830,2.8850,2.8830,2.885,7592,1753574879999,21895.3550,41,771,2223.6080,0
1753574880000,2.8840,2.8850,2.8810,2.881,11469,1753574939999,33054.3700,122,283,816.1710,0
1753574940000,2.8810,2.8810,2.8790,2.881,9878,1753574999999,28448.6680,65,1607,4628.1970,0
1753575000000,2.8810,2.8830,2.8800,2.881,19625,1753575059999,56539.2450,163,4601,13257.3530,0
1753575060000,2.8820,2.8830,2.8810,2.881,17280,1753575119999,49797.0130,133,7955,22925.6490,0
1753575120000,2.8820,2.8830,2.8800,2.883,14289,1753575179999,41176.7450,102,6896,19872.6430,0
1753575180000,2.8830,2.8830,2.8790,2.883,11139,1753575239999,32096.4780,147,4141,11931.2120,0
1753575240000,2.8830,2.8860,2.8820,2.884,8835,1753575299999,25477.7750,162,6536,18848.4650,0
1753575300000,2.8840,2.8850,2.8830,2.883,2980,1753575359999,8593.5860,77,2028,5848.7540,0
1753575360000,2.8840,2.8860,2.8820,2.886,11162,1753575419999,32188.9260,128,6390,18428.7780,0
1753575420000,2.8860,2.8910,2.8860,2.891,18659,1753575479999,53888.2470,189,15614,45095.1080,0
1753575480000,2.8910,2.8920,2.8900,2.892,5929,1753575539999,17139.0810,58,4244,12269.4310,0
1753575540000,2.8920,2.8920,2.8890,2.889,4991,1753575599999,14426.5120,69,2225,6432.2910,0
1753575600000,2.8900,2.8920,2.8900,2.891,4687,1753575659999,13549.0560,73,4531,13098.1250,0
1753575660000,2.8920,2.8930,2.8910,2.893,6115,1753575719999,17682.8870,71,3674,10625.3170,0
1753575720000,2.8930,2.8940,2.8910,2.891,24987,1753575779999,72281.3710,182,17240,49874.3100,0
1753575780000,2.8920,2.8930,2.8900,2.89,19676,1753575839999,56884.5220,106,2620,7575.4770,0
1753575840000,2.8910,2.8920,2.8890,2.889,6614,1753575899999,19118.7110,100,2891,8358.6510,0
1753575900000,2.8900,2.8910,2.8830,2.884,24065,1753575959999,69470.4020,148,1458,4210.5060,0
1753575960000,2.8840,2.8840,2.8800,2.881,13039,1753576019999,37564.7550,124,2729,7862.4200,0
1753576020000,2.8800,2.8890,2.8800,2.888,28485,1753576079999,82202.3290,195,27417,79121.4870,0
1753576080000,2.8890,2.8910,2.8870,2.889,21312,1753576139999,61581.8880,139,19669,56834.8840,0
1753576140000,2.8890,2.8890,2.8870,2.888,35128,1753576199999,101461.5750,131,6399,18481.3370,0
1753576200000,2.8880,2.8880,2.8810,2.882,21675,1753576259999,62515.3740,154,11111,32046.5310,0
1753576260000,2.8830,2.8830,2.8780,2.879,47967,1753576319999,138127.9560,172,7154,20599.9620,0
1753576320000,2.8790,2.8830,2.8790,2.882,71701,1753576379999,206514.1880,196,66463,191423.6180,0
1753576380000,2.8830,2.8890,2.8820,2.889,8417,1753576439999,24278.0240,128,6202,17889.0690,0
1753576440000,2.8880,2.8920,2.8880,2.889,38438,1753576499999,111080.2730,144,30625,88500.2710,0
1753576500000,2.8900,2.8910,2.8870,2.888,14549,1753576559999,42040.7660,117,10143,29311.7730,0
1753576560000,2.8890,2.8890,2.8830,2.884,8177,1753576619999,23595.5210,130,2551,7362.5720,0
1753576620000,2.8850,2.8870,2.8830,2.883,6800,1753576679999,19621.4070,92,2882,8315.6730,0
1753576680000,2.8840,2.8860,2.8840,2.885,6198,1753576739999,17883.2480,88,4916,14184.1130,0
1753576740000,2.8850,2.8850,2.8830,2.884,7784,1753576799999,22450.8260,94,2415,6966.4400,0
1753576800000,2.8840,2.8860,2.8840,2.885,18734,1753576859999,54047.8500,161,6932,19998.6390,0
1753576860000,2.8840,2.8840,2.8800,2.882,13454,1753576919999,38768.6210,184,4112,11847.9070,0
1753576920000,2.8820,2.8830,2.8790,2.879,9062,1753576979999,26111.3550,140,5927,17078.4910,0
1753576980000,2.8800,2.8820,2.8800,2.88,14721,1753577039999,42409.7590,202,9984,28762.5220,0
1753577040000,2.8810,2.8820,2.8800,2.882,3012,1753577099999,8678.3480,53,2811,8099.3340,0
1753577100000,2.8820,2.8830,2.8790,2.88,11488,1753577159999,33106.8220,159,6847,19734.9820,0
1753577160000,2.8800,2.8820,2.8780,2.879,10847,1753577219999,31239.1290,179,7300,21024.2960,0
1753577220000,2.8800,2.8800,2.8770,2.878,13944,1753577279999,40132.7960,144,1722,4957.1470,0
1753577280000,2.8780,2.8800,2.8770,2.88,29604,1753577339999,85207.2120,166,4286,12338.0310,0
1753577340000,2.8790,2.8830,2.8790,2.881,11578,1753577399999,33353.0250,98,9317,26837.8530,0
1753577400000,2.8810,2.8840,2.8800,2.884,14946,1753577459999,43087.6340,111,11701,33733.5780,0
1753577460000,2.8830,2.8890,2.8830,2.888,12136,1753577519999,35038.4890,111,11782,34016.7160,0
1753577520000,2.8880,2.8900,2.8880,2.889,4266,1753577579999,12324.2280,67,2532,7314.7380,0
1753577580000,2.8880,2.8880,2.8840,2.886,31942,1753577639999,92143.6530,216,4650,13416.1050,0
1753577640000,2.8860,2.8870,2.8840,2.884,4748,1753577699999,13701.8510,96,1615,4661.0250,0
1753577700000,2.8840,2.8860,2.8830,2.886,3271,1753577759999,9433.1860,104,1512,4361.0130,0
1753577760000,2.8850,2.8870,2.8840,2.886,7861,1753577819999,22681.1650,85,5763,16628.2830,0
1753577820000,2.8860,2.8890,2.8860,2.889,2717,1753577879999,7845.7340,69,1686,4869.1180,0
1753577880000,2.8890,2.8900,2.8880,2.89,4425,1753577939999,12784.0950,58,1696,4900.1530,0
1753577940000,2.8900,2.8910,2.8890,2.891,3099,1753577999999,8954.5930,59,2259,6527.7910,0
1753578000000,2.8910,2.8940,2.8910,2.893,18718,1753578059999,54138.2330,257,9471,27392.4140,0
1753578060000,2.8930,2.8930,2.8890,2.889,9249,1753578119999,26734.1320,155,754,2179.3880,0
1753578120000,2.8880,2.8880,2.8850,2.886,19487,1753578179999,56256.4210,149,4988,14398.3580,0
1753578180000,2.8870,2.8870,2.8820,2.883,15128,1753578239999,43648.3460,128,3179,9170.3410,0
1753578240000,2.8830,2.8830,2.8790,2.882,26600,1753578299999,76637.9540,169,14618,42124.8740,0
1753578300000,2.8820,2.8840,2.8820,2.883,8463,1753578359999,24392.6130,114,4190,12077.6750,0
1753578360000,2.8840,2.8870,2.8840,2.887,17181,1753578419999,49570.7440,159,12804,36943.7300,0
1753578420000,2.8870,2.8910,2.8870,2.891,20649,1753578479999,59668.0260,153,12260,35429.4870,0
1753578480000,2.8910,2.8980,2.8910,2.898,49625,1753578539999,143658.6510,300,40569,117438.9120,0
1753578540000,2.8980,2.8980,2.8940,2.896,37240,1753578599999,107858.5470,171,20836,60360.1000,0
1753578600000,2.8960,2.9000,2.8940,2.898,38243,1753578659999,110789.3510,210,30413,88116.5530,0
1753578660000,2.8990,2.9020,2.8980,2.902,13304,1753578719999,38583.3600,193,7843,22745.3290,0
1753578720000,2.9020,2.9030,2.9000,2.902,13529,1753578779999,39258.7530,181,9157,26573.7640,0
1753578780000,2.9030,2.9090,2.9020,2.909,113433,1753578839999,329661.7690,392,89186,259181.0790,0
1753578840000,2.9100,2.9100,2.9030,2.906,56194,1753578899999,163301.5580,195,26141,75949.5880,0
1753578900000,2.9060,2.9070,2.9040,2.904,37400,1753578959999,108687.2920,192,21474,62408.7020,0
1753578960000,2.9040,2.9040,2.9000,2.903,48133,1753579019999,139696.6800,302,24294,70503.3380,0
1753579020000,2.9030,2.9060,2.9030,2.905,17848,1753579079999,51839.8860,168,9797,28456.0640,0
1753579080000,2.9040,2.9050,2.9020,2.905,23870,1753579139999,69314.3170,161,13099,38040.9490,0
1753579140000,2.9040,2.9040,2.9010,2.904,8077,1753579199999,23446.8440,110,3782,10979.1250,0
1753579200000,2.9040,2.9070,2.9020,2.903,137993,1753579259999,400843.2920,348,103832,301639.0450,0
1753579260000,2.9030,2.9070,2.9030,2.904,21203,1753579319999,61602.9220,156,9271,26934.7890,0
1753579320000,2.9040,2.9070,2.9030,2.905,34573,1753579379999,100444.4060,194,14745,42831.4810,0
1753579380000,2.9060,2.9070,2.9030,2.904,20843,1753579439999,60545.8700,147,13756,39959.4810,0
1753579440000,2.9040,2.9050,2.9020,2.903,14001,1753579499999,40654.9640,114,9955,28908.2500,0
1753579500000,2.9030,2.9050,2.9010,2.903,41591,1753579559999,120719.6820,175,28371,82348.5100,0
1753579560000,2.9040,2.9050,2.9020,2.903,37089,1753579619999,107661.1620,191,7013,20365.0460,0
1753579620000,2.9030,2.9030,2.8970,2.897,12495,1753579679999,36222.5710,152,1158,3357.1740,0
1753579680000,2.8970,2.9000,2.8960,2.899,14592,1753579739999,42288.9050,186,8957,25959.8020,0
1753579740000,2.9000,2.9000,2.8990,2.9,5580,1753579799999,16178.0950,82,3264,9463.7150,0
1753579800000,2.9000,2.9000,2.8940,2.896,13253,1753579859999,38388.5460,638,4756,13774.8120,0
1753579860000,2.8960,2.8970,2.8940,2.894,29156,1753579919999,84434.0900,177,11488,33270.8440,0
1753579920000,2.8940,2.8960,2.8930,2.894,63328,1753579979999,183305.0560,241,10606,30698.9990,0
1753579980000,2.8940,2.8980,2.8940,2.896,24083,1753580039999,69721.4490,173,15988,46280.4740,0
1753580040000,2.8960,2.8990,2.8960,2.899,9999,1753580099999,28971.6460,102,7649,22164.1520,0
1753580100000,2.8990,2.9000,2.8970,2.899,12868,1753580159999,37301.6530,105,8970,26004.1220,0
1753580160000,2.8990,2.9040,2.8990,2.901,115082,1753580219999,333890.1000,266,83399,242029.2900,0
1753580220000,2.9020,2.9030,2.9010,2.901,41505,1753580279999,120429.6350,132,27174,78845.1500,0
1753580280000,2.9010,2.9060,2.9010,2.906,13384,1753580339999,38853.2970,140,10862,31532.0470,0
1753580340000,2.9060,2.9060,2.9000,2.901,40997,1753580399999,119012.2370,118,8408,24386.1910,0
1753580400000,2.9000,2.9000,2.8960,2.898,16024,1753580459999,46449.0730,162,9158,26546.8480,0
1753580460000,2.8980,2.9000,2.8970,2.899,9232,1753580519999,26758.2920,170,5819,16864.9010,0
1753580520000,2.8980,2.8990,2.8960,2.897,14170,1753580579999,41056.5790,150,6553,18988.7890,0
1753580580000,2.8970,2.9000,2.8970,2.898,11947,1753580639999,34624.6410,237,9599,27820.2150,0
1753580640000,2.8980,2.8990,2.8970,2.897,14774,1753580699999,42812.0110,76,10661,30895.6290,0
1753580700000,2.8980,2.8980,2.8890,2.893,94954,1753580759999,274505.9570,330,27762,80272.7320,0
1753580760000,2.8920,2.8940,2.8890,2.891,20508,1753580819999,59287.5990,173,11186,32336.7310,0
1753580820000,2.8910,2.8950,2.8900,2.893,28655,1753580879999,82919.9880,186,11165,32295.2200,0
1753580880000,2.8930,2.8970,2.8920,2.895,15003,1753580939999,43423.1400,117,11074,32051.4960,0
1753580940000,2.8950,2.8980,2.8940,2.897,4351,1753580999999,12602.7500,92,2295,6646.6260,0
1753581000000,2.8970,2.9000,2.8960,2.897,39171,1753581059999,113462.4140,181,31517,91291.0680,0
1753581060000,2.8970,2.8970,2.8950,2.896,5397,1753581119999,15628.4540,80,1658,4802.5930,0
1753581120000,2.8970,2.8980,2.8950,2.897,22117,1753581179999,64067.4030,101,3770,10921.4420,0
1753581180000,2.8970,2.8990,2.8950,2.897,6308,1753581239999,18273.3030,97,3185,9228.6720,0
1753581240000,2.8970,2.8980,2.8960,2.897,3788,1753581299999,10973.3870,87,1681,4869.8950,0
1753581300000,2.8970,2.8980,2.8920,2.892,22272,1753581359999,64501.9830,177,4303,12464.2230,0
1753581360000,2.8910,2.8930,2.8910,2.891,4909,1753581419999,14194.0940,71,2920,8442.5460,0
1753581420000,2.8910,2.8930,2.8910,2.892,2476,1753581479999,7161.0880,42,2040,5900.4080,0
1753581480000,2.8920,2.8940,2.8920,2.892,5571,1753581539999,16119.6630,131,3366,9739.8830,0
1753581540000,2.8920,2.8940,2.8920,2.893,16176,1753581599999,46796.8620,73,8962,25933.8100,0
1753581600000,2.8930,2.8940,2.8910,2.893,30245,1753581659999,87460.9100,309,15918,46035.4180,0
1753581660000,2.8930,2.8940,2.8920,2.892,13337,1753581719999,38580.1870,109,5155,14913.5210,0
1753581720000,2.8920,2.8930,2.8910,2.892,13401,1753581779999,38753.7330,117,8228,23795.7470,0
1753581780000,2.8920,2.8930,2.8890,2.89,17950,1753581839999,51901.0600,206,8348,24143.6070,0
1753581840000,2.8890,2.8920,2.8880,2.892,7890,1753581899999,22799.4570,141,4810,13900.1170,0
1753581900000,2.8910,2.8920,2.8890,2.889,2611,1753581959999,7547.3740,93,236,682.4490,0
1753581960000,2.8890,2.8900,2.8880,2.889,15327,1753582019999,44279.7540,118,5298,15311.2020,0
1753582020000,2.8880,2.8900,2.8870,2.89,9790,1753582079999,28269.7000,173,1800,5199.0400,0
1753582080000,2.8900,2.8930,2.8900,2.89,4931,1753582139999,14257.0360,129,2529,7311.4660,0
1753582140000,2.8910,2.8980,2.8910,2.897,20888,1753582199999,60473.8520,175,19850,57467.6120,0
1753582200000,2.8970,2.8990,2.8960,2.898,21000,1753582259999,60841.7490,149,10042,29094.6570,0
1753582260000,2.8980,2.9000,2.8970,2.898,34717,1753582319999,100661.6420,206,29761,86297.1100,0
1753582320000,2.8990,2.9020,2.8970,2.902,5072,1753582379999,14706.8090,130,4383,12709.5340,0
1753582380000,2.9020,2.9040,2.9020,2.903,27220,1753582439999,79004.8660,189,21419,62166.0850,0
1753582440000,2.9020,2.9040,2.9020,2.904,38045,1753582499999,110441.3730,90,36902,107124.3280,0
1753582500000,2.9050,2.9090,2.9030,2.909,39836,1753582559999,115705.8060,178,21045,61134.3430,0
1753582560000,2.9080,2.9100,2.9080,2.91,9324,1753582619999,27127.8940,108,8619,25077.0630,0
1753582620000,2.9110,2.9130,2.9100,2.913,35581,1753582679999,103587.7980,187,25586,74493.5150,0
1753582680000,2.9130,2.9130,2.9080,2.909,24299,1753582739999,70706.7230,158,8293,24134.4670,0
1753582740000,2.9090,2.9100,2.9060,2.906,14333,1753582799999,41680.7290,115,2899,8433.2570,0
1753582800000,2.9060,2.9090,2.9060,2.909,8351,1753582859999,24289.1030,108,5595,16274.6440,0
1753582860000,2.9090,2.9110,2.9070,2.911,4819,1753582919999,14015.8290,88,2313,6727.3980,0
1753582920000,2.9100,2.9110,2.9080,2.908,10350,1753582979999,30108.1330,91,1565,4554.3990,0
1753582980000,2.9080,2.9090,2.9050,2.907,15978,1753583039999,46450.0080,124,2837,8248.9960,0
1753583040000,2.9060,2.9070,2.9030,2.905,7705,1753583099999,22376.9410,130,5699,16551.4550,0
1753583100000,2.9050,2.9050,2.8990,2.9,9051,1753583159999,26260.5320,153,2028,5887.2380,0
1753583160000,2.9000,2.9030,2.9000,2.901,21746,1753583219999,63098.9270,185,4718,13687.0390,0
1753583220000,2.9010,2.9040,2.8990,2.903,26871,1753583279999,77952.7740,180,21671,62870.0780,0
1753583280000,2.9030,2.9040,2.9010,2.902,5190,1753583339999,15065.4090,84,538,1561.8290,0
1753583340000,2.9020,2.9040,2.9010,2.902,15287,1753583399999,44377.2870,152,13973,40562.6230,0
1753583400000,2.9020,2.9030,2.9000,2.902,15866,1753583459999,46040.8340,137,10060,29198.8380,0
1753583460000,2.9010,2.9050,2.9000,2.904,23712,1753583519999,68842.7210,200,9197,26693.0400,0
1753583520000,2.9040,2.9090,2.9030,2.908,13451,1753583579999,39085.1250,147,13082,38012.6640,0
1753583580000,2.9080,2.9090,2.9040,2.905,6242,1753583639999,18144.8430,156,1734,5040.8720,0
1753583640000,2.9050,2.9070,2.9040,2.905,11142,1753583699999,32371.0860,134,7538,21898.9060,0
1753583700000,2.9060,2.9090,2.9050,2.908,5450,1753583759999,15844.2100,134,4846,14088.9830,0
1753583760000,2.9090,2.9120,2.9080,2.91,9472,1753583819999,27570.1110,173,4031,11732.1420,0
1753583820000,2.9100,2.9130,2.9090,2.913,5020,1753583879999,14613.6530,105,4335,12620.2210,0
1753583880000,2.9130,2.9140,2.9120,2.914,36976,1753583939999,107688.0190,135,27488,80058.6540,0
1753583940000,2.9140,2.9140,2.9110,2.913,8288,1753583999999,24133.5770,102,2187,6369.0090,0
1753584000000,2.9130,2.9150,2.9120,2.914,5441,1753584059999,15854.1430,126,4502,13118.1400,0
1753584060000,2.9150,2.9170,2.9130,2.915,17639,1753584119999,51421.3950,237,7257,21154.3820,0
1753584120000,2.9140,2.9140,2.9110,2.912,17618,1753584179999,51294.2350,124,6185,18006.0530,0
1753584180000,2.9110,2.9130,2.9110,2.913,5085,1753584239999,14804.3530,85,4495,13086.7970,0
1753584240000,2.9130,2.9130,2.9110,2.912,2079,1753584299999,6054.0560,54,916,2667.4140,0
1753584300000,2.9120,2.9140,2.9100,2.911,10392,1753584359999,30258.9480,190,3886,11316.2750,0
1753584360000,2.9110,2.9120,2.9100,2.911,7585,1753584419999,22074.4810,72,1645,4788.6110,0
1753584420000,2.9100,2.9100,2.9050,2.907,41392,1753584479999,120334.3100,240,5996,17435.5260,0
1753584480000,2.9070,2.9090,2.9070,2.909,13217,1753584539999,38433.6030,81,3057,8888.3230,0
1753584540000,2.9090,2.9110,2.9070,2.908,28962,1753584599999,84250.8790,148,25805,75067.6600,0
1753584600000,2.9090,2.9120,2.9080,2.91,7390,1753584659999,21501.7300,115,3616,10521.7400,0
1753584660000,2.9100,2.9110,2.9080,2.911,7413,1753584719999,21570.7380,95,6386,18583.3460,0
1753584720000,2.9110,2.9130,2.9100,2.912,9890,1753584779999,28797.5210,101,8437,24566.6040,0
1753584780000,2.9120,2.9280,2.9120,2.926,350202,1753584839999,1022721.4280,993,290428,847897.3560,0
1753584840000,2.9270,2.9280,2.9250,2.927,47722,1753584899999,139670.6880,178,31110,91060.2460,0
1753584900000,2.9270,2.9270,2.9200,2.921,32416,1753584959999,94762.6230,258,14581,42618.1490,0
1753584960000,2.9210,2.9230,2.9200,2.922,17471,1753585019999,51041.9760,191,11316,33062.7370,0
1753585020000,2.9220,2.9240,2.9200,2.922,38244,1753585079999,111748.3070,183,24202,70721.5380,0
1753585080000,2.9210,2.9210,2.9190,2.92,10096,1753585139999,29480.1810,88,444,1296.8780,0
1753585140000,2.9200,2.9210,2.9190,2.92,16042,1753585199999,46847.4970,108,11882,34700.2340,0
1753585200000,2.9210,2.9250,2.9210,2.923,31142,1753585259999,91031.0260,324,22684,66307.0800,0
1753585260000,2.9230,2.9260,2.9210,2.926,10094,1753585319999,29507.4390,164,3359,9822.0640,0
1753585320000,2.9260,2.9280,2.9250,2.926,14183,1753585379999,41501.8590,182,5974,17482.6840,0
1753585380000,2.9250,2.9280,2.9240,2.927,41186,1753585439999,120489.5040,163,18248,53396.7320,0
1753585440000,2.9270,2.9270,2.9240,2.924,11651,1753585499999,34089.3670,195,5720,16738.5500,0
1753585500000,2.9230,2.9240,2.9210,2.921,8074,1753585559999,23595.2410,116,4630,13529.8400,0
1753585560000,2.9210,2.9210,2.9060,2.907,326511,1753585619999,950918.5890,901,58462,170044.0210,0
1753585620000,2.9070,2.9110,2.9070,2.909,64429,1753585679999,187409.6800,228,46243,134508.1510,0
1753585680000,2.9090,2.9090,2.9060,2.908,14322,1753585739999,41647.2920,133,7072,20567.9370,0
1753585740000,2.9070,2.9100,2.9070,2.907,21580,1753585799999,62746.1480,152,6686,19444.5710,0
1753585800000,2.9070,2.9110,2.9070,2.908,19120,1753585859999,55629.1450,165,9152,26624.0520,0
1753585860000,2.9090,2.9120,2.9080,2.912,28754,1753585919999,83687.3420,197,25944,75505.4230,0
1753585920000,2.9110,2.9120,2.9100,2.912,15593,1753585979999,45387.7320,144,9946,28952.6730,0
1753585980000,2.9110,2.9120,2.9100,2.91,5953,1753586039999,17327.7320,111,3160,9198.3940,0
1753586040000,2.9100,2.9100,2.9080,2.908,3104,1753586099999,9029.8120,57,310,902.1000,0
1753586100000,2.9080,2.9120,2.9070,2.911,17113,1753586159999,49788.5580,208,14447,42034.6830,0
1753586160000,2.9110,2.9140,2.9110,2.911,55634,1753586219999,162032.3210,235,34893,101626.2070,0
1753586220000,2.9100,2.9110,2.9070,2.908,5733,1753586279999,16680.3170,178,2788,8112.1330,0
1753586280000,2.9080,2.9090,2.9070,2.909,6535,1753586339999,19003.5900,87,5011,14573.1150,0
1753586340000,2.9080,2.9090,2.9060,2.907,5294,1753586399999,15388.2210,107,407,1183.1630,0
1753586400000,2.9070,2.9070,2.9020,2.904,48204,1753586459999,139992.5890,226,18352,53300.4110,0
1753586460000,2.9040,2.9060,2.9030,2.904,11395,1753586519999,33100.2770,119,6109,17745.9830,0
1753586520000,2.9040,2.9080,2.9030,2.908,7634,1753586579999,22178.0340,116,7078,20563.4780,0
1753586580000,2.9080,2.9110,2.9080,2.908,6975,1753586639999,20291.1160,104,2295,6677.2270,0
1753586640000,2.9090,2.9090,2.9070,2.907,5575,1753586699999,16207.7940,97,2652,7710.4900,0
1753586700000,2.9070,2.9090,2.9060,2.906,27078,1753586759999,78741.7950,128,3530,10264.9210,0
1753586760000,2.9060,2.9070,2.9060,2.907,1295,1753586819999,3763.8900,41,620,1802.3400,0
1753586820000,2.9060,2.9070,2.9050,2.906,5404,1753586879999,15701.7430,98,836,2429.8500,0
1753586880000,2.9060,2.9070,2.9050,2.905,3122,1753586939999,9072.6030,64,1703,4949.0200,0
1753586940000,2.9060,2.9080,2.9060,2.908,14039,1753586999999,40810.9980,65,13997,40688.9460,0
1753587000000,2.9080,2.9100,2.9080,2.909,37023,1753587059999,107685.6070,212,33210,96594.3230,0
1753587060000,2.9080,2.9120,2.9070,2.911,21460,1753587119999,62416.6200,130,18653,54252.4600,0
1753587120000,2.9120,2.9130,2.9090,2.909,5118,1753587179999,14900.7410,193,1605,4675.1490,0
1753587180000,2.9090,2.9120,2.9090,2.911,4726,1753587239999,13753.2100,93,3832,11151.3710,0
1753587240000,2.9110,2.9120,2.9070,2.912,61876,1753587299999,180048.3200,187,31021,90281.8890,0
1753587300000,2.9120,2.9140,2.9120,2.912,5369,1753587359999,15638.2450,96,1711,4982.8820,0
1753587360000,2.9110,2.9120,2.9100,2.912,6829,1753587419999,19881.8240,103,4287,12482.0790,0
1753587420000,2.9120,2.9140,2.9110,2.912,14906,1753587479999,43408.6530,100,14006,40787.9420,0
1753587480000,2.9130,2.9140,2.9110,2.912,7573,1753587539999,22058.1380,97,3655,10647.1070,0
1753587540000,2.9120,2.9170,2.9110,2.917,4760,1753587599999,13869.5710,122,4456,12984.1240,0
1753587600000,2.9170,2.9170,2.9130,2.913,8954,1753587659999,26109.6010,132,2390,6971.5990,0
1753587660000,2.9140,2.9160,2.9130,2.916,3477,1753587719999,10132.9230,86,2623,7643.6490,0
1753587720000,2.9160,2.9160,2.9130,2.914,31912,1753587779999,93039.4910,143,1885,5495.4500,0
1753587780000,2.9130,2.9130,2.9110,2.911,5524,1753587839999,16088.2160,74,98,285.3790,0
1753587840000,2.9110,2.9130,2.9110,2.911,2185,1753587899999,6362.7680,65,1498,4362.2970,0
1753587900000,2.9110,2.9120,2.9080,2.908,16215,1753587959999,47170.0250,137,3816,11099.0040,0
1753587960000,2.9080,2.9090,2.9070,2.908,5750,1753588019999,16724.4100,99,2969,8636.4360,0
1753588020000,2.9090,2.9110,2.9080,2.91,3974,1753588079999,11561.2500,92,2989,8695.8840,0
1753588080000,2.9100,2.9100,2.9070,2.91,2522,1753588139999,7334.4110,78,2177,6331.1770,0
1753588140000,2.9100,2.9120,2.9090,2.912,7745,1753588199999,22548.7190,85,4410,12840.7670,0
1753588200000,2.9110,2.9120,2.9090,2.91,5640,1753588259999,16418.2260,83,1211,3526.2530,0
1753588260000,2.9100,2.9110,2.9090,2.909,5875,1753588319999,17094.2730,84,196,570.5120,0
1753588320000,2.9090,2.9100,2.9070,2.91,13920,1753588379999,40483.6110,85,7476,21744.5480,0
1753588380000,2.9090,2.9110,2.9090,2.91,17197,1753588439999,50039.8130,127,11672,33965.5710,0
1753588440000,2.9100,2.9110,2.9090,2.91,1518,1753588499999,4417.4870,44,699,2034.2060,0
1753588500000,2.9090,2.9100,2.9080,2.908,27976,1753588559999,81368.2570,104,10963,31891.4180,0
1753588560000,2.9080,2.9090,2.9070,2.908,1085,1753588619999,3155.1720,44,291,846.2350,0
1753588620000,2.9070,2.9080,2.9060,2.907,3920,1753588679999,11395.9270,84,1570,4564.6110,0
1753588680000,2.9080,2.9080,2.9070,2.908,2259,1753588739999,6568.7250,63,938,2727.7040,0
1753588740000,2.9080,2.9090,2.9070,2.909,2921,1753588799999,8493.9800,56,2441,7098.4300,0
1753588800000,2.9090,2.9110,2.9080,2.91,13199,1753588859999,38406.0360,189,11221,32650.7040,0
1753588860000,2.9100,2.9130,2.9100,2.913,26794,1753588919999,78022.8020,127,20005,58257.4990,0
1753588920000,2.9120,2.9130,2.9110,2.913,5433,1753588979999,15820.4200,88,1610,4689.0150,0
1753588980000,2.9130,2.9150,2.9120,2.912,9330,1753589039999,27186.2300,137,4390,12791.9230,0
1753589040000,2.9120,2.9130,2.9100,2.912,5612,1753589099999,16338.0130,143,2111,6145.3240,0
1753589100000,2.9120,2.9140,2.9120,2.914,7545,1753589159999,21972.6720,116,5456,15889.4560,0
1753589160000,2.9130,2.9170,2.9130,2.916,50412,1753589219999,146968.9460,173,47053,137172.7270,0
1753589220000,2.9160,2.9170,2.9140,2.915,15333,1753589279999,44706.7480,145,9567,27895.6310,0
1753589280000,2.9150,2.9170,2.9130,2.913,11293,1753589339999,32929.4030,150,5940,17318.6990,0
1753589340000,2.9130,2.9130,2.9060,2.907,10480,1753589399999,30488.6130,158,459,1335.6930,0
1753589400000,2.9060,2.9060,2.9040,2.904,25316,1753589459999,73545.2600,162,8274,24039.2950,0
1753589460000,2.9050,2.9060,2.9030,2.903,10440,1753589519999,30325.4870,134,5377,15623.9720,0
1753589520000,2.9030,2.9030,2.9000,2.9,8275,1753589579999,24009.3140,124,741,2150.5810,0
1753589580000,2.9010,2.9050,2.9000,2.904,7191,1753589639999,20873.1430,209,6156,17868.3710,0
1753589640000,2.9040,2.9050,2.9030,2.904,3627,1753589699999,10532.0580,110,1844,5354.9380,0
1753589700000,2.9030,2.9070,2.9030,2.906,7330,1753589759999,21286.5940,150,6476,18806.2620,0
1753589760000,2.9060,2.9070,2.9040,2.904,4578,1753589819999,13299.2810,94,860,2498.3680,0
1753589820000,2.9040,2.9070,2.9030,2.907,9765,1753589879999,28365.2700,127,6651,19321.9930,0
1753589880000,2.9070,2.9090,2.9050,2.906,17499,1753589939999,50873.3020,132,4421,12855.7280,0
1753589940000,2.9060,2.9090,2.9050,2.907,5730,1753589999999,16658.3210,111,5220,15175.4010,0
1753590000000,2.9070,2.9090,2.9050,2.908,16181,1753590059999,47037.2590,162,4634,13471.7430,0
1753590060000,2.9070,2.9080,2.9040,2.904,5246,1753590119999,15244.2680,108,911,2648.3260,0
1753590120000,2.9050,2.9090,2.9040,2.907,5079,1753590179999,14759.4750,117,3700,10751.3890,0
1753590180000,2.9080,2.9110,2.9080,2.911,9099,1753590239999,26471.2180,104,8146,23699.3470,0
1753590240000,2.9110,2.9150,2.9100,2.914,5012,1753590299999,14599.9210,112,4843,14107.7700,0
1753590300000,2.9140,2.9150,2.9110,2.912,8929,1753590359999,26016.8860,184,2249,6554.2850,0
1753590360000,2.9110,2.9120,2.9080,2.911,6658,1753590419999,19370.1600,148,1934,5626.7830,0
1753590420000,2.9110,2.9120,2.9090,2.91,2772,1753590479999,8066.9350,82,2024,5889.9550,0
1753590480000,2.9110,2.9110,2.9090,2.909,3407,1753590539999,9914.2260,72,1794,5220.5650,0
1753590540000,2.9090,2.9110,2.9090,2.911,1382,1753590599999,4021.6230,59,1224,3561.9850,0
1753590600000,2.9110,2.9120,2.9070,2.907,7886,1753590659999,22950.5920,216,4601,13392.6130,0
1753590660000,2.9070,2.9100,2.9070,2.909,27997,1753590719999,81421.5280,168,26748,77790.4730,0
1753590720000,2.9100,2.9130,2.9090,2.913,4492,1753590779999,13078.2720,113,4296,12508.0770,0
1753590780000,2.9140,2.9160,2.9130,2.914,7618,1753590839999,22204.3160,108,3631,10583.3890,0
1753590840000,2.9140,2.9160,2.9130,2.915,10156,1753590899999,29595.9970,85,2915,8495.3590,0
1753590900000,2.9140,2.9160,2.9130,2.915,23817,1753590959999,69421.9980,148,12824,37379.9610,0
1753590960000,2.9160,2.9190,2.9160,2.919,12135,1753591019999,35395.0330,124,5933,17309.9570,0
1753591020000,2.9190,2.9210,2.9180,2.92,11192,1753591079999,32668.9940,140,5249,15323.8450,0
1753591080000,2.9200,2.9200,2.9130,2.914,11334,1753591139999,33066.4430,228,847,2471.7820,0
1753591140000,2.9140,2.9140,2.9110,2.912,7415,1753591199999,21594.1300,112,2762,8043.1650,0
1753591200000,2.9120,2.9170,2.9120,2.916,30934,1753591259999,90165.7350,196,29935,87254.7190,0
1753591260000,2.9160,2.9180,2.9160,2.917,8143,1753591319999,23752.8640,110,5791,16892.3510,0
1753591320000,2.9160,2.9180,2.9130,2.917,23985,1753591379999,69932.3440,282,17846,52031.9090,0
1753591380000,2.9180,2.9180,2.9120,2.913,16873,1753591439999,49175.0040,140,11522,33573.4530,0
1753591440000,2.9140,2.9160,2.9130,2.915,6481,1753591499999,18891.6940,89,1749,5098.0800,0
1753591500000,2.9150,2.9160,2.9120,2.914,27184,1753591559999,79204.3080,208,1890,5507.0570,0
1753591560000,2.9130,2.9140,2.9120,2.914,5446,1753591619999,15863.0250,78,1757,5118.3140,0
1753591620000,2.9130,2.9150,2.9120,2.915,6424,1753591679999,18716.3170,116,2813,8196.2400,0
1753591680000,2.9140,2.9140,2.9110,2.911,13184,1753591739999,38396.4480,144,120,349.5950,0
1753591740000,2.9110,2.9130,2.9090,2.91,14784,1753591799999,43046.5840,129,3936,11461.5810,0
1753591800000,2.9090,2.9120,2.9080,2.912,7052,1753591859999,20515.4660,119,4276,12440.0340,0
1753591860000,2.9120,2.9120,2.9110,2.911,2728,1753591919999,7943.6430,62,2435,7090.7200,0
1753591920000,2.9120,2.9130,2.9120,2.912,3322,1753591979999,9674.7910,61,1869,5443.6550,0
1753591980000,2.9130,2.9160,2.9120,2.916,32584,1753592039999,94946.2680,129,25267,73631.8580,0
1753592040000,2.9160,2.9170,2.9130,2.915,8800,1753592099999,25655.1070,206,4351,12684.5240,0
1753592100000,2.9140,2.9150,2.9140,2.915,4374,1753592159999,12747.4370,96,1447,4216.9730,0
1753592160000,2.9160,2.9180,2.9160,2.916,4561,1753592219999,13301.0310,119,2360,6882.8550,0
1753592220000,2.9160,2.9160,2.9130,2.914,13065,1753592279999,38085.0610,145,8643,25193.5940,0
1753592280000,2.9150,2.9180,2.9130,2.918,4072,1753592339999,11869.3780,116,3135,9138.8770,0
1753592340000,2.9180,2.9180,2.9170,2.918,1753,1753592399999,5114.4260,64,1193,3480.9060,0
1753592400000,2.9180,2.9180,2.9160,2.918,12941,1753592459999,37749.9160,179,4830,14090.8070,0
1753592460000,2.9180,2.9210,2.9150,2.915,14410,1753592519999,42056.1350,249,7809,22793.5740,0
1753592520000,2.9160,2.9160,2.9140,2.914,24595,1753592579999,71681.2510,195,11858,34559.3420,0
1753592580000,2.9150,2.9160,2.9130,2.915,8112,1753592639999,23643.5360,116,2625,7651.8860,0
1753592640000,2.9150,2.9160,2.9140,2.916,2180,1753592699999,6354.9980,64,1505,4387.4000,0
1753592700000,2.9160,2.9160,2.9150,2.916,4572,1753592759999,13327.4620,89,1048,3055.0020,0
1753592760000,2.9160,2.9220,2.9150,2.92,36462,1753592819999,106406.5580,226,31635,92310.1770,0
1753592820000,2.9200,2.9210,2.9190,2.92,9952,1753592879999,29059.8490,62,1497,4371.2760,0
1753592880000,2.9200,2.9210,2.9180,2.918,6775,1753592939999,19776.6800,189,1480,4321.6050,0
1753592940000,2.9170,2.9180,2.9150,2.915,25643,1753592999999,74793.3650,139,3700,10791.2870,0
1753593000000,2.9150,2.9160,2.9130,2.916,15999,1753593059999,46629.1910,156,3611,10523.9600,0
1753593060000,2.9150,2.9180,2.9150,2.917,8716,1753593119999,25417.5440,136,3127,9119.4310,0
1753593120000,2.9160,2.9170,2.9140,2.915,16939,1753593179999,49396.0880,176,1063,3100.7230,0
1753593180000,2.9150,2.9160,2.9140,2.914,10966,1753593239999,31965.4720,133,3461,10090.5780,0
1753593240000,2.9140,2.9170,2.9130,2.915,17594,1753593299999,51291.2270,128,10706,31215.8230,0
1753593300000,2.9140,2.9170,2.9130,2.917,25895,1753593359999,75477.6790,161,19939,58120.7460,0
1753593360000,2.9170,2.9180,2.9150,2.918,25410,1753593419999,74119.1390,159,17873,52135.4270,0
1753593420000,2.9180,2.9180,2.9160,2.918,14190,1753593479999,41402.5500,185,4860,14180.4450,0
1753593480000,2.9190,2.9200,2.9170,2.919,8624,1753593539999,25171.3050,134,5099,14882.9600,0
1753593540000,2.9190,2.9200,2.9180,2.919,7514,1753593599999,21932.4020,110,2367,6910.5080,0
1753593600000,2.9190,2.9210,2.9160,2.918,13080,1753593659999,38173.7340,206,8611,25130.9570,0
1753593660000,2.9170,2.9180,2.9160,2.916,4424,1753593719999,12904.2850,126,1572,4585.9680,0
1753593720000,2.9160,2.9200,2.9150,2.92,26342,1753593779999,76824.9970,188,23682,69068.6350,0
1753593780000,2.9200,2.9230,2.9190,2.923,75370,1753593839999,220190.0910,367,52925,154614.1170,0
1753593840000,2.9240,2.9290,2.9220,2.923,115316,1753593899999,337379.8000,553,48959,143274.6820,0
1753593900000,2.9230,2.9310,2.9220,2.928,55186,1753593959999,161518.4530,253,42773,125197.9650,0
1753593960000,2.9290,2.9300,2.9240,2.929,53652,1753594019999,157038.5530,325,22639,66282.1650,0
1753594020000,2.9290,2.9320,2.9290,2.931,42871,1753594079999,125655.2170,212,32435,95073.4310,0
1753594080000,2.9320,2.9320,2.9250,2.927,44922,1753594139999,131543.1770,335,18736,54859.7980,0
1753594140000,2.9270,2.9300,2.9270,2.928,14183,1753594199999,41539.8510,114,6679,19562.8590,0
1753594200000,2.9280,2.9280,2.9220,2.924,17335,1753594259999,50690.7130,277,6775,19814.9230,0
1753594260000,2.9240,2.9250,2.9200,2.923,80338,1753594319999,234810.3110,304,30083,87937.4600,0
1753594320000,2.9230,2.9300,2.9230,2.93,76904,1753594379999,225056.2100,306,61463,179867.4840,0
1753594380000,2.9300,2.9320,2.9270,2.928,58029,1753594439999,169940.6870,349,24808,72654.5590,0
1753594440000,2.9290,2.9290,2.9260,2.928,17511,1753594499999,51263.1540,156,11254,32948.8080,0
1753594500000,2.9280,2.9300,2.9250,2.927,27869,1753594559999,81603.1940,244,16058,47020.1360,0
1753594560000,2.9270,2.9290,2.9250,2.927,16336,1753594619999,47821.0670,148,9141,26759.8560,0
1753594620000,2.9270,2.9290,2.9250,2.926,8527,1753594679999,24949.9960,150,2307,6751.6640,0
1753594680000,2.9270,2.9310,2.9270,2.93,21132,1753594739999,61895.7790,154,4292,12570.7840,0
1753594740000,2.9300,2.9360,2.9300,2.934,34478,1753594799999,101160.6340,272,27337,80210.8020,0
1753594800000,2.9350,2.9350,2.9300,2.932,26550,1753594859999,77839.9250,299,3729,10930.5540,0
1753594860000,2.9310,2.9310,2.9250,2.925,37908,1753594919999,110984.1070,296,15729,46061.9590,0
1753594920000,2.9260,2.9280,2.9240,2.926,27136,1753594979999,79405.2370,218,15942,46651.3420,0
1753594980000,2.9260,2.9260,2.9210,2.922,12100,1753595039999,35371.2110,166,3877,11331.8380,0
1753595040000,2.9210,2.9250,2.9210,2.923,44178,1753595099999,129118.5070,203,26238,76694.0120,0
1753595100000,2.9240,2.9240,2.9190,2.92,24194,1753595159999,70653.9420,205,2220,6483.7150,0
1753595160000,2.9190,2.9230,2.9170,2.922,13781,1753595219999,40231.8550,215,8782,25640.5560,0
1753595220000,2.9220,2.9220,2.9180,2.918,8038,1753595279999,23463.3200,140,1775,5180.8400,0
1753595280000,2.9190,2.9200,2.9150,2.915,26287,1753595339999,76687.1310,217,11970,34924.5340,0
1753595340000,2.9150,2.9160,2.9140,2.915,12211,1753595399999,35589.6980,141,8138,23719.2040,0
1753595400000,2.9150,2.9170,2.9140,2.914,10159,1753595459999,29617.6890,127,5258,15331.3080,0
1753595460000,2.9140,2.9180,2.9130,2.917,35246,1753595519999,102731.8700,180,8511,24816.0460,0
1753595520000,2.9170,2.9180,2.9140,2.916,34234,1753595579999,99794.6140,140,14423,42044.5610,0
1753595580000,2.9160,2.9180,2.9160,2.916,9296,1753595639999,27108.3710,107,8705,25384.7000,0
1753595640000,2.9170,2.9190,2.9160,2.919,23621,1753595699999,68936.2010,125,22248,64930.3830,0
1753595700000,2.9180,2.9190,2.9170,2.918,5229,1753595759999,15260.1790,119,2003,5845.7840,0
1753595760000,2.9170,2.9210,2.9160,2.919,11934,1753595819999,34818.8180,184,7354,21456.7790,0
1753595820000,2.9200,2.9200,2.9170,2.919,14348,1753595879999,41872.7620,147,8294,24206.8300,0
1753595880000,2.9190,2.9190,2.9170,2.919,3138,1753595939999,9156.8780,67,2246,6554.0270,0
1753595940000,2.9190,2.9200,2.9170,2.918,5402,1753595999999,15766.6400,98,4330,12638.5060,0
1753596000000,2.9180,2.9190,2.9160,2.916,6323,1753596059999,18450.9610,194,3376,9853.4490,0
1753596060000,2.9170,2.9180,2.9140,2.914,7666,1753596119999,22356.5930,185,3535,10311.8820,0
1753596120000,2.9140,2.9160,2.9130,2.914,5845,1753596179999,17039.4720,137,1838,5358.3610,0
1753596180000,2.9140,2.9190,2.9140,2.919,13714,1753596239999,39991.6800,153,13079,38140.5170,0
1753596240000,2.9180,2.9210,2.9180,2.921,9238,1753596299999,26971.4530,139,7246,21156.5730,0
1753596300000,2.9200,2.9200,2.9140,2.914,14571,1753596359999,42487.3980,237,819,2388.1670,0
1753596360000,2.9150,2.9160,2.9140,2.915,10594,1753596419999,30882.0580,70,8755,25521.3880,0
1753596420000,2.9160,2.9170,2.9140,2.915,16870,1753596479999,49191.7180,104,14238,41518.0470,0
1753596480000,2.9150,2.9160,2.9130,2.914,27920,1753596539999,81365.5460,105,6053,17644.0270,0
1753596540000,2.9150,2.9150,2.9120,2.913,10309,1753596599999,30034.4160,131,2248,6549.0270,0
1753596600000,2.9130,2.9150,2.9120,2.913,20116,1753596659999,58595.8780,182,4874,14200.9490,0
1753596660000,2.9130,2.9160,2.9120,2.914,54803,1753596719999,159659.9540,270,21431,62440.0170,0
1753596720000,2.9140,2.9150,2.9110,2.914,33564,1753596779999,97755.9390,188,9518,27728.5260,0
1753596780000,2.9140,2.9150,2.9130,2.914,8778,1753596839999,25579.6340,114,6672,19442.7990,0
1753596840000,2.9150,2.9160,2.9130,2.913,16379,1753596899999,47740.9110,105,5948,17343.6580,0
1753596900000,2.9130,2.9130,2.9120,2.913,5206,1753596959999,15164.0270,110,1971,5741.5230,0
1753596960000,2.9130,2.9170,2.9120,2.916,20164,1753597019999,58750.8170,149,12851,37443.8250,0
1753597020000,2.9160,2.9170,2.9150,2.916,21680,1753597079999,63217.0960,143,14793,43136.2930,0
1753597080000,2.9150,2.9170,2.9140,2.914,6664,1753597139999,19431.2610,97,4261,12425.4340,0
1753597140000,2.9140,2.9180,2.9140,2.917,6212,1753597199999,18115.1250,100,4713,13742.8980,0
1753597200000,2.9180,2.9200,2.9180,2.919,12475,1753597259999,36416.1820,129,8244,24066.0720,0
1753597260000,2.9180,2.9200,2.9180,2.919,39575,1753597319999,115496.7810,158,29016,84683.4120,0
1753597320000,2.9180,2.9190,2.9160,2.916,2468,1753597379999,7200.8650,107,649,1893.8080,0
1753597380000,2.9160,2.9200,2.9160,2.918,7887,1753597439999,23014.0440,91,6119,17857.8790,0
1753597440000,2.9180,2.9190,2.9150,2.916,6771,1753597499999,19753.9360,130,1837,5360.2890,0
1753597500000,2.9150,2.9150,2.9090,2.912,32606,1753597559999,94930.9970,238,5556,16170.7010,0
1753597560000,2.9110,2.9110,2.9090,2.91,15184,1753597619999,44182.8800,104,10591,30819.8390,0
1753597620000,2.9100,2.9100,2.9060,2.907,8336,1753597679999,24245.0880,120,325,945.0870,0
1753597680000,2.9060,2.9110,2.9050,2.909,33303,1753597739999,96857.7520,149,13350,38815.6210,0
1753597740000,2.9090,2.9120,2.9090,2.91,7182,1753597799999,20903.4880,104,2894,8422.7980,0
1753597800000,2.9100,2.9110,2.9070,2.909,12674,1753597859999,36863.2470,187,5934,17260.2190,0
1753597860000,2.9080,2.9110,2.9080,2.909,7304,1753597919999,21251.2270,93,5337,15527.9690,0
1753597920000,2.9090,2.9120,2.9090,2.912,17547,1753597979999,51091.2640,133,14075,40981.1590,0
1753597980000,2.9120,2.9120,2.9070,2.907,27116,1753598039999,78888.1630,219,3420,9945.3470,0
1753598040000,2.9070,2.9100,2.9060,2.909,16041,1753598099999,46648.5730,90,14179,41234.0730,0
1753598100000,2.9090,2.9100,2.9070,2.908,13993,1753598159999,40695.5970,105,762,2216.2820,0
1753598160000,2.9090,2.9140,2.9080,2.913,28717,1753598219999,83609.9430,134,26659,77619.2100,0
1753598220000,2.9120,2.9160,2.9110,2.916,6333,1753598279999,18446.0930,113,3531,10286.5270,0
1753598280000,2.9150,2.9160,2.9130,2.914,23550,1753598339999,68624.3930,143,133,387.6720,0
1753598340000,2.9140,2.9140,2.9120,2.912,2214,1753598399999,6449.4020,42,285,830.3990,0
1753598400000,2.9130,2.9190,2.9130,2.916,16864,1753598459999,49190.8130,154,6491,18924.6070,0
1753598460000,2.9160,2.9170,2.9140,2.916,7276,1753598519999,21211.7660,166,2872,8372.7820,0
1753598520000,2.9160,2.9160,2.9130,2.915,10016,1753598579999,29187.2460,92,8852,25794.8370,0
1753598580000,2.9140,2.9160,2.9130,2.915,4062,1753598639999,11838.6460,85,2102,6127.2170,0
1753598640000,2.9160,2.9170,2.9150,2.916,2235,1753598699999,6517.1880,46,2038,5942.9180,0
1753598700000,2.9160,2.9180,2.9150,2.915,14890,1753598759999,43423.5080,185,7516,21918.5940,0
1753598760000,2.9140,2.9150,2.9120,2.915,6762,1753598819999,19704.8280,94,5064,14757.7150,0
1753598820000,2.9140,2.9150,2.9080,2.909,12801,1753598879999,37283.2240,167,230,669.9180,0
1753598880000,2.9090,2.9110,2.9080,2.908,7565,1753598939999,22009.0320,70,1679,4884.9660,0
1753598940000,2.9080,2.9080,2.9060,2.907,29673,1753598999999,86282.3670,116,11981,34839.4240,0
1753599000000,2.9070,2.9100,2.9070,2.909,15989,1753599059999,46505.0570,125,10297,29947.4590,0
1753599060000,2.9100,2.9100,2.9050,2.906,12334,1753599119999,35862.8450,142,1249,3632.2960,0
1753599120000,2.9050,2.9060,2.9030,2.906,33807,1753599179999,98184.0420,175,11432,33204.7290,0
1753599180000,2.9050,2.9080,2.9050,2.907,18224,1753599239999,52956.5540,164,9997,29051.6160,0
1753599240000,2.9080,2.9110,2.9080,2.911,16203,1753599299999,47131.8500,111,9359,27224.9800,0
1753599300000,2.9120,2.9120,2.9100,2.91,13533,1753599359999,39395.3020,162,2642,7692.5190,0
1753599360000,2.9100,2.9120,2.9090,2.91,19987,1753599419999,58177.2660,95,15413,44866.3050,0
1753599420000,2.9100,2.9100,2.9070,2.907,14663,1753599479999,42641.1070,126,12045,35027.9500,0
1753599480000,2.9070,2.9100,2.9070,2.909,21345,1753599539999,62099.0170,118,16875,49099.1470,0
1753599540000,2.9100,2.9100,2.9080,2.909,20855,1753599599999,60662.5820,65,3669,10674.6220,0
1753599600000,2.9100,2.9110,2.9070,2.908,15680,1753599659999,45614.6000,246,6072,17665.5610,0
1753599660000,2.9090,2.9100,2.9080,2.909,22645,1753599719999,65877.5480,176,11046,32135.4980,0
1753599720000,2.9090,2.9100,2.9080,2.908,11391,1753599779999,33143.4540,149,3183,9262.0250,0
1753599780000,2.9080,2.9100,2.9060,2.909,24471,1753599839999,71162.7040,161,18734,54483.1400,0
1753599840000,2.9090,2.9130,2.9090,2.913,43244,1753599899999,125884.4070,290,21121,61488.8640,0
1753599900000,2.9140,2.9150,2.9120,2.912,14051,1753599959999,40922.3770,178,2702,7869.1200,0
1753599960000,2.9120,2.9180,2.9120,2.917,18869,1753600019999,55023.5360,185,11895,34682.1830,0
1753600020000,2.9180,2.9180,2.9150,2.917,21734,1753600079999,63394.5390,123,5405,15763.8110,0
1753600080000,2.9160,2.9170,2.9140,2.915,25398,1753600139999,74020.6950,166,3884,11323.4360,0
1753600140000,2.9160,2.9180,2.9150,2.915,10922,1753600199999,31858.0110,83,5500,16045.9970,0
1753600200000,2.9160,2.9180,2.9150,2.918,20986,1753600259999,61187.2390,179,18278,53292.6280,0
1753600260000,2.9180,2.9190,2.9160,2.916,9892,1753600319999,28864.9400,85,8017,23394.2670,0
1753600320000,2.9170,2.9180,2.9160,2.918,10881,1753600379999,31745.6730,138,8998,26254.2080,0
1753600380000,2.9190,2.9210,2.9180,2.92,7692,1753600439999,22454.1280,90,4570,13341.0970,0
1753600440000,2.9190,2.9190,2.9140,2.915,14009,1753600499999,40860.0670,187,734,2140.1720,0
1753600500000,2.9150,2.9150,2.9100,2.912,18067,1753600559999,52623.7450,155,6818,19856.1340,0
1753600560000,2.9120,2.9150,2.9120,2.913,15605,1753600619999,45469.0330,73,12967,37784.7510,0
1753600620000,2.9130,2.9140,2.9100,2.914,32824,1753600679999,95563.8040,158,9820,28603.5770,0
1753600680000,2.9130,2.9160,2.9130,2.914,9446,1753600739999,27538.2990,93,6760,19708.7300,0
1753600740000,2.9140,2.9170,2.9140,2.915,8857,1753600799999,25823.4260,92,7738,22560.5950,0
1753600800000,2.9160,2.9190,2.9150,2.917,6771,1753600859999,19751.7990,64,6242,18208.3600,0
1753600860000,2.9180,2.9200,2.9180,2.919,13498,1753600919999,39396.3940,96,9521,27789.5640,0
1753600920000,2.9180,2.9210,2.9180,2.919,7011,1753600979999,20468.3410,68,5139,15003.5240,0
1753600980000,2.9190,2.9190,2.9150,2.915,9320,1753601039999,27179.9980,146,3478,10138.5540,0
1753601040000,2.9150,2.9150,2.9110,2.914,9432,1753601099999,27473.4680,115,4531,13196.7150,0
1753601100000,2.9130,2.9140,2.9110,2.912,16219,1753601159999,47227.9830,95,909,2647.7090,0
1753601160000,2.9120,2.9140,2.9100,2.914,6480,1753601219999,18871.1720,114,2764,8050.2010,0
1753601220000,2.9140,2.9140,2.9120,2.913,12838,1753601279999,37400.5370,90,1256,3659.8890,0
1753601280000,2.9120,2.9130,2.9100,2.913,16548,1753601339999,48177.7450,138,9243,26914.8690,0
1753601340000,2.9130,2.9150,2.9120,2.912,7624,1753601399999,22220.0050,82,6114,17820.5230,0
1753601400000,2.9120,2.9130,2.9070,2.907,12362,1753601459999,35970.7410,151,799,2326.7520,0
1753601460000,2.9070,2.9090,2.9050,2.905,42788,1753601519999,124417.3190,150,18665,54271.3240,0
1753601520000,2.9050,2.9080,2.9040,2.907,10308,1753601579999,29953.7160,146,4346,12629.1210,0
1753601580000,2.9070,2.9120,2.9070,2.91,33915,1753601639999,98694.0430,145,27352,79586.4830,0
1753601640000,2.9100,2.9130,2.9100,2.913,4349,1753601699999,12661.4800,63,4073,11857.9150,0
1753601700000,2.9130,2.9130,2.9070,2.908,5340,1753601759999,15535.2200,196,2124,6176.7900,0
1753601760000,2.9070,2.9090,2.9070,2.908,17834,1753601819999,51872.9260,129,3480,10119.9950,0
1753601820000,2.9080,2.9080,2.9040,2.904,19858,1753601879999,57694.0980,168,2887,8388.1330,0
1753601880000,2.9040,2.9050,2.9010,2.902,10712,1753601939999,31094.6430,108,1155,3354.0890,0
1753601940000,2.9010,2.9050,2.9010,2.902,18255,1753601999999,53002.2770,117,4087,11866.3730,0
1753602000000,2.9020,2.9050,2.9020,2.904,9384,1753602059999,27251.6740,91,5705,16567.9550,0
1753602060000,2.9030,2.9050,2.9030,2.904,9294,1753602119999,26989.9310,67,2400,6969.7720,0
1753602120000,2.9030,2.9050,2.9030,2.904,8299,1753602179999,24096.1780,92,2533,7356.0600,0
1753602180000,2.9040,2.9060,2.9040,2.906,4722,1753602239999,13719.9250,73,3797,11032.7950,0
1753602240000,2.9060,2.9080,2.9060,2.908,9360,1753602299999,27211.8030,80,7307,21245.7670,0
1753602300000,2.9080,2.9100,2.9070,2.908,11038,1753602359999,32111.6910,85,3875,11275.1820,0
1753602360000,2.9080,2.9080,2.9040,2.904,9101,1753602419999,26446.7460,186,268,778.7310,0
1753602420000,2.9030,2.9050,2.9020,2.903,3554,1753602479999,10320.4500,74,1698,4931.1460,0
1753602480000,2.9030,2.9110,2.9030,2.91,12539,1753602539999,36471.9670,134,10558,30707.6800,0
1753602540000,2.9090,2.9100,2.9080,2.91,13429,1753602599999,39067.5850,89,10799,31416.9330,0
1753602600000,2.9100,2.9110,2.9080,2.908,5166,1753602659999,15029.7380,102,805,2342.5630,0
1753602660000,2.9080,2.9090,2.9050,2.906,7653,1753602719999,22242.4030,150,2157,6270.3900,0
1753602720000,2.9050,2.9060,2.9040,2.904,2334,1753602779999,6779.8400,40,309,897.9540,0
1753602780000,2.9040,2.9050,2.9010,2.902,31635,1753602839999,91838.3850,143,3471,10072.9870,0
1753602840000,2.9020,2.9030,2.8980,2.898,27406,1753602899999,79502.2390,200,12797,37134.1320,0
1753602900000,2.8980,2.9000,2.8980,2.899,17904,1753602959999,51908.0890,108,10640,30855.1940,0
1753602960000,2.8980,2.9020,2.8970,2.901,21842,1753603019999,63314.0080,104,8790,25488.4310,0
1753603020000,2.9010,2.9050,2.9010,2.903,15771,1753603079999,45786.8020,130,7438,21594.1450,0
1753603080000,2.9030,2.9050,2.9030,2.905,1079,1753603139999,3133.4990,39,1062,3084.1480,0
1753603140000,2.9040,2.9070,2.9040,2.906,7864,1753603199999,22854.7720,78,5262,15293.3960,0
1753603200000,2.9060,2.9120,2.9060,2.91,51408,1753603259999,149558.4160,285,34711,100987.7670,0
1753603260000,2.9100,2.9100,2.9080,2.91,4723,1753603319999,13740.7460,63,3549,10325.5950,0
1753603320000,2.9100,2.9140,2.9100,2.914,6484,1753603379999,18877.1110,99,5879,17115.2880,0
1753603380000,2.9130,2.9150,2.9120,2.912,13024,1753603439999,37945.4480,150,5657,16483.9310,0
1753603440000,2.9130,2.9130,2.9090,2.911,46544,1753603499999,135478.3220,265,18714,54467.0460,0
1753603500000,2.9110,2.9110,2.9090,2.91,26794,1753603559999,77976.6880,129,13765,40061.3500,0
1753603560000,2.9100,2.9110,2.9080,2.908,3277,1753603619999,9533.7710,93,799,2325.1290,0
1753603620000,2.9090,2.9090,2.9050,2.905,26078,1753603679999,75814.2740,196,5194,15104.1520,0
1753603680000,2.9060,2.9090,2.9030,2.908,51415,1753603739999,149381.9090,215,13007,37805.2600,0
1753603740000,2.9080,2.9100,2.9060,2.91,9408,1753603799999,27362.1050,126,5344,15544.5140,0
1753603800000,2.9090,2.9100,2.9080,2.909,5257,1753603859999,15293.0350,88,2932,8529.9700,0
1753603860000,2.9090,2.9100,2.9080,2.908,19522,1753603919999,56786.5350,125,1545,4494.4640,0
1753603920000,2.9080,2.9090,2.9040,2.905,17378,1753603979999,50510.4250,184,2907,8451.5950,0
1753603980000,2.9040,2.9060,2.9030,2.903,36996,1753604039999,107435.8490,151,11046,32079.8960,0
1753604040000,2.9040,2.9040,2.9020,2.904,9853,1753604099999,28604.1110,105,1418,4117.1040,0
1753604100000,2.9040,2.9060,2.9030,2.903,16646,1753604159999,48353.5440,156,11730,34075.2430,0
1753604160000,2.9040,2.9050,2.9020,2.902,10667,1753604219999,30969.0350,138,2247,6523.9360,0
1753604220000,2.9020,2.9040,2.9020,2.903,6540,1753604279999,18984.6510,122,1793,5205.5040,0
1753604280000,2.9020,2.9050,2.9020,2.903,4341,1753604339999,12605.1060,67,723,2099.2430,0
1753604340000,2.9040,2.9070,2.9040,2.907,7013,1753604399999,20374.3520,82,2939,8539.7350,0
1753604400000,2.9070,2.9090,2.9060,2.906,26323,1753604459999,76540.6820,164,5518,16046.3420,0
1753604460000,2.9050,2.9060,2.9030,2.904,7136,1753604519999,20724.5610,99,5207,15122.1120,0
1753604520000,2.9050,2.9060,2.9020,2.905,7797,1753604579999,22644.6830,131,5569,16174.9870,0
1753604580000,2.9040,2.9050,2.9030,2.904,2459,1753604639999,7140.9460,37,950,2758.8280,0
1753604640000,2.9040,2.9040,2.8990,2.9,4288,1753604699999,12440.1100,138,439,1274.8280,0
1753604700000,2.8990,2.8990,2.8940,2.895,31976,1753604759999,92610.4210,212,5069,14674.8560,0
1753604760000,2.8940,2.8960,2.8920,2.895,45427,1753604819999,131444.3890,233,12074,34950.8010,0
1753604820000,2.8950,2.8980,2.8950,2.895,10585,1753604879999,30662.5000,129,4719,13671.8790,0
1753604880000,2.8950,2.8960,2.8940,2.895,40606,1753604939999,117538.7330,112,5471,15843.4590,0
1753604940000,2.8960,2.8960,2.8930,2.895,10675,1753604999999,30901.3830,87,2606,7546.1320,0
1753605000000,2.8940,2.8960,2.8910,2.892,20199,1753605059999,58464.0260,171,8340,24149.4490,0
1753605060000,2.8920,2.8930,2.8900,2.891,41751,1753605119999,120716.4000,229,8356,24164.6260,0
1753605120000,2.8920,2.8930,2.8900,2.892,10356,1753605179999,29952.1110,152,5227,15119.7850,0
1753605180000,2.8910,2.8920,2.8890,2.892,42287,1753605239999,122210.5910,167,20546,59380.6930,0
1753605240000,2.8910,2.8910,2.8880,2.89,29852,1753605299999,86247.3450,152,7214,20847.5470,0
1753605300000,2.8900,2.8910,2.8880,2.888,38783,1753605359999,112029.5530,172,16953,48964.7140,0
1753605360000,2.8890,2.8920,2.8890,2.89,12889,1753605419999,37255.0330,111,7936,22940.3570,0
1753605420000,2.8900,2.8920,2.8890,2.891,18287,1753605479999,52864.4130,133,10181,29430.0740,0
1753605480000,2.8910,2.8950,2.8910,2.895,9801,1753605539999,28351.0530,109,7163,20721.8530,0
1753605540000,2.8950,2.8960,2.8930,2.894,30873,1753605599999,89353.5360,143,2735,7917.1410,0
1753605600000,2.8940,2.8970,2.8940,2.896,7345,1753605659999,21268.9020,137,6113,17701.1190,0
1753605660000,2.8970,2.8990,2.8960,2.897,29903,1753605719999,86671.8710,174,23534,68217.4930,0
1753605720000,2.8970,2.8970,2.8950,2.896,14659,1753605779999,42449.9850,108,8411,24359.9730,0
1753605780000,2.8950,2.9000,2.8950,2.899,9196,1753605839999,26657.6190,158,7834,22709.7290,0
1753605840000,2.9000,2.9020,2.9000,2.9,31255,1753605899999,90660.8500,91,7715,22381.8380,0
1753605900000,2.9010,2.9060,2.9010,2.905,71264,1753605959999,206989.9460,205,54933,159552.2960,0
1753605960000,2.9060,2.9090,2.9060,2.909,20917,1753606019999,60810.1320,221,10335,30049.1800,0
1753606020000,2.9090,2.9120,2.9090,2.91,36616,1753606079999,106565.5510,151,25708,74817.6570,0
1753606080000,2.9100,2.9100,2.9030,2.905,81271,1753606139999,236345.9470,289,20589,59845.6370,0
1753606140000,2.9050,2.9050,2.9010,2.902,6965,1753606199999,20217.1310,139,2931,8508.5360,0
1753606200000,2.9020,2.9030,2.8990,2.903,17090,1753606259999,49571.7130,190,8949,25960.5400,0
1753606260000,2.9030,2.9030,2.8990,2.9,39284,1753606319999,114001.5170,163,10748,31184.3590,0
1753606320000,2.8990,2.9040,2.8990,2.904,5258,1753606379999,15253.6560,121,3569,10355.2680,0
1753606380000,2.9040,2.9060,2.9030,2.906,9341,1753606439999,27132.3500,88,8625,25053.7660,0
1753606440000,2.9050,2.9060,2.9020,2.906,9822,1753606499999,28521.9720,152,3518,10218.3530,0
1753606500000,2.9050,2.9060,2.9040,2.904,4643,1753606559999,13487.9160,85,1636,4752.6230,0
1753606560000,2.9040,2.9050,2.9030,2.903,10594,1753606619999,30760.4480,115,1415,4109.1720,0
1753606620000,2.9040,2.9040,2.9010,2.901,7085,1753606679999,20562.7250,76,3586,10407.6840,0
1753606680000,2.9010,2.9030,2.9010,2.901,9957,1753606739999,28895.1310,61,8903,25836.5100,0
1753606740000,2.9010,2.9040,2.9000,2.903,6473,1753606799999,18785.9670,109,4633,13447.8410,0
1753606800000,2.9030,2.9030,2.9000,2.9,9161,1753606859999,26574.8970,177,1874,5436.7380,0
1753606860000,2.9000,2.9010,2.8970,2.898,12688,1753606919999,36776.5680,139,4864,14098.6910,0
1753606920000,2.8990,2.9000,2.8960,2.9,33289,1753606979999,96450.1480,216,21523,62368.3050,0
1753606980000,2.9000,2.9030,2.8990,2.902,9017,1753607039999,26158.0880,140,3597,10435.6430,0
1753607040000,2.9020,2.9030,2.9000,2.902,9934,1753607099999,28821.8660,117,4427,12843.4580,0
1753607100000,2.9010,2.9040,2.8990,2.899,14139,1753607159999,41010.2120,142,6810,19752.9350,0
1753607160000,2.8990,2.9010,2.8970,2.9,16017,1753607219999,46440.1380,128,2683,7779.0970,0
1753607220000,2.9000,2.9040,2.9000,2.901,7389,1753607279999,21443.8470,127,5004,14521.5530,0
1753607280000,2.9010,2.9030,2.9000,2.901,5162,1753607339999,14974.7870,92,762,2210.5330,0
1753607340000,2.9010,2.9020,2.8990,2.901,3577,1753607399999,10375.5630,78,2173,6302.8880,0
1753607400000,2.9000,2.9010,2.8990,2.899,8330,1753607459999,24158.4630,79,2028,5883.0180,0
1753607460000,2.8990,2.9020,2.8980,2.902,7966,1753607519999,23103.8780,206,5917,17163.0200,0
1753607520000,2.9020,2.9030,2.8990,2.9,4973,1753607579999,14427.4340,78,492,1426.9640,0
1753607580000,2.8990,2.9010,2.8960,2.897,12731,1753607639999,36898.3440,170,6189,17938.0580,0
1753607640000,2.8970,2.8980,2.8960,2.896,12844,1753607699999,37217.2210,99,1399,4054.1130,0
1753607700000,2.8960,2.8970,2.8950,2.896,15767,1753607759999,45657.0600,583,4518,13084.2130,0
1753607760000,2.8960,2.8980,2.8940,2.895,24651,1753607819999,71386.3280,133,9383,27175.3420,0
1753607820000,2.8940,2.8950,2.8920,2.894,14515,1753607879999,42000.2130,151,4987,14432.9610,0
1753607880000,2.8930,2.8950,2.8910,2.892,68256,1753607939999,197413.1630,209,8965,25936.8120,0
1753607940000,2.8920,2.8940,2.8910,2.893,13695,1753607999999,39609.1030,157,4174,12076.4910,0
1753608000000,2.8930,2.8930,2.8890,2.891,20356,1753608059999,58853.8320,147,5737,16589.4760,0
1753608060000,2.8920,2.8930,2.8900,2.89,13195,1753608119999,38151.9290,97,4485,12971.1150,0
1753608120000,2.8910,2.8940,2.8890,2.894,26666,1753608179999,77078.1620,129,14736,42594.3520,0
1753608180000,2.8930,2.8940,2.8910,2.891,26779,1753608239999,77485.7630,104,900,2604.5520,0
1753608240000,2.8920,2.8940,2.8910,2.892,5908,1753608299999,17087.3500,76,919,2658.3690,0
1753608300000,2.8910,2.8910,2.8890,2.891,26121,1753608359999,75496.7680,112,6042,17466.1400,0
1753608360000,2.8900,2.8900,2.8890,2.89,10296,1753608419999,29753.5550,78,7319,21151.9100,0
1753608420000,2.8910,2.8930,2.8900,2.892,11209,1753608479999,32412.9270,71,11073,32019.7430,0
1753608480000,2.8920,2.8930,2.8910,2.892,10613,1753608539999,30691.0880,109,3011,8707.9130,0
1753608540000,2.8910,2.8920,2.8900,2.891,51153,1753608599999,147880.1810,121,45243,130797.7070,0
1753608600000,2.8910,2.8920,2.8900,2.892,9006,1753608659999,26036.6910,126,5915,17101.6440,0
1753608660000,2.8910,2.8950,2.8910,2.893,32003,1753608719999,92596.0600,153,19735,57109.0320,0
1753608720000,2.8920,2.8920,2.8910,2.892,8312,1753608779999,24034.2420,105,3435,9933.1700,0
1753608780000,2.8920,2.8920,2.8890,2.892,37974,1753608839999,109736.1740,119,10848,31365.8290,0
1753608840000,2.8920,2.8920,2.8880,2.89,16303,1753608899999,47110.1060,123,4249,12282.2110,0
1753608900000,2.8910,2.8940,2.8910,2.892,16922,1753608959999,48952.8390,131,5165,14940.3310,0
1753608960000,2.8920,2.8930,2.8900,2.892,8153,1753609019999,23574.1850,105,5012,14492.4330,0
1753609020000,2.8930,2.8950,2.8920,2.894,10334,1753609079999,29906.7570,54,10099,29226.7600,0
1753609080000,2.8950,2.8960,2.8940,2.896,33457,1753609139999,96861.3270,165,27285,78994.1490,0
1753609140000,2.8960,2.8960,2.8920,2.894,15043,1753609199999,43531.8040,119,5278,15276.2460,0
1753609200000,2.8940,2.8940,2.8910,2.891,25296,1753609259999,73159.8510,104,17880,51709.4720,0
1753609260000,2.8920,2.8930,2.8900,2.89,17323,1753609319999,50085.7950,139,10190,29462.9330,0
1753609320000,2.8910,2.8920,2.8880,2.889,29039,1753609379999,83961.9690,168,5149,14885.4550,0
1753609380000,2.8880,2.8880,2.8840,2.885,24210,1753609439999,69857.3060,168,2118,6113.3270,0
1753609440000,2.8850,2.8850,2.8820,2.884,49230,1753609499999,141963.3640,188,7139,20591.4910,0
1753609500000,2.8840,2.8850,2.8810,2.881,9848,1753609559999,28386.6470,131,822,2369.8710,0
1753609560000,2.8820,2.8840,2.8800,2.88,24408,1753609619999,70336.4100,202,15799,45534.5600,0
1753609620000,2.8800,2.8820,2.8790,2.879,23545,1753609679999,67825.3110,162,10012,28851.2140,0
1753609680000,2.8800,2.8810,2.8790,2.88,4769,1753609739999,13735.3920,92,1634,4706.6060,0
1753609740000,2.8800,2.8830,2.8800,2.881,29495,1753609799999,85004.6590,184,11839,34124.1060,0
1753609800000,2.8810,2.8820,2.8800,2.881,3426,1753609859999,9869.0530,82,1805,5200.2070,0
1753609860000,2.8810,2.8830,2.8810,2.881,12533,1753609919999,36115.7350,126,7890,22736.5770,0
1753609920000,2.8810,2.8850,2.8810,2.885,10798,1753609979999,31125.6850,147,6406,18463.7890,0
1753609980000,2.8850,2.8860,2.8790,2.881,48160,1753610039999,138841.5460,283,9486,27341.6670,0
1753610040000,2.8810,2.8830,2.8800,2.883,24648,1753610099999,71025.5270,116,16305,46989.8120,0
1753610100000,2.8830,2.8830,2.8790,2.881,13257,1753610159999,38186.1380,142,6815,19630.6280,0
1753610160000,2.8810,2.8850,2.8810,2.884,31814,1753610219999,91717.2110,144,21483,61928.6200,0
1753610220000,2.8840,2.8850,2.8820,2.885,9304,1753610279999,26825.6610,90,3697,10660.2510,0
1753610280000,2.8850,2.8860,2.8830,2.884,20209,1753610339999,58314.8350,100,18375,53025.5880,0
1753610340000,2.8830,2.8850,2.8830,2.883,5714,1753610399999,16477.4170,77,2197,6336.1820,0
1753610400000,2.8830,2.8850,2.8830,2.885,13652,1753610459999,39375.6060,133,12411,35796.8770,0
1753610460000,2.8850,2.8910,2.8850,2.891,52822,1753610519999,152552.2720,246,29193,84315.9750,0
1753610520000,2.8910,2.8920,2.8900,2.892,33509,1753610579999,96878.7660,229,19949,57682.7160,0
1753610580000,2.8920,2.8930,2.8900,2.891,41061,1753610639999,118773.9380,174,11110,32135.8750,0
1753610640000,2.8920,2.8930,2.8910,2.893,23794,1753610699999,68812.2860,89,16720,48354.2840,0
1753610700000,2.8930,2.8950,2.8930,2.895,13060,1753610759999,37789.1340,102,3310,9578.0830,0
1753610760000,2.8950,2.8950,2.8930,2.893,19719,1753610819999,57072.7930,156,9890,28630.5340,0
1753610820000,2.8940,2.8940,2.8930,2.894,3363,1753610879999,9732.5140,58,1890,5469.6600,0
1753610880000,2.8950,2.8950,2.8920,2.895,11495,1753610939999,33264.6480,129,8209,23756.0960,0
1753610940000,2.8950,2.8960,2.8940,2.895,7825,1753610999999,22648.3940,49,1354,3920.2320,0
1753611000000,2.8940,2.8970,2.8940,2.896,17464,1753611059999,50574.1030,174,12259,35499.2150,0
1753611060000,2.8950,2.8970,2.8950,2.897,10737,1753611119999,31086.1250,118,2321,6721.8010,0
1753611120000,2.8970,2.8980,2.8950,2.895,14894,1753611179999,43144.8010,106,8076,23397.7320,0
1753611180000,2.8950,2.8960,2.8950,2.895,9106,1753611239999,26365.7050,96,5931,17174.0800,0
1753611240000,2.8950,2.8960,2.8940,2.895,5364,1753611299999,15530.0490,56,3448,9983.2420,0
1753611300000,2.8950,2.9020,2.8950,2.902,28701,1753611359999,83203.1190,186,26847,77830.4860,0
1753611360000,2.9010,2.9020,2.8960,2.897,28181,1753611419999,81713.3730,191,7171,20805.0470,0
1753611420000,2.8980,2.9000,2.8960,2.899,49441,1753611479999,143266.4860,180,17827,51669.3960,0
1753611480000,2.8990,2.8990,2.8970,2.899,10918,1753611539999,31641.3340,94,1138,3298.4300,0
1753611540000,2.8990,2.9010,2.8990,2.901,28231,1753611599999,81855.0610,100,18896,54792.6930,0
1753611600000,2.9010,2.9030,2.9000,2.901,19872,1753611659999,57647.8110,122,10160,29475.2840,0
1753611660000,2.9010,2.9010,2.8980,2.899,23084,1753611719999,66917.6410,118,2140,6204.0560,0
1753611720000,2.8990,2.9010,2.8980,2.9,14494,1753611779999,42020.3210,119,4073,11811.2930,0
1753611780000,2.8990,2.9040,2.8990,2.903,53341,1753611839999,154766.3810,164,42914,124521.2660,0
1753611840000,2.9040,2.9040,2.9000,2.901,14039,1753611899999,40742.2170,149,4199,12192.6220,0
1753611900000,2.9010,2.9010,2.8960,2.898,16046,1753611959999,46504.1160,175,4057,11757.4540,0
1753611960000,2.8980,2.9010,2.8980,2.9,15392,1753612019999,44621.2300,95,13479,39074.9170,0
1753612020000,2.9000,2.9010,2.8990,2.899,2725,1753612079999,7902.6300,47,568,1647.3430,0
1753612080000,2.8990,2.9010,2.8980,2.899,13087,1753612139999,37942.9190,96,3348,9709.2730,0
1753612140000,2.9000,2.9000,2.8980,2.898,8344,1753612199999,24191.0090,42,1769,5130.0930,0
1753612200000,2.8990,2.8990,2.8940,2.895,62786,1753612259999,181836.9740,260,22318,64654.7180,0
1753612260000,2.8950,2.8990,2.8950,2.899,10713,1753612319999,31030.3240,126,6312,18283.6990,0
1753612320000,2.8990,2.8990,2.8970,2.897,24204,1753612379999,70157.5620,133,18953,54937.0460,0
1753612380000,2.8980,2.9000,2.8970,2.897,3240,1753612439999,9391.5250,83,1347,3904.4890,0
1753612440000,2.8980,2.9020,2.8980,2.902,14287,1753612499999,41429.2650,119,11387,33021.3590,0
1753612500000,2.9010,2.9040,2.9010,2.903,13077,1753612559999,37961.4780,110,9431,27378.5930,0
1753612560000,2.9020,2.9020,2.9000,2.902,4391,1753612619999,12738.4620,126,1827,5300.4590,0
1753612620000,2.9020,2.9060,2.9020,2.906,6125,1753612679999,17787.3990,96,6076,17645.1540,0
1753612680000,2.9060,2.9070,2.9020,2.903,12426,1753612739999,36093.7770,143,6184,17958.0430,0
1753612740000,2.9030,2.9090,2.9030,2.907,34003,1753612799999,98792.0690,156,31106,90372.0810,0
1753612800000,2.9080,2.9120,2.9070,2.912,45862,1753612859999,133449.9340,239,38354,111596.4840,0
1753612860000,2.9120,2.9170,2.9110,2.915,130798,1753612919999,381262.8560,499,83303,242832.3110,0
1753612920000,2.9140,2.9210,2.9140,2.919,70081,1753612979999,204484.8290,319,49260,143733.1910,0
1753612980000,2.9180,2.9190,2.9130,2.914,61083,1753613039999,178118.1090,309,17828,52014.2380,0
1753613040000,2.9150,2.9190,2.9140,2.919,42110,1753613099999,122813.1640,203,29829,86998.1730,0
1753613100000,2.9190,2.9190,2.9160,2.918,40081,1753613159999,116959.6380,184,22180,64732.4280,0
1753613160000,2.9180,2.9230,2.9170,2.922,130629,1753613219999,381564.3790,248,45351,132476.6680,0
1753613220000,2.9220,2.9230,2.9200,2.921,26470,1753613279999,77327.5790,151,6541,19113.0980,0
1753613280000,2.9210,2.9290,2.9200,2.928,73163,1753613339999,214044.7610,317,58275,170496.4540,0
1753613340000,2.9290,2.9320,2.9280,2.931,121686,1753613399999,356524.9160,372,72217,211594.5380,0
1753613400000,2.9300,2.9330,2.9260,2.93,76964,1753613459999,225440.3230,452,36684,107480.2090,0
1753613460000,2.9290,2.9330,2.9290,2.933,41589,1753613519999,121912.8540,252,25033,73390.5550,0
1753613520000,2.9320,2.9360,2.9300,2.932,78393,1753613579999,229934.4580,313,51180,150120.6730,0
1753613580000,2.9320,2.9330,2.9290,2.931,37782,1753613639999,110742.4170,263,20274,59425.0580,0
1753613640000,2.9300,2.9310,2.9270,2.927,45140,1753613699999,132231.5010,214,18881,55328.2100,0
1753613700000,2.9280,2.9290,2.9270,2.928,30544,1753613759999,89431.5980,144,8872,25978.4210,0
1753613760000,2.9270,2.9300,2.9250,2.927,34456,1753613819999,100846.1620,242,10164,29755.9900,0
1753613820000,2.9270,2.9280,2.9160,2.916,95590,1753613879999,279181.9840,422,12928,37788.9920,0
1753613880000,2.9160,2.9190,2.9160,2.919,24275,1753613939999,70832.0320,208,10666,31125.8910,0
1753613940000,2.9180,2.9200,2.9170,2.918,61711,1753613999999,180085.9820,212,15313,44692.2940,0
1753614000000,2.9180,2.9250,2.9180,2.922,72902,1753614059999,212901.4860,390,43988,128453.6790,0
1753614060000,2.9210,2.9300,2.9210,2.93,98021,1753614119999,286750.1440,406,66861,195555.9380,0
1753614120000,2.9300,2.9310,2.9280,2.93,39758,1753614179999,116469.5800,214,17100,50101.3800,0
1753614180000,2.9290,2.9290,2.9250,2.927,31496,1753614239999,92187.4560,222,7343,21498.3650,0
1753614240000,2.9270,2.9300,2.9250,2.928,23640,1753614299999,69221.2860,217,14626,42833.4590,0
1753614300000,2.9280,2.9300,2.9270,2.927,7765,1753614359999,22737.9990,140,3992,11691.3360,0
1753614360000,2.9280,2.9280,2.9240,2.925,24309,1753614419999,71107.5090,122,5359,15676.5800,0
1753614420000,2.9250,2.9250,2.9210,2.923,76416,1753614479999,223352.7600,250,22195,64882.7150,0
1753614480000,2.9230,2.9250,2.9230,2.924,10517,1753614539999,30751.8560,113,5420,15849.4590,0
1753614540000,2.9240,2.9240,2.9210,2.922,8938,1753614599999,26119.4070,94,3166,9254.1130,0
1753614600000,2.9210,2.9240,2.9190,2.921,23070,1753614659999,67382.2600,187,4471,13061.2980,0
1753614660000,2.9210,2.9220,2.9180,2.92,18072,1753614719999,52775.8230,129,2867,8369.9900,0
1753614720000,2.9190,2.9190,2.9150,2.918,27043,1753614779999,78883.7340,241,7189,20975.1240,0
1753614780000,2.9180,2.9200,2.9160,2.919,20103,1753614839999,58648.7650,121,6472,18885.3700,0
1753614840000,2.9200,2.9210,2.9180,2.921,60432,1753614899999,176421.2450,152,57089,166663.6090,0
1753614900000,2.9210,2.9250,2.9210,2.925,73746,1753614959999,215511.4170,218,58047,169625.9190,0
1753614960000,2.9250,2.9320,2.9250,2.932,38458,1753615019999,112625.7130,234,35068,102699.8660,0
1753615020000,2.9320,2.9350,2.9300,2.934,106445,1753615079999,312229.1820,363,56974,167126.3630,0
1753615080000,2.9330,2.9330,2.9270,2.928,31794,1753615139999,93151.0280,250,12228,35827.8310,0
1753615140000,2.9280,2.9280,2.9220,2.922,22668,1753615199999,66355.1560,137,2849,8338.6630,0
1753615200000,2.9220,2.9230,2.9180,2.923,37506,1753615259999,109564.7250,255,20805,60777.4790,0
1753615260000,2.9230,2.9250,2.9210,2.922,72426,1753615319999,211754.4380,155,11250,32896.8500,0
1753615320000,2.9210,2.9230,2.9200,2.92,10659,1753615379999,31140.2130,107,3464,10119.2400,0
1753615380000,2.9190,2.9210,2.9160,2.916,12875,1753615439999,37572.7340,128,2302,6719.7830,0
1753615440000,2.9160,2.9190,2.9150,2.919,12803,1753615499999,37359.1330,110,6760,19725.7770,0
1753615500000,2.9200,2.9220,2.9170,2.919,24766,1753615559999,72306.7880,176,12603,36800.2310,0
1753615560000,2.9180,2.9230,2.9170,2.922,12745,1753615619999,37222.9230,131,9113,26607.5960,0
1753615620000,2.9220,2.9230,2.9210,2.921,22814,1753615679999,66653.1960,106,9252,27036.1430,0
1753615680000,2.9210,2.9210,2.9190,2.919,34147,1753615739999,99708.2540,92,29441,85967.8130,0
1753615740000,2.9200,2.9210,2.9200,2.92,6567,1753615799999,19178.5840,62,5119,14950.4240,0
1753615800000,2.9200,2.9210,2.9170,2.918,8364,1753615859999,24413.4920,149,2269,6624.5750,0
1753615860000,2.9180,2.9240,2.9180,2.923,39196,1753615919999,114481.5060,204,34817,101689.8480,0
1753615920000,2.9230,2.9250,2.9200,2.92,31631,1753615979999,92402.4500,227,7401,21634.7050,0
1753615980000,2.9200,2.9210,2.9180,2.918,6960,1753616039999,20324.3480,103,6056,17685.1620,0
1753616040000,2.9190,2.9210,2.9170,2.917,10714,1753616099999,31278.1800,106,4287,12515.1420,0
1753616100000,2.9180,2.9200,2.9180,2.918,4438,1753616159999,12953.2740,82,2717,7929.9370,0
1753616160000,2.9180,2.9180,2.9140,2.916,42361,1753616219999,123498.6350,192,4919,14344.1850,0
1753616220000,2.9160,2.9160,2.9090,2.909,41125,1753616279999,119696.9830,157,18380,53489.6300,0
1753616280000,2.9100,2.9110,2.9070,2.908,49202,1753616339999,143109.7040,248,12108,35232.5090,0
1753616340000,2.9070,2.9090,2.9050,2.907,20306,1753616399999,59025.1960,143,10660,30993.0370,0
1753616400000,2.9070,2.9100,2.9070,2.908,46323,1753616459999,134746.6130,154,15259,44385.1580,0
1753616460000,2.9090,2.9120,2.9080,2.909,26226,1753616519999,76314.7730,186,9477,27588.2460,0
1753616520000,2.9080,2.9090,2.9070,2.909,12064,1753616579999,35079.9510,93,4479,13025.0720,0
1753616580000,2.9090,2.9100,2.9070,2.908,21891,1753616639999,63662.3740,153,17120,49787.1370,0
1753616640000,2.9080,2.9100,2.9070,2.907,17194,1753616699999,49992.0700,123,3340,9713.0320,0
1753616700000,2.9070,2.9090,2.9050,2.907,9641,1753616759999,28026.4120,197,2598,7553.4530,0
1753616760000,2.9080,2.9080,2.9040,2.905,27216,1753616819999,79118.5260,127,15213,44233.3200,0
1753616820000,2.9060,2.9080,2.9010,2.901,30063,1753616879999,87307.1120,224,11594,33676.6940,0
1753616880000,2.9010,2.9040,2.8990,2.901,27241,1753616939999,79041.7470,211,14106,40926.7330,0
1753616940000,2.9010,2.9030,2.9000,2.903,35449,1753616999999,102843.6980,109,34076,98859.8110,0
1753617000000,2.9040,2.9050,2.9030,2.905,12932,1753617059999,37558.0450,153,7884,22897.0780,0
1753617060000,2.9040,2.9040,2.9010,2.902,9512,1753617119999,27601.3880,92,2550,7402.3710,0
1753617120000,2.9020,2.9030,2.9010,2.902,5963,1753617179999,17304.5260,104,4613,13387.0450,0
1753617180000,2.9020,2.9100,2.9020,2.907,13385,1753617239999,38911.9090,149,6846,19893.9590,0
1753617240000,2.9070,2.9080,2.9040,2.906,20565,1753617299999,59746.0120,110,3299,9584.6820,0
1753617300000,2.9060,2.9060,2.9000,2.901,34477,1753617359999,100069.9890,145,4763,13822.8130,0
1753617360000,2.9000,2.9020,2.8980,2.898,35474,1753617419999,102889.7760,134,10310,29909.0390,0
1753617420000,2.8980,2.9010,2.8980,2.9,27829,1753617479999,80668.9130,122,7190,20844.2040,0
1753617480000,2.9000,2.9010,2.8990,2.9,42545,1753617539999,123373.1090,88,14940,43324.8640,0
1753617540000,2.9010,2.9050,2.9010,2.903,18776,1753617599999,54513.6050,107,17658,51267.4850,0
1753617600000,2.9030,2.9050,2.9000,2.9,31109,1753617659999,90275.1630,300,8550,24817.5600,0
1753617660000,2.9010,2.9060,2.8990,2.904,44731,1753617719999,129849.5740,286,37962,110202.2100,0
1753617720000,2.9050,2.9060,2.9040,2.905,33094,1753617779999,96122.2100,169,12097,35139.0360,0
1753617780000,2.9050,2.9080,2.9050,2.907,7433,1753617839999,21610.1810,115,6735,19581.2210,0
1753617840000,2.9070,2.9070,2.9030,2.904,29020,1753617899999,84303.7690,248,11799,34274.0880,0
1753617900000,2.9040,2.9070,2.9030,2.903,9663,1753617959999,28067.7960,139,6144,17846.0910,0
1753617960000,2.9040,2.9050,2.9020,2.903,30580,1753618019999,88774.1130,150,23717,68848.7980,0
1753618020000,2.9030,2.9030,2.8990,2.901,21448,1753618079999,62220.5000,226,13692,39722.8800,0
1753618080000,2.9010,2.9030,2.9000,2.9,49123,1753618139999,142511.6590,214,18072,52434.9850,0
1753618140000,2.9010,2.9060,2.9010,2.905,13321,1753618199999,38678.6740,164,8684,25213.0670,0
1753618200000,2.9050,2.9050,2.9010,2.904,36502,1753618259999,105916.8540,245,19432,56379.6920,0
1753618260000,2.9040,2.9040,2.9010,2.903,10358,1753618319999,30061.5630,152,5429,15756.3760,0
1753618320000,2.9030,2.9080,2.9030,2.908,16577,1753618379999,48159.3710,206,7229,21003.4490,0
1753618380000,2.9080,2.9160,2.9080,2.912,69974,1753618439999,203741.9520,390,47603,138597.0810,0
1753618440000,2.9130,2.9140,2.9100,2.912,40330,1753618499999,117428.3040,310,17800,51835.3640,0
1753618500000,2.9120,2.9160,2.9100,2.911,21996,1753618559999,64070.2260,246,7856,22890.4150,0
1753618560000,2.9100,2.9130,2.8970,2.902,457638,1753618619999,1328317.3300,1560,164376,476793.7220,0
1753618620000,2.9020,2.9030,2.8970,2.9,67001,1753618679999,194318.2700,394,17927,51984.7740,0
1753618680000,2.9000,2.9030,2.8990,2.902,25689,1753618739999,74532.5250,230,21054,61086.7010,0
1753618740000,2.9020,2.9030,2.9010,2.902,15821,1753618799999,45911.6310,210,5110,14830.3550,0
1753618800000,2.9010,2.9030,2.8980,2.899,38884,1753618859999,112753.5970,219,8744,25358.7590,0
1753618860000,2.8980,2.9010,2.8970,2.901,37780,1753618919999,109512.4350,377,28171,81664.0500,0
1753618920000,2.9000,2.9000,2.8980,2.9,27593,1753618979999,80009.5480,230,21371,61968.3090,0
1753618980000,2.8990,2.9010,2.8970,2.898,19907,1753619039999,57713.8520,208,9038,26207.0860,0
1753619040000,2.8980,2.9010,2.8980,2.9,6481,1753619099999,18792.4090,126,5275,15295.1820,0
1753619100000,2.9010,2.9050,2.9010,2.902,21474,1753619159999,62353.1660,189,10690,31047.6740,0
1753619160000,2.9010,2.9030,2.9000,2.901,14821,1753619219999,42999.6720,143,11601,33656.7440,0
1753619220000,2.9010,2.9010,2.8980,2.898,10949,1753619279999,31751.3830,157,2438,7071.4580,0
1753619280000,2.8980,2.9010,2.8930,2.894,65595,1753619339999,190107.1650,343,21632,62692.1360,0
1753619340000,2.8940,2.8960,2.8900,2.893,40950,1753619399999,118508.3970,326,9463,27379.4640,0
1753619400000,2.8930,2.8950,2.8930,2.895,35710,1753619459999,103345.0310,741,27764,80350.9490,0
1753619460000,2.8950,2.8960,2.8930,2.895,49443,1753619519999,143145.0580,193,20652,59788.9190,0
1753619520000,2.8950,2.8960,2.8900,2.892,24369,1753619579999,70490.5740,268,8893,25721.8420,0
1753619580000,2.8910,2.8920,2.8860,2.888,44174,1753619639999,127580.3470,424,13930,40235.8230,0
1753619640000,2.8880,2.8880,2.8850,2.885,23111,1753619699999,66713.4340,164,7192,20765.2700,0
1753619700000,2.8860,2.8860,2.8780,2.88,89395,1753619759999,257530.6710,366,14550,41960.9250,0
1753619760000,2.8800,2.8860,2.8800,2.884,60336,1753619819999,173974.2040,345,50405,145338.0530,0
1753619820000,2.8850,2.8890,2.8830,2.889,30452,1753619879999,87898.1870,238,19968,57639.3570,0
1753619880000,2.8890,2.8890,2.8840,2.885,17542,1753619939999,50620.3320,209,4536,13091.1100,0
1753619940000,2.8860,2.8880,2.8820,2.884,63144,1753619999999,182251.4390,362,24810,71622.1600,0
1753620000000,2.8850,2.8880,2.8850,2.886,26090,1753620059999,75299.6060,159,5278,15234.6020,0
1753620060000,2.8860,2.8880,2.8850,2.887,17472,1753620119999,50427.5850,136,12053,34788.2760,0
1753620120000,2.8870,2.8920,2.8860,2.891,24633,1753620179999,71199.3860,197,20108,58125.0500,0
1753620180000,2.8910,2.8940,2.8900,2.892,8851,1753620239999,25598.1590,153,3272,9463.0780,0
1753620240000,2.8930,2.8930,2.8900,2.891,21179,1753620299999,61235.3860,113,1137,3288.5720,0
1753620300000,2.8910,2.8930,2.8910,2.893,8758,1753620359999,25322.9160,135,6601,19085.4850,0
1753620360000,2.8920,2.8970,2.8920,2.893,53459,1753620419999,154824.4330,307,41162,119218.8290,0
1753620420000,2.8930,2.8980,2.8920,2.898,75963,1753620479999,219838.7450,352,32395,93758.1130,0
1753620480000,2.8970,2.9030,2.8960,2.903,27438,1753620539999,79616.5870,269,15279,44335.1310,0
1753620540000,2.9030,2.9060,2.9010,2.905,14238,1753620599999,41349.0870,149,10203,29633.1150,0
1753620600000,2.9040,2.9050,2.9000,2.901,25477,1753620659999,73908.3030,185,6596,19136.0580,0
1753620660000,2.9010,2.9040,2.9010,2.902,29156,1753620719999,84630.9150,124,22090,64126.2210,0
1753620720000,2.9030,2.9090,2.9010,2.909,81288,1753620779999,236175.0490,299,76334,221788.0710,0
1753620780000,2.9090,2.9140,2.9080,2.914,23335,1753620839999,67921.9130,185,18932,55109.0220,0
1753620840000,2.9140,2.9180,2.9140,2.918,27720,1753620899999,80808.6100,223,20779,60577.8830,0
1753620900000,2.9170,2.9190,2.9150,2.915,17570,1753620959999,51252.8540,212,4372,12756.6980,0
1753620960000,2.9150,2.9180,2.9140,2.917,61871,1753621019999,180405.9360,282,45669,133161.1200,0
1753621020000,2.9170,2.9200,2.9170,2.92,80422,1753621079999,234751.5100,279,51970,151704.2450,0
1753621080000,2.9200,2.9210,2.9180,2.92,54752,1753621139999,159842.7280,242,33556,97964.8980,0
1753621140000,2.9200,2.9260,2.9190,2.922,232476,1753621199999,679606.0900,558,170738,499103.1300,0
1753621200000,2.9230,2.9260,2.9200,2.921,143582,1753621259999,419788.6970,555,25984,75974.1010,0
1753621260000,2.9200,2.9210,2.9170,2.921,37794,1753621319999,110319.7930,315,20011,58421.2320,0
1753621320000,2.9210,2.9260,2.9210,2.926,45472,1753621379999,132884.3140,262,24857,72641.6680,0
1753621380000,2.9250,2.9290,2.9250,2.928,44568,1753621439999,130458.1600,227,10927,31979.5970,0
1753621440000,2.9290,2.9330,2.9280,2.929,94404,1753621499999,276641.0320,295,64944,190296.5060,0
1753621500000,2.9290,2.9290,2.9240,2.927,54349,1753621559999,159050.5920,254,25990,76059.5200,0
1753621560000,2.9270,2.9280,2.9220,2.926,32343,1753621619999,94595.1430,300,13658,39943.5490,0
1753621620000,2.9250,2.9270,2.9220,2.922,33186,1753621679999,97028.0200,190,5436,15900.1650,0
1753621680000,2.9220,2.9230,2.9200,2.922,19358,1753621739999,56546.0820,207,7959,23251.6810,0
1753621740000,2.9210,2.9220,2.9180,2.921,52390,1753621799999,152983.2390,199,37590,109779.4410,0
1753621800000,2.9220,2.9230,2.9200,2.923,26951,1753621859999,78719.8340,176,3506,10244.2180,0
1753621860000,2.9230,2.9260,2.9210,2.923,38505,1753621919999,112556.6600,234,12865,37604.7700,0
1753621920000,2.9230,2.9240,2.9200,2.921,37470,1753621979999,109493.0920,221,21390,62508.1270,0
1753621980000,2.9210,2.9230,2.9200,2.92,13818,1753622039999,40367.5420,127,4310,12593.0840,0
1753622040000,2.9200,2.9230,2.9190,2.922,6666,1753622099999,19472.5220,147,3107,9077.9410,0
1753622100000,2.9230,2.9250,2.9220,2.925,11364,1753622159999,33219.8190,137,7196,21036.0580,0
1753622160000,2.9240,2.9240,2.9200,2.921,9954,1753622219999,29082.8880,156,2548,7444.9960,0
1753622220000,2.9210,2.9210,2.9170,2.919,15490,1753622279999,45206.4700,170,2165,6318.7590,0
1753622280000,2.9190,2.9220,2.9190,2.919,36772,1753622339999,107388.0180,149,32271,94244.1480,0
1753622340000,2.9190,2.9220,2.9170,2.921,15586,1753622399999,45494.1290,132,8751,25549.9020,0
1753622400000,2.9220,2.9230,2.9160,2.917,17925,1753622459999,52331.1270,197,1809,5282.9480,0
1753622460000,2.9160,2.9170,2.9120,2.916,24429,1753622519999,71188.7480,220,15432,44963.2250,0
1753622520000,2.9160,2.9200,2.9160,2.918,22452,1753622579999,65524.9860,91,1994,5818.6190,0
1753622580000,2.9180,2.9200,2.9150,2.915,18457,1753622639999,53859.1520,184,11285,32937.0710,0
1753622640000,2.9150,2.9190,2.9150,2.917,6676,1753622699999,19478.3280,69,6277,18314.2910,0
1753622700000,2.9180,2.9210,2.9180,2.919,11000,1753622759999,32114.8940,120,7166,20919.1830,0
1753622760000,2.9190,2.9210,2.9180,2.92,10825,1753622819999,31602.6580,93,3141,9171.5540,0
1753622820000,2.9200,2.9240,2.9190,2.924,9433,1753622879999,27560.7750,98,7378,21557.2320,0
1753622880000,2.9230,2.9230,2.9180,2.919,16640,1753622939999,48598.6770,172,2349,6862.7280,0
1753622940000,2.9190,2.9220,2.9190,2.922,15846,1753622999999,46274.4970,65,15816,46186.8410,0
1753623000000,2.9230,2.9250,2.9210,2.923,10754,1753623059999,31431.8650,164,4565,13346.2000,0
1753623060000,2.9220,2.9230,2.9170,2.917,25656,1753623119999,74894.9600,152,1437,4195.9200,0
1753623120000,2.9180,2.9180,2.9130,2.916,37796,1753623179999,110197.8170,258,17717,51669.1450,0
1753623180000,2.9150,2.9150,2.9100,2.913,41350,1753623239999,120415.3230,206,7813,22755.6550,0
1753623240000,2.9120,2.9150,2.9120,2.914,29124,1753623299999,84867.1820,111,11576,33734.4020,0
1753623300000,2.9140,2.9180,2.9140,2.917,9522,1753623359999,27773.0420,137,4507,13146.2920,0
1753623360000,2.9160,2.9160,2.9120,2.914,6964,1753623419999,20289.2300,142,1741,5071.9990,0
1753623420000,2.9140,2.9160,2.9130,2.915,18004,1753623479999,52450.6630,84,4196,12226.8310,0
1753623480000,2.9150,2.9190,2.9130,2.914,7600,1753623539999,22166.5960,164,3078,8975.9190,0
1753623540000,2.9140,2.9170,2.9140,2.917,31619,1753623599999,92195.1370,135,14896,43431.4890,0
1753623600000,2.9170,2.9180,2.9110,2.912,20780,1753623659999,60545.2750,209,10923,31826.1100,0
1753623660000,2.9120,2.9130,2.9090,2.912,16302,1753623719999,47443.0930,209,7055,20535.3820,0
1753623720000,2.9120,2.9140,2.9090,2.914,10422,1753623779999,30340.2280,225,5513,16050.4920,0
1753623780000,2.9130,2.9130,2.9070,2.91,59977,1753623839999,174494.1060,262,11607,33773.3140,0
1753623840000,2.9100,2.9120,2.9080,2.908,27706,1753623899999,80607.1330,115,14028,40809.0510,0
1753623900000,2.9080,2.9120,2.9080,2.91,22383,1753623959999,65116.0840,177,4348,12649.5920,0
1753623960000,2.9100,2.9130,2.9080,2.909,31666,1753624019999,92161.7140,143,17437,50757.3250,0
1753624020000,2.9090,2.9120,2.9070,2.911,25187,1753624079999,73283.2730,187,6702,19502.5380,0
1753624080000,2.9110,2.9120,2.9100,2.912,16733,1753624139999,48714.1620,118,3679,10710.7600,0
1753624140000,2.9120,2.9140,2.9120,2.912,5439,1753624199999,15842.5740,90,1003,2921.6800,0
1753624200000,2.9120,2.9120,2.9080,2.911,35534,1753624259999,103397.1320,160,3283,9555.0980,0
1753624260000,2.9100,2.9120,2.9090,2.909,15598,1753624319999,45406.3040,141,8586,24999.6170,0
1753624320000,2.9100,2.9100,2.9050,2.905,31760,1753624379999,92286.8910,153,241,700.3370,0
1753624380000,2.9050,2.9050,2.9020,2.903,28427,1753624439999,82530.4170,139,19809,57508.2030,0
1753624440000,2.9030,2.9050,2.9000,2.901,33998,1753624499999,98709.4960,212,6815,19788.3290,0
1753624500000,2.9020,2.9050,2.9000,2.905,27977,1753624559999,81192.3930,155,19258,55901.3580,0
1753624560000,2.9060,2.9090,2.9050,2.905,17073,1753624619999,49645.7680,185,6577,19123.9140,0
1753624620000,2.9050,2.9070,2.9040,2.907,7294,1753624679999,21189.8460,78,4203,12211.7720,0
1753624680000,2.9060,2.9090,2.9060,2.909,17317,1753624739999,50352.4520,111,2254,6553.0380,0
1753624740000,2.9090,2.9090,2.9060,2.906,8590,1753624799999,24977.4970,119,2200,6396.7300,0
1753624800000,2.9060,2.9080,2.9030,2.907,16093,1753624859999,46746.6730,256,4548,13213.7200,0
1753624860000,2.9080,2.9110,2.9070,2.908,20757,1753624919999,60382.0220,213,15187,44177.0630,0
1753624920000,2.9090,2.9160,2.9090,2.915,32012,1753624979999,93188.2540,140,31181,90766.8380,0
1753624980000,2.9160,2.9180,2.9130,2.914,23487,1753625039999,68484.5050,242,8903,25968.2950,0
1753625040000,2.9130,2.9140,2.9090,2.91,15643,1753625099999,45548.8700,171,4980,14502.8250,0
1753625100000,2.9110,2.9120,2.9050,2.905,21346,1753625159999,62106.7740,219,9977,29035.0310,0
1753625160000,2.9060,2.9090,2.9030,2.903,13977,1753625219999,40615.9800,229,5698,16562.7020,0
1753625220000,2.9040,2.9060,2.9010,2.903,36974,1753625279999,107347.0980,205,26528,77021.3370,0
1753625280000,2.9030,2.9100,2.9030,2.91,15856,1753625339999,46090.6800,165,7918,23008.7890,0
1753625340000,2.9100,2.9130,2.9070,2.913,11118,1753625399999,32341.6310,176,2756,8019.9700,0
1753625400000,2.9130,2.9140,2.9090,2.911,31317,1753625459999,91148.9560,203,19560,56927.8510,0
1753625460000,2.9120,2.9140,2.9090,2.91,27780,1753625519999,80903.9040,181,4574,13326.4910,0
1753625520000,2.9100,2.9100,2.9050,2.908,34273,1753625579999,99639.8360,242,12491,36314.3080,0
1753625580000,2.9080,2.9110,2.9040,2.911,29700,1753625639999,86332.6880,193,24035,69868.3150,0
1753625640000,2.9110,2.9120,2.9100,2.912,12720,1753625699999,37031.3040,120,8334,24267.3330,0
1753625700000,2.9120,2.9150,2.9100,2.912,12869,1753625759999,37481.1400,177,5531,16112.2530,0
1753625760000,2.9130,2.9190,2.9130,2.919,20033,1753625819999,58443.7770,166,15773,46017.2710,0
1753625820000,2.9190,2.9210,2.9160,2.921,34937,1753625879999,101959.3550,252,12597,36759.8420,0
1753625880000,2.9210,2.9230,2.9170,2.919,32678,1753625939999,95463.2910,186,25202,73636.5480,0
1753625940000,2.9190,2.9220,2.9170,2.918,54969,1753625999999,160460.1610,176,27638,80713.1820,0
1753626000000,2.9180,2.9180,2.9120,2.913,26223,1753626059999,76418.2590,195,16221,47269.2630,0
1753626060000,2.9140,2.9140,2.9080,2.909,45807,1753626119999,133355.7680,230,16463,47938.4970,0
1753626120000,2.9090,2.9120,2.9070,2.907,21588,1753626179999,62838.0930,189,2284,6647.6410,0
1753626180000,2.9070,2.9090,2.9050,2.907,23557,1753626239999,68474.3730,217,7504,21818.1100,0
1753626240000,2.9070,2.9080,2.9030,2.903,8198,1753626299999,23819.9740,138,3389,9851.2880,0
1753626300000,2.9030,2.9060,2.9000,2.903,23947,1753626359999,69509.4640,225,10050,29180.4820,0
1753626360000,2.9030,2.9060,2.9020,2.905,12263,1753626419999,35622.2160,114,8616,25028.6350,0
1753626420000,2.9050,2.9060,2.9040,2.905,7660,1753626479999,22250.2600,108,5532,16070.1930,0
1753626480000,2.9050,2.9060,2.9040,2.905,13220,1753626539999,38405.0790,94,10658,30962.8020,0
1753626540000,2.9050,2.9070,2.9030,2.907,4893,1753626599999,14215.2980,129,3883,11281.9170,0
1753626600000,2.9060,2.9070,2.9020,2.904,6923,1753626659999,20106.1300,157,4710,13680.1490,0
1753626660000,2.9050,2.9080,2.9050,2.906,5412,1753626719999,15729.6370,159,4141,12036.1100,0
1753626720000,2.9070,2.9110,2.9070,2.91,19371,1753626779999,56362.2500,144,17865,51981.4750,0
1753626780000,2.9100,2.9110,2.9060,2.907,6461,1753626839999,18784.1460,136,3030,8809.2440,0
1753626840000,2.9060,2.9060,2.9030,2.905,5932,1753626899999,17232.5290,135,2419,7028.2920,0
1753626900000,2.9050,2.9060,2.9030,2.903,16898,1753626959999,49075.7500,73,11597,33679.1560,0
1753626960000,2.9030,2.9040,2.8940,2.898,28629,1753627019999,82951.3040,286,14740,42697.3170,0
1753627020000,2.8980,2.8990,2.8920,2.892,19398,1753627079999,56156.4550,201,4237,12278.3690,0
1753627080000,2.8920,2.8930,2.8900,2.891,10834,1753627139999,31330.3250,123,4997,14454.5860,0
1753627140000,2.8900,2.8950,2.8890,2.893,31562,1753627199999,91277.8110,187,28353,82002.4920,0
1753627200000,2.8940,2.8970,2.8930,2.897,18138,1753627259999,52510.3730,171,14583,42219.8220,0
1753627260000,2.8970,2.8990,2.8960,2.899,33415,1753627319999,96805.3210,200,16554,47962.9640,0
1753627320000,2.8980,2.8990,2.8970,2.897,13293,1753627379999,38526.0040,121,4498,13039.1900,0
1753627380000,2.8980,2.9000,2.8970,2.897,7787,1753627439999,22574.6230,148,5428,15737.3560,0
1753627440000,2.8970,2.8970,2.8910,2.894,27390,1753627499999,79283.5390,225,10260,29682.6170,0
1753627500000,2.8930,2.8930,2.8860,2.886,28057,1753627559999,81024.0300,258,6457,18649.8500,0
1753627560000,2.8860,2.8900,2.8840,2.886,72150,1753627619999,208354.8220,286,24564,70931.3460,0
1753627620000,2.8860,2.8900,2.8860,2.889,30829,1753627679999,89035.1920,225,22055,63695.3100,0
1753627680000,2.8890,2.8920,2.8880,2.889,14022,1753627739999,40523.6380,152,6841,19773.4030,0
1753627740000,2.8890,2.8920,2.8880,2.892,6031,1753627799999,17426.7260,132,2655,7672.5400,0
1753627800000,2.8920,2.8940,2.8900,2.891,18756,1753627859999,54241.0140,140,12032,34795.3810,0
1753627860000,2.8900,2.8930,2.8860,2.891,30036,1753627919999,86779.3230,233,17029,49207.6850,0
1753627920000,2.8910,2.8980,2.8910,2.897,23431,1753627979999,67862.1140,188,13476,39026.2920,0
1753627980000,2.8980,2.8980,2.8950,2.897,18470,1753628039999,53491.9600,174,6270,18158.9760,0
1753628040000,2.8970,2.8990,2.8950,2.897,18366,1753628099999,53202.7290,149,15672,45400.9590,0
1753628100000,2.8970,2.9030,2.8970,2.899,33475,1753628159999,97061.5850,215,7871,22828.8690,0
1753628160000,2.8990,2.9000,2.8940,2.897,24176,1753628219999,70016.3960,219,11932,34552.3770,0
1753628220000,2.8970,2.8970,2.8920,2.892,13002,1753628279999,37634.6270,139,3954,11453.6650,0
1753628280000,2.8930,2.8950,2.8930,2.894,5043,1753628339999,14591.0640,100,4074,11787.4280,0
1753628340000,2.8950,2.8960,2.8940,2.895,2718,1753628399999,7870.3720,73,1202,3480.7180,0
1753628400000,2.8940,2.8940,2.8900,2.891,21521,1753628459999,62244.3580,634,15064,43569.8030,0
1753628460000,2.8910,2.8930,2.8880,2.888,19590,1753628519999,56622.4770,191,5067,14648.6990,0
1753628520000,2.8880,2.8930,2.8880,2.892,12081,1753628579999,34923.5090,154,6711,19400.9430,0
1753628580000,2.8920,2.8940,2.8900,2.894,11844,1753628639999,34247.1560,177,6187,17890.0950,0
1753628640000,2.8940,2.8960,2.8930,2.896,9783,1753628699999,28312.2790,175,3976,11507.0070,0
1753628700000,2.8960,2.9000,2.8870,2.892,96467,1753628759999,279048.9870,550,48125,139262.3220,0
1753628760000,2.8920,2.8940,2.8890,2.894,18516,1753628819999,53545.5890,190,11605,33565.8240,0
1753628820000,2.8940,2.8940,2.8900,2.891,8010,1753628879999,23167.8250,168,2781,8042.7940,0
1753628880000,2.8900,2.8910,2.8880,2.889,5737,1753628939999,16576.3980,119,3200,9246.7500,0
1753628940000,2.8890,2.8920,2.8850,2.885,27482,1753628999999,79423.1910,163,9724,28117.4240,0
1753629000000,2.8850,2.8880,2.8820,2.888,23103,1753629059999,66661.4040,253,5771,16652.8090,0
1753629060000,2.8880,2.8880,2.8830,2.884,21832,1753629119999,62975.7380,238,10049,28983.9590,0
1753629120000,2.8840,2.8870,2.8830,2.885,14535,1753629179999,41952.3390,149,6415,18513.4150,0
1753629180000,2.8850,2.8860,2.8830,2.886,13093,1753629239999,37762.5000,152,5091,14684.5670,0
1753629240000,2.8850,2.8860,2.8840,2.885,14049,1753629299999,40536.6780,119,9713,28028.1920,0
1753629300000,2.8840,2.8860,2.8800,2.88,27030,1753629359999,77939.2300,230,11070,31929.7120,0
1753629360000,2.8810,2.8850,2.8790,2.884,39336,1753629419999,113326.2900,226,11604,33450.7860,0
1753629420000,2.8850,2.8880,2.8820,2.888,7833,1753629479999,22598.6780,186,4255,12279.9860,0
1753629480000,2.8880,2.8920,2.8870,2.89,20429,1753629539999,59028.3990,173,17130,49498.9190,0
1753629540000,2.8910,2.8980,2.8910,2.898,22929,1753629599999,66336.0690,185,9975,28873.0080,0
1753629600000,2.8970,2.8970,2.8920,2.893,27706,1753629659999,80211.5340,253,11234,32520.3830,0
1753629660000,2.8930,2.8990,2.8920,2.898,21889,1753629719999,63411.0460,174,8722,25253.9970,0
1753629720000,2.8980,2.8990,2.8950,2.899,17344,1753629779999,50233.7240,177,6744,19531.5690,0
1753629780000,2.8990,2.8990,2.8930,2.893,12929,1753629839999,37444.5630,126,1353,3920.1510,0
1753629840000,2.8940,2.8980,2.8940,2.896,37413,1753629899999,108365.8320,223,12560,36374.9040,0
1753629900000,2.8970,2.8990,2.8930,2.894,13910,1753629959999,40292.9920,180,6308,18273.6670,0
1753629960000,2.8940,2.8950,2.8920,2.893,4564,1753630019999,13207.2910,107,2202,6372.6530,0
1753630020000,2.8930,2.8990,2.8910,2.897,32049,1753630079999,92772.3770,195,24345,70466.7310,0
1753630080000,2.8970,2.8990,2.8920,2.892,15948,1753630139999,46209.0120,184,7785,22561.0020,0
1753630140000,2.8920,2.8920,2.8900,2.891,5732,1753630199999,16572.4630,112,3893,11256.1420,0
1753630200000,2.8920,2.8920,2.8880,2.89,20295,1753630259999,58667.0160,170,6442,18622.3710,0
1753630260000,2.8910,2.8940,2.8890,2.889,50065,1753630319999,144808.2110,222,26617,76987.1760,0
1753630320000,2.8900,2.8910,2.8870,2.891,12429,1753630379999,35911.5900,179,5483,15845.4320,0
1753630380000,2.8910,2.8930,2.8900,2.893,19666,1753630439999,56880.6680,178,14937,43207.7030,0
1753630440000,2.8930,2.8950,2.8920,2.894,25813,1753630499999,74719.0980,150,10336,29920.4100,0
1753630500000,2.8930,2.8940,2.8910,2.892,14682,1753630559999,42464.3190,228,4406,12745.2100,0
1753630560000,2.8920,2.8930,2.8900,2.891,11286,1753630619999,32633.2810,162,5491,15878.9340,0
1753630620000,2.8900,2.8920,2.8860,2.886,11714,1753630679999,33842.7570,141,4805,13883.2180,0
1753630680000,2.8860,2.8870,2.8830,2.884,23145,1753630739999,66761.2350,195,4880,14078.2530,0
1753630740000,2.8830,2.8880,2.8820,2.888,9709,1753630799999,28006.0730,157,4408,12719.3670,0
1753630800000,2.8890,2.8930,2.8890,2.889,13886,1753630859999,40137.8450,208,6361,18388.9560,0
1753630860000,2.8890,2.8910,2.8880,2.89,14130,1753630919999,40818.9170,137,4467,12907.7080,0
1753630920000,2.8900,2.8950,2.8890,2.895,32339,1753630979999,93569.4920,177,29870,86433.7220,0
1753630980000,2.8940,2.8960,2.8930,2.895,13927,1753631039999,40308.8250,170,3521,10191.2480,0
1753631040000,2.8950,2.8960,2.8930,2.896,10397,1753631099999,30097.5660,113,8296,24016.6230,0
1753631100000,2.8960,2.8990,2.8950,2.898,10901,1753631159999,31575.8130,164,6155,17831.6810,0
1753631160000,2.8980,2.8990,2.8900,2.892,23338,1753631219999,67554.0510,692,5439,15745.0550,0
1753631220000,2.8920,2.8930,2.8870,2.887,13210,1753631279999,38188.2890,143,1909,5520.2930,0
1753631280000,2.8870,2.8930,2.8870,2.892,36917,1753631339999,106663.1850,161,17210,49710.0230,0
1753631340000,2.8930,2.8970,2.8920,2.897,8326,1753631399999,24101.8370,164,6426,18603.6740,0
1753631400000,2.8960,2.8980,2.8950,2.897,19908,1753631459999,57644.1290,177,15311,44331.4010,0
1753631460000,2.8970,2.8980,2.8940,2.895,15806,1753631519999,45769.0270,164,6687,19361.2610,0
1753631520000,2.8950,2.8960,2.8930,2.896,9729,1753631579999,28156.4500,109,1650,4775.7070,0
1753631580000,2.8950,2.8970,2.8930,2.897,48175,1753631639999,139504.9540,200,41240,119434.3470,0
1753631640000,2.8960,2.9000,2.8960,2.899,69936,1753631699999,202669.7670,215,43535,126166.6900,0
1753631700000,2.8980,2.9000,2.8940,2.897,32777,1753631759999,94984.2980,216,12256,35514.3890,0
1753631760000,2.8970,2.8980,2.8950,2.895,48167,1753631819999,139527.9260,200,11125,32228.6370,0
1753631820000,2.8960,2.8990,2.8960,2.899,12034,1753631879999,34864.8530,114,6571,19037.3130,0
1753631880000,2.8990,2.9030,2.8990,2.902,30270,1753631939999,87800.9830,201,17306,50196.3690,0
1753631940000,2.9010,2.9050,2.9010,2.905,12492,1753631999999,36269.4490,153,7642,22188.5120,0
1753632000000,2.9050,2.9110,2.9040,2.909,68100,1753632059999,198054.8050,400,29509,85814.0970,0
1753632060000,2.9090,2.9120,2.9070,2.912,35216,1753632119999,102447.8170,315,18177,52900.3540,0
1753632120000,2.9120,2.9150,2.9120,2.912,144876,1753632179999,422129.0640,372,96923,282407.6030,0
1753632180000,2.9130,2.9160,2.9110,2.916,56389,1753632239999,164217.3490,270,33776,98367.3860,0
1753632240000,2.9160,2.9200,2.9140,2.918,36969,1753632299999,107833.5220,259,16873,49209.4750,0
1753632300000,2.9180,2.9210,2.9160,2.92,55713,1753632359999,162597.9490,308,30033,87668.1520,0
1753632360000,2.9200,2.9240,2.9200,2.924,12711,1753632419999,37133.5710,207,5018,14662.1720,0
1753632420000,2.9240,2.9240,2.9170,2.919,24623,1753632479999,71915.1380,314,9765,28525.0780,0
1753632480000,2.9190,2.9220,2.9170,2.917,34360,1753632539999,100340.0160,272,18994,55475.6070,0
1753632540000,2.9180,2.9230,2.9180,2.921,19115,1753632599999,55821.5800,189,8990,26246.8870,0
1753632600000,2.9210,2.9230,2.9160,2.923,29004,1753632659999,84664.6240,250,10246,29911.7840,0
1753632660000,2.9230,2.9260,2.9200,2.923,35535,1753632719999,103873.6750,323,17836,52137.7740,0
1753632720000,2.9230,2.9280,2.9210,2.925,77152,1753632779999,225674.4020,443,55413,162092.4080,0
1753632780000,2.9250,2.9280,2.9230,2.927,14424,1753632839999,42182.6170,170,6610,19333.6410,0
1753632840000,2.9280,2.9290,2.9260,2.927,92376,1753632899999,270495.9170,289,56833,166432.6950,0
1753632900000,2.9280,2.9280,2.9220,2.927,55370,1753632959999,161971.2330,288,20314,59434.0740,0
1753632960000,2.9270,2.9310,2.9270,2.931,75596,1753633019999,221440.1710,273,26812,78552.7560,0
1753633020000,2.9310,2.9320,2.9280,2.931,120902,1753633079999,354306.8710,288,96294,282212.4350,0
1753633080000,2.9310,2.9340,2.9290,2.93,83069,1753633139999,243591.5050,375,57744,169360.7720,0
1753633140000,2.9300,2.9330,2.9300,2.932,15759,1753633199999,46192.7860,170,10391,30460.3340,0
1753633200000,2.9310,2.9340,2.9290,2.93,38856,1753633259999,113893.1080,264,12870,37731.2390,0
1753633260000,2.9300,2.9300,2.9260,2.929,19292,1753633319999,56508.5610,188,6893,20193.4160,0
1753633320000,2.9290,2.9310,2.9290,2.929,27651,1753633379999,81009.3330,137,7704,22572.9580,0
1753633380000,2.9290,2.9310,2.9240,2.93,18415,1753633439999,53897.9860,265,8619,25227.4530,0
1753633440000,2.9300,2.9320,2.9280,2.928,16942,1753633499999,49646.7740,150,10717,31403.3050,0
1753633500000,2.9280,2.9330,2.9270,2.93,33921,1753633559999,99364.1600,266,14080,41256.9840,0
1753633560000,2.9300,2.9300,2.9240,2.927,27603,1753633619999,80814.9060,257,19796,57961.0840,0
1753633620000,2.9260,2.9270,2.9210,2.924,43330,1753633679999,126646.1850,322,14108,41230.0640,0
1753633680000,2.9240,2.9260,2.9230,2.926,17565,1753633739999,51367.3840,167,11412,33374.3810,0
1753633740000,2.9260,2.9320,2.9260,2.931,29517,1753633799999,86481.3860,228,22092,64724.0600,0
1753633800000,2.9310,2.9330,2.9310,2.933,24185,1753633859999,70899.7690,189,5579,16358.7500,0
1753633860000,2.9330,2.9370,2.9310,2.933,82577,1753633919999,242286.9040,413,55460,162734.8790,0
1753633920000,2.9330,2.9350,2.9280,2.929,68233,1753633979999,200069.2040,333,32387,94939.1020,0
1753633980000,2.9300,2.9320,2.9270,2.93,21114,1753634039999,61855.3880,252,14385,42143.5990,0
1753634040000,2.9300,2.9330,2.9290,2.931,79752,1753634099999,233740.4340,333,32981,96652.4180,0
1753634100000,2.9310,2.9340,2.9310,2.932,55078,1753634159999,161515.1180,235,44950,131817.5790,0
1753634160000,2.9320,2.9360,2.9280,2.936,54285,1753634219999,159244.1810,326,42412,124433.9080,0
1753634220000,2.9360,2.9410,2.9360,2.94,45534,1753634279999,133797.2450,380,34395,101080.2110,0
1753634280000,2.9400,2.9430,2.9380,2.943,96942,1753634339999,285121.0970,379,55186,162311.0700,0
1753634340000,2.9430,2.9470,2.9420,2.943,221370,1753634399999,651972.9830,655,129140,380375.0240,0
1753634400000,2.9430,2.9430,2.9350,2.94,228784,1753634459999,672661.0230,650,52493,154363.5130,0
1753634460000,2.9390,2.9400,2.9370,2.939,64919,1753634519999,190762.1100,346,14794,43470.5230,0
1753634520000,2.9390,2.9400,2.9360,2.939,40945,1753634579999,120305.8370,317,14095,41422.3160,0
1753634580000,2.9390,2.9400,2.9280,2.929,84555,1753634639999,247982.6110,430,21329,62537.6030,0
1753634640000,2.9280,2.9320,2.9260,2.926,46148,1753634699999,135193.3270,365,22456,65786.0970,0
1753634700000,2.9260,2.9300,2.9250,2.929,21627,1753634759999,63329.7750,278,9634,28211.8090,0
1753634760000,2.9280,2.9320,2.9280,2.932,14223,1753634819999,41667.0850,229,5310,15557.7660,0
1753634820000,2.9320,2.9340,2.9310,2.932,17241,1753634879999,50555.3470,203,12306,36085.8370,0
1753634880000,2.9320,2.9320,2.9270,2.93,41111,1753634939999,120410.4820,262,20235,59267.5260,0
1753634940000,2.9300,2.9300,2.9260,2.927,6413,1753634999999,18775.5300,160,2403,7036.0720,0
1753635000000,2.9270,2.9280,2.9240,2.924,23521,1753635059999,68798.0240,231,3361,9831.9490,0
1753635060000,2.9230,2.9230,2.9150,2.919,49971,1753635119999,145890.0370,355,4214,12302.7880,0
1753635120000,2.9190,2.9200,2.9140,2.914,32204,1753635179999,93928.2670,267,14288,41668.8260,0
1753635180000,2.9130,2.9160,2.9090,2.911,64007,1753635239999,186457.8650,326,16822,49001.1350,0
1753635240000,2.9110,2.9150,2.9100,2.911,51957,1753635299999,151358.8770,248,31290,91172.9470,0
1753635300000,2.9110,2.9120,2.9040,2.908,98617,1753635359999,286729.9430,391,29235,84998.0840,0
1753635360000,2.9080,2.9080,2.8980,2.902,73187,1753635419999,212349.7320,367,34625,100449.7010,0
1753635420000,2.9010,2.9030,2.8940,2.898,108318,1753635479999,314060.7750,384,57818,167665.4060,0
1753635480000,2.8970,2.9070,2.8970,2.9,69292,1753635539999,201007.7400,378,38873,112790.9940,0
1753635540000,2.9000,2.9050,2.8980,2.905,66025,1753635599999,191449.8490,256,28811,83579.3200,0
1753635600000,2.9050,2.9060,2.8980,2.898,26927,1753635659999,78109.0650,258,15639,45369.4720,0
1753635660000,2.8990,2.9020,2.8970,2.898,16766,1753635719999,48615.6230,242,9823,28486.8170,0
1753635720000,2.8980,2.9000,2.8950,2.896,55203,1753635779999,159901.3360,286,27173,78716.8590,0
1753635780000,2.8950,2.9020,2.8950,2.898,57089,1753635839999,165522.2500,288,14448,41879.2500,0
1753635840000,2.8970,2.9050,2.8960,2.904,43354,1753635899999,125795.1270,243,25635,74391.4400,0
1753635900000,2.9040,2.9120,2.9040,2.912,44878,1753635959999,130564.0430,333,42326,123145.4380,0
1753635960000,2.9130,2.9140,2.9080,2.908,23980,1753636019999,69821.2110,243,6830,19892.3750,0
1753636020000,2.9090,2.9120,2.9040,2.905,19664,1753636079999,57183.2790,232,13877,40358.5920,0
1753636080000,2.9050,2.9090,2.9040,2.908,22843,1753636139999,66393.4190,254,12889,37466.5590,0
1753636140000,2.9070,2.9090,2.9040,2.904,24626,1753636199999,71551.6120,182,13271,38547.8030,0
1753636200000,2.9040,2.9060,2.9000,2.901,208842,1753636259999,606111.1900,362,145237,421497.8840,0
1753636260000,2.9010,2.9020,2.8990,2.901,43666,1753636319999,126649.6600,280,29515,85606.5200,0
1753636320000,2.9000,2.9050,2.9000,2.905,26432,1753636379999,76706.1280,329,19146,55567.1290,0
1753636380000,2.9040,2.9050,2.9010,2.905,20244,1753636439999,58770.7800,191,9018,26181.5880,0
1753636440000,2.9050,2.9070,2.9000,2.903,26822,1753636499999,77879.4510,173,6721,19519.6510,0
1753636500000,2.9040,2.9040,2.9000,2.903,12375,1753636559999,35905.4590,169,2867,8319.4530,0
1753636560000,2.9020,2.9050,2.9000,2.904,16403,1753636619999,47622.7890,167,13566,39388.5250,0
1753636620000,2.9040,2.9050,2.8990,2.899,20764,1753636679999,60225.9750,197,11157,32364.3240,0
1753636680000,2.9000,2.9030,2.8990,2.9,18752,1753636739999,54397.9260,222,14253,41346.7980,0
1753636740000,2.9000,2.9000,2.8950,2.897,36567,1753636799999,105940.0250,215,10444,30273.7240,0
1753636800000,2.8960,2.9000,2.8960,2.899,30501,1753636859999,88404.8980,216,24071,69775.5380,0
1753636860000,2.9000,2.9040,2.9000,2.901,14712,1753636919999,42694.1680,160,12580,36508.9680,0
1753636920000,2.9000,2.9030,2.8980,2.902,19093,1753636979999,55374.5710,165,13602,39450.6420,0
1753636980000,2.9020,2.9020,2.8960,2.896,47938,1753637039999,138948.2510,171,30492,88380.6660,0
1753637040000,2.8950,2.8970,2.8930,2.895,37666,1753637099999,109015.2870,201,18213,52721.2330,0
1753637100000,2.8950,2.9000,2.8930,2.899,49887,1753637159999,144486.7590,241,33280,96378.6370,0
1753637160000,2.8990,2.9040,2.8980,2.903,12448,1753637219999,36107.9030,194,9699,28135.7360,0
1753637220000,2.9030,2.9100,2.9020,2.909,8492,1753637279999,24676.7860,160,6685,19425.3550,0
1753637280000,2.9100,2.9120,2.9060,2.91,50016,1753637339999,145442.4340,243,7420,21583.1980,0
1753637340000,2.9100,2.9160,2.9100,2.913,107540,1753637399999,313178.1030,259,104966,305679.7650,0
1753637400000,2.9120,2.9150,2.9090,2.912,39338,1753637459999,114617.2630,259,12022,35018.5770,0
1753637460000,2.9120,2.9120,2.9080,2.912,14613,1753637519999,42526.0460,176,10890,31693.1600,0
1753637520000,2.9110,2.9170,2.9110,2.914,8647,1753637579999,25207.0890,239,4167,12147.4200,0
1753637580000,2.9140,2.9140,2.9110,2.912,15376,1753637639999,44770.7410,155,3377,9837.5050,0
1753637640000,2.9120,2.9120,2.9050,2.905,6906,1753637699999,20080.5850,177,3717,10807.1080,0
1753637700000,2.9050,2.9080,2.8990,2.899,15397,1753637759999,44687.9980,232,6373,18501.8300,0
1753637760000,2.9000,2.9070,2.9000,2.906,12721,1753637819999,36935.6070,196,11147,32364.9440,0
1753637820000,2.9070,2.9070,2.9040,2.904,8379,1753637879999,24349.4170,140,3752,10904.9900,0
1753637880000,2.9040,2.9040,2.9020,2.902,9362,1753637939999,27173.5910,130,5819,16887.0620,0
1753637940000,2.9030,2.9050,2.9020,2.902,3704,1753637999999,10753.7500,96,2534,7357.3100,0
1753638000000,2.9020,2.9040,2.9010,2.903,20830,1753638059999,60476.7990,217,5908,17149.9970,0
1753638060000,2.9030,2.9040,2.9010,2.903,4557,1753638119999,13228.3960,108,1619,4699.9230,0
1753638120000,2.9030,2.9070,2.9020,2.907,8783,1753638179999,25510.5690,149,8235,23919.0360,0
1753638180000,2.9060,2.9110,2.9050,2.911,11012,1753638239999,32008.5980,189,7745,22515.6280,0
1753638240000,2.9100,2.9110,2.9060,2.906,14637,1753638299999,42567.6410,145,3188,9271.5020,0
1753638300000,2.9070,2.9110,2.9050,2.911,19001,1753638359999,55245.9570,258,15484,45018.5230,0
1753638360000,2.9120,2.9120,2.9080,2.91,10327,1753638419999,30047.4630,129,4837,14076.2380,0
1753638420000,2.9100,2.9120,2.9080,2.912,19375,1753638479999,56366.0580,124,18759,54573.4380,0
1753638480000,2.9130,2.9130,2.9080,2.911,13570,1753638539999,39502.8960,123,3675,10694.2670,0
1753638540000,2.9110,2.9110,2.9080,2.91,12441,1753638599999,36211.7910,90,11917,34687.1050,0
1753638600000,2.9110,2.9170,2.9110,2.913,30901,1753638659999,90060.4950,266,28694,83628.9420,0
1753638660000,2.9130,2.9150,2.9090,2.91,119542,1753638719999,348001.9570,238,90145,262448.3190,0
1753638720000,2.9100,2.9150,2.9090,2.915,62649,1753638779999,182486.4420,255,48550,141406.1580,0
1753638780000,2.9150,2.9160,2.9140,2.915,12952,1753638839999,37756.3290,153,5720,16674.7200,0
1753638840000,2.9150,2.9180,2.9150,2.917,10590,1753638899999,30885.4990,143,8496,24776.7720,0
1753638900000,2.9180,2.9210,2.9170,2.921,15406,1753638959999,44970.7620,162,12954,37813.5490,0
1753638960000,2.9200,2.9210,2.9190,2.921,18457,1753639019999,53891.3090,155,10164,29678.2370,0
1753639020000,2.9210,2.9280,2.9200,2.924,282906,1753639079999,827320.9200,762,247240,723012.5140,0
1753639080000,2.9250,2.9260,2.9230,2.925,50389,1753639139999,147368.2800,196,34176,99947.8440,0
1753639140000,2.9240,2.9250,2.9230,2.924,16852,1753639199999,49271.9240,134,10337,30226.0890,0
1753639200000,2.9230,2.9280,2.9220,2.925,41590,1753639259999,121664.8770,294,29898,87469.9070,0
1753639260000,2.9250,2.9260,2.9200,2.925,22982,1753639319999,67164.5000,320,16362,47815.0250,0
1753639320000,2.9240,2.9250,2.9210,2.923,39967,1753639379999,116776.1180,283,15244,44545.0550,0
1753639380000,2.9230,2.9270,2.9220,2.926,18932,1753639439999,55353.2310,271,17579,51398.8660,0
1753639440000,2.9270,2.9320,2.9260,2.932,32171,1753639499999,94236.3540,347,25707,75303.8340,0
1753639500000,2.9320,2.9340,2.9300,2.933,66196,1753639559999,194133.6420,301,49555,145341.2420,0
1753639560000,2.9330,2.9360,2.9330,2.935,44255,1753639619999,129841.8030,328,23375,68579.0870,0
1753639620000,2.9350,2.9350,2.9310,2.933,16756,1753639679999,49140.2490,214,7333,21508.8330,0
1753639680000,2.9330,2.9330,2.9250,2.926,94475,1753639739999,276617.9420,358,45537,133297.3480,0
1753639740000,2.9270,2.9270,2.9230,2.924,13449,1753639799999,39337.0050,146,4660,13628.7380,0
1753639800000,2.9250,2.9270,2.9220,2.926,29292,1753639859999,85683.8740,275,10326,30208.8420,0
1753639860000,2.9270,2.9300,2.9270,2.928,8250,1753639919999,24162.7630,172,4721,13826.7920,0
1753639920000,2.9280,2.9320,2.9280,2.93,22957,1753639979999,67262.7420,194,16074,47099.6600,0
1753639980000,2.9300,2.9330,2.9300,2.931,12390,1753640039999,36318.9240,135,6918,20279.6370,0
1753640040000,2.9300,2.9320,2.9300,2.93,19192,1753640099999,56245.6740,145,5738,16815.7280,0
1753640100000,2.9300,2.9300,2.9250,2.928,89437,1753640159999,261848.3050,299,55699,163057.6830,0
1753640160000,2.9280,2.9310,2.9240,2.924,20502,1753640219999,60027.0560,227,4086,11965.9610,0
1753640220000,2.9250,2.9330,2.9250,2.932,46732,1753640279999,136922.6740,301,29577,86652.4770,0
1753640280000,2.9320,2.9390,2.9310,2.937,93308,1753640339999,273856.5930,457,56852,166889.2870,0
1753640340000,2.9370,2.9380,2.9340,2.935,30224,1753640399999,88726.2780,211,4346,12760.4340,0
1753640400000,2.9340,2.9340,2.9270,2.928,23575,1753640459999,69073.6830,288,7837,22956.5590,0
1753640460000,2.9270,2.9300,2.9240,2.927,103176,1753640519999,302006.0680,335,32047,93771.1890,0
1753640520000,2.9270,2.9280,2.9220,2.927,49873,1753640579999,145909.8100,234,28861,84428.8730,0
1753640580000,2.9260,2.9280,2.9240,2.925,34414,1753640639999,100671.3900,152,30685,89763.1820,0
1753640640000,2.9260,2.9290,2.9240,2.929,20439,1753640699999,59811.1910,176,18585,54383.6190,0
1753640700000,2.9290,2.9290,2.9250,2.929,34164,1753640759999,100003.0510,190,20336,59509.7700,0
1753640760000,2.9280,2.9290,2.9240,2.927,11954,1753640819999,34978.6470,96,2609,7634.0060,0
1753640820000,2.9270,2.9290,2.9260,2.929,10787,1753640879999,31576.7770,190,9618,28155.9880,0
1753640880000,2.9290,2.9300,2.9270,2.927,13723,1753640939999,40195.0130,132,2775,8129.1440,0
1753640940000,2.9280,2.9290,2.9270,2.928,1715,1753640999999,5020.5430,62,602,1762.6500,0
1753641000000,2.9280,2.9340,2.9280,2.932,64724,1753641059999,189791.7710,255,40389,118403.3720,0
1753641060000,2.9320,2.9340,2.9290,2.929,29699,1753641119999,87019.6450,180,9717,28472.9270,0
1753641120000,2.9290,2.9290,2.9240,2.924,36277,1753641179999,106154.6900,220,3212,9398.8790,0
1753641180000,2.9230,2.9260,2.9210,2.925,13777,1753641239999,40274.8360,173,8694,25419.4110,0
1753641240000,2.9260,2.9310,2.9260,2.931,46593,1753641299999,136465.4190,171,44774,131137.8450,0
1753641300000,2.9310,2.9320,2.9290,2.931,6968,1753641359999,20417.3320,137,1921,5628.9070,0
1753641360000,2.9310,2.9310,2.9240,2.924,34325,1753641419999,100448.4250,248,6999,20482.7050,0
1753641420000,2.9240,2.9270,2.9220,2.922,32411,1753641479999,94768.4580,203,14439,42229.8860,0
1753641480000,2.9230,2.9260,2.9230,2.924,3982,1753641539999,11643.2110,129,3253,9511.3750,0
1753641540000,2.9240,2.9240,2.9210,2.922,23144,1753641599999,67636.9530,148,9762,28533.0700,0
1753641600000,2.9230,2.9250,2.9220,2.924,10753,1753641659999,31427.8780,105,4680,13680.7970,0
1753641660000,2.9240,2.9290,2.9240,2.927,6960,1753641719999,20364.8550,141,2613,7647.3450,0
1753641720000,2.9270,2.9280,2.9250,2.926,10222,1753641779999,29904.1320,112,971,2841.6750,0
1753641780000,2.9260,2.9280,2.9240,2.924,11077,1753641839999,32411.1060,102,7420,21712.0540,0
1753641840000,2.9240,2.9270,2.9230,2.927,34069,1753641899999,99615.2420,152,19794,57885.8200,0
1753641900000,2.9260,2.9270,2.9230,2.924,17033,1753641959999,49813.6320,135,4367,12770.8220,0
1753641960000,2.9230,2.9240,2.9210,2.921,6788,1753642019999,19836.9850,111,3112,9095.0240,0
1753642020000,2.9220,2.9220,2.9160,2.921,46977,1753642079999,137118.8920,215,7278,21247.6560,0
1753642080000,2.9210,2.9240,2.9210,2.924,8517,1753642139999,24894.2900,176,4271,12484.3800,0
1753642140000,2.9240,2.9240,2.9200,2.922,4988,1753642199999,14576.5110,84,3058,8933.9030,0
1753642200000,2.9220,2.9230,2.9180,2.92,6881,1753642259999,20091.6060,126,1788,5221.2560,0
1753642260000,2.9210,2.9230,2.9200,2.921,3778,1753642319999,11036.4630,116,2449,7154.4300,0
1753642320000,2.9220,2.9230,2.9200,2.92,6471,1753642379999,18908.7880,110,2021,5905.5490,0
1753642380000,2.9190,2.9200,2.9180,2.919,12109,1753642439999,35353.2110,93,10917,31874.5220,0
1753642440000,2.9190,2.9190,2.9150,2.916,19209,1753642499999,56016.6480,175,5235,15266.7490,0
1753642500000,2.9160,2.9200,2.9160,2.92,8014,1753642559999,23388.1520,174,5600,16342.7460,0
1753642560000,2.9200,2.9250,2.9190,2.923,46252,1753642619999,135224.9320,214,35994,105231.8610,0
1753642620000,2.9230,2.9280,2.9230,2.926,60500,1753642679999,177074.7850,208,55122,161333.9650,0
1753642680000,2.9270,2.9300,2.9270,2.927,9039,1753642739999,26465.8340,108,6045,17699.9020,0
1753642740000,2.9270,2.9280,2.9250,2.925,23725,1753642799999,69430.2910,88,14333,41949.3730,0
1753642800000,2.9250,2.9260,2.9220,2.924,16958,1753642859999,49588.5320,198,8970,26229.1600,0
1753642860000,2.9240,2.9240,2.9210,2.924,8518,1753642919999,24894.0970,140,3357,9811.6750,0
1753642920000,2.9240,2.9270,2.9230,2.923,10525,1753642979999,30783.7120,248,4552,13314.2570,0
1753642980000,2.9230,2.9250,2.9220,2.924,29138,1753643039999,85211.6950,158,7613,22256.8870,0
1753643040000,2.9240,2.9250,2.9200,2.92,11626,1753643099999,33968.2910,125,1987,5806.1670,0
1753643100000,2.9200,2.9220,2.9180,2.918,13841,1753643159999,40420.3290,183,5106,14913.6390,0
1753643160000,2.9180,2.9180,2.9150,2.916,34020,1753643219999,99186.1740,158,1737,5065.4480,0
1753643220000,2.9150,2.9150,2.9120,2.914,28744,1753643279999,83716.7390,206,2962,8630.6670,0
1753643280000,2.9130,2.9200,2.9130,2.918,14701,1753643339999,42875.5750,238,9308,27141.6080,0
1753643340000,2.9180,2.9210,2.9160,2.921,28223,1753643399999,82339.9200,215,24044,70148.1940,0
1753643400000,2.9210,2.9230,2.9200,2.92,10408,1753643459999,30397.1160,169,3040,8880.6980,0
1753643460000,2.9210,2.9210,2.9130,2.914,13740,1753643519999,40068.9440,223,5117,14923.5630,0
1753643520000,2.9140,2.9150,2.9130,2.914,9347,1753643579999,27238.5310,167,6475,18869.5480,0
1753643580000,2.9140,2.9140,2.9120,2.912,6040,1753643639999,17597.3720,151,2600,7574.6490,0
1753643640000,2.9130,2.9170,2.9130,2.915,8312,1753643699999,24229.8720,98,7028,20486.0790,0
1753643700000,2.9150,2.9150,2.9110,2.911,13388,1753643759999,38994.4940,187,4423,12878.8960,0
1753643760000,2.9120,2.9120,2.9040,2.905,23997,1753643819999,69773.5420,179,7295,21201.1070,0
1753643820000,2.9040,2.9090,2.9040,2.907,13049,1753643879999,37922.8680,203,11219,32603.2780,0
1753643880000,2.9070,2.9090,2.9060,2.906,7278,1753643939999,21160.0370,126,2838,8252.8240,0
1753643940000,2.9060,2.9090,2.9060,2.909,22865,1753643999999,66464.4120,106,21976,63880.0850,0
1753644000000,2.9090,2.9100,2.9060,2.908,26021,1753644059999,75654.2510,170,3786,11010.2610,0
1753644060000,2.9080,2.9090,2.9040,2.904,12307,1753644119999,35757.1900,147,2722,7912.1110,0
1753644120000,2.9040,2.9070,2.9040,2.906,9972,1753644179999,28973.8590,109,7809,22688.5690,0
1753644180000,2.9060,2.9090,2.9040,2.908,14858,1753644239999,43188.3110,166,11385,33094.7270,0
1753644240000,2.9070,2.9110,2.9070,2.91,6356,1753644299999,18493.8780,138,5819,16931.2830,0
1753644300000,2.9100,2.9110,2.9060,2.906,4210,1753644359999,12246.7790,100,1602,4661.9890,0
1753644360000,2.9070,2.9080,2.9040,2.904,16098,1753644419999,46780.5150,112,1326,3854.9250,0
1753644420000,2.9050,2.9080,2.9040,2.908,18059,1753644479999,52487.5560,191,4469,12988.5550,0
1753644480000,2.9080,2.9100,2.9060,2.907,9075,1753644539999,26383.1420,111,1291,3755.4350,0
1753644540000,2.9070,2.9100,2.9070,2.909,20321,1753644599999,59113.8800,149,19671,57223.6930,0
1753644600000,2.9080,2.9130,2.9080,2.913,18918,1753644659999,55074.6620,193,14062,40937.8840,0
1753644660000,2.9130,2.9150,2.9110,2.912,20932,1753644719999,60994.9780,241,7380,21501.3880,0
1753644720000,2.9120,2.9120,2.9090,2.912,6345,1753644779999,18467.9970,128,2122,6176.2230,0
1753644780000,2.9120,2.9150,2.9110,2.911,8398,1753644839999,24463.8490,144,5764,16792.3560,0
1753644840000,2.9110,2.9120,2.9100,2.912,7698,1753644899999,22409.6920,108,4904,14276.3780,0
1753644900000,2.9110,2.9150,2.9110,2.912,28842,1753644959999,84044.9260,240,22379,65218.5470,0
1753644960000,2.9120,2.9130,2.9110,2.912,2937,1753645019999,8553.1390,75,2077,6048.9560,0
1753645020000,2.9120,2.9120,2.9070,2.909,12321,1753645079999,35843.1980,149,9937,28906.3100,0
1753645080000,2.9100,2.9110,2.9060,2.907,33305,1753645139999,96910.0570,279,10086,29341.3310,0
1753645140000,2.9080,2.9100,2.9070,2.908,8363,1753645199999,24322.4890,157,7118,20701.1180,0
1753645200000,2.9080,2.9080,2.9050,2.906,12668,1753645259999,36821.1690,199,3455,10043.8200,0
1753645260000,2.9060,2.9070,2.9030,2.906,28146,1753645319999,81791.0050,174,23047,66981.5350,0
1753645320000,2.9060,2.9060,2.9010,2.902,17555,1753645379999,50977.9110,199,4387,12739.8020,0
1753645380000,2.9030,2.9060,2.9030,2.905,8507,1753645439999,24708.0540,147,5287,15354.4310,0
1753645440000,2.9050,2.9060,2.9030,2.904,8270,1753645499999,24023.8210,68,241,700.0200,0
1753645500000,2.9040,2.9060,2.9030,2.903,6678,1753645559999,19398.6890,169,5078,14751.0930,0
1753645560000,2.9030,2.9050,2.9020,2.903,19841,1753645619999,57616.5200,122,17145,49788.9660,0
1753645620000,2.9040,2.9080,2.9040,2.906,21547,1753645679999,62627.1110,183,6997,20330.8300,0
1753645680000,2.9070,2.9090,2.9060,2.907,16503,1753645739999,47973.2090,125,3043,8848.5650,0
1753645740000,2.9070,2.9090,2.9040,2.905,6837,1753645799999,19875.5100,128,2495,7253.2200,0
1753645800000,2.9050,2.9070,2.9030,2.904,9425,1753645859999,27381.3400,114,3665,10648.4930,0
1753645860000,2.9040,2.9050,2.9010,2.902,9463,1753645919999,27472.4780,121,5286,15349.4670,0
1753645920000,2.9020,2.9050,2.9010,2.902,6311,1753645979999,18323.1730,130,2644,7677.1350,0
1753645980000,2.9030,2.9050,2.9030,2.905,9512,1753646039999,27620.8150,97,5007,14538.6890,0
1753646040000,2.9050,2.9080,2.9050,2.907,5767,1753646099999,16761.1070,148,4739,13772.3300,0
1753646100000,2.9070,2.9100,2.9070,2.91,4609,1753646159999,13406.2940,74,3541,10301.4130,0
1753646160000,2.9090,2.9100,2.9070,2.908,10554,1753646219999,30700.6590,74,1218,3543.1010,0
1753646220000,2.9070,2.9080,2.9060,2.907,13691,1753646279999,39796.5680,90,7404,21523.6870,0
1753646280000,2.9070,2.9080,2.9030,2.903,8198,1753646339999,23822.4650,105,1086,3153.9510,0
1753646340000,2.9040,2.9070,2.9040,2.906,13555,1753646399999,39381.3730,97,13356,38803.2300,0
1753646400000,2.9070,2.9090,2.9060,2.908,11539,1753646459999,33546.6280,189,6038,17556.0270,0
1753646460000,2.9080,2.9140,2.9080,2.912,16714,1753646519999,48658.5190,204,15091,43931.9990,0
1753646520000,2.9120,2.9200,2.9120,2.92,40216,1753646579999,117265.2800,220,37222,108534.1870,0
1753646580000,2.9200,2.9200,2.9160,2.918,12325,1753646639999,35963.1560,181,8548,24942.2430,0
1753646640000,2.9180,2.9200,2.9180,2.919,9704,1753646699999,28325.2670,85,3899,11380.4740,0
1753646700000,2.9190,2.9230,2.9180,2.922,18796,1753646759999,54891.5980,225,13139,38378.0910,0
1753646760000,2.9220,2.9260,2.9210,2.926,11377,1753646819999,33260.3900,168,6100,17830.7100,0
1753646820000,2.9260,2.9260,2.9230,2.924,9645,1753646879999,28211.2340,96,6221,18198.4490,0
1753646880000,2.9230,2.9230,2.9190,2.919,22667,1753646939999,66235.7670,231,11133,32535.0240,0
1753646940000,2.9200,2.9200,2.9140,2.916,25735,1753646999999,75055.7110,153,5932,17315.3330,0
1753647000000,2.9150,2.9180,2.9140,2.917,26061,1753647059999,75992.3770,204,15888,46337.5020,0
1753647060000,2.9180,2.9210,2.9170,2.92,37239,1753647119999,108728.2700,215,32889,96026.6310,0
1753647120000,2.9200,2.9210,2.9200,2.921,2994,1753647179999,8742.5460,51,2567,7495.7060,0
1753647180000,2.9210,2.9220,2.9200,2.921,21808,1753647239999,63701.5000,179,15279,44630.8220,0
1753647240000,2.9200,2.9210,2.9180,2.918,4980,1753647299999,14537.5440,85,1252,3654.7370,0
1753647300000,2.9180,2.9250,2.9180,2.922,10437,1753647359999,30485.4190,262,6451,18839.3600,0
1753647360000,2.9230,2.9230,2.9170,2.917,12973,1753647419999,37865.6780,142,2333,6811.4690,0
1753647420000,2.9170,2.9170,2.9140,2.916,8263,1753647479999,24090.4970,159,3220,9389.1470,0
1753647480000,2.9170,2.9190,2.9160,2.917,10715,1753647539999,31257.8220,79,7161,20889.0260,0
1753647540000,2.9170,2.9180,2.9140,2.915,5611,1753647599999,16363.3260,128,2949,8601.6660,0
1753647600000,2.9140,2.9170,2.9110,2.911,15607,1753647659999,45474.9290,158,3923,11438.5180,0
1753647660000,2.9110,2.9160,2.9110,2.915,12628,1753647719999,36791.2100,166,8602,25057.4080,0
1753647720000,2.9150,2.9150,2.9120,2.915,5374,1753647779999,15655.1200,114,3878,11297.1800,0
1753647780000,2.9150,2.9150,2.9120,2.912,2683,1753647839999,7816.8960,56,459,1337.5880,0
1753647840000,2.9120,2.9130,2.9100,2.912,10599,1753647899999,30866.8460,115,8273,24095.9710,0
1753647900000,2.9130,2.9150,2.9120,2.912,15840,1753647959999,46134.7770,132,5416,15777.1100,0
1753647960000,2.9120,2.9130,2.9100,2.912,4480,1753648019999,13040.6650,100,2098,6107.7140,0
1753648020000,2.9110,2.9150,2.9100,2.915,22960,1753648079999,66868.1910,152,20536,59811.6010,0
1753648080000,2.9160,2.9180,2.9140,2.918,4739,1753648139999,13818.0740,77,2389,6967.1430,0
1753648140000,2.9180,2.9200,2.9180,2.92,3290,1753648199999,9602.0340,62,1634,4769.2770,0
1753648200000,2.9190,2.9200,2.9110,2.913,38737,1753648259999,112940.2120,240,2915,8489.2840,0
1753648260000,2.9130,2.9140,2.9110,2.912,7843,1753648319999,22849.6320,86,6603,19238.8650,0
1753648320000,2.9130,2.9140,2.9120,2.914,23367,1753648379999,68079.7280,147,7646,22277.3940,0
1753648380000,2.9140,2.9170,2.9130,2.917,9463,1753648439999,27590.2410,146,6184,18032.5510,0
1753648440000,2.9170,2.9190,2.9150,2.917,22110,1753648499999,64520.2340,153,16846,49161.9370,0
1753648500000,2.9170,2.9220,2.9170,2.918,10647,1753648559999,31092.4270,174,7477,21835.6190,0
1753648560000,2.9180,2.9190,2.9160,2.918,11950,1753648619999,34860.7490,110,7688,22427.5760,0
1753648620000,2.9180,2.9200,2.9150,2.918,7833,1753648679999,22855.9450,133,4913,14338.9630,0
1753648680000,2.9180,2.9190,2.9150,2.915,21571,1753648739999,62917.5660,131,1265,3691.7720,0
1753648740000,2.9150,2.9170,2.9130,2.916,19556,1753648799999,57007.2410,169,11835,34501.0780,0
1753648800000,2.9160,2.9170,2.9140,2.917,3056,1753648859999,8909.9540,72,1651,4813.8420,0
1753648860000,2.9170,2.9190,2.9150,2.918,29851,1753648919999,87075.5430,195,15808,46113.5190,0
1753648920000,2.9190,2.9200,2.9170,2.918,11185,1753648979999,32634.3020,131,1134,3309.7090,0
1753648980000,2.9180,2.9180,2.9160,2.917,7850,1753649039999,22901.7080,141,3582,10451.6040,0
1753649040000,2.9170,2.9190,2.9160,2.917,9906,1753649099999,28905.7750,115,6301,18388.2000,0
1753649100000,2.9180,2.9200,2.9150,2.915,18803,1753649159999,54840.0840,251,4018,11722.1430,0
1753649160000,2.9150,2.9190,2.9150,2.916,7600,1753649219999,22170.6070,149,3182,9284.5560,0
1753649220000,2.9160,2.9170,2.9140,2.916,7619,1753649279999,22213.4570,96,2389,6966.2960,0
1753649280000,2.9160,2.9170,2.9150,2.916,1898,1753649339999,5534.5130,54,1240,3615.8760,0
1753649340000,2.9160,2.9190,2.9150,2.915,17614,1753649399999,51383.6370,205,8919,26018.2040,0
1753649400000,2.9160,2.9170,2.9130,2.913,7430,1753649459999,21657.3950,109,265,772.7690,0
1753649460000,2.9130,2.9150,2.9110,2.913,9718,1753649519999,28307.6240,115,6144,17897.6710,0
1753649520000,2.9140,2.9140,2.9090,2.911,8084,1753649579999,23537.4520,110,849,2470.7440,0
1753649580000,2.9110,2.9120,2.9070,2.907,4791,1753649639999,13941.2370,137,2058,5989.2920,0
1753649640000,2.9080,2.9080,2.9040,2.906,23290,1753649699999,67691.4560,173,9076,26372.7920,0
1753649700000,2.9070,2.9100,2.9050,2.91,7661,1753649759999,22275.5100,229,6157,17902.6560,0
1753649760000,2.9100,2.9120,2.9070,2.912,13828,1753649819999,40228.8490,138,8484,24683.9240,0
1753649820000,2.9120,2.9120,2.9080,2.909,3896,1753649879999,11337.7600,91,1579,4594.6500,0
1753649880000,2.9100,2.9100,2.9070,2.909,12462,1753649939999,36245.2540,106,5173,15047.7520,0
1753649940000,2.9100,2.9110,2.9090,2.91,2268,1753649999999,6599.9520,67,739,2150.5670,0
1753650000000,2.9110,2.9150,2.9110,2.913,13666,1753650059999,39807.5870,266,7903,23020.7250,0
1753650060000,2.9120,2.9140,2.9090,2.913,7013,1753650119999,20420.1080,172,2862,8334.6540,0
1753650120000,2.9140,2.9160,2.9130,2.916,13163,1753650179999,38365.5250,170,7537,21967.7040,0
1753650180000,2.9160,2.9160,2.9090,2.91,9582,1753650239999,27888.3850,134,2501,7278.6130,0
1753650240000,2.9100,2.9110,2.9070,2.907,8056,1753650299999,23441.9160,119,3851,11208.7160,0
1753650300000,2.9070,2.9080,2.9040,2.905,7453,1753650359999,21661.8760,117,4031,11716.5660,0
1753650360000,2.9050,2.9060,2.9040,2.906,4839,1753650419999,14059.6580,84,2358,6851.2210,0
1753650420000,2.9070,2.9070,2.9050,2.905,14504,1753650479999,42154.5470,126,5007,14553.6610,0
1753650480000,2.9050,2.9060,2.9030,2.903,9534,1753650539999,27692.1170,96,4330,12579.0000,0
1753650540000,2.9040,2.9050,2.8990,2.9,33721,1753650599999,97831.4180,219,6755,19610.6410,0
1753650600000,2.9000,2.9000,2.8980,2.898,39291,1753650659999,113892.5420,167,8828,25595.0090,0
1753650660000,2.8990,2.9000,2.8960,2.897,20497,1753650719999,59390.8910,247,5222,15128.5370,0
1753650720000,2.8970,2.8970,2.8940,2.895,29556,1753650779999,85579.0290,203,12408,35928.7260,0
1753650780000,2.8950,2.8970,2.8940,2.894,27302,1753650839999,79056.4890,295,9633,27899.5330,0
1753650840000,2.8940,2.8960,2.8920,2.895,33245,1753650899999,96212.8620,277,20225,58536.9500,0
1753650900000,2.8950,2.8980,2.8930,2.897,13487,1753650959999,39049.3270,208,9140,26463.1330,0
1753650960000,2.8970,2.9000,2.8950,2.897,102531,1753651019999,297143.5530,216,88313,255940.3550,0
1753651020000,2.8970,2.9010,2.8970,2.899,11827,1753651079999,34298.3250,99,6569,19049.9130,0
1753651080000,2.9000,2.9020,2.8990,2.902,9594,1753651139999,27820.0250,88,7800,22618.9770,0
1753651140000,2.9020,2.9030,2.9010,2.901,4206,1753651199999,12205.8220,66,1545,4483.6370,0
1753651200000,2.9020,2.9030,2.8970,2.899,39386,1753651259999,114199.1870,196,9433,27367.8470,0
1753651260000,2.8990,2.9000,2.8980,2.899,24453,1753651319999,70881.1660,146,7534,21843.8490,0
1753651320000,2.9000,2.9020,2.8980,2.902,24621,1753651379999,71390.7820,158,13845,40148.0440,0
1753651380000,2.9020,2.9030,2.9010,2.902,6747,1753651439999,19579.8450,75,5647,16387.7130,0
1753651440000,2.9020,2.9030,2.9010,2.903,7407,1753651499999,21496.0410,93,6015,17456.6180,0
1753651500000,2.9030,2.9070,2.9020,2.906,26853,1753651559999,78007.1120,221,26749,77704.9650,0
1753651560000,2.9060,2.9090,2.9030,2.905,68030,1753651619999,197737.5740,243,25979,75519.4770,0
1753651620000,2.9050,2.9080,2.9050,2.906,27929,1753651679999,81174.3630,91,27605,80232.5330,0
1753651680000,2.9070,2.9100,2.9050,2.906,13312,1753651739999,38716.8270,170,6074,17670.8320,0
1753651740000,2.9060,2.9110,2.9060,2.911,9611,1753651799999,27959.6870,107,7677,22337.3920,0
1753651800000,2.9110,2.9200,2.9110,2.92,22110,1753651859999,64474.8030,264,19179,55936.0060,0
1753651860000,2.9190,2.9210,2.9120,2.914,71831,1753651919999,209434.6310,310,13873,40431.6880,0
1753651920000,2.9140,2.9170,2.9110,2.915,13321,1753651979999,38818.0950,203,5035,14674.4970,0
1753651980000,2.9150,2.9170,2.9150,2.917,3903,1753652039999,11381.2050,62,971,2831.8690,0
1753652040000,2.9160,2.9160,2.9120,2.915,54108,1753652099999,157631.3030,206,22001,64089.5480,0
1753652100000,2.9140,2.9170,2.9140,2.914,4946,1753652159999,14421.6550,91,1420,4141.0280,0
1753652160000,2.9150,2.9150,2.9110,2.912,27167,1753652219999,79123.6530,124,22872,66611.3290,0
1753652220000,2.9120,2.9120,2.9090,2.91,10331,1753652279999,30069.3390,55,3504,10196.6800,0
1753652280000,2.9100,2.9100,2.9040,2.904,9672,1753652339999,28109.2320,103,52,151.1760,0
1753652340000,2.9040,2.9060,2.9020,2.902,12036,1753652399999,34955.4840,146,1919,5574.5190,0
1753652400000,2.9030,2.9080,2.9030,2.907,34890,1753652459999,101414.8080,196,25892,75266.7960,0
1753652460000,2.9080,2.9100,2.9050,2.908,12427,1753652519999,36134.8950,207,4708,13691.3690,0
1753652520000,2.9080,2.9090,2.9080,2.909,448,1753652579999,1302.8760,20,364,1058.6040,0
1753652580000,2.9090,2.9090,2.9040,2.906,53194,1753652639999,154591.6200,220,26645,77432.1860,0
1753652640000,2.9060,2.9070,2.9060,2.906,597,1753652699999,1735.0540,27,225,654.0220,0
1753652700000,2.9070,2.9080,2.9060,2.907,5156,1753652759999,14989.4640,113,4845,14085.4160,0
1753652760000,2.9080,2.9100,2.9080,2.91,8294,1753652819999,24127.2290,112,6718,19542.8900,0
1753652820000,2.9090,2.9100,2.9070,2.91,27713,1753652879999,80583.9710,131,5916,17205.9900,0
1753652880000,2.9100,2.9120,2.9100,2.912,3052,1753652939999,8884.0620,47,2551,7426.0080,0
1753652940000,2.9120,2.9140,2.9110,2.913,4428,1753652999999,12896.0520,127,4264,12418.5520,0
1753653000000,2.9130,2.9180,2.9130,2.918,26204,1753653059999,76356.6470,215,2923,8521.7970,0
1753653060000,2.9180,2.9210,2.9180,2.92,25925,1753653119999,75708.3790,177,24164,70569.5030,0
1753653120000,2.9210,2.9220,2.9180,2.919,26297,1753653179999,76771.0650,167,3754,10964.4390,0
1753653180000,2.9200,2.9210,2.9200,2.921,1194,1753653239999,3486.6850,56,878,2563.9650,0
1753653240000,2.9200,2.9210,2.9180,2.92,26599,1753653299999,77665.5820,140,21062,61499.6430,0
1753653300000,2.9200,2.9220,2.9190,2.921,10309,1753653359999,30111.3210,131,7742,22614.0190,0
1753653360000,2.9210,2.9240,2.9210,2.922,10270,1753653419999,30014.7250,206,3164,9246.6100,0
1753653420000,2.9220,2.9260,2.9210,2.926,32309,1753653479999,94433.4340,178,20728,60597.9250,0
1753653480000,2.9260,2.9300,2.9240,2.929,12993,1753653539999,38039.0030,199,7663,22435.3080,0
1753653540000,2.9280,2.9290,2.9260,2.929,17459,1753653599999,51118.3130,161,8450,24742.5600,0
1753653600000,2.9290,2.9350,2.9260,2.932,50349,1753653659999,147546.8650,546,16146,47329.9520,0
1753653660000,2.9320,2.9350,2.9320,2.933,10756,1753653719999,31551.0880,205,1785,5236.9230,0
1753653720000,2.9340,2.9370,2.9290,2.937,76557,1753653779999,224562.8190,583,28390,83312.7940,0
1753653780000,2.9370,2.9390,2.9350,2.938,30498,1753653839999,89577.2100,324,8662,25445.6160,0
1753653840000,2.9370,2.9410,2.9370,2.939,36372,1753653899999,106923.9930,401,25859,76023.2320,0
1753653900000,2.9400,2.9420,2.9380,2.941,34269,1753653959999,100759.1700,314,10743,31586.1510,0
1753653960000,2.9410,2.9430,2.9400,2.943,52109,1753654019999,153313.2640,343,29090,85590.8530,0
1753654020000,2.9430,2.9470,2.9420,2.947,87036,1753654079999,256348.1970,295,74907,220628.1450,0
1753654080000,2.9470,2.9480,2.9440,2.947,44299,1753654139999,130510.4420,308,16355,48180.4360,0
1753654140000,2.9470,2.9490,2.9430,2.946,67220,1753654199999,198020.9000,378,36273,106890.2890,0
1753654200000,2.9450,2.9470,2.9430,2.946,22962,1753654259999,67629.2200,221,13541,39887.7370,0
1753654260000,2.9460,2.9480,2.9410,2.942,36323,1753654319999,106960.9010,276,3855,11356.8860,0
1753654320000,2.9420,2.9470,2.9400,2.946,22901,1753654379999,67401.3910,270,16940,49848.9850,0
1753654380000,2.9460,2.9550,2.9460,2.954,103165,1753654439999,304515.6750,597,74492,219913.2800,0
1753654440000,2.9530,2.9580,2.9530,2.958,46082,1753654499999,136223.3380,306,40133,118640.8010,0
1753654500000,2.9580,2.9610,2.9570,2.959,43728,1753654559999,129382.5790,441,22561,66758.0170,0
1753654560000,2.9590,2.9590,2.9500,2.952,69396,1753654619999,204994.2390,429,26354,77819.0150,0
1753654620000,2.9520,2.9560,2.9470,2.956,71759,1753654679999,211730.9810,386,24362,71941.6570,0
1753654680000,2.9560,2.9590,2.9550,2.956,21765,1753654739999,64364.7760,220,7438,21999.1560,0
1753654740000,2.9560,2.9590,2.9540,2.958,54512,1753654799999,161182.5180,239,35241,104190.1250,0
1753654800000,2.9570,2.9630,2.9570,2.963,52174,1753654859999,154515.9820,347,41453,122779.2020,0
1753654860000,2.9620,2.9640,2.9590,2.96,35384,1753654919999,104777.4540,371,14177,41983.9250,0
1753654920000,2.9610,2.9640,2.9590,2.962,27069,1753654979999,80205.2290,260,16298,48286.3020,0
1753654980000,2.9620,2.9640,2.9600,2.964,11379,1753655039999,33705.2540,137,6877,20370.5800,0
1753655040000,2.9640,2.9650,2.9620,2.962,27199,1753655099999,80613.6750,192,7793,23098.2940,0
1753655100000,2.9620,2.9630,2.9570,2.961,29981,1753655159999,88769.4860,196,7110,21045.7060,0
1753655160000,2.9600,2.9600,2.9570,2.958,29682,1753655219999,87814.8420,145,8855,26193.9950,0
1753655220000,2.9580,2.9610,2.9570,2.96,17719,1753655279999,52433.1410,225,3279,9704.4480,0
1753655280000,2.9610,2.9610,2.9590,2.959,20791,1753655339999,61541.1650,117,10392,30760.7610,0
1753655340000,2.9590,2.9620,2.9560,2.959,292613,1753655399999,865877.8490,538,128733,380934.0710,0
1753655400000,2.9590,2.9610,2.9580,2.959,42218,1753655459999,124919.1200,309,18914,55972.4330,0
1753655460000,2.9590,2.9600,2.9560,2.957,8976,1753655519999,26552.2400,200,4220,12484.5090,0
1753655520000,2.9570,2.9570,2.9530,2.955,28702,1753655579999,84831.1050,200,5374,15881.7120,0
1753655580000,2.9550,2.9550,2.9520,2.955,7595,1753655639999,22430.8040,150,2594,7660.8260,0
1753655640000,2.9540,2.9540,2.9500,2.952,42925,1753655699999,126671.6970,229,19207,56690.7270,0
1753655700000,2.9520,2.9540,2.9500,2.951,30512,1753655759999,90062.0720,261,18380,54259.5970,0
1753655760000,2.9510,2.9550,2.9510,2.954,13105,1753655819999,38687.0000,109,3795,11208.7450,0
1753655820000,2.9540,2.9560,2.9530,2.956,10450,1753655879999,30874.3260,124,6221,18381.9620,0
1753655880000,2.9550,2.9570,2.9530,2.957,16937,1753655939999,50055.7280,125,11771,34793.8410,0
1753655940000,2.9570,2.9580,2.9550,2.957,19457,1753655999999,57515.6060,132,16485,48730.6270,0
1753656000000,2.9570,2.9590,2.9560,2.957,12764,1753656059999,37745.5490,169,9125,26983.9560,0
1753656060000,2.9570,2.9570,2.9540,2.957,21405,1753656119999,63253.2840,165,3615,10686.6410,0
1753656120000,2.9560,2.9590,2.9550,2.958,39862,1753656179999,117880.7600,198,27256,80610.4350,0
1753656180000,2.9590,2.9640,2.9580,2.964,88801,1753656239999,263022.2100,249,75104,222480.6500,0
1753656240000,2.9640,2.9670,2.9630,2.966,69605,1753656299999,206439.0500,298,52171,154743.9520,0
1753656300000,2.9660,2.9670,2.9610,2.961,45766,1753656359999,135663.4140,353,24860,73709.2000,0
1753656360000,2.9620,2.9680,2.9620,2.966,40029,1753656419999,118686.2110,310,16175,47960.9510,0
1753656420000,2.9660,2.9690,2.9660,2.969,61847,1753656479999,183565.0440,325,56569,167901.8620,0
1753656480000,2.9680,2.9760,2.9680,2.976,58840,1753656539999,174847.6360,461,42249,125539.2070,0
1753656540000,2.9760,2.9780,2.9720,2.974,64882,1753656599999,193040.5820,428,32901,97916.8210,0
1753656600000,2.9740,2.9780,2.9720,2.973,31146,1753656659999,92679.6020,287,16880,50229.2230,0
1753656660000,2.9730,2.9740,2.9670,2.969,61689,1753656719999,183250.1230,433,30959,91993.5000,0
1753656720000,2.9690,2.9690,2.9620,2.969,89360,1753656779999,265031.1340,289,79580,236031.3590,0
1753656780000,2.9690,2.9690,2.9610,2.961,32389,1753656839999,95991.1990,207,4453,13199.8470,0
1753656840000,2.9610,2.9640,2.9590,2.962,110118,1753656899999,326132.9640,353,77214,228718.8260,0
1753656900000,2.9620,2.9640,2.9580,2.959,35409,1753656959999,104859.3530,204,13438,39796.6520,0
1753656960000,2.9600,2.9600,2.9550,2.96,26783,1753657019999,79212.0800,199,15668,46347.7460,0
1753657020000,2.9600,2.9620,2.9580,2.959,22196,1753657079999,65693.4190,162,6748,19974.6060,0
1753657080000,2.9590,2.9610,2.9570,2.96,16393,1753657139999,48502.6770,160,2919,8638.2870,0
1753657140000,2.9600,2.9630,2.9590,2.96,9794,1753657199999,29000.4710,160,5903,17481.2040,0
1753657200000,2.9590,2.9600,2.9560,2.957,43086,1753657259999,127391.6840,802,32380,95734.4270,0
1753657260000,2.9560,2.9590,2.9530,2.954,28928,1753657319999,85507.2280,367,8033,23743.8450,0
1753657320000,2.9540,2.9560,2.9460,2.947,52470,1753657379999,154894.6590,313,15313,45222.5160,0
1753657380000,2.9460,2.9530,2.9460,2.952,56589,1753657439999,166882.5080,306,36841,108612.1600,0
1753657440000,2.9520,2.9520,2.9480,2.949,45720,1753657499999,134859.9780,194,7483,22078.0730,0
1753657500000,2.9490,2.9510,2.9440,2.951,25549,1753657559999,75302.7710,278,13618,40148.3590,0
1753657560000,2.9510,2.9530,2.9480,2.949,27053,1753657619999,79802.9620,210,4866,14360.3180,0
1753657620000,2.9480,2.9530,2.9480,2.952,22708,1753657679999,66984.5150,119,15568,45921.3020,0
1753657680000,2.9520,2.9520,2.9480,2.95,13344,1753657739999,39362.4180,126,5480,16164.8860,0
1753657740000,2.9500,2.9500,2.9460,2.947,32287,1753657799999,95180.1850,175,15724,46362.1840,0
1753657800000,2.9480,2.9500,2.9400,2.94,41652,1753657859999,122711.5790,290,11120,32767.7170,0
1753657860000,2.9400,2.9410,2.9350,2.937,44006,1753657919999,129254.0380,318,28316,83170.1220,0
1753657920000,2.9370,2.9410,2.9370,2.939,23083,1753657979999,67853.2790,280,16226,47700.1520,0
1753657980000,2.9390,2.9420,2.9360,2.94,59336,1753658039999,174404.5040,276,34959,102777.0790,0
1753658040000,2.9400,2.9440,2.9400,2.943,17905,1753658099999,52678.4370,183,9806,28847.7660,0
1753658100000,2.9430,2.9490,2.9430,2.947,25067,1753658159999,73852.9120,233,14251,41982.8140,0
1753658160000,2.9480,2.9480,2.9400,2.94,15018,1753658219999,44200.1020,190,7402,21788.5000,0
1753658220000,2.9400,2.9460,2.9390,2.945,20529,1753658279999,60393.4020,190,11954,35172.0090,0
1753658280000,2.9440,2.9490,2.9440,2.946,17050,1753658339999,50230.1280,146,7974,23491.8550,0
1753658340000,2.9460,2.9470,2.9430,2.947,27182,1753658399999,80037.4740,154,18305,53905.1940,0
1753658400000,2.9470,2.9500,2.9470,2.949,20489,1753658459999,60418.6940,183,18874,55656.1180,0
1753658460000,2.9500,2.9520,2.9470,2.947,30205,1753658519999,89098.4330,240,10765,31765.4550,0
1753658520000,2.9470,2.9510,2.9460,2.948,36525,1753658579999,107691.8180,169,30564,90112.7080,0
1753658580000,2.9480,2.9510,2.9460,2.95,34244,1753658639999,100994.7810,160,19928,58782.7160,0
1753658640000,2.9500,2.9570,2.9500,2.955,22276,1753658699999,65790.2430,225,13615,40217.9700,0
1753658700000,2.9560,2.9590,2.9540,2.958,39963,1753658759999,118131.4470,251,28911,85458.0760,0
1753658760000,2.9570,2.9580,2.9530,2.954,38571,1753658819999,114020.4570,193,7184,21241.0870,0
1753658820000,2.9530,2.9550,2.9510,2.955,11398,1753658879999,33658.0090,131,6087,17976.1150,0
1753658880000,2.9550,2.9560,2.9490,2.952,241428,1753658939999,713025.2770,367,23588,69670.5480,0
1753658940000,2.9510,2.9510,2.9480,2.949,37135,1753658999999,109544.9660,191,22920,67606.7600,0
1753659000000,2.9490,2.9520,2.9470,2.95,137976,1753659059999,407032.2900,442,128716,379715.0090,0
1753659060000,2.9490,2.9490,2.9410,2.941,26114,1753659119999,76913.9300,246,8259,24339.7570,0
1753659120000,2.9410,2.9410,2.9370,2.937,44204,1753659179999,129949.4540,222,26633,78297.8570,0
1753659180000,2.9370,2.9410,2.9370,2.939,42871,1753659239999,126043.9440,250,8776,25798.6780,0
1753659240000,2.9400,2.9400,2.9360,2.937,32843,1753659299999,96493.0840,139,13400,39370.9210,0
1753659300000,2.9370,2.9400,2.9350,2.937,29929,1753659359999,87905.7950,222,21618,63486.9680,0
1753659360000,2.9360,2.9400,2.9350,2.94,10726,1753659419999,31511.3340,152,3775,11091.4930,0
1753659420000,2.9400,2.9440,2.9400,2.944,9680,1753659479999,28474.9160,170,8500,25003.5790,0
1753659480000,2.9430,2.9470,2.9420,2.947,9945,1753659539999,29291.0300,115,2487,7322.5690,0
1753659540000,2.9470,2.9490,2.9450,2.946,26116,1753659599999,76977.6160,160,6078,17914.4380,0
1753659600000,2.9450,2.9450,2.9410,2.942,23523,1753659659999,69225.7240,187,5866,17259.8860,0
1753659660000,2.9430,2.9430,2.9400,2.94,20895,1753659719999,61464.9260,177,7776,22871.0040,0
1753659720000,2.9410,2.9450,2.9410,2.945,12506,1753659779999,36801.1540,225,10633,31291.4600,0
1753659780000,2.9450,2.9460,2.9420,2.944,8351,1753659839999,24586.7300,96,3408,10033.9800,0
1753659840000,2.9440,2.9460,2.9410,2.943,10460,1753659899999,30788.5560,148,6968,20511.2700,0
1753659900000,2.9430,2.9450,2.9410,2.943,12626,1753659959999,37153.8190,166,7419,21834.8670,0
1753659960000,2.9420,2.9470,2.9410,2.947,10689,1753660019999,31469.4700,204,9679,28496.1830,0
1753660020000,2.9470,2.9480,2.9450,2.948,17573,1753660079999,51776.3430,127,9330,27494.2370,0
1753660080000,2.9480,2.9500,2.9470,2.949,3910,1753660139999,11528.2130,104,3578,10549.4070,0
1753660140000,2.9490,2.9500,2.9470,2.95,11363,1753660199999,33514.4280,106,7170,21150.9340,0
1753660200000,2.9500,2.9550,2.9500,2.953,16510,1753660259999,48767.9360,213,13448,39721.2000,0
1753660260000,2.9530,2.9550,2.9510,2.955,11988,1753660319999,35395.3850,124,7212,21297.1780,0
1753660320000,2.9550,2.9560,2.9530,2.953,9429,1753660379999,27863.3120,137,4200,12412.0420,0
1753660380000,2.9540,2.9560,2.9520,2.953,10033,1753660439999,29634.8280,116,4957,14644.0780,0
1753660440000,2.9540,2.9560,2.9520,2.955,3957,1753660499999,11688.6140,105,2968,8767.7090,0
1753660500000,2.9550,2.9570,2.9550,2.956,8642,1753660559999,25545.3570,146,3535,10452.0730,0
1753660560000,2.9550,2.9600,2.9550,2.958,30811,1753660619999,91146.9930,192,25360,75023.4870,0
1753660620000,2.9580,2.9610,2.9570,2.961,24271,1753660679999,71824.9840,144,13281,39316.5800,0
1753660680000,2.9610,2.9640,2.9580,2.962,47809,1753660739999,141655.6600,204,33948,100600.6210,0
1753660740000,2.9620,2.9630,2.9600,2.963,17475,1753660799999,51762.2750,150,7752,22961.4870,0
1753660800000,2.9620,2.9630,2.9510,2.953,83646,1753660859999,247414.9540,454,22882,67667.4150,0
1753660860000,2.9540,2.9590,2.9530,2.959,49033,1753660919999,144924.0650,317,32921,97317.6030,0
1753660920000,2.9590,2.9620,2.9580,2.96,30566,1753660979999,90471.2110,245,13864,41034.7170,0
1753660980000,2.9590,2.9610,2.9580,2.959,24258,1753661039999,71804.5860,208,8946,26479.1070,0
1753661040000,2.9600,2.9600,2.9550,2.958,25876,1753661099999,76514.0640,167,12959,38316.8830,0
1753661100000,2.9570,2.9610,2.9540,2.96,59525,1753661159999,176077.3540,366,41453,122621.9960,0
1753661160000,2.9600,2.9640,2.9580,2.964,56784,1753661219999,168223.9510,303,38576,114273.4530,0
1753661220000,2.9640,2.9640,2.9610,2.964,46372,1753661279999,137373.2630,269,14919,44201.3920,0
1753661280000,2.9630,2.9670,2.9620,2.965,104091,1753661339999,308664.3130,388,53118,157536.0380,0
1753661340000,2.9650,2.9670,2.9610,2.966,42033,1753661399999,124622.0630,302,27935,82840.9980,0
1753661400000,2.9660,2.9660,2.9610,2.964,33535,1753661459999,99348.1780,356,15567,46113.6680,0
1753661460000,2.9640,2.9680,2.9620,2.968,78204,1753661519999,231876.7500,425,47840,141850.3230,0
1753661520000,2.9670,2.9690,2.9640,2.968,47112,1753661579999,139812.9030,274,35186,104423.7530,0
1753661580000,2.9680,2.9730,2.9650,2.973,61437,1753661639999,182407.7500,305,56544,167888.6620,0
1753661640000,2.9730,2.9780,2.9710,2.976,54316,1753661699999,161544.8540,335,38877,115649.0610,0
1753661700000,2.9770,2.9790,2.9730,2.979,55418,1753661759999,164898.8850,437,24292,72274.3480,0
1753661760000,2.9780,2.9790,2.9730,2.978,79204,1753661819999,235741.2430,528,41697,124102.0720,0
1753661820000,2.9780,2.9860,2.9780,2.984,145339,1753661879999,433394.2020,653,121470,362229.6040,0
1753661880000,2.9840,2.9890,2.9830,2.986,115263,1753661939999,344212.6010,503,64048,191303.7220,0
1753661940000,2.9860,2.9950,2.9860,2.995,131510,1753661999999,393304.4940,621,96181,287642.8740,0
1753662000000,2.9950,2.9950,2.9870,2.991,61908,1753662059999,185151.6340,411,15371,45969.9460,0
1753662060000,2.9910,2.9930,2.9780,2.979,65122,1753662119999,194436.4810,484,29194,87159.4680,0
1753662120000,2.9800,2.9850,2.9760,2.985,55762,1753662179999,166105.8860,388,23632,70410.7170,0
1753662180000,2.9840,2.9880,2.9790,2.983,56514,1753662239999,168677.4480,296,42753,127629.5920,0
1753662240000,2.9830,2.9890,2.9830,2.989,26669,1753662299999,79624.8270,222,20935,62506.5830,0
1753662300000,2.9880,2.9910,2.9840,2.99,28678,1753662359999,85695.9520,278,19604,58585.5320,0
1753662360000,2.9910,2.9920,2.9850,2.987,31256,1753662419999,93428.5770,266,5658,16920.4950,0
1753662420000,2.9870,2.9870,2.9830,2.987,128133,1753662479999,382573.6730,344,75377,225078.5210,0
1753662480000,2.9860,2.9870,2.9830,2.987,52439,1753662539999,156512.3850,256,25206,75243.1180,0
1753662540000,2.9870,2.9870,2.9850,2.987,7451,1753662599999,22248.6690,117,3200,9557.0080,0
1753662600000,2.9860,2.9870,2.9750,2.977,41406,1753662659999,123436.5870,341,16293,48555.9790,0
1753662660000,2.9770,2.9810,2.9750,2.98,24611,1753662719999,73276.5330,348,12161,36207.0510,0
1753662720000,2.9810,2.9850,2.9780,2.978,25148,1753662779999,74972.0690,246,7682,22905.0390,0
1753662780000,2.9780,2.9800,2.9740,2.98,16918,1753662839999,50355.1470,228,9204,27396.5670,0
1753662840000,2.9810,2.9840,2.9780,2.982,18958,1753662899999,56503.5350,237,9263,27603.8770,0
1753662900000,2.9810,2.9830,2.9780,2.982,7762,1753662959999,23138.8370,155,4455,13280.6910,0
1753662960000,2.9820,2.9830,2.9780,2.981,9110,1753663019999,27149.3180,164,1500,4471.4230,0
1753663020000,2.9810,2.9820,2.9770,2.977,29067,1753663079999,86591.3090,224,11376,33893.4330,0
1753663080000,2.9770,2.9780,2.9700,2.971,28987,1753663139999,86184.9770,207,9253,27524.6250,0
1753663140000,2.9710,2.9750,2.9670,2.972,27063,1753663199999,80387.2640,331,14160,42073.0940,0
1753663200000,2.9720,2.9730,2.9670,2.972,29066,1753663259999,86312.0290,215,13009,38628.8480,0
1753663260000,2.9720,2.9750,2.9690,2.969,8529,1753663319999,25350.0700,270,3981,11834.4420,0
1753663320000,2.9700,2.9730,2.9690,2.973,23561,1753663379999,69995.4610,201,18483,54911.7740,0
1753663380000,2.9730,2.9740,2.9650,2.966,47294,1753663439999,140355.9390,257,23335,69273.1450,0
1753663440000,2.9660,2.9660,2.9610,2.963,63643,1753663499999,188566.0510,278,9628,28532.2460,0
1753663500000,2.9630,2.9690,2.9600,2.961,40861,1753663559999,121062.0100,794,9753,28905.5250,0
1753663560000,2.9600,2.9630,2.9540,2.963,60420,1753663619999,178676.6630,462,18034,53349.0120,0
1753663620000,2.9620,2.9640,2.9570,2.958,8636,1753663679999,25572.3840,194,3666,10857.7890,0
1753663680000,2.9570,2.9600,2.9540,2.954,30893,1753663739999,91370.1040,237,6728,19896.9250,0
1753663740000,2.9540,2.9570,2.9530,2.954,39634,1753663799999,117126.2570,257,27616,81597.2360,0
1753663800000,2.9540,2.9560,2.9520,2.952,36281,1753663859999,107193.1010,221,2822,8339.3330,0
1753663860000,2.9520,2.9540,2.9480,2.953,25816,1753663919999,76143.3940,265,14193,41858.7760,0
1753663920000,2.9530,2.9620,2.9530,2.957,78741,1753663979999,232830.7480,389,49121,145215.8200,0
1753663980000,2.9570,2.9610,2.9560,2.96,19724,1753664039999,58365.7310,188,8304,24571.0380,0
1753664040000,2.9600,2.9610,2.9550,2.957,28671,1753664099999,84806.0540,221,23555,69676.1630,0
1753664100000,2.9570,2.9600,2.9530,2.959,9897,1753664159999,29255.2920,259,6323,18693.6420,0
1753664160000,2.9600,2.9600,2.9520,2.954,10619,1753664219999,31368.2770,130,5727,16913.0600,0
1753664220000,2.9530,2.9530,2.9470,2.947,25253,1753664279999,74494.4270,182,3080,9083.9660,0
1753664280000,2.9470,2.9480,2.9440,2.947,81404,1753664339999,239791.9990,275,28165,83012.7650,0
1753664340000,2.9470,2.9490,2.9430,2.943,8170,1753664399999,24070.8250,124,3308,9751.4690,0
1753664400000,2.9430,2.9460,2.9380,2.939,58191,1753664459999,171211.8010,428,37698,110939.9050,0
1753664460000,2.9390,2.9400,2.9360,2.936,37713,1753664519999,110826.3840,258,25544,75080.5900,0
1753664520000,2.9360,2.9370,2.9290,2.93,88820,1753664579999,260557.8940,499,39105,114761.1860,0
1753664580000,2.9300,2.9370,2.9300,2.937,61757,1753664639999,181106.0910,362,53675,157404.3160,0
1753664640000,2.9380,2.9380,2.9330,2.936,22117,1753664699999,64938.8040,202,4440,13036.2920,0
1753664700000,2.9360,2.9400,2.9350,2.939,48787,1753664759999,143310.3260,310,17926,52662.1380,0
1753664760000,2.9400,2.9400,2.9360,2.937,16582,1753664819999,48720.8370,209,6399,18803.5630,0
1753664820000,2.9360,2.9370,2.9330,2.935,21996,1753664879999,64558.9360,213,10255,30098.9790,0
1753664880000,2.9350,2.9350,2.9320,2.934,14066,1753664939999,41264.3260,145,6425,18847.9710,0
1753664940000,2.9350,2.9420,2.9320,2.94,56398,1753664999999,165561.8950,460,38989,114461.6460,0
1753665000000,2.9400,2.9400,2.9340,2.935,32576,1753665059999,95660.9780,208,9930,29152.4520,0
1753665060000,2.9350,2.9360,2.9320,2.932,34950,1753665119999,102559.4960,270,24967,73271.3380,0
1753665120000,2.9310,2.9340,2.9290,2.93,13428,1753665179999,39364.1190,270,6219,18232.1270,0
1753665180000,2.9300,2.9310,2.9270,2.928,23992,1753665239999,70275.8030,201,12469,36527.1820,0
1753665240000,2.9280,2.9300,2.9280,2.929,10866,1753665299999,31821.5030,135,8179,23951.8960,0
1753665300000,2.9290,2.9330,2.9270,2.932,18479,1753665359999,54128.7240,339,8751,25637.5880,0
1753665360000,2.9320,2.9380,2.9320,2.938,39480,1753665419999,115929.6390,271,11863,34830.4260,0
1753665420000,2.9390,2.9390,2.9340,2.937,12721,1753665479999,37358.9390,178,6192,18185.6780,0
1753665480000,2.9360,2.9380,2.9330,2.935,25370,1753665539999,74487.0420,236,19918,58485.8370,0
1753665540000,2.9350,2.9370,2.9340,2.936,5634,1753665599999,16539.2220,97,4680,13739.7590,0
1753665600000,2.9360,2.9410,2.9340,2.935,27656,1753665659999,81219.6110,282,16244,47697.2790,0
1753665660000,2.9340,2.9350,2.9300,2.934,30267,1753665719999,88739.7770,228,15834,46427.1190,0
1753665720000,2.9340,2.9360,2.9330,2.934,13289,1753665779999,38997.4600,154,5724,16797.6310,0
1753665780000,2.9340,2.9380,2.9340,2.935,54661,1753665839999,160454.4700,330,31541,92589.8440,0
1753665840000,2.9350,2.9350,2.9290,2.93,17573,1753665899999,51543.9290,143,4452,13058.6650,0
1753665900000,2.9300,2.9300,2.9220,2.924,24544,1753665959999,71819.3010,255,5733,16776.0480,0
1753665960000,2.9240,2.9260,2.9200,2.921,58077,1753666019999,169798.6820,319,36313,106188.0100,0
1753666020000,2.9220,2.9240,2.9200,2.924,33662,1753666079999,98361.5300,263,19837,57969.7130,0
1753666080000,2.9250,2.9250,2.9210,2.921,7299,1753666139999,21334.7250,143,2361,6901.2570,0
1753666140000,2.9220,2.9270,2.9220,2.925,19088,1753666199999,55835.0890,224,15075,44102.6510,0
1753666200000,2.9240,2.9250,2.9180,2.922,48021,1753666259999,140247.4870,292,17546,51235.9510,0
1753666260000,2.9220,2.9220,2.9180,2.919,17150,1753666319999,50084.8570,181,9736,28435.8330,0
1753666320000,2.9190,2.9200,2.9160,2.917,35862,1753666379999,104640.2320,247,15358,44813.1070,0
1753666380000,2.9170,2.9170,2.9140,2.915,18966,1753666439999,55293.0180,198,8285,24157.4070,0
1753666440000,2.9150,2.9180,2.9140,2.917,21047,1753666499999,61370.7700,207,7170,20911.8790,0
1753666500000,2.9170,2.9200,2.9170,2.918,28023,1753666559999,81766.7380,248,13907,40581.1820,0
1753666560000,2.9180,2.9220,2.9170,2.92,16657,1753666619999,48634.6710,298,14856,43375.7520,0
1753666620000,2.9200,2.9220,2.9180,2.921,12397,1753666679999,36192.1700,164,8894,25964.2660,0
1753666680000,2.9220,2.9220,2.9190,2.92,6414,1753666739999,18729.9680,108,3642,10635.8620,0
1753666740000,2.9200,2.9200,2.9170,2.92,8095,1753666799999,23629.6020,132,6601,19269.1290,0
1753666800000,2.9200,2.9200,2.9170,2.917,13031,1753666859999,38036.7930,142,9530,27818.0120,0
1753666860000,2.9180,2.9180,2.9160,2.916,26083,1753666919999,76075.6460,173,3348,9769.4590,0
1753666920000,2.9170,2.9180,2.9160,2.917,13908,1753666979999,40570.2050,220,9384,27374.0430,0
1753666980000,2.9180,2.9190,2.9140,2.916,28235,1753667039999,82337.8710,228,4936,14395.4530,0
1753667040000,2.9160,2.9180,2.9150,2.916,37607,1753667099999,109695.6610,311,32850,95821.2860,0
1753667100000,2.9170,2.9170,2.9140,2.916,30498,1753667159999,88924.0290,159,4013,11701.0210,0
1753667160000,2.9160,2.9160,2.9100,2.913,42591,1753667219999,124029.5160,766,7287,21226.0350,0
1753667220000,2.9130,2.9150,2.9100,2.911,52442,1753667279999,152705.4930,269,9499,27673.7350,0
1753667280000,2.9120,2.9140,2.9100,2.914,32047,1753667339999,93363.1840,267,26930,78460.7640,0
1753667340000,2.9150,2.9180,2.9140,2.914,12785,1753667399999,37284.3140,183,9518,27757.1870,0
1753667400000,2.9150,2.9150,2.9120,2.914,10168,1753667459999,29621.2710,127,6174,17985.1830,0
1753667460000,2.9140,2.9140,2.9100,2.911,6399,1753667519999,18631.2940,204,1427,4155.8230,0
1753667520000,2.9110,2.9130,2.9100,2.913,12091,1753667579999,35208.6110,279,8809,25650.9900,0
1753667580000,2.9130,2.9150,2.9120,2.915,9687,1753667639999,28224.4850,156,8907,25951.7670,0
1753667640000,2.9150,2.9150,2.9120,2.913,10031,1753667699999,29227.3850,114,4206,12253.8040,0
1753667700000,2.9130,2.9150,2.9120,2.914,43473,1753667759999,126671.1930,160,19421,56589.6730,0
1753667760000,2.9140,2.9150,2.9120,2.914,22342,1753667819999,65079.0250,214,14393,41927.7250,0
1753667820000,2.9140,2.9150,2.9130,2.914,5475,1753667879999,15950.5490,108,1271,3703.4920,0
1753667880000,2.9150,2.9170,2.9140,2.917,9940,1753667939999,28982.4540,197,8471,24701.2460,0
1753667940000,2.9180,2.9190,2.9170,2.918,26656,1753667999999,77777.9480,167,20036,58464.1560,0
1753668000000,2.9180,2.9180,2.9130,2.915,34712,1753668059999,101186.2530,223,16971,49470.4500,0
1753668060000,2.9150,2.9150,2.9100,2.913,305798,1753668119999,890052.3000,454,40319,117411.7440,0
1753668120000,2.9140,2.9140,2.9100,2.913,76576,1753668179999,222933.8910,338,22120,64411.8800,0
1753668180000,2.9130,2.9150,2.9110,2.914,28466,1753668239999,82924.7580,233,19889,57936.6900,0
1753668240000,2.9150,2.9190,2.9140,2.917,16283,1753668299999,47502.1040,174,14146,41267.5210,0
1753668300000,2.9170,2.9170,2.9130,2.913,9148,1753668359999,26668.5170,139,1164,3392.8750,0
1753668360000,2.9120,2.9160,2.9110,2.913,10663,1753668419999,31060.1190,255,7965,23202.3070,0
1753668420000,2.9120,2.9160,2.9120,2.916,15475,1753668479999,45091.5930,189,12509,36451.1880,0
1753668480000,2.9160,2.9170,2.9130,2.915,12437,1753668539999,36248.6840,152,2442,7117.5090,0
1753668540000,2.9150,2.9180,2.9150,2.917,11924,1753668599999,34769.6360,184,8713,25406.5440,0
1753668600000,2.9170,2.9240,2.9170,2.923,18783,1753668659999,54881.2340,272,13330,38945.3080,0
1753668660000,2.9230,2.9270,2.9230,2.925,27326,1753668719999,79932.4930,290,21761,63657.5500,0
1753668720000,2.9250,2.9260,2.9230,2.926,10161,1753668779999,29712.8450,158,8776,25662.9290,0
1753668780000,2.9260,2.9270,2.9240,2.926,33281,1753668839999,97354.1480,193,23261,68044.5980,0
1753668840000,2.9270,2.9270,2.9250,2.927,4102,1753668899999,12001.9960,96,2034,5951.6300,0
1753668900000,2.9270,2.9310,2.9270,2.929,28087,1753668959999,82248.0970,703,24396,71439.8460,0
1753668960000,2.9290,2.9330,2.9290,2.933,11370,1753669019999,33323.9670,198,4879,14301.1170,0
1753669020000,2.9320,2.9390,2.9320,2.938,39969,1753669079999,117332.6420,201,12730,37367.4290,0
1753669080000,2.9380,2.9390,2.9340,2.937,72452,1753669139999,212753.3530,225,53103,155949.8490,0
1753669140000,2.9370,2.9390,2.9360,2.939,8291,1753669199999,24352.5590,122,3780,11103.2670,0
1753669200000,2.9390,2.9400,2.9350,2.938,25066,1753669259999,73625.5330,196,13700,40238.1510,0
1753669260000,2.9380,2.9380,2.9340,2.934,4923,1753669319999,14456.3030,128,1176,3454.6180,0
1753669320000,2.9340,2.9370,2.9330,2.933,27400,1753669379999,80404.6190,152,12015,35260.7510,0
1753669380000,2.9330,2.9360,2.9330,2.933,8449,1753669439999,24793.8400,117,6194,18176.4450,0
1753669440000,2.9340,2.9360,2.9330,2.936,12304,1753669499999,36112.4740,144,6634,19474.0920,0
1753669500000,2.9360,2.9400,2.9360,2.94,14133,1753669559999,41508.6730,185,10689,31396.3710,0
1753669560000,2.9400,2.9410,2.9370,2.941,15796,1753669619999,46420.0970,172,6427,18893.1560,0
1753669620000,2.9400,2.9410,2.9380,2.939,13553,1753669679999,39843.5840,164,8723,25646.8260,0
1753669680000,2.9400,2.9440,2.9390,2.939,26039,1753669739999,76594.7430,233,18700,55009.1770,0
1753669740000,2.9400,2.9450,2.9400,2.945,28930,1753669799999,85131.1980,156,28828,84831.2100,0
1753669800000,2.9440,2.9490,2.9430,2.948,63512,1753669859999,187012.4050,298,22825,67227.7160,0
1753669860000,2.9480,2.9610,2.9470,2.96,46955,1753669919999,138732.7630,441,33354,98562.7620,0
1753669920000,2.9600,2.9640,2.9570,2.963,100595,1753669979999,297765.3910,450,31754,93981.5080,0
1753669980000,2.9630,2.9720,2.9620,2.964,136048,1753670039999,403556.3320,677,85369,253217.7160,0
1753670040000,2.9640,2.9720,2.9640,2.971,45311,1753670099999,134492.3000,272,33799,100299.9570,0
1753670100000,2.9710,2.9740,2.9670,2.97,67003,1753670159999,199016.1890,410,32218,95703.1950,0
1753670160000,2.9700,2.9750,2.9690,2.975,36934,1753670219999,109730.1430,378,17913,53237.3450,0
1753670220000,2.9750,2.9790,2.9700,2.972,98361,1753670279999,292585.1800,483,27282,81177.5900,0
1753670280000,2.9720,2.9720,2.9600,2.962,111972,1753670339999,331987.8870,591,49053,145374.9000,0
1753670340000,2.9620,2.9650,2.9600,2.962,65509,1753670399999,194009.4200,322,17446,51681.9540,0
1753670400000,2.9620,2.9640,2.9590,2.964,50788,1753670459999,150454.1060,279,35695,105753.3230,0
1753670460000,2.9630,2.9640,2.9580,2.96,26021,1753670519999,77032.5050,296,6044,17895.6400,0
1753670520000,2.9600,2.9640,2.9600,2.964,23675,1753670579999,70124.0650,349,19784,58598.2900,0
1753670580000,2.9640,2.9700,2.9640,2.966,60845,1753670639999,180545.0880,324,36503,108314.4510,0
1753670640000,2.9650,2.9690,2.9650,2.968,30548,1753670699999,90636.8600,242,7617,22599.0470,0
1753670700000,2.9670,2.9700,2.9630,2.966,33027,1753670759999,97948.2360,684,11435,33919.7670,0
1753670760000,2.9660,2.9720,2.9650,2.967,25833,1753670819999,76677.1740,314,10273,30494.7460,0
1753670820000,2.9680,2.9680,2.9640,2.966,28098,1753670879999,83354.8890,266,18865,55972.3420,0
1753670880000,2.9660,2.9690,2.9650,2.969,20341,1753670939999,60352.7930,232,11401,33827.4850,0
1753670940000,2.9700,2.9710,2.9630,2.966,44670,1753670999999,132462.9970,228,25605,75917.2740,0
1753671000000,2.9660,2.9660,2.9620,2.965,25172,1753671059999,74598.8890,191,7581,22472.2250,0
1753671060000,2.9650,2.9650,2.9610,2.961,6376,1753671119999,18890.1750,155,2471,7321.8230,0
1753671120000,2.9620,2.9630,2.9600,2.961,12160,1753671179999,36013.1020,141,4014,11889.0190,0
1753671180000,2.9610,2.9620,2.9590,2.959,16732,1753671239999,49536.7790,189,4306,12748.2420,0
1753671240000,2.9590,2.9610,2.9560,2.956,35981,1753671299999,106476.8990,279,24885,73647.3310,0
1753671300000,2.9570,2.9570,2.9540,2.955,8795,1753671359999,25993.2070,185,3792,11207.9250,0
1753671360000,2.9560,2.9600,2.9540,2.958,42384,1753671419999,125317.0260,348,24715,73095.8100,0
1753671420000,2.9580,2.9600,2.9570,2.958,29802,1753671479999,88171.5560,176,8088,23928.0350,0
1753671480000,2.9580,2.9610,2.9560,2.96,70622,1753671539999,208899.8590,173,66228,195902.5000,0
1753671540000,2.9600,2.9620,2.9590,2.961,9125,1753671599999,27006.4980,106,6525,19309.2070,0
1753671600000,2.9620,2.9660,2.9620,2.964,18565,1753671659999,55033.7950,362,11737,34796.7360,0
1753671660000,2.9640,2.9640,2.9600,2.964,14173,1753671719999,41978.5840,228,6202,18365.3690,0
1753671720000,2.9630,2.9670,2.9630,2.967,9891,1753671779999,29321.1480,191,6719,19920.4000,0
1753671780000,2.9670,2.9680,2.9630,2.965,12994,1753671839999,38541.8830,169,9143,27124.3070,0
1753671840000,2.9650,2.9660,2.9610,2.962,34530,1753671899999,102381.5160,223,13314,39479.6960,0
1753671900000,2.9620,2.9630,2.9600,2.96,6155,1753671959999,18235.5440,150,5067,15012.9560,0
1753671960000,2.9600,2.9620,2.9580,2.961,13168,1753672019999,38978.8650,194,6216,18402.5020,0
1753672020000,2.9620,2.9630,2.9580,2.963,17890,1753672079999,52981.9950,179,5479,16223.9800,0
1753672080000,2.9620,2.9620,2.9590,2.96,14651,1753672139999,43380.5080,135,2781,8234.2880,0
1753672140000,2.9600,2.9600,2.9530,2.954,10690,1753672199999,31603.0160,158,899,2658.2700,0
1753672200000,2.9540,2.9540,2.9480,2.948,12830,1753672259999,37861.2580,202,2657,7842.6050,0
1753672260000,2.9490,2.9510,2.9460,2.948,19077,1753672319999,56227.3490,166,14514,42775.3350,0
1753672320000,2.9470,2.9500,2.9460,2.949,17779,1753672379999,52406.3420,178,7631,22494.0570,0
1753672380000,2.9500,2.9510,2.9470,2.95,6766,1753672439999,19952.0720,112,3255,9599.4220,0
1753672440000,2.9500,2.9500,2.9470,2.948,21700,1753672499999,64003.9790,103,5489,16185.6610,0
1753672500000,2.9480,2.9500,2.9470,2.949,6460,1753672559999,19046.3870,103,3782,11151.9490,0
1753672560000,2.9490,2.9540,2.9490,2.953,38860,1753672619999,114729.9920,308,19967,58942.0060,0
1753672620000,2.9530,2.9530,2.9460,2.947,15956,1753672679999,47055.8280,167,2793,8230.7510,0
1753672680000,2.9460,2.9480,2.9440,2.947,9601,1753672739999,28283.0090,119,3057,9007.0810,0
1753672740000,2.9480,2.9500,2.9480,2.948,7467,1753672799999,22016.6020,132,4743,13985.5810,0
1753672800000,2.9490,2.9510,2.9460,2.946,45046,1753672859999,132814.9420,195,23166,68332.0230,0
1753672860000,2.9460,2.9490,2.9450,2.947,9834,1753672919999,28982.4070,175,6110,18008.5680,0
1753672920000,2.9460,2.9480,2.9450,2.947,14859,1753672979999,43780.2480,102,11390,33560.5800,0
1753672980000,2.9470,2.9470,2.9440,2.947,7841,1753673039999,23090.6490,136,3938,11598.3630,0
1753673040000,2.9460,2.9480,2.9450,2.946,5702,1753673099999,16801.4080,121,3340,9841.9430,0
1753673100000,2.9470,2.9470,2.9430,2.945,13984,1753673159999,41179.0360,129,2682,7896.5510,0
1753673160000,2.9460,2.9460,2.9430,2.944,4743,1753673219999,13965.8610,118,2031,5980.8680,0
1753673220000,2.9430,2.9440,2.9410,2.942,10996,1753673279999,32348.0420,159,2075,6104.7400,0
1753673280000,2.9410,2.9440,2.9390,2.942,23637,1753673339999,69529.9480,267,13366,39317.1970,0
1753673340000,2.9430,2.9450,2.9420,2.942,15880,1753673399999,46748.6040,149,13249,39004.7960,0
1753673400000,2.9420,2.9440,2.9410,2.944,11544,1753673459999,33966.1460,635,6381,18775.5950,0
1753673460000,2.9450,2.9460,2.9430,2.945,9898,1753673519999,29145.1400,170,8823,25979.6550,0
1753673520000,2.9450,2.9510,2.9450,2.95,23542,1753673579999,69420.9840,228,17296,51002.4060,0
1753673580000,2.9490,2.9520,2.9490,2.95,13608,1753673639999,40153.7150,136,8565,25274.8830,0
1753673640000,2.9500,2.9520,2.9490,2.951,8445,1753673699999,24913.9640,125,7456,21996.4240,0
1753673700000,2.9510,2.9570,2.9500,2.957,31040,1753673759999,91674.3180,271,25970,76692.0260,0
1753673760000,2.9570,2.9580,2.9520,2.952,15667,1753673819999,46308.4800,183,3479,10285.6370,0
1753673820000,2.9520,2.9560,2.9520,2.954,8457,1753673879999,24983.3330,169,7631,22542.7240,0
1753673880000,2.9550,2.9580,2.9520,2.953,8968,1753673939999,26499.0530,164,2788,8240.7190,0
1753673940000,2.9520,2.9520,2.9480,2.949,6775,1753673999999,19986.5630,127,2751,8115.2740,0
1753674000000,2.9490,2.9510,2.9480,2.949,11719,1753674059999,34559.2820,97,3125,9216.4760,0
1753674060000,2.9500,2.9510,2.9450,2.948,16724,1753674119999,49285.4830,173,2619,7716.8350,0
1753674120000,2.9480,2.9490,2.9470,2.947,6050,1753674179999,17832.8300,125,2817,8304.6020,0
1753674180000,2.9470,2.9480,2.9460,2.947,2964,1753674239999,8734.7520,85,1365,4022.6660,0
1753674240000,2.9470,2.9480,2.9460,2.947,4699,1753674299999,13847.7360,79,2852,8404.8620,0
1753674300000,2.9470,2.9510,2.9460,2.949,8178,1753674359999,24114.3250,237,7253,21385.8570,0
1753674360000,2.9490,2.9520,2.9480,2.952,5044,1753674419999,14883.2020,104,1352,3989.6450,0
1753674420000,2.9520,2.9560,2.9510,2.955,39357,1753674479999,116220.6410,224,33558,99090.7870,0
1753674480000,2.9560,2.9570,2.9550,2.956,9338,1753674539999,27602.0510,150,8160,24120.5560,0
1753674540000,2.9570,2.9600,2.9570,2.959,3378,1753674599999,9991.9110,88,3264,9654.6520,0
1753674600000,2.9590,2.9590,2.9560,2.957,7587,1753674659999,22440.0560,119,4543,13436.3600,0
1753674660000,2.9570,2.9600,2.9570,2.958,13406,1753674719999,39661.0610,140,9774,28916.8500,0
1753674720000,2.9590,2.9600,2.9580,2.959,2491,1753674779999,7370.0610,61,2139,6328.8320,0
1753674780000,2.9580,2.9590,2.9570,2.958,8745,1753674839999,25873.7300,74,2246,6644.1480,0
1753674840000,2.9580,2.9580,2.9550,2.957,3216,1753674899999,9507.7120,59,1201,3550.5520,0
1753674900000,2.9560,2.9570,2.9550,2.955,4681,1753674959999,13840.5070,86,3018,8924.0890,0
1753674960000,2.9560,2.9570,2.9530,2.954,3161,1753675019999,9340.9880,76,1041,3077.0670,0
1753675020000,2.9540,2.9570,2.9540,2.954,4734,1753675079999,13992.4630,157,3384,10002.8830,0
1753675080000,2.9540,2.9560,2.9530,2.956,11055,1753675139999,32658.1410,104,8620,25464.4580,0
1753675140000,2.9560,2.9580,2.9550,2.957,10475,1753675199999,30967.0090,145,9903,29276.5470,0
1753675200000,2.9580,2.9590,2.9560,2.957,23839,1753675259999,70491.3120,260,13214,39072.1960,0
1753675260000,2.9580,2.9610,2.9560,2.961,27320,1753675319999,80826.8590,223,21444,63449.6190,0
1753675320000,2.9600,2.9640,2.9590,2.96,19198,1753675379999,56863.7690,209,9423,27909.2000,0
1753675380000,2.9590,2.9600,2.9550,2.957,10816,1753675439999,31979.3230,168,5572,16473.9160,0
1753675440000,2.9570,2.9590,2.9560,2.958,14134,1753675499999,41806.8160,150,9854,29148.9020,0
1753675500000,2.9590,2.9600,2.9540,2.955,35595,1753675559999,105275.2880,219,12812,37903.1980,0
1753675560000,2.9550,2.9590,2.9540,2.958,33523,1753675619999,99148.6490,238,30878,91329.4360,0
1753675620000,2.9570,2.9590,2.9540,2.954,21708,1753675679999,64143.4660,157,4898,14476.9720,0
1753675680000,2.9560,2.9570,2.9510,2.951,6592,1753675739999,19475.1710,134,1486,4392.6780,0
1753675740000,2.9510,2.9520,2.9490,2.95,7465,1753675799999,22025.6080,154,2719,8022.2000,0
1753675800000,2.9490,2.9510,2.9470,2.948,11644,1753675859999,34345.6810,155,9530,28111.9580,0
1753675860000,2.9480,2.9520,2.9480,2.949,18120,1753675919999,53451.9020,259,7576,22350.4360,0
1753675920000,2.9490,2.9520,2.9480,2.95,14366,1753675979999,42374.4990,145,10637,31374.2300,0
1753675980000,2.9500,2.9510,2.9480,2.949,4881,1753676039999,14397.6140,89,2383,7028.7250,0
1753676040000,2.9490,2.9490,2.9430,2.944,34070,1753676099999,100362.4400,164,2145,6321.5760,0
1753676100000,2.9440,2.9440,2.9400,2.94,16124,1753676159999,47440.9200,191,5228,15386.1520,0
1753676160000,2.9410,2.9410,2.9360,2.937,24123,1753676219999,70887.1020,172,4978,14631.3280,0
1753676220000,2.9370,2.9400,2.9340,2.934,37605,1753676279999,110448.4310,251,17048,50102.0090,0
1753676280000,2.9350,2.9370,2.9340,2.935,17671,1753676339999,51890.5790,142,11201,32890.4860,0
1753676340000,2.9360,2.9370,2.9340,2.936,39964,1753676399999,117310.1530,186,11395,33461.6210,0
1753676400000,2.9360,2.9370,2.9340,2.935,21523,1753676459999,63188.1500,151,4239,12445.5850,0
1753676460000,2.9350,2.9370,2.9350,2.936,10525,1753676519999,30895.1580,123,4820,14150.2810,0
1753676520000,2.9360,2.9380,2.9350,2.938,5933,1753676579999,17420.0350,89,2879,8453.4510,0
1753676580000,2.9380,2.9390,2.9360,2.937,15298,1753676639999,44933.3390,145,4669,13715.8790,0
1753676640000,2.9370,2.9470,2.9370,2.944,279530,1753676699999,822632.1190,1075,161914,476458.1970,0
1753676700000,2.9440,2.9550,2.9440,2.954,130110,1753676759999,383618.1980,615,79393,234109.5120,0
1753676760000,2.9540,2.9550,2.9500,2.951,36170,1753676819999,106821.5060,271,10278,30352.5840,0
1753676820000,2.9510,2.9610,2.9510,2.96,49227,1753676879999,145551.2350,358,32660,96566.6100,0
1753676880000,2.9590,2.9650,2.9590,2.965,29916,1753676939999,88609.9030,232,23958,70958.9460,0
1753676940000,2.9650,2.9760,2.9650,2.969,101277,1753676999999,300887.6280,521,73827,219295.2250,0
1753677000000,2.9700,2.9700,2.9650,2.966,58823,1753677059999,174505.4780,309,10099,29966.1300,0
1753677060000,2.9650,2.9680,2.9620,2.962,27032,1753677119999,80172.6980,184,9289,27556.4270,0
1753677120000,2.9620,2.9630,2.9580,2.959,23524,1753677179999,69654.8750,260,11367,33658.4340,0
1753677180000,2.9600,2.9600,2.9570,2.96,42705,1753677239999,126332.9800,274,22834,67550.7050,0
1753677240000,2.9600,2.9690,2.9590,2.965,22309,1753677299999,66120.6460,296,6345,18800.1780,0
1753677300000,2.9640,2.9640,2.9590,2.96,7145,1753677359999,21160.2680,165,2911,8620.1380,0
1753677360000,2.9610,2.9680,2.9610,2.966,13429,1753677419999,39840.4930,210,5965,17689.5430,0
1753677420000,2.9660,2.9700,2.9650,2.97,17870,1753677479999,53007.8160,187,12725,37747.3550,0
1753677480000,2.9690,2.9710,2.9680,2.971,11987,1753677539999,35599.8230,122,6820,20258.4680,0
1753677540000,2.9720,2.9720,2.9680,2.969,45148,1753677599999,134117.9640,236,15293,45426.5820,0
1753677600000,2.9690,2.9720,2.9680,2.971,7931,1753677659999,23551.8920,163,4437,13176.3520,0
1753677660000,2.9710,2.9800,2.9710,2.979,82937,1753677719999,246807.7000,454,68629,204201.6900,0
1753677720000,2.9780,2.9850,2.9770,2.985,90978,1753677779999,271065.2500,396,37584,112030.3680,0
1753677780000,2.9840,2.9850,2.9780,2.98,33741,1753677839999,100589.8440,274,6563,19575.1270,0
1753677840000,2.9800,2.9830,2.9790,2.981,72541,1753677899999,216226.1370,316,35128,104740.1950,0
1753677900000,2.9810,2.9840,2.9780,2.981,40759,1753677959999,121522.1150,730,10595,31595.8190,0
1753677960000,2.9810,2.9810,2.9760,2.977,24077,1753678019999,71734.6510,200,10716,31926.6450,0
1753678020000,2.9770,2.9780,2.9750,2.978,34443,1753678079999,102513.0850,151,21038,62610.5310,0
1753678080000,2.9780,2.9820,2.9770,2.981,67929,1753678139999,202379.3500,330,59442,177104.7070,0
1753678140000,2.9820,2.9830,2.9780,2.982,26377,1753678199999,78616.0150,249,6866,20466.8630,0
1753678200000,2.9820,2.9830,2.9760,2.978,20163,1753678259999,60067.4710,188,9245,27536.0990,0
1753678260000,2.9780,2.9780,2.9760,2.978,17186,1753678319999,51162.5910,137,3851,11465.3240,0
1753678320000,2.9780,2.9840,2.9780,2.983,28166,1753678379999,83968.5840,226,18696,55731.9650,0
1753678380000,2.9820,2.9840,2.9810,2.981,13835,1753678439999,41259.4870,123,2847,8490.2630,0
1753678440000,2.9810,2.9810,2.9770,2.979,18439,1753678499999,54917.1810,139,4514,13449.7890,0
1753678500000,2.9790,2.9820,2.9760,2.979,11997,1753678559999,35741.8340,174,6759,20135.6010,0
1753678560000,2.9800,2.9840,2.9790,2.982,44129,1753678619999,131591.1980,213,43437,129527.7600,0
1753678620000,2.9820,2.9850,2.9820,2.984,18018,1753678679999,53776.8050,119,14603,43587.1370,0
1753678680000,2.9840,2.9860,2.9840,2.986,16905,1753678739999,50455.4540,164,8002,23888.2540,0
1753678740000,2.9860,2.9880,2.9850,2.985,10230,1753678799999,30553.8100,144,4636,13849.8560,0
1753678800000,2.9850,2.9880,2.9850,2.986,42755,1753678859999,127694.2600,354,28318,84572.2990,0
1753678860000,2.9860,2.9890,2.9830,2.984,48942,1753678919999,146159.2430,275,21426,64010.7520,0
1753678920000,2.9850,2.9870,2.9840,2.987,12113,1753678979999,36163.9460,196,9481,28307.4000,0
1753678980000,2.9870,2.9870,2.9830,2.987,31577,1753679039999,94266.8390,202,22945,68496.5170,0
1753679040000,2.9860,2.9870,2.9840,2.985,20025,1753679099999,59772.4660,231,12158,36288.5610,0
1753679100000,2.9840,2.9870,2.9820,2.982,31530,1753679159999,94077.9220,234,4913,14658.7110,0
1753679160000,2.9820,2.9830,2.9780,2.983,13263,1753679219999,39533.3160,195,3776,11257.6090,0
1753679220000,2.9830,2.9840,2.9820,2.983,12310,1753679279999,36716.1020,166,5199,15506.8900,0
1753679280000,2.9820,2.9880,2.9820,2.988,38189,1753679339999,114023.8280,191,37312,111406.0490,0
1753679340000,2.9870,2.9880,2.9840,2.985,7655,1753679399999,22859.4720,145,2904,8672.1560,0
1753679400000,2.9850,2.9880,2.9840,2.986,46866,1753679459999,139906.4480,283,16428,49057.7560,0
1753679460000,2.9860,2.9900,2.9850,2.988,26669,1753679519999,79677.6390,237,11284,33712.8370,0
1753679520000,2.9880,2.9900,2.9870,2.988,26778,1753679579999,80028.3920,210,13508,40369.4330,0
1753679580000,2.9880,2.9930,2.9880,2.992,28459,1753679639999,85113.5550,236,15654,46816.5620,0
1753679640000,2.9910,2.9940,2.9910,2.993,41467,1753679699999,124082.9120,172,27986,83743.7810,0
1753679700000,2.9940,2.9960,2.9930,2.996,37759,1753679759999,113096.4600,328,32959,98725.2090,0
1753679760000,2.9970,3.0020,2.9970,3.001,72629,1753679819999,217841.8980,424,58654,175939.1250,0
1753679820000,3.0010,3.0030,2.9980,3.003,84448,1753679879999,253420.3600,478,38466,115469.0010,0
1753679880000,3.0020,3.0040,3.0000,3.002,52746,1753679939999,158356.6310,367,16006,48059.8140,0
1753679940000,3.0030,3.0050,3.0010,3.003,55753,1753679999999,167397.4740,324,38283,114947.8110,0
1753680000000,3.0020,3.0090,3.0020,3.007,52299,1753680059999,157232.3560,519,20606,61946.7960,0
1753680060000,3.0060,3.0060,3.0010,3.006,77110,1753680119999,231639.0290,342,43262,129966.7750,0
1753680120000,3.0060,3.0090,3.0040,3.007,92631,1753680179999,278579.6450,363,54952,165279.4630,0
1753680180000,3.0060,3.0080,3.0030,3.006,63330,1753680239999,190284.1560,279,16171,48601.0220,0
1753680240000,3.0060,3.0110,3.0050,3.008,42216,1753680299999,126992.0270,311,24101,72499.6840,0
1753680300000,3.0070,3.0080,3.0010,3.006,37242,1753680359999,111855.2130,269,21303,63972.1290,0
1753680360000,3.0060,3.0090,3.0060,3.008,14773,1753680419999,44415.6750,155,8197,24644.7190,0
1753680420000,3.0080,3.0120,3.0070,3.011,61097,1753680479999,183839.9830,349,31657,95272.4950,0
1753680480000,3.0110,3.0120,3.0060,3.01,57276,1753680539999,172289.6620,261,18294,55026.7260,0
1753680540000,3.0100,3.0100,3.0080,3.01,26588,1753680599999,80010.0840,168,17142,51589.5200,0
1753680600000,3.0100,3.0140,3.0090,3.01,61701,1753680659999,185777.0840,374,34265,103173.2610,0
1753680660000,3.0100,3.0100,2.9990,3.0,62866,1753680719999,188793.0580,541,7724,23199.9530,0
1753680720000,3.0000,3.0050,2.9990,3.004,61627,1753680779999,185081.3250,406,43179,129671.9030,0
1753680780000,3.0050,3.0050,3.0010,3.004,32917,1753680839999,98871.9420,275,22368,67192.5090,0
1753680840000,3.0040,3.0060,3.0020,3.006,54309,1753680899999,163159.9140,267,38742,116402.1350,0
1753680900000,3.0060,3.0070,3.0010,3.003,17149,1753680959999,51519.8950,189,5837,17531.8550,0
1753680960000,3.0030,3.0060,3.0000,3.0,46251,1753681019999,138962.9660,293,25015,75170.3680,0
1753681020000,3.0000,3.0010,2.9960,2.998,20831,1753681079999,62461.2270,212,9022,27054.6560,0
1753681080000,2.9990,3.0010,2.9980,3.001,59970,1753681139999,179892.5230,260,45808,137411.9520,0
1753681140000,3.0010,3.0010,2.9940,2.995,60596,1753681199999,181656.9060,320,29672,88943.3990,0
1753681200000,2.9950,2.9990,2.9920,2.998,81035,1753681259999,242878.0340,399,57935,173644.2890,0
1753681260000,2.9980,3.0040,2.9980,3.004,44428,1753681319999,133302.3940,266,30322,90980.8500,0
1753681320000,3.0040,3.0090,3.0030,3.008,36083,1753681379999,108462.1080,237,31297,94082.2430,0
1753681380000,3.0080,3.0100,3.0050,3.007,54425,1753681439999,163746.4060,183,34593,104087.7530,0
1753681440000,3.0070,3.0070,3.0010,3.003,10441,1753681499999,31366.5150,136,3991,11988.5280,0
1753681500000,3.0030,3.0040,2.9980,2.998,33533,1753681559999,100609.4050,658,9895,29689.2470,0
1753681560000,2.9990,3.0000,2.9950,3.0,18785,1753681619999,56291.2670,206,5023,15055.7670,0
1753681620000,3.0000,3.0010,2.9970,2.999,34132,1753681679999,102392.6750,200,16447,49347.6720,0
1753681680000,2.9990,3.0040,2.9950,3.004,46305,1753681739999,138835.7740,266,26995,80957.6190,0
1753681740000,3.0040,3.0090,3.0040,3.009,32499,1753681799999,97678.0530,221,5520,16595.5310,0
1753681800000,3.0080,3.0080,3.0030,3.007,30054,1753681859999,90338.4140,179,7964,23936.4910,0
1753681860000,3.0080,3.0100,3.0070,3.008,13180,1753681919999,39644.8250,137,4344,13068.7700,0
1753681920000,3.0080,3.0100,3.0070,3.008,18732,1753681979999,56346.4500,136,7171,21568.4870,0
1753681980000,3.0080,3.0110,3.0050,3.009,41934,1753682039999,126121.1280,200,25415,76452.7980,0
1753682040000,3.0100,3.0110,3.0080,3.009,35850,1753682099999,107889.9400,176,14979,45083.4080,0
1753682100000,3.0080,3.0080,3.0060,3.008,11572,1753682159999,34793.2250,109,5483,16484.2640,0
1753682160000,3.0080,3.0090,3.0070,3.007,8198,1753682219999,24657.0140,110,3298,9920.8180,0
1753682220000,3.0070,3.0080,3.0060,3.008,18320,1753682279999,55087.6930,117,2104,6327.1730,0
1753682280000,3.0080,3.0090,3.0060,3.007,25260,1753682339999,75970.4080,150,6963,20943.7460,0
1753682340000,3.0070,3.0070,3.0010,3.003,35049,1753682399999,105257.4830,204,10431,31340.2770,0
1753682400000,3.0030,3.0050,3.0010,3.003,14182,1753682459999,42585.0580,248,7996,24011.8390,0
1753682460000,3.0040,3.0080,3.0030,3.007,15874,1753682519999,47707.0090,264,9229,27740.1470,0
1753682520000,3.0060,3.0080,3.0040,3.005,10506,1753682579999,31579.2830,206,5003,15038.5240,0
1753682580000,3.0030,3.0050,3.0030,3.003,9323,1753682639999,28000.5330,111,3431,10305.2400,0
1753682640000,3.0040,3.0080,3.0030,3.007,28989,1753682699999,87142.9520,219,14011,42113.2580,0
1753682700000,3.0070,3.0070,3.0040,3.006,15192,1753682759999,45662.1120,133,7746,23287.7270,0
1753682760000,3.0060,3.0060,3.0010,3.001,26959,1753682819999,80941.9970,153,3454,10370.7760,0
1753682820000,3.0010,3.0040,3.0010,3.002,7967,1753682879999,23916.4540,131,2862,8593.3790,0
1753682880000,3.0020,3.0030,3.0000,3.002,5472,1753682939999,16424.5540,80,2343,7033.3090,0
1753682940000,3.0020,3.0050,3.0010,3.001,10776,1753682999999,32354.9490,166,2591,7780.5230,0
1753683000000,3.0020,3.0020,2.9990,3.001,26017,1753683059999,78055.7880,184,4952,14858.7910,0
1753683060000,3.0000,3.0010,2.9970,2.999,18847,1753683119999,56518.0190,149,7119,21353.7080,0
1753683120000,2.9990,3.0020,2.9990,3.0,24458,1753683179999,73370.4330,173,7118,21354.0600,0
1753683180000,3.0000,3.0070,3.0000,3.006,35215,1753683239999,105786.2520,199,24517,73664.9250,0
1753683240000,3.0070,3.0090,3.0070,3.008,15656,1753683299999,47090.5820,169,10014,30119.6020,0
1753683300000,3.0080,3.0080,3.0040,3.006,26284,1753683359999,79000.3350,190,14499,43579.1080,0
1753683360000,3.0060,3.0090,3.0060,3.007,23410,1753683419999,70422.6800,208,5390,16212.0370,0
1753683420000,3.0080,3.0080,3.0010,3.003,18366,1753683479999,55168.1680,191,2686,8070.0900,0
1753683480000,3.0030,3.0050,3.0010,3.002,39883,1753683539999,119746.5590,185,3603,10821.9150,0
1753683540000,3.0020,3.0040,2.9970,2.998,22749,1753683599999,68231.0510,209,7955,23861.3950,0
1753683600000,2.9970,2.9980,2.9960,2.998,30542,1753683659999,91527.6960,207,4940,14806.5770,0
1753683660000,2.9970,2.9980,2.9940,2.995,65864,1753683719999,197272.6180,340,13578,40671.8600,0
1753683720000,2.9950,2.9970,2.9930,2.995,15615,1753683779999,46750.2100,167,8402,25158.9280,0
1753683780000,2.9950,2.9980,2.9930,2.993,20880,1753683839999,62563.1800,194,6116,18331.8150,0
1753683840000,2.9930,2.9970,2.9920,2.994,19498,1753683899999,58381.6100,189,10986,32899.5070,0
1753683900000,2.9940,2.9950,2.9930,2.994,21321,1753683959999,63837.7050,116,10887,32598.6640,0
1753683960000,2.9930,2.9970,2.9930,2.997,31831,1753684019999,95366.3840,239,21520,64488.5150,0
1753684020000,2.9970,2.9970,2.9940,2.996,12414,1753684079999,37192.5480,111,1989,5959.4470,0
1753684080000,2.9960,2.9960,2.9920,2.992,25072,1753684139999,75073.7970,126,1719,5147.5260,0
1753684140000,2.9930,2.9940,2.9900,2.99,22781,1753684199999,68184.8260,183,13436,40226.5910,0
1753684200000,2.9900,2.9900,2.9860,2.988,54749,1753684259999,163559.0300,283,7425,22184.1890,0
1753684260000,2.9890,2.9910,2.9850,2.988,28865,1753684319999,86262.0010,197,12879,38488.3090,0
1753684320000,2.9880,2.9880,2.9860,2.986,6986,1753684379999,20863.1090,119,1653,4937.0170,0
1753684380000,2.9870,2.9880,2.9850,2.986,14166,1753684439999,42305.9710,151,5556,16594.0580,0
1753684440000,2.9850,2.9880,2.9850,2.988,11030,1753684499999,32941.3900,136,8510,25417.4590,0
1753684500000,2.9870,2.9890,2.9860,2.989,6191,1753684559999,18494.6350,133,1264,3776.5030,0
1753684560000,2.9880,2.9910,2.9870,2.991,7100,1753684619999,21222.8350,229,5082,15192.5790,0
1753684620000,2.9910,2.9950,2.9900,2.991,22993,1753684679999,68812.5040,196,12244,36644.0550,0
1753684680000,2.9900,2.9910,2.9870,2.987,27679,1753684739999,82729.3830,225,8584,25667.4900,0
1753684740000,2.9880,2.9930,2.9870,2.993,23542,1753684799999,70407.7720,175,17759,53107.8020,0
1753684800000,2.9930,2.9930,2.9870,2.99,19577,1753684859999,58551.4190,161,6090,18207.4530,0
1753684860000,2.9900,2.9930,2.9890,2.99,46670,1753684919999,139613.2920,262,24676,73817.5680,0
1753684920000,2.9900,2.9910,2.9870,2.989,8427,1753684979999,25190.8420,182,3514,10504.7450,0
1753684980000,2.9890,2.9890,2.9850,2.986,17924,1753685039999,53543.0260,174,4699,14041.7600,0
1753685040000,2.9870,2.9870,2.9830,2.984,31306,1753685099999,93443.6820,180,8679,25908.1460,0
1753685100000,2.9840,2.9880,2.9840,2.986,26620,1753685159999,79490.5360,242,19172,57253.7830,0
1753685160000,2.9870,2.9890,2.9870,2.989,21251,1753685219999,63481.8920,168,4614,13783.5380,0
1753685220000,2.9880,2.9910,2.9880,2.991,7951,1753685279999,23771.2280,126,7701,23024.0430,0
1753685280000,2.9910,2.9950,2.9900,2.99,22866,1753685339999,68436.2400,203,14029,41987.0920,0
1753685340000,2.9910,2.9950,2.9900,2.995,15470,1753685399999,46282.9800,141,15176,45403.5830,0
1753685400000,2.9950,2.9990,2.9950,2.999,6238,1753685459999,18696.5100,133,5155,15450.7690,0
1753685460000,2.9990,3.0010,2.9970,3.0,8374,1753685519999,25113.2770,138,5070,15206.8930,0
1753685520000,3.0000,3.0010,2.9970,3.001,18154,1753685579999,54422.2990,140,4443,13325.3230,0
1753685580000,3.0010,3.0020,2.9990,3.0,15703,1753685639999,47103.3240,151,4277,12832.1540,0
1753685640000,3.0000,3.0050,3.0000,3.005,31205,1753685699999,93710.3010,238,26830,80574.6440,0
1753685700000,3.0040,3.0070,3.0020,3.004,8234,1753685759999,24738.5180,163,3645,10952.0900,0
1753685760000,3.0040,3.0070,3.0040,3.007,40759,1753685819999,122482.3150,233,31489,94621.7520,0
1753685820000,3.0070,3.0070,3.0030,3.003,23726,1753685879999,71290.4560,151,2913,8754.2810,0
1753685880000,3.0030,3.0050,3.0020,3.004,44024,1753685939999,132212.4070,123,31124,93472.0010,0
1753685940000,3.0040,3.0050,3.0030,3.005,21484,1753685999999,64532.6060,118,15784,47412.7650,0
1753686000000,3.0050,3.0060,3.0020,3.003,43671,1753686059999,131192.9860,316,12977,39000.3030,0
1753686060000,3.0030,3.0050,3.0010,3.004,49372,1753686119999,148250.8240,256,26305,78969.1020,0
1753686120000,3.0050,3.0060,2.9990,3.0,32362,1753686179999,97204.4850,227,14533,43659.0860,0
1753686180000,3.0000,3.0000,2.9940,2.995,28155,1753686239999,84355.3370,226,7448,22314.9900,0
1753686240000,2.9950,2.9950,2.9920,2.993,27985,1753686299999,83768.6090,176,12489,37389.0890,0
1753686300000,2.9930,2.9960,2.9910,2.993,15738,1753686359999,47114.5730,196,7124,21326.5600,0
1753686360000,2.9930,2.9950,2.9910,2.993,26955,1753686419999,80671.1970,190,4069,12181.5240,0
1753686420000,2.9920,2.9930,2.9850,2.986,35800,1753686479999,106988.8620,295,5937,17747.7140,0
1753686480000,2.9860,2.9920,2.9830,2.983,54351,1753686539999,162358.1270,362,23346,69765.6730,0
1753686540000,2.9830,2.9830,2.9760,2.983,73123,1753686599999,217847.6920,513,28138,83821.6560,0
1753686600000,2.9820,2.9870,2.9820,2.987,40432,1753686659999,120686.7110,251,18341,54746.7830,0
1753686660000,2.9870,2.9870,2.9770,2.979,112747,1753686719999,336026.1560,476,11723,34933.9720,0
1753686720000,2.9790,2.9830,2.9780,2.979,39681,1753686779999,118273.8680,235,21363,63690.5960,0
1753686780000,2.9790,2.9840,2.9790,2.984,31658,1753686839999,94389.4300,185,20760,61895.9210,0
1753686840000,2.9840,2.9840,2.9790,2.981,31445,1753686899999,93751.9870,214,8040,23968.9350,0
1753686900000,2.9810,2.9850,2.9810,2.982,29352,1753686959999,87531.9910,223,10476,31247.1610,0
1753686960000,2.9830,2.9830,2.9770,2.977,46361,1753687019999,138177.3280,267,29922,89186.8670,0
1753687020000,2.9770,2.9790,2.9720,2.976,49714,1753687079999,147868.4220,371,13443,39988.5860,0
1753687080000,2.9760,2.9790,2.9730,2.976,49056,1753687139999,146003.4980,255,21693,64570.6630,0
1753687140000,2.9760,2.9810,2.9730,2.978,30651,1753687199999,91225.0460,287,22326,66437.8190,0
1753687200000,2.9780,2.9830,2.9780,2.98,32693,1753687259999,97458.9860,196,17613,52513.0290,0
1753687260000,2.9810,2.9870,2.9810,2.981,43706,1753687319999,130426.4620,237,7148,21325.7960,0
1753687320000,2.9810,2.9870,2.9790,2.986,19663,1753687379999,58626.5890,183,10762,32096.5150,0
1753687380000,2.9860,2.9870,2.9850,2.986,10193,1753687439999,30439.0880,117,5368,16031.8590,0
1753687440000,2.9860,2.9860,2.9800,2.98,29787,1753687499999,88808.7780,161,1799,5368.1940,0
1753687500000,2.9800,2.9830,2.9790,2.983,20078,1753687559999,59842.8320,246,16137,48098.2220,0
1753687560000,2.9830,2.9850,2.9820,2.984,7790,1753687619999,23240.6910,156,2243,6691.8400,0
1753687620000,2.9850,2.9870,2.9840,2.987,8694,1753687679999,25955.0390,117,4064,12134.2480,0
1753687680000,2.9870,2.9910,2.9860,2.989,12948,1753687739999,38686.8910,162,9018,26946.7320,0
1753687740000,2.9890,2.9920,2.9890,2.99,18845,1753687799999,56350.9880,110,6382,19082.7940,0
1753687800000,2.9900,2.9900,2.9810,2.982,27251,1753687859999,81347.3180,236,6305,18829.0930,0
1753687860000,2.9820,2.9850,2.9740,2.977,106559,1753687919999,317149.0140,420,51746,153997.5960,0
1753687920000,2.9770,2.9830,2.9750,2.975,24308,1753687979999,72447.5060,233,11126,33162.8700,0
1753687980000,2.9750,2.9830,2.9740,2.982,11768,1753688039999,35028.2500,215,6070,18077.3020,0
1753688040000,2.9830,2.9850,2.9810,2.985,9489,1753688099999,28303.1980,173,4433,13224.7330,0
1753688100000,2.9840,2.9940,2.9840,2.992,47819,1753688159999,142993.3910,394,30355,90766.4080,0
1753688160000,2.9920,2.9930,2.9880,2.989,36093,1753688219999,107906.4350,303,26381,78868.2890,0
1753688220000,2.9900,2.9940,2.9870,2.987,32610,1753688279999,97497.6230,265,10239,30616.6870,0
1753688280000,2.9870,2.9890,2.9830,2.983,17789,1753688339999,53131.4260,174,10609,31687.4120,0
1753688340000,2.9830,2.9900,2.9830,2.985,21320,1753688399999,63681.5940,195,18037,53874.9550,0
1753688400000,2.9850,2.9910,2.9840,2.99,36150,1753688459999,107962.9630,191,31739,94789.7720,0
1753688460000,2.9890,2.9930,2.9890,2.992,22140,1753688519999,66231.1220,215,14184,42429.5690,0
1753688520000,2.9910,2.9910,2.9870,2.987,11570,1753688579999,34581.4450,251,5120,15304.7880,0
1753688580000,2.9860,2.9910,2.9850,2.989,26523,1753688639999,79258.6180,204,21337,63760.2910,0
1753688640000,2.9880,2.9890,2.9840,2.986,8585,1753688699999,25637.6930,177,4443,13267.5630,0
1753688700000,2.9860,2.9870,2.9830,2.985,14425,1753688759999,43060.4590,610,7560,22566.0460,0
1753688760000,2.9840,2.9870,2.9830,2.986,13997,1753688819999,41780.3970,165,8992,26840.9900,0
1753688820000,2.9850,2.9890,2.9850,2.987,10472,1753688879999,31285.6640,121,3175,9484.8600,0
1753688880000,2.9870,2.9890,2.9860,2.989,5920,1753688939999,17683.9430,99,1501,4484.0220,0
1753688940000,2.9880,2.9900,2.9870,2.989,4523,1753688999999,13516.2730,88,2399,7169.5460,0
1753689000000,2.9900,2.9900,2.9840,2.987,11300,1753689059999,33753.1580,168,3123,9326.3930,0
1753689060000,2.9880,2.9880,2.9820,2.983,4923,1753689119999,14696.3540,130,1692,5051.8770,0
1753689120000,2.9820,2.9850,2.9810,2.985,16887,1753689179999,50370.3020,137,6900,20590.4030,0
1753689180000,2.9860,2.9860,2.9820,2.984,6133,1753689239999,18297.6190,100,1675,4997.5860,0
1753689240000,2.9830,2.9860,2.9830,2.985,13154,1753689299999,39252.3710,131,3995,11925.2960,0
1753689300000,2.9850,2.9860,2.9840,2.985,23044,1753689359999,68784.3820,128,17262,51527.1190,0
1753689360000,2.9840,2.9850,2.9820,2.984,3729,1753689419999,11124.1410,96,1103,3290.7640,0
1753689420000,2.9830,2.9860,2.9820,2.984,10096,1753689479999,30129.2920,109,6955,20754.6250,0
1753689480000,2.9840,2.9870,2.9840,2.986,10723,1753689539999,32019.3120,119,5002,14936.5420,0
1753689540000,2.9860,2.9890,2.9850,2.988,12759,1753689599999,38116.2050,90,6073,18143.1450,0
1753689600000,2.9880,2.9880,2.9810,2.982,28980,1753689659999,86529.0700,253,2698,8057.0170,0
1753689660000,2.9820,2.9830,2.9780,2.979,49487,1753689719999,147494.8580,242,27128,80851.3830,0
1753689720000,2.9790,2.9840,2.9780,2.981,25376,1753689779999,75653.2160,207,17817,53123.8470,0
1753689780000,2.9820,2.9830,2.9810,2.983,8850,1753689839999,26390.0290,173,4262,12710.3770,0
1753689840000,2.9830,2.9870,2.9820,2.985,17784,1753689899999,53093.0520,244,12845,38351.9080,0
1753689900000,2.9850,2.9950,2.9850,2.991,28628,1753689959999,85621.1150,314,22804,68197.3330,0
1753689960000,2.9910,2.9960,2.9910,2.995,19225,1753690019999,57562.5250,217,13928,41707.1750,0
1753690020000,2.9950,2.9980,2.9950,2.996,28186,1753690079999,84451.7780,257,22953,68774.3320,0
1753690080000,2.9970,2.9980,2.9960,2.997,9524,1753690139999,28546.9350,132,7769,23288.0070,0
1753690140000,2.9970,2.9970,2.9890,2.991,30425,1753690199999,91033.6690,274,19310,57763.2840,0
1753690200000,2.9900,2.9900,2.9850,2.985,16668,1753690259999,49796.7520,203,5786,17290.9250,0
1753690260000,2.9850,2.9900,2.9850,2.99,35136,1753690319999,104992.4130,334,23597,70518.6760,0
1753690320000,2.9900,2.9930,2.9880,2.988,17226,1753690379999,51522.4810,261,9112,27255.9580,0
1753690380000,2.9890,2.9890,2.9850,2.989,18522,1753690439999,55324.9780,203,9202,27492.7090,0
1753690440000,2.9890,2.9910,2.9870,2.988,11459,1753690499999,34251.7540,177,6327,18913.0720,0
1753690500000,2.9880,2.9920,2.9880,2.991,18146,1753690559999,54271.5630,210,12655,37849.2170,0
1753690560000,2.9910,2.9910,2.9840,2.986,23706,1753690619999,70798.6570,257,6802,20309.0510,0
1753690620000,2.9850,2.9900,2.9850,2.989,20671,1753690679999,61766.7500,193,10052,30037.7240,0
1753690680000,2.9900,2.9940,2.9900,2.991,12850,1753690739999,38442.7790,179,6762,20229.6730,0
1753690740000,2.9910,2.9930,2.9870,2.987,20902,1753690799999,62496.5770,230,3690,11032.2070,0
1753690800000,2.9870,2.9880,2.9820,2.986,21124,1753690859999,63032.9170,237,4862,14510.7770,0
1753690860000,2.9860,2.9890,2.9850,2.988,21271,1753690919999,63524.1410,202,13403,40026.6070,0
1753690920000,2.9890,2.9940,2.9890,2.994,22271,1753690979999,66626.0980,215,16300,48765.0790,0
1753690980000,2.9930,3.0000,2.9930,2.998,22296,1753691039999,66810.1210,214,10755,32233.7780,0
1753691040000,2.9970,2.9970,2.9930,2.995,22695,1753691099999,67972.6020,203,7856,23535.2060,0
1753691100000,2.9950,2.9970,2.9890,2.991,13252,1753691159999,39663.8080,203,5859,17541.9660,0
1753691160000,2.9910,2.9910,2.9850,2.988,17486,1753691219999,52236.7050,207,4349,12996.8450,0
1753691220000,2.9870,2.9880,2.9840,2.984,23130,1753691279999,69057.8710,186,11234,33549.5040,0
1753691280000,2.9840,2.9860,2.9820,2.983,17340,1753691339999,51737.4520,172,6723,20060.6150,0
1753691340000,2.9820,2.9840,2.9820,2.984,17748,1753691399999,52945.5820,134,3441,10266.1650,0
1753691400000,2.9840,2.9850,2.9790,2.98,14248,1753691459999,42492.1480,196,1177,3509.5060,0
1753691460000,2.9800,2.9800,2.9730,2.974,34568,1753691519999,102907.0190,298,16405,48855.4120,0
1753691520000,2.9750,2.9770,2.9710,2.974,64134,1753691579999,190776.3350,327,39018,116059.8440,0
1753691580000,2.9750,2.9750,2.9680,2.97,49871,1753691639999,148220.2620,299,26715,79431.1650,0
1753691640000,2.9690,2.9690,2.9640,2.965,24590,1753691699999,72939.1780,256,4139,12278.4470,0
1753691700000,2.9650,2.9680,2.9640,2.965,46265,1753691759999,137221.7590,275,24821,73607.5750,0
1753691760000,2.9650,2.9710,2.9650,2.971,19951,1753691819999,59212.5500,201,16220,48147.4930,0
1753691820000,2.9710,2.9740,2.9680,2.969,36210,1753691879999,107599.6180,205,22253,66125.0050,0
1753691880000,2.9690,2.9730,2.9680,2.972,30609,1753691939999,90919.2790,174,18786,55804.7990,0
1753691940000,2.9720,2.9770,2.9720,2.976,25789,1753691999999,76680.1450,201,19983,59418.5690,0
1753692000000,2.9750,2.9760,2.9730,2.976,10248,1753692059999,30484.9860,163,3836,11414.1700,0
1753692060000,2.9760,2.9760,2.9730,2.975,6083,1753692119999,18088.7920,153,1680,4996.3830,0
1753692120000,2.9750,2.9760,2.9720,2.973,8235,1753692179999,24491.2560,180,1619,4815.6510,0
1753692180000,2.9740,2.9760,2.9710,2.972,5463,1753692239999,16242.7510,163,1303,3875.4190,0
1753692240000,2.9720,2.9750,2.9710,2.975,4110,1753692299999,12217.8940,115,2923,8690.1560,0
1753692300000,2.9750,2.9810,2.9750,2.978,13749,1753692359999,40941.1790,192,9373,27910.6010,0
1753692360000,2.9770,2.9770,2.9740,2.976,13768,1753692419999,40970.4750,140,10650,31692.1650,0
1753692420000,2.9760,2.9780,2.9720,2.975,23770,1753692479999,70704.4940,211,9165,27260.2320,0
1753692480000,2.9760,2.9760,2.9730,2.974,9953,1753692539999,29609.6260,124,6824,20304.2040,0
1753692540000,2.9750,2.9780,2.9730,2.973,4301,1753692599999,12798.7250,110,1860,5535.3810,0
1753692600000,2.9730,2.9730,2.9690,2.972,12512,1753692659999,37169.6430,141,2300,6833.5740,0
1753692660000,2.9720,2.9760,2.9710,2.974,19627,1753692719999,58350.9630,161,10671,31731.5450,0
1753692720000,2.9740,2.9760,2.9730,2.974,8328,1753692779999,24769.3530,120,3541,10533.0300,0
1753692780000,2.9730,2.9740,2.9710,2.974,14405,1753692839999,42825.4620,129,4531,13470.2280,0
1753692840000,2.9740,2.9760,2.9730,2.976,5242,1753692899999,15592.5170,98,1843,5482.1360,0
1753692900000,2.9760,2.9760,2.9740,2.976,7447,1753692959999,22160.5040,119,4241,12620.7620,0
1753692960000,2.9760,2.9790,2.9760,2.978,3555,1753693019999,10583.7120,114,3086,9187.7280,0
1753693020000,2.9790,2.9820,2.9790,2.982,8818,1753693079999,26274.0350,127,7764,23134.0910,0
1753693080000,2.9820,2.9820,2.9800,2.982,25203,1753693139999,75125.4590,124,7422,22127.0160,0
1753693140000,2.9820,2.9820,2.9800,2.981,9406,1753693199999,28030.8820,84,8465,25226.2180,0
1753693200000,2.9810,2.9810,2.9740,2.976,23361,1753693259999,69527.7910,265,6578,19573.8620,0
1753693260000,2.9760,2.9770,2.9730,2.976,8608,1753693319999,25610.6910,198,3825,11380.9980,0
1753693320000,2.9760,2.9780,2.9750,2.976,23106,1753693379999,68782.7770,187,20005,59553.4570,0
1753693380000,2.9760,2.9780,2.9740,2.975,13475,1753693439999,40101.1890,187,3871,11523.6950,0
1753693440000,2.9740,2.9770,2.9720,2.977,12180,1753693499999,36227.5720,192,8588,25546.8260,0
1753693500000,2.9780,2.9810,2.9760,2.977,21454,1753693559999,63909.6140,223,5220,15553.9060,0
1753693560000,2.9770,2.9830,2.9770,2.983,25411,1753693619999,75754.8240,200,18249,54400.1070,0
1753693620000,2.9830,2.9850,2.9810,2.982,17517,1753693679999,52253.0470,213,9382,27988.9890,0
1753693680000,2.9830,2.9840,2.9800,2.983,13286,1753693739999,39613.7130,156,6487,19343.9580,0
1753693740000,2.9820,2.9840,2.9810,2.982,9905,1753693799999,29541.3530,166,3811,11366.5510,0
1753693800000,2.9820,2.9930,2.9810,2.988,57852,1753693859999,172842.3520,420,39498,117969.0260,0
1753693860000,2.9880,2.9940,2.9870,2.994,34225,1753693919999,102332.2900,232,21098,63072.2690,0
1753693920000,2.9940,3.0020,2.9940,3.001,93012,1753693979999,278809.7420,453,48824,146415.6520,0
1753693980000,3.0010,3.0050,3.0010,3.003,33622,1753694039999,100956.2570,317,14730,44231.9900,0
1753694040000,3.0030,3.0070,3.0020,3.002,56433,1753694099999,169562.2840,357,29903,89886.7550,0
1753694100000,3.0010,3.0060,2.9970,3.006,60625,1753694159999,181987.4600,867,42576,127819.2770,0
1753694160000,3.0060,3.0090,3.0030,3.008,150839,1753694219999,453445.0700,509,110631,332620.0870,0
1753694220000,3.0070,3.0100,3.0040,3.008,31013,1753694279999,93251.7140,226,11747,35317.6270,0
1753694280000,3.0080,3.0090,3.0030,3.004,27024,1753694339999,81213.6610,208,5862,17616.5230,0
1753694340000,3.0050,3.0120,3.0050,3.011,32128,1753694399999,96674.4780,276,21984,66159.4240,0
1753694400000,3.0110,3.0170,3.0080,3.009,89052,1753694459999,268428.5300,532,59031,177952.9080,0
1753694460000,3.0090,3.0090,3.0020,3.003,65173,1753694519999,195943.9080,396,32401,97436.0500,0
1753694520000,3.0030,3.0060,3.0000,3.001,23157,1753694579999,69559.9520,232,7848,23572.9890,0
1753694580000,3.0010,3.0020,2.9970,2.997,50607,1753694639999,151849.5920,240,27341,82059.1390,0
1753694640000,2.9980,2.9980,2.9940,2.998,39672,1753694699999,118849.3530,292,16312,48869.9680,0
1753694700000,2.9970,3.0000,2.9960,2.998,23582,1753694759999,70712.5350,188,11813,35428.7910,0
1753694760000,2.9980,2.9980,2.9950,2.995,18485,1753694819999,55393.5940,184,11773,35282.8410,0
1753694820000,2.9950,2.9960,2.9930,2.994,19220,1753694879999,57537.2050,172,9772,29254.0140,0
1753694880000,2.9930,2.9940,2.9910,2.991,17117,1753694939999,51216.1100,190,9750,29174.2620,0
1753694940000,2.9920,2.9940,2.9900,2.993,13894,1753694999999,41577.7180,113,2924,8748.5350,0
1753695000000,2.9940,2.9950,2.9920,2.994,10278,1753695059999,30768.2980,180,6736,20167.5470,0
1753695060000,2.9930,2.9960,2.9910,2.991,33692,1753695119999,100894.3600,219,11943,35767.8270,0
1753695120000,2.9920,2.9940,2.9900,2.993,15726,1753695179999,47053.7370,130,11234,33617.2560,0
1753695180000,2.9940,2.9980,2.9940,2.996,14200,1753695239999,42554.1900,170,11074,33189.0320,0
1753695240000,2.9950,2.9980,2.9940,2.998,16108,1753695299999,48261.6450,164,9685,29020.3890,0
1753695300000,2.9980,3.0000,2.9960,2.998,17737,1753695359999,53156.2670,167,14490,43424.7300,0
1753695360000,2.9980,2.9990,2.9960,2.997,7512,1753695419999,22522.8300,140,3477,10426.3510,0
1753695420000,2.9970,2.9980,2.9940,2.997,17770,1753695479999,53231.9700,187,11945,35779.2540,0
1753695480000,2.9970,2.9970,2.9900,2.992,13443,1753695539999,40264.9620,145,5322,15942.9400,0
1753695540000,2.9920,2.9920,2.9880,2.988,24997,1753695599999,74741.7600,189,4181,12503.0600,0
1753695600000,2.9880,2.9880,2.9770,2.98,60618,1753695659999,180753.6030,375,19779,58989.5510,0
1753695660000,2.9800,2.9840,2.9750,2.984,37026,1753695719999,110380.9160,298,25393,75717.4810,0
1753695720000,2.9830,2.9850,2.9810,2.984,18810,1753695779999,56125.3710,252,8732,26057.5670,0
1753695780000,2.9840,2.9850,2.9810,2.984,26375,1753695839999,78672.4040,199,7606,22692.8210,0
1753695840000,2.9840,2.9870,2.9830,2.984,15283,1753695899999,45620.3240,155,8158,24350.0080,0
1753695900000,2.9840,2.9860,2.9830,2.985,15762,1753695959999,47033.8610,168,10310,30767.2730,0
1753695960000,2.9860,2.9890,2.9840,2.985,43403,1753696019999,129627.8100,209,32762,97849.2840,0
1753696020000,2.9850,2.9920,2.9850,2.99,50714,1753696079999,151586.8020,219,43816,130968.4780,0
1753696080000,2.9900,2.9900,2.9870,2.988,77970,1753696139999,233021.0330,623,21417,64005.3310,0
1753696140000,2.9880,2.9910,2.9870,2.989,16600,1753696199999,49615.1280,182,7536,22515.7450,0
1753696200000,2.9900,2.9910,2.9880,2.99,5737,1753696259999,17149.1780,104,3955,11821.9660,0
1753696260000,2.9900,3.0000,2.9900,2.999,61451,1753696319999,184217.1820,345,51693,154967.4480,0
1753696320000,3.0000,3.0040,3.0000,3.002,21233,1753696379999,63724.8020,218,12916,38761.8680,0
1753696380000,3.0020,3.0030,3.0000,3.001,28929,1753696439999,86838.8890,183,7139,21433.9980,0
1753696440000,3.0010,3.0030,2.9990,3.003,81474,1753696499999,244465.3110,178,77283,231893.2840,0
1753696500000,3.0020,3.0030,3.0010,3.002,65131,1753696559999,195567.0970,223,43850,131678.2090,0
1753696560000,3.0010,3.0050,3.0010,3.003,51055,1753696619999,153309.9380,175,43219,129785.1820,0
1753696620000,3.0030,3.0040,2.9970,2.998,54953,1753696679999,164896.0680,250,21184,63568.8710,0
1753696680000,2.9980,2.9980,2.9930,2.994,32088,1753696739999,96132.9840,268,8322,24930.0920,0
1753696740000,2.9940,2.9940,2.9930,2.993,10090,1753696799999,30208.4650,101,4307,12895.1580,0
1753696800000,2.9930,2.9960,2.9910,2.993,68417,1753696859999,204757.8190,310,26892,80482.8260,0
1753696860000,2.9940,2.9950,2.9890,2.99,29591,1753696919999,88528.0230,282,5674,16981.3600,0
1753696920000,2.9890,2.9900,2.9860,2.99,32625,1753696979999,97480.0760,254,13089,39113.9900,0
1753696980000,2.9890,2.9920,2.9870,2.989,90878,1753697039999,271578.2640,294,45582,136200.0220,0
1753697040000,2.9890,2.9910,2.9860,2.987,29154,1753697099999,87099.0560,205,10834,32365.8960,0
1753697100000,2.9870,2.9910,2.9870,2.987,19185,1753697159999,57339.1780,201,11703,34976.9730,0
1753697160000,2.9880,2.9880,2.9840,2.985,9736,1753697219999,29083.4910,181,5585,16685.9480,0
1753697220000,2.9850,2.9870,2.9840,2.985,28082,1753697279999,83822.7270,177,9489,28326.6460,0
1753697280000,2.9850,2.9870,2.9820,2.986,32809,1753697339999,97893.0470,245,5376,16046.1140,0
1753697340000,2.9860,2.9890,2.9830,2.983,30561,1753697399999,91272.0140,189,16280,48631.8530,0
1753697400000,2.9830,2.9850,2.9800,2.981,14521,1753697459999,43316.9420,213,8645,25791.1260,0
1753697460000,2.9810,2.9830,2.9810,2.981,7804,1753697519999,23271.9430,172,2022,6030.4330,0
1753697520000,2.9810,2.9840,2.9810,2.984,8937,1753697579999,26651.3150,158,6281,18732.0940,0
1753697580000,2.9830,2.9840,2.9800,2.984,14837,1753697639999,44245.4420,170,5784,17250.8280,0
1753697640000,2.9840,2.9840,2.9810,2.981,7957,1753697699999,23731.3120,121,3025,9023.7950,0
1753697700000,2.9810,2.9830,2.9790,2.981,8980,1753697759999,26768.6220,176,3833,11427.7850,0
1753697760000,2.9820,2.9850,2.9800,2.984,10451,1753697819999,31176.9840,171,5676,16933.3510,0
1753697820000,2.9840,2.9860,2.9830,2.985,6502,1753697879999,19403.6940,112,5139,15336.4830,0
1753697880000,2.9860,2.9890,2.9860,2.988,25904,1753697939999,77404.5590,204,18643,55710.3240,0
1753697940000,2.9870,2.9900,2.9870,2.99,3195,1753697999999,9544.7370,102,2164,6464.8600,0
1753698000000,2.9900,2.9940,2.9890,2.992,11596,1753698059999,34693.1030,206,5950,17798.4140,0
1753698060000,2.9920,2.9920,2.9900,2.992,9020,1753698119999,26983.6060,113,4519,13520.2330,0
1753698120000,2.9920,2.9950,2.9910,2.992,17588,1753698179999,52642.2660,199,8962,26825.4720,0
1753698180000,2.9930,3.0000,2.9920,2.999,28021,1753698239999,83937.2460,232,25007,74907.5260,0
1753698240000,2.9980,2.9990,2.9940,2.995,25253,1753698299999,75644.2100,170,6420,19227.2000,0
1753698300000,2.9960,2.9960,2.9910,2.991,12918,1753698359999,38690.3140,138,6981,20915.0670,0
1753698360000,2.9920,2.9920,2.9890,2.991,15741,1753698419999,47071.5350,155,8781,26261.2040,0
1753698420000,2.9910,2.9910,2.9860,2.987,26324,1753698479999,78656.7290,190,10903,32576.1440,0
1753698480000,2.9870,2.9910,2.9870,2.99,12047,1753698539999,36015.0630,153,9560,28581.6600,0
1753698540000,2.9890,2.9910,2.9890,2.99,2354,1753698599999,7038.3370,85,1330,3977.2160,0
1753698600000,2.9900,2.9900,2.9800,2.981,30637,1753698659999,91423.4460,268,12861,38384.1220,0
1753698660000,2.9810,2.9820,2.9770,2.978,9133,1753698719999,27211.3930,178,5603,16695.1930,0
1753698720000,2.9780,2.9790,2.9760,2.976,20092,1753698779999,59826.8560,206,12707,37836.6660,0
1753698780000,2.9760,2.9800,2.9760,2.978,12433,1753698839999,37033.7910,217,9500,28297.3480,0
1753698840000,2.9780,2.9810,2.9760,2.98,18910,1753698899999,56332.6710,197,11902,35457.9570,0
1753698900000,2.9800,2.9810,2.9780,2.979,17795,1753698959999,53028.0040,187,5477,16320.7450,0
1753698960000,2.9790,2.9800,2.9760,2.977,7844,1753699019999,23355.1000,121,2575,7668.3600,0
1753699020000,2.9770,2.9770,2.9750,2.976,34024,1753699079999,101268.0770,213,22791,67839.5120,0
1753699080000,2.9760,2.9760,2.9740,2.974,15912,1753699139999,47329.1040,130,2862,8514.1270,0
1753699140000,2.9740,2.9780,2.9730,2.977,18601,1753699199999,55341.8170,220,15220,45287.1830,0
1753699200000,2.9770,2.9770,2.9750,2.975,6640,1753699259999,19763.0750,137,2485,7397.4460,0
1753699260000,2.9750,2.9750,2.9740,2.974,6074,1753699319999,18066.7650,131,2505,7452.3330,0
1753699320000,2.9740,2.9780,2.9740,2.977,20035,1753699379999,59613.6870,231,15316,45571.7990,0
1753699380000,2.9770,2.9790,2.9760,2.978,12954,1753699439999,38567.7390,176,7784,23174.9600,0
1753699440000,2.9770,2.9780,2.9750,2.977,30309,1753699499999,90208.8760,171,3474,10342.7290,0
1753699500000,2.9770,2.9780,2.9740,2.975,22803,1753699559999,67863.6080,188,7929,23598.8690,0
1753699560000,2.9750,2.9760,2.9720,2.975,23791,1753699619999,70751.8490,188,7103,21126.8820,0
1753699620000,2.9750,2.9770,2.9740,2.977,8508,1753699679999,25317.7090,159,6701,19941.8260,0
1753699680000,2.9770,2.9810,2.9770,2.981,12323,1753699739999,36705.7760,162,9428,28084.5840,0
1753699740000,2.9800,2.9850,2.9790,2.982,26507,1753699799999,79045.1590,194,13423,40030.0030,0
1753699800000,2.9830,2.9850,2.9810,2.982,12518,1753699859999,37340.9910,131,1717,5122.3760,0
1753699860000,2.9810,2.9830,2.9810,2.982,5314,1753699919999,15846.3780,101,3895,11615.0500,0
1753699920000,2.9820,2.9840,2.9820,2.984,12066,1753699979999,35990.6010,123,8907,26567.3490,0
1753699980000,2.9830,2.9860,2.9820,2.986,8384,1753700039999,25016.3760,173,6308,18822.9580,0
1753700040000,2.9860,2.9870,2.9820,2.982,15687,1753700099999,46832.1090,145,1726,5153.9200,0
1753700100000,2.9820,2.9820,2.9790,2.981,16061,1753700159999,47876.7040,134,10748,32040.1000,0
1753700160000,2.9820,2.9840,2.9790,2.979,12304,1753700219999,36673.6290,186,3183,9492.3530,0
1753700220000,2.9790,2.9810,2.9770,2.977,3917,1753700279999,11670.4680,101,660,1966.8080,0
1753700280000,2.9770,2.9810,2.9760,2.98,4937,1753700339999,14703.3690,150,3993,11893.2070,0
1753700340000,2.9800,2.9800,2.9760,2.979,15061,1753700399999,44845.3340,152,7083,21088.5370,0
1753700400000,2.9790,2.9800,2.9740,2.975,7297,1753700459999,21721.8850,176,4548,13536.6190,0
1753700460000,2.9740,2.9800,2.9740,2.979,6565,1753700519999,19551.7120,233,3009,8959.6180,0
1753700520000,2.9780,2.9780,2.9750,2.977,18183,1753700579999,54120.2310,254,7942,23639.6760,0
1753700580000,2.9760,2.9780,2.9750,2.977,4654,1753700639999,13851.0880,188,1914,5696.7150,0
1753700640000,2.9780,2.9790,2.9750,2.976,12868,1753700699999,38301.7440,258,4423,13165.5830,0
1753700700000,2.9760,2.9760,2.9710,2.971,12383,1753700759999,36829.9810,217,2614,7776.6660,0
1753700760000,2.9710,2.9750,2.9710,2.972,10405,1753700819999,30929.9730,207,7096,21094.6690,0
1753700820000,2.9730,2.9750,2.9720,2.973,4670,1753700879999,13886.8790,133,1628,4841.4700,0
1753700880000,2.9730,2.9730,2.9700,2.971,23056,1753700939999,68518.2670,201,7085,21057.9910,0
1753700940000,2.9710,2.9720,2.9680,2.97,27032,1753700999999,80267.0980,256,2439,7245.8090,0
1753701000000,2.9700,2.9720,2.9690,2.971,12646,1753701059999,37570.9610,130,8747,25988.5050,0
1753701060000,2.9710,2.9720,2.9690,2.972,9304,1753701119999,27639.3810,143,4968,14759.4070,0
1753701120000,2.9710,2.9710,2.9670,2.969,8190,1753701179999,24312.5580,229,2137,6343.8340,0
1753701180000,2.9680,2.9680,2.9660,2.967,7102,1753701239999,21070.1100,126,1464,4343.9100,0
1753701240000,2.9670,2.9680,2.9660,2.966,5874,1753701299999,17427.6170,119,1029,3053.2760,0
1753701300000,2.9660,2.9670,2.9630,2.963,23414,1753701359999,69402.5100,215,12082,35814.6220,0
1753701360000,2.9640,2.9640,2.9610,2.961,38438,1753701419999,113875.8280,183,14942,44265.9180,0
1753701420000,2.9610,2.9620,2.9580,2.961,98674,1753701479999,292049.7330,400,42454,125676.7230,0
1753701480000,2.9610,2.9610,2.9580,2.959,23077,1753701539999,68294.5410,157,14482,42857.4900,0
1753701540000,2.9590,2.9600,2.9570,2.957,10526,1753701599999,31151.4280,106,9133,27029.9410,0
1753701600000,2.9570,2.9590,2.9550,2.956,30363,1753701659999,89779.6590,204,17510,51776.9700,0
1753701660000,2.9560,2.9570,2.9440,2.951,571322,1753701719999,1685047.6810,1448,84384,248926.9010,0
1753701720000,2.9510,2.9520,2.9510,2.952,30183,1753701779999,89076.3910,148,15035,44374.6430,0
1753701780000,2.9510,2.9520,2.9480,2.949,33597,1753701839999,99119.6320,174,6767,19969.3230,0
1753701840000,2.9480,2.9540,2.9480,2.952,37045,1753701899999,109340.0000,166,26553,78375.2970,0
1753701900000,2.9520,2.9520,2.9490,2.951,36622,1753701959999,108059.0490,203,13675,40345.8710,0
1753701960000,2.9510,2.9540,2.9510,2.953,17293,1753702019999,51059.7640,151,8300,24504.4670,0
1753702020000,2.9520,2.9520,2.9490,2.951,32261,1753702079999,95189.8390,221,13211,38981.2480,0
1753702080000,2.9510,2.9510,2.9470,2.949,31179,1753702139999,91938.5190,203,11598,34196.4040,0
1753702140000,2.9480,2.9490,2.9450,2.945,18193,1753702199999,53621.4840,161,2807,8275.5330,0
1753702200000,2.9450,2.9470,2.9440,2.947,45603,1753702259999,134341.7590,217,13314,39226.7560,0
1753702260000,2.9470,2.9480,2.9450,2.948,28624,1753702319999,84344.2420,184,13082,38549.8600,0
1753702320000,2.9480,2.9520,2.9470,2.947,44073,1753702379999,130029.2560,283,25613,75567.9550,0
1753702380000,2.9470,2.9480,2.9410,2.942,38157,1753702439999,112353.7160,307,6898,20317.9670,0
1753702440000,2.9410,2.9440,2.9410,2.942,35657,1753702499999,104907.6310,235,12596,37060.8880,0
1753702500000,2.9420,2.9420,2.9360,2.941,123403,1753702559999,362689.0390,443,28465,83669.4170,0
1753702560000,2.9410,2.9440,2.9390,2.943,71266,1753702619999,209619.6200,339,39631,116591.6050,0
1753702620000,2.9440,2.9500,2.9440,2.947,45966,1753702679999,135500.4910,281,31055,91540.8520,0
1753702680000,2.9470,2.9520,2.9460,2.951,24224,1753702739999,71447.7040,172,20971,61860.4310,0
1753702740000,2.9520,2.9540,2.9500,2.953,33886,1753702799999,100038.7780,285,17328,51161.3160,0
1753702800000,2.9530,2.9570,2.9530,2.955,18413,1753702859999,54419.3360,203,12060,35642.8360,0
1753702860000,2.9550,2.9550,2.9530,2.955,17182,1753702919999,50750.6080,198,7454,22015.4400,0
1753702920000,2.9540,2.9570,2.9540,2.955,10954,1753702979999,32376.4530,145,4973,14698.7650,0
1753702980000,2.9550,2.9570,2.9530,2.954,15568,1753703039999,45994.4180,167,6561,19382.9790,0
1753703040000,2.9540,2.9550,2.9520,2.954,28490,1753703099999,84147.3720,139,25618,75666.2580,0
1753703100000,2.9550,2.9600,2.9550,2.96,38214,1753703159999,113058.8540,307,25774,76250.4320,0
1753703160000,2.9600,2.9620,2.9590,2.961,16455,1753703219999,48717.5790,164,9387,27792.8350,0
1753703220000,2.9620,2.9630,2.9600,2.962,21126,1753703279999,62563.8120,167,11717,34700.3950,0
1753703280000,2.9620,2.9650,2.9610,2.964,18489,1753703339999,54794.9720,161,15980,47358.9120,0
1753703340000,2.9640,2.9640,2.9610,2.962,3487,1753703399999,10330.7040,100,1566,4639.6620,0
1753703400000,2.9620,2.9640,2.9600,2.96,47907,1753703459999,141888.0680,264,16474,48804.7520,0
1753703460000,2.9610,2.9620,2.9600,2.962,8591,1753703519999,25434.8500,75,4437,13138.3730,0
1753703520000,2.9620,2.9620,2.9590,2.959,14976,1753703579999,44335.6800,135,11387,33710.4820,0
1753703580000,2.9580,2.9600,2.9580,2.959,9214,1753703639999,27261.8600,116,6193,18324.8030,0
1753703640000,2.9590,2.9610,2.9570,2.958,5689,1753703699999,16834.6950,105,3092,9150.7750,0
1753703700000,2.9590,2.9590,2.9550,2.955,4368,1753703759999,12918.4420,105,328,970.5160,0
1753703760000,2.9550,2.9590,2.9550,2.958,28462,1753703819999,84168.6600,162,20060,59322.0890,0
1753703820000,2.9570,2.9610,2.9570,2.958,18328,1753703879999,54239.9540,108,17316,51245.6820,0
1753703880000,2.9590,2.9600,2.9580,2.959,2442,1753703939999,7225.7030,43,1753,5187.2200,0
1753703940000,2.9600,2.9600,2.9590,2.959,8667,1753703999999,25646.3160,77,835,2471.4280,0
1753704000000,2.9590,2.9640,2.9580,2.96,118418,1753704059999,350802.8190,457,90792,268994.6780,0
1753704060000,2.9600,2.9620,2.9580,2.958,11434,1753704119999,33841.0070,186,4000,11842.4770,0
1753704120000,2.9580,2.9580,2.9530,2.955,17609,1753704179999,52046.0360,212,5831,17229.7870,0
1753704180000,2.9550,2.9550,2.9510,2.951,11696,1753704239999,34533.5650,154,7714,22779.1940,0
1753704240000,2.9510,2.9520,2.9480,2.949,25418,1753704299999,74965.0470,197,4205,12403.1870,0
1753704300000,2.9500,2.9540,2.9500,2.953,24572,1753704359999,72540.6200,265,15791,46620.9210,0
1753704360000,2.9530,2.9530,2.9500,2.952,11494,1753704419999,33921.4770,151,3279,9677.5500,0
1753704420000,2.9510,2.9560,2.9500,2.952,32264,1753704479999,95289.6520,198,19820,58532.6030,0
1753704480000,2.9520,2.9540,2.9490,2.954,199309,1753704539999,588174.8670,271,14775,43613.4870,0
1753704540000,2.9530,2.9550,2.9510,2.952,33833,1753704599999,99907.9020,183,2674,7897.2270,0
1753704600000,2.9530,2.9550,2.9490,2.955,41896,1753704659999,123616.5030,240,14136,41732.6360,0
1753704660000,2.9550,2.9560,2.9510,2.954,31159,1753704719999,91990.5300,209,13355,39428.7580,0
1753704720000,2.9540,2.9560,2.9520,2.953,27683,1753704779999,81783.4510,221,11966,35354.4250,0
1753704780000,2.9530,2.9570,2.9530,2.957,11572,1753704839999,34191.1000,132,5598,16541.0610,0
1753704840000,2.9560,2.9560,2.9500,2.951,13877,1753704899999,40992.8580,167,2807,8292.5790,0
1753704900000,2.9500,2.9530,2.9470,2.952,23239,1753704959999,68559.1010,223,14773,43584.9290,0
1753704960000,2.9520,2.9550,2.9500,2.953,20505,1753705019999,60546.7910,180,11457,33830.4840,0
1753705020000,2.9540,2.9580,2.9530,2.957,23110,1753705079999,68313.2760,190,17787,52584.1400,0
1753705080000,2.9560,2.9590,2.9540,2.955,14346,1753705139999,42405.6420,143,3476,10277.7750,0
1753705140000,2.9550,2.9570,2.9530,2.957,11813,1753705199999,34909.7400,127,10092,29823.9680,0
1753705200000,2.9580,2.9590,2.9540,2.955,15481,1753705259999,45764.1630,225,5965,17634.4160,0
1753705260000,2.9550,2.9580,2.9550,2.957,20854,1753705319999,61654.7950,204,10692,31612.2180,0
1753705320000,2.9580,2.9590,2.9550,2.957,48109,1753705379999,142280.0150,182,13568,40116.4170,0
1753705380000,2.9570,2.9610,2.9560,2.96,26768,1753705439999,79189.4740,208,21337,63125.6880,0
1753705440000,2.9600,2.9640,2.9600,2.964,18591,1753705499999,55056.4330,152,11865,35140.1880,0
1753705500000,2.9630,2.9630,2.9580,2.959,21927,1753705559999,64933.3100,226,8595,25450.8370,0
1753705560000,2.9580,2.9590,2.9530,2.953,77765,1753705619999,229921.3410,215,39818,117775.2190,0
1753705620000,2.9530,2.9540,2.9480,2.953,40389,1753705679999,119175.4060,251,10071,29720.0720,0
1753705680000,2.9530,2.9540,2.9510,2.953,16551,1753705739999,48866.4280,132,10581,31240.3340,0
1753705740000,2.9530,2.9570,2.9530,2.954,19680,1753705799999,58157.2570,173,11689,34544.5890,0
1753705800000,2.9540,2.9580,2.9500,2.958,15693,1753705859999,46364.5180,216,7366,21759.1200,0
1753705860000,2.9570,2.9570,2.9530,2.955,13111,1753705919999,38751.2330,181,5817,17194.4920,0
1753705920000,2.9540,2.9580,2.9540,2.956,8391,1753705979999,24799.0590,164,4687,13854.4780,0
1753705980000,2.9560,2.9600,2.9560,2.96,14275,1753706039999,42231.0370,183,8711,25769.0680,0
1753706040000,2.9600,2.9600,2.9550,2.957,14341,1753706099999,42414.3810,164,3851,11387.5670,0
1753706100000,2.9570,2.9590,2.9500,2.954,23037,1753706159999,68068.6480,228,12801,37843.0760,0
1753706160000,2.9530,2.9550,2.9520,2.954,7180,1753706219999,21208.9970,180,3810,11255.5220,0
1753706220000,2.9540,2.9570,2.9530,2.955,20355,1753706279999,60142.9730,199,13833,40868.4440,0
1753706280000,2.9540,2.9550,2.9520,2.953,9270,1753706339999,27379.4560,164,4472,13209.7240,0
1753706340000,2.9520,2.9550,2.9520,2.954,9165,1753706399999,27073.0400,128,7273,21484.0110,0
1753706400000,2.9540,2.9570,2.9540,2.957,8111,1753706459999,23977.0460,143,3760,11113.3620,0
1753706460000,2.9570,2.9580,2.9530,2.953,6263,1753706519999,18506.1590,192,2780,8216.7270,0
1753706520000,2.9530,2.9560,2.9510,2.951,6855,1753706579999,20245.2250,181,2923,8634.7260,0
1753706580000,2.9500,2.9520,2.9480,2.948,16014,1753706639999,47240.6720,120,9429,27823.8820,0
1753706640000,2.9480,2.9520,2.9480,2.951,8784,1753706699999,25914.9590,182,7555,22288.5320,0
1753706700000,2.9510,2.9530,2.9420,2.943,39147,1753706759999,115270.7990,538,11419,33640.8890,0
1753706760000,2.9430,2.9440,2.9370,2.94,59710,1753706819999,175562.1400,610,27372,80496.7910,0
1753706820000,2.9400,2.9440,2.9400,2.943,26730,1753706879999,78623.9390,279,13241,38951.6470,0
1753706880000,2.9420,2.9480,2.9420,2.946,19016,1753706939999,56007.2630,193,6764,19922.0920,0
1753706940000,2.9460,2.9490,2.9430,2.949,25769,1753706999999,75923.3480,208,12248,36098.0840,0
1753707000000,2.9480,2.9520,2.9480,2.948,12332,1753707059999,36374.4180,201,6014,17742.4130,0
1753707060000,2.9480,2.9490,2.9410,2.946,38190,1753707119999,112409.3400,277,9880,29088.3680,0
1753707120000,2.9450,2.9450,2.9430,2.944,25543,1753707179999,75200.5830,175,6162,18145.3360,0
1753707180000,2.9430,2.9470,2.9420,2.947,18346,1753707239999,54004.8130,232,12757,37554.1860,0
1753707240000,2.9470,2.9470,2.9450,2.945,13861,1753707299999,40828.0990,137,5993,17651.5760,0
1753707300000,2.9460,2.9470,2.9390,2.94,29399,1753707359999,86509.4530,276,12742,37486.3750,0
1753707360000,2.9390,2.9400,2.9350,2.939,63592,1753707419999,186803.8340,277,45879,134782.2320,0
1753707420000,2.9390,2.9430,2.9380,2.943,11482,1753707479999,33753.4790,188,2265,6661.4970,0
1753707480000,2.9420,2.9440,2.9370,2.938,36978,1753707539999,108756.8480,298,10429,30672.8270,0
1753707540000,2.9380,2.9400,2.9380,2.94,8011,1753707599999,23544.7950,118,6924,20350.8550,0
1753707600000,2.9390,2.9430,2.9370,2.937,27545,1753707659999,80971.8450,295,9868,29017.0350,0
1753707660000,2.9380,2.9380,2.9290,2.929,60121,1753707719999,176308.7770,467,16287,47772.4950,0
1753707720000,2.9280,2.9320,2.9270,2.928,60729,1753707779999,177887.4410,468,33928,99395.7960,0
1753707780000,2.9280,2.9300,2.9270,2.929,25336,1753707839999,74215.5820,227,17050,49947.5820,0
1753707840000,2.9290,2.9300,2.9250,2.927,35964,1753707899999,105244.1220,292,11284,33027.5270,0
1753707900000,2.9270,2.9360,2.9270,2.934,53702,1753707959999,157472.0050,328,44401,130190.6090,0
1753707960000,2.9350,2.9350,2.9300,2.932,10134,1753708019999,29714.1680,216,5692,16691.4450,0
1753708020000,2.9330,2.9360,2.9310,2.932,13826,1753708079999,40558.3910,167,9471,27784.1340,0
1753708080000,2.9320,2.9380,2.9320,2.938,12626,1753708139999,37035.5110,156,10130,29716.2450,0
1753708140000,2.9380,2.9400,2.9370,2.937,27099,1753708199999,79635.4770,199,13892,40826.8870,0
1753708200000,2.9380,2.9390,2.9300,2.934,35039,1753708259999,102856.9570,250,17096,50181.7050,0
1753708260000,2.9330,2.9370,2.9300,2.93,15794,1753708319999,46330.4310,218,4838,14200.7850,0
1753708320000,2.9310,2.9330,2.9250,2.926,105674,1753708379999,309388.8770,368,10236,29978.7730,0
1753708380000,2.9260,2.9260,2.9170,2.922,158979,1753708439999,464253.8350,688,41778,122015.8310,0
1753708440000,2.9210,2.9220,2.9180,2.919,66945,1753708499999,195465.0450,295,14254,41620.6160,0
1753708500000,2.9200,2.9280,2.9190,2.926,38798,1753708559999,113482.6350,323,28122,82264.7980,0
1753708560000,2.9250,2.9270,2.9220,2.923,42866,1753708619999,125334.5600,343,21178,61911.8010,0
1753708620000,2.9250,2.9270,2.9220,2.922,40075,1753708679999,117223.6240,237,24557,71838.6510,0
1753708680000,2.9230,2.9240,2.9200,2.922,47775,1753708739999,139580.0470,409,10781,31502.6800,0
1753708740000,2.9220,2.9220,2.9130,2.916,110458,1753708799999,322275.9030,398,11522,33610.1260,0
1753708800000,2.9160,2.9160,2.9120,2.915,48027,1753708859999,139939.1310,365,26087,76020.8490,0
1753708860000,2.9150,2.9150,2.9010,2.908,348953,1753708919999,1014411.8750,1037,44174,128454.8380,0
1753708920000,2.9070,2.9080,2.9010,2.901,107484,1753708979999,312034.9610,424,33559,97423.9940,0
1753708980000,2.9010,2.9020,2.8980,2.898,88330,1753709039999,256114.1480,497,28823,83580.3050,0
1753709040000,2.8990,2.9050,2.8990,2.904,95095,1753709099999,276048.6400,407,73882,214469.6840,0
1753709100000,2.9030,2.9080,2.8980,2.899,85548,1753709159999,248407.0930,546,41845,121543.0770,0
1753709160000,2.8980,2.8980,2.8920,2.895,234367,1753709219999,678588.2290,688,66864,193620.3230,0
1753709220000,2.8950,2.9030,2.8950,2.903,79704,1753709279999,231081.8820,384,62843,182213.9150,0
1753709280000,2.9030,2.9050,2.9020,2.905,16734,1753709339999,48587.4520,177,10040,29152.8510,0
1753709340000,2.9050,2.9050,2.9020,2.904,21776,1753709399999,63225.9150,193,8267,24005.0110,0
1753709400000,2.9040,2.9130,2.9040,2.908,49217,1753709459999,143180.5980,405,32668,95036.3330,0
1753709460000,2.9080,2.9110,2.9010,2.902,86280,1753709519999,250665.0420,518,33499,97357.3050,0
1753709520000,2.9020,2.9020,2.8860,2.89,222650,1753709579999,643577.2510,844,45530,131674.4570,0
1753709580000,2.8900,2.8930,2.8850,2.893,94855,1753709639999,274083.6800,493,52852,152753.8050,0
1753709640000,2.8930,2.8960,2.8910,2.892,65915,1753709699999,190725.2690,410,26239,75934.5180,0
1753709700000,2.8930,2.9070,2.8930,2.903,131646,1753709759999,381823.1600,518,87595,254115.3390,0
1753709760000,2.9040,2.9070,2.9020,2.907,46778,1753709819999,135861.8260,339,30575,88816.0840,0
1753709820000,2.9070,2.9070,2.9030,2.906,48062,1753709879999,139655.3310,351,26795,77867.7780,0
1753709880000,2.9070,2.9130,2.9060,2.911,46299,1753709939999,134704.0620,379,19548,56872.4860,0
1753709940000,2.9110,2.9150,2.9110,2.915,39891,1753709999999,116204.5310,241,26952,78525.5490,0
1753710000000,2.9150,2.9160,2.9090,2.913,49549,1753710059999,144332.2960,387,24815,72284.8820,0
1753710060000,2.9130,2.9230,2.9120,2.919,85865,1753710119999,250615.2980,436,70615,206118.6860,0
1753710120000,2.9190,2.9230,2.9160,2.918,65007,1753710179999,189767.0800,358,27503,80298.3080,0
1753710180000,2.9170,2.9200,2.9090,2.91,27419,1753710239999,79928.8590,264,15056,43917.1540,0
1753710240000,2.9110,2.9140,2.9070,2.907,43022,1753710299999,125225.1930,245,11939,34757.7260,0
1753710300000,2.9070,2.9160,2.9070,2.912,28114,1753710359999,81886.2540,264,15198,44259.8110,0
1753710360000,2.9120,2.9120,2.9060,2.907,18896,1753710419999,54959.3040,252,8996,26165.4150,0
1753710420000,2.9070,2.9080,2.8950,2.896,45481,1753710479999,131912.9320,381,11932,34617.0660,0
1753710480000,2.8950,2.8980,2.8910,2.897,50708,1753710539999,146780.5120,336,21000,60794.3840,0
1753710540000,2.8980,2.9030,2.8980,2.901,32200,1753710599999,93436.5630,201,21523,62456.9270,0
1753710600000,2.9000,2.9080,2.8980,2.902,54326,1753710659999,157712.7050,365,36191,105053.3200,0
1753710660000,2.9020,2.9040,2.8960,2.901,69665,1753710719999,202061.9650,358,29926,86793.9380,0
1753710720000,2.9010,2.9020,2.8960,2.901,23277,1753710779999,67480.2720,213,10672,30941.8560,0
1753710780000,2.9020,2.9030,2.8950,2.896,36521,1753710839999,105907.6330,284,10177,29522.1230,0
1753710840000,2.8960,2.8960,2.8880,2.888,49125,1753710899999,142064.7390,321,3704,10717.0120,0
1753710900000,2.8880,2.8890,2.8820,2.886,86963,1753710959999,250896.5410,558,36722,105960.7670,0
1753710960000,2.8870,2.8950,2.8870,2.894,38852,1753711019999,112369.6560,326,21629,62551.5890,0
1753711020000,2.8940,2.8940,2.8880,2.89,38884,1753711079999,112358.3940,252,24898,71945.7940,0
1753711080000,2.8910,2.8950,2.8900,2.892,47697,1753711139999,137999.7710,309,35846,103709.2000,0
1753711140000,2.8910,2.8940,2.8900,2.894,26493,1753711199999,76602.8470,251,10614,30691.5860,0
1753711200000,2.8940,2.8940,2.8870,2.891,59745,1753711259999,172624.1270,541,23894,69038.3480,0
1753711260000,2.8910,2.8950,2.8880,2.891,50267,1753711319999,145369.9510,357,17446,50446.4980,0
1753711320000,2.8910,2.8930,2.8890,2.891,29906,1753711379999,86474.1580,332,9985,28871.3640,0
1753711380000,2.8920,2.8930,2.8850,2.887,43436,1753711439999,125474.7030,382,15770,45553.4230,0
1753711440000,2.8870,2.8870,2.8770,2.879,133210,1753711499999,383704.8510,598,48013,138316.5330,0
1753711500000,2.8790,2.8870,2.8780,2.886,45664,1753711559999,131613.2090,425,23868,68782.5020,0
1753711560000,2.8870,2.8920,2.8850,2.887,101803,1753711619999,293967.1230,480,39509,114104.6670,0
1753711620000,2.8870,2.8960,2.8860,2.896,85051,1753711679999,245838.9690,435,49342,142680.5520,0
1753711680000,2.8960,2.8980,2.8930,2.894,71513,1753711739999,207047.2280,390,18473,53506.2600,0
1753711740000,2.8940,2.8940,2.8870,2.891,60569,1753711799999,175003.0340,364,15430,44586.0060,0
1753711800000,2.8910,2.8910,2.8810,2.881,59127,1753711859999,170640.1840,383,16455,47480.6920,0
1753711860000,2.8810,2.8870,2.8790,2.879,34373,1753711919999,99109.3390,347,9573,27608.3030,0
1753711920000,2.8800,2.8830,2.8790,2.881,24979,1753711979999,71974.5900,270,10564,30435.5740,0
1753711980000,2.8810,2.8830,2.8800,2.881,55636,1753712039999,160306.2490,233,38858,111960.9340,0
1753712040000,2.8820,2.8830,2.8770,2.879,118358,1753712099999,340861.6240,521,49548,142710.1450,0
1753712100000,2.8800,2.8810,2.8770,2.879,60725,1753712159999,174849.8850,341,29037,83612.1710,0
1753712160000,2.8790,2.8800,2.8660,2.87,237777,1753712219999,682854.6250,955,35376,101627.0950,0
1753712220000,2.8710,2.8710,2.8570,2.86,221662,1753712279999,634713.6830,945,79544,227964.0040,0
1753712280000,2.8600,2.8610,2.8550,2.858,214759,1753712339999,613881.7500,776,79536,227379.7470,0
1753712340000,2.8580,2.8600,2.8500,2.852,296352,1753712399999,845829.4230,981,133626,381598.4100,0
1753712400000,2.8520,2.8540,2.8490,2.852,218424,1753712459999,622795.9580,715,66230,188890.5500,0
1753712460000,2.8520,2.8550,2.8500,2.851,140902,1753712519999,401861.9900,525,59955,170982.0170,0
1753712520000,2.8510,2.8550,2.8470,2.85,237705,1753712579999,677539.9530,797,91882,261942.8210,0
1753712580000,2.8500,2.8540,2.8460,2.851,258324,1753712639999,736272.5640,699,73870,210609.8510,0
1753712640000,2.8510,2.8510,2.8370,2.842,206750,1753712699999,587671.0960,1120,89515,254485.7880,0
1753712700000,2.8430,2.8440,2.8340,2.834,238714,1753712759999,677415.7690,936,60510,171752.7480,0
1753712760000,2.8330,2.8420,2.8280,2.84,274488,1753712819999,777510.0080,1198,112449,318656.5890,0
1753712820000,2.8410,2.8430,2.8340,2.835,154123,1753712879999,437605.8620,583,65610,186290.8650,0
1753712880000,2.8350,2.8440,2.8280,2.841,88730,1753712939999,251485.6700,569,43561,123482.4570,0
1753712940000,2.8410,2.8430,2.8340,2.836,112115,1753712999999,318251.5280,546,41632,118195.5250,0
1753713000000,2.8360,2.8360,2.8250,2.83,219782,1753713059999,621790.7420,831,109748,310534.3110,0
1753713060000,2.8290,2.8410,2.8290,2.841,129166,1753713119999,366113.0810,567,81889,232144.2940,0
1753713120000,2.8410,2.8450,2.8380,2.841,133088,1753713179999,378150.1640,513,61053,173462.8760,0
1753713180000,2.8400,2.8450,2.8380,2.841,79600,1753713239999,226199.7610,496,33674,95682.5790,0
1753713240000,2.8410,2.8430,2.8380,2.838,65940,1753713299999,187333.2810,309,29038,82516.8650,0
1753713300000,2.8380,2.8390,2.8320,2.837,165049,1753713359999,468117.0040,613,59631,169097.3730,0
1753713360000,2.8380,2.8440,2.8370,2.842,75990,1753713419999,215799.4150,421,44056,125124.5010,0
1753713420000,2.8420,2.8520,2.8420,2.85,76230,1753713479999,217108.0360,409,52597,149798.7420,0
1753713480000,2.8500,2.8510,2.8460,2.849,71636,1753713539999,203994.0170,380,33361,95012.2520,0
1753713540000,2.8490,2.8540,2.8480,2.852,68133,1753713599999,194246.2510,343,44922,128077.2760,0
1753713600000,2.8520,2.8520,2.8420,2.842,49594,1753713659999,141214.9400,386,31402,89416.6070,0
1753713660000,2.8430,2.8490,2.8430,2.848,60961,1753713719999,173427.2350,378,43959,125065.7590,0
1753713720000,2.8480,2.8500,2.8440,2.846,35861,1753713779999,102093.4030,298,20102,57234.0670,0
1753713780000,2.8460,2.8550,2.8460,2.852,50262,1753713839999,143324.9400,371,36047,102767.9890,0
1753713840000,2.8530,2.8560,2.8520,2.854,41865,1753713899999,119478.9070,278,27420,78257.3270,0
1753713900000,2.8540,2.8550,2.8480,2.85,41406,1753713959999,118071.9280,319,28189,80383.3780,0
1753713960000,2.8500,2.8500,2.8390,2.84,56185,1753714019999,159805.1150,381,19053,54219.3770,0
1753714020000,2.8400,2.8460,2.8400,2.843,45874,1753714079999,130447.6870,338,33672,95755.0970,0
1753714080000,2.8430,2.8480,2.8430,2.845,28443,1753714139999,80934.4700,275,17042,48487.9080,0
1753714140000,2.8460,2.8480,2.8420,2.843,17511,1753714199999,49824.5640,250,13363,38024.5310,0
1753714200000,2.8440,2.8440,2.8360,2.837,50137,1753714259999,142412.2060,360,23061,65517.6870,0
1753714260000,2.8370,2.8430,2.8350,2.839,67954,1753714319999,192763.1730,411,19350,54937.5740,0
1753714320000,2.8380,2.8450,2.8380,2.84,30715,1753714379999,87279.6100,259,15446,43889.6540,0
1753714380000,2.8400,2.8430,2.8390,2.843,33521,1753714439999,95246.5650,266,19086,54232.9000,0
1753714440000,2.8420,2.8450,2.8400,2.844,29577,1753714499999,84068.4510,276,14660,41673.8290,0
1753714500000,2.8430,2.8460,2.8420,2.842,38996,1753714559999,110925.7920,252,17390,49471.7930,0
1753714560000,2.8420,2.8420,2.8370,2.838,16151,1753714619999,45851.7990,186,5926,16826.0010,0
1753714620000,2.8380,2.8400,2.8310,2.832,43583,1753714679999,123523.1000,316,8943,25368.8390,0
1753714680000,2.8330,2.8330,2.8290,2.833,82706,1753714739999,234135.8510,319,28708,81307.8800,0
1753714740000,2.8320,2.8370,2.8320,2.836,37918,1753714799999,107475.6050,246,27176,77036.7520,0
1753714800000,2.8360,2.8390,2.8360,2.837,39687,1753714859999,112596.7340,453,15010,42594.2120,0
1753714860000,2.8370,2.8400,2.8350,2.839,45837,1753714919999,130076.7510,387,24066,68294.6850,0
1753714920000,2.8390,2.8400,2.8360,2.838,42516,1753714979999,120665.1760,312,14167,40210.9180,0
1753714980000,2.8390,2.8460,2.8380,2.844,34951,1753715039999,99318.1660,355,18545,52700.6820,0
1753715040000,2.8440,2.8440,2.8350,2.838,69865,1753715099999,198366.3470,427,17222,48865.0630,0
1753715100000,2.8370,2.8380,2.8320,2.837,41078,1753715159999,116473.3930,317,25766,73061.1630,0
1753715160000,2.8370,2.8370,2.8310,2.837,31270,1753715219999,88619.9980,321,13446,38113.9150,0
1753715220000,2.8370,2.8400,2.8350,2.837,35183,1753715279999,99814.9940,278,19108,54206.9120,0
1753715280000,2.8370,2.8380,2.8340,2.834,19489,1753715339999,55264.4800,230,9849,27929.8790,0
1753715340000,2.8350,2.8380,2.8330,2.835,42920,1753715399999,121717.1150,325,34301,97275.5730,0
1753715400000,2.8350,2.8360,2.8310,2.835,57380,1753715459999,162628.6270,261,39411,111709.8360,0
1753715460000,2.8340,2.8420,2.8340,2.84,44177,1753715519999,125398.0070,341,36479,103547.8170,0
1753715520000,2.8400,2.8410,2.8380,2.839,35113,1753715579999,99703.9060,215,9707,27560.2890,0
1753715580000,2.8390,2.8420,2.8370,2.841,30642,1753715639999,86993.6290,201,14158,40201.4060,0
1753715640000,2.8420,2.8470,2.8400,2.846,38322,1753715699999,108955.9890,267,25140,71483.8360,0
1753715700000,2.8460,2.8500,2.8430,2.849,42976,1753715759999,122318.6780,322,26928,76665.0450,0
1753715760000,2.8480,2.8550,2.8470,2.853,91636,1753715819999,261222.3160,380,42881,122262.7930,0
1753715820000,2.8540,2.8590,2.8540,2.859,91898,1753715879999,262561.5910,337,61422,175492.4940,0
1753715880000,2.8590,2.8610,2.8580,2.86,52055,1753715939999,148841.6670,263,26424,75557.4700,0
1753715940000,2.8600,2.8610,2.8530,2.855,88826,1753715999999,253789.5970,429,46406,132593.8280,0
1753716000000,2.8540,2.8550,2.8490,2.851,77063,1753716059999,219705.3230,379,34609,98692.4040,0
1753716060000,2.8510,2.8570,2.8510,2.856,35415,1753716119999,101056.5290,266,22609,64520.8160,0
1753716120000,2.8560,2.8600,2.8560,2.86,26076,1753716179999,74514.5860,202,20857,59603.6770,0
1753716180000,2.8600,2.8620,2.8560,2.857,29796,1753716239999,85181.3410,223,12916,36934.3890,0
1753716240000,2.8580,2.8580,2.8500,2.855,20782,1753716299999,59292.2990,239,12538,35769.8070,0
1753716300000,2.8550,2.8560,2.8460,2.846,28885,1753716359999,82362.6300,226,16312,46522.4550,0
1753716360000,2.8470,2.8470,2.8410,2.842,18960,1753716419999,53931.6980,189,9964,28343.5730,0
1753716420000,2.8410,2.8470,2.8400,2.847,22741,1753716479999,64654.6520,267,14253,40526.8300,0
1753716480000,2.8470,2.8530,2.8460,2.852,22624,1753716539999,64462.1710,229,15755,44892.7120,0
1753716540000,2.8520,2.8540,2.8500,2.852,88719,1753716599999,253029.6710,211,23244,66299.9560,0
1753716600000,2.8520,2.8590,2.8510,2.855,45276,1753716659999,129297.9170,305,26853,76674.3540,0
1753716660000,2.8560,2.8600,2.8510,2.86,40302,1753716719999,115062.2980,367,30082,85900.1010,0
1753716720000,2.8590,2.8640,2.8540,2.854,193179,1753716779999,552396.3020,513,75659,216445.0020,0
1753716780000,2.8550,2.8580,2.8540,2.856,34073,1753716839999,97279.4820,223,18171,51888.2540,0
1753716840000,2.8560,2.8580,2.8520,2.854,25591,1753716899999,73054.7100,232,5910,16870.9990,0
1753716900000,2.8540,2.8570,2.8480,2.85,22665,1753716959999,64636.7790,257,12697,36207.1730,0
1753716960000,2.8500,2.8550,2.8480,2.852,22930,1753717019999,65368.5110,284,12516,35686.0260,0
1753717020000,2.8510,2.8510,2.8480,2.849,11622,1753717079999,33117.1800,161,5946,16943.2640,0
1753717080000,2.8480,2.8490,2.8400,2.84,17068,1753717139999,48549.1230,287,5239,14902.0170,0
1753717140000,2.8400,2.8430,2.8380,2.838,24611,1753717199999,69898.9560,205,12176,34589.9760,0
1753717200000,2.8390,2.8400,2.8340,2.839,96185,1753717259999,272733.7750,372,35860,101688.9680,0
1753717260000,2.8390,2.8440,2.8370,2.842,96882,1753717319999,275197.8200,424,34510,98063.3800,0
1753717320000,2.8420,2.8430,2.8400,2.841,11766,1753717379999,33437.9850,156,3588,10196.7930,0
1753717380000,2.8410,2.8410,2.8380,2.84,128440,1753717439999,364659.0240,262,106915,303542.6370,0
1753717440000,2.8400,2.8400,2.8360,2.836,12974,1753717499999,36817.5930,165,4286,12161.1650,0
1753717500000,2.8370,2.8440,2.8350,2.843,16731,1753717559999,47505.9090,261,14311,40635.6540,0
1753717560000,2.8430,2.8470,2.8430,2.846,22580,1753717619999,64245.2450,242,15165,43149.5380,0
1753717620000,2.8460,2.8460,2.8420,2.844,8203,1753717679999,23331.6360,142,4400,12514.8030,0
1753717680000,2.8440,2.8440,2.8370,2.838,42279,1753717739999,120060.4830,260,5068,14399.7290,0
1753717740000,2.8370,2.8370,2.8280,2.829,60286,1753717799999,170669.5940,397,9693,27436.1870,0
1753717800000,2.8290,2.8300,2.8150,2.817,195503,1753717859999,551255.7570,991,36613,103253.7840,0
1753717860000,2.8170,2.8170,2.8060,2.807,590120,1753717919999,1658609.3930,1509,156411,439459.1770,0
1753717920000,2.8080,2.8170,2.8070,2.813,94638,1753717979999,266200.9410,469,47777,134369.6820,0
1753717980000,2.8130,2.8260,2.8130,2.826,77283,1753718039999,218000.5210,425,44225,124732.2390,0
1753718040000,2.8260,2.8270,2.8210,2.823,51828,1753718099999,146322.4800,323,28491,80433.2880,0
1753718100000,2.8240,2.8310,2.8240,2.831,49433,1753718159999,139763.7080,381,30313,85708.3430,0
1753718160000,2.8310,2.8370,2.8290,2.837,33671,1753718219999,95384.7760,337,18328,51934.1570,0
1753718220000,2.8360,2.8360,2.8310,2.832,41018,1753718279999,116186.0180,268,24626,69760.4600,0
1753718280000,2.8310,2.8310,2.8280,2.83,61289,1753718339999,173431.4430,187,10537,29810.3460,0
1753718340000,2.8300,2.8300,2.8250,2.825,33551,1753718399999,94845.4030,178,4078,11528.4780,0
1753718400000,2.8250,2.8260,2.8180,2.822,66240,1753718459999,186886.0320,556,21276,60016.6700,0
1753718460000,2.8230,2.8250,2.8150,2.817,46417,1753718519999,130872.4670,444,18024,50827.6450,0
1753718520000,2.8170,2.8260,2.8170,2.821,81160,1753718579999,228999.9900,486,60469,170622.7560,0
1753718580000,2.8210,2.8210,2.8190,2.821,34195,1753718639999,96438.4240,279,9014,25424.7750,0
1753718640000,2.8210,2.8220,2.8170,2.817,37501,1753718699999,105771.7330,284,24793,69934.2470,0
1753718700000,2.8170,2.8230,2.8160,2.817,28511,1753718759999,80408.3420,320,11678,32931.7280,0
1753718760000,2.8170,2.8190,2.8110,2.818,101825,1753718819999,286552.1760,553,46555,131041.6610,0
1753718820000,2.8180,2.8240,2.8170,2.818,37163,1753718879999,104853.2470,390,17835,50326.3750,0
1753718880000,2.8180,2.8180,2.8140,2.815,20438,1753718939999,57560.4950,280,9301,26197.3590,0
1753718940000,2.8160,2.8180,2.8130,2.813,37461,1753718999999,105468.4970,297,14297,40245.6280,0
1753719000000,2.8140,2.8190,2.8140,2.817,31613,1753719059999,89050.8090,338,20411,57494.8950,0
1753719060000,2.8170,2.8180,2.8130,2.814,34993,1753719119999,98491.9460,287,7836,22058.8300,0
1753719120000,2.8150,2.8150,2.8080,2.811,31502,1753719179999,88548.7930,338,9696,27258.7920,0
1753719180000,2.8110,2.8180,2.8100,2.814,33939,1753719239999,95525.3270,356,14128,39779.2380,0
1753719240000,2.8130,2.8180,2.8130,2.814,31078,1753719299999,87491.1540,286,10277,28937.2040,0
1753719300000,2.8150,2.8250,2.8130,2.822,34942,1753719359999,98565.8780,394,21094,59495.7220,0
1753719360000,2.8230,2.8240,2.8200,2.824,26995,1753719419999,76201.0910,278,9357,26415.1460,0
1753719420000,2.8230,2.8230,2.8150,2.821,27583,1753719479999,77745.7650,315,12860,36236.3220,0
1753719480000,2.8200,2.8230,2.8140,2.815,60749,1753719539999,171145.9580,379,11850,33405.2730,0
1753719540000,2.8150,2.8200,2.8150,2.816,98665,1753719599999,277966.1280,349,55054,155089.9970,0
1753719600000,2.8170,2.8180,2.8110,2.816,43027,1753719659999,121056.2210,360,16749,47121.9670,0
1753719660000,2.8160,2.8160,2.8060,2.811,57482,1753719719999,161545.5960,471,33005,92768.1130,0
1753719720000,2.8120,2.8160,2.8100,2.812,55922,1753719779999,157333.0360,386,29124,81930.9810,0
1753719780000,2.8110,2.8180,2.8110,2.818,42963,1753719839999,120902.9320,314,11252,31657.7470,0
1753719840000,2.8180,2.8180,2.8110,2.813,26199,1753719899999,73715.6790,265,10076,28338.8670,0
1753719900000,2.8130,2.8200,2.8110,2.819,56431,1753719959999,158831.7740,360,16439,46305.1020,0
1753719960000,2.8180,2.8210,2.8160,2.82,17606,1753720019999,49611.4890,241,12171,34294.7180,0
1753720020000,2.8200,2.8210,2.8150,2.821,27185,1753720079999,76587.1660,238,7104,20019.7640,0
1753720080000,2.8200,2.8230,2.8180,2.821,53400,1753720139999,150591.5240,300,21086,59478.3360,0
1753720140000,2.8220,2.8260,2.8210,2.822,63616,1753720199999,179638.7280,308,29517,83354.6160,0
1753720200000,2.8210,2.8230,2.8160,2.823,35083,1753720259999,98919.9840,793,8648,24380.1190,0
1753720260000,2.8220,2.8260,2.8180,2.82,39000,1753720319999,110088.7320,321,23021,64983.3430,0
1753720320000,2.8190,2.8200,2.8100,2.811,71666,1753720379999,201732.2620,368,20910,58845.2580,0
1753720380000,2.8110,2.8160,2.8080,2.814,35437,1753720439999,99658.2070,362,19494,54842.1840,0
1753720440000,2.8140,2.8170,2.8130,2.815,22712,1753720499999,63943.0810,251,8863,24950.5400,0
1753720500000,2.8160,2.8230,2.8160,2.822,47950,1753720559999,135157.4170,382,28593,80590.8830,0
1753720560000,2.8230,2.8270,2.8220,2.824,19844,1753720619999,56051.3840,250,12202,34460.8770,0
1753720620000,2.8230,2.8250,2.8200,2.822,22891,1753720679999,64619.2480,212,13608,38415.7150,0
1753720680000,2.8210,2.8250,2.8200,2.821,15826,1753720739999,44665.5730,207,8544,24116.1400,0
1753720740000,2.8210,2.8240,2.8180,2.819,17488,1753720799999,49345.8750,193,5536,15623.5100,0
1753720800000,2.8190,2.8260,2.8190,2.825,13057,1753720859999,36839.5230,206,9445,26648.6540,0
1753720860000,2.8250,2.8260,2.8220,2.825,19057,1753720919999,53805.1860,252,13084,36938.9580,0
1753720920000,2.8250,2.8290,2.8230,2.825,32570,1753720979999,92025.6240,261,7904,22337.5450,0
1753720980000,2.8260,2.8290,2.8240,2.824,21053,1753721039999,59510.5230,161,16634,47024.2070,0
1753721040000,2.8240,2.8290,2.8220,2.829,42446,1753721099999,119960.2670,254,27154,76758.0460,0
1753721100000,2.8300,2.8330,2.8290,2.832,22242,1753721159999,62959.1910,249,18383,52037.6900,0
1753721160000,2.8310,2.8360,2.8300,2.836,58171,1753721219999,164842.2100,299,45937,130193.7560,0
1753721220000,2.8370,2.8380,2.8320,2.834,40891,1753721279999,115897.4860,248,29269,82965.2240,0
1753721280000,2.8350,2.8380,2.8340,2.838,18401,1753721339999,52201.3940,210,14330,40654.1980,0
1753721340000,2.8380,2.8450,2.8380,2.844,26930,1753721399999,76536.5180,292,23092,65624.4190,0
1753721400000,2.8450,2.8460,2.8350,2.835,77817,1753721459999,220955.5000,349,21113,59929.3420,0
1753721460000,2.8350,2.8350,2.8290,2.831,35069,1753721519999,99309.0470,335,19266,54564.4970,0
1753721520000,2.8310,2.8310,2.8220,2.822,37435,1753721579999,105794.7490,231,13343,37701.1560,0
1753721580000,2.8230,2.8270,2.8210,2.825,35054,1753721639999,99010.4650,329,17730,50072.8600,0
1753721640000,2.8240,2.8280,2.8200,2.822,23489,1753721699999,66342.9660,199,5812,16416.7500,0
1753721700000,2.8210,2.8230,2.8190,2.821,19638,1753721759999,55392.4860,219,9309,26257.3100,0
1753721760000,2.8210,2.8240,2.8210,2.824,16451,1753721819999,46437.5230,163,9804,27681.0570,0
1753721820000,2.8240,2.8240,2.8200,2.822,49892,1753721879999,140765.0820,198,12544,35403.3110,0
1753721880000,2.8230,2.8240,2.8190,2.821,27654,1753721939999,78058.3170,167,17136,48370.5110,0
1753721940000,2.8210,2.8210,2.8180,2.819,34240,1753721999999,96547.5450,163,14110,39795.4040,0
1753722000000,2.8190,2.8230,2.8170,2.823,51196,1753722059999,144447.0890,380,27913,78754.4200,0
1753722060000,2.8230,2.8260,2.8220,2.823,46126,1753722119999,130237.8810,241,12103,34182.7090,0
1753722120000,2.8220,2.8280,2.8220,2.826,60360,1753722179999,170503.1050,491,30120,85087.1800,0
1753722180000,2.8250,2.8280,2.8230,2.827,31693,1753722239999,89559.5220,397,14576,41191.4630,0
1753722240000,2.8270,2.8290,2.8250,2.828,30980,1753722299999,87589.9190,307,14883,42085.9180,0
1753722300000,2.8280,2.8280,2.8210,2.823,14081,1753722359999,39774.7280,263,6086,17183.8260,0
1753722360000,2.8220,2.8250,2.8220,2.823,15028,1753722419999,42435.2830,246,8264,23336.3120,0
1753722420000,2.8230,2.8300,2.8230,2.827,15795,1753722479999,44649.7850,217,12899,36460.8550,0
1753722480000,2.8270,2.8290,2.8250,2.826,29229,1753722539999,82616.9000,191,12709,35928.9230,0
1753722540000,2.8250,2.8270,2.8240,2.827,20824,1753722599999,58827.0000,173,17195,48576.3840,0
1753722600000,2.8280,2.8300,2.8270,2.83,10825,1753722659999,30618.6870,143,6056,17131.9370,0
1753722660000,2.8300,2.8320,2.8280,2.832,45137,1753722719999,127706.1810,315,27083,76632.0250,0
1753722720000,2.8320,2.8320,2.8290,2.83,99562,1753722779999,281868.7990,249,21189,59991.1560,0
1753722780000,2.8290,2.8290,2.8240,2.824,80411,1753722839999,227343.7490,293,16932,47846.2060,0
1753722840000,2.8230,2.8230,2.8190,2.819,78845,1753722899999,222481.5650,298,20865,58882.0970,0
1753722900000,2.8200,2.8200,2.8090,2.809,90800,1753722959999,255598.4230,576,28939,81503.3680,0
1753722960000,2.8090,2.8180,2.8080,2.815,77290,1753723019999,217346.1440,433,46604,131036.4880,0
1753723020000,2.8150,2.8220,2.8150,2.818,83335,1753723079999,234977.7480,427,53094,149745.1180,0
1753723080000,2.8180,2.8180,2.8080,2.809,127811,1753723139999,359307.1060,484,26722,75106.8050,0
1753723140000,2.8090,2.8090,2.8020,2.805,206690,1753723199999,579689.3870,710,77152,216409.7500,0
1753723200000,2.8050,2.8080,2.7930,2.807,213814,1753723259999,598597.4320,1042,49475,138617.7520,0
1753723260000,2.8070,2.8110,2.8050,2.81,99305,1753723319999,278863.1710,540,43421,121951.1510,0
1753723320000,2.8110,2.8140,2.8040,2.805,84249,1753723379999,236737.2100,460,30291,85144.8330,0
1753723380000,2.8050,2.8130,2.8030,2.811,43496,1753723439999,122138.8480,310,18776,52715.6240,0
1753723440000,2.8120,2.8170,2.8110,2.817,54971,1753723499999,154693.7300,288,37808,106399.2980,0
1753723500000,2.8170,2.8190,2.8120,2.819,42688,1753723559999,120173.3890,328,17107,48187.1340,0
1753723560000,2.8190,2.8240,2.8180,2.823,59384,1753723619999,167533.3410,336,30467,85966.1410,0
1753723620000,2.8230,2.8270,2.8230,2.824,26603,1753723679999,75145.6840,242,10766,30414.6140,0
1753723680000,2.8230,2.8270,2.8220,2.826,39532,1753723739999,111643.2910,218,9842,27798.2220,0
1753723740000,2.8270,2.8290,2.8260,2.828,16748,1753723799999,47358.8040,159,10366,29314.5030,0
1753723800000,2.8280,2.8320,2.8270,2.829,37360,1753723859999,105717.5940,379,29597,83756.6850,0
1753723860000,2.8290,2.8310,2.8230,2.823,18805,1753723919999,53160.7530,220,4619,13057.5750,0
1753723920000,2.8230,2.8250,2.8210,2.822,33751,1753723979999,95284.4150,210,17600,49690.4400,0
1753723980000,2.8230,2.8260,2.8150,2.815,30610,1753724039999,86383.3580,279,11005,31076.2070,0
1753724040000,2.8160,2.8210,2.8150,2.815,43792,1753724099999,123405.7750,248,38009,107115.0190,0
1753724100000,2.8150,2.8200,2.8130,2.817,56102,1753724159999,157968.7300,323,17919,50483.5040,0
1753724160000,2.8170,2.8170,2.8100,2.811,19612,1753724219999,55176.3320,266,7156,20129.0390,0
1753724220000,2.8100,2.8150,2.8090,2.812,46505,1753724279999,130781.6720,290,16971,47722.3760,0
1753724280000,2.8130,2.8150,2.8110,2.812,20380,1753724339999,57331.3860,165,12529,35249.4180,0
1753724340000,2.8130,2.8170,2.8100,2.817,25591,1753724399999,71987.3310,256,16706,47005.9400,0
1753724400000,2.8180,2.8190,2.8140,2.815,18401,1753724459999,51838.5740,254,10110,28485.1820,0
1753724460000,2.8150,2.8150,2.8090,2.811,13030,1753724519999,36636.7980,243,7162,20134.3180,0
1753724520000,2.8120,2.8130,2.8080,2.811,19161,1753724579999,53861.6210,243,8417,23661.8450,0
1753724580000,2.8110,2.8120,2.8060,2.806,27253,1753724639999,76517.5960,209,5521,15504.0180,0
1753724640000,2.8060,2.8100,2.8040,2.809,53477,1753724699999,150153.9230,266,8171,22940.8160,0
1753724700000,2.8090,2.8100,2.8040,2.804,25437,1753724759999,71413.6880,283,16542,46445.0700,0
1753724760000,2.8040,2.8050,2.8010,2.804,40853,1753724819999,114490.5370,375,26049,73006.8130,0
1753724820000,2.8050,2.8090,2.8040,2.808,41263,1753724879999,115796.4950,308,28966,81296.1950,0
1753724880000,2.8090,2.8140,2.8090,2.813,30751,1753724939999,86430.6550,254,16401,46103.4050,0
1753724940000,2.8130,2.8130,2.8080,2.808,18244,1753724999999,51276.3630,222,6740,18939.9900,0
1753725000000,2.8080,2.8100,2.8050,2.807,36618,1753725059999,102767.8080,263,18406,51666.6090,0
1753725060000,2.8070,2.8100,2.8060,2.81,16520,1753725119999,46387.6370,153,13360,37515.3880,0
1753725120000,2.8100,2.8110,2.8070,2.807,9390,1753725179999,26383.4750,146,5588,15702.0390,0
1753725180000,2.8070,2.8110,2.8070,2.811,14117,1753725239999,39655.9010,168,6512,18294.1280,0
1753725240000,2.8120,2.8120,2.8070,2.81,16430,1753725299999,46168.5740,179,9716,27301.3720,0
1753725300000,2.8100,2.8120,2.8070,2.807,9775,1753725359999,27459.1980,169,4289,12048.8370,0
1753725360000,2.8070,2.8110,2.8050,2.811,77205,1753725419999,216719.7980,251,11798,33113.6680,0
1753725420000,2.8100,2.8140,2.8090,2.81,6910,1753725479999,19424.1830,149,5036,14155.7520,0
1753725480000,2.8100,2.8120,2.8050,2.805,19650,1753725539999,55172.1560,173,10813,30345.4490,0
1753725540000,2.8040,2.8070,2.8030,2.807,35787,1753725599999,100373.0090,222,21463,60206.4510,0
1753725600000,2.8070,2.8110,2.8060,2.81,54287,1753725659999,152481.2330,372,42122,118323.5480,0
1753725660000,2.8100,2.8100,2.8060,2.81,88721,1753725719999,249167.6380,353,24234,68072.3010,0
1753725720000,2.8090,2.8100,2.8060,2.808,20105,1753725779999,56469.9310,225,11387,31985.6490,0
1753725780000,2.8090,2.8090,2.7970,2.798,126217,1753725839999,353386.8930,521,24828,69498.0600,0
1753725840000,2.7980,2.7980,2.7870,2.789,234386,1753725899999,654347.6760,1006,62539,174632.1260,0
1753725900000,2.7890,2.7900,2.7820,2.782,114431,1753725959999,318691.6510,654,28738,80027.9230,0
1753725960000,2.7830,2.7840,2.7710,2.78,319680,1753726019999,888080.8120,1200,97195,270255.0450,0
1753726020000,2.7800,2.7910,2.7800,2.787,81336,1753726079999,226730.6370,608,53325,148612.1780,0
1753726080000,2.7880,2.7940,2.7860,2.787,111068,1753726139999,309895.4570,484,61258,170982.9560,0
1753726140000,2.7860,2.7860,2.7780,2.785,149766,1753726199999,416615.7530,594,47112,131043.1980,0
1753726200000,2.7840,2.7930,2.7840,2.793,86922,1753726259999,242340.4310,441,55401,154444.6910,0
1753726260000,2.7920,2.7990,2.7920,2.799,46032,1753726319999,128676.9760,435,30577,85485.3630,0
1753726320000,2.7980,2.8000,2.7970,2.8,26428,1753726379999,73967.1880,294,14849,41564.2490,0
1753726380000,2.7990,2.8020,2.7990,2.801,23369,1753726439999,65445.9900,250,6813,19084.8030,0
1753726440000,2.8020,2.8030,2.7990,2.801,13196,1753726499999,36964.3900,205,6780,18992.7150,0
1753726500000,2.8010,2.8030,2.8000,2.8,13656,1753726559999,38265.4830,294,6424,18002.0670,0
1753726560000,2.8000,2.8000,2.7900,2.79,61136,1753726619999,170957.1550,379,10087,28193.0440,0
1753726620000,2.7910,2.7950,2.7880,2.789,26686,1753726679999,74511.7880,311,11973,33432.7970,0
1753726680000,2.7890,2.7930,2.7860,2.786,64428,1753726739999,179734.0400,345,21088,58848.6310,0
1753726740000,2.7850,2.7860,2.7710,2.773,456101,1753726799999,1268051.1300,974,32097,89304.6330,0
1753726800000,2.7730,2.7790,2.7720,2.779,151207,1753726859999,419636.6080,584,53435,148322.8170,0
1753726860000,2.7790,2.7840,2.7790,2.784,92074,1753726919999,256014.5660,411,51846,144174.9500,0
1753726920000,2.7830,2.7900,2.7810,2.789,106001,1753726979999,295234.4240,465,80137,223236.1660,0
1753726980000,2.7890,2.7890,2.7840,2.787,16540,1753727039999,46097.6650,295,6495,18104.2990,0
1753727040000,2.7870,2.7930,2.7860,2.792,76803,1753727099999,214267.0160,324,46958,131025.8620,0
1753727100000,2.7920,2.7950,2.7880,2.788,58927,1753727159999,164449.4170,299,37729,105285.1220,0
1753727160000,2.7880,2.7910,2.7860,2.788,14312,1753727219999,39891.3550,213,6972,19433.6150,0
1753727220000,2.7890,2.7900,2.7860,2.786,36070,1753727279999,100555.6820,233,8482,23653.2280,0
1753727280000,2.7850,2.7860,2.7800,2.784,89122,1753727339999,248033.7960,413,49435,137602.7630,0
1753727340000,2.7850,2.7860,2.7820,2.784,59870,1753727399999,166690.7670,241,9913,27601.4670,0
1753727400000,2.7850,2.7880,2.7780,2.779,105296,1753727459999,292990.2840,398,34832,96962.8890,0
1753727460000,2.7800,2.7820,2.7710,2.774,121347,1753727519999,336752.9510,600,20790,57687.4110,0
1753727520000,2.7740,2.7790,2.7730,2.776,68510,1753727579999,190177.3320,370,30866,85679.2950,0
1753727580000,2.7760,2.7770,2.7680,2.771,132302,1753727639999,366788.9410,594,38025,105473.6960,0
1753727640000,2.7720,2.7740,2.7680,2.773,91437,1753727699999,253433.2550,389,64758,179503.4890,0
1753727700000,2.7740,2.7800,2.7710,2.776,106623,1753727759999,295770.4140,525,30490,84621.0230,0
1753727760000,2.7760,2.7810,2.7750,2.778,88073,1753727819999,244755.0010,390,47285,131444.4540,0
1753727820000,2.7780,2.7810,2.7760,2.779,49432,1753727879999,137339.3210,305,34968,97155.4850,0
1753727880000,2.7800,2.7820,2.7750,2.778,72028,1753727939999,200229.8990,400,32909,91490.9180,0
1753727940000,2.7780,2.7870,2.7780,2.786,45298,1753727999999,126025.0810,374,23729,65992.5710,0
1753728000000,2.7870,2.7900,2.7860,2.789,46839,1753728059999,130616.0090,335,13283,37035.1400,0
1753728060000,2.7890,2.7900,2.7870,2.788,40441,1753728119999,112742.2990,321,12701,35409.0210,0
1753728120000,2.7880,2.7890,2.7850,2.789,25000,1753728179999,69679.0140,189,18089,50420.7330,0
1753728180000,2.7890,2.7920,2.7880,2.79,9763,1753728239999,27238.9620,207,4941,13787.9870,0
1753728240000,2.7900,2.7900,2.7870,2.789,12755,1753728299999,35571.1110,175,9912,27642.7530,0
1753728300000,2.7890,2.7920,2.7830,2.784,25072,1753728359999,69930.1660,315,7906,22056.0890,0
1753728360000,2.7830,2.7850,2.7800,2.784,68845,1753728419999,191609.1930,358,32823,91344.2030,0
1753728420000,2.7840,2.7850,2.7770,2.778,19592,1753728479999,54473.2550,203,10569,29375.4890,0
1753728480000,2.7780,2.7820,2.7770,2.777,102704,1753728539999,285394.9070,347,28592,79442.1770,0
1753728540000,2.7770,2.7790,2.7740,2.776,71369,1753728599999,198113.1690,375,21940,60927.3280,0
1753728600000,2.7770,2.7810,2.7770,2.779,39745,1753728659999,110431.5250,297,28144,78197.2180,0
1753728660000,2.7790,2.7850,2.7780,2.785,17925,1753728719999,49841.7880,328,12286,34170.8890,0
1753728720000,2.7850,2.7850,2.7770,2.777,34899,1753728779999,97033.2700,272,14892,41388.0630,0
1753728780000,2.7780,2.7800,2.7760,2.776,27323,1753728839999,75897.1340,193,6082,16899.3180,0
1753728840000,2.7760,2.7790,2.7730,2.773,78814,1753728899999,218747.2740,311,9319,25872.5770,0
1753728900000,2.7740,2.7780,2.7710,2.772,24872,1753728959999,68990.8510,296,13034,36154.1560,0
1753728960000,2.7720,2.7810,2.7720,2.78,13326,1753729019999,37000.3020,244,9512,26410.3890,0
1753729020000,2.7800,2.7830,2.7800,2.783,15763,1753729079999,43838.6200,190,8912,24786.0770,0
1753729080000,2.7820,2.7820,2.7750,2.776,33412,1753729139999,92832.7750,267,4009,11143.8050,0
1753729140000,2.7760,2.7810,2.7760,2.779,18076,1753729199999,50238.0250,258,13870,38549.7130,0
1753729200000,2.7800,2.7840,2.7780,2.784,51784,1753729259999,144021.7690,459,25034,69641.4380,0
1753729260000,2.7840,2.7840,2.7800,2.783,30891,1753729319999,85931.2120,272,13297,36986.4630,0
1753729320000,2.7830,2.7850,2.7810,2.782,34957,1753729379999,97310.5760,260,8245,22957.0960,0
1753729380000,2.7830,2.7970,2.7810,2.796,288526,1753729439999,804317.3270,1133,248351,692112.4170,0
1753729440000,2.7960,2.7990,2.7930,2.797,75188,1753729499999,210163.8720,364,50042,139899.7780,0
1753729500000,2.7970,2.8000,2.7960,2.798,55990,1753729559999,156667.6730,309,34644,96934.1560,0
1753729560000,2.7990,2.8010,2.7980,2.801,39024,1753729619999,109273.9890,290,23915,66968.1410,0
1753729620000,2.8010,2.8010,2.7980,2.8,34897,1753729679999,97694.6650,237,14504,40604.8650,0
1753729680000,2.8000,2.8000,2.7910,2.791,39280,1753729739999,109797.9150,260,11553,32319.9630,0
1753729740000,2.7910,2.7950,2.7900,2.79,35720,1753729799999,99751.2530,236,12573,35114.2230,0
1753729800000,2.7900,2.7920,2.7890,2.791,30987,1753729859999,86474.5650,275,14917,41626.9220,0
1753729860000,2.7920,2.7940,2.7900,2.793,29975,1753729919999,83701.4660,310,9464,26425.8620,0
1753729920000,2.7940,2.7950,2.7890,2.792,32988,1753729979999,92122.5300,318,12611,35215.7530,0
1753729980000,2.7920,2.7940,2.7910,2.792,18734,1753730039999,52309.5490,236,7086,19789.0520,0
1753730040000,2.7920,2.7960,2.7910,2.793,62512,1753730099999,174660.2380,358,35312,98663.2410,0
1753730100000,2.7940,2.7970,2.7880,2.789,49252,1753730159999,137594.0710,344,25731,71893.9780,0
1753730160000,2.7900,2.7910,2.7850,2.788,39084,1753730219999,108911.1130,308,16375,45631.3900,0
1753730220000,2.7880,2.7980,2.7880,2.796,54270,1753730279999,151692.0500,413,29138,81459.6680,0
1753730280000,2.7970,2.7990,2.7930,2.794,16207,1753730339999,45332.7270,261,9868,27603.5690,0
1753730340000,2.7950,2.7960,2.7920,2.792,23233,1753730399999,64915.7890,214,11669,32603.8770,0
1753730400000,2.7910,2.7920,2.7880,2.79,27562,1753730459999,76900.7480,199,13327,37180.9240,0
1753730460000,2.7910,2.7990,2.7910,2.799,20354,1753730519999,56921.8590,276,17654,49375.0200,0
1753730520000,2.8000,2.8000,2.7950,2.797,10357,1753730579999,28977.8480,156,6805,19040.6780,0
1753730580000,2.7960,2.7970,2.7930,2.795,30668,1753730639999,85720.4890,209,25206,70453.5660,0
1753730640000,2.7950,2.8000,2.7940,2.8,30713,1753730699999,85895.2910,232,20692,57884.8030,0
1753730700000,2.8000,2.8000,2.7960,2.796,40644,1753730759999,113712.9430,273,12967,36289.7410,0
1753730760000,2.7960,2.8010,2.7960,2.801,18183,1753730819999,50888.1360,180,9962,27874.9840,0
1753730820000,2.8010,2.8020,2.7990,2.802,14341,1753730879999,40165.4680,179,9750,27310.6230,0
1753730880000,2.8010,2.8020,2.7920,2.795,48815,1753730939999,136538.4080,286,11694,32684.8450,0
1753730940000,2.7940,2.7970,2.7930,2.794,10610,1753730999999,29650.5080,168,6754,18873.0640,0
1753731000000,2.7940,2.7940,2.7760,2.777,333489,1753731059999,929525.6160,1112,66248,184415.5980,0
1753731060000,2.7780,2.7790,2.7760,2.778,35030,1753731119999,97307.6000,251,18099,50281.6420,0
1753731120000,2.7790,2.7830,2.7780,2.781,26761,1753731179999,74427.1830,232,18008,50079.1340,0
1753731180000,2.7820,2.7820,2.7780,2.779,17100,1753731239999,47534.5270,195,8571,23826.3060,0
1753731240000,2.7800,2.7800,2.7750,2.776,17419,1753731299999,48375.0320,155,4965,13791.1610,0
1753731300000,2.7760,2.7770,2.7740,2.776,7435,1753731359999,20634.2280,148,3514,9752.5750,0
1753731360000,2.7770,2.7790,2.7740,2.777,19455,1753731419999,54014.1750,251,13580,37702.3540,0
1753731420000,2.7770,2.7790,2.7750,2.776,23942,1753731479999,66491.4780,200,6751,18748.5530,0
1753731480000,2.7760,2.7770,2.7740,2.774,11616,1753731539999,32235.9410,141,931,2584.1640,0
1753731540000,2.7750,2.7750,2.7710,2.772,8240,1753731599999,22851.7370,152,2494,6919.5230,0
1753731600000,2.7720,2.7730,2.7660,2.771,172064,1753731659999,476467.0770,543,13356,36995.8030,0
1753731660000,2.7710,2.7750,2.7710,2.771,19977,1753731719999,55396.0440,257,2846,7892.8650,0
1753731720000,2.7720,2.7720,2.7670,2.767,11803,1753731779999,32686.2210,136,3452,9559.9770,0
1753731780000,2.7670,2.7680,2.7650,2.765,39988,1753731839999,110626.0690,224,16904,46772.4290,0
1753731840000,2.7650,2.7670,2.7620,2.763,48738,1753731899999,134713.9690,381,14831,41003.2250,0
1753731900000,2.7640,2.7660,2.7580,2.759,78168,1753731959999,215840.0110,477,20734,57296.9720,0
1753731960000,2.7580,2.7620,2.7580,2.76,54967,1753732019999,151668.1750,310,20629,56937.1160,0
1753732020000,2.7610,2.7650,2.7610,2.761,60204,1753732079999,166308.1580,272,14789,40864.8660,0
1753732080000,2.7610,2.7620,2.7590,2.759,57226,1753732139999,157925.0890,191,9547,26360.6920,0
1753732140000,2.7590,2.7640,2.7590,2.763,26264,1753732199999,72515.6920,216,16675,46047.7880,0
1753732200000,2.7630,2.7680,2.7630,2.764,49366,1753732259999,136554.6630,325,28836,79760.5460,0
1753732260000,2.7640,2.7710,2.7630,2.77,31003,1753732319999,85749.2780,269,26737,73950.1300,0
1753732320000,2.7700,2.7740,2.7690,2.774,40229,1753732379999,111477.7430,284,32142,89075.5960,0
1753732380000,2.7740,2.7790,2.7740,2.778,30132,1753732439999,83648.9330,228,18831,52284.5070,0
1753732440000,2.7780,2.7800,2.7760,2.779,28060,1753732499999,77958.9960,182,19731,54821.5540,0
1753732500000,2.7790,2.7810,2.7780,2.781,30969,1753732559999,86071.2930,228,17102,47535.4090,0
1753732560000,2.7800,2.7820,2.7780,2.78,14573,1753732619999,40512.2540,150,5390,14987.4330,0
1753732620000,2.7800,2.7840,2.7770,2.778,25782,1753732679999,71698.5480,213,18360,51068.3740,0
1753732680000,2.7790,2.7820,2.7790,2.781,14270,1753732739999,39685.6030,121,4844,13471.6050,0
1753732740000,2.7810,2.7820,2.7780,2.782,24946,1753732799999,69352.5610,185,4738,13171.6870,0
1753732800000,2.7810,2.7870,2.7760,2.777,210829,1753732859999,586104.7650,791,78564,218499.9580,0
1753732860000,2.7780,2.7800,2.7760,2.778,25276,1753732919999,70216.6240,203,18918,52557.0760,0
1753732920000,2.7790,2.7860,2.7780,2.785,39825,1753732979999,110785.8830,266,24744,68809.9530,0
1753732980000,2.7850,2.7860,2.7790,2.78,18248,1753733039999,50778.1060,217,3574,9943.8940,0
1753733040000,2.7800,2.7810,2.7770,2.781,16601,1753733099999,46131.4590,181,7387,20526.5000,0
1753733100000,2.7810,2.7820,2.7750,2.775,68195,1753733159999,189490.0690,304,13028,36187.3500,0
1753733160000,2.7760,2.7780,2.7680,2.768,35818,1753733219999,99331.1770,303,10743,29800.3290,0
1753733220000,2.7690,2.7720,2.7660,2.766,44117,1753733279999,122129.4450,309,14788,40938.8730,0
1753733280000,2.7670,2.7720,2.7670,2.769,15099,1753733339999,41817.2040,229,6345,17570.7130,0
1753733340000,2.7690,2.7720,2.7670,2.768,13416,1753733399999,37158.7600,159,4175,11559.0060,0
1753733400000,2.7690,2.7690,2.7650,2.766,21887,1753733459999,60545.3400,231,7918,21902.8020,0
1753733460000,2.7660,2.7660,2.7620,2.763,27713,1753733519999,76580.9980,273,8753,24188.0710,0
1753733520000,2.7630,2.7640,2.7590,2.759,17679,1753733579999,48813.8220,244,2168,5987.6350,0
1753733580000,2.7600,2.7650,2.7600,2.762,22660,1753733639999,62613.8660,250,8603,23768.3430,0
1753733640000,2.7620,2.7640,2.7600,2.76,18480,1753733699999,51045.7150,146,6373,17605.1980,0
1753733700000,2.7610,2.7660,2.7600,2.765,37606,1753733759999,103871.3980,292,20088,55497.8480,0
1753733760000,2.7660,2.7660,2.7590,2.759,13885,1753733819999,38359.3650,186,4713,13018.7200,0
1753733820000,2.7590,2.7600,2.7570,2.758,49212,1753733879999,135752.8380,326,7323,20202.9060,0
1753733880000,2.7580,2.7630,2.7570,2.763,35018,1753733939999,96620.8630,347,14822,40919.3800,0
1753733940000,2.7620,2.7670,2.7620,2.766,51251,1753733999999,141628.6220,264,33272,91954.4730,0
1753734000000,2.7660,2.7670,2.7640,2.765,35040,1753734059999,96905.2870,305,21157,58509.3420,0
1753734060000,2.7650,2.7670,2.7630,2.763,12406,1753734119999,34300.5290,267,8552,23645.3180,0
1753734120000,2.7640,2.7650,2.7610,2.761,20196,1753734179999,55803.8620,252,10796,29828.3890,0
1753734180000,2.7610,2.7610,2.7580,2.761,7861,1753734239999,21695.6650,192,4360,12033.7140,0
1753734240000,2.7620,2.7630,2.7590,2.761,35716,1753734299999,98621.6650,258,15343,42360.4760,0
1753734300000,2.7610,2.7620,2.7580,2.758,33310,1753734359999,91910.6630,159,5143,14190.1310,0
1753734360000,2.7580,2.7610,2.7540,2.755,60729,1753734419999,167409.7500,398,29487,81307.5520,0
1753734420000,2.7540,2.7570,2.7480,2.75,176739,1753734479999,486238.7030,690,34882,96038.0280,0
1753734480000,2.7500,2.7550,2.7480,2.749,123581,1753734539999,340000.6930,576,56207,154685.5970,0
1753734540000,2.7490,2.7500,2.7340,2.744,614518,1753734599999,1685936.9500,1415,83458,229243.2250,0
1753734600000,2.7450,2.7490,2.7430,2.748,118350,1753734659999,325030.4910,528,70927,194810.6590,0
1753734660000,2.7490,2.7540,2.7480,2.75,73035,1753734719999,200917.8910,402,36150,99453.3170,0
1753734720000,2.7500,2.7550,2.7480,2.755,52552,1753734779999,144559.2230,345,36558,100576.0580,0
1753734780000,2.7550,2.7600,2.7540,2.759,52759,1753734839999,145446.5190,340,24035,66264.8980,0
1753734840000,2.7600,2.7600,2.7540,2.757,40633,1753734899999,111990.6260,304,27701,76340.8170,0
1753734900000,2.7570,2.7580,2.7540,2.757,32182,1753734959999,88664.7970,227,17028,46910.7080,0
1753734960000,2.7580,2.7620,2.7560,2.762,18888,1753735019999,52123.4370,248,12240,33779.1540,0
1753735020000,2.7620,2.7620,2.7580,2.761,48848,1753735079999,134853.1120,241,9825,27115.2840,0
1753735080000,2.7610,2.7610,2.7520,2.754,19658,1753735139999,54187.0170,268,6246,17208.2330,0
1753735140000,2.7550,2.7600,2.7550,2.757,17792,1753735199999,49073.1250,217,13031,35941.7760,0
1753735200000,2.7580,2.7600,2.7550,2.757,50780,1753735259999,139978.6740,259,28757,79263.2030,0
1753735260000,2.7570,2.7570,2.7500,2.751,17990,1753735319999,49547.7410,242,7650,21070.6160,0
1753735320000,2.7510,2.7530,2.7490,2.75,22907,1753735379999,63006.6770,266,6616,18203.4030,0
1753735380000,2.7510,2.7510,2.7480,2.749,17266,1753735439999,47474.4220,216,3082,8475.5640,0
1753735440000,2.7500,2.7510,2.7470,2.747,13684,1753735499999,37624.4560,181,6351,17466.8520,0
1753735500000,2.7470,2.7530,2.7460,2.753,29952,1753735559999,82353.4230,779,12512,34407.6660,0
1753735560000,2.7540,2.7560,2.7540,2.754,16485,1753735619999,45424.2650,205,4847,13353.8860,0
1753735620000,2.7540,2.7540,2.7430,2.745,70160,1753735679999,192665.5480,277,7990,21942.3390,0
1753735680000,2.7450,2.7490,2.7440,2.747,19642,1753735739999,53942.4520,231,11507,31595.5010,0
1753735740000,2.7460,2.7470,2.7400,2.74,65500,1753735799999,179694.2750,294,7415,20355.0760,0
1753735800000,2.7400,2.7470,2.7400,2.746,34956,1753735859999,95938.8140,291,19306,52989.9400,0
1753735860000,2.7460,2.7510,2.7450,2.751,28729,1753735919999,78925.0270,224,9684,26616.4610,0
1753735920000,2.7510,2.7510,2.7460,2.746,23963,1753735979999,65864.2660,229,7984,21939.6260,0
1753735980000,2.7470,2.7510,2.7470,2.751,10244,1753736039999,28158.3980,156,6399,17588.6850,0
1753736040000,2.7510,2.7610,2.7510,2.76,44911,1753736099999,123794.2380,330,36837,101550.3580,0
1753736100000,2.7600,2.7640,2.7590,2.763,11632,1753736159999,32122.3340,168,6769,18696.2050,0
1753736160000,2.7630,2.7630,2.7590,2.762,16366,1753736219999,45178.5960,179,7620,21038.1970,0
1753736220000,2.7620,2.7630,2.7590,2.759,8949,1753736279999,24700.7090,139,2620,7232.3000,0
1753736280000,2.7580,2.7590,2.7560,2.756,31112,1753736339999,85791.1480,186,7747,21362.1510,0
1753736340000,2.7570,2.7580,2.7540,2.754,13787,1753736399999,37999.5460,176,7216,19893.1270,0
1753736400000,2.7540,2.7570,2.7500,2.754,51455,1753736459999,141608.4690,1163,18746,51603.3190,0
1753736460000,2.7540,2.7550,2.7520,2.752,78467,1753736519999,216062.5820,319,48468,133451.9590,0
1753736520000,2.7510,2.7570,2.7510,2.757,23738,1753736579999,65390.7760,189,9446,26017.0010,0
1753736580000,2.7570,2.7570,2.7540,2.757,28417,1753736639999,78316.7530,251,13537,37312.1320,0
1753736640000,2.7570,2.7600,2.7560,2.759,40729,1753736699999,112369.2630,230,20131,55537.5710,0
1753736700000,2.7590,2.7620,2.7560,2.759,22517,1753736759999,62127.4160,295,6487,17902.5500,0
1753736760000,2.7600,2.7640,2.7580,2.758,19388,1753736819999,53526.2560,216,9613,26536.2120,0
1753736820000,2.7580,2.7590,2.7540,2.755,32242,1753736879999,88868.9330,200,12864,35476.0900,0
1753736880000,2.7550,2.7600,2.7550,2.756,38015,1753736939999,104790.4550,267,20395,56211.1500,0
1753736940000,2.7570,2.7580,2.7530,2.754,17061,1753736999999,47020.0870,165,11620,32029.6390,0
1753737000000,2.7540,2.7570,2.7510,2.755,32255,1753737059999,88840.2590,299,16100,44338.9040,0
1753737060000,2.7550,2.7630,2.7550,2.762,40909,1753737119999,112869.1120,338,26180,72232.0980,0
1753737120000,2.7620,2.7630,2.7590,2.761,17600,1753737179999,48604.3760,203,3511,9694.5610,0
1753737180000,2.7610,2.7620,2.7550,2.756,54193,1753737239999,149518.4880,224,15703,43353.3330,0
1753737240000,2.7560,2.7600,2.7550,2.755,54411,1753737299999,150075.9170,332,14790,40798.8040,0
1753737300000,2.7560,2.7610,2.7560,2.757,31122,1753737359999,85833.6680,295,10818,29847.5070,0
1753737360000,2.7570,2.7580,2.7540,2.756,13852,1753737419999,38173.3110,188,4408,12146.7160,0
1753737420000,2.7560,2.7570,2.7520,2.756,11371,1753737479999,31324.3440,170,2580,7106.5890,0
1753737480000,2.7570,2.7580,2.7520,2.752,25929,1753737539999,71417.0690,186,18677,51441.6270,0
1753737540000,2.7520,2.7540,2.7500,2.752,15142,1753737599999,41669.2170,171,7276,20024.3400,0
1753737600000,2.7520,2.7520,2.7470,2.752,13687,1753737659999,37627.4630,222,6097,16760.4540,0
1753737660000,2.7520,2.7560,2.7480,2.749,14250,1753737719999,39209.6510,225,3222,8865.5900,0
1753737720000,2.7490,2.7490,2.7470,2.747,20240,1753737779999,55602.6360,119,8029,22057.3610,0
1753737780000,2.7470,2.7470,2.7400,2.74,36101,1753737839999,99062.3970,249,373,1022.9770,0
1753737840000,2.7410,2.7450,2.7390,2.739,31565,1753737899999,86527.6150,273,6433,17640.1350,0
1753737900000,2.7390,2.7400,2.7310,2.731,61873,1753737959999,169212.9660,488,13791,37740.1590,0
1753737960000,2.7310,2.7380,2.7310,2.736,78047,1753738019999,213452.3430,440,17934,49052.8150,0
1753738020000,2.7360,2.7440,2.7360,2.743,40739,1753738079999,111662.2480,340,13936,38206.6700,0
1753738080000,2.7430,2.7480,2.7420,2.748,19493,1753738139999,53487.7720,191,8559,23494.8230,0
1753738140000,2.7470,2.7470,2.7440,2.745,8650,1753738199999,23747.0500,101,1106,3036.1850,0
1753738200000,2.7450,2.7450,2.7390,2.741,14990,1753738259999,41093.8970,230,8098,22196.3380,0
1753738260000,2.7420,2.7530,2.7410,2.752,29075,1753738319999,79898.8150,257,24999,68709.2880,0
1753738320000,2.7530,2.7600,2.7530,2.76,43506,1753738379999,119891.1560,277,18563,51171.7260,0
1753738380000,2.7600,2.7610,2.7560,2.757,19745,1753738439999,54472.5990,256,12991,35845.4050,0
1753738440000,2.7580,2.7620,2.7550,2.761,10726,1753738499999,29591.2480,139,8016,22120.3960,0
1753738500000,2.7610,2.7680,2.7610,2.767,18944,1753738559999,52378.8780,206,16252,44931.6550,0
1753738560000,2.7660,2.7720,2.7650,2.771,30397,1753738619999,84161.9140,228,20456,56639.0900,0
1753738620000,2.7720,2.7720,2.7640,2.768,45213,1753738679999,125112.5830,293,10590,29298.0960,0
1753738680000,2.7680,2.7700,2.7680,2.77,20630,1753738739999,57132.4050,131,9473,26231.3120,0
1753738740000,2.7690,2.7730,2.7670,2.772,30349,1753738799999,84086.5550,228,24280,67277.6070,0
1753738800000,2.7730,2.7750,2.7710,2.775,39964,1753738859999,110795.7130,287,22762,63112.4590,0
1753738860000,2.7740,2.7740,2.7710,2.772,20500,1753738919999,56834.2930,172,11907,33008.1220,0
1753738920000,2.7730,2.7730,2.7710,2.773,11063,1753738979999,30666.9600,106,8176,22665.9020,0
1753738980000,2.7730,2.7750,2.7720,2.775,16969,1753739039999,47062.6110,213,5316,14746.3190,0
1753739040000,2.7750,2.7760,2.7730,2.775,18105,1753739099999,50235.0320,163,15105,41912.6440,0
1753739100000,2.7760,2.7770,2.7750,2.777,26282,1753739159999,72947.6080,237,13792,38286.9030,0
1753739160000,2.7760,2.7770,2.7730,2.774,28542,1753739219999,79184.8350,287,2242,6224.0770,0
1753739220000,2.7740,2.7740,2.7710,2.771,11956,1753739279999,33140.9970,225,815,2260.0530,0
1753739280000,2.7720,2.7720,2.7660,2.767,11565,1753739339999,32016.8840,200,1322,3662.4850,0
1753739340000,2.7660,2.7660,2.7590,2.759,20689,1753739399999,57173.1100,295,6335,17518.1050,0
1753739400000,2.7590,2.7600,2.7580,2.758,5580,1753739459999,15394.8200,147,2417,6669.4330,0
1753739460000,2.7580,2.7590,2.7550,2.757,15694,1753739519999,43261.7400,302,9879,27233.7870,0
1753739520000,2.7570,2.7590,2.7570,2.758,7674,1753739579999,21163.8340,171,3501,9657.1950,0
1753739580000,2.7580,2.7580,2.7500,2.75,28296,1753739639999,77928.3900,344,9666,26613.3100,0
1753739640000,2.7500,2.7540,2.7500,2.751,6440,1753739699999,17721.3880,165,2963,8152.5070,0
1753739700000,2.7510,2.7520,2.7480,2.75,16746,1753739759999,46049.2200,264,4992,13727.6650,0
1753739760000,2.7500,2.7500,2.7430,2.743,17106,1753739819999,46974.6540,329,939,2579.5830,0
1753739820000,2.7440,2.7450,2.7420,2.744,18902,1753739879999,51861.2010,213,10978,30121.6740,0
1753739880000,2.7450,2.7510,2.7450,2.751,31243,1753739939999,85880.4670,325,17621,48441.3730,0
1753739940000,2.7520,2.7540,2.7510,2.751,10939,1753739999999,30109.5820,229,5196,14303.0330,0
1753740000000,2.7510,2.7560,2.7490,2.756,55193,1753740059999,151909.4530,454,32704,90003.7670,0
1753740060000,2.7560,2.7600,2.7540,2.757,43380,1753740119999,119579.1580,376,30174,83182.9590,0
1753740120000,2.7580,2.7610,2.7550,2.756,91396,1753740179999,252018.7120,614,41105,113361.8900,0
1753740180000,2.7560,2.7590,2.7550,2.757,29594,1753740239999,81591.3870,240,19164,52835.7210,0
1753740240000,2.7570,2.7580,2.7520,2.753,29142,1753740299999,80279.8260,162,5589,15395.2370,0
1753740300000,2.7530,2.7570,2.7530,2.756,23993,1753740359999,66091.7450,235,17721,48818.4890,0
1753740360000,2.7570,2.7590,2.7560,2.758,17622,1753740419999,48591.4510,122,7089,19545.1910,0
1753740420000,2.7580,2.7610,2.7580,2.758,16563,1753740479999,45701.9210,173,7888,21764.3770,0
1753740480000,2.7590,2.7590,2.7560,2.757,11946,1753740539999,32947.7760,143,7707,21258.8100,0
1753740540000,2.7560,2.7560,2.7490,2.749,25527,1753740599999,70210.5410,207,1510,4154.1080,0
1753740600000,2.7490,2.7520,2.7480,2.751,33810,1753740659999,92977.1560,330,29098,80024.9570,0
1753740660000,2.7510,2.7510,2.7410,2.742,28431,1753740719999,78040.2520,374,8140,22335.0260,0
1753740720000,2.7420,2.7480,2.7410,2.746,64215,1753740779999,176326.7390,363,51573,141620.7110,0
1753740780000,2.7460,2.7530,2.7460,2.75,23865,1753740839999,65637.2630,225,11188,30767.3970,0
1753740840000,2.7510,2.7540,2.7500,2.754,26208,1753740899999,72126.4870,201,17542,48286.5860,0
1753740900000,2.7540,2.7560,2.7480,2.75,61201,1753740959999,168419.2670,310,44876,123468.8070,0
1753740960000,2.7500,2.7510,2.7470,2.751,18878,1753741019999,51889.4920,171,5140,14132.6730,0
1753741020000,2.7510,2.7570,2.7510,2.756,15944,1753741079999,43916.1700,242,7355,20258.8590,0
1753741080000,2.7570,2.7580,2.7550,2.757,8594,1753741139999,23695.5830,120,3628,10002.0660,0
1753741140000,2.7580,2.7590,2.7500,2.751,64680,1753741199999,178301.4730,375,26254,72410.1950,0
1753741200000,2.7510,2.7530,2.7470,2.747,25425,1753741259999,69936.7260,277,14139,38903.0930,0
1753741260000,2.7460,2.7500,2.7450,2.747,28900,1753741319999,79402.2890,262,23847,65525.2740,0
1753741320000,2.7460,2.7470,2.7430,2.744,16857,1753741379999,46270.2980,143,6637,18219.8100,0
1753741380000,2.7450,2.7460,2.7440,2.744,17763,1753741439999,48752.2170,164,7152,19628.9970,0
1753741440000,2.7450,2.7500,2.7440,2.749,8104,1753741499999,22259.0090,172,6818,18727.1430,0
1753741500000,2.7490,2.7500,2.7470,2.749,10823,1753741559999,29746.9190,116,5935,16313.3720,0
1753741560000,2.7500,2.7530,2.7470,2.753,20509,1753741619999,56425.7930,180,14291,39323.1640,0
1753741620000,2.7540,2.7560,2.7530,2.754,15358,1753741679999,42298.1670,210,7976,21969.2530,0
1753741680000,2.7530,2.7530,2.7500,2.751,5618,1753741739999,15460.2570,149,2685,7388.1030,0
1753741740000,2.7500,2.7500,2.7470,2.749,16246,1753741799999,44660.5050,144,2037,5599.6020,0
1753741800000,2.7490,2.7500,2.7420,2.742,21158,1753741859999,58102.6810,306,6304,17306.7290,0
1753741860000,2.7420,2.7420,2.7380,2.739,69742,1753741919999,191076.4000,310,18612,50995.1300,0
1753741920000,2.7390,2.7440,2.7390,2.741,25331,1753741979999,69452.3260,270,14386,39437.2130,0
1753741980000,2.7400,2.7430,2.7360,2.737,29745,1753742039999,81491.5970,211,2380,6523.5080,0
1753742040000,2.7370,2.7400,2.7350,2.736,37870,1753742099999,103679.4900,238,22757,62308.0500,0
1753742100000,2.7350,2.7380,2.7330,2.736,49659,1753742159999,135834.2870,305,9573,26194.1930,0
1753742160000,2.7370,2.7430,2.7360,2.742,18822,1753742219999,51570.3390,223,11637,31894.6740,0
1753742220000,2.7420,2.7430,2.7370,2.742,29467,1753742279999,80738.4500,214,15603,42755.4540,0
1753742280000,2.7430,2.7450,2.7380,2.739,22280,1753742339999,61106.1700,263,7067,19382.5340,0
1753742340000,2.7390,2.7420,2.7360,2.737,13875,1753742399999,38021.0650,193,5357,14682.0730,0
1753742400000,2.7370,2.7370,2.7290,2.729,118284,1753742459999,323288.8050,407,10748,29381.5070,0
1753742460000,2.7300,2.7300,2.7220,2.725,188578,1753742519999,513983.2950,687,67278,183349.8540,0
1753742520000,2.7260,2.7300,2.7250,2.729,65198,1753742579999,177797.1130,436,29194,79606.7130,0
1753742580000,2.7300,2.7300,2.7170,2.721,67745,1753742639999,184420.4170,457,19017,51783.7260,0
1753742640000,2.7220,2.7320,2.7220,2.729,84584,1753742699999,230748.5300,484,59198,161461.0680,0
1753742700000,2.7290,2.7320,2.7260,2.729,86950,1753742759999,237271.1730,349,20336,55491.6410,0
1753742760000,2.7280,2.7310,2.7260,2.731,27651,1753742819999,75455.0950,229,15334,41845.3180,0
1753742820000,2.7310,2.7310,2.7270,2.73,17956,1753742879999,49009.3830,171,14270,38950.7100,0
1753742880000,2.7300,2.7410,2.7300,2.74,27426,1753742939999,75012.3910,293,21418,58580.2440,0
1753742940000,2.7400,2.7410,2.7360,2.737,23989,1753742999999,65681.5450,212,12260,33567.9340,0
1753743000000,2.7380,2.7420,2.7370,2.737,22608,1753743059999,61932.4500,207,13674,37457.5100,0
1753743060000,2.7380,2.7430,2.7380,2.742,16192,1753743119999,44391.3970,170,13831,37918.7430,0
1753743120000,2.7420,2.7440,2.7410,2.742,11952,1753743179999,32785.3700,150,6999,19199.4650,0
1753743180000,2.7440,2.7460,2.7410,2.744,260801,1753743239999,715673.9740,482,231199,634477.2770,0
1753743240000,2.7440,2.7460,2.7370,2.738,234994,1753743299999,644133.3420,462,66047,181254.2610,0
1753743300000,2.7380,2.7380,2.7310,2.732,240572,1753743359999,657954.6850,607,57909,158295.5930,0
1753743360000,2.7330,2.7350,2.7310,2.734,18044,1753743419999,49317.4460,158,3956,10813.1310,0
1753743420000,2.7340,2.7370,2.7310,2.737,9940,1753743479999,27176.7010,138,3218,8801.1300,0
1753743480000,2.7360,2.7370,2.7350,2.735,10206,1753743539999,27921.0970,128,3560,9740.1490,0
1753743540000,2.7350,2.7370,2.7340,2.737,24942,1753743599999,68224.3820,153,20249,55384.8390,0
1753743600000,2.7380,2.7390,2.7350,2.735,44631,1753743659999,122158.4670,424,19128,52366.4870,0
1753743660000,2.7360,2.7390,2.7310,2.732,38703,1753743719999,105790.6160,232,2098,5742.2160,0
1753743720000,2.7320,2.7350,2.7300,2.733,26274,1753743779999,71789.5170,264,14462,39516.8780,0
1753743780000,2.7320,2.7330,2.7290,2.732,35362,1753743839999,96556.2670,314,10559,28834.9700,0
1753743840000,2.7330,2.7370,2.7330,2.735,23506,1753743899999,64294.2960,230,17373,47515.0840,0
1753743900000,2.7350,2.7410,2.7350,2.741,21865,1753743959999,59883.9740,192,9329,25544.6390,0
1753743960000,2.7420,2.7480,2.7420,2.746,20205,1753744019999,55476.8240,277,9927,27253.4290,0
1753744020000,2.7450,2.7450,2.7420,2.742,22541,1753744079999,61823.8090,153,17223,47236.8230,0
1753744080000,2.7420,2.7420,2.7360,2.738,39072,1753744139999,107022.3190,228,9394,25728.7810,0
1753744140000,2.7390,2.7400,2.7360,2.736,9754,1753744199999,26703.9320,134,4084,11181.5590,0
1753744200000,2.7370,2.7400,2.7370,2.738,16265,1753744259999,44540.1060,255,9588,26256.7120,0
1753744260000,2.7380,2.7380,2.7340,2.734,29099,1753744319999,79630.9620,199,2060,5636.9750,0
1753744320000,2.7340,2.7380,2.7340,2.735,13962,1753744379999,38203.1940,229,10032,27450.4630,0
1753744380000,2.7350,2.7350,2.7320,2.732,25060,1753744439999,68483.4150,237,10830,29593.5410,0
1753744440000,2.7330,2.7360,2.7320,2.735,10606,1753744499999,29001.3590,153,3133,8566.8680,0
1753744500000,2.7360,2.7390,2.7350,2.738,16611,1753744559999,45467.6030,183,6333,17336.1440,0
1753744560000,2.7380,2.7390,2.7340,2.737,52434,1753744619999,143517.3930,252,10214,27963.4710,0
1753744620000,2.7380,2.7400,2.7350,2.736,14975,1753744679999,40996.2810,186,8613,23581.7400,0
1753744680000,2.7370,2.7380,2.7320,2.737,12447,1753744739999,34057.3300,140,9207,25193.2470,0
1753744740000,2.7380,2.7400,2.7370,2.739,6359,1753744799999,17414.9970,130,3709,10157.7560,0
1753744800000,2.7400,2.7410,2.7370,2.74,13732,1753744859999,37616.9550,161,6674,18278.8520,0
1753744860000,2.7400,2.7430,2.7390,2.743,9611,1753744919999,26347.7600,116,9179,25164.0110,0
1753744920000,2.7440,2.7490,2.7440,2.745,29909,1753744979999,82177.5630,241,15950,43826.9920,0
1753744980000,2.7450,2.7490,2.7420,2.749,38561,1753745039999,105858.6190,259,31648,86885.2030,0
1753745040000,2.7490,2.7500,2.7450,2.747,11369,1753745099999,31228.5770,120,4828,13259.6140,0
1753745100000,2.7460,2.7460,2.7360,2.736,25863,1753745159999,70872.8480,198,1116,3063.6150,0
1753745160000,2.7370,2.7370,2.7330,2.733,16310,1753745219999,44624.5340,236,11452,31336.5540,0
1753745220000,2.7340,2.7390,2.7340,2.737,16168,1753745279999,44248.8030,215,7813,21379.7020,0
1753745280000,2.7370,2.7390,2.7350,2.738,11021,1753745339999,30167.6750,129,6157,16854.0990,0
1753745340000,2.7370,2.7370,2.7340,2.735,7741,1753745399999,21172.3750,88,2654,7260.6240,0
1753745400000,2.7350,2.7370,2.7310,2.735,28080,1753745459999,76743.9040,297,17023,46531.9070,0
1753745460000,2.7360,2.7430,2.7340,2.743,17277,1753745519999,47300.4230,260,15226,41687.5980,0
1753745520000,2.7430,2.7470,2.7420,2.746,19319,1753745579999,53022.2410,247,11053,30335.0860,0
1753745580000,2.7460,2.7480,2.7440,2.746,46188,1753745639999,126841.1850,307,20612,56621.7230,0
1753745640000,2.7470,2.7490,2.7440,2.746,6919,1753745699999,19004.7470,123,2713,7453.6420,0
1753745700000,2.7460,2.7460,2.7380,2.741,14088,1753745759999,38614.4570,175,8634,23659.4330,0
1753745760000,2.7420,2.7470,2.7420,2.747,9700,1753745819999,26628.4250,124,3613,9919.6240,0
1753745820000,2.7460,2.7460,2.7410,2.742,10029,1753745879999,27521.3150,155,2537,6959.7980,0
1753745880000,2.7430,2.7460,2.7420,2.745,31598,1753745939999,86701.3250,166,20909,57376.6300,0
1753745940000,2.7440,2.7470,2.7440,2.747,14021,1753745999999,38495.7160,151,11053,30346.6440,0
1753746000000,2.7470,2.7470,2.7430,2.744,17283,1753746059999,47433.3080,151,13217,36271.0030,0
1753746060000,2.7440,2.7460,2.7420,2.742,11934,1753746119999,32744.2420,150,2064,5664.5200,0
1753746120000,2.7430,2.7440,2.7390,2.739,21460,1753746179999,58837.2590,206,5872,16099.5800,0
1753746180000,2.7400,2.7400,2.7370,2.737,19723,1753746239999,53995.0530,214,5644,15454.5860,0
1753746240000,2.7360,2.7370,2.7340,2.734,32387,1753746299999,88589.2550,274,14407,39410.8340,0
1753746300000,2.7340,2.7390,2.7330,2.738,71518,1753746359999,195540.8950,298,19884,54373.4520,0
1753746360000,2.7370,2.7370,2.7330,2.734,22650,1753746419999,61951.9390,227,8989,24593.3350,0
1753746420000,2.7350,2.7390,2.7350,2.739,34466,1753746479999,94354.8170,283,20509,56147.7290,0
1753746480000,2.7400,2.7430,2.7400,2.743,7960,1753746539999,21823.1950,149,3862,10588.4080,0
1753746540000,2.7430,2.7450,2.7420,2.742,16427,1753746599999,45050.6470,153,11397,31253.2340,0
1753746600000,2.7430,2.7450,2.7420,2.744,33660,1753746659999,92348.6930,164,30974,84980.5840,0
1753746660000,2.7430,2.7450,2.7380,2.738,10459,1753746719999,28675.5560,170,5201,14255.6980,0
1753746720000,2.7370,2.7370,2.7330,2.733,24740,1753746779999,67689.8560,204,12082,33061.4290,0
1753746780000,2.7340,2.7340,2.7290,2.73,35911,1753746839999,98137.9610,245,25045,68460.3020,0
1753746840000,2.7300,2.7300,2.7270,2.73,23140,1753746899999,63136.6300,209,5830,15907.7900,0
1753746900000,2.7290,2.7350,2.7270,2.731,23232,1753746959999,63455.9910,287,14486,39570.6680,0
1753746960000,2.7310,2.7340,2.7310,2.733,25933,1753747019999,70861.1050,159,14678,40106.9060,0
1753747020000,2.7330,2.7360,2.7310,2.736,43149,1753747079999,117988.4960,243,21493,58768.0380,0
1753747080000,2.7370,2.7420,2.7360,2.741,14918,1753747139999,40856.2130,211,8079,22131.7070,0
1753747140000,2.7420,2.7490,2.7420,2.749,21496,1753747199999,59021.4100,217,18365,50423.7180,0
1753747200000,2.7490,2.7490,2.7380,2.741,57860,1753747259999,158751.1520,972,24685,67722.4430,0
1753747260000,2.7420,2.7430,2.7360,2.736,38780,1753747319999,106314.3780,317,26430,72473.7460,0
1753747320000,2.7360,2.7390,2.7350,2.738,74721,1753747379999,204537.4200,323,54542,149319.0290,0
1753747380000,2.7390,2.7430,2.7390,2.742,48058,1753747439999,131729.3250,249,36511,100081.9200,0
1753747440000,2.7420,2.7430,2.7370,2.739,28750,1753747499999,78797.0420,286,7851,21521.8890,0
1753747500000,2.7390,2.7410,2.7370,2.738,57966,1753747559999,158807.7730,204,37464,102650.2710,0
1753747560000,2.7390,2.7430,2.7370,2.743,67187,1753747619999,184068.3030,244,55216,151289.0900,0
1753747620000,2.7440,2.7510,2.7440,2.751,65069,1753747679999,178811.8940,423,46126,126749.3440,0
1753747680000,2.7510,2.7560,2.7470,2.756,103272,1753747739999,284247.5390,610,72002,198242.2510,0
1753747740000,2.7560,2.7590,2.7510,2.751,37867,1753747799999,104320.8870,348,10899,30020.3640,0
1753747800000,2.7520,2.7560,2.7500,2.755,36588,1753747859999,100746.5830,336,15158,41736.2780,0
1753747860000,2.7560,2.7590,2.7550,2.756,49100,1753747919999,135328.3490,211,7009,19322.1980,0
1753747920000,2.7560,2.7580,2.7540,2.756,35667,1753747979999,98300.3340,235,20872,57530.2360,0
1753747980000,2.7560,2.7570,2.7530,2.755,54527,1753748039999,150219.6340,279,15304,42163.4990,0
1753748040000,2.7560,2.7610,2.7560,2.76,24080,1753748099999,66438.0590,195,17816,49164.0800,0
1753748100000,2.7600,2.7610,2.7580,2.761,43443,1753748159999,119892.3170,221,9959,27481.8780,0
1753748160000,2.7600,2.7750,2.7600,2.773,276112,1753748219999,764257.1500,1068,229773,635829.3150,0
1753748220000,2.7740,2.7770,2.7690,2.77,116694,1753748279999,323676.1070,398,23010,63839.8550,0
1753748280000,2.7700,2.7720,2.7650,2.765,68485,1753748339999,189613.4440,386,18045,49969.7000,0
1753748340000,2.7650,2.7670,2.7610,2.762,37144,1753748399999,102687.5160,289,16132,44606.2170,0
1753748400000,2.7610,2.7660,2.7610,2.762,47339,1753748459999,130816.3700,325,35307,97564.0210,0
1753748460000,2.7620,2.7650,2.7610,2.764,20433,1753748519999,56447.9530,191,15206,42011.3750,0
1753748520000,2.7640,2.7660,2.7610,2.766,21729,1753748579999,60043.2610,276,12098,33430.7900,0
1753748580000,2.7670,2.7690,2.7660,2.768,15691,1753748639999,43424.1110,218,8801,24358.4430,0
1753748640000,2.7680,2.7690,2.7630,2.765,39925,1753748699999,110431.2550,376,13869,38360.4620,0
1753748700000,2.7650,2.7660,2.7620,2.766,42159,1753748759999,116527.8400,317,31224,86304.9640,0
1753748760000,2.7650,2.7680,2.7630,2.765,30439,1753748819999,84215.1990,362,23167,64105.9160,0
1753748820000,2.7660,2.7670,2.7640,2.766,22722,1753748879999,62842.3880,261,13187,36474.3090,0
1753748880000,2.7650,2.7710,2.7650,2.765,49568,1753748939999,137225.6880,342,39111,108282.3860,0
1753748940000,2.7650,2.7660,2.7580,2.759,46026,1753748999999,127128.9340,321,11758,32469.0390,0
1753749000000,2.7590,2.7610,2.7560,2.757,40589,1753749059999,111976.8190,431,20068,55369.3890,0
1753749060000,2.7570,2.7620,2.7570,2.76,24278,1753749119999,67003.3480,233,20822,57464.0230,0
1753749120000,2.7610,2.7640,2.7580,2.762,29044,1753749179999,80185.5550,250,12980,35838.1310,0
1753749180000,2.7620,2.7620,2.7510,2.751,54508,1753749239999,150260.3160,335,17748,48943.7010,0
1753749240000,2.7500,2.7500,2.7300,2.731,338527,1753749299999,927814.2260,1258,23904,65509.8070,0
1753749300000,2.7310,2.7370,2.7290,2.731,115320,1753749359999,315118.6720,746,62583,171054.0320,0
1753749360000,2.7310,2.7320,2.7290,2.729,74943,1753749419999,204679.1630,407,28360,77464.7490,0
1753749420000,2.7290,2.7290,2.7240,2.727,87091,1753749479999,237426.0490,531,27098,73876.5460,0
1753749480000,2.7280,2.7340,2.7270,2.727,102316,1753749539999,279496.0550,520,51159,139756.0840,0
1753749540000,2.7270,2.7300,2.7240,2.726,59031,1753749599999,160987.7680,374,18192,49624.3150,0
1753749600000,2.7260,2.7280,2.7160,2.718,128678,1753749659999,350179.3940,645,43920,119603.2990,0
1753749660000,2.7180,2.7190,2.7080,2.71,330782,1753749719999,897666.6240,1239,67977,184491.1850,0
1753749720000,2.7110,2.7110,2.7000,2.704,368853,1753749779999,997758.3590,1437,123784,334952.3120,0
1753749780000,2.7040,2.7120,2.7040,2.711,118398,1753749839999,320565.9260,515,69730,188796.6170,0
1753749840000,2.7120,2.7140,2.7030,2.706,215004,1753749899999,582256.6140,909,61501,166584.2510,0
1753749900000,2.7060,2.7160,2.7030,2.714,234695,1753749959999,635706.3850,1316,95751,259397.8140,0
1753749960000,2.7140,2.7240,2.7130,2.722,60106,1753750019999,163406.8700,426,43868,119259.4510,0
1753750020000,2.7220,2.7260,2.7180,2.724,101582,1753750079999,276490.2150,522,22926,62416.5890,0
1753750080000,2.7230,2.7260,2.7210,2.722,37120,1753750139999,101096.6060,306,22296,60734.4780,0
1753750140000,2.7230,2.7280,2.7230,2.725,42016,1753750199999,114543.5900,294,23153,63116.6620,0
1753750200000,2.7260,2.7290,2.7240,2.729,58657,1753750259999,159878.7760,330,37318,101719.5910,0
1753750260000,2.7280,2.7280,2.7210,2.724,39127,1753750319999,106582.7510,294,19486,53065.8440,0
1753750320000,2.7250,2.7280,2.7240,2.728,15742,1753750379999,42909.2660,197,8323,22688.9480,0
1753750380000,2.7280,2.7330,2.7280,2.731,11900,1753750439999,32491.7060,187,7938,21672.7120,0
1753750440000,2.7320,2.7340,2.7290,2.729,16895,1753750499999,46152.2700,188,10654,29102.5030,0
1753750500000,2.7300,2.7320,2.7290,2.729,11689,1753750559999,31920.2790,185,5353,14620.2040,0
1753750560000,2.7290,2.7330,2.7270,2.733,31678,1753750619999,86511.6080,221,19157,52305.6930,0
1753750620000,2.7330,2.7330,2.7310,2.732,9240,1753750679999,25244.7780,100,2410,6584.9970,0
1753750680000,2.7330,2.7330,2.7310,2.731,10925,1753750739999,29850.0890,144,5258,14368.6020,0
1753750740000,2.7310,2.7320,2.7280,2.731,12339,1753750799999,33694.2920,158,8310,22693.7360,0
1753750800000,2.7310,2.7310,2.7270,2.73,41494,1753750859999,113252.2650,851,22459,61303.0050,0
1753750860000,2.7310,2.7320,2.7270,2.728,22878,1753750919999,62446.9930,243,9799,26754.2250,0
1753750920000,2.7280,2.7280,2.7190,2.719,49082,1753750979999,133688.8620,309,14455,39354.8480,0
1753750980000,2.7200,2.7240,2.7200,2.723,22302,1753751039999,60691.8110,305,12245,33327.4500,0
1753751040000,2.7230,2.7290,2.7210,2.727,32799,1753751099999,89395.2210,259,19538,53262.5330,0
1753751100000,2.7280,2.7310,2.7210,2.721,50932,1753751159999,138890.8620,314,13823,37718.2700,0
1753751160000,2.7220,2.7240,2.7180,2.719,23210,1753751219999,63148.9040,273,7808,21255.2970,0
1753751220000,2.7200,2.7270,2.7200,2.726,19881,1753751279999,54128.7210,220,15472,42116.8990,0
1753751280000,2.7260,2.7300,2.7240,2.729,35321,1753751339999,96348.9120,244,27345,74601.5100,0
1753751340000,2.7290,2.7300,2.7260,2.729,48587,1753751399999,132561.8430,246,18821,51363.9680,0
1753751400000,2.7300,2.7300,2.7260,2.727,16445,1753751459999,44853.8120,174,6724,18340.5740,0
1753751460000,2.7270,2.7270,2.7230,2.726,17917,1753751519999,48827.6960,243,7666,20891.1760,0
1753751520000,2.7260,2.7300,2.7260,2.729,18872,1753751579999,51465.5420,220,10863,29629.1170,0
1753751580000,2.7300,2.7310,2.7280,2.729,25214,1753751639999,68825.0690,185,8865,24207.4640,0
1753751640000,2.7280,2.7280,2.7250,2.725,44819,1753751699999,122200.6090,195,28503,77708.6380,0
1753751700000,2.7260,2.7270,2.7240,2.725,17563,1753751759999,47875.1660,666,5204,14186.7460,0
1753751760000,2.7250,2.7300,2.7250,2.729,26410,1753751819999,71990.9170,250,5754,15693.1360,0
1753751820000,2.7280,2.7320,2.7280,2.732,14776,1753751879999,40333.9220,212,7826,21370.7750,0
1753751880000,2.7320,2.7350,2.7310,2.733,45422,1753751939999,124177.8000,217,37822,103415.1600,0
1753751940000,2.7330,2.7340,2.7290,2.732,13592,1753751999999,37127.1630,146,3413,9324.1210,0
1753752000000,2.7320,2.7350,2.7320,2.735,18965,1753752059999,51839.5070,149,13097,35799.9000,0
1753752060000,2.7340,2.7350,2.7300,2.73,12663,1753752119999,34617.2770,141,7189,19654.6160,0
1753752120000,2.7300,2.7350,2.7300,2.733,23502,1753752179999,64200.3350,149,8108,22157.5470,0
1753752180000,2.7340,2.7370,2.7330,2.736,12754,1753752239999,34892.7750,135,6130,16773.4090,0
1753752240000,2.7370,2.7390,2.7360,2.737,10358,1753752299999,28355.5630,144,3779,10347.7980,0
1753752300000,2.7360,2.7370,2.7340,2.737,19487,1753752359999,53303.9940,145,10715,29310.6320,0
1753752360000,2.7370,2.7410,2.7360,2.741,43109,1753752419999,118079.0730,222,25619,70173.3610,0
1753752420000,2.7410,2.7420,2.7390,2.739,14215,1753752479999,38949.6030,146,5196,14240.1800,0
1753752480000,2.7390,2.7400,2.7360,2.74,50290,1753752539999,137718.4680,220,39307,107647.0070,0
1753752540000,2.7400,2.7410,2.7380,2.739,16025,1753752599999,43893.3950,127,2324,6367.6500,0
1753752600000,2.7390,2.7420,2.7380,2.739,16451,1753752659999,45068.3780,226,10265,28123.6200,0
1753752660000,2.7390,2.7410,2.7380,2.74,11986,1753752719999,32835.0130,98,2485,6807.8800,0
1753752720000,2.7400,2.7420,2.7390,2.741,16902,1753752779999,46324.6680,132,10528,28857.6780,0
1753752780000,2.7400,2.7430,2.7390,2.74,28584,1753752839999,78350.4120,190,6818,18693.0920,0
1753752840000,2.7410,2.7410,2.7370,2.737,12559,1753752899999,34406.3970,127,545,1493.6990,0
1753752900000,2.7360,2.7380,2.7350,2.736,28317,1753752959999,77482.8040,165,15070,41237.3600,0
1753752960000,2.7360,2.7370,2.7330,2.736,14347,1753753019999,39242.6290,157,5313,14534.4970,0
1753753020000,2.7370,2.7400,2.7360,2.739,13205,1753753079999,36150.4530,173,5927,16230.8750,0
1753753080000,2.7390,2.7390,2.7340,2.735,25297,1753753139999,69214.9110,154,11266,30823.3010,0
1753753140000,2.7350,2.7370,2.7320,2.733,36125,1753753199999,98798.9040,217,17154,46928.4090,0
1753753200000,2.7320,2.7370,2.7320,2.733,27595,1753753259999,75459.5350,209,6079,16626.8240,0
1753753260000,2.7340,2.7340,2.7310,2.732,22217,1753753319999,60703.3420,146,777,2123.8270,0
1753753320000,2.7320,2.7330,2.7310,2.732,9002,1753753379999,24595.8720,151,3072,8394.5580,0
1753753380000,2.7320,2.7350,2.7310,2.731,13191,1753753439999,36051.6520,178,7346,20078.1780,0
1753753440000,2.7320,2.7320,2.7280,2.729,27939,1753753499999,76274.9100,278,9130,24924.5510,0
1753753500000,2.7290,2.7290,2.7190,2.721,30003,1753753559999,81746.0420,812,8678,23652.2740,0
1753753560000,2.7210,2.7230,2.7180,2.718,23629,1753753619999,64277.4340,272,9904,26954.3820,0
1753753620000,2.7180,2.7200,2.7150,2.715,33074,1753753679999,89871.8000,302,12762,34686.6860,0
1753753680000,2.7150,2.7200,2.7120,2.713,29086,1753753739999,79009.7750,295,8488,23062.0480,0
1753753740000,2.7130,2.7150,2.7120,2.714,24615,1753753799999,66778.8250,186,16585,44996.9670,0
1753753800000,2.7150,2.7190,2.7140,2.717,29043,1753753859999,78907.4480,239,12130,32951.4060,0
1753753860000,2.7170,2.7180,2.7130,2.714,38768,1753753919999,105253.9130,179,19273,52329.9280,0
1753753920000,2.7150,2.7160,2.7130,2.714,23398,1753753979999,63511.1010,170,18414,49983.1440,0
1753753980000,2.7140,2.7140,2.7100,2.71,12598,1753754039999,34173.9810,156,5119,13889.7680,0
1753754040000,2.7100,2.7120,2.7100,2.71,14576,1753754099999,39513.0050,198,5426,14711.2760,0
1753754100000,2.7100,2.7120,2.7080,2.71,27976,1753754159999,75809.0240,216,16290,44149.3860,0
1753754160000,2.7110,2.7120,2.7080,2.708,18744,1753754219999,50800.9910,185,2613,7084.1880,0
1753754220000,2.7090,2.7120,2.7090,2.709,20868,1753754279999,56561.5790,212,11464,31071.2850,0
1753754280000,2.7090,2.7100,2.7040,2.704,36244,1753754339999,98071.5870,294,7170,19412.9620,0
1753754340000,2.7050,2.7050,2.7030,2.703,44395,1753754399999,120037.8700,190,11625,31443.6500,0
1753754400000,2.7030,2.7050,2.7010,2.701,75240,1753754459999,203340.1240,950,41065,110986.0360,0
1753754460000,2.7020,2.7040,2.7000,2.704,28890,1753754519999,78062.8920,305,12859,34756.0170,0
1753754520000,2.7050,2.7080,2.7030,2.706,28404,1753754579999,76870.2070,272,17327,46892.2760,0
1753754580000,2.7060,2.7070,2.7020,2.704,11771,1753754639999,31831.0260,217,2529,6839.7040,0
1753754640000,2.7030,2.7040,2.6990,2.701,130844,1753754699999,353468.9780,384,10999,29714.7570,0
1753754700000,2.7020,2.7070,2.7020,2.707,27429,1753754759999,74191.7660,297,16453,44498.6510,0
1753754760000,2.7070,2.7080,2.7040,2.705,61508,1753754819999,166459.7120,282,20504,55494.0620,0
1753754820000,2.7050,2.7080,2.7030,2.707,29644,1753754879999,80208.8680,219,20602,55755.4210,0
1753754880000,2.7070,2.7090,2.7050,2.706,64199,1753754939999,173836.4360,287,19412,52565.7260,0
1753754940000,2.7060,2.7080,2.7030,2.706,27469,1753754999999,74306.2980,221,9719,26300.6600,0
1753755000000,2.7050,2.7100,2.7050,2.707,15035,1753755059999,40717.3020,279,9494,25716.5740,0
1753755060000,2.7070,2.7070,2.7000,2.7,16542,1753755119999,44720.2160,240,5356,14482.0190,0
1753755120000,2.7010,2.7080,2.7000,2.705,32832,1753755179999,88722.4970,278,26603,71877.0840,0
1753755180000,2.7050,2.7080,2.7040,2.707,13147,1753755239999,35582.6810,178,7943,21504.2050,0
1753755240000,2.7070,2.7080,2.7050,2.705,7538,1753755299999,20401.8900,150,4078,11039.4680,0
1753755300000,2.7050,2.7060,2.6980,2.698,34564,1753755359999,93433.6630,790,9418,25471.8260,0
1753755360000,2.6990,2.6990,2.6910,2.692,223294,1753755419999,601900.5870,952,68786,185421.0920,0
1753755420000,2.6930,2.6970,2.6900,2.69,84291,1753755479999,227128.9360,454,64128,172812.9850,0
1753755480000,2.6910,2.6910,2.6770,2.681,472307,1753755539999,1267511.9420,1433,97256,260998.5810,0
1753755540000,2.6810,2.6860,2.6800,2.683,73894,1753755599999,198237.7670,431,29192,78320.6190,0
1753755600000,2.6840,2.6920,2.6830,2.691,87431,1753755659999,234963.4220,569,59733,160519.4690,0
1753755660000,2.6910,2.6940,2.6880,2.693,75375,1753755719999,202770.0690,499,40294,108409.2330,0
1753755720000,2.6930,2.6950,2.6900,2.69,53778,1753755779999,144801.2730,383,25419,68459.1940,0
1753755780000,2.6900,2.6930,2.6890,2.689,66711,1753755839999,179505.7780,300,38171,102709.3060,0
1753755840000,2.6890,2.6950,2.6880,2.694,40641,1753755899999,109369.7700,272,21141,56901.2830,0
1753755900000,2.6940,2.6970,2.6900,2.696,41143,1753755959999,110816.1410,397,25797,69493.2830,0
1753755960000,2.6970,2.6980,2.6950,2.696,22884,1753756019999,61724.7760,263,14431,38926.8130,0
1753756020000,2.6960,2.7020,2.6950,2.701,53218,1753756079999,143593.2950,310,39714,107171.9410,0
1753756080000,2.7020,2.7030,2.6990,2.702,16261,1753756139999,43919.2790,236,12351,33359.9390,0
1753756140000,2.7020,2.7050,2.7020,2.705,15607,1753756199999,42190.4830,193,10541,28498.0720,0
1753756200000,2.7040,2.7040,2.6980,2.698,28588,1753756259999,77207.5570,784,13646,36847.3190,0
1753756260000,2.6990,2.7040,2.6990,2.703,11318,1753756319999,30575.9600,236,8907,24061.4890,0
1753756320000,2.7040,2.7050,2.7020,2.703,28718,1753756379999,77669.6110,185,26566,71850.8860,0
1753756380000,2.7040,2.7080,2.7040,2.706,16690,1753756439999,45162.1750,243,9927,26864.1100,0
1753756440000,2.7050,2.7100,2.7030,2.703,50152,1753756499999,135762.2300,258,18542,50209.7370,0
1753756500000,2.7030,2.7030,2.6950,2.696,33472,1753756559999,90380.1230,267,20491,55341.3510,0
1753756560000,2.6960,2.6980,2.6920,2.692,18094,1753756619999,48775.8200,223,4511,12164.2110,0
1753756620000,2.6930,2.6980,2.6930,2.695,27048,1753756679999,72914.7630,269,13783,37139.0860,0
1753756680000,2.6960,2.6960,2.6870,2.687,30289,1753756739999,81473.1130,251,12439,33468.2350,0
1753756740000,2.6870,2.6920,2.6870,2.689,21800,1753756799999,58640.2760,236,13684,36808.9180,0
1753756800000,2.6890,2.6910,2.6850,2.685,16254,1753756859999,43700.5290,214,7494,20157.7270,0
1753756860000,2.6860,2.6880,2.6850,2.687,17491,1753756919999,46983.0030,185,6222,16717.1910,0
1753756920000,2.6870,2.6880,2.6850,2.687,20935,1753756979999,56245.2220,194,16667,44779.5640,0
1753756980000,2.6870,2.6940,2.6860,2.694,7223,1753757039999,19417.9990,172,5352,14390.0200,0
1753757040000,2.6930,2.6940,2.6890,2.692,20356,1753757099999,54797.9770,197,12791,34435.1690,0
1753757100000,2.6920,2.7010,2.6920,2.7,72155,1753757159999,194565.1040,875,50873,137176.1430,0
1753757160000,2.6990,2.6990,2.6940,2.694,26214,1753757219999,70686.0060,244,11370,30658.6410,0
1753757220000,2.6940,2.6970,2.6940,2.696,13510,1753757279999,36413.0210,157,11230,30267.7220,0
1753757280000,2.6960,2.6970,2.6880,2.69,27928,1753757339999,75177.7280,326,13705,36890.6510,0
1753757340000,2.6910,2.6950,2.6910,2.694,17348,1753757399999,46730.3690,185,9181,24729.2680,0
1753757400000,2.6940,2.6960,2.6850,2.685,26652,1753757459999,71636.7740,300,12320,33115.7560,0
1753757460000,2.6850,2.6880,2.6750,2.681,76792,1753757519999,205763.4370,492,28672,76860.9710,0
1753757520000,2.6820,2.6860,2.6820,2.682,37997,1753757579999,101993.4900,286,14342,38497.0990,0
1753757580000,2.6820,2.6850,2.6820,2.685,20642,1753757639999,55392.5980,178,16778,45025.4860,0
1753757640000,2.6850,2.6850,2.6800,2.682,50805,1753757699999,136274.2350,272,40569,108814.8850,0
1753757700000,2.6820,2.6880,2.6820,2.682,18974,1753757759999,50944.7400,264,9957,26730.5730,0
1753757760000,2.6820,2.6830,2.6780,2.682,42302,1753757819999,113374.2880,285,16983,45529.3230,0
1753757820000,2.6830,2.6850,2.6790,2.684,45350,1753757879999,121634.4430,270,26587,71329.0090,0
1753757880000,2.6840,2.6880,2.6820,2.687,14883,1753757939999,39955.8320,204,10830,29076.2680,0
1753757940000,2.6870,2.6880,2.6850,2.685,23689,1753757999999,63635.9500,218,12194,32756.0960,0
1753758000000,2.6850,2.6920,2.6840,2.691,76763,1753758059999,206426.1810,959,56303,151425.2820,0
1753758060000,2.6910,2.6980,2.6900,2.697,75310,1753758119999,202939.3100,410,42038,113297.2780,0
1753758120000,2.6970,2.6980,2.6880,2.689,55135,1753758179999,148495.4880,339,26327,70941.7530,0
1753758180000,2.6900,2.6980,2.6900,2.693,57899,1753758239999,156050.2100,366,41545,111987.4950,0
1753758240000,2.6930,2.6940,2.6880,2.69,71337,1753758299999,191946.9720,335,41378,111334.1070,0
1753758300000,2.6910,2.6930,2.6880,2.69,79777,1753758359999,214613.8910,406,44890,120750.5830,0
1753758360000,2.6900,2.7040,2.6900,2.702,46167,1753758419999,124601.6240,336,29076,78473.3900,0
1753758420000,2.7020,2.7090,2.7020,2.708,33698,1753758479999,91177.6010,310,12192,32997.5100,0
1753758480000,2.7090,2.7150,2.7080,2.715,35708,1753758539999,96819.4780,356,17614,47768.4380,0
1753758540000,2.7140,2.7150,2.7100,2.712,55494,1753758599999,150549.4810,253,30539,82865.3150,0
1753758600000,2.7110,2.7200,2.7110,2.717,46756,1753758659999,126948.3360,355,25897,70320.9250,0
1753758660000,2.7160,2.7190,2.7140,2.717,27510,1753758719999,74734.4700,240,11240,30535.1570,0
1753758720000,2.7170,2.7190,2.7140,2.718,19190,1753758779999,52116.1260,246,7949,21592.4170,0
1753758780000,2.7180,2.7200,2.7160,2.717,48233,1753758839999,131053.2060,275,11208,30459.6480,0
1753758840000,2.7170,2.7200,2.7160,2.719,33271,1753758899999,90449.3720,200,14498,39421.3180,0
1753758900000,2.7180,2.7190,2.7110,2.712,26874,1753758959999,72988.3110,292,8706,23645.9720,0
1753758960000,2.7110,2.7130,2.7090,2.712,34238,1753759019999,92810.2450,260,19595,53128.6510,0
1753759020000,2.7120,2.7160,2.7100,2.71,23369,1753759079999,63433.6620,208,14700,39913.4510,0
1753759080000,2.7100,2.7100,2.7040,2.704,19025,1753759139999,51504.0670,239,3807,10308.4150,0
1753759140000,2.7040,2.7080,2.7030,2.707,13850,1753759199999,37477.0760,207,10206,27619.8010,0
1753759200000,2.7070,2.7100,2.7070,2.709,19567,1753759259999,52995.9940,227,11096,30051.8860,0
1753759260000,2.7090,2.7130,2.7070,2.71,19743,1753759319999,53499.3070,234,7677,20803.0610,0
1753759320000,2.7100,2.7130,2.7090,2.71,24640,1753759379999,66804.4980,197,17497,47440.0080,0
1753759380000,2.7100,2.7140,2.7100,2.711,20988,1753759439999,56930.3290,216,10038,27228.6380,0
1753759440000,2.7110,2.7110,2.7080,2.708,18132,1753759499999,49123.5970,224,8861,24008.1300,0
1753759500000,2.7080,2.7090,2.7060,2.706,15360,1753759559999,41589.2130,180,5971,16172.4100,0
1753759560000,2.7060,2.7110,2.7060,2.71,16825,1753759619999,45570.2370,197,10199,27628.8070,0
1753759620000,2.7090,2.7100,2.7030,2.706,15494,1753759679999,41926.4690,243,5361,14505.1820,0
1753759680000,2.7070,2.7100,2.7060,2.706,10790,1753759739999,29218.7530,183,6315,17099.9530,0
1753759740000,2.7050,2.7090,2.7050,2.709,17701,1753759799999,47909.4550,134,16455,44537.6910,0
1753759800000,2.7070,2.7100,2.7040,2.71,22503,1753759859999,60881.8770,306,10651,28820.0280,0
1753759860000,2.7100,2.7160,2.7090,2.715,13453,1753759919999,36471.4200,228,5978,16213.8530,0
1753759920000,2.7160,2.7160,2.7040,2.704,23130,1753759979999,62667.7380,296,5045,13652.3380,0
1753759980000,2.7050,2.7070,2.7020,2.705,13162,1753760039999,35587.9350,242,6409,17335.7970,0
1753760040000,2.7050,2.7060,2.7010,2.701,33150,1753760099999,89666.4160,207,6076,16436.1470,0
1753760100000,2.7010,2.7020,2.6970,2.697,12846,1753760159999,34681.0810,252,4574,12348.8640,0
1753760160000,2.6970,2.7000,2.6960,2.698,8441,1753760219999,22773.6310,193,6274,16928.7150,0
1753760220000,2.6980,2.7000,2.6940,2.7,27323,1753760279999,73671.6840,217,5401,14567.5310,0
1753760280000,2.7010,2.7080,2.7010,2.705,38967,1753760339999,105381.0820,267,19631,53104.8640,0
1753760340000,2.7060,2.7090,2.7050,2.707,25723,1753760399999,69621.9740,210,16891,45712.1710,0
1753760400000,2.7070,2.7150,2.7070,2.715,14853,1753760459999,40277.6670,295,10931,29638.6810,0
1753760460000,2.7160,2.7190,2.7150,2.718,12722,1753760519999,34563.6860,268,6728,18281.1240,0
1753760520000,2.7190,2.7200,2.7170,2.719,86465,1753760579999,235054.7660,302,51760,140716.5620,0
1753760580000,2.7200,2.7220,2.7190,2.721,24682,1753760639999,67145.1480,174,17304,47074.1580,0
1753760640000,2.7210,2.7230,2.7190,2.723,16753,1753760699999,45596.6020,180,10144,27609.3010,0
1753760700000,2.7230,2.7270,2.7220,2.726,96024,1753760759999,261651.4180,395,42369,115437.3460,0
1753760760000,2.7270,2.7270,2.7200,2.725,51134,1753760819999,139288.1740,458,18184,49558.1930,0
1753760820000,2.7260,2.7280,2.7250,2.728,15399,1753760879999,41988.0150,194,7459,20340.7090,0
1753760880000,2.7280,2.7300,2.7250,2.727,63309,1753760939999,172677.8660,304,46891,127905.6130,0
1753760940000,2.7260,2.7260,2.7200,2.72,13923,1753760999999,37924.8250,182,1235,3365.8170,0
1753761000000,2.7200,2.7230,2.7200,2.72,48490,1753761059999,131987.2990,265,24572,66888.0010,0
1753761060000,2.7200,2.7250,2.7200,2.725,14916,1753761119999,40608.0000,212,10526,28659.7820,0
1753761120000,2.7250,2.7250,2.7180,2.718,19584,1753761179999,53302.5510,232,6605,17974.3090,0
1753761180000,2.7180,2.7240,2.7170,2.724,14727,1753761239999,40057.4320,199,8935,24306.7340,0
1753761240000,2.7240,2.7250,2.7230,2.725,23953,1753761299999,65247.8270,194,15149,41267.6490,0
1753761300000,2.7230,2.7260,2.7230,2.726,24825,1753761359999,67647.9900,157,21018,57273.1650,0
1753761360000,2.7260,2.7320,2.7250,2.732,15429,1753761419999,42114.9770,219,14707,40146.7830,0
1753761420000,2.7310,2.7390,2.7290,2.738,125417,1753761479999,343053.3050,593,115194,315123.9850,0
1753761480000,2.7390,2.7410,2.7370,2.738,73330,1753761539999,200870.1270,278,31691,86822.6980,0
1753761540000,2.7390,2.7390,2.7340,2.734,53113,1753761599999,145300.5590,250,29866,81705.4670,0
1753761600000,2.7350,2.7380,2.7340,2.737,38174,1753761659999,104438.3990,371,22451,61419.5710,0
1753761660000,2.7370,2.7410,2.7360,2.738,39333,1753761719999,107691.5220,310,19904,54505.1220,0
1753761720000,2.7380,2.7390,2.7340,2.737,41760,1753761779999,114274.0740,273,19711,53937.5290,0
1753761780000,2.7380,2.7400,2.7370,2.738,28214,1753761839999,77261.1660,223,12477,34168.7910,0
1753761840000,2.7370,2.7390,2.7340,2.739,24722,1753761899999,67647.4120,213,14881,40722.0870,0
1753761900000,2.7390,2.7430,2.7370,2.742,23895,1753761959999,65469.5090,236,20640,56556.3470,0
1753761960000,2.7430,2.7430,2.7390,2.742,65667,1753762019999,180015.9960,265,25290,69314.3250,0
1753762020000,2.7420,2.7440,2.7380,2.743,28295,1753762079999,77586.7500,237,20473,56141.6090,0
1753762080000,2.7430,2.7450,2.7410,2.744,20294,1753762139999,55685.2720,177,13861,38038.7990,0
1753762140000,2.7440,2.7460,2.7420,2.745,16352,1753762199999,44872.7240,168,11760,32274.8140,0
1753762200000,2.7450,2.7460,2.7420,2.744,11297,1753762259999,30997.0030,194,7010,19233.8730,0
1753762260000,2.7430,2.7460,2.7420,2.745,23403,1753762319999,64238.8580,213,14609,40107.4320,0
1753762320000,2.7450,2.7460,2.7430,2.745,31885,1753762379999,87491.9120,195,11558,31716.4230,0
1753762380000,2.7450,2.7450,2.7410,2.742,22126,1753762439999,60703.1500,224,2940,8067.5430,0
1753762440000,2.7420,2.7440,2.7400,2.744,19422,1753762499999,53255.6050,192,10336,28345.3130,0
1753762500000,2.7430,2.7430,2.7360,2.736,37709,1753762559999,103319.6820,387,8401,23000.1700,0
1753762560000,2.7360,2.7360,2.7310,2.731,17290,1753762619999,47271.5430,505,7721,21113.1220,0
1753762620000,2.7310,2.7340,2.7290,2.73,90365,1753762679999,246828.4860,361,20631,56395.3930,0
1753762680000,2.7300,2.7310,2.7290,2.73,12046,1753762739999,32885.2700,128,5487,14980.1470,0
1753762740000,2.7300,2.7300,2.7270,2.729,33865,1753762799999,92392.9260,217,7470,20382.3420,0
1753762800000,2.7300,2.7340,2.7280,2.734,33206,1753762859999,90688.5610,282,19814,54124.5390,0
1753762860000,2.7340,2.7340,2.7310,2.732,15251,1753762919999,41669.8800,187,3527,9637.8780,0
1753762920000,2.7310,2.7330,2.7300,2.732,19603,1753762979999,53545.7900,206,9287,25369.4800,0
1753762980000,2.7320,2.7340,2.7310,2.732,5721,1753763039999,15631.4060,116,1311,3582.6160,0
1753763040000,2.7330,2.7340,2.7300,2.733,10955,1753763099999,29935.7010,233,5314,14521.8430,0
1753763100000,2.7320,2.7350,2.7320,2.733,11312,1753763159999,30916.7570,205,2811,7685.7320,0
1753763160000,2.7340,2.7350,2.7320,2.733,5825,1753763219999,15920.3540,127,3163,8645.4020,0
1753763220000,2.7340,2.7340,2.7310,2.731,3917,1753763279999,10703.3600,94,715,1954.2400,0
1753763280000,2.7310,2.7320,2.7290,2.729,11430,1753763339999,31206.6780,149,4532,12373.1810,0
1753763340000,2.7300,2.7300,2.7280,2.729,4762,1753763399999,12995.5010,96,204,556.7260,0
1753763400000,2.7280,2.7300,2.7260,2.727,19207,1753763459999,52400.8460,231,10500,28651.9940,0
1753763460000,2.7270,2.7280,2.7240,2.724,21590,1753763519999,58850.9110,164,724,1974.1570,0
1753763520000,2.7230,2.7260,2.7220,2.726,23527,1753763579999,64088.9300,273,6714,18291.2230,0
1753763580000,2.7270,2.7290,2.7250,2.729,22744,1753763639999,62010.5350,181,7854,21417.2630,0
1753763640000,2.7290,2.7290,2.7240,2.724,19223,1753763699999,52403.6050,156,8308,22652.1500,0
1753763700000,2.7250,2.7260,2.7230,2.724,12176,1753763759999,33181.5940,151,7816,21301.6460,0
1753763760000,2.7250,2.7260,2.7220,2.723,26568,1753763819999,72388.6470,165,15044,40995.5540,0
1753763820000,2.7230,2.7270,2.7230,2.726,19559,1753763879999,53305.5020,149,5606,15276.5790,0
1753763880000,2.7250,2.7250,2.7230,2.723,5892,1753763939999,16050.5300,119,3552,9675.7650,0
1753763940000,2.7240,2.7310,2.7240,2.73,6989,1753763999999,19066.0720,173,6530,17815.3340,0
1753764000000,2.7310,2.7360,2.7300,2.732,23210,1753764059999,63436.1750,267,9564,26141.3540,0
1753764060000,2.7330,2.7330,2.7270,2.727,7751,1753764119999,21152.0160,132,1599,4363.9250,0
1753764120000,2.7280,2.7290,2.7230,2.723,14498,1753764179999,39511.1170,186,3642,9932.4920,0
1753764180000,2.7230,2.7250,2.7220,2.724,10391,1753764239999,28298.2050,134,3955,10770.6010,0
1753764240000,2.7230,2.7230,2.7190,2.721,44948,1753764299999,122289.1210,216,31043,84464.7040,0
1753764300000,2.7220,2.7240,2.7210,2.723,27871,1753764359999,75903.0700,187,6280,17099.4720,0
1753764360000,2.7220,2.7260,2.7200,2.725,12063,1753764419999,32838.1360,199,4361,11874.4240,0
1753764420000,2.7240,2.7240,2.7220,2.722,25877,1753764479999,70464.6380,159,11477,31252.4690,0
1753764480000,2.7230,2.7250,2.7210,2.722,7067,1753764539999,19241.7530,92,3255,8862.2690,0
1753764540000,2.7210,2.7210,2.7170,2.718,7995,1753764599999,21735.5370,182,2380,6468.1160,0
1753764600000,2.7180,2.7190,2.7150,2.717,27548,1753764659999,74830.3060,190,5855,15908.7030,0
1753764660000,2.7170,2.7170,2.7140,2.715,13909,1753764719999,37774.2640,136,9713,26380.6780,0
1753764720000,2.7150,2.7150,2.7130,2.715,23671,1753764779999,64235.7790,170,9146,24825.4470,0
1753764780000,2.7160,2.7220,2.7150,2.721,18119,1753764839999,49264.8100,216,16609,45158.3750,0
1753764840000,2.7210,2.7210,2.7180,2.72,9741,1753764899999,26497.9570,121,1626,4422.4020,0
1753764900000,2.7200,2.7210,2.7140,2.714,62502,1753764959999,169856.6810,207,20660,56181.4990,0
1753764960000,2.7150,2.7160,2.7140,2.714,5900,1753765019999,16020.7990,93,4858,13191.4860,0
1753765020000,2.7140,2.7170,2.7110,2.717,62925,1753765079999,170752.3140,299,45268,122859.9960,0
1753765080000,2.7170,2.7170,2.7140,2.714,12683,1753765139999,34440.6180,156,4368,11863.3310,0
1753765140000,2.7150,2.7150,2.7130,2.714,8882,1753765199999,24105.7060,107,5390,14628.6560,0
1753765200000,2.7140,2.7200,2.7130,2.72,28289,1753765259999,76822.5190,330,23310,63307.0480,0
1753765260000,2.7190,2.7230,2.7180,2.719,43173,1753765319999,117450.5550,235,23442,63781.2770,0
1753765320000,2.7200,2.7260,2.7190,2.723,15109,1753765379999,41133.7110,226,11090,30188.9410,0
1753765380000,2.7220,2.7240,2.7190,2.72,16361,1753765439999,44532.8290,195,3988,10858.0550,0
1753765440000,2.7190,2.7250,2.7180,2.725,12422,1753765499999,33805.6630,207,9212,25074.5210,0
1753765500000,2.7260,2.7270,2.7230,2.725,20388,1753765559999,55560.0500,212,6218,16945.2720,0
1753765560000,2.7240,2.7280,2.7240,2.726,24918,1753765619999,67923.9060,177,10072,27455.7940,0
1753765620000,2.7270,2.7320,2.7270,2.73,14468,1753765679999,39498.1800,228,8685,23709.4160,0
1753765680000,2.7310,2.7330,2.7290,2.732,16707,1753765739999,45629.4430,168,10177,27792.6750,0
1753765740000,2.7310,2.7310,2.7260,2.726,13926,1753765799999,37990.4060,135,1174,3201.7450,0
1753765800000,2.7260,2.7270,2.7240,2.727,7100,1753765859999,19352.0340,178,4505,12280.3940,0
1753765860000,2.7270,2.7290,2.7260,2.726,8946,1753765919999,24400.5780,145,3419,9325.9640,0
1753765920000,2.7250,2.7260,2.7220,2.722,17969,1753765979999,48935.8260,147,2733,7443.9300,0
1753765980000,2.7230,2.7260,2.7220,2.726,21748,1753766039999,59228.3240,138,19054,51890.0370,0
1753766040000,2.7250,2.7260,2.7220,2.722,10926,1753766099999,29772.4680,135,5552,15132.0260,0
1753766100000,2.7230,2.7230,2.7140,2.716,17344,1753766159999,47160.9230,260,2869,7798.1050,0
1753766160000,2.7160,2.7180,2.7140,2.717,8072,1753766219999,21923.1820,182,4158,11293.4590,0
1753766220000,2.7180,2.7210,2.7170,2.721,8834,1753766279999,24016.7850,178,6587,17907.9930,0
1753766280000,2.7220,2.7220,2.7190,2.722,11144,1753766339999,30314.8170,157,7578,20614.7310,0
1753766340000,2.7220,2.7280,2.7220,2.728,9594,1753766399999,26139.8970,227,6141,16731.2390,0
1753766400000,2.7280,2.7320,2.7270,2.732,22664,1753766459999,61868.8320,241,17547,47906.7010,0
1753766460000,2.7320,2.7360,2.7320,2.736,7826,1753766519999,21392.6500,247,4333,11845.2620,0
1753766520000,2.7360,2.7360,2.7310,2.732,21024,1753766579999,57488.0400,183,11893,32524.5820,0
1753766580000,2.7330,2.7340,2.7290,2.729,9152,1753766639999,25005.6810,130,1507,4119.2530,0
1753766640000,2.7290,2.7310,2.7280,2.729,8681,1753766699999,23693.3360,149,2573,7024.1390,0
1753766700000,2.7290,2.7350,2.7290,2.734,39032,1753766759999,106684.6510,279,31687,86608.3290,0
1753766760000,2.7350,2.7380,2.7330,2.737,49981,1753766819999,136743.4360,223,28046,76728.2380,0
1753766820000,2.7360,2.7360,2.7330,2.733,12125,1753766879999,33156.6560,180,6798,18590.3840,0
1753766880000,2.7330,2.7380,2.7320,2.737,13102,1753766939999,35826.2280,178,10573,28910.0140,0
1753766940000,2.7380,2.7400,2.7380,2.74,15049,1753766999999,41218.6390,124,9464,25922.1480,0
1753767000000,2.7400,2.7400,2.7360,2.736,16639,1753767059999,45537.1500,198,3090,8456.6640,0
1753767060000,2.7370,2.7390,2.7350,2.737,9414,1753767119999,25764.6850,131,5570,15245.5740,0
1753767120000,2.7370,2.7390,2.7360,2.736,7389,1753767179999,20225.1390,112,4745,12988.2810,0
1753767180000,2.7370,2.7430,2.7360,2.742,20927,1753767239999,57312.5560,196,18701,51215.4790,0
1753767240000,2.7420,2.7440,2.7400,2.744,32124,1753767299999,88107.3460,280,21924,60137.5370,0
1753767300000,2.7440,2.7460,2.7420,2.744,42161,1753767359999,115660.5180,232,25980,71263.6610,0
1753767360000,2.7440,2.7500,2.7440,2.747,22928,1753767419999,62986.4710,285,17742,48741.1710,0
1753767420000,2.7470,2.7490,2.7470,2.748,37725,1753767479999,103667.7420,110,16335,44889.7540,0
1753767480000,2.7480,2.7510,2.7480,2.75,79933,1753767539999,219715.6640,224,63326,174061.6000,0
1753767540000,2.7500,2.7520,2.7490,2.751,34481,1753767599999,94838.3010,198,12862,35376.0970,0
1753767600000,2.7500,2.7510,2.7460,2.747,31854,1753767659999,87565.8300,214,11502,31633.2120,0
1753767660000,2.7480,2.7530,2.7470,2.752,8378,1753767719999,23037.1070,158,5911,16253.7410,0
1753767720000,2.7520,2.7540,2.7510,2.752,21490,1753767779999,59148.0820,161,6147,16919.8700,0
1753767780000,2.7520,2.7520,2.7470,2.748,18326,1753767839999,50383.3010,165,7758,21332.0780,0
1753767840000,2.7490,2.7490,2.7480,2.748,10454,1753767899999,28731.2460,98,8112,22294.5340,0
1753767900000,2.7490,2.7510,2.7490,2.751,23665,1753767959999,65083.6670,666,13929,38310.0820,0
1753767960000,2.7510,2.7540,2.7500,2.75,23169,1753768019999,63762.9550,186,13067,35970.2160,0
1753768020000,2.7490,2.7540,2.7480,2.751,40461,1753768079999,111320.1230,226,34076,93754.6890,0
1753768080000,2.7510,2.7510,2.7480,2.749,10594,1753768139999,29130.3990,151,2142,5889.5380,0
1753768140000,2.7500,2.7510,2.7480,2.75,44000,1753768199999,120946.7800,197,28163,77410.9890,0
1753768200000,2.7500,2.7540,2.7490,2.753,26103,1753768259999,71857.8900,163,20594,56697.1820,0
1753768260000,2.7530,2.7560,2.7530,2.756,10176,1753768319999,28024.8040,155,3743,10311.0170,0
1753768320000,2.7560,2.7580,2.7550,2.758,14930,1753768379999,41159.9850,190,7217,19895.4440,0
1753768380000,2.7590,2.7590,2.7570,2.758,30578,1753768439999,84350.9320,171,18523,51095.5770,0
1753768440000,2.7590,2.7620,2.7580,2.761,20994,1753768499999,57937.3290,237,15648,43185.0890,0
1753768500000,2.7610,2.7640,2.7610,2.764,44233,1753768559999,122197.3610,261,28488,78718.9480,0
1753768560000,2.7640,2.7670,2.7620,2.765,104558,1753768619999,289098.6460,371,76618,211845.2560,0
1753768620000,2.7660,2.7680,2.7650,2.767,15183,1753768679999,42013.5630,128,7356,20356.2740,0
1753768680000,2.7670,2.7700,2.7660,2.768,28637,1753768739999,79282.7800,178,14399,39859.4090,0
1753768740000,2.7690,2.7700,2.7660,2.77,59688,1753768799999,165234.8340,180,26470,73302.8120,0
1753768800000,2.7700,2.7710,2.7630,2.763,59544,1753768859999,164712.5470,901,15821,43757.0610,0
1753768860000,2.7620,2.7640,2.7610,2.761,33084,1753768919999,91400.0590,262,13004,35932.2680,0
1753768920000,2.7620,2.7660,2.7620,2.764,44907,1753768979999,124123.8600,229,31330,86604.5190,0
1753768980000,2.7640,2.7650,2.7620,2.765,14925,1753769039999,41249.3560,148,7959,21997.3960,0
1753769040000,2.7650,2.7670,2.7640,2.764,34519,1753769099999,95454.9780,208,17864,49400.2770,0
1753769100000,2.7640,2.7670,2.7620,2.766,24294,1753769159999,67135.9160,216,9528,26339.1900,0
1753769160000,2.7650,2.7720,2.7650,2.771,46146,1753769219999,127768.8350,286,16715,46270.6230,0
1753769220000,2.7710,2.7720,2.7700,2.77,30441,1753769279999,84341.2360,135,4173,11563.3870,0
1753769280000,2.7690,2.7700,2.7680,2.769,48768,1753769339999,135023.9280,189,24403,67565.2790,0
1753769340000,2.7680,2.7690,2.7660,2.766,36159,1753769399999,100044.7050,133,8720,24133.1100,0
1753769400000,2.7670,2.7670,2.7630,2.766,39188,1753769459999,108356.5560,194,25965,71795.6450,0
1753769460000,2.7660,2.7680,2.7640,2.767,30521,1753769519999,84429.5180,178,17545,48539.2900,0
1753769520000,2.7670,2.7700,2.7660,2.769,23977,1753769579999,66379.9200,194,17924,49627.0220,0
1753769580000,2.7690,2.7700,2.7670,2.768,16677,1753769639999,46165.4280,98,7180,19874.2810,0
1753769640000,2.7680,2.7710,2.7670,2.768,37529,1753769699999,103941.3190,182,26122,72351.6760,0
1753769700000,2.7680,2.7720,2.7670,2.772,30257,1753769759999,83782.4370,665,20374,56423.8750,0
1753769760000,2.7720,2.7730,2.7680,2.768,53894,1753769819999,149353.2360,192,17699,49059.4440,0
1753769820000,2.7680,2.7750,2.7680,2.775,55007,1753769879999,152480.8680,262,47798,132492.8260,0
1753769880000,2.7740,2.7770,2.7730,2.776,23097,1753769939999,64091.8400,170,14641,40630.7940,0
1753769940000,2.7770,2.7780,2.7750,2.778,18597,1753769999999,51636.9750,149,6315,17534.5060,0
1753770000000,2.7780,2.7800,2.7780,2.778,56411,1753770059999,156757.5280,302,31639,87922.8940,0
1753770060000,2.7780,2.7820,2.7770,2.781,53432,1753770119999,148504.1000,370,29215,81191.3290,0
1753770120000,2.7810,2.7820,2.7800,2.781,32530,1753770179999,90465.5580,154,11505,32002.8380,0
1753770180000,2.7820,2.7870,2.7820,2.786,136901,1753770239999,381201.5000,592,81707,227515.0140,0
1753770240000,2.7860,2.7880,2.7860,2.787,31903,1753770299999,88913.4670,237,14097,39290.7110,0
1753770300000,2.7870,2.7880,2.7860,2.788,34569,1753770359999,96344.8440,177,10829,30181.5090,0
1753770360000,2.7880,2.7880,2.7820,2.784,76954,1753770419999,214250.9550,371,35773,99587.9480,0
1753770420000,2.7840,2.7870,2.7840,2.787,33583,1753770479999,93519.6010,253,17701,49295.9680,0
1753770480000,2.7860,2.7870,2.7830,2.784,48706,1753770539999,135615.3990,259,25660,71442.3530,0
1753770540000,2.7840,2.7870,2.7840,2.785,42558,1753770599999,118528.6750,196,25377,70679.9390,0
1753770600000,2.7840,2.7840,2.7800,2.782,47299,1753770659999,131602.4840,750,21311,59294.3530,0
1753770660000,2.7830,2.7880,2.7830,2.787,74371,1753770719999,207152.1200,543,26543,73928.4650,0
1753770720000,2.7870,2.7960,2.7860,2.793,143274,1753770779999,399985.9690,579,115510,322458.7200,0
1753770780000,2.7930,2.7940,2.7890,2.79,44027,1753770839999,122872.1410,245,13882,38744.1070,0
1753770840000,2.7900,2.7920,2.7860,2.786,29981,1753770899999,83598.5660,194,5764,16083.8620,0
1753770900000,2.7870,2.7880,2.7840,2.787,33085,1753770959999,92170.8130,257,12461,34715.8200,0
1753770960000,2.7860,2.7880,2.7850,2.788,18173,1753771019999,50633.9780,204,10586,29499.6390,0
1753771020000,2.7870,2.7880,2.7860,2.788,38472,1753771079999,107222.1090,236,8642,24089.3650,0
1753771080000,2.7880,2.7920,2.7880,2.79,41325,1753771139999,115294.2080,284,29594,82573.8160,0
1753771140000,2.7900,2.7920,2.7890,2.791,20255,1753771199999,56525.3750,194,8045,22450.8270,0
1753771200000,2.7920,2.7920,2.7870,2.788,22865,1753771259999,63759.7470,288,10703,29843.3120,0
1753771260000,2.7870,2.7880,2.7820,2.784,22419,1753771319999,62443.3680,224,2850,7938.6150,0
1753771320000,2.7840,2.7880,2.7840,2.786,20799,1753771379999,57944.2660,209,9137,25450.8570,0
1753771380000,2.7860,2.7930,2.7860,2.793,63530,1753771439999,177296.5750,340,60145,167849.9740,0
1753771440000,2.7930,2.7960,2.7920,2.794,43303,1753771499999,120985.3770,325,32181,89915.0170,0
1753771500000,2.7950,2.7980,2.7940,2.797,34499,1753771559999,96460.7810,699,18149,50746.5210,0
1753771560000,2.7960,2.7960,2.7920,2.792,15659,1753771619999,43762.2200,202,3771,10541.9400,0
1753771620000,2.7920,2.7920,2.7880,2.79,32898,1753771679999,91790.1300,258,10317,28786.0530,0
1753771680000,2.7890,2.7950,2.7890,2.795,119016,1753771739999,332387.5420,521,81465,227531.5240,0
1753771740000,2.7950,2.7950,2.7910,2.794,35483,1753771799999,99109.5720,288,21509,60079.1750,0
1753771800000,2.7930,2.7960,2.7900,2.795,56567,1753771859999,157987.3360,342,30014,83832.2850,0
1753771860000,2.7940,2.7940,2.7890,2.791,66340,1753771919999,185111.8920,221,10149,28321.1840,0
1753771920000,2.7920,2.7960,2.7920,2.795,46736,1753771979999,130575.3340,208,20829,58196.8680,0
1753771980000,2.7950,2.7970,2.7930,2.797,27559,1753772039999,77012.0470,186,17992,50276.4260,0
1753772040000,2.7970,2.8010,2.7950,2.798,107697,1753772099999,301359.3700,482,72829,203773.7150,0
1753772100000,2.7980,2.8030,2.7980,2.801,123234,1753772159999,345115.4880,422,97643,273477.6130,0
1753772160000,2.8010,2.8030,2.7970,2.797,58350,1753772219999,163339.5660,362,33244,93081.3120,0
1753772220000,2.7970,2.8030,2.7960,2.801,86567,1753772279999,242310.3000,282,76869,215179.0490,0
1753772280000,2.8020,2.8040,2.8020,2.802,95366,1753772339999,267274.3400,362,50227,140773.2060,0
1753772340000,2.8010,2.8010,2.7980,2.799,23873,1753772399999,66818.0390,170,10477,29323.8830,0
1753772400000,2.7990,2.8020,2.7960,2.8,75562,1753772459999,211620.3720,428,56054,156990.1120,0
1753772460000,2.7990,2.8010,2.7960,2.799,46702,1753772519999,130691.2340,329,27012,75580.8880,0
1753772520000,2.7990,2.8020,2.7990,2.802,49750,1753772579999,139310.3920,215,19849,55583.5070,0
1753772580000,2.8020,2.8070,2.8000,2.806,89803,1753772639999,251694.8290,429,39699,111314.5470,0
1753772640000,2.8060,2.8070,2.8040,2.806,45123,1753772699999,126577.7970,238,20809,58380.5670,0
1753772700000,2.8060,2.8060,2.8020,2.804,68974,1753772759999,193401.1570,280,38464,107857.2600,0
1753772760000,2.8030,2.8080,2.8020,2.805,83182,1753772819999,233321.0560,449,63303,177555.2580,0
1753772820000,2.8050,2.8060,2.8010,2.804,50316,1753772879999,141044.5120,274,36617,102640.2240,0
1753772880000,2.8040,2.8060,2.8030,2.805,12964,1753772939999,36357.7230,235,6100,17107.6750,0
1753772940000,2.8050,2.8060,2.8020,2.803,36843,1753772999999,103306.6540,336,14193,39808.7790,0
1753773000000,2.8030,2.8040,2.7990,2.801,66296,1753773059999,185701.7070,453,16721,46835.8400,0
1753773060000,2.8020,2.8060,2.8020,2.806,38981,1753773119999,109271.7940,276,24032,67380.5880,0
1753773120000,2.8050,2.8060,2.8030,2.804,25987,1753773179999,72875.7850,291,6060,16992.8480,0
1753773180000,2.8040,2.8060,2.8040,2.804,26126,1753773239999,73268.6400,243,17486,49037.9760,0
1753773240000,2.8040,2.8040,2.7990,2.803,60291,1753773299999,168879.3350,320,31722,88858.5730,0
1753773300000,2.8030,2.8060,2.8020,2.805,50877,1753773359999,142688.4470,296,30530,85624.4600,0
1753773360000,2.8050,2.8050,2.7990,2.803,48480,1753773419999,135801.3090,344,32302,90481.2400,0
1753773420000,2.8030,2.8070,2.8020,2.807,39445,1753773479999,110644.5960,292,27799,77973.2020,0
1753773480000,2.8070,2.8120,2.8070,2.812,84153,1753773539999,236369.7760,359,77335,217220.8530,0
1753773540000,2.8120,2.8140,2.8100,2.81,42946,1753773599999,120745.4510,386,9972,28047.4640,0
1753773600000,2.8100,2.8120,2.8080,2.811,26888,1753773659999,75548.2440,375,17210,48357.2970,0
1753773660000,2.8110,2.8110,2.8070,2.807,11367,1753773719999,31928.7680,305,2732,7674.9380,0
1753773720000,2.8070,2.8080,2.8000,2.8,38529,1753773779999,108006.4580,298,6025,16892.4100,0
1753773780000,2.8010,2.8020,2.7960,2.802,36037,1753773839999,100812.0380,359,6595,18455.6780,0
1753773840000,2.8020,2.8020,2.8000,2.8,12373,1753773899999,34656.0270,187,1997,5595.3880,0
1753773900000,2.8000,2.8000,2.7950,2.795,39174,1753773959999,109562.8320,347,6876,19230.1200,0
1753773960000,2.7960,2.7960,2.7930,2.794,14437,1753774019999,40350.3820,272,8675,24247.3340,0
1753774020000,2.7940,2.7970,2.7930,2.794,53398,1753774079999,149230.5060,347,18837,52637.3840,0
1753774080000,2.7950,2.7980,2.7940,2.797,14220,1753774139999,39766.6830,252,4040,11297.5170,0
1753774140000,2.7970,2.7970,2.7910,2.791,21670,1753774199999,60545.0280,148,3865,10809.6920,0
1753774200000,2.7920,2.7980,2.7910,2.794,34460,1753774259999,96313.1620,300,24009,67092.5320,0
1753774260000,2.7940,2.7940,2.7870,2.787,46636,1753774319999,130160.5060,353,28701,80122.1650,0
1753774320000,2.7880,2.8020,2.7880,2.802,78650,1753774379999,219793.7720,669,64129,179218.2820,0
1753774380000,2.8030,2.8060,2.8010,2.804,16117,1753774439999,45182.1160,272,11813,33113.6090,0
1753774440000,2.8040,2.8110,2.8030,2.81,45450,1753774499999,127612.9930,495,35542,99782.6980,0
1753774500000,2.8100,2.8100,2.8030,2.804,38780,1753774559999,108827.9690,292,16296,45731.6300,0
1753774560000,2.8040,2.8070,2.8030,2.804,68738,1753774619999,192808.7360,479,48038,134756.3070,0
1753774620000,2.8040,2.8130,2.8040,2.813,35102,1753774679999,98603.5320,330,32669,91773.8170,0
1753774680000,2.8130,2.8140,2.8080,2.808,38501,1753774739999,108205.6790,313,17348,48771.3360,0
1753774740000,2.8080,2.8100,2.8010,2.81,71232,1753774799999,199836.6560,355,65532,183848.5420,0
1753774800000,2.8100,2.8180,2.8070,2.816,164037,1753774859999,461470.4570,554,119503,336218.4580,0
1753774860000,2.8170,2.8210,2.8170,2.818,60702,1753774919999,171100.9740,343,39400,111051.0280,0
1753774920000,2.8180,2.8190,2.8150,2.817,53732,1753774979999,151403.6280,231,22518,63460.7850,0
1753774980000,2.8160,2.8220,2.8160,2.822,58003,1753775039999,163588.8740,250,15369,43347.0750,0
1753775040000,2.8220,2.8220,2.8180,2.821,40188,1753775099999,113304.0380,266,10840,30570.8230,0
1753775100000,2.8210,2.8260,2.8190,2.826,52206,1753775159999,147337.4100,831,25491,71935.2710,0
1753775160000,2.8260,2.8280,2.8230,2.828,106149,1753775219999,299961.6620,347,54913,155181.1300,0
1753775220000,2.8280,2.8290,2.8250,2.827,56949,1753775279999,161002.8800,309,24693,69816.3640,0
1753775280000,2.8270,2.8270,2.8210,2.825,21776,1753775339999,61502.2360,261,8108,22900.4690,0
1753775340000,2.8250,2.8300,2.8220,2.829,71413,1753775399999,201745.1710,312,30587,86418.9260,0
1753775400000,2.8290,2.8320,2.8280,2.832,51663,1753775459999,146240.6710,256,33900,95963.8960,0
1753775460000,2.8320,2.8320,2.8280,2.83,24974,1753775519999,70668.8300,178,18964,53660.6960,0
1753775520000,2.8300,2.8300,2.8250,2.825,44934,1753775579999,127009.5270,208,5037,14240.3790,0
1753775580000,2.8250,2.8280,2.8250,2.827,20270,1753775639999,57292.0890,198,8106,22910.9420,0
1753775640000,2.8270,2.8290,2.8270,2.828,26397,1753775699999,74649.4970,153,8031,22716.3060,0
1753775700000,2.8280,2.8290,2.8240,2.824,24264,1753775759999,68599.1630,191,8883,25120.2630,0
1753775760000,2.8240,2.8250,2.8210,2.822,40022,1753775819999,112984.8380,236,13726,38745.0610,0
1753775820000,2.8230,2.8260,2.8220,2.824,18378,1753775879999,51901.7360,152,13583,38360.4460,0
1753775880000,2.8240,2.8270,2.8230,2.827,15526,1753775939999,43865.5880,131,14055,39710.4170,0
1753775940000,2.8270,2.8290,2.8250,2.827,43385,1753775999999,122681.4010,177,30962,87557.9090,0
1753776000000,2.8270,2.8270,2.8200,2.823,54742,1753776059999,154516.8270,389,13297,37529.2870,0
1753776060000,2.8220,2.8230,2.8200,2.823,48519,1753776119999,136880.5180,232,27619,77935.8720,0
1753776120000,2.8230,2.8270,2.8210,2.826,69684,1753776179999,196775.1970,276,55915,157902.4240,0
1753776180000,2.8260,2.8270,2.8220,2.822,23411,1753776239999,66135.3910,219,12064,34082.7050,0
1753776240000,2.8220,2.8240,2.8180,2.818,48134,1753776299999,135708.5470,263,12877,36326.2450,0
1753776300000,2.8180,2.8180,2.8120,2.815,49821,1753776359999,140229.9230,314,25758,72500.0850,0
1753776360000,2.8150,2.8150,2.8110,2.814,18615,1753776419999,52353.9660,222,9267,26064.7630,0
1753776420000,2.8140,2.8140,2.8070,2.807,37570,1753776479999,105595.7940,261,8702,24463.7170,0
1753776480000,2.8070,2.8080,2.8030,2.803,56276,1753776539999,157895.4890,261,26944,75601.4980,0
1753776540000,2.8040,2.8080,2.8030,2.805,39419,1753776599999,110582.3180,209,18495,51888.8720,0
1753776600000,2.8050,2.8060,2.8020,2.805,69356,1753776659999,194444.0980,187,19811,55566.9200,0
1753776660000,2.8050,2.8060,2.8040,2.805,17642,1753776719999,49482.8090,137,13191,37000.8090,0
1753776720000,2.8040,2.8060,2.8020,2.803,20107,1753776779999,56379.2460,183,7411,20782.5290,0
1753776780000,2.8030,2.8030,2.8000,2.802,60300,1753776839999,168896.0890,260,26002,72823.0270,0
1753776840000,2.8020,2.8040,2.8020,2.803,10165,1753776899999,28489.2500,118,4355,12206.4710,0
1753776900000,2.8030,2.8060,2.8030,2.806,34201,1753776959999,95890.0590,151,12720,35678.8160,0
1753776960000,2.8060,2.8060,2.7990,2.8,64846,1753777019999,181667.3540,289,24735,69287.1180,0
1753777020000,2.8000,2.8050,2.8000,2.802,22796,1753777079999,63872.6100,197,14672,41106.8460,0
1753777080000,2.8020,2.8020,2.8010,2.802,8262,1753777139999,23147.5110,106,7113,19929.1620,0
1753777140000,2.8030,2.8070,2.8030,2.807,62890,1753777199999,176415.1520,207,52589,147513.0110,0
1753777200000,2.8070,2.8130,2.8070,2.812,26470,1753777259999,74389.1270,234,14585,40987.2710,0
1753777260000,2.8130,2.8160,2.8110,2.814,102276,1753777319999,287774.9380,395,67089,188767.0820,0
1753777320000,2.8140,2.8140,2.8110,2.812,31834,1753777379999,89520.1040,272,10876,30585.8990,0
1753777380000,2.8110,2.8140,2.8110,2.812,18257,1753777439999,51342.4780,261,10405,29261.2390,0
1753777440000,2.8120,2.8160,2.8110,2.814,41169,1753777499999,115810.7690,285,21648,60898.6160,0
1753777500000,2.8130,2.8130,2.8010,2.801,37219,1753777559999,104460.1220,411,5113,14349.2500,0
1753777560000,2.8020,2.8040,2.8010,2.803,14806,1753777619999,41495.0790,237,8602,24108.8240,0
1753777620000,2.8030,2.8050,2.8010,2.805,21805,1753777679999,61128.6430,226,8001,22434.3060,0
1753777680000,2.8050,2.8060,2.8000,2.8,34108,1753777739999,95611.1460,265,6524,18298.5490,0
1753777740000,2.8000,2.8010,2.7940,2.799,43332,1753777799999,121154.5370,322,14886,41624.8910,0
1753777800000,2.7980,2.8020,2.7980,2.802,47481,1753777859999,132941.7550,358,30971,86724.4780,0
1753777860000,2.8010,2.8040,2.7980,2.801,46866,1753777919999,131296.5920,339,8370,23446.4580,0
1753777920000,2.8010,2.8030,2.7970,2.8,18947,1753777979999,53045.7360,304,9478,26531.2650,0
1753777980000,2.8010,2.8010,2.7950,2.796,30462,1753778039999,85200.4760,317,6242,17459.2590,0
1753778040000,2.7970,2.8000,2.7950,2.798,18233,1753778099999,51012.1910,250,10640,29772.9240,0
1753778100000,2.7990,2.8000,2.7960,2.796,28504,1753778159999,79755.7090,261,9923,27768.9820,0
1753778160000,2.7970,2.8040,2.7970,2.798,39027,1753778219999,109340.2070,267,26960,75547.1700,0
1753778220000,2.7980,2.7980,2.7950,2.795,14376,1753778279999,40209.4470,133,3246,9078.7800,0
1753778280000,2.7960,2.7990,2.7940,2.797,9714,1753778339999,27167.1660,145,6784,18973.8220,0
1753778340000,2.7970,2.7980,2.7960,2.797,22326,1753778399999,62447.0490,136,14417,40325.5920,0
1753778400000,2.7980,2.8030,2.7980,2.8,35613,1753778459999,99709.2860,202,16542,46311.4850,0
1753778460000,2.8000,2.8010,2.7980,2.8,14052,1753778519999,39342.3540,102,10035,28097.7610,0
1753778520000,2.7990,2.8000,2.7970,2.798,24056,1753778579999,67310.6080,251,11550,32324.0340,0
1753778580000,2.7980,2.8010,2.7980,2.799,8636,1753778639999,24169.3520,106,2805,7852.5500,0
1753778640000,2.7990,2.7990,2.7970,2.797,15356,1753778699999,42973.7800,133,7413,20748.8990,0
1753778700000,2.7970,2.8000,2.7950,2.8,23656,1753778759999,66158.7220,718,11275,31536.2410,0
1753778760000,2.7990,2.8000,2.7970,2.797,31425,1753778819999,87944.3480,131,11175,31278.5220,0
1753778820000,2.7970,2.8040,2.7970,2.804,24836,1753778879999,69571.2290,140,19144,53617.2720,0
1753778880000,2.8040,2.8080,2.8010,2.801,30268,1753778939999,84906.3770,314,20286,56910.8860,0
1753778940000,2.8010,2.8010,2.7940,2.794,12563,1753778999999,35148.8150,177,5051,14137.3290,0
1753779000000,2.7940,2.7980,2.7920,2.792,43210,1753779059999,120735.4730,269,25363,70878.9810,0
1753779060000,2.7920,2.7940,2.7910,2.793,21469,1753779119999,59954.4910,148,16010,44708.7320,0
1753779120000,2.7930,2.7960,2.7930,2.795,41509,1753779179999,115995.2560,190,36459,101887.3040,0
1753779180000,2.7950,2.7990,2.7950,2.797,22253,1753779239999,62255.7230,189,8576,23994.5440,0
1753779240000,2.7970,2.7970,2.7940,2.796,32815,1753779299999,91722.0050,170,14063,39308.5990,0
1753779300000,2.7950,2.8020,2.7950,2.8,15442,1753779359999,43238.0890,212,6435,18014.6190,0
1753779360000,2.7990,2.8000,2.7980,2.799,9776,1753779419999,27363.4880,101,4249,11893.4220,0
1753779420000,2.7980,2.7980,2.7960,2.797,13222,1753779479999,36974.8060,180,4954,13853.2220,0
1753779480000,2.7970,2.7990,2.7960,2.799,57131,1753779539999,159802.4640,179,20306,56811.2290,0
1753779540000,2.8000,2.8020,2.8000,2.8,9445,1753779599999,26450.9620,85,7252,20308.8050,0
1753779600000,2.8010,2.8060,2.8010,2.804,84162,1753779659999,235935.6540,489,51295,143775.5600,0
1753779660000,2.8030,2.8040,2.7990,2.803,18019,1753779719999,50480.8480,256,9153,25640.8830,0
1753779720000,2.8030,2.8050,2.8010,2.803,45470,1753779779999,127439.1200,204,25528,71566.8570,0
1753779780000,2.8040,2.8060,2.8020,2.803,20981,1753779839999,58828.4210,196,12965,36354.2670,0
1753779840000,2.8040,2.8050,2.8020,2.802,19413,1753779899999,54415.2920,203,6626,18574.4360,0
1753779900000,2.8010,2.8050,2.8000,2.805,52756,1753779959999,147792.0390,268,25206,70639.4290,0
1753779960000,2.8050,2.8070,2.8020,2.803,45361,1753780019999,127254.0850,226,33301,93425.7830,0
1753780020000,2.8030,2.8030,2.7990,2.802,18470,1753780079999,51727.0990,193,13866,38830.0790,0
1753780080000,2.8030,2.8030,2.7990,2.801,11349,1753780139999,31781.7670,178,5698,15958.4110,0
1753780140000,2.8020,2.8040,2.8010,2.803,10516,1753780199999,29467.3470,127,6161,17264.1180,0
1753780200000,2.8020,2.8060,2.8000,2.8,21980,1753780259999,61632.3850,232,16274,45640.5560,0
1753780260000,2.8010,2.8010,2.7950,2.795,23018,1753780319999,64396.0800,197,15181,42470.6750,0
1753780320000,2.7950,2.7970,2.7940,2.794,39517,1753780379999,110432.4460,195,8877,24816.5930,0
1753780380000,2.7950,2.7970,2.7930,2.794,14836,1753780439999,41460.6940,163,10940,30572.2320,0
1753780440000,2.7950,2.7950,2.7900,2.793,85409,1753780499999,238438.2490,510,21255,59345.2000,0
1753780500000,2.7940,2.7980,2.7940,2.796,43128,1753780559999,120568.1780,402,10102,28242.8240,0
1753780560000,2.7960,2.7970,2.7900,2.79,22652,1753780619999,63262.2320,266,6276,17516.9800,0
1753780620000,2.7900,2.7920,2.7880,2.791,51390,1753780679999,143381.0550,392,32042,89414.2840,0
1753780680000,2.7920,2.7970,2.7920,2.795,60855,1753780739999,169990.7500,385,18248,50969.3110,0
1753780740000,2.7950,2.8030,2.7950,2.803,23488,1753780799999,65759.2270,353,16331,45724.8940,0
1753780800000,2.8030,2.8110,2.8030,2.811,79635,1753780859999,223514.2100,425,61441,172402.9850,0
1753780860000,2.8120,2.8120,2.8060,2.806,50257,1753780919999,141159.1020,492,19514,54811.0930,0
1753780920000,2.8070,2.8080,2.8050,2.806,34069,1753780979999,95609.7950,274,24480,68696.3650,0
1753780980000,2.8070,2.8130,2.8070,2.812,31692,1753781039999,89036.1030,281,27822,78168.9960,0
1753781040000,2.8130,2.8190,2.8120,2.818,47532,1753781099999,133803.0110,345,38680,108889.7510,0
1753781100000,2.8180,2.8180,2.8100,2.81,63521,1753781159999,178653.0510,441,8242,23173.4310,0
1753781160000,2.8100,2.8110,2.8030,2.804,41574,1753781219999,116651.2570,295,8943,25102.2230,0
1753781220000,2.8030,2.8050,2.8010,2.802,26628,1753781279999,74635.2410,278,9416,26392.8840,0
1753781280000,2.8020,2.8060,2.8020,2.802,25269,1753781339999,70839.2810,336,7988,22396.6590,0
1753781340000,2.8020,2.8050,2.8020,2.804,15565,1753781399999,43636.3290,257,4450,12476.9430,0
1753781400000,2.8040,2.8040,2.7990,2.801,40996,1753781459999,114798.3370,496,24552,68738.4380,0
1753781460000,2.8020,2.8040,2.8000,2.801,37413,1753781519999,104838.7770,380,7942,22255.6880,0
1753781520000,2.8010,2.8010,2.7980,2.799,21498,1753781579999,60186.0860,366,13282,37185.8280,0
1753781580000,2.7990,2.8010,2.7970,2.797,8817,1753781639999,24686.6490,234,2182,6110.1410,0
1753781640000,2.7980,2.8010,2.7980,2.799,15550,1753781699999,43530.9120,251,10292,28812.1940,0
1753781700000,2.7990,2.7990,2.7920,2.792,20388,1753781759999,56983.2290,262,2656,7425.5820,0
1753781760000,2.7920,2.7940,2.7900,2.79,27637,1753781819999,77173.1600,392,20266,56598.0370,0
1753781820000,2.7910,2.7930,2.7900,2.791,12428,1753781879999,34695.4000,260,6549,18283.7770,0
1753781880000,2.7910,2.7930,2.7890,2.793,81472,1753781939999,227308.1590,344,59107,164911.6730,0
1753781940000,2.7930,2.7970,2.7930,2.794,14986,1753781999999,41887.2130,186,7023,19626.9120,0
1753782000000,2.7940,2.7950,2.7930,2.794,10875,1753782059999,30384.3890,271,5431,15174.5850,0
1753782060000,2.7950,2.8000,2.7940,2.8,9041,1753782119999,25282.6970,235,5397,15095.6800,0
1753782120000,2.7990,2.7990,2.7930,2.794,42424,1753782179999,118646.9030,350,5291,14789.3060,0
1753782180000,2.7930,2.7970,2.7930,2.796,14630,1753782239999,40882.2400,297,7086,19801.8200,0
1753782240000,2.7960,2.8000,2.7960,2.8,16558,1753782299999,46343.2190,195,14516,40629.7090,0
1753782300000,2.8000,2.8000,2.7960,2.797,20805,1753782359999,58214.7440,273,5681,15898.0840,0
1753782360000,2.7960,2.7980,2.7940,2.797,16324,1753782419999,45636.7520,248,9948,27812.2620,0
1753782420000,2.7970,2.7990,2.7950,2.798,10075,1753782479999,28182.8260,172,7276,20354.8470,0
1753782480000,2.7980,2.8000,2.7940,2.794,21797,1753782539999,60983.3700,230,5203,14561.7700,0
1753782540000,2.7940,2.7940,2.7910,2.791,10142,1753782599999,28322.3880,193,4642,12965.1780,0
1753782600000,2.7900,2.7920,2.7880,2.792,27604,1753782659999,77008.3350,211,17389,48508.4820,0
1753782660000,2.7910,2.7910,2.7880,2.791,8440,1753782719999,23543.2530,200,3744,10444.3940,0
1753782720000,2.7910,2.7920,2.7900,2.79,9751,1753782779999,27215.4630,123,4342,12120.3620,0
1753782780000,2.7910,2.7920,2.7890,2.789,6678,1753782839999,18639.1770,115,4028,11243.1370,0
1753782840000,2.7890,2.7890,2.7870,2.788,30949,1753782899999,86278.8880,226,7535,21007.8460,0
1753782900000,2.7880,2.7910,2.7860,2.789,59202,1753782959999,165098.5000,312,20631,57555.0740,0
1753782960000,2.7890,2.7930,2.7880,2.791,75516,1753783019999,210833.3950,193,32442,90573.8140,0
1753783020000,2.7910,2.7920,2.7890,2.791,54713,1753783079999,152691.8080,151,23854,66575.7210,0
1753783080000,2.7910,2.7910,2.7870,2.787,109540,1753783139999,305544.7540,248,23584,65801.1260,0
1753783140000,2.7870,2.7890,2.7860,2.788,18584,1753783199999,51787.6590,160,7304,20358.1390,0
1753783200000,2.7880,2.7910,2.7870,2.79,23311,1753783259999,65012.5180,274,13357,37256.5830,0
1753783260000,2.7900,2.7900,2.7840,2.784,20766,1753783319999,57871.9090,221,6428,17917.3570,0
1753783320000,2.7850,2.7850,2.7790,2.78,88496,1753783379999,246098.8360,431,23740,66024.5920,0
1753783380000,2.7790,2.7790,2.7760,2.776,47664,1753783439999,132370.9130,299,13427,37298.4390,0
1753783440000,2.7770,2.7800,2.7760,2.779,44890,1753783499999,124728.0430,294,19314,53650.9330,0
1753783500000,2.7790,2.7810,2.7760,2.776,32165,1753783559999,89359.4920,270,5065,14071.1620,0
1753783560000,2.7760,2.7780,2.7740,2.774,25992,1753783619999,72138.6320,270,11176,31018.5330,0
1753783620000,2.7750,2.7770,2.7730,2.773,16671,1753783679999,46262.1870,223,7103,19712.0120,0
1753783680000,2.7730,2.7730,2.7700,2.773,54257,1753783739999,150356.9670,321,7843,21738.3920,0
1753783740000,2.7730,2.7740,2.7620,2.763,215715,1753783799999,596553.2400,697,41472,114735.1340,0
1753783800000,2.7620,2.7650,2.7590,2.761,66551,1753783859999,183839.2580,429,36143,99853.0880,0
1753783860000,2.7600,2.7640,2.7600,2.763,35649,1753783919999,98472.5520,258,23920,66084.1280,0
1753783920000,2.7630,2.7670,2.7620,2.764,44328,1753783979999,122550.3720,259,25004,69147.1860,0
1753783980000,2.7630,2.7640,2.7600,2.761,67233,1753784039999,185656.1150,400,19072,52674.9440,0
1753784040000,2.7600,2.7610,2.7560,2.757,62297,1753784099999,171776.1380,349,10305,28415.8850,0
1753784100000,2.7570,2.7610,2.7570,2.759,38691,1753784159999,106739.5420,332,19521,53859.3720,0
1753784160000,2.7590,2.7620,2.7580,2.762,41253,1753784219999,113856.1290,287,24896,68713.9650,0
1753784220000,2.7620,2.7640,2.7610,2.763,60517,1753784279999,167191.0220,260,49876,137790.7840,0
1753784280000,2.7630,2.7670,2.7630,2.764,33444,1753784339999,92471.1060,265,21680,59940.9770,0
1753784340000,2.7640,2.7650,2.7610,2.761,13368,1753784399999,36937.7700,216,5937,16406.2410,0
1753784400000,2.7610,2.7640,2.7590,2.761,33790,1753784459999,93313.0490,274,21399,59099.6900,0
1753784460000,2.7600,2.7610,2.7590,2.759,34756,1753784519999,95931.9460,279,11886,32807.0230,0
1753784520000,2.7590,2.7590,2.7490,2.754,94807,1753784579999,261069.9700,524,35718,98364.3110,0
1753784580000,2.7540,2.7570,2.7540,2.754,52586,1753784639999,144847.4470,266,35780,98559.1260,0
1753784640000,2.7550,2.7580,2.7530,2.758,15400,1753784699999,42421.6600,257,12367,34069.5420,0
1753784700000,2.7570,2.7580,2.7530,2.755,46439,1753784759999,128004.4960,286,25501,70299.3660,0
1753784760000,2.7560,2.7560,2.7520,2.755,22917,1753784819999,63119.2820,257,9134,25158.3580,0
1753784820000,2.7560,2.7580,2.7550,2.756,12477,1753784879999,34392.4780,168,4711,12985.2950,0
1753784880000,2.7570,2.7580,2.7530,2.757,14615,1753784939999,40269.9920,226,4818,13277.3770,0
1753784940000,2.7570,2.7580,2.7550,2.756,8285,1753784999999,22837.0670,135,4662,12849.7190,0
1753785000000,2.7570,2.7610,2.7570,2.758,45051,1753785059999,124285.8520,282,31822,87790.0700,0
1753785060000,2.7580,2.7660,2.7580,2.766,38371,1753785119999,105989.9950,394,31076,85837.8910,0
1753785120000,2.7660,2.7670,2.7620,2.765,57872,1753785179999,159979.6390,300,44164,122088.8090,0
1753785180000,2.7650,2.7690,2.7630,2.763,41862,1753785239999,115796.6920,275,18893,52252.9360,0
1753785240000,2.7640,2.7650,2.7590,2.762,16012,1753785299999,44228.5170,245,9479,26186.9580,0
1753785300000,2.7620,2.7630,2.7570,2.757,33903,1753785359999,93546.4090,274,14300,39474.5330,0
1753785360000,2.7560,2.7580,2.7550,2.755,16870,1753785419999,46495.5360,243,4368,12041.3620,0
1753785420000,2.7550,2.7600,2.7550,2.758,35049,1753785479999,96639.1380,239,21702,59855.7030,0
1753785480000,2.7590,2.7590,2.7490,2.75,10065,1753785539999,27713.6870,305,2254,6209.9140,0
1753785540000,2.7500,2.7500,2.7460,2.746,31622,1753785599999,86895.0510,303,14688,40363.9970,0
1753785600000,2.7450,2.7480,2.7430,2.745,28671,1753785659999,78701.6590,324,7473,20517.0840,0
1753785660000,2.7450,2.7470,2.7440,2.746,18079,1753785719999,49632.4040,258,13120,36018.3560,0
1753785720000,2.7460,2.7470,2.7440,2.745,19690,1753785779999,54053.4020,226,7101,19494.3410,0
1753785780000,2.7440,2.7450,2.7410,2.742,32213,1753785839999,88338.6600,317,11377,31205.9780,0
1753785840000,2.7420,2.7440,2.7400,2.743,47865,1753785899999,131264.7360,266,32937,90330.8710,0
1753785900000,2.7420,2.7440,2.7400,2.742,17586,1753785959999,48224.2340,254,7385,20251.8070,0
1753785960000,2.7420,2.7430,2.7370,2.74,44689,1753786019999,122404.2650,348,24182,66231.0970,0
1753786020000,2.7410,2.7410,2.7360,2.737,62802,1753786079999,171935.2830,357,19758,54091.5810,0
1753786080000,2.7370,2.7380,2.7320,2.733,62143,1753786139999,169926.4790,334,21179,57910.5980,0
1753786140000,2.7330,2.7360,2.7310,2.735,71263,1753786199999,194835.8000,376,49234,134629.2070,0
1753786200000,2.7350,2.7350,2.7330,2.733,19550,1753786259999,53450.9110,177,16109,44043.8280,0
1753786260000,2.7330,2.7340,2.7290,2.731,69414,1753786319999,189636.5720,376,26551,72542.1560,0
1753786320000,2.7300,2.7350,2.7280,2.734,27812,1753786379999,75963.8750,232,19146,52304.4450,0
1753786380000,2.7350,2.7360,2.7320,2.735,31294,1753786439999,85555.5940,234,19805,54147.0700,0
1753786440000,2.7340,2.7370,2.7340,2.735,48216,1753786499999,131921.5050,247,42945,117500.6070,0
1753786500000,2.7350,2.7360,2.7330,2.734,23386,1753786559999,63964.6540,163,16509,45156.4270,0
1753786560000,2.7340,2.7350,2.7260,2.727,44120,1753786619999,120400.9030,324,18961,51780.0670,0
1753786620000,2.7270,2.7280,2.7230,2.725,42331,1753786679999,115332.2890,304,25768,70208.5590,0
1753786680000,2.7250,2.7290,2.7250,2.727,18100,1753786739999,49347.4650,158,15391,41964.1030,0
1753786740000,2.7270,2.7310,2.7270,2.729,36147,1753786799999,98671.4540,152,26724,72948.8440,0
1753786800000,2.7290,2.7310,2.7260,2.73,47002,1753786859999,128228.2340,398,19911,54325.2190,0
1753786860000,2.7300,2.7330,2.7290,2.731,60894,1753786919999,166308.0510,323,23841,65113.3520,0
1753786920000,2.7310,2.7340,2.7290,2.734,43376,1753786979999,118452.2530,260,30282,82699.6390,0
1753786980000,2.7350,2.7370,2.7330,2.736,242117,1753787039999,662329.5540,420,110297,301683.7560,0
1753787040000,2.7360,2.7380,2.7340,2.736,48033,1753787099999,131428.7790,283,39296,107524.5970,0
1753787100000,2.7360,2.7410,2.7360,2.738,37389,1753787159999,102403.8410,279,26531,72669.7230,0
1753787160000,2.7390,2.7390,2.7370,2.737,10028,1753787219999,27459.9590,161,6930,18978.6430,0
1753787220000,2.7380,2.7380,2.7340,2.737,22927,1753787279999,62733.4660,232,17505,47900.9720,0
1753787280000,2.7360,2.7380,2.7330,2.734,27222,1753787339999,74475.6850,193,9896,27074.4140,0
1753787340000,2.7340,2.7400,2.7330,2.738,34999,1753787399999,95796.2690,251,26758,73237.1250,0
1753787400000,2.7390,2.7420,2.7380,2.739,25646,1753787459999,70255.1810,185,7236,19827.9650,0
1753787460000,2.7400,2.7410,2.7370,2.74,20841,1753787519999,57082.6530,253,17375,47591.7900,0
1753787520000,2.7400,2.7400,2.7360,2.737,32990,1753787579999,90299.4480,262,22477,61520.3570,0
1753787580000,2.7370,2.7430,2.7370,2.743,22237,1753787639999,60950.5900,198,20261,55535.3780,0
1753787640000,2.7430,2.7460,2.7420,2.746,30337,1753787699999,83231.6750,217,23725,65098.5750,0
1753787700000,2.7460,2.7470,2.7440,2.745,45223,1753787759999,124142.9680,235,28473,78165.1920,0
1753787760000,2.7460,2.7460,2.7410,2.742,46975,1753787819999,128927.3980,222,10785,29608.8090,0
1753787820000,2.7410,2.7480,2.7410,2.747,22809,1753787879999,62607.0120,241,20412,56031.9370,0
1753787880000,2.7480,2.7550,2.7480,2.752,55282,1753787939999,152093.7990,259,52232,143697.5880,0
1753787940000,2.7530,2.7530,2.7500,2.753,16859,1753787999999,46391.7660,192,12190,33545.4800,0
1753788000000,2.7520,2.7570,2.7520,2.755,44571,1753788059999,122780.5390,243,28516,78546.8160,0
1753788060000,2.7540,2.7540,2.7470,2.75,48390,1753788119999,133077.9470,270,14463,39771.9490,0
1753788120000,2.7500,2.7520,2.7490,2.752,25546,1753788179999,70258.9420,165,15064,41437.1320,0
1753788180000,2.7530,2.7540,2.7500,2.751,18763,1753788239999,51643.1730,162,9792,26954.5710,0
1753788240000,2.7520,2.7540,2.7510,2.751,15489,1753788299999,42627.0550,100,10304,28357.6590,0
1753788300000,2.7510,2.7520,2.7470,2.751,42106,1753788359999,115803.7420,245,11443,31466.2430,0
1753788360000,2.7510,2.7530,2.7500,2.751,33458,1753788419999,92048.9160,211,17007,46791.4010,0
1753788420000,2.7510,2.7530,2.7510,2.753,11447,1753788479999,31502.9580,129,4426,12178.6090,0
1753788480000,2.7520,2.7530,2.7490,2.751,29801,1753788539999,81971.1230,188,10780,29652.9070,0
1753788540000,2.7510,2.7540,2.7510,2.753,21948,1753788599999,60415.7670,121,21334,58725.4250,0
1753788600000,2.7530,2.7570,2.7510,2.757,38791,1753788659999,106880.7580,218,18095,49854.5600,0
1753788660000,2.7560,2.7580,2.7550,2.758,31642,1753788719999,87231.5550,166,21367,58912.8100,0
1753788720000,2.7590,2.7600,2.7560,2.758,25935,1753788779999,71551.9560,278,18844,51994.3950,0
1753788780000,2.7580,2.7580,2.7460,2.746,42792,1753788839999,117714.4230,261,16412,45190.4740,0
1753788840000,2.7460,2.7500,2.7450,2.745,15765,1753788899999,43303.8040,178,6187,16996.1890,0
1753788900000,2.7440,2.7470,2.7380,2.747,91388,1753788959999,250653.0830,425,66789,183202.3900,0
1753788960000,2.7470,2.7500,2.7450,2.748,29683,1753789019999,81544.0550,234,18200,50007.6920,0
1753789020000,2.7490,2.7490,2.7430,2.745,21862,1753789079999,60051.2670,174,7545,20732.5300,0
1753789080000,2.7450,2.7470,2.7440,2.747,13179,1753789139999,36171.4300,163,9423,25863.4750,0
1753789140000,2.7470,2.7490,2.7460,2.747,19703,1753789199999,54137.4680,160,12419,34126.1130,0
1753789200000,2.7460,2.7470,2.7440,2.744,10837,1753789259999,29749.8760,184,5225,14345.2610,0
1753789260000,2.7440,2.7470,2.7440,2.746,10413,1753789319999,28589.5480,221,6526,17916.7820,0
1753789320000,2.7470,2.7490,2.7460,2.749,11639,1753789379999,31981.0740,200,8212,22565.0250,0
1753789380000,2.7490,2.7510,2.7470,2.75,12505,1753789439999,34376.7680,192,10356,28470.6500,0
1753789440000,2.7510,2.7530,2.7500,2.75,7785,1753789499999,21418.8830,166,3810,10483.9210,0
1753789500000,2.7500,2.7500,2.7470,2.748,10576,1753789559999,29074.6030,211,3063,8420.4670,0
1753789560000,2.7480,2.7510,2.7460,2.747,18457,1753789619999,50732.6270,176,16369,44993.0360,0
1753789620000,2.7470,2.7520,2.7460,2.75,9985,1753789679999,27441.6430,153,8739,24017.0450,0
1753789680000,2.7510,2.7530,2.7490,2.753,10146,1753789739999,27911.1220,132,8762,24104.6300,0
1753789740000,2.7530,2.7540,2.7500,2.75,6822,1753789799999,18772.3720,185,3450,9494.9910,0
1753789800000,2.7500,2.7500,2.7460,2.747,13969,1753789859999,38373.8420,113,2491,6846.0620,0
1753789860000,2.7480,2.7490,2.7460,2.747,10939,1753789919999,30047.8370,96,6385,17538.2390,0
1753789920000,2.7470,2.7480,2.7470,2.748,7487,1753789979999,20567.6600,75,6976,19163.9430,0
1753789980000,2.7490,2.7530,2.7490,2.752,19371,1753790039999,53295.3430,141,14190,39045.8370,0
1753790040000,2.7510,2.7530,2.7510,2.752,25104,1753790099999,69076.4550,149,11833,32556.9400,0
1753790100000,2.7510,2.7510,2.7470,2.749,10042,1753790159999,27604.3600,167,3663,10068.3250,0
1753790160000,2.7500,2.7520,2.7490,2.752,8417,1753790219999,23148.7530,114,4282,11779.9060,0
1753790220000,2.7510,2.7540,2.7490,2.754,11569,1753790279999,31831.9910,126,7937,21843.0380,0
1753790280000,2.7530,2.7560,2.7530,2.753,19752,1753790339999,54423.4630,178,15392,42411.0150,0
1753790340000,2.7530,2.7540,2.7520,2.753,3543,1753790399999,9752.0880,69,599,1649.2160,0
1753790400000,2.7520,2.7540,2.7510,2.752,21566,1753790459999,59367.4460,254,13473,37093.0340,0
1753790460000,2.7510,2.7540,2.7480,2.753,36532,1753790519999,100486.2020,251,6501,17888.1430,0
1753790520000,2.7530,2.7580,2.7530,2.758,22564,1753790579999,62177.9240,251,17243,47522.0040,0
1753790580000,2.7570,2.7670,2.7560,2.767,84034,1753790639999,232022.9690,504,62356,172164.1200,0
1753790640000,2.7680,2.7690,2.7610,2.761,39062,1753790699999,107955.9780,280,6295,17401.1060,0
1753790700000,2.7610,2.7640,2.7600,2.76,20920,1753790759999,57779.1560,211,7064,19510.3730,0
1753790760000,2.7600,2.7630,2.7580,2.762,10471,1753790819999,28898.7490,164,4775,13178.3170,0
1753790820000,2.7620,2.7620,2.7580,2.758,13762,1753790879999,37989.8800,137,7298,20149.6180,0
1753790880000,2.7570,2.7580,2.7520,2.752,27437,1753790939999,75604.4050,218,8539,23532.8500,0
1753790940000,2.7520,2.7540,2.7490,2.75,14192,1753790999999,39044.5210,177,1532,4215.9780,0
1753791000000,2.7510,2.7510,2.7470,2.749,14870,1753791059999,40881.1800,187,2640,7256.0770,0
1753791060000,2.7490,2.7500,2.7490,2.75,6760,1753791119999,18586.3390,93,3186,8761.4130,0
1753791120000,2.7500,2.7560,2.7480,2.756,19284,1753791179999,53050.7280,252,15658,43082.6800,0
1753791180000,2.7560,2.7580,2.7540,2.756,22144,1753791239999,61031.0080,216,17382,47904.9680,0
1753791240000,2.7550,2.7560,2.7520,2.752,18244,1753791299999,50260.3400,216,6664,18362.0120,0
1753791300000,2.7530,2.7590,2.7520,2.756,28984,1753791359999,79926.7550,332,22105,60961.5450,0
1753791360000,2.7560,2.7680,2.7530,2.765,104577,1753791419999,288727.5020,532,79754,220121.5610,0
1753791420000,2.7660,2.7700,2.7610,2.761,62605,1753791479999,173158.1590,399,36929,102162.2370,0
1753791480000,2.7620,2.7620,2.7570,2.76,13349,1753791539999,36834.8450,192,9616,26535.0160,0
1753791540000,2.7600,2.7670,2.7600,2.765,13007,1753791599999,35949.3730,171,9397,25970.3570,0
1753791600000,2.7650,2.7730,2.7620,2.773,57628,1753791659999,159502.3270,419,46281,128098.1050,0
1753791660000,2.7740,2.7750,2.7680,2.768,48136,1753791719999,133475.5030,319,22770,63154.7910,0
1753791720000,2.7680,2.7720,2.7670,2.769,20155,1753791779999,55796.0560,168,7429,20570.0480,0
1753791780000,2.7700,2.7730,2.7680,2.772,20471,1753791839999,56716.9460,195,7750,21463.8190,0
1753791840000,2.7710,2.7730,2.7700,2.772,11878,1753791899999,32923.4380,155,5469,15158.9430,0
1753791900000,2.7710,2.7750,2.7690,2.772,55718,1753791959999,154438.8890,231,48024,133114.6910,0
1753791960000,2.7720,2.7760,2.7710,2.776,32945,1753792019999,91354.0980,181,15492,42972.1130,0
1753792020000,2.7760,2.7800,2.7740,2.778,40774,1753792079999,113222.6250,312,27003,74991.4110,0
1753792080000,2.7770,2.7820,2.7770,2.781,22981,1753792139999,63879.5850,241,13711,38113.6380,0
1753792140000,2.7810,2.7830,2.7770,2.777,17079,1753792199999,47474.6620,272,6402,17795.9750,0
1753792200000,2.7760,2.7780,2.7710,2.771,13044,1753792259999,36193.3990,237,5194,14418.6690,0
1753792260000,2.7720,2.7760,2.7700,2.77,25763,1753792319999,71439.0320,217,8736,24231.1970,0
1753792320000,2.7710,2.7730,2.7650,2.766,59403,1753792379999,164417.2040,268,20670,57259.0240,0
1753792380000,2.7660,2.7720,2.7650,2.771,24568,1753792439999,68021.4190,231,18222,50453.5430,0
1753792440000,2.7710,2.7770,2.7710,2.775,20529,1753792499999,56951.7610,232,17128,47518.8620,0
1753792500000,2.7740,2.7800,2.7720,2.78,18492,1753792559999,51351.1030,211,8972,24927.0760,0
1753792560000,2.7800,2.7840,2.7800,2.784,38035,1753792619999,105853.4820,264,30302,84339.3450,0
1753792620000,2.7830,2.7920,2.7830,2.79,78464,1753792679999,218733.8270,399,52800,147210.1980,0
1753792680000,2.7910,2.7940,2.7890,2.792,87499,1753792739999,244258.9800,300,60049,167626.3780,0
1753792740000,2.7930,2.7940,2.7900,2.793,17110,1753792799999,47777.0810,290,3165,8835.7440,0
1753792800000,2.7930,2.7940,2.7910,2.792,19682,1753792859999,54958.7060,195,10559,29484.9400,0
1753792860000,2.7910,2.7920,2.7830,2.784,44204,1753792919999,123254.4100,337,11567,32264.7370,0
1753792920000,2.7850,2.7860,2.7830,2.783,11670,1753792979999,32497.9400,135,7376,20540.7120,0
1753792980000,2.7830,2.7870,2.7830,2.786,16836,1753793039999,46891.3940,247,7088,19745.5530,0
1753793040000,2.7870,2.7940,2.7870,2.794,36138,1753793099999,100865.2280,230,30188,84256.5470,0
1753793100000,2.7930,2.7930,2.7910,2.792,24237,1753793159999,67681.7420,222,11002,30723.9250,0
1753793160000,2.7920,2.7920,2.7860,2.789,12227,1753793219999,34089.2790,234,4537,12646.4980,0
1753793220000,2.7890,2.7910,2.7870,2.788,15233,1753793279999,42473.3430,185,6454,18000.8720,0
1753793280000,2.7870,2.7870,2.7820,2.782,33439,1753793339999,93104.8110,225,10826,30164.6120,0
1753793340000,2.7830,2.7830,2.7790,2.782,42152,1753793399999,117186.8470,173,25319,70388.1390,0
1753793400000,2.7810,2.7820,2.7790,2.779,15271,1753793459999,42459.4700,215,4200,11681.2030,0
1753793460000,2.7780,2.7800,2.7750,2.779,26407,1753793519999,73352.3230,191,10349,28749.4900,0
1753793520000,2.7790,2.7820,2.7790,2.78,14260,1753793579999,39645.2410,115,12741,35420.9540,0
1753793580000,2.7800,2.7850,2.7800,2.781,21846,1753793639999,60805.7100,148,18674,51978.5350,0
1753793640000,2.7810,2.7830,2.7810,2.783,21192,1753793699999,58950.8890,152,8761,24378.5260,0
1753793700000,2.7820,2.7820,2.7770,2.777,20580,1753793759999,57176.1420,145,363,1008.7770,0
1753793760000,2.7770,2.7810,2.7770,2.781,10368,1753793819999,28811.8990,138,7839,21784.5800,0
1753793820000,2.7800,2.7820,2.7780,2.78,17854,1753793879999,49640.2400,192,12673,35236.1660,0
1753793880000,2.7790,2.7850,2.7790,2.783,12235,1753793939999,34051.7340,128,7576,21085.3400,0
1753793940000,2.7830,2.7830,2.7790,2.779,7428,1753793999999,20647.0510,107,1863,5177.6240,0
1753794000000,2.7790,2.7790,2.7770,2.779,22363,1753794059999,62123.7430,212,6089,16915.4390,0
1753794060000,2.7780,2.7800,2.7770,2.78,29457,1753794119999,81839.5020,172,21564,59910.3070,0
1753794120000,2.7810,2.7860,2.7810,2.786,34011,1753794179999,94665.1000,244,26789,74560.1480,0
1753794180000,2.7860,2.7900,2.7860,2.79,25051,1753794239999,69828.5130,221,16347,45574.8960,0
1753794240000,2.7900,2.7920,2.7850,2.785,39546,1753794299999,110334.5950,293,27579,76958.7290,0
1753794300000,2.7860,2.7870,2.7810,2.781,32598,1753794359999,90726.4900,190,11071,30819.3770,0
1753794360000,2.7810,2.7810,2.7700,2.772,32249,1753794419999,89464.0640,314,13678,37950.6470,0
1753794420000,2.7710,2.7740,2.7690,2.77,55065,1753794479999,152606.1890,229,13387,37098.9380,0
1753794480000,2.7700,2.7730,2.7690,2.77,16084,1753794539999,44561.7350,167,7719,21388.6220,0
1753794540000,2.7710,2.7740,2.7700,2.773,6382,1753794599999,17688.6120,119,5317,14735.4600,0
1753794600000,2.7730,2.7740,2.7690,2.771,12163,1753794659999,33706.3830,235,3750,10394.5840,0
1753794660000,2.7710,2.7750,2.7710,2.774,36891,1753794719999,102302.6400,248,20963,58139.5850,0
1753794720000,2.7740,2.7750,2.7690,2.771,16760,1753794779999,46454.7810,209,12417,34416.5080,0
1753794780000,2.7720,2.7760,2.7720,2.774,34745,1753794839999,96405.5270,265,14569,40415.9240,0
1753794840000,2.7740,2.7750,2.7730,2.775,5334,1753794899999,14797.5990,100,3109,8624.5740,0
1753794900000,2.7740,2.7750,2.7720,2.775,12991,1753794959999,36022.8130,230,5682,15756.6030,0
1753794960000,2.7750,2.7810,2.7750,2.778,16634,1753795019999,46220.1640,258,11255,31271.5300,0
1753795020000,2.7770,2.7770,2.7700,2.772,12094,1753795079999,33542.3980,148,4819,13366.0570,0
1753795080000,2.7720,2.7770,2.7720,2.776,17836,1753795139999,49496.3870,200,8153,22626.9210,0
1753795140000,2.7770,2.7780,2.7740,2.774,14291,1753795199999,39658.7400,139,1875,5204.8320,0
1753795200000,2.7730,2.7750,2.7730,2.775,32741,1753795259999,90828.4850,141,24215,67185.0460,0
1753795260000,2.7750,2.7850,2.7750,2.785,26757,1753795319999,74441.1620,244,23482,65327.3880,0
1753795320000,2.7860,2.7890,2.7820,2.787,57734,1753795379999,160886.8910,330,39346,109660.6250,0
1753795380000,2.7860,2.7910,2.7840,2.79,21119,1753795439999,58853.1140,208,17207,47951.0540,0
1753795440000,2.7900,2.7910,2.7860,2.787,48205,1753795499999,134393.1530,230,8677,24197.6760,0
1753795500000,2.7870,2.7960,2.7840,2.795,96137,1753795559999,268185.3530,512,76482,213340.9260,0
1753795560000,2.7950,2.8010,2.7950,2.797,57004,1753795619999,159527.6610,431,25007,69987.5360,0
1753795620000,2.7980,2.8000,2.7960,2.796,19412,1753795679999,54307.1080,181,7694,21525.5360,0
1753795680000,2.7970,2.7990,2.7950,2.798,22512,1753795739999,62972.7750,195,10862,30380.1860,0
1753795740000,2.7990,2.7990,2.7930,2.794,70426,1753795799999,196927.7460,295,9615,26872.6300,0
1753795800000,2.7940,2.7980,2.7940,2.797,28848,1753795859999,80663.7390,228,22899,64035.1160,0
1753795860000,2.7970,2.7970,2.7880,2.792,46477,1753795919999,129733.4850,410,13258,37003.5580,0
1753795920000,2.7910,2.7910,2.7830,2.788,41419,1753795979999,115389.2070,342,11093,30914.0100,0
1753795980000,2.7880,2.7930,2.7870,2.793,14496,1753796039999,40447.1030,221,13188,36797.4320,0
1753796040000,2.7920,2.7930,2.7890,2.79,31626,1753796099999,88279.6010,248,14939,41714.6620,0
1753796100000,2.7900,2.7910,2.7860,2.787,32624,1753796159999,90945.7860,242,7288,20323.8630,0
1753796160000,2.7870,2.7950,2.7860,2.795,24882,1753796219999,69468.1780,252,16136,45056.8200,0
1753796220000,2.7940,2.7940,2.7870,2.787,17234,1753796279999,48094.8230,222,5377,15006.3740,0
1753796280000,2.7870,2.7900,2.7850,2.788,26558,1753796339999,74049.9500,261,14801,41267.7170,0
1753796340000,2.7870,2.7870,2.7820,2.784,10424,1753796399999,29013.8160,208,5119,14246.9290,0
1753796400000,2.7840,2.7870,2.7810,2.786,32007,1753796459999,89104.0720,265,19917,55449.2670,0
1753796460000,2.7860,2.7880,2.7820,2.783,14631,1753796519999,40741.0690,313,4645,12932.2920,0
1753796520000,2.7820,2.7820,2.7760,2.776,26259,1753796579999,72940.0080,324,2849,7919.0950,0
1753796580000,2.7760,2.7770,2.7690,2.77,37294,1753796639999,103432.4340,402,6787,18831.5970,0
1753796640000,2.7700,2.7770,2.7700,2.773,60022,1753796699999,166414.7880,385,25400,70407.5210,0
1753796700000,2.7740,2.7780,2.7700,2.771,59131,1753796759999,164029.6030,418,22753,63123.7320,0
1753796760000,2.7710,2.7820,2.7710,2.777,39259,1753796819999,109039.8850,406,17098,47458.6330,0
1753796820000,2.7770,2.7800,2.7720,2.775,30381,1753796879999,84344.6730,293,16385,45499.9550,0
1753796880000,2.7740,2.7780,2.7690,2.778,48393,1753796939999,134217.0920,291,25768,71501.2660,0
1753796940000,2.7780,2.7780,2.7630,2.765,86279,1753796999999,238787.1780,579,19956,55215.9300,0
1753797000000,2.7650,2.7660,2.7510,2.755,329467,1753797059999,907513.5230,933,134756,371006.4180,0
1753797060000,2.7550,2.7580,2.7540,2.757,68658,1753797119999,189246.6800,329,46414,127937.8530,0
1753797120000,2.7580,2.7630,2.7560,2.759,377042,1753797179999,1040538.7170,686,235598,650176.9380,0
1753797180000,2.7590,2.7630,2.7570,2.759,93309,1753797239999,257653.5490,293,81602,225347.1600,0
1753797240000,2.7590,2.7600,2.7540,2.754,23320,1753797299999,64309.4540,255,7368,20319.4230,0
1753797300000,2.7540,2.7550,2.7450,2.749,101469,1753797359999,278874.3530,547,27470,75517.2010,0
1753797360000,2.7480,2.7540,2.7470,2.748,78592,1753797419999,216130.9480,373,45941,126347.2190,0
1753797420000,2.7480,2.7510,2.7400,2.747,103192,1753797479999,283350.1070,688,48316,132678.4380,0
1753797480000,2.7460,2.7480,2.7450,2.746,25818,1753797539999,70907.5590,269,17453,47935.2730,0
1753797540000,2.7450,2.7490,2.7440,2.748,46592,1753797599999,127970.6790,265,22331,61330.9730,0
1753797600000,2.7490,2.7510,2.7360,2.74,72816,1753797659999,199745.6150,705,34874,95684.3260,0
1753797660000,2.7390,2.7410,2.7300,2.737,106680,1753797719999,291847.4260,668,57023,156020.7900,0
1753797720000,2.7380,2.7390,2.7320,2.733,68477,1753797779999,187258.5340,470,23401,63989.2140,0
1753797780000,2.7330,2.7330,2.7270,2.729,52853,1753797839999,144286.8310,495,24403,66616.7650,0
1753797840000,2.7290,2.7290,2.7220,2.725,98342,1753797899999,268082.4400,620,40733,111038.8700,0
1753797900000,2.7240,2.7250,2.7150,2.715,201722,1753797959999,548463.7200,911,51540,140141.1550,0
1753797960000,2.7150,2.7170,2.7100,2.711,150044,1753798019999,407084.2710,702,72147,195771.1320,0
1753798020000,2.7100,2.7150,2.7090,2.711,91021,1753798079999,246743.4320,530,54437,147561.1080,0
1753798080000,2.7110,2.7120,2.7020,2.706,160384,1753798139999,434031.2820,744,63216,171059.0050,0
1753798140000,2.7060,2.7150,2.7030,2.709,85850,1753798199999,232635.3720,570,49851,135076.4450,0
1753798200000,2.7090,2.7140,2.7060,2.708,100090,1753798259999,271194.7210,491,70253,190344.5160,0
1753798260000,2.7090,2.7110,2.7060,2.709,148152,1753798319999,401280.9940,515,65531,177482.3830,0
1753798320000,2.7090,2.7140,2.7070,2.713,99827,1753798379999,270487.3200,476,57840,156746.3890,0
1753798380000,2.7140,2.7210,2.7140,2.718,113984,1753798439999,309825.2050,543,82515,224304.1740,0
1753798440000,2.7170,2.7200,2.7110,2.711,69349,1753798499999,188322.7300,320,19616,53265.7420,0
1753798500000,2.7110,2.7170,2.7100,2.717,91786,1753798559999,249015.9380,907,38938,105677.3180,0
1753798560000,2.7170,2.7240,2.7150,2.723,108409,1753798619999,294909.2130,483,48402,131709.2150,0
1753798620000,2.7240,2.7250,2.7200,2.721,141592,1753798679999,385428.4670,545,34445,93775.1450,0
1753798680000,2.7200,2.7230,2.7140,2.718,70420,1753798739999,191413.2480,386,43747,118923.5680,0
1753798740000,2.7180,2.7200,2.7110,2.714,54549,1753798799999,148081.1070,395,17894,48587.9490,0
1753798800000,2.7150,2.7190,2.7120,2.717,83147,1753798859999,225841.9910,414,59138,160646.8500,0
1753798860000,2.7170,2.7230,2.7170,2.719,53379,1753798919999,145169.7160,382,27792,75584.9870,0
1753798920000,2.7180,2.7230,2.7160,2.722,44054,1753798979999,119833.6280,283,33681,91627.4420,0
1753798980000,2.7220,2.7260,2.7220,2.722,33639,1753799039999,91641.7110,286,22869,62306.5460,0
1753799040000,2.7240,2.7360,2.7220,2.733,63344,1753799099999,172851.8210,468,32874,89771.2040,0
1753799100000,2.7340,2.7380,2.7310,2.736,90567,1753799159999,247780.5990,452,66521,182011.1150,0
1753799160000,2.7360,2.7380,2.7320,2.732,64183,1753799219999,175554.8860,373,23416,64077.3760,0
1753799220000,2.7320,2.7340,2.7260,2.733,76604,1753799279999,209215.3640,470,47011,128399.8810,0
1753799280000,2.7340,2.7350,2.7310,2.734,59568,1753799339999,162786.9420,322,33797,92356.4350,0
1753799340000,2.7340,2.7370,2.7320,2.735,48448,1753799399999,132464.6430,339,17788,48646.1340,0
1753799400000,2.7350,2.7390,2.7340,2.736,68540,1753799459999,187563.8700,486,39778,108863.3150,0
1753799460000,2.7350,2.7380,2.7300,2.737,60047,1753799519999,164183.7700,478,38593,105505.6170,0
1753799520000,2.7380,2.7400,2.7340,2.735,81540,1753799579999,223157.0200,468,56033,153358.2070,0
1753799580000,2.7360,2.7360,2.7290,2.731,41759,1753799639999,114117.0650,300,16071,43917.4780,0
1753799640000,2.7320,2.7340,2.7310,2.732,30982,1753799699999,84684.5110,217,11078,30279.6630,0
1753799700000,2.7330,2.7390,2.7320,2.738,87212,1753799759999,238515.6180,352,59591,162993.1280,0
1753799760000,2.7390,2.7400,2.7330,2.735,50877,1753799819999,139220.9370,333,35794,97949.4050,0
1753799820000,2.7350,2.7350,2.7290,2.729,31588,1753799879999,86322.0250,246,11762,32143.9740,0
1753799880000,2.7290,2.7320,2.7220,2.723,39800,1753799939999,108464.5200,415,28220,76896.1460,0
1753799940000,2.7230,2.7250,2.7210,2.723,39784,1753799999999,108332.6760,322,16661,45371.6930,0
1753800000000,2.7230,2.7310,2.7220,2.731,36059,1753800059999,98324.8930,342,29160,79518.9530,0
1753800060000,2.7310,2.7310,2.7270,2.731,24405,1753800119999,66596.9180,320,8485,23157.6530,0
1753800120000,2.7310,2.7330,2.7300,2.733,41153,1753800179999,112410.2620,302,25056,68440.4420,0
1753800180000,2.7320,2.7330,2.7280,2.731,60239,1753800239999,164442.6710,364,28443,77682.9520,0
1753800240000,2.7320,2.7350,2.7290,2.73,25261,1753800299999,69018.9680,278,12221,33394.4700,0
1753800300000,2.7300,2.7370,2.7300,2.734,80729,1753800359999,220763.6660,892,44913,122813.5740,0
1753800360000,2.7350,2.7350,2.7260,2.726,51638,1753800419999,140953.7890,431,10907,29778.0380,0
1753800420000,2.7260,2.7290,2.7170,2.721,65519,1753800479999,178377.5330,517,22227,60482.3590,0
1753800480000,2.7210,2.7250,2.7170,2.717,96016,1753800539999,261339.8890,440,38600,105073.1340,0
1753800540000,2.7180,2.7190,2.7100,2.713,69086,1753800599999,187435.2250,489,41454,112461.3070,0
1753800600000,2.7130,2.7160,2.7090,2.709,36877,1753800659999,100015.7060,345,16311,44246.5550,0
1753800660000,2.7090,2.7090,2.7010,2.701,79090,1753800719999,213880.7980,503,43073,116492.3470,0
1753800720000,2.7020,2.7020,2.6910,2.692,264990,1753800779999,714530.8500,881,72965,196742.0360,0
1753800780000,2.6910,2.6940,2.6850,2.687,155541,1753800839999,418123.8650,632,85739,230461.2770,0
1753800840000,2.6870,2.6930,2.6850,2.687,111262,1753800899999,299117.7480,517,72973,196194.7850,0
1753800900000,2.6860,2.6950,2.6820,2.693,140937,1753800959999,378484.9870,687,60785,163343.1220,0
1753800960000,2.6920,2.7030,2.6920,2.703,90312,1753801019999,243640.3940,546,60189,162379.3640,0
1753801020000,2.7040,2.7040,2.6960,2.702,93610,1753801079999,252794.5950,466,73635,198849.3950,0
1753801080000,2.7010,2.7030,2.6970,2.702,99756,1753801139999,269356.3220,325,57504,155301.9760,0
1753801140000,2.7020,2.7070,2.7020,2.704,51284,1753801199999,138737.0160,293,28538,77207.2160,0
1753801200000,2.7040,2.7050,2.6970,2.702,70913,1753801259999,191563.4350,510,32041,86553.0020,0
1753801260000,2.7030,2.7050,2.6980,2.7,36799,1753801319999,99400.1520,381,25926,70034.4200,0
1753801320000,2.7000,2.7030,2.6960,2.696,73041,1753801379999,197218.2280,456,27100,73205.5100,0
1753801380000,2.6960,2.6990,2.6910,2.698,86668,1753801439999,233514.3740,598,55545,149689.1420,0
1753801440000,2.6980,2.7010,2.6960,2.7,58085,1753801499999,156730.4810,337,19828,53495.2320,0
1753801500000,2.7000,2.7020,2.6950,2.695,73430,1753801559999,198135.0870,394,30004,80939.7680,0
1753801560000,2.6950,2.6990,2.6910,2.696,133654,1753801619999,360137.8930,518,54530,146938.0900,0
1753801620000,2.6960,2.6980,2.6930,2.693,31044,1753801679999,83661.2130,263,23148,62379.9750,0
1753801680000,2.6930,2.7020,2.6910,2.697,53385,1753801739999,143937.3000,388,36037,97188.5870,0
1753801740000,2.6960,2.6970,2.6910,2.697,37092,1753801799999,99921.3570,362,17622,47476.3760,0
1753801800000,2.6970,2.7010,2.6960,2.701,52596,1753801859999,141972.2490,276,44693,120648.5310,0
1753801860000,2.7010,2.7130,2.6980,2.713,49782,1753801919999,134597.7940,492,30389,82166.7310,0
1753801920000,2.7120,2.7170,2.7090,2.709,54700,1753801979999,148394.8020,473,30843,83660.4140,0
1753801980000,2.7100,2.7180,2.7100,2.713,131893,1753802039999,358196.7520,483,107037,290712.1850,0
1753802040000,2.7120,2.7130,2.7040,2.706,148803,1753802099999,403020.5360,422,104800,283939.4060,0
1753802100000,2.7070,2.7110,2.7060,2.706,50679,1753802159999,137250.8520,273,19588,53055.5480,0
1753802160000,2.7060,2.7120,2.7040,2.708,89923,1753802219999,243665.5560,407,35023,94868.2110,0
1753802220000,2.7070,2.7100,2.7060,2.709,45178,1753802279999,122396.9370,261,33201,89956.4130,0
1753802280000,2.7090,2.7100,2.6980,2.699,90177,1753802339999,243716.8300,391,18077,48843.5990,0
1753802340000,2.7000,2.7080,2.7000,2.708,21922,1753802399999,59264.3930,262,18137,49029.6970,0
1753802400000,2.7080,2.7090,2.7040,2.709,56677,1753802459999,153396.1750,337,37346,101084.7010,0
1753802460000,2.7090,2.7100,2.6980,2.698,57136,1753802519999,154584.0290,339,21027,56933.7500,0
1753802520000,2.6990,2.7030,2.6980,2.703,122899,1753802579999,331962.7010,404,105791,285764.6630,0
1753802580000,2.7030,2.7100,2.7020,2.709,43152,1753802639999,116706.2340,251,36120,97699.8290,0
1753802640000,2.7100,2.7120,2.7090,2.71,17870,1753802699999,48437.8430,236,8500,23043.2270,0
1753802700000,2.7100,2.7110,2.7050,2.708,45152,1753802759999,122293.0190,261,15252,41310.5080,0
1753802760000,2.7070,2.7070,2.7030,2.705,36457,1753802819999,98589.7420,232,24436,66082.5550,0
1753802820000,2.7050,2.7060,2.7030,2.706,77162,1753802879999,208697.3830,313,11030,29838.0210,0
1753802880000,2.7050,2.7070,2.7030,2.703,32772,1753802939999,88648.1830,261,12105,32746.2280,0
1753802940000,2.7020,2.7030,2.6990,2.701,34131,1753802999999,92220.5570,235,11929,32234.0840,0
1753803000000,2.7010,2.7070,2.7010,2.702,95792,1753803059999,258900.9540,876,76531,206830.8560,0
1753803060000,2.7020,2.7040,2.6990,2.701,38931,1753803119999,105172.9680,293,19534,52770.1030,0
1753803120000,2.7000,2.7000,2.6920,2.693,61531,1753803179999,165899.6970,462,17135,46207.4320,0
1753803180000,2.6930,2.7050,2.6930,2.701,57224,1753803239999,154409.6670,335,37054,100014.4170,0
1753803240000,2.7020,2.7020,2.6950,2.696,42664,1753803299999,115088.6570,249,6198,16723.5760,0
1753803300000,2.6970,2.6970,2.6920,2.695,35291,1753803359999,95074.4600,285,15728,42371.2810,0
1753803360000,2.6950,2.6990,2.6940,2.697,30487,1753803419999,82229.7520,244,9001,24275.8440,0
1753803420000,2.6970,2.7050,2.6970,2.705,33493,1753803479999,90492.6430,237,18971,51255.5900,0
1753803480000,2.7040,2.7050,2.7020,2.702,26814,1753803539999,72496.0550,229,9015,24377.7890,0
1753803540000,2.7020,2.7030,2.7000,2.7,34831,1753803599999,94102.9250,191,8778,23716.2920,0
1753803600000,2.7010,2.7090,2.7010,2.708,44609,1753803659999,120632.9800,320,35681,96485.6830,0
1753803660000,2.7070,2.7070,2.6970,2.701,69050,1753803719999,186468.2090,613,39915,107785.0670,0
1753803720000,2.7020,2.7040,2.6970,2.697,96534,1753803779999,260734.7330,384,29457,79580.6170,0
1753803780000,2.6970,2.7070,2.6960,2.704,84146,1753803839999,227306.4730,473,59223,159993.0120,0
1753803840000,2.7040,2.7180,2.7040,2.713,111969,1753803899999,303756.0760,564,60018,162812.2120,0
1753803900000,2.7130,2.7160,2.7100,2.716,102005,1753803959999,276845.0510,448,76909,208749.2170,0
1753803960000,2.7170,2.7190,2.7130,2.714,81422,1753804019999,221138.5580,374,43465,118063.9550,0
1753804020000,2.7150,2.7250,2.7140,2.722,75464,1753804079999,205331.6430,401,44605,121366.1900,0
1753804080000,2.7220,2.7290,2.7220,2.728,120240,1753804139999,327716.7700,505,92156,251196.6600,0
1753804140000,2.7280,2.7310,2.7240,2.729,65305,1753804199999,178132.5850,395,38781,105796.3570,0
1753804200000,2.7280,2.7280,2.7230,2.725,34711,1753804259999,94621.5150,246,19075,51999.9860,0
1753804260000,2.7240,2.7270,2.7210,2.721,21404,1753804319999,58314.0070,260,9118,24850.5980,0
1753804320000,2.7210,2.7260,2.7190,2.726,26855,1753804379999,73137.4760,235,17958,48903.1600,0
1753804380000,2.7270,2.7310,2.7270,2.73,35273,1753804439999,96272.4660,232,22239,60699.9490,0
1753804440000,2.7310,2.7320,2.7270,2.727,50333,1753804499999,137332.6330,267,17977,49055.1460,0
1753804500000,2.7270,2.7280,2.7200,2.723,76655,1753804559999,208779.9320,318,25628,69834.7180,0
1753804560000,2.7240,2.7250,2.7190,2.719,37044,1753804619999,100816.1680,239,18040,49093.7370,0
1753804620000,2.7190,2.7200,2.7150,2.715,26735,1753804679999,72671.4500,232,6459,17557.9010,0
1753804680000,2.7150,2.7160,2.7120,2.714,23125,1753804739999,62774.6900,236,8225,22323.4610,0
1753804740000,2.7140,2.7150,2.7120,2.712,22739,1753804799999,61711.6630,192,13081,35507.7950,0
1753804800000,2.7120,2.7180,2.7110,2.711,69056,1753804859999,187387.2650,423,26925,73085.9630,0
1753804860000,2.7110,2.7130,2.7080,2.709,67953,1753804919999,184215.2970,415,24483,66384.7060,0
1753804920000,2.7090,2.7110,2.7080,2.709,37442,1753804979999,101458.1490,272,22662,61412.0400,0
1753804980000,2.7100,2.7110,2.7060,2.71,41000,1753805039999,111045.9390,260,7690,20831.0520,0
1753805040000,2.7090,2.7110,2.7060,2.709,61711,1753805099999,167176.8950,325,26873,72808.7020,0
1753805100000,2.7090,2.7100,2.7030,2.703,28958,1753805159999,78370.2560,270,5921,16027.3470,0
1753805160000,2.7030,2.7050,2.7000,2.701,34261,1753805219999,92561.1910,331,8453,22841.0270,0
1753805220000,2.7010,2.7060,2.7000,2.701,15154,1753805279999,40966.8670,253,7680,20760.7500,0
1753805280000,2.7020,2.7040,2.6990,2.701,35779,1753805339999,96641.4940,292,24498,66171.5040,0
1753805340000,2.7010,2.7060,2.7000,2.704,22486,1753805399999,60795.5180,281,12948,35011.9980,0
1753805400000,2.7050,2.7050,2.6980,2.699,40363,1753805459999,109030.0590,340,9323,25175.7630,0
1753805460000,2.6980,2.7020,2.6950,2.695,42765,1753805519999,115385.6990,431,18584,50158.5170,0
1753805520000,2.6950,2.6970,2.6920,2.692,69434,1753805579999,187060.6070,367,43249,116515.4130,0
1753805580000,2.6920,2.6990,2.6920,2.696,48337,1753805639999,130314.3020,379,21530,58034.6580,0
1753805640000,2.6960,2.7040,2.6950,2.703,37037,1753805699999,100010.0930,300,20276,54738.5960,0
1753805700000,2.7030,2.7060,2.6990,2.703,28326,1753805759999,76548.1630,333,8146,22012.7450,0
1753805760000,2.7020,2.7060,2.7020,2.705,49458,1753805819999,133743.3560,252,25840,69871.6940,0
1753805820000,2.7060,2.7080,2.6950,2.698,38599,1753805879999,104234.9400,407,17846,48193.6900,0
1753805880000,2.6980,2.6980,2.6790,2.684,473099,1753805939999,1269251.5150,1185,168813,452725.3740,0
1753805940000,2.6830,2.6860,2.6790,2.684,205135,1753805999999,550201.2400,657,106951,286939.9290,0
1753806000000,2.6840,2.6930,2.6820,2.693,75667,1753806059999,203458.3360,451,43531,117062.7980,0
1753806060000,2.6930,2.7010,2.6930,2.697,46464,1753806119999,125240.0750,350,27883,75161.0590,0
1753806120000,2.6970,2.6980,2.6920,2.694,78929,1753806179999,212734.0420,361,27812,74951.9270,0
1753806180000,2.6950,2.6960,2.6890,2.691,48613,1753806239999,130854.8260,322,13825,37220.0030,0
1753806240000,2.6910,2.6940,2.6900,2.691,36004,1753806299999,96941.7080,239,18603,50088.3660,0
1753806300000,2.6910,2.6920,2.6890,2.691,45989,1753806359999,123739.4500,242,20550,55295.0180,0
1753806360000,2.6910,2.6950,2.6860,2.695,26408,1753806419999,71026.8910,268,8681,23363.8530,0
1753806420000,2.6950,2.6980,2.6930,2.693,34802,1753806479999,93813.3900,286,12437,33530.3190,0
1753806480000,2.6940,2.6940,2.6900,2.69,36487,1753806539999,98215.1260,272,17263,46472.8510,0
1753806540000,2.6910,2.6910,2.6870,2.691,44420,1753806599999,119471.0460,186,14558,39152.5710,0
1753806600000,2.6910,2.6920,2.6860,2.687,74492,1753806659999,200248.5170,298,43860,117901.4920,0
1753806660000,2.6860,2.6890,2.6820,2.688,65481,1753806719999,175826.8070,348,26907,72256.5440,0
1753806720000,2.6880,2.6910,2.6870,2.688,40745,1753806779999,109553.6340,331,15957,42916.7210,0
1753806780000,2.6870,2.6870,2.6760,2.678,113923,1753806839999,305175.6220,685,29638,79397.6740,0
1753806840000,2.6780,2.6810,2.6750,2.678,97950,1753806899999,262264.2790,495,44499,119150.5720,0
1753806900000,2.6780,2.6810,2.6760,2.68,43732,1753806959999,117146.8290,302,13956,37397.3320,0
1753806960000,2.6790,2.6810,2.6710,2.673,183035,1753807019999,489494.1750,676,71857,192214.0280,0
1753807020000,2.6730,2.6730,2.6670,2.672,280117,1753807079999,747729.6660,779,108293,289114.4500,0
1753807080000,2.6710,2.6770,2.6680,2.674,114834,1753807139999,306782.3390,553,57839,154507.0870,0
1753807140000,2.6740,2.6760,2.6700,2.673,69517,1753807199999,185818.2800,381,29893,79911.8580,0
1753807200000,2.6730,2.6820,2.6720,2.681,108031,1753807259999,289263.5540,492,80998,216906.6550,0
1753807260000,2.6820,2.6930,2.6810,2.692,67935,1753807319999,182638.2760,494,43188,116101.7690,0
1753807320000,2.6910,2.6920,2.6880,2.691,49020,1753807379999,131867.4410,356,18408,49523.7520,0
1753807380000,2.6900,2.6950,2.6880,2.693,84784,1753807439999,228175.7280,432,61538,165626.5990,0
1753807440000,2.6930,2.7040,2.6930,2.703,57668,1753807499999,155626.1070,331,45096,121703.8150,0
1753807500000,2.7040,2.7060,2.6960,2.699,161195,1753807559999,435284.8660,674,77292,208740.9640,0
1753807560000,2.6990,2.7020,2.6960,2.702,101868,1753807619999,274942.9080,377,62843,169645.1290,0
1753807620000,2.7020,2.7090,2.7020,2.709,157941,1753807679999,427422.0330,540,112993,305784.9890,0
1753807680000,2.7090,2.7150,2.7090,2.712,317097,1753807739999,860266.1010,777,234415,636016.4700,0
1753807740000,2.7130,2.7220,2.7130,2.72,79259,1753807799999,215560.7470,471,57565,156561.4540,0
1753807800000,2.7200,2.7210,2.7160,2.718,144632,1753807859999,393147.7200,439,53770,146207.1450,0
1753807860000,2.7180,2.7240,2.7180,2.723,85519,1753807919999,232755.1980,347,64922,176687.6100,0
1753807920000,2.7240,2.7240,2.7160,2.719,76193,1753807979999,207360.4710,297,20069,54582.6090,0
1753807980000,2.7190,2.7210,2.7170,2.72,36371,1753808039999,98905.2900,187,23817,64771.0250,0
1753808040000,2.7190,2.7190,2.7100,2.711,48950,1753808099999,132821.5920,323,23371,63390.5440,0
1753808100000,2.7110,2.7150,2.7110,2.714,66137,1753808159999,179473.9550,250,35773,97072.4470,0
1753808160000,2.7140,2.7180,2.7130,2.718,29322,1753808219999,79625.9010,217,24958,67784.7620,0
1753808220000,2.7180,2.7200,2.7150,2.716,43812,1753808279999,119077.7300,334,21463,58339.6100,0
1753808280000,2.7160,2.7220,2.7160,2.722,29213,1753808339999,79438.2570,167,27649,75189.9090,0
1753808340000,2.7210,2.7250,2.7210,2.723,120062,1753808399999,326915.0140,433,37074,100957.5990,0
1753808400000,2.7230,2.7240,2.7160,2.718,29658,1753808459999,80691.8340,369,13566,36911.1390,0
1753808460000,2.7180,2.7230,2.7160,2.719,38751,1753808519999,105395.8820,271,14589,39677.3420,0
1753808520000,2.7190,2.7200,2.7170,2.718,31183,1753808579999,84771.4650,277,9851,26786.4780,0
1753808580000,2.7170,2.7240,2.7160,2.723,22541,1753808639999,61314.9420,267,13964,37990.7530,0
1753808640000,2.7230,2.7280,2.7220,2.722,77193,1753808699999,210399.5110,373,63403,172825.6330,0
1753808700000,2.7220,2.7260,2.7200,2.725,34134,1753808759999,92944.7600,246,17897,48726.3770,0
1753808760000,2.7240,2.7260,2.7220,2.726,19068,1753808819999,51938.2460,241,5463,14881.9320,0
1753808820000,2.7250,2.7250,2.7210,2.723,25538,1753808879999,69553.6330,251,13010,35429.0990,0
1753808880000,2.7230,2.7280,2.7220,2.722,17976,1753808939999,48975.5030,234,6715,18296.7790,0
1753808940000,2.7220,2.7250,2.7220,2.725,14018,1753808999999,38173.9150,174,6731,18329.4890,0
1753809000000,2.7240,2.7290,2.7240,2.727,270381,1753809059999,737464.0040,471,112519,306846.2850,0
1753809060000,2.7270,2.7310,2.7270,2.73,43628,1753809119999,119045.4830,323,32298,88132.0220,0
1753809120000,2.7300,2.7340,2.7300,2.733,29661,1753809179999,81038.0430,326,24435,66761.6760,0
1753809180000,2.7340,2.7380,2.7320,2.737,38070,1753809239999,104137.2610,331,31019,84851.6120,0
1753809240000,2.7370,2.7370,2.7330,2.735,36180,1753809299999,98936.0570,245,17409,47608.4900,0
1753809300000,2.7350,2.7360,2.7300,2.73,28237,1753809359999,77191.8870,254,10216,27924.7860,0
1753809360000,2.7300,2.7320,2.7270,2.731,56817,1753809419999,155110.8880,265,30402,82999.3620,0
1753809420000,2.7310,2.7330,2.7310,2.733,18248,1753809479999,49851.6610,182,10904,29789.0920,0
1753809480000,2.7320,2.7370,2.7250,2.725,27454,1753809539999,75013.4580,342,10354,28306.9370,0
1753809540000,2.7250,2.7270,2.7210,2.726,35969,1753809599999,97933.5850,264,16314,44428.4530,0
1753809600000,2.7260,2.7280,2.7220,2.722,51048,1753809659999,139157.6350,305,25164,68577.7600,0
1753809660000,2.7220,2.7340,2.7220,2.734,59182,1753809719999,161607.7270,333,47883,130746.8060,0
1753809720000,2.7330,2.7380,2.7300,2.737,47307,1753809779999,129374.9560,371,36518,99883.4110,0
1753809780000,2.7370,2.7410,2.7350,2.739,28219,1753809839999,77270.8380,317,20633,56502.6350,0
1753809840000,2.7400,2.7420,2.7360,2.741,109553,1753809899999,300205.2830,425,37566,102939.5510,0
1753809900000,2.7400,2.7440,2.7400,2.743,34553,1753809959999,94752.2700,282,15884,43559.5590,0
1753809960000,2.7440,2.7440,2.7410,2.742,69682,1753810019999,191070.5160,254,15609,42810.3260,0
1753810020000,2.7420,2.7450,2.7420,2.745,24376,1753810079999,66857.4090,127,21941,60180.5640,0
1753810080000,2.7440,2.7450,2.7360,2.737,63294,1753810139999,173413.5010,425,41174,112794.2120,0
1753810140000,2.7370,2.7390,2.7350,2.738,135016,1753810199999,369547.8390,286,64666,177001.1850,0
1753810200000,2.7390,2.7420,2.7360,2.738,33755,1753810259999,92498.2500,329,14037,38466.4650,0
1753810260000,2.7380,2.7400,2.7350,2.737,34342,1753810319999,94023.3350,262,12494,34204.1460,0
1753810320000,2.7360,2.7390,2.7360,2.736,9492,1753810379999,25984.1080,176,5426,14852.1920,0
1753810380000,2.7360,2.7360,2.7320,2.735,28564,1753810439999,78093.9510,235,10646,29106.3170,0
1753810440000,2.7340,2.7340,2.7290,2.729,18245,1753810499999,49824.4090,182,1368,3735.7570,0
1753810500000,2.7300,2.7300,2.7230,2.723,22238,1753810559999,60612.8870,286,7291,19863.7530,0
1753810560000,2.7230,2.7260,2.7230,2.726,20011,1753810619999,54527.7270,216,15022,40937.0590,0
1753810620000,2.7260,2.7260,2.7220,2.722,19460,1753810679999,52998.3030,221,3523,9596.9810,0
1753810680000,2.7230,2.7230,2.7160,2.72,25323,1753810739999,68843.9020,385,4789,13021.6610,0
1753810740000,2.7190,2.7190,2.7110,2.712,70266,1753810799999,190635.6790,363,5432,14735.4010,0
1753810800000,2.7120,2.7140,2.7090,2.713,31547,1753810859999,85528.8760,212,18731,50787.0140,0
1753810860000,2.7130,2.7140,2.7110,2.711,12496,1753810919999,33905.7720,198,4953,13441.5040,0
1753810920000,2.7110,2.7130,2.7090,2.709,35856,1753810979999,97203.9150,259,16122,43706.7710,0
1753810980000,2.7090,2.7090,2.7060,2.707,43599,1753811039999,118054.9460,217,24428,66141.3210,0
1753811040000,2.7070,2.7080,2.7050,2.705,42377,1753811099999,114649.9500,176,22230,60133.5180,0
1753811100000,2.7050,2.7090,2.7030,2.708,35677,1753811159999,96517.3560,323,11671,31581.3760,0
1753811160000,2.7080,2.7130,2.7080,2.713,36770,1753811219999,99664.3270,208,30434,82491.8180,0
1753811220000,2.7130,2.7190,2.7130,2.716,23193,1753811279999,62988.2590,252,17205,46723.7530,0
1753811280000,2.7160,2.7190,2.7130,2.717,38665,1753811339999,104981.3860,223,23140,62836.6200,0
1753811340000,2.7170,2.7170,2.7120,2.715,16444,1753811399999,44633.8290,190,12852,34885.6980,0
1753811400000,2.7150,2.7160,2.7140,2.714,6362,1753811459999,17271.8750,101,3558,9660.0600,0
1753811460000,2.7130,2.7160,2.7100,2.712,39272,1753811519999,106537.2020,229,12852,34862.0700,0
1753811520000,2.7130,2.7140,2.7090,2.709,14105,1753811579999,38238.6480,184,7489,20304.0220,0
1753811580000,2.7090,2.7110,2.7070,2.711,31025,1753811639999,84018.7090,164,17844,48321.5180,0
1753811640000,2.7120,2.7120,2.7100,2.711,12782,1753811699999,34654.6680,131,8403,22783.4840,0
1753811700000,2.7110,2.7200,2.7100,2.72,53204,1753811759999,144471.4770,266,50818,137998.1430,0
1753811760000,2.7200,2.7200,2.7120,2.712,9330,1753811819999,25342.8390,164,3042,8262.3860,0
1753811820000,2.7120,2.7140,2.7110,2.713,9476,1753811879999,25706.1420,138,5191,14082.9340,0
1753811880000,2.7120,2.7150,2.7110,2.715,15681,1753811939999,42523.9810,159,11548,31318.0250,0
1753811940000,2.7140,2.7140,2.7130,2.713,19939,1753811999999,54104.3920,103,4568,12396.6880,0
1753812000000,2.7130,2.7130,2.7090,2.712,11791,1753812059999,31963.8520,261,6454,17497.5130,0
1753812060000,2.7120,2.7160,2.7120,2.715,19460,1753812119999,52818.9610,183,13288,36065.8240,0
1753812120000,2.7150,2.7150,2.7090,2.71,14773,1753812179999,40061.9790,234,6367,17264.6010,0
1753812180000,2.7100,2.7110,2.7060,2.706,9024,1753812239999,24438.3990,180,1918,5195.3620,0
1753812240000,2.7060,2.7070,2.7000,2.703,31816,1753812299999,85985.8900,259,11781,31839.8190,0
1753812300000,2.7040,2.7050,2.7020,2.704,30187,1753812359999,81624.9540,268,15105,40837.4200,0
1753812360000,2.7050,2.7070,2.7040,2.705,21434,1753812419999,57987.3190,170,17837,48257.7670,0
1753812420000,2.7050,2.7060,2.7030,2.704,53261,1753812479999,144039.2080,240,15481,41868.2150,0
1753812480000,2.7030,2.7040,2.7000,2.7,30025,1753812539999,81125.9110,323,6704,18120.1640,0
1753812540000,2.6990,2.7000,2.6960,2.699,50504,1753812599999,136262.5770,248,9101,24557.1850,0
1753812600000,2.6990,2.7030,2.6980,2.702,17524,1753812659999,47322.6400,211,14056,37960.7830,0
1753812660000,2.7020,2.7040,2.6990,2.703,21426,1753812719999,57872.2760,264,13893,37528.8490,0
1753812720000,2.7040,2.7050,2.7020,2.705,27540,1753812779999,74459.2400,236,18240,49318.6520,0
1753812780000,2.7060,2.7070,2.7050,2.705,14974,1753812839999,40521.5960,151,13384,36218.8200,0
1753812840000,2.7050,2.7050,2.7020,2.705,6101,1753812899999,16496.8570,167,2937,7941.8150,0
1753812900000,2.7050,2.7070,2.7030,2.704,68426,1753812959999,185099.2240,303,22858,61864.9540,0
1753812960000,2.7040,2.7060,2.7010,2.701,25373,1753813019999,68582.4160,182,4677,12645.4770,0
1753813020000,2.7020,2.7050,2.7010,2.705,10358,1753813079999,27994.4420,166,7775,21013.4540,0
1753813080000,2.7060,2.7090,2.7050,2.708,40313,1753813139999,109131.0360,232,32384,87670.1260,0
1753813140000,2.7080,2.7080,2.7050,2.705,22780,1753813199999,61663.0870,179,8542,23125.6810,0
1753813200000,2.7050,2.7060,2.7000,2.701,15465,1753813259999,41797.0260,168,6997,18912.2630,0
1753813260000,2.7010,2.7040,2.7000,2.704,8633,1753813319999,23328.0900,175,7724,20872.6280,0
1753813320000,2.7040,2.7050,2.7010,2.701,8965,1753813379999,24240.9920,137,4048,10946.5960,0
1753813380000,2.7010,2.7010,2.6970,2.697,22636,1753813439999,61085.8030,204,8187,22086.4040,0
1753813440000,2.6970,2.7020,2.6960,2.702,16144,1753813499999,43585.6840,150,11596,31314.9100,0
1753813500000,2.7020,2.7020,2.6990,2.701,2935,1753813559999,7928.4000,124,1139,3076.7050,0
1753813560000,2.7020,2.7040,2.7000,2.7,6258,1753813619999,16911.6370,163,4068,10994.6750,0
1753813620000,2.7010,2.7040,2.7000,2.704,14733,1753813679999,39792.5130,141,2405,6498.2670,0
1753813680000,2.7030,2.7070,2.7020,2.707,5091,1753813739999,13771.1710,124,4413,11938.5880,0
1753813740000,2.7080,2.7080,2.7050,2.707,6768,1753813799999,18323.0610,125,4391,11890.4070,0
1753813800000,2.7080,2.7090,2.7050,2.706,17696,1753813859999,47902.6270,236,3286,8895.8450,0
1753813860000,2.7060,2.7120,2.7060,2.712,10551,1753813919999,28581.3360,203,9588,25974.8280,0
1753813920000,2.7110,2.7140,2.7110,2.713,11867,1753813979999,32184.7460,152,5470,14836.6950,0
1753813980000,2.7120,2.7120,2.7080,2.709,16388,1753814039999,44419.8480,201,4229,11461.4980,0
1753814040000,2.7100,2.7100,2.7050,2.705,19988,1753814099999,54108.7640,220,9521,25772.1120,0
1753814100000,2.7040,2.7120,2.7030,2.712,26833,1753814159999,72587.4670,232,9440,25553.9290,0
1753814160000,2.7120,2.7120,2.7070,2.708,21115,1753814219999,57216.1080,167,14714,39869.0160,0
1753814220000,2.7070,2.7110,2.7050,2.711,15337,1753814279999,41536.0200,169,9571,25925.9380,0
1753814280000,2.7100,2.7130,2.7100,2.713,10170,1753814339999,27574.9480,140,5700,15456.6810,0
1753814340000,2.7130,2.7140,2.7100,2.71,9407,1753814399999,25517.9720,177,5275,14310.5850,0
1753814400000,2.7100,2.7130,2.7100,2.713,20528,1753814459999,55678.8660,181,13996,37964.7240,0
1753814460000,2.7130,2.7140,2.7090,2.709,24939,1753814519999,67628.0150,140,2111,5722.0330,0
1753814520000,2.7090,2.7100,2.7050,2.706,16177,1753814579999,43806.9350,160,6309,17087.2850,0
1753814580000,2.7060,2.7060,2.7030,2.703,17257,1753814639999,46675.4930,168,4650,12581.3680,0
1753814640000,2.7030,2.7030,2.7020,2.702,9149,1753814699999,24723.9110,125,5120,13836.8160,0
1753814700000,2.7020,2.7050,2.7010,2.704,14342,1753814759999,38762.0180,194,9796,26475.2120,0
1753814760000,2.7040,2.7060,2.7020,2.702,12158,1753814819999,32880.6500,145,2213,5986.1640,0
1753814820000,2.7020,2.7020,2.7000,2.701,22084,1753814879999,59641.6110,210,12644,34146.0600,0
1753814880000,2.7010,2.7060,2.7010,2.706,11225,1753814939999,30347.8080,138,9836,26593.9620,0
1753814940000,2.7060,2.7100,2.7060,2.708,20737,1753814999999,56146.7610,156,16934,45850.2310,0
1753815000000,2.7090,2.7100,2.7060,2.709,9372,1753815059999,25375.8650,163,8137,22031.8970,0
1753815060000,2.7090,2.7090,2.7060,2.707,8259,1753815119999,22358.8740,110,825,2233.2800,0
1753815120000,2.7060,2.7060,2.7000,2.701,75576,1753815179999,204392.3730,231,7545,20388.5830,0
1753815180000,2.7010,2.7030,2.7010,2.702,6474,1753815239999,17490.7210,79,5652,15269.6930,0
1753815240000,2.7020,2.7020,2.6990,2.701,6959,1753815299999,18793.0220,147,4286,11575.0680,0
1753815300000,2.7010,2.7010,2.6990,2.699,44153,1753815359999,119212.5120,123,2233,6030.2150,0
1753815360000,2.7000,2.7000,2.6920,2.692,85816,1753815419999,231167.6670,315,4325,11672.3120,0
1753815420000,2.6930,2.6970,2.6920,2.697,28430,1753815479999,76582.9000,122,12049,32467.3080,0
1753815480000,2.6970,2.7000,2.6960,2.7,12993,1753815539999,35062.7690,132,9546,25765.0770,0
1753815540000,2.7010,2.7030,2.7000,2.701,11812,1753815599999,31909.1700,114,10757,29058.9870,0
1753815600000,2.7010,2.7010,2.6960,2.698,29098,1753815659999,78506.4540,303,10520,28384.2340,0
1753815660000,2.6990,2.6990,2.6950,2.696,30123,1753815719999,81239.4460,204,23854,64332.6100,0
1753815720000,2.6970,2.7020,2.6970,2.701,114239,1753815779999,308448.8550,340,88438,238796.1720,0
1753815780000,2.7000,2.7000,2.6960,2.697,50223,1753815839999,135547.4200,204,7978,21532.0490,0
1753815840000,2.6980,2.7000,2.6970,2.699,24288,1753815899999,65543.1840,167,20547,55447.6070,0
1753815900000,2.7000,2.7060,2.7000,2.706,31122,1753815959999,84129.4270,265,18540,50124.4530,0
1753815960000,2.7060,2.7060,2.6990,2.7,18357,1753816019999,49595.3040,211,7559,20412.8570,0
1753816020000,2.7010,2.7020,2.6960,2.696,16404,1753816079999,44279.4820,186,9436,25477.5870,0
1753816080000,2.6970,2.6990,2.6960,2.698,13378,1753816139999,36088.7680,122,9842,26548.8750,0
1753816140000,2.6980,2.6980,2.6950,2.698,20313,1753816199999,54782.6310,234,12907,34812.5940,0
1753816200000,2.6990,2.7010,2.6980,2.701,9846,1753816259999,26578.4880,116,8809,23779.6120,0
1753816260000,2.7010,2.7010,2.6970,2.698,11904,1753816319999,32120.4440,165,2869,7740.7380,0
1753816320000,2.6980,2.7010,2.6980,2.7,9853,1753816379999,26600.3220,172,7393,19960.1080,0
1753816380000,2.6990,2.7000,2.6980,2.699,5571,1753816439999,15036.1280,103,2594,7001.2330,0
1753816440000,2.6990,2.7040,2.6990,2.704,11386,1753816499999,30757.2250,215,8504,22973.3630,0
1753816500000,2.7040,2.7180,2.7000,2.716,342090,1753816559999,926665.0060,1193,310075,839934.8420,0
1753816560000,2.7170,2.7190,2.7140,2.715,133702,1753816619999,363298.6730,431,80922,219918.8240,0
1753816620000,2.7150,2.7160,2.7130,2.713,25847,1753816679999,70160.5920,239,15944,43288.2230,0
1753816680000,2.7120,2.7140,2.7080,2.711,24098,1753816739999,65318.2590,234,6027,16337.6110,0
1753816740000,2.7110,2.7130,2.7070,2.709,34328,1753816799999,93054.8600,221,10819,29321.7210,0
1753816800000,2.7100,2.7110,2.7060,2.711,21996,1753816859999,59574.0900,195,11676,31628.6040,0
1753816860000,2.7120,2.7140,2.7050,2.705,63159,1753816919999,171171.3720,298,8505,23058.4840,0
1753816920000,2.7040,2.7070,2.6850,2.685,538580,1753816979999,1453109.5830,1422,69474,187479.3040,0
1753816980000,2.6860,2.6880,2.6810,2.682,99618,1753817039999,267505.3400,396,47018,126300.3670,0
1753817040000,2.6820,2.6830,2.6800,2.68,49211,1753817099999,131953.6880,163,13226,35472.4050,0
1753817100000,2.6810,2.6810,2.6770,2.678,52387,1753817159999,140353.5780,309,32303,86552.2990,0
1753817160000,2.6780,2.6810,2.6770,2.678,37615,1753817219999,100752.5400,195,25644,68689.7530,0
1753817220000,2.6780,2.6800,2.6750,2.677,38706,1753817279999,103623.2720,265,19327,51744.9510,0
1753817280000,2.6760,2.6820,2.6760,2.682,23177,1753817339999,62086.8610,137,22216,59513.3170,0
1753817340000,2.6820,2.6830,2.6800,2.681,18466,1753817399999,49516.5880,129,11794,31628.4300,0
1753817400000,2.6820,2.6820,2.6780,2.681,34269,1753817459999,91823.4080,215,19181,51406.0830,0
1753817460000,2.6810,2.6890,2.6810,2.689,29811,1753817519999,80010.0160,208,26414,70894.7980,0
1753817520000,2.6880,2.6900,2.6860,2.689,64677,1753817579999,173908.9850,270,23405,62937.1290,0
1753817580000,2.6880,2.6920,2.6880,2.691,32471,1753817639999,87359.5180,187,27259,73338.1910,0
1753817640000,2.6910,2.6910,2.6830,2.683,75914,1753817699999,204070.1490,259,10414,27993.0670,0
1753817700000,2.6830,2.6880,2.6830,2.687,39592,1753817759999,106308.6810,187,19986,53674.2970,0
1753817760000,2.6870,2.6870,2.6850,2.686,44961,1753817819999,120766.6390,187,9873,26519.9450,0
1753817820000,2.6860,2.6900,2.6850,2.686,34977,1753817879999,94011.0070,173,21081,56654.0590,0
1753817880000,2.6860,2.6860,2.6840,2.686,28717,1753817939999,77122.2290,158,8383,22509.6200,0
1753817940000,2.6850,2.6880,2.6850,2.687,10130,1753817999999,27213.5320,92,8450,22701.5700,0
1753818000000,2.6870,2.6920,2.6860,2.692,88443,1753818059999,237882.5910,311,59282,159446.6690,0
1753818060000,2.6920,2.6920,2.6860,2.688,22128,1753818119999,59503.5230,198,7286,19581.8800,0
1753818120000,2.6890,2.6890,2.6840,2.685,5126,1753818179999,13770.7750,88,1705,4578.4650,0
1753818180000,2.6840,2.6860,2.6830,2.685,5153,1753818239999,13832.4660,122,2910,7812.1990,0
1753818240000,2.6860,2.6860,2.6820,2.684,17663,1753818299999,47434.0990,135,12576,33776.6210,0
1753818300000,2.6850,2.6880,2.6840,2.687,17317,1753818359999,46503.5920,275,9353,25118.6360,0
1753818360000,2.6880,2.6890,2.6870,2.688,6042,1753818419999,16241.5570,113,3188,8570.0300,0
1753818420000,2.6880,2.6880,2.6830,2.685,21403,1753818479999,57476.1050,144,8389,22519.4440,0
1753818480000,2.6850,2.6870,2.6840,2.686,9296,1753818539999,24965.1650,102,7946,21340.1250,0
1753818540000,2.6860,2.6880,2.6860,2.686,17871,1753818599999,48021.3650,132,6989,18775.9010,0
1753818600000,2.6850,2.6860,2.6830,2.685,8326,1753818659999,22350.3210,126,4252,11413.6350,0
1753818660000,2.6840,2.6840,2.6790,2.679,24805,1753818719999,66489.6360,189,7501,20107.3150,0
1753818720000,2.6780,2.6790,2.6760,2.679,27594,1753818779999,73885.0730,200,18442,49378.4510,0
1753818780000,2.6790,2.6830,2.6790,2.683,11015,1753818839999,29540.6690,99,7072,18961.6950,0
1753818840000,2.6820,2.6830,2.6810,2.681,21693,1753818899999,58165.0980,159,18314,49103.9360,0
1753818900000,2.6810,2.6860,2.6800,2.686,43672,1753818959999,117107.4240,206,14698,39448.6600,0
1753818960000,2.6850,2.6860,2.6830,2.684,23506,1753819019999,63100.1160,99,9193,24676.6620,0
1753819020000,2.6840,2.6860,2.6830,2.685,11398,1753819079999,30594.6800,93,7650,20533.4990,0
1753819080000,2.6850,2.6860,2.6840,2.685,29773,1753819139999,79923.3920,151,16263,43658.5390,0
1753819140000,2.6850,2.6850,2.6790,2.681,33955,1753819199999,90995.3210,188,16843,45137.9860,0
1753819200000,2.6820,2.6820,2.6760,2.676,19615,1753819259999,52533.4960,238,4607,12335.2380,0
1753819260000,2.6770,2.6830,2.6770,2.683,11312,1753819319999,30317.2540,251,10301,27606.4660,0
1753819320000,2.6830,2.6830,2.6780,2.68,12327,1753819379999,33055.2680,209,1672,4480.6800,0
1753819380000,2.6790,2.6820,2.6780,2.68,20651,1753819439999,55364.6400,169,15070,40409.7300,0
1753819440000,2.6810,2.6810,2.6770,2.678,39592,1753819499999,106050.4780,184,12495,33462.7300,0
1753819500000,2.6770,2.6790,2.6710,2.678,91360,1753819559999,244326.7500,544,51218,136987.1140,0
1753819560000,2.6780,2.6800,2.6710,2.671,44349,1753819619999,118664.8590,287,17912,47954.8210,0
1753819620000,2.6720,2.6740,2.6690,2.671,122005,1753819679999,325796.3790,313,15958,42623.4810,0
1753819680000,2.6710,2.6710,2.6680,2.671,37765,1753819739999,100818.7730,225,24802,66218.5070,0
1753819740000,2.6710,2.6710,2.6630,2.666,139026,1753819799999,370607.9000,602,52416,139735.4290,0
1753819800000,2.6660,2.6680,2.6610,2.663,121880,1753819859999,324743.9900,575,59445,158440.3260,0
1753819860000,2.6630,2.6640,2.6580,2.662,110468,1753819919999,293909.3830,478,33929,90285.0460,0
1753819920000,2.6620,2.6630,2.6610,2.662,50233,1753819979999,133706.9660,285,37733,100436.5120,0
1753819980000,2.6630,2.6670,2.6620,2.665,32327,1753820039999,86116.6260,326,17117,45603.7540,0
1753820040000,2.6650,2.6660,2.6600,2.663,93030,1753820099999,247715.0080,374,29480,78500.2030,0
1753820100000,2.6630,2.6640,2.6590,2.66,34930,1753820159999,92958.9930,273,10327,27485.5770,0
1753820160000,2.6600,2.6610,2.6550,2.659,52656,1753820219999,139953.6340,374,24227,64400.8860,0
1753820220000,2.6600,2.6700,2.6600,2.67,61925,1753820279999,164989.8620,506,49315,131383.7890,0
1753820280000,2.6690,2.6730,2.6680,2.668,62031,1753820339999,165619.1740,307,22135,59102.0820,0
1753820340000,2.6690,2.6910,2.6680,2.69,450142,1753820399999,1204790.6760,1221,405406,1084722.8850,0
1753820400000,2.6910,2.6990,2.6890,2.698,134085,1753820459999,361021.8680,610,100771,271315.2070,0
1753820460000,2.6980,2.7050,2.6960,2.704,90457,1753820519999,244173.1770,565,45832,123739.6320,0
1753820520000,2.7040,2.7080,2.7010,2.705,53414,1753820579999,144478.1920,401,23145,62602.0160,0
1753820580000,2.7060,2.7080,2.7050,2.705,65352,1753820639999,176879.0860,270,36567,98980.9950,0
1753820640000,2.7060,2.7070,2.7000,2.7,44952,1753820699999,121505.2590,316,13487,36471.8180,0
1753820700000,2.7010,2.7020,2.6970,2.699,51115,1753820759999,137982.0310,348,27311,73723.0330,0
1753820760000,2.6990,2.6990,2.6920,2.693,15998,1753820819999,43133.8540,224,4794,12930.2610,0
1753820820000,2.6920,2.6920,2.6850,2.685,27381,1753820879999,73595.0990,283,10551,28354.2690,0
1753820880000,2.6850,2.6900,2.6850,2.69,16596,1753820939999,44594.1250,256,14640,39339.0000,0
1753820940000,2.6900,2.6900,2.6870,2.687,11475,1753820999999,30853.0960,142,6579,17689.6600,0
1753821000000,2.6880,2.6880,2.6820,2.688,21404,1753821059999,57477.2940,270,15320,41138.6000,0
1753821060000,2.6890,2.6900,2.6860,2.686,16974,1753821119999,45622.8160,194,8636,23214.7130,0
1753821120000,2.6850,2.6860,2.6790,2.679,27527,1753821179999,73832.6340,245,5608,15046.4640,0
1753821180000,2.6780,2.6790,2.6720,2.673,55862,1753821239999,149481.3030,365,17351,46442.3900,0
1753821240000,2.6720,2.6730,2.6710,2.672,21871,1753821299999,58436.9500,233,10128,27062.9910,0
1753821300000,2.6720,2.6750,2.6710,2.671,20195,1753821359999,53979.0950,258,15150,40496.5420,0
1753821360000,2.6710,2.6720,2.6670,2.669,20504,1753821419999,54736.9840,223,10307,27518.8150,0
1753821420000,2.6680,2.6700,2.6650,2.667,36559,1753821479999,97516.1470,304,13778,36760.5530,0
1753821480000,2.6670,2.6720,2.6660,2.671,50188,1753821539999,133959.0210,314,32042,85530.5200,0
1753821540000,2.6700,2.6720,2.6690,2.67,10571,1753821599999,28230.9820,133,2658,7097.2850,0
1753821600000,2.6690,2.6760,2.6680,2.676,30776,1753821659999,82264.5850,291,22136,59161.0050,0
1753821660000,2.6770,2.6780,2.6730,2.674,29611,1753821719999,79245.1940,203,10111,27059.3640,0
1753821720000,2.6730,2.6740,2.6690,2.67,12138,1753821779999,32435.3230,178,2942,7858.2020,0
1753821780000,2.6710,2.6740,2.6710,2.673,62294,1753821839999,166470.5470,281,49376,131945.9190,0
1753821840000,2.6730,2.6730,2.6710,2.673,10958,1753821899999,29287.6920,157,7451,19914.5300,0
1753821900000,2.6740,2.6750,2.6680,2.671,45154,1753821959999,120705.2510,272,34377,91911.9380,0
1753821960000,2.6710,2.6760,2.6690,2.675,19216,1753822019999,51343.4590,250,13074,34941.1720,0
1753822020000,2.6760,2.6780,2.6750,2.677,42516,1753822079999,113777.7670,181,31485,84251.8210,0
1753822080000,2.6770,2.6780,2.6740,2.674,14156,1753822139999,37884.3690,140,9799,26229.0490,0
1753822140000,2.6740,2.6780,2.6730,2.678,5567,1753822199999,14901.8100,159,4501,12050.2440,0
1753822200000,2.6780,2.6800,2.6760,2.676,22932,1753822259999,61396.6060,210,15942,42682.2850,0
1753822260000,2.6770,2.6770,2.6690,2.669,17779,1753822319999,47517.3950,191,3300,8819.3420,0
1753822320000,2.6690,2.6740,2.6670,2.673,207971,1753822379999,555489.4350,481,187432,500641.4160,0
1753822380000,2.6730,2.6730,2.6680,2.67,238559,1753822439999,637095.4420,391,37869,101114.5350,0
1753822440000,2.6700,2.6710,2.6680,2.668,31598,1753822499999,84358.7470,138,13534,36135.4320,0
1753822500000,2.6690,2.6700,2.6660,2.67,16626,1753822559999,44342.2700,166,3842,10253.2880,0
1753822560000,2.6700,2.6710,2.6680,2.671,12631,1753822619999,33721.3520,145,8259,22050.2480,0
1753822620000,2.6710,2.6720,2.6690,2.669,13736,1753822679999,36667.8880,115,10092,26939.9300,0
1753822680000,2.6680,2.6730,2.6680,2.673,15289,1753822739999,40832.7340,170,6574,17554.9910,0
1753822740000,2.6730,2.6780,2.6710,2.678,35489,1753822799999,94902.1750,236,23515,62875.4480,0
1753822800000,2.6790,2.6820,2.6730,2.676,41080,1753822859999,109994.2470,361,25985,69563.9570,0
1753822860000,2.6770,2.6770,2.6710,2.674,18402,1753822919999,49194.9750,151,2871,7670.8300,0
1753822920000,2.6740,2.6760,2.6700,2.673,16451,1753822979999,43983.5640,226,9200,24606.2200,0
1753822980000,2.6740,2.6760,2.6730,2.674,19616,1753823039999,52462.1490,194,9243,24722.7910,0
1753823040000,2.6740,2.6740,2.6680,2.668,23758,1753823099999,63435.6710,191,15741,42022.0330,0
1753823100000,2.6690,2.6700,2.6640,2.668,23482,1753823159999,62619.1300,211,12656,33754.6980,0
1753823160000,2.6690,2.6720,2.6690,2.671,36900,1753823219999,98552.3180,302,14962,39966.1510,0
1753823220000,2.6720,2.6760,2.6710,2.672,76078,1753823279999,203414.4280,300,42009,112281.8010,0
1753823280000,2.6720,2.6720,2.6680,2.671,15374,1753823339999,41048.2920,181,7273,19418.4010,0
1753823340000,2.6710,2.6740,2.6700,2.674,6205,1753823399999,16574.6800,120,3567,9528.6050,0
1753823400000,2.6740,2.6800,2.6740,2.68,29865,1753823459999,79938.7610,269,22885,61253.2610,0
1753823460000,2.6800,2.6890,2.6790,2.688,16640,1753823519999,44663.1000,379,14232,38201.8430,0
1753823520000,2.6880,2.6900,2.6850,2.69,28685,1753823579999,77101.4390,329,13704,36840.8550,0
1753823580000,2.6900,2.6900,2.6870,2.688,25625,1753823639999,68881.2860,171,16330,43894.4670,0
1753823640000,2.6890,2.6920,2.6880,2.688,35780,1753823699999,96248.4320,193,21970,59112.1580,0
1753823700000,2.6870,2.6870,2.6820,2.685,31910,1753823759999,85631.7620,266,11385,30543.7280,0
1753823760000,2.6840,2.6850,2.6820,2.684,9058,1753823819999,24302.4990,122,3313,8889.7600,0
1753823820000,2.6840,2.6850,2.6820,2.682,17169,1753823879999,46082.4370,206,11897,31932.6350,0
1753823880000,2.6820,2.6840,2.6820,2.684,16813,1753823939999,45115.3650,193,4754,12758.3930,0
1753823940000,2.6840,2.6840,2.6780,2.68,36026,1753823999999,96587.7660,225,17593,47158.1340,0
1753824000000,2.6790,2.6800,2.6750,2.675,20603,1753824059999,55155.4390,201,8237,22050.4130,0
1753824060000,2.6760,2.6810,2.6760,2.679,29786,1753824119999,79780.3250,265,27590,73896.8560,0
1753824120000,2.6800,2.6800,2.6770,2.679,14378,1753824179999,38511.5680,112,9841,26363.6720,0
1753824180000,2.6790,2.6800,2.6770,2.68,8098,1753824239999,21693.4020,131,5505,14746.8580,0
1753824240000,2.6790,2.6830,2.6790,2.68,27191,1753824299999,72908.9330,177,23028,61745.1120,0
1753824300000,2.6810,2.6840,2.6770,2.677,25467,1753824359999,68241.5050,174,4398,11793.2640,0
1753824360000,2.6780,2.6790,2.6730,2.675,13306,1753824419999,35604.7280,161,7785,20833.2880,0
1753824420000,2.6750,2.6790,2.6740,2.678,7969,1753824479999,21331.7110,171,6707,17954.0600,0
1753824480000,2.6790,2.6900,2.6790,2.69,29068,1753824539999,77994.2030,277,27550,73923.1600,0
1753824540000,2.6900,2.6910,2.6880,2.688,24223,1753824599999,65152.3170,183,7509,20197.5900,0
1753824600000,2.6880,2.6890,2.6860,2.688,23450,1753824659999,63004.1040,652,15294,41089.5550,0
1753824660000,2.6890,2.6980,2.6890,2.697,15319,1753824719999,41232.9030,309,6678,17979.7310,0
1753824720000,2.6980,2.7030,2.6970,2.702,58744,1753824779999,158694.0880,319,43355,117113.2660,0
1753824780000,2.7020,2.7040,2.7000,2.702,19255,1753824839999,52025.1230,225,11182,30211.9720,0
1753824840000,2.7020,2.7030,2.7010,2.702,13330,1753824899999,36012.4910,154,5787,15633.1450,0
1753824900000,2.7010,2.7010,2.6970,2.697,8314,1753824959999,22443.5750,124,9,24.3000,0
1753824960000,2.6970,2.6970,2.6940,2.694,21728,1753825019999,58570.2180,168,7662,20649.2380,0
1753825020000,2.6940,2.6940,2.6890,2.689,8374,1753825079999,22543.2480,159,14,37.6600,0
1753825080000,2.6890,2.6960,2.6880,2.695,39132,1753825139999,105341.2220,305,30737,82711.5260,0
1753825140000,2.6950,2.6980,2.6950,2.698,10032,1753825199999,27046.7480,79,9676,26087.3100,0
1753825200000,2.6980,2.6990,2.6940,2.694,18495,1753825259999,49877.2070,209,1353,3649.8650,0
1753825260000,2.6950,2.6980,2.6920,2.692,28210,1753825319999,76039.7050,245,13208,35598.8900,0
1753825320000,2.6930,2.6940,2.6920,2.693,6731,1753825379999,18126.3560,44,6450,17369.8770,0
1753825380000,2.6930,2.6940,2.6910,2.692,8409,1753825439999,22638.1950,108,2779,7481.1000,0
1753825440000,2.6920,2.6920,2.6890,2.689,14657,1753825499999,39425.7500,134,5572,14988.9100,0
1753825500000,2.6880,2.6900,2.6880,2.69,6305,1753825559999,16953.9080,76,6018,16182.4520,0
1753825560000,2.6900,2.6940,2.6890,2.694,21121,1753825619999,56855.8460,278,12237,32933.4620,0
1753825620000,2.6930,2.6950,2.6920,2.694,3701,1753825679999,9966.9260,81,1324,3565.7300,0
1753825680000,2.6940,2.6990,2.6940,2.699,5528,1753825739999,14901.2480,137,5103,13756.2900,0
1753825740000,2.6990,2.7030,2.6990,2.703,14533,1753825799999,39260.6190,186,14002,37827.4160,0
1753825800000,2.7020,2.7070,2.7020,2.706,27935,1753825859999,75549.1030,211,19524,52795.4120,0
1753825860000,2.7050,2.7060,2.7050,2.706,1235,1753825919999,3341.6280,47,953,2578.8180,0
1753825920000,2.7060,2.7110,2.7060,2.711,15713,1753825979999,42539.6190,258,15308,41443.5450,0
1753825980000,2.7120,2.7120,2.7100,2.712,12138,1753826039999,32910.1510,124,6705,18179.4940,0
1753826040000,2.7120,2.7140,2.7120,2.713,6235,1753826099999,16914.8300,129,4759,12911.9060,0
1753826100000,2.7130,2.7140,2.7120,2.713,6386,1753826159999,17323.3000,74,195,529.1730,0
1753826160000,2.7120,2.7170,2.7110,2.717,57331,1753826219999,155620.2200,337,52414,142277.8220,0
1753826220000,2.7170,2.7370,2.7170,2.736,182761,1753826279999,499128.0060,966,139169,380185.9140,0
1753826280000,2.7350,2.7350,2.7310,2.732,43689,1753826339999,119395.6770,262,9940,27163.7400,0
1753826340000,2.7320,2.7320,2.7210,2.722,42143,1753826399999,114852.0970,378,24442,66575.1090,0
1753826400000,2.7230,2.7260,2.7200,2.722,55315,1753826459999,150616.1480,928,34845,94889.9220,0
1753826460000,2.7220,2.7250,2.7190,2.722,46654,1753826519999,127026.8140,279,28877,78625.6920,0
1753826520000,2.7220,2.7260,2.7190,2.725,31654,1753826579999,86168.1090,371,16965,46181.6640,0
1753826580000,2.7250,2.7300,2.7150,2.716,153180,1753826639999,417384.1920,699,30077,81903.6850,0
1753826640000,2.7170,2.7170,2.7070,2.707,81100,1753826699999,219755.5230,411,16532,44807.3990,0
1753826700000,2.7070,2.7090,2.7060,2.708,17541,1753826759999,47498.8060,209,11249,30460.7760,0
1753826760000,2.7080,2.7120,2.7080,2.712,10926,1753826819999,29614.4020,168,9184,24894.4030,0
1753826820000,2.7130,2.7170,2.7130,2.714,14146,1753826879999,38401.6980,176,8197,22252.0950,0
1753826880000,2.7140,2.7150,2.7130,2.713,8789,1753826939999,23849.2900,95,2737,7428.2320,0
1753826940000,2.7120,2.7150,2.7080,2.708,13717,1753826999999,37200.5320,165,3536,9596.6630,0
1753827000000,2.7070,2.7120,2.7070,2.71,28889,1753827059999,78254.3520,238,23638,64028.7670,0
1753827060000,2.7100,2.7100,2.7070,2.709,7191,1753827119999,19476.6660,156,3301,8940.3190,0
1753827120000,2.7090,2.7090,2.7030,2.704,19246,1753827179999,52058.9190,241,5690,15391.0980,0
1753827180000,2.7030,2.7030,2.6960,2.7,57415,1753827239999,154994.2140,344,6804,18372.7410,0
1753827240000,2.7000,2.7010,2.6990,2.7,9707,1753827299999,26210.0790,149,7894,21315.2200,0
1753827300000,2.7000,2.7030,2.7000,2.701,9980,1753827359999,26960.6670,252,5129,13857.2310,0
1753827360000,2.7010,2.7060,2.7010,2.703,30615,1753827419999,82756.2400,185,19469,52637.6290,0
1753827420000,2.7030,2.7080,2.7030,2.708,11320,1753827479999,30625.2040,115,8684,23490.4590,0
1753827480000,2.7070,2.7100,2.7030,2.704,35019,1753827539999,94806.2020,210,11325,30668.1560,0
1753827540000,2.7040,2.7080,2.7040,2.708,8700,1753827599999,23542.6220,120,8175,22122.7160,0
1753827600000,2.7080,2.7100,2.7060,2.709,40198,1753827659999,108870.8390,190,28105,76123.6050,0
1753827660000,2.7100,2.7100,2.7080,2.708,37266,1753827719999,100942.0200,177,12778,34616.8100,0
1753827720000,2.7070,2.7080,2.7060,2.706,16843,1753827779999,45592.3050,113,2677,7246.8620,0
1753827780000,2.7070,2.7070,2.7060,2.707,8276,1753827839999,22401.6810,98,5645,15280.7460,0
1753827840000,2.7070,2.7100,2.7070,2.71,20261,1753827899999,54878.8160,155,19262,52174.5120,0
1753827900000,2.7100,2.7140,2.7090,2.712,46499,1753827959999,126056.8060,242,32493,88095.5170,0
1753827960000,2.7110,2.7120,2.7090,2.709,2834,1753828019999,7682.8080,76,918,2488.9780,0
1753828020000,2.7100,2.7120,2.7070,2.707,6314,1753828079999,17111.4790,149,2780,7536.1180,0
1753828080000,2.7070,2.7070,2.7030,2.707,7008,1753828139999,18952.6240,129,3176,8588.9760,0
1753828140000,2.7070,2.7090,2.7060,2.708,3785,1753828199999,10247.7430,117,2142,5798.8880,0
1753828200000,2.7080,2.7080,2.7040,2.708,9222,1753828259999,24956.9840,630,5681,15372.6260,0
1753828260000,2.7080,2.7120,2.7080,2.711,9702,1753828319999,26303.5690,189,6829,18515.8450,0
1753828320000,2.7120,2.7120,2.7060,2.706,6256,1753828379999,16948.3710,185,1525,4130.6850,0
1753828380000,2.7060,2.7060,2.7030,2.705,4991,1753828439999,13497.6950,134,3462,9362.5530,0
1753828440000,2.7060,2.7060,2.7040,2.704,1606,1753828499999,4344.7440,44,828,2240.3620,0
1753828500000,2.7040,2.7080,2.7030,2.704,17056,1753828559999,46119.7340,164,7792,21071.7430,0
1753828560000,2.7040,2.7070,2.7030,2.706,5297,1753828619999,14327.3700,113,4418,11950.0080,0
1753828620000,2.7060,2.7080,2.7050,2.707,9070,1753828679999,24541.3120,131,863,2335.4820,0
1753828680000,2.7070,2.7090,2.7070,2.709,3102,1753828739999,8399.0680,78,1789,4843.7390,0
1753828740000,2.7090,2.7100,2.7070,2.707,6028,1753828799999,16333.0730,115,4101,11112.8750,0
1753828800000,2.7070,2.7090,2.7070,2.709,3450,1753828859999,9342.5150,89,2887,7818.0030,0
1753828860000,2.7090,2.7110,2.7080,2.71,4429,1753828919999,11999.6130,148,3314,8978.4410,0
1753828920000,2.7090,2.7100,2.7080,2.708,4847,1753828979999,13132.3000,111,989,2680.1520,0
1753828980000,2.7080,2.7100,2.7080,2.708,4695,1753829039999,12718.5490,78,2471,6694.0330,0
1753829040000,2.7080,2.7100,2.7070,2.707,9795,1753829099999,26529.7040,193,5851,15849.3270,0
1753829100000,2.7080,2.7120,2.7060,2.711,109069,1753829159999,295541.0990,365,103089,279335.2640,0
1753829160000,2.7110,2.7140,2.7110,2.714,15068,1753829219999,40864.5540,148,10142,27505.8680,0
1753829220000,2.7140,2.7200,2.7140,2.717,98724,1753829279999,268190.4710,432,43733,118807.9610,0
1753829280000,2.7170,2.7200,2.7160,2.719,15949,1753829339999,43348.1900,163,6726,18280.1270,0
1753829340000,2.7190,2.7190,2.7160,2.717,9885,1753829399999,26858.6080,126,1725,4687.6180,0
1753829400000,2.7170,2.7190,2.7150,2.719,6865,1753829459999,18654.6690,159,5330,14485.0100,0
1753829460000,2.7190,2.7270,2.7180,2.726,216445,1753829519999,589529.3570,634,203495,554264.1990,0
1753829520000,2.7260,2.7310,2.7180,2.721,330106,1753829579999,899031.2370,846,108204,295041.1780,0
1753829580000,2.7210,2.7230,2.7200,2.722,23365,1753829639999,63561.2950,130,8265,22485.4780,0
1753829640000,2.7220,2.7220,2.7170,2.72,117232,1753829699999,318667.6260,348,13401,36444.7080,0
1753829700000,2.7200,2.7230,2.7190,2.722,11830,1753829759999,32189.0890,171,6651,18096.6710,0
1753829760000,2.7230,2.7290,2.7220,2.725,35640,1753829819999,97168.3930,284,26233,71525.4280,0
1753829820000,2.7250,2.7250,2.7230,2.724,33145,1753829879999,90269.4030,158,5745,15647.7080,0
1753829880000,2.7240,2.7250,2.7220,2.724,6289,1753829939999,17129.0460,96,2571,7002.9280,0
1753829940000,2.7230,2.7240,2.7210,2.724,8142,1753829999999,22166.9310,130,2988,8136.0450,0
1753830000000,2.7230,2.7250,2.7220,2.724,23881,1753830059999,65035.6780,685,12932,35217.8850,0
1753830060000,2.7230,2.7270,2.7210,2.721,19725,1753830119999,53729.6030,302,8111,22104.7380,0
1753830120000,2.7220,2.7230,2.7200,2.722,12889,1753830179999,35072.7270,182,7522,20468.2110,0
1753830180000,2.7220,2.7250,2.7200,2.724,10756,1753830239999,29284.6600,257,4618,12575.0650,0
1753830240000,2.7240,2.7250,2.7220,2.724,17061,1753830299999,46460.6870,133,4765,12975.3810,0
1753830300000,2.7230,2.7230,2.7200,2.723,27554,1753830359999,74986.0680,212,4974,13537.4500,0
1753830360000,2.7240,2.7240,2.7160,2.716,50388,1753830419999,137009.2350,359,14663,39872.3790,0
1753830420000,2.7160,2.7170,2.7140,2.717,13290,1753830479999,36092.8450,155,5086,13814.0310,0
1753830480000,2.7180,2.7210,2.7180,2.72,6219,1753830539999,16911.2950,140,5048,13727.6030,0
1753830540000,2.7200,2.7220,2.7190,2.721,9106,1753830599999,24770.9990,127,3954,10756.5290,0
1753830600000,2.7210,2.7250,2.7210,2.722,7669,1753830659999,20875.4770,158,4978,13548.9860,0
1753830660000,2.7230,2.7230,2.7200,2.721,31898,1753830719999,86778.6760,212,5508,14990.6550,0
1753830720000,2.7210,2.7220,2.7200,2.722,8771,1753830779999,23872.3170,129,7631,20769.3110,0
1753830780000,2.7220,2.7250,2.7210,2.721,27129,1753830839999,73876.6140,165,18960,51634.0970,0
1753830840000,2.7210,2.7210,2.7190,2.719,14542,1753830899999,39549.1210,138,2880,7833.7660,0
1753830900000,2.7190,2.7250,2.7190,2.721,28660,1753830959999,78024.0190,252,15835,43112.9960,0
1753830960000,2.7220,2.7220,2.7180,2.72,10317,1753831019999,28054.6190,152,1671,4544.1040,0
1753831020000,2.7190,2.7190,2.7160,2.717,4798,1753831079999,13038.7470,137,2837,7709.2080,0
1753831080000,2.7160,2.7210,2.7150,2.72,20564,1753831139999,55888.4130,217,16727,45469.6690,0
1753831140000,2.7200,2.7240,2.7200,2.723,19528,1753831199999,53122.9400,162,3122,8497.3370,0
1753831200000,2.7240,2.7270,2.7230,2.725,11943,1753831259999,32546.6660,188,9741,26546.5950,0
1753831260000,2.7250,2.7260,2.7230,2.726,3169,1753831319999,8633.8140,106,2037,5550.0850,0
1753831320000,2.7240,2.7250,2.7230,2.724,4415,1753831379999,12026.4090,57,1102,3001.8500,0
1753831380000,2.7230,2.7240,2.7190,2.722,15095,1753831439999,41092.0940,179,10397,28301.7480,0
1753831440000,2.7220,2.7220,2.7200,2.721,2467,1753831499999,6712.6270,60,396,1077.5500,0
1753831500000,2.7200,2.7210,2.7170,2.718,5435,1753831559999,14780.9890,109,1292,3514.4740,0
1753831560000,2.7180,2.7210,2.7170,2.72,8606,1753831619999,23400.0070,157,4693,12760.9970,0
1753831620000,2.7190,2.7200,2.7180,2.719,2211,1753831679999,6011.7130,68,155,421.4830,0
1753831680000,2.7190,2.7220,2.7180,2.721,2318,1753831739999,6302.8970,110,1537,4179.5370,0
1753831740000,2.7210,2.7220,2.7200,2.721,14496,1753831799999,39450.9200,99,10639,28956.1110,0
1753831800000,2.7210,2.7240,2.7200,2.724,38764,1753831859999,105468.0190,682,15893,43244.8480,0
1753831860000,2.7240,2.7250,2.7210,2.725,22117,1753831919999,60213.8360,214,12593,34287.0580,0
1753831920000,2.7250,2.7260,2.7230,2.724,36045,1753831979999,98171.1400,186,9047,24643.2630,0
1753831980000,2.7240,2.7250,2.7190,2.719,11412,1753832039999,31063.4290,174,1846,5026.9880,0
1753832040000,2.7190,2.7200,2.7180,2.719,25834,1753832099999,70231.3280,173,7913,21512.5000,0
1753832100000,2.7190,2.7210,2.7190,2.72,11058,1753832159999,30079.3040,156,4113,11188.1660,0
1753832160000,2.7200,2.7230,2.7180,2.723,4634,1753832219999,12605.9880,143,2755,7495.2810,0
1753832220000,2.7230,2.7230,2.7200,2.722,8875,1753832279999,24151.8490,124,2122,5775.5990,0
1753832280000,2.7220,2.7240,2.7210,2.723,23996,1753832339999,65334.4210,156,3123,8503.2790,0
1753832340000,2.7230,2.7300,2.7220,2.723,34006,1753832399999,92740.6230,282,21275,58033.1330,0
1753832400000,2.7240,2.7250,2.7190,2.719,18926,1753832459999,51539.4130,177,3908,10640.8870,0
1753832460000,2.7200,2.7200,2.7140,2.714,6307,1753832519999,17142.6890,167,2568,6981.4570,0
1753832520000,2.7150,2.7170,2.7140,2.715,14033,1753832579999,38099.4810,169,3161,8582.8900,0
1753832580000,2.7150,2.7150,2.7140,2.714,655,1753832639999,1778.1960,43,526,1428.0900,0
1753832640000,2.7140,2.7150,2.7120,2.712,11984,1753832699999,32520.5080,104,5015,13610.6690,0
1753832700000,2.7120,2.7120,2.7080,2.708,27990,1753832759999,75847.1200,755,14050,38073.8840,0
1753832760000,2.7090,2.7110,2.7080,2.71,7522,1753832819999,20381.6400,214,6372,17267.1940,0
1753832820000,2.7100,2.7140,2.7100,2.713,4869,1753832879999,13205.7950,179,3397,9212.7120,0
1753832880000,2.7130,2.7160,2.7120,2.712,4156,1753832939999,11280.9680,106,1157,3141.0760,0
1753832940000,2.7130,2.7160,2.7090,2.715,191724,1753832999999,519645.5450,359,83764,227024.0180,0
1753833000000,2.7150,2.7170,2.7120,2.717,21244,1753833059999,57640.2760,177,4359,11831.4570,0
1753833060000,2.7160,2.7160,2.7130,2.714,9952,1753833119999,27014.6020,136,6242,16941.6770,0
1753833120000,2.7140,2.7170,2.7140,2.716,9439,1753833179999,25631.5870,116,4114,11168.7100,0
1753833180000,2.7160,2.7170,2.7140,2.717,6283,1753833239999,17063.9190,119,1439,3908.6140,0
1753833240000,2.7180,2.7230,2.7180,2.722,27137,1753833299999,73837.5050,204,24494,66645.9110,0
1753833300000,2.7230,2.7250,2.7230,2.724,20749,1753833359999,56533.1100,137,2147,5848.9210,0
1753833360000,2.7230,2.7230,2.7200,2.72,12098,1753833419999,32931.5180,201,2723,7411.5690,0
1753833420000,2.7200,2.7210,2.7190,2.721,9002,1753833479999,24480.1790,123,1877,5105.4710,0
1753833480000,2.7200,2.7220,2.7200,2.721,1998,1753833539999,5435.9970,85,521,1417.6660,0
1753833540000,2.7210,2.7230,2.7200,2.72,4693,1753833599999,12770.1320,85,2507,6821.8730,0
1753833600000,2.7210,2.7210,2.7160,2.716,37384,1753833659999,101647.2460,766,7337,19952.0270,0
1753833660000,2.7160,2.7170,2.7120,2.713,24647,1753833719999,66899.4730,197,8664,23531.3350,0
1753833720000,2.7130,2.7170,2.7130,2.715,14624,1753833779999,39699.0310,177,8150,22124.2680,0
1753833780000,2.7140,2.7160,2.7130,2.714,6622,1753833839999,17975.3720,182,3955,10737.2140,0
1753833840000,2.7140,2.7150,2.7120,2.713,11542,1753833899999,31315.2260,148,3032,8228.0460,0
1753833900000,2.7140,2.7140,2.7110,2.711,20952,1753833959999,56824.9150,224,3279,8895.7190,0
1753833960000,2.7100,2.7110,2.7070,2.709,38881,1753834019999,105317.6940,277,7375,19980.0380,0
1753834020000,2.7100,2.7100,2.7080,2.709,19680,1753834079999,53311.5760,164,7095,19219.9730,0
1753834080000,2.7090,2.7090,2.7070,2.707,2876,1753834139999,7788.3590,84,466,1262.0950,0
1753834140000,2.7080,2.7080,2.7060,2.706,7997,1753834199999,21649.8270,170,4541,12295.1190,0
1753834200000,2.7060,2.7070,2.7050,2.706,10065,1753834259999,27236.9400,130,6762,18299.1680,0
1753834260000,2.7060,2.7070,2.7030,2.707,42364,1753834319999,114609.6110,245,30236,81812.9890,0
1753834320000,2.7080,2.7120,2.7080,2.712,16623,1753834379999,45046.3320,253,10719,29048.4200,0
1753834380000,2.7120,2.7130,2.7090,2.709,16429,1753834439999,44531.1740,260,4328,11732.1680,0
1753834440000,2.7090,2.7100,2.7060,2.707,9000,1753834499999,24372.8850,202,3721,10079.0150,0
1753834500000,2.7080,2.7110,2.7080,2.71,10267,1753834559999,27817.2310,196,6915,18734.8520,0
1753834560000,2.7100,2.7100,2.7080,2.709,11535,1753834619999,31245.1960,179,6712,18182.1230,0
1753834620000,2.7100,2.7100,2.7060,2.709,13410,1753834679999,36314.2120,166,9718,26316.4180,0
1753834680000,2.7100,2.7110,2.7040,2.704,20727,1753834739999,56142.3480,236,9392,25457.5620,0
1753834740000,2.7050,2.7060,2.7020,2.702,16299,1753834799999,44078.8430,175,3212,8689.2490,0
1753834800000,2.7010,2.7040,2.7010,2.702,8320,1753834859999,22488.6650,132,5091,13761.1030,0
1753834860000,2.7010,2.7020,2.6970,2.697,24289,1753834919999,65583.4110,247,3119,8424.1360,0
1753834920000,2.6970,2.6970,2.6910,2.692,55651,1753834979999,149898.3650,372,16734,45077.3440,0
1753834980000,2.6920,2.6950,2.6920,2.693,33862,1753835039999,91203.5860,192,27113,73031.0110,0
1753835040000,2.6930,2.6940,2.6920,2.694,20558,1753835099999,55365.1230,139,18494,49806.6450,0
1753835100000,2.6940,2.6960,2.6930,2.696,14884,1753835159999,40103.0580,158,9968,26859.7900,0
1753835160000,2.6950,2.6970,2.6940,2.697,26651,1753835219999,71856.3990,201,20312,54766.4360,0
1753835220000,2.6980,2.7020,2.6980,2.699,33542,1753835279999,90566.3880,231,14797,39959.4400,0
1753835280000,2.6990,2.6990,2.6960,2.697,17322,1753835339999,46733.7460,271,8309,22419.7000,0
1753835340000,2.6960,2.6980,2.6960,2.696,2231,1753835399999,6017.4960,71,932,2514.4430,0
1753835400000,2.6960,2.6980,2.6910,2.696,26222,1753835459999,70669.4810,243,12889,34743.1660,0
1753835460000,2.6970,2.7010,2.6960,2.699,15528,1753835519999,41902.3310,233,9585,25863.8770,0
1753835520000,2.6990,2.7010,2.6970,2.698,8095,1753835579999,21852.8460,139,5653,15261.3550,0
1753835580000,2.6980,2.6980,2.6910,2.691,8145,1753835639999,21948.8120,162,2634,7098.8930,0
1753835640000,2.6910,2.6920,2.6870,2.687,97278,1753835699999,261641.4300,293,18808,50583.3600,0
1753835700000,2.6880,2.6910,2.6870,2.691,26112,1753835759999,70233.4550,162,20770,55861.9920,0
1753835760000,2.6920,2.6940,2.6870,2.688,21527,1753835819999,57895.3250,216,3882,10448.2680,0
1753835820000,2.6880,2.6880,2.6830,2.685,28062,1753835879999,75340.4290,215,4177,11222.4090,0
1753835880000,2.6850,2.6860,2.6830,2.685,19497,1753835939999,52340.4170,177,10252,27527.4190,0
1753835940000,2.6850,2.6870,2.6820,2.687,22333,1753835999999,59939.4150,188,9748,26173.4430,0
1753836000000,2.6860,2.6870,2.6820,2.682,14907,1753836059999,40022.7130,170,1174,3153.9010,0
1753836060000,2.6830,2.6850,2.6790,2.685,98161,1753836119999,263095.5680,316,9615,25781.2900,0
1753836120000,2.6850,2.6850,2.6790,2.679,19999,1753836179999,53619.8270,221,5450,14609.8700,0
1753836180000,2.6790,2.6810,2.6760,2.68,54665,1753836239999,146354.0640,333,8341,22337.5330,0
1753836240000,2.6810,2.6810,2.6790,2.681,12638,1753836299999,33876.8130,142,7896,21165.9160,0
1753836300000,2.6820,2.6840,2.6760,2.677,14297,1753836359999,38334.3820,241,4460,11966.1740,0
1753836360000,2.6770,2.6780,2.6740,2.675,39276,1753836419999,105090.2500,224,11998,32110.1940,0
1753836420000,2.6760,2.6770,2.6750,2.676,23794,1753836479999,63666.6100,214,7096,18991.6840,0
1753836480000,2.6760,2.6790,2.6750,2.675,11620,1753836539999,31100.3450,162,7134,19094.1350,0
1753836540000,2.6760,2.6770,2.6720,2.672,22032,1753836599999,58904.7950,251,9520,25456.2580,0
1753836600000,2.6730,2.6760,2.6710,2.674,73825,1753836659999,197363.3100,315,48363,129289.8310,0
1753836660000,2.6740,2.6780,2.6740,2.677,11925,1753836719999,31909.7520,168,10503,28105.9830,0
1753836720000,2.6780,2.6850,2.6760,2.685,35592,1753836779999,95331.6230,274,21941,58783.1060,0
1753836780000,2.6850,2.6940,2.6840,2.693,46461,1753836839999,124851.8460,312,39533,106245.7160,0
1753836840000,2.6930,2.6930,2.6890,2.689,15570,1753836899999,41913.9790,178,3340,8991.6090,0
1753836900000,2.6890,2.6970,2.6890,2.696,39834,1753836959999,107315.3190,272,30806,83000.5050,0
1753836960000,2.6960,2.7040,2.6920,2.7,103291,1753837019999,278779.0930,538,74860,202132.4120,0
1753837020000,2.7000,2.7000,2.6970,2.698,49601,1753837079999,133824.3840,277,13847,37367.6940,0
1753837080000,2.6970,2.6970,2.6940,2.694,14345,1753837139999,38662.9480,174,4416,11902.2850,0
1753837140000,2.6950,2.6970,2.6940,2.696,9569,1753837199999,25792.4720,92,9301,25070.2560,0
1753837200000,2.6960,2.6970,2.6950,2.696,29518,1753837259999,79579.1660,194,20653,55681.4160,0
1753837260000,2.6970,2.7000,2.6960,2.699,6124,1753837319999,16522.4830,163,3317,8949.9190,0
1753837320000,2.6990,2.7010,2.6980,2.699,22747,1753837379999,61408.0880,196,5210,14065.1140,0
1753837380000,2.6990,2.6990,2.6950,2.696,30976,1753837439999,83572.8990,221,4750,12809.5470,0
1753837440000,2.6960,2.7010,2.6960,2.7,30791,1753837499999,83110.2470,183,26602,71807.5290,0
1753837500000,2.7000,2.7020,2.6980,2.7,11813,1753837559999,31898.6600,153,4673,12621.8810,0
1753837560000,2.7010,2.7020,2.6950,2.696,46172,1753837619999,124576.1300,375,15958,43068.7760,0
1753837620000,2.6970,2.6990,2.6960,2.697,10615,1753837679999,28635.9020,158,7194,19408.1190,0
1753837680000,2.6980,2.6990,2.6950,2.695,10286,1753837739999,27736.0820,129,4069,10975.3990,0
1753837740000,2.6950,2.6960,2.6910,2.692,10956,1753837799999,29509.8870,139,4440,11961.6900,0
1753837800000,2.6920,2.6920,2.6860,2.689,32485,1753837859999,87330.0460,286,9197,24725.3900,0
1753837860000,2.6900,2.6950,2.6900,2.695,12786,1753837919999,34418.9040,220,11016,29653.0840,0
1753837920000,2.6940,2.6940,2.6900,2.693,10259,1753837979999,27612.7070,169,8300,22338.1000,0
1753837980000,2.6930,2.6950,2.6910,2.694,11850,1753838039999,31909.9640,153,6843,18426.2680,0
1753838040000,2.6950,2.6950,2.6900,2.692,16702,1753838099999,44961.6840,139,12624,33984.7230,0
1753838100000,2.6910,2.6920,2.6860,2.689,18154,1753838159999,48814.4070,176,12351,33206.5230,0
1753838160000,2.6890,2.6890,2.6780,2.678,33360,1753838219999,89457.1430,293,10798,28960.9930,0
1753838220000,2.6780,2.6810,2.6710,2.672,52713,1753838279999,141090.4070,458,23214,62170.8770,0
1753838280000,2.6720,2.6730,2.6660,2.666,132662,1753838339999,354214.5100,474,54779,146289.7860,0
1753838340000,2.6670,2.6740,2.6670,2.671,60403,1753838399999,161256.9030,327,33027,88177.9320,0
1753838400000,2.6710,2.6760,2.6700,2.671,47200,1753838459999,126127.0210,321,29591,79070.7140,0
1753838460000,2.6700,2.6740,2.6700,2.673,44653,1753838519999,119300.2840,244,27183,72642.6200,0
1753838520000,2.6740,2.6840,2.6740,2.683,68612,1753838579999,183717.3760,359,52198,139758.5560,0
1753838580000,2.6830,2.6850,2.6810,2.683,27179,1753838639999,72909.5590,257,12977,34812.4260,0
1753838640000,2.6840,2.6850,2.6780,2.678,16814,1753838699999,45111.7340,186,8204,22014.3960,0
1753838700000,2.6780,2.6840,2.6770,2.684,11540,1753838759999,30926.3690,164,9350,25058.7720,0
1753838760000,2.6830,2.6830,2.6780,2.679,14496,1753838819999,38871.2340,145,10669,28611.1190,0
1753838820000,2.6800,2.6800,2.6770,2.679,7120,1753838879999,19073.6880,127,4126,11053.2380,0
1753838880000,2.6790,2.6810,2.6750,2.676,15135,1753838939999,40534.3330,169,5753,15411.6520,0
1753838940000,2.6760,2.6810,2.6760,2.681,9432,1753838999999,25264.8150,134,9141,24485.5680,0
1753839000000,2.6810,2.6820,2.6780,2.681,27100,1753839059999,72645.9690,248,12427,33321.0190,0
1753839060000,2.6820,2.6830,2.6790,2.683,12049,1753839119999,32309.5930,154,9252,24808.8510,0
1753839120000,2.6820,2.6940,2.6820,2.691,29190,1753839179999,78519.6140,324,20848,56075.9870,0
1753839180000,2.6920,2.7010,2.6920,2.698,59138,1753839239999,159521.8210,321,39667,106982.1510,0
1753839240000,2.6980,2.7010,2.6960,2.7,37002,1753839299999,99822.3490,210,26662,71921.1610,0
1753839300000,2.7010,2.7070,2.7000,2.707,49129,1753839359999,132818.5920,305,45018,121715.1940,0
1753839360000,2.7070,2.7120,2.7070,2.712,21909,1753839419999,59361.8350,276,7271,19699.7300,0
1753839420000,2.7120,2.7140,2.7060,2.708,38203,1753839479999,103549.7770,287,18409,49874.9560,0
1753839480000,2.7090,2.7140,2.7080,2.714,14393,1753839539999,39011.2840,185,10748,29131.4800,0
1753839540000,2.7140,2.7150,2.7090,2.709,17568,1753839599999,47637.3730,179,10858,29441.3050,0
1753839600000,2.7090,2.7150,2.7090,2.714,11636,1753839659999,31560.8070,203,9424,25559.3720,0
1753839660000,2.7140,2.7170,2.7120,2.716,27857,1753839719999,75584.5550,244,6409,17395.6500,0
1753839720000,2.7150,2.7190,2.7150,2.718,32797,1753839779999,89078.5020,274,22904,62201.0920,0
1753839780000,2.7190,2.7190,2.7130,2.717,29885,1753839839999,81161.5110,248,17503,47528.9500,0
1753839840000,2.7170,2.7180,2.7150,2.718,23590,1753839899999,64085.9510,174,12443,33807.0670,0
1753839900000,2.7190,2.7200,2.7170,2.719,32303,1753839959999,87812.9950,237,20269,55096.8810,0
1753839960000,2.7190,2.7270,2.7180,2.727,135827,1753840019999,369665.6650,565,66890,182056.5620,0
1753840020000,2.7270,2.7280,2.7220,2.722,32926,1753840079999,89736.3570,282,9059,24692.1670,0
1753840080000,2.7230,2.7260,2.7230,2.726,46147,1753840139999,125707.8300,263,29639,80744.7860,0
1753840140000,2.7260,2.7270,2.7250,2.725,24627,1753840199999,67129.6900,169,10689,29139.3880,0
1753840200000,2.7250,2.7250,2.7230,2.725,20710,1753840259999,56416.6320,155,9633,26243.6580,0
1753840260000,2.7240,2.7250,2.7200,2.721,21731,1753840319999,59152.9660,164,14357,39075.1200,0
1753840320000,2.7220,2.7220,2.7180,2.718,24483,1753840379999,66605.7100,170,5710,15528.9000,0
1753840380000,2.7180,2.7210,2.7170,2.72,13376,1753840439999,36368.5490,173,9074,24667.5900,0
1753840440000,2.7200,2.7230,2.7200,2.722,17848,1753840499999,48573.4380,171,12275,33408.8990,0
1753840500000,2.7230,2.7230,2.7200,2.72,15682,1753840559999,42675.4430,118,3075,8368.7320,0
1753840560000,2.7200,2.7210,2.7180,2.719,11797,1753840619999,32084.2790,136,6925,18835.7040,0
1753840620000,2.7180,2.7180,2.7140,2.714,6841,1753840679999,18580.2120,126,153,415.7510,0
1753840680000,2.7130,2.7140,2.7090,2.71,39201,1753840739999,106271.4900,253,10111,27411.6460,0
1753840740000,2.7110,2.7130,2.7110,2.711,7489,1753840799999,20308.4390,134,1894,5135.8520,0
1753840800000,2.7100,2.7150,2.7100,2.713,22664,1753840859999,61479.2510,754,13820,37486.5120,0
1753840860000,2.7130,2.7140,2.7110,2.711,14320,1753840919999,38847.2480,171,9164,24860.0730,0
1753840920000,2.7120,2.7130,2.7090,2.709,23263,1753840979999,63058.3750,247,6557,17782.0560,0
1753840980000,2.7080,2.7080,2.7040,2.705,10471,1753841039999,28333.1620,193,5858,15848.7930,0
1753841040000,2.7050,2.7070,2.7050,2.705,11693,1753841099999,31635.3720,132,9353,25303.4900,0
1753841100000,2.7060,2.7110,2.7060,2.708,16591,1753841159999,44933.9040,224,14457,39154.0480,0
1753841160000,2.7080,2.7080,2.7060,2.706,14476,1753841219999,39186.8820,145,5913,16008.6350,0
1753841220000,2.7060,2.7070,2.7030,2.706,38673,1753841279999,104607.7260,232,8874,24003.7620,0
1753841280000,2.7070,2.7100,2.7060,2.708,16828,1753841339999,45574.7200,156,12667,34308.3830,0
1753841340000,2.7080,2.7100,2.7070,2.709,9839,1753841399999,26649.2290,129,8646,23418.7170,0
1753841400000,2.7100,2.7100,2.7060,2.706,11801,1753841459999,31942.6830,118,2653,7182.2320,0
1753841460000,2.7060,2.7160,2.7060,2.716,17452,1753841519999,47339.8220,303,17180,46602.6680,0
1753841520000,2.7150,2.7210,2.7150,2.72,6469,1753841579999,17580.6910,156,5208,14154.7920,0
1753841580000,2.7200,2.7270,2.7190,2.727,15011,1753841639999,40848.9630,183,7593,20669.0940,0
1753841640000,2.7260,2.7300,2.7260,2.73,31169,1753841699999,85024.7890,262,23110,63048.0470,0
1753841700000,2.7300,2.7350,2.7290,2.734,46983,1753841759999,128355.6650,840,36091,98591.4780,0
1753841760000,2.7330,2.7350,2.7290,2.729,67564,1753841819999,184602.4900,285,15530,42425.8710,0
1753841820000,2.7290,2.7320,2.7260,2.727,17610,1753841879999,48045.4140,219,4141,11300.3650,0
1753841880000,2.7270,2.7290,2.7240,2.724,30683,1753841939999,83700.6410,196,10544,28766.1410,0
1753841940000,2.7250,2.7280,2.7220,2.723,32543,1753841999999,88722.2330,236,20003,54531.4970,0
1753842000000,2.7230,2.7270,2.7220,2.726,12065,1753842059999,32871.9270,198,9318,25387.4670,0
1753842060000,2.7250,2.7260,2.7210,2.721,13439,1753842119999,36614.8840,185,10653,29026.4430,0
1753842120000,2.7220,2.7260,2.7220,2.726,17578,1753842179999,47867.9290,154,16015,43611.9120,0
1753842180000,2.7250,2.7300,2.7240,2.726,11788,1753842239999,32142.3800,186,7486,20412.1420,0
1753842240000,2.7260,2.7260,2.7220,2.723,14641,1753842299999,39878.2470,156,4182,11392.0920,0
1753842300000,2.7230,2.7250,2.7200,2.724,23712,1753842359999,64543.1260,217,15475,42132.0400,0
1753842360000,2.7230,2.7240,2.7210,2.722,12331,1753842419999,33570.5520,128,4858,13227.4910,0
1753842420000,2.7230,2.7240,2.7150,2.717,52558,1753842479999,142863.5650,297,23220,63101.0850,0
1753842480000,2.7160,2.7190,2.7150,2.716,35275,1753842539999,95828.7430,204,25198,68454.0990,0
1753842540000,2.7170,2.7200,2.7170,2.719,3860,1753842599999,10492.9240,123,2345,6374.8040,0
1753842600000,2.7180,2.7190,2.7120,2.712,14888,1753842659999,40424.7170,200,7308,19838.9090,0
1753842660000,2.7120,2.7170,2.7110,2.717,32688,1753842719999,88709.5380,343,18934,51388.1920,0
1753842720000,2.7160,2.7190,2.7160,2.719,9259,1753842779999,25160.8140,190,6106,16593.2970,0
1753842780000,2.7190,2.7210,2.7170,2.721,19410,1753842839999,52779.4420,188,13589,36959.4510,0
1753842840000,2.7220,2.7280,2.7220,2.727,20157,1753842899999,54953.9880,212,15695,42790.5390,0
1753842900000,2.7270,2.7270,2.7230,2.723,21960,1753842959999,59855.1710,207,17383,47379.7710,0
1753842960000,2.7230,2.7270,2.7230,2.723,21192,1753843019999,57741.7710,212,10426,28405.7430,0
1753843020000,2.7230,2.7240,2.7200,2.721,5623,1753843079999,15304.4950,132,2744,7469.0880,0
1753843080000,2.7210,2.7230,2.7200,2.72,9201,1753843139999,25039.9320,120,7026,19121.6260,0
1753843140000,2.7200,2.7200,2.7160,2.718,17921,1753843199999,48696.1510,186,6290,17096.9590,0
1753843200000,2.7180,2.7240,2.7180,2.723,20424,1753843259999,55585.7880,296,13473,36666.5420,0
1753843260000,2.7230,2.7310,2.7230,2.731,40845,1753843319999,111441.1570,331,33029,90116.8080,0
1753843320000,2.7310,2.7340,2.7300,2.732,51578,1753843379999,140916.7180,232,44265,120939.3930,0
1753843380000,2.7320,2.7320,2.7270,2.728,19269,1753843439999,52568.0280,172,11254,30701.4740,0
1753843440000,2.7270,2.7270,2.7230,2.724,27191,1753843499999,74088.8330,261,8760,23864.8640,0
1753843500000,2.7240,2.7250,2.7200,2.724,17020,1753843559999,46342.2110,668,7373,20078.5330,0
1753843560000,2.7240,2.7250,2.7210,2.723,11381,1753843619999,30991.1280,170,6440,17538.6180,0
1753843620000,2.7230,2.7270,2.7230,2.726,13330,1753843679999,36336.1150,200,8753,23861.7490,0
1753843680000,2.7270,2.7300,2.7250,2.729,31058,1753843739999,84722.6730,179,29506,80489.4580,0
1753843740000,2.7280,2.7300,2.7270,2.728,15767,1753843799999,43014.6160,152,8212,22404.1210,0
1753843800000,2.7290,2.7310,2.7260,2.726,29900,1753843859999,81565.9870,195,5985,16341.8870,0
1753843860000,2.7270,2.7290,2.7260,2.728,13528,1753843919999,36894.7420,163,9958,27158.7530,0
1753843920000,2.7280,2.7320,2.7270,2.727,21245,1753843979999,57988.1910,161,13987,38180.4110,0
1753843980000,2.7280,2.7310,2.7270,2.73,11761,1753844039999,32096.8870,135,9156,24986.4030,0
1753844040000,2.7290,2.7300,2.7270,2.727,11761,1753844099999,32088.6170,147,4692,12804.8730,0
1753844100000,2.7280,2.7310,2.7280,2.728,6450,1753844159999,17604.9030,158,4370,11928.0760,0
1753844160000,2.7280,2.7280,2.7220,2.722,21232,1753844219999,57830.3640,163,11023,30016.9860,0
1753844220000,2.7220,2.7230,2.7200,2.723,17048,1753844279999,46407.9410,153,7797,21223.6760,0
1753844280000,2.7240,2.7260,2.7230,2.725,13031,1753844339999,35501.4310,127,9419,25660.6440,0
1753844340000,2.7250,2.7260,2.7230,2.724,3093,1753844399999,8426.5830,90,494,1345.6780,0
1753844400000,2.7250,2.7260,2.7240,2.724,14953,1753844459999,40741.7540,185,10455,28487.3140,0
1753844460000,2.7250,2.7270,2.7220,2.722,20104,1753844519999,54771.3390,256,8589,23396.9140,0
1753844520000,2.7230,2.7240,2.7200,2.722,88053,1753844579999,239755.6790,346,63901,174004.0800,0
1753844580000,2.7210,2.7240,2.7190,2.723,15604,1753844639999,42455.8090,240,8764,23847.2750,0
1753844640000,2.7240,2.7240,2.7190,2.72,7471,1753844699999,20334.3020,138,4217,11477.6510,0
1753844700000,2.7200,2.7210,2.7150,2.715,16288,1753844759999,44289.5250,177,4639,12617.3470,0
1753844760000,2.7160,2.7160,2.7120,2.714,61750,1753844819999,167574.6210,346,25005,67881.9790,0
1753844820000,2.7150,2.7190,2.7140,2.718,22838,1753844879999,62059.5420,215,13092,35570.4650,0
1753844880000,2.7170,2.7180,2.7150,2.715,24683,1753844939999,67048.8730,183,20531,55770.8730,0
1753844940000,2.7150,2.7190,2.7150,2.719,9874,1753844999999,26832.3700,131,6614,17973.2210,0
1753845000000,2.7180,2.7220,2.7170,2.718,22412,1753845059999,60974.1880,215,18435,50159.5280,0
1753845060000,2.7190,2.7200,2.7170,2.717,19788,1753845119999,53772.1440,154,2899,7881.6970,0
1753845120000,2.7160,2.7170,2.7150,2.716,10285,1753845179999,27935.5630,198,6577,17864.3530,0
1753845180000,2.7160,2.7200,2.7140,2.719,5907,1753845239999,16047.4520,196,5019,13635.5770,0
1753845240000,2.7190,2.7230,2.7190,2.722,4546,1753845299999,12370.6080,139,4227,11503.0970,0
1753845300000,2.7220,2.7240,2.7190,2.72,16740,1753845359999,45575.5760,683,3154,8588.6340,0
1753845360000,2.7200,2.7210,2.7170,2.718,11160,1753845419999,30343.2510,188,2914,7924.1780,0
1753845420000,2.7180,2.7240,2.7170,2.723,14386,1753845479999,39123.7580,220,7790,21185.3840,0
1753845480000,2.7230,2.7230,2.7190,2.719,32488,1753845539999,88377.3620,202,13190,35878.0400,0
1753845540000,2.7200,2.7210,2.7170,2.72,29787,1753845599999,80977.2120,195,6047,16444.8110,0
1753845600000,2.7200,2.7200,2.7160,2.717,16577,1753845659999,45054.7840,192,8261,22450.8530,0
1753845660000,2.7180,2.7240,2.7180,2.722,9566,1753845719999,26026.7920,162,6501,17684.4980,0
1753845720000,2.7230,2.7240,2.7210,2.724,11252,1753845779999,30633.3400,133,5684,15477.0990,0
1753845780000,2.7240,2.7270,2.7220,2.722,16008,1753845839999,43637.6700,206,6424,17511.8840,0
1753845840000,2.7230,2.7230,2.7180,2.718,12778,1753845899999,34770.4660,185,5309,14449.9920,0
1753845900000,2.7180,2.7230,2.7170,2.718,16902,1753845959999,45968.1880,185,4486,12200.9700,0
1753845960000,2.7190,2.7190,2.7160,2.717,17399,1753846019999,47285.1450,128,6120,16631.2640,0
1753846020000,2.7160,2.7190,2.7150,2.718,2853,1753846079999,7751.5830,115,1449,3937.8380,0
1753846080000,2.7190,2.7210,2.7170,2.72,7748,1753846139999,21063.4330,117,6364,17301.6090,0
1753846140000,2.7200,2.7230,2.7190,2.722,18413,1753846199999,50109.8730,164,14760,40165.2770,0
1753846200000,2.7220,2.7250,2.7220,2.723,10880,1753846259999,29632.0280,626,3577,9741.2120,0
1753846260000,2.7240,2.7240,2.7210,2.721,12306,1753846319999,33508.9430,222,3396,9247.7990,0
1753846320000,2.7200,2.7230,2.7200,2.72,6824,1753846379999,18568.0830,118,4093,11137.4970,0
1753846380000,2.7200,2.7230,2.7200,2.72,10355,1753846439999,28175.1990,143,4816,13107.2430,0
1753846440000,2.7190,2.7210,2.7180,2.719,6855,1753846499999,18643.5280,139,5477,14897.0380,0
1753846500000,2.7200,2.7230,2.7200,2.723,3293,1753846559999,8960.4940,107,2253,6130.7260,0
1753846560000,2.7230,2.7250,2.7210,2.722,11787,1753846619999,32094.1950,124,3217,8761.5720,0
1753846620000,2.7220,2.7240,2.7210,2.723,6033,1753846679999,16424.3650,120,3758,10230.8910,0
1753846680000,2.7230,2.7280,2.7220,2.726,82676,1753846739999,225350.0290,260,75820,206667.8770,0
1753846740000,2.7260,2.7280,2.7250,2.727,4195,1753846799999,11438.4410,46,1170,3189.7900,0
1753846800000,2.7270,2.7310,2.7270,2.73,10442,1753846859999,28486.9720,167,6422,17521.5930,0
1753846860000,2.7310,2.7310,2.7290,2.73,7216,1753846919999,19698.9720,125,3841,10486.1810,0
1753846920000,2.7290,2.7290,2.7270,2.729,9477,1753846979999,25857.5460,142,7550,20600.2480,0
1753846980000,2.7290,2.7290,2.7270,2.729,14498,1753847039999,39542.0900,191,10914,29766.8170,0
1753847040000,2.7290,2.7300,2.7270,2.729,7055,1753847099999,19251.4560,136,4263,11633.4410,0
1753847100000,2.7300,2.7300,2.7260,2.726,8954,1753847159999,24428.8850,119,2040,5565.0170,0
1753847160000,2.7270,2.7270,2.7250,2.725,8823,1753847219999,24052.5230,111,5278,14389.6650,0
1753847220000,2.7240,2.7240,2.7190,2.719,12542,1753847279999,34131.9000,169,4317,11750.4080,0
1753847280000,2.7200,2.7230,2.7200,2.723,15056,1753847339999,40965.2890,657,8888,24182.0600,0
1753847340000,2.7230,2.7260,2.7220,2.723,13137,1753847399999,35794.1080,137,9832,26787.8400,0
1753847400000,2.7240,2.7290,2.7240,2.728,2503,1753847459999,6824.4770,90,2204,6009.0990,0
1753847460000,2.7280,2.7330,2.7270,2.732,21589,1753847519999,58968.2600,163,7731,21114.9930,0
1753847520000,2.7310,2.7330,2.7280,2.733,45051,1753847579999,122995.2150,225,11556,31559.1900,0
1753847580000,2.7320,2.7330,2.7310,2.732,6461,1753847639999,17651.3270,80,4891,13362.5200,0
1753847640000,2.7320,2.7320,2.7260,2.728,8679,1753847699999,23675.7780,188,4300,11729.5220,0
1753847700000,2.7280,2.7280,2.7230,2.724,10513,1753847759999,28650.1210,119,5294,14426.7180,0
1753847760000,2.7250,2.7250,2.7230,2.723,10498,1753847819999,28588.7090,69,8315,22642.7190,0
1753847820000,2.7230,2.7230,2.7150,2.716,16733,1753847879999,45484.0290,176,931,2532.4330,0
1753847880000,2.7160,2.7180,2.7140,2.715,11399,1753847939999,30962.8490,134,8382,22769.2650,0
1753847940000,2.7150,2.7150,2.7130,2.713,1746,1753847999999,4739.5090,58,910,2470.5000,0
1753848000000,2.7140,2.7150,2.7110,2.713,12004,1753848059999,32573.2090,212,5709,15494.8630,0
1753848060000,2.7130,2.7170,2.7130,2.716,14188,1753848119999,38532.5210,155,11992,32569.7690,0
1753848120000,2.7160,2.7180,2.7140,2.717,18985,1753848179999,51564.4260,244,13762,37377.8650,0
1753848180000,2.7170,2.7200,2.7170,2.719,3555,1753848239999,9664.5280,77,3288,8938.8080,0
1753848240000,2.7190,2.7190,2.7160,2.719,6727,1753848299999,18284.1930,142,4432,12045.8940,0
1753848300000,2.7200,2.7260,2.7200,2.724,63977,1753848359999,174312.4280,296,35896,97796.0980,0
1753848360000,2.7240,2.7240,2.7210,2.722,6402,1753848419999,17428.5390,169,2706,7367.2530,0
1753848420000,2.7220,2.7250,2.7220,2.722,21155,1753848479999,57588.8490,131,10268,27953.5760,0
1753848480000,2.7220,2.7230,2.7200,2.722,8796,1753848539999,23937.1280,153,6430,17499.9700,0
1753848540000,2.7220,2.7240,2.7220,2.724,6601,1753848599999,17978.8030,80,1840,5009.8880,0
1753848600000,2.7240,2.7240,2.7200,2.723,10747,1753848659999,29259.2580,198,4549,12383.5920,0
1753848660000,2.7210,2.7240,2.7210,2.723,20210,1753848719999,55024.8150,194,14515,39522.7500,0
1753848720000,2.7230,2.7260,2.7220,2.724,11293,1753848779999,30757.1090,162,6525,17773.8350,0
1753848780000,2.7240,2.7260,2.7240,2.724,3748,1753848839999,10213.6710,91,2447,6668.6160,0
1753848840000,2.7240,2.7280,2.7240,2.726,3981,1753848899999,10854.8440,125,1966,5360.2930,0
1753848900000,2.7270,2.7270,2.7220,2.724,12467,1753848959999,33976.6740,258,3199,8717.7560,0
1753848960000,2.7240,2.7250,2.7220,2.724,3484,1753849019999,9489.9560,593,1042,2838.3600,0
1753849020000,2.7240,2.7250,2.7200,2.721,7138,1753849079999,19440.4100,179,2151,5859.6280,0
1753849080000,2.7200,2.7230,2.7180,2.718,28141,1753849139999,76568.3810,175,3967,10793.5630,0
1753849140000,2.7170,2.7180,2.7160,2.717,14129,1753849199999,38399.4490,107,12791,34764.5190,0
1753849200000,2.7180,2.7200,2.7170,2.719,11393,1753849259999,30970.3910,123,8249,22428.1070,0
1753849260000,2.7190,2.7220,2.7180,2.72,7526,1753849319999,20469.9020,125,6526,17750.5030,0
1753849320000,2.7200,2.7200,2.7160,2.716,8531,1753849379999,23190.5090,175,5456,14831.6610,0
1753849380000,2.7170,2.7170,2.7150,2.715,6342,1753849439999,17225.9520,120,4299,11677.2950,0
1753849440000,2.7160,2.7170,2.7130,2.716,19205,1753849499999,52122.8050,164,3601,9776.1300,0
1753849500000,2.7160,2.7160,2.7130,2.713,17413,1753849559999,47276.3620,125,2919,7924.6330,0
1753849560000,2.7130,2.7160,2.7120,2.715,5566,1753849619999,15107.3230,93,3951,10725.3930,0
1753849620000,2.7150,2.7170,2.7150,2.715,6837,1753849679999,18568.5110,114,3097,8411.0310,0
1753849680000,2.7140,2.7140,2.7110,2.712,7438,1753849739999,20175.3410,170,4777,12956.3900,0
1753849740000,2.7120,2.7130,2.7110,2.711,1053,1753849799999,2855.1660,27,301,816.3280,0
1753849800000,2.7110,2.7110,2.7050,2.705,33265,1753849859999,90081.0460,276,2534,6867.4060,0
1753849860000,2.7060,2.7070,2.7000,2.7,15944,1753849919999,43091.5730,240,2407,6511.8150,0
1753849920000,2.7000,2.7020,2.6980,2.699,19734,1753849979999,53291.1160,245,8269,22330.7600,0
1753849980000,2.7000,2.7010,2.6980,2.701,21034,1753850039999,56788.1910,139,8729,23569.1320,0
1753850040000,2.7010,2.7030,2.6980,2.698,15557,1753850099999,42012.9540,177,10291,27793.4410,0
1753850100000,2.6990,2.7010,2.6980,2.698,15189,1753850159999,41002.2780,103,7374,19906.7400,0
1753850160000,2.6990,2.7000,2.6920,2.693,117896,1753850219999,317580.2890,447,11514,31031.4980,0
1753850220000,2.6940,2.6960,2.6930,2.694,64311,1753850279999,173293.5470,216,59612,160633.3090,0
1753850280000,2.6940,2.6980,2.6940,2.696,59927,1753850339999,161511.0300,214,30311,81715.2190,0
1753850340000,2.6970,2.6970,2.6930,2.694,20684,1753850399999,55752.9680,154,3994,10766.7740,0
1753850400000,2.6930,2.6950,2.6900,2.691,24228,1753850459999,65211.6200,195,14128,38023.1120,0
1753850460000,2.6900,2.6960,2.6900,2.696,17604,1753850519999,47404.9670,205,16993,45760.7510,0
1753850520000,2.6950,2.6960,2.6940,2.695,15123,1753850579999,40756.7270,118,5189,13984.7030,0
1753850580000,2.6960,2.7030,2.6960,2.702,50348,1753850639999,135997.3040,213,39632,107034.6770,0
1753850640000,2.7010,2.7020,2.7000,2.7,13802,1753850699999,37273.8500,111,9421,25442.8900,0
1753850700000,2.7000,2.7000,2.6960,2.696,15292,1753850759999,41265.1220,177,6615,17855.4380,0
1753850760000,2.6960,2.7000,2.6960,2.7,14236,1753850819999,38403.2380,163,12376,33387.4440,0
1753850820000,2.6990,2.6990,2.6950,2.695,7118,1753850879999,19193.8490,128,2114,5698.6520,0
1753850880000,2.6940,2.6950,2.6900,2.69,36746,1753850939999,98939.2310,195,2166,5833.5450,0
1753850940000,2.6910,2.6950,2.6900,2.695,9716,1753850999999,26155.8850,127,8284,22302.3930,0
1753851000000,2.6940,2.6950,2.6910,2.693,8991,1753851059999,24212.2370,127,4755,12804.5210,0
1753851060000,2.6940,2.6960,2.6930,2.693,34529,1753851119999,93083.7030,142,14455,38966.6800,0
1753851120000,2.6930,2.6940,2.6920,2.692,6235,1753851179999,16790.8710,76,3248,8746.8830,0
1753851180000,2.6930,2.6940,2.6920,2.694,13219,1753851239999,35603.5590,141,8696,23420.6230,0
1753851240000,2.6950,2.6960,2.6940,2.694,6308,1753851299999,17003.3720,76,4844,13058.1200,0
1753851300000,2.6940,2.6950,2.6920,2.695,12004,1753851359999,32333.8150,192,6233,16791.1460,0
1753851360000,2.6960,2.6990,2.6960,2.698,9407,1753851419999,25374.9940,93,3867,10429.2810,0
1753851420000,2.6970,2.6970,2.6940,2.695,5615,1753851479999,15133.5120,111,3701,9974.1950,0
1753851480000,2.6950,2.6950,2.6900,2.69,6482,1753851539999,17454.4580,101,197,530.8200,0
1753851540000,2.6900,2.6940,2.6900,2.693,18444,1753851599999,49630.9220,132,8636,23243.2200,0
1753851600000,2.6940,2.6940,2.6910,2.691,17198,1753851659999,46300.4290,237,7137,19214.8160,0
1753851660000,2.6900,2.6900,2.6870,2.689,16992,1753851719999,45683.8490,216,5907,15879.2430,0
1753851720000,2.6890,2.6910,2.6890,2.69,16631,1753851779999,44739.4130,175,8878,23883.1220,0
1753851780000,2.6910,2.6970,2.6910,2.697,9503,1753851839999,25597.1610,144,6027,16236.5950,0
1753851840000,2.6970,2.7000,2.6940,2.698,12984,1753851899999,35023.4610,197,7069,19072.0830,0
1753851900000,2.6970,2.7010,2.6960,2.7,10110,1753851959999,27284.7330,147,9028,24365.6120,0
1753851960000,2.6990,2.6990,2.6920,2.694,19348,1753852019999,52154.2960,225,5918,15939.7790,0
1753852020000,2.6940,2.6960,2.6940,2.694,11844,1753852079999,31918.1570,115,1710,4608.0670,0
1753852080000,2.6940,2.6940,2.6850,2.685,16174,1753852139999,43493.4150,227,2899,7790.1820,0
1753852140000,2.6850,2.6870,2.6820,2.682,56930,1753852199999,152770.0090,343,19799,53138.2710,0
1753852200000,2.6820,2.6850,2.6810,2.684,27311,1753852259999,73283.5630,195,13207,35451.6610,0
1753852260000,2.6840,2.6840,2.6820,2.682,15139,1753852319999,40615.7620,182,10376,27838.9590,0
1753852320000,2.6820,2.6830,2.6810,2.683,13804,1753852379999,37022.4050,143,4567,12249.1190,0
1753852380000,2.6820,2.6840,2.6810,2.682,17097,1753852439999,45867.7170,159,5948,15957.4690,0
1753852440000,2.6820,2.6840,2.6810,2.681,14108,1753852499999,37844.9680,147,3716,9972.5440,0
1753852500000,2.6820,2.6830,2.6790,2.681,32543,1753852559999,87252.2870,302,12127,32519.5360,0
1753852560000,2.6800,2.6830,2.6760,2.683,73537,1753852619999,196957.8090,357,23015,61686.4710,0
1753852620000,2.6830,2.6880,2.6830,2.685,46169,1753852679999,123982.1820,180,41109,110392.1260,0
1753852680000,2.6850,2.6860,2.6830,2.685,31354,1753852739999,84179.4430,161,7965,21387.0840,0
1753852740000,2.6850,2.6910,2.6850,2.691,24730,1753852799999,66506.6800,179,6727,18088.9290,0
1753852800000,2.6910,2.6920,2.6890,2.69,14585,1753852859999,39233.3950,162,10028,26971.6730,0
1753852860000,2.6910,2.6940,2.6900,2.69,14571,1753852919999,39222.1830,164,8000,21536.5210,0
1753852920000,2.6900,2.6930,2.6890,2.692,22041,1753852979999,59323.3030,156,20278,54578.4590,0
1753852980000,2.6920,2.6970,2.6920,2.696,14814,1753853039999,39925.8350,132,12225,32950.0860,0
1753853040000,2.6970,2.7030,2.6970,2.703,11739,1753853099999,31694.3830,216,7910,21359.8660,0
1753853100000,2.7020,2.7060,2.6980,2.706,55646,1753853159999,150335.7000,317,17059,46109.0860,0
1753853160000,2.7060,2.7110,2.7050,2.71,23853,1753853219999,64569.4940,241,12018,32535.9660,0
1753853220000,2.7090,2.7090,2.7060,2.708,11845,1753853279999,32069.9640,149,2904,7862.3150,0
1753853280000,2.7080,2.7110,2.7070,2.711,17217,1753853339999,46655.4880,168,10167,27548.3030,0
1753853340000,2.7110,2.7120,2.7100,2.711,14325,1753853399999,38842.4830,111,3928,10650.3240,0
1753853400000,2.7110,2.7140,2.7100,2.713,20443,1753853459999,55442.8570,164,16129,43740.9660,0
1753853460000,2.7130,2.7160,2.7060,2.707,27608,1753853519999,74874.6270,327,6356,17247.1030,0
1753853520000,2.7070,2.7070,2.7010,2.707,63118,1753853579999,170659.1170,302,27735,74996.0780,0
1753853580000,2.7070,2.7080,2.7020,2.703,16129,1753853639999,43641.2240,157,9785,26484.3120,0
1753853640000,2.7030,2.7050,2.7030,2.705,7079,1753853699999,19138.6670,113,4319,11677.5030,0
1753853700000,2.7060,2.7130,2.7060,2.711,12514,1753853759999,33905.1230,223,9610,26033.0180,0
1753853760000,2.7100,2.7110,2.7080,2.708,8311,1753853819999,22518.1830,188,1856,5029.7920,0
1753853820000,2.7090,2.7110,2.7050,2.707,22767,1753853879999,61646.2300,243,16696,45213.8990,0
1753853880000,2.7080,2.7130,2.7080,2.712,8955,1753853939999,24268.8600,156,5416,14675.5090,0
1753853940000,2.7120,2.7130,2.7080,2.708,17972,1753853999999,48690.3060,148,975,2644.5240,0
1753854000000,2.7090,2.7120,2.7080,2.711,9352,1753854059999,25343.0000,157,6064,16434.2910,0
1753854060000,2.7100,2.7130,2.7090,2.711,11524,1753854119999,31237.7750,152,7105,19260.3000,0
1753854120000,2.7100,2.7120,2.7100,2.712,22945,1753854179999,62197.0310,141,17658,47866.4100,0
1753854180000,2.7110,2.7120,2.7080,2.708,6194,1753854239999,16790.4820,119,1635,4434.0480,0
1753854240000,2.7090,2.7100,2.7080,2.708,13526,1753854299999,36646.5340,128,7901,21407.1410,0
1753854300000,2.7090,2.7100,2.7060,2.708,10053,1753854359999,27224.3750,145,2074,5617.9700,0
1753854360000,2.7080,2.7100,2.7030,2.703,31751,1753854419999,85932.7700,191,4522,12240.5060,0
1753854420000,2.7020,2.7080,2.7020,2.705,8391,1753854479999,22699.4560,181,4377,11840.2140,0
1753854480000,2.7040,2.7130,2.7040,2.713,26993,1753854539999,73183.2420,159,22910,62114.2990,0
1753854540000,2.7140,2.7180,2.7140,2.717,18789,1753854599999,51025.8590,213,5538,15039.8660,0
1753854600000,2.7160,2.7200,2.7150,2.718,15692,1753854659999,42653.1650,151,10596,28800.5990,0
1753854660000,2.7190,2.7240,2.7190,2.719,31401,1753854719999,85433.0230,213,13548,36860.9100,0
1753854720000,2.7190,2.7200,2.7160,2.717,25811,1753854779999,70159.3130,213,4224,11484.1090,0
1753854780000,2.7160,2.7180,2.7140,2.715,15751,1753854839999,42772.4130,148,5100,13850.6450,0
1753854840000,2.7140,2.7180,2.7140,2.716,10556,1753854899999,28676.6730,119,6081,16521.6830,0
1753854900000,2.7160,2.7180,2.7160,2.718,12642,1753854959999,34347.8950,101,11673,31715.1730,0
1753854960000,2.7170,2.7190,2.7160,2.717,2898,1753855019999,7875.5180,95,1523,4139.2910,0
1753855020000,2.7170,2.7180,2.7150,2.715,12874,1753855079999,34961.3610,128,6961,18905.9540,0
1753855080000,2.7150,2.7180,2.7140,2.717,4594,1753855139999,12476.5800,108,3368,9146.9900,0
1753855140000,2.7170,2.7180,2.7140,2.714,18927,1753855199999,51372.9020,102,1961,5323.4530,0
1753855200000,2.7130,2.7180,2.7120,2.714,37523,1753855259999,101826.6450,825,15680,42547.2100,0
1753855260000,2.7150,2.7160,2.7130,2.715,8340,1753855319999,22638.2180,106,2933,7963.3430,0
1753855320000,2.7150,2.7160,2.7140,2.716,17934,1753855379999,48691.4660,139,13478,36593.4500,0
1753855380000,2.7150,2.7190,2.7150,2.718,11983,1753855439999,32549.8470,170,9529,25881.9320,0
1753855440000,2.7180,2.7200,2.7150,2.718,13776,1753855499999,37435.5460,155,7940,21578.1350,0
1753855500000,2.7190,2.7200,2.7160,2.718,21187,1753855559999,57566.3200,167,9970,27090.7700,0
1753855560000,2.7170,2.7180,2.7140,2.714,51467,1753855619999,139805.1670,242,29330,79677.3570,0
1753855620000,2.7140,2.7170,2.7130,2.716,12448,1753855679999,33785.9520,158,3672,9968.1380,0
1753855680000,2.7160,2.7170,2.7150,2.715,7158,1753855739999,19444.0950,106,4078,11077.5950,0
1753855740000,2.7160,2.7180,2.7150,2.715,5591,1753855799999,15193.5990,119,2148,5838.0270,0
1753855800000,2.7150,2.7160,2.7130,2.715,9770,1753855859999,26519.0560,127,3178,8626.5970,0
1753855860000,2.7150,2.7190,2.7150,2.719,9134,1753855919999,24814.4750,196,6549,17793.6800,0
1753855920000,2.7190,2.7190,2.7150,2.715,8817,1753855979999,23966.1490,136,2546,6922.5740,0
1753855980000,2.7160,2.7180,2.7150,2.717,2063,1753856039999,5603.7760,80,1858,5046.8250,0
1753856040000,2.7170,2.7170,2.7150,2.716,32328,1753856099999,87788.6650,168,23448,63674.6970,0
1753856100000,2.7160,2.7170,2.7120,2.714,47603,1753856159999,129157.7640,297,11955,32437.4950,0
1753856160000,2.7150,2.7160,2.7120,2.716,16879,1753856219999,45802.5440,191,9314,25277.9390,0
1753856220000,2.7150,2.7170,2.7140,2.717,8445,1753856279999,22933.9000,112,5595,15196.0510,0
1753856280000,2.7160,2.7180,2.7140,2.715,27238,1753856339999,73982.1270,153,13737,37317.1210,0
1753856340000,2.7150,2.7160,2.7130,2.713,3711,1753856399999,10073.7930,80,1250,3393.5860,0
1753856400000,2.7140,2.7140,2.7080,2.709,29783,1753856459999,80728.7820,282,9586,25975.6170,0
1753856460000,2.7100,2.7100,2.7060,2.706,6689,1753856519999,18114.9480,154,1545,4185.9120,0
1753856520000,2.7050,2.7070,2.7020,2.707,31009,1753856579999,83854.5300,154,15540,42013.5620,0
1753856580000,2.7060,2.7100,2.7060,2.71,12776,1753856639999,34585.7870,135,5595,15149.8160,0
1753856640000,2.7090,2.7100,2.7080,2.708,5516,1753856699999,14942.4700,84,608,1647.1580,0
1753856700000,2.7080,2.7100,2.7070,2.709,26623,1753856759999,72110.8770,129,23020,62351.2340,0
1753856760000,2.7090,2.7130,2.7080,2.713,16111,1753856819999,43664.2880,131,10081,27319.6370,0
1753856820000,2.7130,2.7140,2.7090,2.71,16803,1753856879999,45561.0020,167,10844,29401.3230,0
1753856880000,2.7090,2.7110,2.7070,2.71,11548,1753856939999,31278.9400,124,8991,24352.6550,0
1753856940000,2.7100,2.7110,2.7100,2.71,12165,1753856999999,32967.1670,52,10935,29633.8670,0
1753857000000,2.7100,2.7130,2.7100,2.712,13306,1753857059999,36075.9830,207,11562,31348.5850,0
1753857060000,2.7130,2.7160,2.7110,2.711,22462,1753857119999,60933.6340,196,9841,26707.8540,0
1753857120000,2.7110,2.7120,2.7100,2.71,8471,1753857179999,22964.8620,145,5007,13574.5280,0
1753857180000,2.7100,2.7110,2.7080,2.709,21430,1753857239999,58047.9930,117,12562,34030.4670,0
1753857240000,2.7080,2.7080,2.7030,2.705,8003,1753857299999,21646.8720,128,3030,8195.8200,0
1753857300000,2.7060,2.7070,2.7030,2.703,23785,1753857359999,64345.7490,145,10714,28972.4160,0
1753857360000,2.7040,2.7040,2.6970,2.697,14884,1753857419999,40179.4490,216,4052,10933.4850,0
1753857420000,2.6980,2.7020,2.6980,2.7,9834,1753857479999,26553.9090,149,9255,24990.3840,0
1753857480000,2.7010,2.7030,2.7000,2.702,10258,1753857539999,27708.5350,128,2961,7999.2450,0
1753857540000,2.7010,2.7080,2.7010,2.706,13871,1753857599999,37517.0250,153,13149,35563.9620,0
1753857600000,2.7070,2.7110,2.7060,2.711,7108,1753857659999,19249.1180,129,3952,10703.2110,0
1753857660000,2.7100,2.7130,2.7100,2.713,12957,1753857719999,35129.2540,197,9853,26714.2060,0
1753857720000,2.7120,2.7160,2.7120,2.716,26755,1753857779999,72641.7810,155,20501,55662.3050,0
1753857780000,2.7150,2.7170,2.7140,2.714,7928,1753857839999,21520.4220,171,4217,11446.6470,0
1753857840000,2.7150,2.7150,2.7120,2.714,3712,1753857899999,10073.2000,86,2322,6302.0430,0
1753857900000,2.7150,2.7160,2.7080,2.711,27892,1753857959999,75634.3720,715,9674,26230.6300,0
1753857960000,2.7120,2.7150,2.7110,2.714,7793,1753858019999,21139.3400,121,3682,9988.6800,0
1753858020000,2.7140,2.7140,2.7100,2.711,5921,1753858079999,16060.8780,141,1491,4043.8310,0
1753858080000,2.7120,2.7150,2.7120,2.713,5498,1753858139999,14915.0710,113,2253,6111.9980,0
1753858140000,2.7130,2.7140,2.7120,2.714,8739,1753858199999,23709.7450,87,5810,15763.4110,0
1753858200000,2.7140,2.7150,2.7130,2.715,8072,1753858259999,21909.1510,110,3152,8556.6060,0
1753858260000,2.7150,2.7160,2.7130,2.716,5549,1753858319999,15062.3170,104,2696,7319.2350,0
1753858320000,2.7160,2.7190,2.7160,2.719,19638,1753858379999,53373.7890,205,12240,33265.6580,0
1753858380000,2.7190,2.7200,2.7170,2.717,15226,1753858439999,41401.3970,140,7695,20924.8130,0
1753858440000,2.7170,2.7170,2.7150,2.715,15583,1753858499999,42319.7710,144,5219,14174.4610,0
1753858500000,2.7150,2.7200,2.7150,2.72,16736,1753858559999,45493.0280,114,16726,45465.8620,0
1753858560000,2.7190,2.7200,2.7170,2.718,13848,1753858619999,37649.0890,105,10688,29057.8650,0
1753858620000,2.7190,2.7200,2.7170,2.718,24574,1753858679999,66793.0650,114,5335,14501.4870,0
1753858680000,2.7180,2.7190,2.7150,2.715,9553,1753858739999,25956.7780,101,1796,4878.0680,0
1753858740000,2.7140,2.7150,2.7140,2.714,6433,1753858799999,17462.3210,88,2852,7740.7560,0
1753858800000,2.7130,2.7150,2.7120,2.715,22330,1753858859999,60600.9240,251,12218,33160.7670,0
1753858860000,2.7140,2.7190,2.7130,2.719,5491,1753858919999,14916.7030,117,3879,10541.5220,0
1753858920000,2.7200,2.7200,2.7150,2.716,13632,1753858979999,37040.4710,178,4003,10875.1220,0
1753858980000,2.7160,2.7170,2.7150,2.717,8363,1753859039999,22715.2110,100,7113,19320.0670,0
1753859040000,2.7160,2.7180,2.7130,2.714,12962,1753859099999,35196.9800,123,3446,9355.7260,0
1753859100000,2.7140,2.7190,2.7140,2.719,16261,1753859159999,44175.5370,189,11338,30802.3010,0
1753859160000,2.7200,2.7220,2.7200,2.722,18981,1753859219999,51646.8850,126,10316,28071.8800,0
1753859220000,2.7230,2.7250,2.7220,2.722,17213,1753859279999,46882.4370,214,9522,25939.4700,0
1753859280000,2.7220,2.7230,2.7210,2.722,15468,1753859339999,42100.6510,125,9752,26544.6170,0
1753859340000,2.7220,2.7220,2.7130,2.714,15561,1753859399999,42282.6860,200,5008,13603.8400,0
1753859400000,2.7130,2.7150,2.7040,2.708,48528,1753859459999,131389.5070,362,25394,68733.6440,0
1753859460000,2.7070,2.7100,2.7060,2.706,27954,1753859519999,75668.0050,200,23456,63490.3010,0
1753859520000,2.7070,2.7080,2.7020,2.703,27278,1753859579999,73793.4290,207,12866,34810.1600,0
1753859580000,2.7030,2.7040,2.7000,2.7,10641,1753859639999,28745.5170,107,5080,13724.3230,0
1753859640000,2.7000,2.7020,2.6990,2.702,44783,1753859699999,120926.8190,180,11171,30176.8820,0
1753859700000,2.7030,2.7040,2.6990,2.7,71816,1753859759999,194045.5690,320,53440,144380.1980,0
1753859760000,2.7000,2.7010,2.6980,2.699,21133,1753859819999,57048.4940,196,9077,24506.1310,0
1753859820000,2.6990,2.7000,2.6960,2.698,21189,1753859879999,57152.6230,134,4956,13371.3270,0
1753859880000,2.6990,2.7010,2.6970,2.697,13746,1753859939999,37102.8390,150,10493,28322.8470,0
1753859940000,2.6970,2.7000,2.6960,2.697,10229,1753859999999,27592.9300,172,4690,12654.1840,0
1753860000000,2.6980,2.6990,2.6940,2.697,29173,1753860059999,78683.8700,194,22747,61355.5430,0
1753860060000,2.6980,2.6990,2.6970,2.699,18300,1753860119999,49369.3530,169,13351,36017.0280,0
1753860120000,2.6990,2.7010,2.6970,2.699,7322,1753860179999,19764.4360,119,4306,11623.6840,0
1753860180000,2.7000,2.7010,2.6970,2.7,16495,1753860239999,44510.5780,134,12092,32629.1680,0
1753860240000,2.6990,2.7010,2.6990,2.7,14822,1753860299999,40026.3680,141,11750,31733.1470,0
1753860300000,2.7000,2.7010,2.6950,2.697,23530,1753860359999,63499.7800,173,18128,48924.1050,0
1753860360000,2.6980,2.6980,2.6940,2.695,23938,1753860419999,64515.7030,114,20217,54485.1290,0
1753860420000,2.6950,2.7020,2.6950,2.702,10768,1753860479999,29059.9750,177,10409,28092.3690,0
1753860480000,2.7030,2.7060,2.7010,2.706,18130,1753860539999,49008.0410,146,8984,24280.4660,0
1753860540000,2.7050,2.7080,2.7040,2.708,15653,1753860599999,42346.4610,169,10992,29740.6600,0
1753860600000,2.7080,2.7120,2.7080,2.711,36664,1753860659999,99361.6470,205,17109,46366.3480,0
1753860660000,2.7120,2.7120,2.7050,2.707,43493,1753860719999,117788.9930,242,12102,32792.2390,0
1753860720000,2.7070,2.7100,2.7000,2.701,38814,1753860779999,105005.4050,266,10170,27508.6970,0
1753860780000,2.7020,2.7070,2.7020,2.704,43613,1753860839999,117977.6120,255,35258,95377.1810,0
1753860840000,2.7040,2.7060,2.7020,2.702,18785,1753860899999,50798.8150,153,14467,39124.2800,0
1753860900000,2.7020,2.7070,2.7010,2.704,15257,1753860959999,41265.1900,187,11816,31960.5700,0
1753860960000,2.7040,2.7080,2.7030,2.707,11331,1753861019999,30665.4740,158,8882,24039.9860,0
1753861020000,2.7080,2.7090,2.7050,2.705,33043,1753861079999,89453.6750,150,4474,12118.1720,0
1753861080000,2.7060,2.7060,2.7010,2.703,31134,1753861139999,84115.9560,165,6273,16950.2070,0
1753861140000,2.7040,2.7040,2.6950,2.695,31687,1753861199999,85570.5200,210,6709,18118.6040,0
1753861200000,2.6940,2.6960,2.6910,2.693,51953,1753861259999,139925.2650,267,10985,29589.1350,0
1753861260000,2.6930,2.6970,2.6930,2.693,36958,1753861319999,99610.6260,272,21365,57578.1320,0
1753861320000,2.6940,2.6940,2.6910,2.691,7084,1753861379999,19071.3290,87,4791,12897.6860,0
1753861380000,2.6920,2.6990,2.6920,2.699,15451,1753861439999,41640.7740,137,15223,41026.0860,0
1753861440000,2.6990,2.7010,2.6950,2.695,13116,1753861499999,35387.7550,183,3099,8365.5660,0
1753861500000,2.6960,2.6980,2.6940,2.695,23386,1753861559999,63066.0380,215,15884,42837.7030,0
1753861560000,2.6950,2.6960,2.6920,2.695,24850,1753861619999,66950.1870,222,12907,34777.4430,0
1753861620000,2.6950,2.6970,2.6940,2.694,5088,1753861679999,13712.6090,107,3115,8395.4470,0
1753861680000,2.6950,2.6950,2.6930,2.695,26562,1753861739999,71551.5560,156,9403,25330.3900,0
1753861740000,2.6960,2.6980,2.6940,2.698,11847,1753861799999,31943.7590,126,7351,19821.3710,0
1753861800000,2.6980,2.7000,2.6960,2.699,17190,1753861859999,46373.6350,216,13598,36685.6330,0
1753861860000,2.7000,2.7010,2.6960,2.696,8426,1753861919999,22739.2300,110,1808,4881.6500,0
1753861920000,2.6960,2.6970,2.6930,2.693,18787,1753861979999,50629.3990,131,11535,31091.1940,0
1753861980000,2.6940,2.6940,2.6910,2.691,9375,1753862039999,25242.2860,164,2713,7306.2130,0
1753862040000,2.6910,2.6940,2.6900,2.692,35645,1753862099999,95917.3750,227,17022,45817.3470,0
1753862100000,2.6930,2.6940,2.6910,2.691,16998,1753862159999,45768.9610,113,1617,4354.1360,0
1753862160000,2.6910,2.6910,2.6870,2.689,45525,1753862219999,122377.8540,227,9385,25231.0280,0
1753862220000,2.6900,2.6910,2.6890,2.691,41499,1753862279999,111635.4160,147,16320,43903.2860,0
1753862280000,2.6920,2.6950,2.6910,2.692,19264,1753862339999,51891.8950,152,16843,45370.5000,0
1753862340000,2.6930,2.6950,2.6910,2.695,7458,1753862399999,20081.0900,88,6244,16813.0020,0
1753862400000,2.6950,2.6960,2.6900,2.69,17081,1753862459999,45986.1330,179,2559,6896.9080,0
1753862460000,2.6910,2.6920,2.6900,2.692,15676,1753862519999,42184.9780,123,11443,30793.3970,0
1753862520000,2.6910,2.6930,2.6900,2.691,35692,1753862579999,96065.9700,180,5267,14181.5220,0
1753862580000,2.6910,2.6980,2.6910,2.696,11763,1753862639999,31691.9980,159,10020,26992.2910,0
1753862640000,2.6960,2.6960,2.6930,2.693,23604,1753862699999,63595.0400,139,14076,37924.9540,0
1753862700000,2.6940,2.6940,2.6900,2.691,13058,1753862759999,35152.0250,140,7399,19917.3860,0
1753862760000,2.6910,2.6920,2.6880,2.691,18192,1753862819999,48935.5700,144,4080,10976.6010,0
1753862820000,2.6920,2.6940,2.6900,2.693,13064,1753862879999,35167.5600,146,4512,12146.8980,0
1753862880000,2.6930,2.7000,2.6920,2.7,49656,1753862939999,133916.5890,228,34665,93475.3380,0
1753862940000,2.7000,2.7000,2.6930,2.693,19413,1753862999999,52358.7060,194,6133,16542.1990,0
1753863000000,2.6920,2.6940,2.6910,2.691,18784,1753863059999,50572.4080,200,11390,30666.8150,0
1753863060000,2.6910,2.6920,2.6860,2.686,12980,1753863119999,34907.4880,180,6073,16332.8350,0
1753863120000,2.6870,2.6880,2.6780,2.68,170162,1753863179999,456136.9870,570,44253,118653.7110,0
1753863180000,2.6810,2.6810,2.6770,2.678,39830,1753863239999,106703.4360,234,22298,59734.2490,0
1753863240000,2.6780,2.6820,2.6780,2.679,33056,1753863299999,88603.2620,216,14747,39530.1240,0
1753863300000,2.6800,2.6820,2.6780,2.678,24800,1753863359999,66467.9880,197,11065,29660.9100,0
1753863360000,2.6780,2.6840,2.6760,2.684,46660,1753863419999,125088.5160,331,17603,47186.6800,0
1753863420000,2.6830,2.6910,2.6830,2.687,24394,1753863479999,65561.4470,214,13396,36003.2170,0
1753863480000,2.6860,2.6870,2.6830,2.684,47007,1753863539999,126248.0710,211,18973,50948.0840,0
1753863540000,2.6830,2.6900,2.6830,2.687,11311,1753863599999,30390.8710,163,8537,22935.3220,0
1753863600000,2.6880,2.6890,2.6830,2.684,26842,1753863659999,72099.7360,188,9260,24870.3110,0
1753863660000,2.6840,2.6870,2.6840,2.686,13700,1753863719999,36788.0330,139,7931,21298.4350,0
1753863720000,2.6860,2.6870,2.6850,2.685,15641,1753863779999,42006.0860,122,9249,24838.0150,0
1753863780000,2.6850,2.6900,2.6850,2.69,31019,1753863839999,83388.5130,199,25397,68271.8350,0
1753863840000,2.6890,2.6890,2.6840,2.684,19566,1753863899999,52582.5450,185,8750,23525.6510,0
1753863900000,2.6850,2.6880,2.6850,2.687,12583,1753863959999,33800.6180,153,9206,24728.7570,0
1753863960000,2.6860,2.6880,2.6850,2.687,4773,1753864019999,12822.7830,112,1018,2734.9730,0
1753864020000,2.6860,2.6880,2.6850,2.687,7759,1753864079999,20843.5700,110,2938,7894.4660,0
1753864080000,2.6870,2.6880,2.6850,2.685,5168,1753864139999,13883.6720,101,969,2604.3950,0
1753864140000,2.6850,2.6930,2.6850,2.693,44665,1753864199999,120121.0910,307,39807,107053.2600,0
1753864200000,2.6930,2.6960,2.6900,2.696,25632,1753864259999,69016.5930,257,16978,45724.3790,0
1753864260000,2.6960,2.6970,2.6880,2.69,74906,1753864319999,201547.2920,290,9106,24515.9590,0
1753864320000,2.6890,2.6890,2.6860,2.689,21679,1753864379999,58271.8230,232,14971,40243.0240,0
1753864380000,2.6900,2.6910,2.6850,2.686,22894,1753864439999,61526.6380,214,11868,31901.9970,0
1753864440000,2.6850,2.6890,2.6850,2.689,19220,1753864499999,51663.2390,161,16711,44920.3230,0
1753864500000,2.6890,2.6960,2.6880,2.696,14884,1753864559999,40077.1180,166,12365,33297.4780,0
1753864560000,2.6960,2.7050,2.6960,2.702,34129,1753864619999,92190.0130,321,19796,53467.4090,0
1753864620000,2.7020,2.7060,2.7010,2.705,18016,1753864679999,48686.1120,161,10712,28950.8920,0
1753864680000,2.7060,2.7100,2.7050,2.71,21449,1753864739999,58085.4050,220,9048,24501.2980,0
1753864740000,2.7100,2.7120,2.7090,2.709,36278,1753864799999,98320.8670,199,7811,21173.8880,0
1753864800000,2.7080,2.7090,2.7060,2.708,19798,1753864859999,53612.5770,194,11957,32381.5700,0
1753864860000,2.7090,2.7110,2.7030,2.706,19855,1753864919999,53733.7590,333,7352,19901.2600,0
1753864920000,2.7070,2.7100,2.7070,2.71,24279,1753864979999,65767.1410,231,13151,35615.1440,0
1753864980000,2.7090,2.7100,2.7080,2.709,8953,1753865039999,24254.5480,171,3155,8547.5620,0
1753865040000,2.7080,2.7090,2.7050,2.709,15703,1753865099999,42502.0500,162,9300,25169.0460,0
1753865100000,2.7080,2.7100,2.7070,2.709,19208,1753865159999,52010.6720,226,10106,27362.3600,0
1753865160000,2.7090,2.7130,2.7080,2.709,31991,1753865219999,86689.0380,207,13733,37225.4230,0
1753865220000,2.7090,2.7150,2.7090,2.714,50214,1753865279999,136208.0790,249,43342,117563.4740,0
1753865280000,2.7140,2.7180,2.7130,2.713,106989,1753865339999,290554.2370,398,57777,156913.5890,0
1753865340000,2.7130,2.7140,2.7110,2.712,16550,1753865399999,44897.2220,176,7629,20696.0290,0
1753865400000,2.7120,2.7130,2.7050,2.709,44216,1753865459999,119757.0930,272,16043,43441.8420,0
1753865460000,2.7100,2.7120,2.7090,2.711,9638,1753865519999,26124.1380,106,4003,10851.1620,0
1753865520000,2.7110,2.7140,2.7100,2.71,32563,1753865579999,88308.3260,247,15897,43117.0980,0
1753865580000,2.7110,2.7140,2.7100,2.714,5882,1753865639999,15953.4390,140,5327,14447.3630,0
1753865640000,2.7140,2.7140,2.7090,2.71,25210,1753865699999,68364.5020,200,12292,33334.2840,0
1753865700000,2.7100,2.7100,2.7040,2.704,22450,1753865759999,60754.6990,179,12455,33706.0140,0
1753865760000,2.7040,2.7050,2.7030,2.705,11392,1753865819999,30805.0720,140,5411,14632.4970,0
1753865820000,2.7050,2.7050,2.7010,2.701,33274,1753865879999,89941.8480,206,12281,33183.6200,0
1753865880000,2.7020,2.7040,2.7000,2.7,27777,1753865939999,75034.0780,154,2717,7341.9850,0
1753865940000,2.7010,2.7020,2.6960,2.696,38135,1753865999999,102930.3650,203,11481,31012.2210,0
1753866000000,2.6950,2.7000,2.6920,2.692,52065,1753866059999,140356.4000,410,29613,79835.9360,0
1753866060000,2.6930,2.6940,2.6890,2.689,58598,1753866119999,157618.2470,238,9375,25237.8020,0
1753866120000,2.6890,2.6910,2.6860,2.688,48597,1753866179999,130657.1510,310,39368,105849.7170,0
1753866180000,2.6890,2.6950,2.6880,2.695,38299,1753866239999,103118.7120,305,30101,81045.6530,0
1753866240000,2.6940,2.6980,2.6920,2.692,42680,1753866299999,115013.8860,204,25367,68367.4470,0
1753866300000,2.6930,2.7000,2.6930,2.7,45327,1753866359999,122277.3530,248,17034,45945.5700,0
1753866360000,2.7010,2.7040,2.6980,2.703,18006,1753866419999,48619.7980,224,6406,17302.1730,0
1753866420000,2.7030,2.7030,2.6960,2.701,33925,1753866479999,91617.2860,209,5752,15527.9660,0
1753866480000,2.7010,2.7030,2.6990,2.699,13822,1753866539999,37324.1790,174,10051,27142.5300,0
1753866540000,2.6990,2.7010,2.6970,2.7,12981,1753866599999,35032.6300,178,4204,11347.8010,0
1753866600000,2.6990,2.7010,2.6940,2.694,39036,1753866659999,105249.5140,265,5818,15686.7090,0
1753866660000,2.6950,2.6950,2.6890,2.689,9452,1753866719999,25449.4860,210,2509,6758.7970,0
1753866720000,2.6880,2.6920,2.6870,2.687,15427,1753866779999,41483.4720,233,8600,23130.5460,0
1753866780000,2.6870,2.6920,2.6870,2.688,14220,1753866839999,38233.2010,198,8085,21736.4330,0
1753866840000,2.6880,2.6900,2.6870,2.687,12912,1753866899999,34718.2810,105,9583,25767.4450,0
1753866900000,2.6870,2.6900,2.6860,2.689,28198,1753866959999,75788.7730,244,7672,20627.8650,0
1753866960000,2.6880,2.6900,2.6860,2.69,11330,1753867019999,30453.6980,139,5374,14444.1290,0
1753867020000,2.6910,2.6910,2.6880,2.69,17346,1753867079999,46652.1080,143,2239,6023.3260,0
1753867080000,2.6900,2.6930,2.6900,2.69,9684,1753867139999,26065.3830,138,5451,14674.1500,0
1753867140000,2.6900,2.6910,2.6880,2.69,7610,1753867199999,20464.9790,103,3460,9305.2880,0
1753867200000,2.6900,2.6930,2.6880,2.688,16594,1753867259999,44654.5700,151,13115,35296.4120,0
1753867260000,2.6880,2.6890,2.6860,2.688,13222,1753867319999,35534.6910,159,10156,27296.1090,0
1753867320000,2.6880,2.6900,2.6870,2.689,9758,1753867379999,26239.1300,133,5449,14652.3550,0
1753867380000,2.6890,2.6890,2.6850,2.686,20222,1753867439999,54330.8530,142,8764,23544.6590,0
1753867440000,2.6870,2.6870,2.6820,2.683,9523,1753867499999,25562.1440,139,3599,9659.2240,0
1753867500000,2.6830,2.6850,2.6820,2.682,28196,1753867559999,75660.1970,131,10262,27541.9140,0
1753867560000,2.6830,2.6850,2.6820,2.682,6841,1753867619999,18359.9410,107,2219,5955.9890,0
1753867620000,2.6820,2.6840,2.6780,2.681,31140,1753867679999,83457.5950,242,5928,15892.8820,0
1753867680000,2.6800,2.6820,2.6800,2.68,11837,1753867739999,31730.7770,107,6562,17590.4120,0
1753867740000,2.6800,2.6810,2.6780,2.68,27876,1753867799999,74685.6050,182,10143,27175.0140,0
1753867800000,2.6800,2.6800,2.6710,2.671,86683,1753867859999,231722.1130,422,10532,28158.0170,0
1753867860000,2.6720,2.6740,2.6640,2.67,228995,1753867919999,611258.8620,886,71928,192042.4110,0
1753867920000,2.6700,2.6720,2.6690,2.67,37079,1753867979999,99033.2010,230,18867,50392.6020,0
1753867980000,2.6700,2.6750,2.6700,2.673,25400,1753868039999,67862.7760,215,10169,27169.3240,0
1753868040000,2.6730,2.6750,2.6720,2.673,12624,1753868099999,33749.0830,172,7545,20171.1290,0
1753868100000,2.6740,2.6780,2.6740,2.675,25527,1753868159999,68280.0030,224,12155,32514.0800,0
1753868160000,2.6750,2.6750,2.6690,2.669,44748,1753868219999,119547.4070,248,6508,17388.9030,0
1753868220000,2.6690,2.6700,2.6650,2.668,98834,1753868279999,263685.0610,358,24916,66500.0150,0
1753868280000,2.6690,2.6690,2.6650,2.668,43815,1753868339999,116840.0870,254,7333,19556.7230,0
1753868340000,2.6680,2.6710,2.6670,2.668,33452,1753868399999,89306.4580,218,16849,44990.9850,0
1753868400000,2.6680,2.6710,2.6650,2.665,33665,1753868459999,89796.8850,214,11823,31548.3160,0
1753868460000,2.6660,2.6680,2.6630,2.668,26149,1753868519999,69677.3380,297,13999,37306.6630,0
1753868520000,2.6690,2.6710,2.6650,2.667,47626,1753868579999,127050.7570,306,16262,43403.8950,0
1753868580000,2.6680,2.6710,2.6670,2.668,15063,1753868639999,40194.5100,192,6537,17444.4800,0
1753868640000,2.6670,2.6690,2.6660,2.666,87189,1753868699999,232574.2560,194,5643,15053.5910,0
1753868700000,2.6660,2.6690,2.6640,2.668,35644,1753868759999,95017.2440,281,30579,81512.1790,0
1753868760000,2.6680,2.6710,2.6670,2.668,14546,1753868819999,38818.0930,149,3212,8572.4850,0
1753868820000,2.6680,2.6740,2.6680,2.672,64877,1753868879999,173278.0590,237,44695,119366.8820,0
1753868880000,2.6710,2.6720,2.6680,2.668,38609,1753868939999,103080.1430,189,18744,50046.5100,0
1753868940000,2.6690,2.6730,2.6690,2.672,20117,1753868999999,53750.0600,141,7569,20225.6360,0
1753869000000,2.6710,2.6750,2.6700,2.675,17421,1753869059999,46562.1920,186,11056,29553.6940,0
1753869060000,2.6740,2.6760,2.6730,2.673,20960,1753869119999,56070.7260,166,17341,46390.9260,0
1753869120000,2.6740,2.6760,2.6710,2.671,104033,1753869179999,278222.2210,260,81121,216978.3240,0
1753869180000,2.6720,2.6730,2.6690,2.669,19352,1753869239999,51706.8410,130,10100,26994.6050,0
1753869240000,2.6690,2.6710,2.6670,2.668,59615,1753869299999,159066.8950,188,22622,60370.9800,0
1753869300000,2.6680,2.6740,2.6670,2.673,106075,1753869359999,283341.5720,319,48696,130065.4380,0
1753869360000,2.6720,2.6730,2.6680,2.671,58945,1753869419999,157421.2690,201,17362,46373.4440,0
1753869420000,2.6700,2.6720,2.6690,2.672,24705,1753869479999,65976.0020,164,16900,45143.4500,0
1753869480000,2.6720,2.6740,2.6710,2.671,18586,1753869539999,49667.7280,142,7542,20161.9780,0
1753869540000,2.6710,2.6710,2.6680,2.669,37724,1753869599999,100737.0080,96,6229,16625.2010,0
1753869600000,2.6690,2.6710,2.6680,2.67,24194,1753869659999,64588.1070,264,22892,61112.6090,0
1753869660000,2.6700,2.6700,2.6690,2.67,10692,1753869719999,28547.5080,152,6668,17803.5600,0
1753869720000,2.6710,2.6720,2.6690,2.669,20795,1753869779999,55524.8230,191,2902,7751.7560,0
1753869780000,2.6690,2.6750,2.6690,2.674,37458,1753869839999,100180.1600,194,34147,91328.9580,0
1753869840000,2.6740,2.6770,2.6740,2.676,10150,1753869899999,27148.8710,127,1607,4299.0510,0
1753869900000,2.6750,2.6780,2.6740,2.675,22443,1753869959999,60044.5500,151,10040,26859.2700,0
1753869960000,2.6750,2.6760,2.6730,2.676,13214,1753870019999,35339.2950,137,7032,18808.6270,0
1753870020000,2.6750,2.6770,2.6730,2.674,11011,1753870079999,29453.1530,158,5871,15705.0230,0
1753870080000,2.6730,2.6740,2.6660,2.672,68764,1753870139999,183504.1920,310,23778,63463.5580,0
1753870140000,2.6710,2.6720,2.6700,2.67,4904,1753870199999,13097.4380,71,1208,3226.5790,0
1753870200000,2.6710,2.6740,2.6700,2.674,5537,1753870259999,14791.1770,152,3695,9871.2200,0
1753870260000,2.6740,2.6780,2.6740,2.677,19905,1753870319999,53265.6100,258,9601,25693.3020,0
1753870320000,2.6780,2.6800,2.6760,2.676,19952,1753870379999,53441.8430,194,4277,11458.3540,0
1753870380000,2.6760,2.6770,2.6740,2.674,19596,1753870439999,52423.5170,149,2127,5692.4150,0
1753870440000,2.6740,2.6750,2.6720,2.675,7987,1753870499999,21355.5060,144,6997,18709.3210,0
1753870500000,2.6760,2.6770,2.6740,2.675,16438,1753870559999,43984.1240,202,8331,22290.7340,0
1753870560000,2.6750,2.6790,2.6740,2.677,21432,1753870619999,57355.3560,166,8093,21650.5080,0
1753870620000,2.6760,2.6770,2.6700,2.67,60528,1753870679999,161792.2640,217,1391,3723.6980,0
1753870680000,2.6710,2.6760,2.6700,2.674,22419,1753870739999,59927.6530,186,18183,48601.0180,0
1753870740000,2.6750,2.6810,2.6750,2.68,24123,1753870799999,64591.6480,122,16418,43962.0560,0
1753870800000,2.6800,2.6800,2.6770,2.68,12734,1753870859999,34117.6540,141,9111,24410.4840,0
1753870860000,2.6800,2.6820,2.6780,2.681,5446,1753870919999,14597.2690,141,3344,8963.7350,0
1753870920000,2.6810,2.6840,2.6780,2.679,15303,1753870979999,41033.3350,163,6368,17070.6490,0
1753870980000,2.6800,2.6820,2.6800,2.682,5642,1753871039999,15122.7400,94,3960,10614.9800,0
1753871040000,2.6820,2.6850,2.6810,2.684,8912,1753871099999,23909.4280,117,3318,8902.3250,0
1753871100000,2.6850,2.6880,2.6840,2.688,14300,1753871159999,38409.9050,158,9398,25242.0820,0
1753871160000,2.6880,2.6880,2.6810,2.682,24157,1753871219999,64856.0060,183,8252,22155.9980,0
1753871220000,2.6830,2.6830,2.6800,2.681,6243,1753871279999,16739.5910,116,1648,4418.8920,0
1753871280000,2.6810,2.6840,2.6800,2.683,7679,1753871339999,20594.0050,140,5809,15578.7140,0
1753871340000,2.6840,2.6850,2.6800,2.68,4849,1753871399999,13007.9660,104,2244,6019.5960,0
1753871400000,2.6790,2.6790,2.6720,2.672,18895,1753871459999,50552.4180,212,1876,5017.0400,0
1753871460000,2.6720,2.6780,2.6720,2.677,11207,1753871519999,29981.8850,201,6917,18503.1020,0
1753871520000,2.6770,2.6800,2.6740,2.68,24168,1753871579999,64715.3590,201,19016,50923.9980,0
1753871580000,2.6800,2.6840,2.6800,2.684,17440,1753871639999,46748.4880,174,16133,43245.3910,0
1753871640000,2.6840,2.6840,2.6770,2.677,27495,1753871699999,73726.7650,145,2253,6037.8860,0
1753871700000,2.6780,2.6810,2.6780,2.681,12761,1753871759999,34203.8790,177,4195,11242.1060,0
1753871760000,2.6810,2.6830,2.6800,2.682,9139,1753871819999,24509.2010,101,4969,13326.5840,0
1753871820000,2.6820,2.6850,2.6800,2.68,19059,1753871879999,51140.8830,163,11660,31288.8200,0
1753871880000,2.6810,2.6810,2.6800,2.68,7231,1753871939999,19381.9510,135,3143,8425.0430,0
1753871940000,2.6810,2.6830,2.6800,2.683,7949,1753871999999,21313.3410,113,6371,17082.5750,0
1753872000000,2.6830,2.6840,2.6820,2.683,5418,1753872059999,14534.6380,91,1618,4340.4370,0
1753872060000,2.6830,2.6830,2.6790,2.68,16515,1753872119999,44270.3490,144,9002,24131.9960,0
1753872120000,2.6810,2.6810,2.6740,2.675,9640,1753872179999,25817.5700,177,2735,7328.4210,0
1753872180000,2.6750,2.6780,2.6750,2.678,15991,1753872239999,42782.6800,144,15184,40623.9550,0
1753872240000,2.6780,2.6780,2.6740,2.674,10907,1753872299999,29184.1950,171,5964,15956.8950,0
1753872300000,2.6740,2.6770,2.6740,2.677,6170,1753872359999,16506.7390,145,3429,9174.4330,0
1753872360000,2.6770,2.6790,2.6760,2.678,11722,1753872419999,31382.7520,131,4262,11411.2770,0
1753872420000,2.6780,2.6780,2.6710,2.674,9562,1753872479999,25576.3840,170,2028,5422.6800,0
1753872480000,2.6740,2.6740,2.6700,2.67,4652,1753872539999,12431.0820,84,750,2004.0380,0
1753872540000,2.6700,2.6700,2.6660,2.666,34699,1753872599999,92595.0560,273,21868,58358.4880,0
1753872600000,2.6660,2.6660,2.6590,2.66,88911,1753872659999,236701.4790,343,4771,12703.3470,0
1753872660000,2.6590,2.6590,2.6530,2.654,92962,1753872719999,246942.8030,419,19218,51064.4640,0
1753872720000,2.6540,2.6550,2.6500,2.651,142461,1753872779999,377739.3520,550,20510,54401.7270,0
1753872780000,2.6510,2.6540,2.6440,2.652,194265,1753872839999,514381.8420,735,51383,136159.5220,0
1753872840000,2.6520,2.6530,2.6500,2.651,35186,1753872899999,93316.7070,157,18766,49771.6740,0
1753872900000,2.6510,2.6520,2.6480,2.648,43096,1753872959999,114188.9630,206,14484,38365.7410,0
1753872960000,2.6490,2.6490,2.6450,2.647,25472,1753873019999,67422.3440,170,7891,20889.4130,0
1753873020000,2.6470,2.6530,2.6460,2.651,52499,1753873079999,139073.1790,256,35127,93071.8640,0
1753873080000,2.6520,2.6540,2.6480,2.649,51233,1753873139999,135781.6870,372,28336,75081.4320,0
1753873140000,2.6480,2.6500,2.6430,2.65,63658,1753873199999,168423.3160,308,32301,85473.9980,0
1753873200000,2.6510,2.6530,2.6480,2.648,27804,1753873259999,73723.0380,324,15907,42185.9510,0
1753873260000,2.6470,2.6520,2.6470,2.652,40296,1753873319999,106757.3530,164,30160,79912.7700,0
1753873320000,2.6520,2.6530,2.6500,2.652,33510,1753873379999,88868.4060,222,12102,32096.6660,0
1753873380000,2.6530,2.6570,2.6530,2.654,43310,1753873439999,114967.4000,197,16377,43481.2860,0
1753873440000,2.6540,2.6560,2.6530,2.654,14701,1753873499999,39028.6820,110,7293,19362.7700,0
1753873500000,2.6550,2.6610,2.6540,2.66,28637,1753873559999,76103.0260,191,18881,50175.4310,0
1753873560000,2.6600,2.6600,2.6540,2.657,45976,1753873619999,122159.4210,241,13740,36495.3130,0
1753873620000,2.6570,2.6590,2.6550,2.656,13050,1753873679999,34667.8510,136,3174,8432.7670,0
1753873680000,2.6560,2.6590,2.6560,2.659,10438,1753873739999,27747.3810,97,9114,24227.9790,0
1753873740000,2.6590,2.6600,2.6570,2.659,10955,1753873799999,29124.2930,128,8080,21481.4500,0
1753873800000,2.6600,2.6610,2.6580,2.661,44582,1753873859999,118554.0250,166,22144,58892.3590,0
1753873860000,2.6620,2.6670,2.6610,2.662,36169,1753873919999,96384.8300,271,27476,73218.2340,0
1753873920000,2.6620,2.6630,2.6610,2.661,14318,1753873979999,38112.1790,148,2766,7363.3810,0
1753873980000,2.6610,2.6630,2.6580,2.658,52957,1753874039999,140892.2630,221,33331,88686.2380,0
1753874040000,2.6580,2.6590,2.6570,2.657,13257,1753874099999,35237.7420,166,8298,22060.9170,0
1753874100000,2.6580,2.6600,2.6550,2.655,26741,1753874159999,71067.6800,707,9052,24069.0050,0
1753874160000,2.6550,2.6570,2.6510,2.651,12236,1753874219999,32480.4810,196,3247,8622.2180,0
1753874220000,2.6520,2.6520,2.6400,2.647,111049,1753874279999,293712.5460,679,43430,114901.5780,0
1753874280000,2.6470,2.6500,2.6420,2.642,54034,1753874339999,142973.9690,302,28362,75091.6690,0
1753874340000,2.6430,2.6440,2.6360,2.64,202088,1753874399999,533517.6320,797,83660,220877.9440,0
1753874400000,2.6400,2.6410,2.6370,2.641,99461,1753874459999,262462.7870,398,37570,99168.0250,0
1753874460000,2.6400,2.6450,2.6400,2.645,61896,1753874519999,163580.2910,264,47498,125530.6130,0
1753874520000,2.6450,2.6470,2.6420,2.645,27671,1753874579999,73189.7610,211,11518,30470.3170,0
1753874580000,2.6460,2.6460,2.6400,2.643,55098,1753874639999,145620.5300,232,10337,27312.5700,0
1753874640000,2.6440,2.6440,2.6340,2.636,120346,1753874699999,317369.0410,427,19205,50652.3340,0
1753874700000,2.6360,2.6380,2.6300,2.633,171282,1753874759999,451060.6870,733,68885,181414.3900,0
1753874760000,2.6330,2.6340,2.6290,2.63,121186,1753874819999,318894.3370,627,37790,99450.8490,0
1753874820000,2.6290,2.6320,2.6280,2.631,79281,1753874879999,208457.3230,383,29915,78674.6070,0
1753874880000,2.6310,2.6380,2.6310,2.634,64318,1753874939999,169426.1110,453,43474,114520.6930,0
1753874940000,2.6350,2.6370,2.6300,2.631,57620,1753874999999,151642.1670,257,20180,53095.1370,0
1753875000000,2.6320,2.6360,2.6310,2.634,45799,1753875059999,120607.6170,890,34027,89609.1980,0
1753875060000,2.6340,2.6340,2.6320,2.634,47336,1753875119999,124652.8930,216,19348,50960.3520,0
1753875120000,2.6340,2.6380,2.6330,2.633,40965,1753875179999,107979.0980,260,26744,70503.5120,0
1753875180000,2.6340,2.6430,2.6340,2.642,49756,1753875239999,131317.8270,281,36426,96138.5650,0
1753875240000,2.6410,2.6420,2.6370,2.637,70622,1753875299999,186418.9710,269,20173,53254.7060,0
1753875300000,2.6370,2.6400,2.6360,2.638,24804,1753875359999,65427.6260,240,9524,25125.6880,0
1753875360000,2.6390,2.6400,2.6330,2.634,46450,1753875419999,122503.8600,245,7840,20681.9790,0
1753875420000,2.6340,2.6360,2.6310,2.633,64484,1753875479999,169775.7840,264,20477,53928.4620,0
1753875480000,2.6330,2.6350,2.6300,2.632,122979,1753875539999,323500.9160,299,19223,50598.1240,0
1753875540000,2.6320,2.6360,2.6310,2.635,26079,1753875599999,68670.8480,306,22248,58589.8980,0
1753875600000,2.6360,2.6400,2.6330,2.633,56919,1753875659999,150157.4670,261,48397,127693.3230,0
1753875660000,2.6330,2.6330,2.6270,2.627,38959,1753875719999,102487.1980,317,13825,36369.6760,0
1753875720000,2.6280,2.6310,2.6260,2.63,56595,1753875779999,148727.3390,394,34516,90721.5060,0
1753875780000,2.6300,2.6310,2.6240,2.625,76244,1753875839999,200159.9840,306,12043,31618.2230,0
1753875840000,2.6240,2.6250,2.6210,2.621,140946,1753875899999,369753.8620,422,66863,175405.2060,0
1753875900000,2.6210,2.6240,2.6190,2.623,76013,1753875959999,199217.0970,918,23115,60594.0450,0
1753875960000,2.6240,2.6260,2.6210,2.625,42455,1753876019999,111385.0770,361,17637,46285.8610,0
1753876020000,2.6260,2.6270,2.6210,2.621,62861,1753876079999,165004.5030,256,26949,70754.3350,0
1753876080000,2.6220,2.6300,2.6210,2.625,43276,1753876139999,113635.4300,301,34830,91445.8340,0
1753876140000,2.6250,2.6260,2.6090,2.611,462264,1753876199999,1208843.7640,1264,98140,256487.5040,0
1753876200000,2.6110,2.6150,2.6050,2.611,191349,1753876259999,499286.6170,916,82764,215980.9790,0
1753876260000,2.6110,2.6120,2.6050,2.609,123959,1753876319999,323381.8360,535,32084,83704.0110,0
1753876320000,2.6090,2.6200,2.6090,2.616,108537,1753876379999,283816.0420,581,68884,180136.7810,0
1753876380000,2.6160,2.6160,2.6110,2.612,55813,1753876439999,145897.4670,315,26675,69722.0170,0
1753876440000,2.6120,2.6140,2.6090,2.611,77516,1753876499999,202358.6980,341,34704,90607.1210,0
1753876500000,2.6110,2.6130,2.6060,2.608,86689,1753876559999,226190.3300,421,17605,45951.7410,0
1753876560000,2.6070,2.6110,2.6070,2.611,94249,1753876619999,245947.4080,522,54507,142235.8350,0
1753876620000,2.6110,2.6180,2.6110,2.617,149255,1753876679999,390425.6060,457,119296,312071.6070,0
1753876680000,2.6170,2.6240,2.6170,2.622,57840,1753876739999,151631.9850,337,29145,76398.1350,0
1753876740000,2.6230,2.6230,2.6190,2.621,13713,1753876799999,35949.3190,170,6748,17692.4390,0
1753876800000,2.6210,2.6240,2.6200,2.62,76906,1753876859999,201621.1170,934,46358,121541.2960,0
1753876860000,2.6200,2.6210,2.6130,2.614,72504,1753876919999,189819.3820,364,27939,73148.7130,0
1753876920000,2.6150,2.6220,2.6150,2.616,69202,1753876979999,181195.8510,399,43765,114603.9360,0
1753876980000,2.6160,2.6180,2.6130,2.616,13559,1753877039999,35472.9610,202,4037,10561.8390,0
1753877040000,2.6150,2.6180,2.6120,2.613,36963,1753877099999,96667.2840,281,17689,46274.1420,0
1753877100000,2.6120,2.6150,2.6090,2.609,16330,1753877159999,42660.9480,248,3980,10398.4780,0
1753877160000,2.6100,2.6110,2.6060,2.607,50730,1753877219999,132297.9390,376,16023,41801.5500,0
1753877220000,2.6070,2.6110,2.6060,2.61,31326,1753877279999,81732.3950,287,9737,25410.2400,0
1753877280000,2.6100,2.6150,2.6090,2.613,17431,1753877339999,45514.4090,256,7526,19656.5320,0
1753877340000,2.6140,2.6140,2.6080,2.61,32960,1753877399999,86033.1830,194,13623,35556.9770,0
1753877400000,2.6090,2.6130,2.6090,2.61,27885,1753877459999,72811.2780,299,11235,29343.2350,0
1753877460000,2.6100,2.6110,2.6060,2.608,24983,1753877519999,65150.3750,260,8748,22821.2210,0
1753877520000,2.6080,2.6150,2.6080,2.61,35072,1753877579999,91571.3670,385,18811,49111.0620,0
1753877580000,2.6110,2.6150,2.6090,2.613,31503,1753877639999,82283.2480,315,10255,26794.7420,0
1753877640000,2.6130,2.6140,2.6120,2.612,46271,1753877699999,120903.8120,215,8772,22926.6630,0
1753877700000,2.6120,2.6120,2.5980,2.6,139457,1753877759999,362819.1290,1281,40103,104415.5620,0
1753877760000,2.6010,2.6090,2.6010,2.606,63715,1753877819999,166071.4920,427,43553,113502.7050,0
1753877820000,2.6060,2.6110,2.6060,2.61,64052,1753877879999,167062.0910,295,11220,29271.8990,0
1753877880000,2.6100,2.6200,2.6090,2.613,178127,1753877939999,466191.8100,522,103557,271000.4070,0
1753877940000,2.6130,2.6150,2.6100,2.612,45062,1753877999999,117735.9380,296,22248,58134.8670,0
1753878000000,2.6120,2.6180,2.6100,2.616,29709,1753878059999,77675.1710,284,18743,49011.8570,0
1753878060000,2.6160,2.6230,2.6160,2.623,105293,1753878119999,275738.5570,412,88554,231889.8130,0
1753878120000,2.6220,2.6380,2.6220,2.638,440582,1753878179999,1158884.4510,1196,313605,824788.1930,0
1753878180000,2.6380,2.6410,2.6360,2.64,187538,1753878239999,494687.2530,515,85837,226421.6480,0
1753878240000,2.6400,2.6420,2.6360,2.642,42564,1753878299999,112348.7240,300,33282,87856.4620,0
1753878300000,2.6420,2.6480,2.6410,2.641,68233,1753878359999,180492.1050,498,51467,136139.9760,0
1753878360000,2.6410,2.6490,2.6400,2.646,166217,1753878419999,439662.6090,453,64306,170134.5230,0
1753878420000,2.6460,2.6460,2.6400,2.64,29072,1753878479999,76826.1090,244,17719,46820.3450,0
1753878480000,2.6400,2.6410,2.6360,2.637,36423,1753878539999,96065.6700,261,15308,40380.1040,0
1753878540000,2.6370,2.6390,2.6340,2.639,57120,1753878599999,150555.6390,270,24056,63413.7630,0
1753878600000,2.6390,2.6430,2.6360,2.638,89673,1753878659999,236761.3810,500,60282,159171.0110,0
1753878660000,2.6380,2.6380,2.6290,2.629,54967,1753878719999,144640.1260,355,36111,95021.1870,0
1753878720000,2.6300,2.6300,2.6210,2.621,94020,1753878779999,246840.0170,415,24659,64747.1160,0
1753878780000,2.6210,2.6260,2.6190,2.623,56544,1753878839999,148336.4530,341,27700,72677.6130,0
1753878840000,2.6230,2.6280,2.6220,2.625,35278,1753878899999,92622.7310,300,23524,61767.6560,0
1753878900000,2.6250,2.6260,2.6190,2.62,48839,1753878959999,128124.1280,242,14092,36961.3910,0
1753878960000,2.6200,2.6210,2.6150,2.616,59914,1753879019999,156824.4770,262,9235,24183.9660,0
1753879020000,2.6160,2.6230,2.6150,2.621,31162,1753879079999,81628.7420,315,14087,36894.5360,0
1753879080000,2.6230,2.6280,2.6220,2.626,58842,1753879139999,154436.4800,291,14800,38846.2640,0
1753879140000,2.6250,2.6290,2.6220,2.629,108079,1753879199999,283580.0700,330,20984,55082.1540,0
1753879200000,2.6290,2.6330,2.6250,2.628,70040,1753879259999,184162.6880,333,34268,90108.8670,0
1753879260000,2.6270,2.6310,2.6260,2.631,46669,1753879319999,122649.7850,376,21792,57278.5990,0
1753879320000,2.6300,2.6360,2.6160,2.617,298242,1753879379999,783657.1750,1037,40597,106443.8020,0
1753879380000,2.6170,2.6240,2.6170,2.619,43209,1753879439999,113260.5920,281,29382,77014.5110,0
1753879440000,2.6190,2.6220,2.6160,2.616,74595,1753879499999,195358.8460,327,42878,112310.9270,0
1753879500000,2.6170,2.6200,2.6140,2.618,160118,1753879559999,418843.9630,428,56069,146709.4770,0
1753879560000,2.6170,2.6200,2.6140,2.619,47458,1753879619999,124136.0910,298,16927,44277.7720,0
1753879620000,2.6190,2.6250,2.6190,2.622,18972,1753879679999,49733.7380,263,6608,17325.0240,0
1753879680000,2.6220,2.6230,2.6170,2.621,22942,1753879739999,60096.8300,212,7620,19954.7010,0
1753879740000,2.6210,2.6240,2.6200,2.622,16201,1753879799999,42481.9360,192,4828,12660.5320,0
1753879800000,2.6220,2.6240,2.6190,2.621,12311,1753879859999,32277.6370,130,4005,10498.4290,0
1753879860000,2.6210,2.6260,2.6190,2.626,25852,1753879919999,67819.0920,265,20468,53695.8530,0
1753879920000,2.6250,2.6270,2.6230,2.627,33143,1753879979999,87003.2170,180,24919,65420.3180,0
1753879980000,2.6270,2.6330,2.6270,2.631,40217,1753880039999,105748.5000,295,24356,64041.8220,0
1753880040000,2.6300,2.6300,2.6250,2.626,44980,1753880099999,118189.7820,234,14671,38532.7720,0
1753880100000,2.6260,2.6310,2.6250,2.631,27310,1753880159999,71762.8540,214,24315,63894.4580,0
1753880160000,2.6310,2.6340,2.6300,2.634,24041,1753880219999,63281.0570,263,11157,29368.4940,0
1753880220000,2.6340,2.6350,2.6260,2.629,32754,1753880279999,86116.6290,285,9009,23674.0750,0
1753880280000,2.6290,2.6300,2.6240,2.629,16911,1753880339999,44424.7150,181,12084,31743.1870,0
1753880340000,2.6290,2.6290,2.6230,2.623,23277,1753880399999,61138.4140,128,688,1807.8320,0
1753880400000,2.6230,2.6270,2.6230,2.624,26286,1753880459999,68999.9690,328,18183,47731.2880,0
1753880460000,2.6240,2.6300,2.6240,2.626,26311,1753880519999,69117.6310,317,20653,54254.8050,0
1753880520000,2.6260,2.6260,2.6210,2.621,37959,1753880579999,99595.7100,255,12168,31943.7330,0
1753880580000,2.6210,2.6250,2.6210,2.622,24097,1753880639999,63199.9460,235,5892,15452.2400,0
1753880640000,2.6230,2.6280,2.6180,2.618,97895,1753880699999,256798.5880,422,67970,178312.3470,0
1753880700000,2.6180,2.6200,2.6120,2.619,89450,1753880759999,233907.6260,528,35572,93040.0200,0
1753880760000,2.6190,2.6330,2.6180,2.632,96204,1753880819999,252529.6810,647,75604,198437.6000,0
1753880820000,2.6320,2.6320,2.6210,2.623,52902,1753880879999,138949.1910,373,16211,42588.9570,0
1753880880000,2.6240,2.6250,2.6210,2.621,12509,1753880939999,32807.5200,205,3841,10073.9440,0
1753880940000,2.6210,2.6240,2.6190,2.623,16879,1753880999999,44245.2570,186,8911,23359.0860,0
1753881000000,2.6230,2.6240,2.6170,2.619,28858,1753881059999,75642.5190,238,11259,29518.0500,0
1753881060000,2.6200,2.6200,2.6160,2.62,73989,1753881119999,193727.9710,387,59182,154956.8360,0
1753881120000,2.6200,2.6260,2.6200,2.623,41181,1753881179999,107974.6950,401,21715,56927.4870,0
1753881180000,2.6220,2.6250,2.6200,2.622,14558,1753881239999,38182.3930,206,5746,15069.4150,0
1753881240000,2.6220,2.6230,2.6080,2.614,79335,1753881299999,207277.8580,561,24616,64297.7470,0
1753881300000,2.6150,2.6200,2.6120,2.617,81397,1753881359999,212960.7390,487,46175,120822.8290,0
1753881360000,2.6170,2.6280,2.6160,2.627,85768,1753881419999,224873.8810,443,63278,165964.1600,0
1753881420000,2.6270,2.6270,2.6180,2.621,39508,1753881479999,103629.6690,312,14380,37712.8330,0
1753881480000,2.6210,2.6250,2.6170,2.624,59719,1753881539999,156597.9920,332,46653,122349.0690,0
1753881540000,2.6240,2.6260,2.6180,2.619,47956,1753881599999,125731.2370,289,10105,26485.0490,0
1753881600000,2.6180,2.6210,2.6150,2.616,23100,1753881659999,60498.2130,241,10567,27679.3560,0
1753881660000,2.6160,2.6190,2.6120,2.615,40239,1753881719999,105240.2420,321,14160,37053.8030,0
1753881720000,2.6150,2.6170,2.6090,2.612,26968,1753881779999,70471.0250,259,9341,24412.7340,0
1753881780000,2.6120,2.6120,2.6050,2.605,56149,1753881839999,146406.1260,223,5719,14917.2850,0
1753881840000,2.6060,2.6090,2.6050,2.608,18237,1753881899999,47529.9500,236,8340,21741.7770,0
1753881900000,2.6090,2.6170,2.6090,2.616,23128,1753881959999,60417.9070,257,14396,37609.6480,0
1753881960000,2.6160,2.6170,2.6100,2.612,40393,1753882019999,105543.8710,250,7113,18575.9740,0
1753882020000,2.6120,2.6120,2.6070,2.609,66874,1753882079999,174486.8530,306,15120,39451.7940,0
1753882080000,2.6100,2.6120,2.6090,2.609,19354,1753882139999,50519.7990,136,11988,31290.8640,0
1753882140000,2.6090,2.6110,2.6060,2.609,35189,1753882199999,91807.6120,164,20302,52969.7800,0
1753882200000,2.6090,2.6130,2.6070,2.611,51282,1753882259999,133847.2510,313,21022,54860.9580,0
1753882260000,2.6110,2.6180,2.6100,2.611,55315,1753882319999,144556.3310,381,22509,58825.5390,0
1753882320000,2.6110,2.6120,2.6070,2.609,52205,1753882379999,136207.3990,325,9298,24261.8090,0
1753882380000,2.6100,2.6160,2.6100,2.616,43966,1753882439999,114899.6160,306,26894,70277.0590,0
1753882440000,2.6160,2.6170,2.6130,2.616,64769,1753882499999,169396.8190,307,33908,88686.2470,0
1753882500000,2.6170,2.6260,2.6160,2.623,101277,1753882559999,265607.2030,469,52194,136886.5830,0
1753882560000,2.6230,2.6230,2.6190,2.622,55084,1753882619999,144376.4820,310,23860,62543.3280,0
1753882620000,2.6220,2.6240,2.6180,2.622,44065,1753882679999,115547.2990,313,33924,88964.4360,0
1753882680000,2.6220,2.6270,2.6190,2.626,34696,1753882739999,90988.5030,317,17096,44838.6290,0
1753882740000,2.6260,2.6300,2.6230,2.623,96117,1753882799999,252617.5320,476,47079,123744.7330,0
1753882800000,2.6230,2.6250,2.6220,2.624,25490,1753882859999,66870.9030,198,11039,28959.8410,0
1753882860000,2.6240,2.6270,2.6230,2.624,11761,1753882919999,30870.5970,217,9761,25620.3010,0
1753882920000,2.6230,2.6240,2.6150,2.615,21258,1753882979999,55686.0910,231,13685,35853.1810,0
1753882980000,2.6160,2.6200,2.6150,2.618,15497,1753883039999,40559.2820,224,10907,28546.6660,0
1753883040000,2.6180,2.6200,2.6180,2.619,21373,1753883099999,55971.6280,198,7595,19892.6450,0
1753883100000,2.6180,2.6270,2.6180,2.626,26072,1753883159999,68418.1740,310,16895,44337.9040,0
1753883160000,2.6270,2.6340,2.6270,2.634,56446,1753883219999,148546.9990,326,44279,116550.6370,0
1753883220000,2.6340,2.6340,2.6220,2.622,78769,1753883279999,207105.4440,410,17308,45525.2700,0
1753883280000,2.6230,2.6260,2.6220,2.624,23585,1753883339999,61884.3270,210,12540,32903.4750,0
1753883340000,2.6240,2.6240,2.6140,2.614,16780,1753883399999,43934.6560,218,3417,8946.7820,0
1753883400000,2.6140,2.6150,2.6100,2.611,21375,1753883459999,55823.1060,215,13420,35046.7060,0
1753883460000,2.6110,2.6170,2.6100,2.614,23449,1753883519999,61296.2950,227,16841,44024.2380,0
1753883520000,2.6150,2.6210,2.6140,2.62,42933,1753883579999,112326.1030,316,21464,56162.9200,0
1753883580000,2.6210,2.6220,2.6190,2.62,24698,1753883639999,64707.1900,148,6049,15849.2990,0
1753883640000,2.6200,2.6210,2.6170,2.621,31649,1753883699999,82901.9280,166,7187,18826.6960,0
1753883700000,2.6210,2.6240,2.6210,2.624,27599,1753883759999,72397.3760,238,22689,59515.4800,0
1753883760000,2.6250,2.6250,2.6170,2.617,21868,1753883819999,57328.2550,235,5035,13197.2040,0
1753883820000,2.6170,2.6340,2.6170,2.63,195907,1753883879999,514461.6730,834,158037,414864.3400,0
1753883880000,2.6300,2.6320,2.6260,2.631,69478,1753883939999,182598.8360,280,16733,43979.4730,0
1753883940000,2.6310,2.6330,2.6280,2.628,20107,1753883999999,52874.4420,169,7080,18619.7700,0
1753884000000,2.6280,2.6290,2.6230,2.623,33760,1753884059999,88653.6730,266,11139,29253.7300,0
1753884060000,2.6220,2.6270,2.6210,2.625,25691,1753884119999,67403.0200,313,5856,15369.6320,0
1753884120000,2.6250,2.6250,2.6220,2.624,27490,1753884179999,72127.8270,199,4806,12608.9540,0
1753884180000,2.6240,2.6240,2.6200,2.621,19048,1753884239999,49947.6080,161,6131,16078.6400,0
1753884240000,2.6200,2.6230,2.6200,2.623,13080,1753884299999,34297.9270,215,4459,11692.5210,0
1753884300000,2.6240,2.6280,2.6210,2.626,60683,1753884359999,159200.5060,328,14388,37760.0150,0
1753884360000,2.6250,2.6270,2.6210,2.624,22971,1753884419999,60255.4160,185,4957,13005.9090,0
1753884420000,2.6240,2.6240,2.6190,2.622,18597,1753884479999,48758.9940,186,7709,20215.3020,0
1753884480000,2.6230,2.6240,2.6210,2.621,11331,1753884539999,29723.3250,158,5900,15477.5950,0
1753884540000,2.6220,2.6270,2.6220,2.624,22523,1753884599999,59116.8260,288,14279,37477.5540,0
1753884600000,2.6230,2.6230,2.6190,2.621,29704,1753884659999,77847.4670,215,6949,18206.3750,0
1753884660000,2.6220,2.6230,2.6160,2.616,19366,1753884719999,50754.1940,246,4499,11794.2800,0
1753884720000,2.6160,2.6190,2.6130,2.619,34334,1753884779999,89793.5820,347,12570,32882.3600,0
1753884780000,2.6190,2.6220,2.6180,2.622,19420,1753884839999,50877.4980,251,16649,43618.6410,0
1753884840000,2.6220,2.6260,2.6210,2.626,29916,1753884899999,78525.2650,196,22806,59865.2050,0
1753884900000,2.6270,2.6330,2.6250,2.625,34537,1753884959999,90791.1990,310,16532,43461.0250,0
1753884960000,2.6260,2.6270,2.6220,2.623,8200,1753885019999,21521.9720,183,2761,7247.4390,0
1753885020000,2.6240,2.6260,2.6190,2.622,7568,1753885079999,19843.0870,171,2753,7220.5790,0
1753885080000,2.6210,2.6280,2.6210,2.628,14103,1753885139999,37014.3910,193,11107,29149.2140,0
1753885140000,2.6280,2.6290,2.6250,2.626,31104,1753885199999,81702.8820,240,7015,18423.7150,0
1753885200000,2.6260,2.6300,2.6240,2.63,16915,1753885259999,44425.3090,232,8046,21135.4350,0
1753885260000,2.6310,2.6380,2.6300,2.638,57732,1753885319999,152019.4080,392,34605,91142.0730,0
1753885320000,2.6360,2.6380,2.6330,2.638,28276,1753885379999,74522.9260,235,9010,23748.8040,0
1753885380000,2.6380,2.6420,2.6370,2.642,33148,1753885439999,87515.2180,247,20165,53236.7910,0
1753885440000,2.6420,2.6420,2.6310,2.632,39577,1753885499999,104236.9000,294,7473,19694.4860,0
1753885500000,2.6320,2.6340,2.6280,2.633,25899,1753885559999,68171.1290,276,12281,32330.0840,0
1753885560000,2.6330,2.6330,2.6280,2.631,28373,1753885619999,74621.5350,201,6311,16599.1960,0
1753885620000,2.6300,2.6300,2.6240,2.625,13345,1753885679999,35049.4660,188,3197,8400.7080,0
1753885680000,2.6250,2.6270,2.6230,2.623,6937,1753885739999,18216.8910,154,4757,12493.4930,0
1753885740000,2.6230,2.6250,2.6220,2.624,31165,1753885799999,81768.7250,205,21751,57073.8740,0
1753885800000,2.6250,2.6300,2.6240,2.63,34987,1753885859999,91900.2570,307,24261,63739.3200,0
1753885860000,2.6300,2.6300,2.6260,2.63,10866,1753885919999,28564.0280,185,4915,12922.0690,0
1753885920000,2.6310,2.6350,2.6270,2.63,45486,1753885979999,119616.6060,349,25022,65822.5010,0
1753885980000,2.6310,2.6320,2.6280,2.629,6261,1753886039999,16466.8820,149,2863,7530.8260,0
1753886040000,2.6300,2.6310,2.6260,2.627,20535,1753886099999,53984.9740,194,9522,25040.4700,0
1753886100000,2.6270,2.6270,2.6220,2.622,9395,1753886159999,24667.8060,152,4536,11910.8830,0
1753886160000,2.6230,2.6250,2.6200,2.623,27666,1753886219999,72556.8790,204,7369,19335.7080,0
1753886220000,2.6240,2.6290,2.6240,2.628,18183,1753886279999,47774.2980,232,7529,19774.5110,0
1753886280000,2.6280,2.6310,2.6260,2.626,17710,1753886339999,46547.5120,171,6436,16919.7940,0
1753886340000,2.6260,2.6280,2.6240,2.628,23568,1753886399999,61862.0350,165,15416,40466.4990,0
1753886400000,2.6270,2.6370,2.6270,2.637,42718,1753886459999,112451.1460,283,31745,83560.1460,0
1753886460000,2.6370,2.6390,2.6310,2.633,47828,1753886519999,126079.3680,317,29053,76609.2300,0
1753886520000,2.6330,2.6330,2.6300,2.631,13158,1753886579999,34630.1610,173,4421,11634.5900,0
1753886580000,2.6310,2.6380,2.6310,2.637,17604,1753886639999,46388.5840,174,5906,15564.6220,0
1753886640000,2.6360,2.6380,2.6350,2.637,22199,1753886699999,58532.4540,173,11962,31541.0400,0
1753886700000,2.6370,2.6390,2.6320,2.639,22786,1753886759999,60072.2430,240,16992,44804.4350,0
1753886760000,2.6380,2.6430,2.6360,2.642,42490,1753886819999,112173.9930,209,28863,76208.3640,0
1753886820000,2.6410,2.6430,2.6390,2.642,15142,1753886879999,39996.7750,178,5850,15450.6680,0
1753886880000,2.6420,2.6510,2.6410,2.646,191785,1753886939999,507753.9520,657,142246,376599.3330,0
1753886940000,2.6460,2.6490,2.6460,2.646,57303,1753886999999,151730.1290,291,28872,76457.2640,0
1753887000000,2.6460,2.6570,2.6460,2.656,53943,1753887059999,143051.6190,394,36925,97919.4600,0
1753887060000,2.6560,2.6700,2.6550,2.67,128010,1753887119999,340802.1990,762,79258,211097.9500,0
1753887120000,2.6700,2.6770,2.6680,2.675,151019,1753887179999,403621.6450,717,62444,166879.2100,0
1753887180000,2.6750,2.6760,2.6690,2.67,70414,1753887239999,188111.1610,408,15712,41983.1470,0
1753887240000,2.6700,2.6760,2.6690,2.669,56988,1753887299999,152244.2880,385,26619,71131.1000,0
1753887300000,2.6680,2.6720,2.6660,2.671,108926,1753887359999,290769.8480,513,76375,203911.9750,0
1753887360000,2.6700,2.6720,2.6640,2.665,40075,1753887419999,106898.9850,256,14513,38714.0560,0
1753887420000,2.6660,2.6720,2.6660,2.671,28620,1753887479999,76365.7670,200,13346,35609.8220,0
1753887480000,2.6710,2.6760,2.6680,2.674,90435,1753887539999,241740.2370,328,55514,148456.4030,0
1753887540000,2.6740,2.6750,2.6720,2.672,53279,1753887599999,142457.8730,206,24613,65811.4040,0
1753887600000,2.6730,2.6770,2.6680,2.669,79901,1753887659999,213494.1540,1016,29495,78850.7610,0
1753887660000,2.6690,2.6720,2.6650,2.665,81101,1753887719999,216517.3770,399,47878,127848.1060,0
1753887720000,2.6660,2.6690,2.6630,2.666,43107,1753887779999,114884.0870,418,30135,80315.1140,0
1753887780000,2.6660,2.6660,2.6600,2.661,59726,1753887839999,158984.9370,323,6623,17629.1370,0
1753887840000,2.6600,2.6620,2.6560,2.658,58069,1753887899999,154432.8910,315,21785,57940.4040,0
1753887900000,2.6580,2.6580,2.6530,2.656,93112,1753887959999,247258.4470,386,30856,81943.4210,0
1753887960000,2.6560,2.6570,2.6480,2.648,98878,1753888019999,262223.5090,398,37526,99587.3900,0
1753888020000,2.6480,2.6490,2.6420,2.643,65044,1753888079999,172047.6020,377,26647,70506.3910,0
1753888080000,2.6430,2.6480,2.6420,2.645,38842,1753888139999,102726.8060,315,15316,40513.7980,0
1753888140000,2.6450,2.6490,2.6450,2.648,21594,1753888199999,57157.3940,191,12914,34184.5670,0
1753888200000,2.6470,2.6540,2.6460,2.653,41397,1753888259999,109742.7090,301,21081,55890.4170,0
1753888260000,2.6530,2.6540,2.6480,2.65,27106,1753888319999,71842.5830,274,10197,27025.1840,0
1753888320000,2.6490,2.6500,2.6460,2.646,18931,1753888379999,50127.0410,201,6808,18028.7720,0
1753888380000,2.6460,2.6490,2.6450,2.647,15203,1753888439999,40240.5370,151,8322,22027.2070,0
1753888440000,2.6460,2.6470,2.6430,2.644,26247,1753888499999,69435.3040,197,10395,27507.4310,0
1753888500000,2.6430,2.6470,2.6420,2.646,67689,1753888559999,179056.5680,300,53913,142630.3870,0
1753888560000,2.6450,2.6510,2.6450,2.648,34315,1753888619999,90847.2340,293,22619,59892.3480,0
1753888620000,2.6480,2.6520,2.6470,2.65,18612,1753888679999,49318.6660,200,11406,30227.6660,0
1753888680000,2.6510,2.6540,2.6490,2.652,64282,1753888739999,170449.4950,251,36839,97681.0690,0
1753888740000,2.6520,2.6530,2.6480,2.65,42432,1753888799999,112465.5690,246,22039,58404.1900,0
1753888800000,2.6500,2.6550,2.6500,2.653,23937,1753888859999,63492.8570,219,15328,40658.3380,0
1753888860000,2.6520,2.6520,2.6460,2.648,43981,1753888919999,116515.2240,254,8269,21908.2440,0
1753888920000,2.6480,2.6480,2.6450,2.645,14371,1753888979999,38035.6910,143,8235,21796.2410,0
1753888980000,2.6450,2.6470,2.6410,2.641,18327,1753889039999,48464.4900,193,7980,21117.9120,0
1753889040000,2.6420,2.6460,2.6410,2.645,20291,1753889099999,53625.9970,189,16541,43714.5500,0
1753889100000,2.6450,2.6480,2.6440,2.646,14796,1753889159999,39144.4300,171,6634,17551.8180,0
1753889160000,2.6460,2.6480,2.6400,2.64,16503,1753889219999,43648.1350,190,8836,23371.3610,0
1753889220000,2.6400,2.6410,2.6340,2.636,62663,1753889279999,165266.2790,322,23736,62617.3770,0
1753889280000,2.6370,2.6420,2.6360,2.64,85037,1753889339999,224316.1620,321,34191,90209.7770,0
1753889340000,2.6400,2.6400,2.6380,2.639,16526,1753889399999,43605.3690,147,8372,22092.5080,0
1753889400000,2.6380,2.6420,2.6380,2.638,19144,1753889459999,50532.3710,235,9325,24616.9100,0
1753889460000,2.6370,2.6390,2.6310,2.631,41397,1753889519999,109060.2900,333,10240,26988.1420,0
1753889520000,2.6310,2.6350,2.6300,2.633,31911,1753889579999,84003.2880,305,20164,53080.7300,0
1753889580000,2.6330,2.6380,2.6330,2.636,25682,1753889639999,67689.6840,256,15960,42059.5050,0
1753889640000,2.6360,2.6420,2.6360,2.641,39530,1753889699999,104347.1330,270,29948,79048.5260,0
1753889700000,2.6410,2.6420,2.6390,2.642,11913,1753889759999,31457.8490,160,5510,14552.7350,0
1753889760000,2.6430,2.6500,2.6420,2.647,18946,1753889819999,50123.3780,312,10058,26613.2500,0
1753889820000,2.6480,2.6500,2.6460,2.65,17289,1753889879999,45783.1080,195,6892,18248.0610,0
1753889880000,2.6490,2.6520,2.6450,2.645,24023,1753889939999,63638.7760,212,10923,28950.9310,0
1753889940000,2.6450,2.6470,2.6430,2.645,18289,1753889999999,48373.4400,195,14077,37234.7670,0
1753890000000,2.6450,2.6480,2.6450,2.645,15966,1753890059999,42249.0150,194,11127,29445.1110,0
1753890060000,2.6450,2.6460,2.6400,2.643,18759,1753890119999,49562.8370,204,10227,27018.7160,0
1753890120000,2.6420,2.6420,2.6390,2.64,36025,1753890179999,95126.4390,262,14241,37603.1060,0
1753890180000,2.6410,2.6430,2.6390,2.641,58789,1753890239999,155303.4570,274,39824,105225.6210,0
1753890240000,2.6400,2.6430,2.6390,2.643,21905,1753890299999,57872.1950,198,12813,33845.1360,0
1753890300000,2.6430,2.6450,2.6410,2.642,36868,1753890359999,97466.8700,242,18300,48388.0660,0
1753890360000,2.6420,2.6510,2.6420,2.649,21699,1753890419999,57438.0980,284,16255,43020.2950,0
1753890420000,2.6490,2.6490,2.6430,2.646,8676,1753890479999,22959.0750,159,5741,15191.5960,0
1753890480000,2.6460,2.6490,2.6440,2.649,41720,1753890539999,110440.0400,183,25771,68215.1220,0
1753890540000,2.6490,2.6490,2.6450,2.646,12277,1753890599999,32490.2420,125,1606,4251.7780,0
1753890600000,2.6460,2.6460,2.6380,2.638,40005,1753890659999,105761.5270,217,10175,26905.8060,0
1753890660000,2.6380,2.6410,2.6330,2.64,98757,1753890719999,260485.9720,466,47461,125201.9130,0
1753890720000,2.6400,2.6440,2.6400,2.642,47307,1753890779999,124986.5130,254,33681,88995.3860,0
1753890780000,2.6410,2.6420,2.6390,2.642,10851,1753890839999,28656.4610,122,10186,26900.6300,0
1753890840000,2.6430,2.6440,2.6410,2.643,7005,1753890899999,18515.2310,126,3690,9754.1060,0
1753890900000,2.6440,2.6470,2.6440,2.645,9275,1753890959999,24531.0840,143,3419,9044.2080,0
1753890960000,2.6440,2.6440,2.6360,2.636,13419,1753891019999,35441.1040,159,3602,9514.8900,0
1753891020000,2.6370,2.6400,2.6360,2.638,47991,1753891079999,126585.3130,221,18525,48886.7990,0
1753891080000,2.6380,2.6420,2.6370,2.641,16087,1753891139999,42476.6830,144,14534,38376.8230,0
1753891140000,2.6410,2.6420,2.6400,2.641,4644,1753891199999,12264.5060,101,2436,6433.3770,0
1753891200000,2.6410,2.6440,2.6410,2.642,34936,1753891259999,92304.6610,790,10890,28774.4090,0
1753891260000,2.6410,2.6430,2.6380,2.638,23992,1753891319999,63346.6890,236,2055,5428.3520,0
1753891320000,2.6390,2.6400,2.6350,2.636,33084,1753891379999,87283.2900,274,21360,56354.9340,0
1753891380000,2.6360,2.6380,2.6340,2.637,43215,1753891439999,113900.2130,270,16910,44582.0950,0
1753891440000,2.6370,2.6380,2.6350,2.638,18086,1753891499999,47702.9690,195,12854,33906.1220,0
1753891500000,2.6370,2.6420,2.6350,2.64,45962,1753891559999,121252.7580,363,26817,70749.7030,0
1753891560000,2.6390,2.6400,2.6360,2.636,14207,1753891619999,37479.9220,248,5801,15305.8190,0
1753891620000,2.6360,2.6380,2.6360,2.636,13993,1753891679999,36903.8650,181,6531,17224.6750,0
1753891680000,2.6360,2.6410,2.6350,2.64,19087,1753891739999,50334.0720,269,10087,26596.8690,0
1753891740000,2.6390,2.6440,2.6380,2.644,14513,1753891799999,38333.6250,212,11514,30415.8940,0
1753891800000,2.6440,2.6460,2.6410,2.641,31608,1753891859999,83560.0070,296,18914,49998.1450,0
1753891860000,2.6410,2.6420,2.6370,2.639,15903,1753891919999,41986.1710,234,7842,20709.6140,0
1753891920000,2.6390,2.6430,2.6390,2.643,19951,1753891979999,52690.3550,257,15299,40405.6420,0
1753891980000,2.6430,2.6500,2.6430,2.65,32213,1753892039999,85233.8260,252,25853,68420.0490,0
1753892040000,2.6500,2.6520,2.6490,2.65,20159,1753892099999,53436.8540,205,7091,18799.2380,0
1753892100000,2.6500,2.6510,2.6460,2.651,35981,1753892159999,95304.3960,245,13656,36182.6980,0
1753892160000,2.6510,2.6580,2.6510,2.657,45028,1753892219999,119524.0770,336,32720,86855.0640,0
1753892220000,2.6570,2.6640,2.6570,2.663,63287,1753892279999,168445.0850,422,44452,118316.6750,0
1753892280000,2.6640,2.6690,2.6640,2.667,52145,1753892339999,139079.3260,402,27560,73503.8750,0
1753892340000,2.6670,2.6670,2.6610,2.663,50683,1753892399999,135034.8450,273,19022,50700.1430,0
1753892400000,2.6640,2.6640,2.6610,2.664,28817,1753892459999,76736.2180,223,8430,22450.2140,0
1753892460000,2.6650,2.6710,2.6650,2.67,89565,1753892519999,238887.8780,406,46911,125138.2330,0
1753892520000,2.6700,2.6720,2.6680,2.672,54892,1753892579999,146574.9540,282,32313,86291.4890,0
1753892580000,2.6720,2.6770,2.6700,2.672,31767,1753892639999,84920.0940,289,15681,41920.0710,0
1753892640000,2.6710,2.6720,2.6660,2.666,27767,1753892699999,74127.9100,207,11670,31161.2600,0
1753892700000,2.6660,2.6690,2.6640,2.669,82843,1753892759999,220865.2350,301,61526,164031.0430,0
1753892760000,2.6690,2.6710,2.6610,2.667,202588,1753892819999,540077.9060,642,36240,96564.6020,0
1753892820000,2.6660,2.6660,2.6590,2.659,44559,1753892879999,118698.8580,256,17863,47604.9390,0
1753892880000,2.6590,2.6590,2.6540,2.655,29288,1753892939999,77804.4210,252,8828,23450.6380,0
1753892940000,2.6550,2.6570,2.6540,2.656,12285,1753892999999,32625.2050,188,5105,13557.4910,0
1753893000000,2.6560,2.6590,2.6540,2.656,32393,1753893059999,86038.1060,765,11110,29506.9030,0
1753893060000,2.6550,2.6580,2.6550,2.657,9147,1753893119999,24302.5260,134,4547,12080.4650,0
1753893120000,2.6570,2.6640,2.6570,2.663,22185,1753893179999,59027.4720,266,16374,43560.9100,0
1753893180000,2.6630,2.6640,2.6600,2.66,11714,1753893239999,31185.3840,183,4569,12166.8680,0
1753893240000,2.6600,2.6630,2.6590,2.663,26381,1753893299999,70205.4200,194,20407,54310.3800,0
1753893300000,2.6630,2.6640,2.6620,2.662,24676,1753893359999,65710.2240,214,6194,16497.2910,0
1753893360000,2.6610,2.6610,2.6520,2.653,37912,1753893419999,100699.0580,284,5681,15088.9810,0
1753893420000,2.6530,2.6540,2.6500,2.651,30603,1753893479999,81157.1930,380,21901,58084.3070,0
1753893480000,2.6520,2.6560,2.6520,2.652,21958,1753893539999,58265.1830,249,9013,23914.7020,0
1753893540000,2.6520,2.6560,2.6520,2.656,17051,1753893599999,45237.9900,222,14312,37972.9640,0
1753893600000,2.6560,2.6590,2.6550,2.657,8158,1753893659999,21674.2290,194,3247,8626.2940,0
1753893660000,2.6560,2.6570,2.6520,2.653,5271,1753893719999,13989.8900,159,1405,3728.2500,0
1753893720000,2.6530,2.6570,2.6530,2.655,31614,1753893779999,83967.3670,382,6416,17037.1960,0
1753893780000,2.6560,2.6560,2.6530,2.653,13971,1753893839999,37083.5870,119,724,1922.4630,0
1753893840000,2.6540,2.6580,2.6540,2.657,13781,1753893899999,36608.1360,193,7017,18636.8660,0
1753893900000,2.6580,2.6590,2.6550,2.658,13814,1753893959999,36712.4790,676,4366,11603.9960,0
1753893960000,2.6570,2.6580,2.6550,2.656,15057,1753894019999,40000.6420,198,8335,22145.7440,0
1753894020000,2.6560,2.6570,2.6520,2.652,7890,1753894079999,20944.3080,124,960,2549.7990,0
1753894080000,2.6520,2.6540,2.6510,2.653,10556,1753894139999,27994.8480,142,6487,17204.3490,0
1753894140000,2.6540,2.6590,2.6540,2.659,21647,1753894199999,57494.3230,211,18261,48501.6830,0
1753894200000,2.6590,2.6600,2.6570,2.657,9795,1753894259999,26035.9840,195,3270,8692.4430,0
1753894260000,2.6570,2.6630,2.6560,2.659,15556,1753894319999,41366.8490,237,7840,20842.8720,0
1753894320000,2.6580,2.6610,2.6570,2.661,42984,1753894379999,114327.4010,212,35426,94229.4850,0
1753894380000,2.6600,2.6610,2.6580,2.658,10401,1753894439999,27654.5300,134,5666,15061.8200,0
1753894440000,2.6590,2.6600,2.6580,2.659,4927,1753894499999,13103.0480,136,2736,7276.7960,0
1753894500000,2.6580,2.6590,2.6550,2.656,14696,1753894559999,39041.8590,157,4795,12740.3100,0
1753894560000,2.6560,2.6570,2.6550,2.657,12404,1753894619999,32944.1520,165,9877,26234.2570,0
1753894620000,2.6570,2.6600,2.6560,2.658,32732,1753894679999,86977.2030,230,12064,32064.7320,0
1753894680000,2.6580,2.6600,2.6570,2.66,10846,1753894739999,28824.7430,122,2353,6253.2740,0
1753894740000,2.6590,2.6630,2.6590,2.663,5982,1753894799999,15917.3320,149,2788,7418.5970,0
1753894800000,2.6630,2.6650,2.6610,2.663,25122,1753894859999,66884.3150,790,13712,36509.8460,0
1753894860000,2.6640,2.6700,2.6640,2.669,29079,1753894919999,77566.6240,308,21218,56606.8890,0
1753894920000,2.6690,2.6720,2.6680,2.67,16959,1753894979999,45278.8690,213,10222,27290.2330,0
1753894980000,2.6700,2.6700,2.6650,2.666,42766,1753895039999,114056.7500,225,10810,28825.2910,0
1753895040000,2.6650,2.6650,2.6610,2.663,23394,1753895099999,62312.6490,165,4595,12233.1060,0
1753895100000,2.6630,2.6700,2.6630,2.669,14469,1753895159999,38583.2690,248,7353,19607.7410,0
1753895160000,2.6680,2.6680,2.6620,2.662,16112,1753895219999,42930.6340,187,1414,3766.5260,0
1753895220000,2.6610,2.6610,2.6560,2.656,16471,1753895279999,43784.2210,228,1846,4907.3210,0
1753895280000,2.6550,2.6590,2.6540,2.658,11566,1753895339999,30721.0650,196,4264,11327.0660,0
1753895340000,2.6570,2.6600,2.6570,2.659,9823,1753895399999,26116.2720,105,6953,18487.0100,0
1753895400000,2.6600,2.6630,2.6590,2.662,11206,1753895459999,29821.7010,184,6949,18494.2110,0
1753895460000,2.6620,2.6650,2.6620,2.663,29973,1753895519999,79805.7040,236,20535,54676.1770,0
1753895520000,2.6630,2.6640,2.6610,2.661,13999,1753895579999,37273.7160,150,9762,25995.0370,0
1753895580000,2.6620,2.6620,2.6580,2.658,13014,1753895639999,34615.3490,110,1524,4056.5310,0
1753895640000,2.6590,2.6590,2.6570,2.658,3473,1753895699999,9232.3090,69,1198,3184.8980,0
1753895700000,2.6570,2.6600,2.6570,2.658,37855,1753895759999,100677.6810,677,29736,79093.4840,0
1753895760000,2.6570,2.6590,2.6530,2.653,42422,1753895819999,112656.0530,223,6124,16276.6030,0
1753895820000,2.6530,2.6580,2.6530,2.658,23090,1753895879999,61317.0150,184,14698,39039.2230,0
1753895880000,2.6580,2.6630,2.6580,2.663,8854,1753895939999,23555.8460,118,6186,16462.5330,0
1753895940000,2.6620,2.6660,2.6620,2.666,51513,1753895999999,137250.3510,238,42360,112860.2850,0
1753896000000,2.6650,2.6700,2.6640,2.67,17623,1753896059999,46982.2580,154,8401,22406.3670,0
1753896060000,2.6690,2.6740,2.6670,2.673,41666,1753896119999,111290.6260,314,24290,64898.3620,0
1753896120000,2.6730,2.6770,2.6730,2.675,61362,1753896179999,164152.8700,192,55367,148112.8640,0
1753896180000,2.6750,2.6750,2.6670,2.668,24969,1753896239999,66673.3200,193,3299,8808.8260,0
1753896240000,2.6670,2.6690,2.6650,2.665,15928,1753896299999,42487.2160,131,3522,9397.5340,0
1753896300000,2.6640,2.6680,2.6640,2.667,11731,1753896359999,31280.5560,126,4362,11631.6570,0
1753896360000,2.6680,2.6680,2.6640,2.664,33055,1753896419999,88119.2750,165,4629,12344.3090,0
1753896420000,2.6640,2.6670,2.6610,2.665,36401,1753896479999,96972.9000,180,11872,31622.6200,0
1753896480000,2.6640,2.6690,2.6640,2.669,17151,1753896539999,45740.4920,154,13040,34776.3840,0
1753896540000,2.6680,2.6680,2.6660,2.666,5901,1753896599999,15738.5410,58,732,1952.6260,0
1753896600000,2.6650,2.6690,2.6640,2.668,28790,1753896659999,76789.3290,725,18565,49521.2600,0
1753896660000,2.6690,2.6690,2.6650,2.665,14688,1753896719999,39157.0950,133,800,2134.0070,0
1753896720000,2.6660,2.6680,2.6650,2.667,12470,1753896779999,33253.4640,164,4060,10826.5130,0
1753896780000,2.6670,2.6690,2.6650,2.669,6523,1753896839999,17395.6300,150,1427,3806.8300,0
1753896840000,2.6700,2.6740,2.6690,2.673,42644,1753896899999,113960.4170,216,36049,96340.1690,0
1753896900000,2.6720,2.6740,2.6700,2.671,21673,1753896959999,57916.4500,155,16787,44861.6780,0
1753896960000,2.6700,2.6730,2.6690,2.672,12224,1753897019999,32655.8950,188,4058,10841.6960,0
1753897020000,2.6730,2.6760,2.6720,2.676,23442,1753897079999,62671.1470,162,16154,43186.4620,0
1753897080000,2.6750,2.6750,2.6710,2.672,23635,1753897139999,63173.1490,137,425,1135.3540,0
1753897140000,2.6710,2.6750,2.6710,2.674,10537,1753897199999,28161.6350,139,3816,10200.1350,0
1753897200000,2.6750,2.6780,2.6750,2.676,21856,1753897259999,58502.3610,212,11262,30146.6280,0
1753897260000,2.6760,2.6760,2.6740,2.674,12932,1753897319999,34587.2200,212,6186,16544.2220,0
1753897320000,2.6740,2.6770,2.6740,2.676,12252,1753897379999,32782.4070,165,7216,19308.2620,0
1753897380000,2.6750,2.6760,2.6740,2.676,13721,1753897439999,36698.0030,118,7918,21179.5360,0
1753897440000,2.6750,2.6750,2.6720,2.672,12902,1753897499999,34501.0830,92,85,227.2990,0
1753897500000,2.6720,2.6730,2.6690,2.67,27768,1753897559999,74182.2290,714,11411,30488.6410,0
1753897560000,2.6690,2.6690,2.6640,2.664,45720,1753897619999,121940.5890,291,3230,8614.7380,0
1753897620000,2.6650,2.6650,2.6590,2.659,42378,1753897679999,112802.4090,273,13468,35861.9400,0
1753897680000,2.6590,2.6590,2.6560,2.657,18839,1753897739999,50074.2310,162,5941,15792.2920,0
1753897740000,2.6570,2.6610,2.6570,2.658,13612,1753897799999,36203.5280,291,5590,14866.5390,0
1753897800000,2.6590,2.6630,2.6590,2.663,7998,1753897859999,21279.4910,143,5131,13653.9500,0
1753897860000,2.6640,2.6680,2.6630,2.666,17196,1753897919999,45815.6370,173,4951,13193.9640,0
1753897920000,2.6650,2.6660,2.6640,2.665,17981,1753897979999,47917.0290,110,12449,33176.5220,0
1753897980000,2.6650,2.6700,2.6650,2.669,11113,1753898039999,29634.8240,161,7376,19668.8870,0
1753898040000,2.6690,2.6690,2.6670,2.667,6362,1753898099999,16970.3250,76,1815,4842.2690,0
1753898100000,2.6670,2.6720,2.6670,2.67,4740,1753898159999,12653.8390,115,2343,6254.3080,0
1753898160000,2.6710,2.6760,2.6710,2.676,7248,1753898219999,19379.0830,118,7132,19069.0450,0
1753898220000,2.6760,2.6760,2.6740,2.674,3288,1753898279999,8794.4110,52,957,2559.9790,0
1753898280000,2.6750,2.6750,2.6720,2.674,27654,1753898339999,73914.7550,147,7298,19502.7960,0
1753898340000,2.6730,2.6760,2.6720,2.674,32285,1753898399999,86327.8850,209,15120,40433.6020,0
1753898400000,2.6740,2.6900,2.6730,2.683,153611,1753898459999,412153.8390,1393,116417,312332.5560,0
1753898460000,2.6830,2.6850,2.6600,2.66,316851,1753898519999,845798.4930,1173,52143,139263.0780,0
1753898520000,2.6610,2.6640,2.6520,2.653,141080,1753898579999,375175.5480,718,41409,110144.1760,0
1753898580000,2.6540,2.6540,2.6480,2.652,116959,1753898639999,309967.6650,660,40681,107833.6680,0
1753898640000,2.6510,2.6610,2.6500,2.661,80385,1753898699999,213354.7790,401,51166,135822.9270,0
1753898700000,2.6610,2.6650,2.6580,2.661,75585,1753898759999,201215.6340,394,19298,51378.3530,0
1753898760000,2.6610,2.6660,2.6610,2.663,28105,1753898819999,74842.5600,279,3355,8936.0290,0
1753898820000,2.6620,2.6640,2.6610,2.664,24383,1753898879999,64920.1070,241,8489,22605.9060,0
1753898880000,2.6640,2.6680,2.6640,2.668,50278,1753898939999,134036.0440,323,28026,74713.0970,0
1753898940000,2.6680,2.6810,2.6680,2.681,39643,1753898999999,105994.6620,394,25425,68025.1300,0
1753899000000,2.6800,2.6850,2.6790,2.681,87386,1753899059999,234329.3940,475,36322,97400.7500,0
1753899060000,2.6800,2.6820,2.6770,2.677,45676,1753899119999,122389.8130,314,14784,39612.6530,0
1753899120000,2.6760,2.6770,2.6730,2.677,50479,1753899179999,135020.0770,369,26267,70262.2920,0
1753899180000,2.6760,2.6790,2.6750,2.677,57701,1753899239999,154468.6670,271,29354,78587.6530,0
1753899240000,2.6770,2.6780,2.6660,2.666,48174,1753899299999,128695.3980,358,4857,12962.5110,0
1753899300000,2.6660,2.6680,2.6610,2.665,38797,1753899359999,103353.7310,376,16552,44086.8890,0
1753899360000,2.6650,2.6690,2.6630,2.663,54882,1753899419999,146327.8840,359,17622,46997.4700,0
1753899420000,2.6640,2.6690,2.6620,2.668,35069,1753899479999,93455.7990,321,20358,54265.1520,0
1753899480000,2.6670,2.6670,2.6630,2.666,24033,1753899539999,64061.7110,192,9117,24300.5170,0
1753899540000,2.6660,2.6750,2.6650,2.67,39209,1753899599999,104721.7380,258,27685,73937.3020,0
1753899600000,2.6690,2.6710,2.6670,2.669,18731,1753899659999,49988.2870,203,5405,14425.3160,0
1753899660000,2.6690,2.6690,2.6640,2.664,33211,1753899719999,88519.0490,762,13101,34920.8220,0
1753899720000,2.6640,2.6660,2.6600,2.665,30278,1753899779999,80635.7650,236,4706,12537.2910,0
1753899780000,2.6650,2.6750,2.6640,2.673,25886,1753899839999,69140.7670,290,8882,23705.9370,0
1753899840000,2.6720,2.6730,2.6690,2.671,24407,1753899899999,65205.9780,198,14135,37765.7760,0
1753899900000,2.6700,2.6710,2.6550,2.66,97680,1753899959999,259850.9970,538,39866,105959.4720,0
1753899960000,2.6600,2.6670,2.6580,2.666,58521,1753900019999,155848.5580,448,49806,132661.0100,0
1753900020000,2.6660,2.6730,2.6630,2.666,113027,1753900079999,301502.8930,709,56408,150530.2880,0
1753900080000,2.6650,2.6670,2.6610,2.666,13181,1753900139999,35111.2930,215,7509,20001.6130,0
1753900140000,2.6660,2.6710,2.6660,2.668,32444,1753900199999,86581.5570,214,23742,63364.3720,0
1753900200000,2.6680,2.6700,2.6620,2.664,18645,1753900259999,49719.7060,741,5231,13943.9360,0
1753900260000,2.6640,2.6720,2.6630,2.671,38489,1753900319999,102622.3870,309,19262,51396.6460,0
1753900320000,2.6710,2.6720,2.6650,2.668,23186,1753900379999,61834.2980,208,13933,37151.9220,0
1753900380000,2.6680,2.6690,2.6590,2.659,18338,1753900439999,48853.9270,230,3309,8809.9810,0
1753900440000,2.6590,2.6720,2.6590,2.666,61393,1753900499999,163754.5330,359,34911,93097.5040,0
1753900500000,2.6670,2.6720,2.6650,2.672,56552,1753900559999,150801.3760,282,28592,76243.7620,0
1753900560000,2.6720,2.6720,2.6560,2.657,83681,1753900619999,223071.5030,450,20116,53624.3460,0
1753900620000,2.6580,2.6640,2.6560,2.658,88357,1753900679999,234989.5070,527,46581,123899.7000,0
1753900680000,2.6580,2.6630,2.6570,2.657,39529,1753900739999,105140.5480,291,23315,62028.4820,0
1753900740000,2.6570,2.6630,2.6550,2.656,44446,1753900799999,118143.5830,300,8513,22636.7510,0
1753900800000,2.6550,2.6550,2.6420,2.642,83746,1753900859999,221670.8560,618,19985,52871.6960,0
1753900860000,2.6420,2.6480,2.6380,2.646,171752,1753900919999,453618.5400,721,67197,177590.7380,0
1753900920000,2.6460,2.6480,2.6420,2.644,47229,1753900979999,124884.7860,372,17882,47279.1460,0
1753900980000,2.6440,2.6520,2.6430,2.647,52953,1753901039999,140279.0770,342,36414,96468.8640,0
1753901040000,2.6470,2.6520,2.6460,2.649,22220,1753901099999,58882.9120,234,13590,36015.4020,0
1753901100000,2.6500,2.6520,2.6440,2.646,72323,1753901159999,191513.2690,385,27495,72848.8990,0
1753901160000,2.6460,2.6470,2.6290,2.632,499396,1753901219999,1316124.7180,923,201514,531359.6760,0
1753901220000,2.6330,2.6390,2.6240,2.627,380542,1753901279999,1001588.2840,1095,86477,227499.3410,0
1753901280000,2.6270,2.6280,2.6120,2.613,665126,1753901339999,1740502.4510,1325,315726,826043.8890,0
1753901340000,2.6130,2.6170,2.6110,2.612,238224,1753901399999,622516.0360,776,73243,191449.7740,0
1753901400000,2.6120,2.6150,2.6050,2.606,220793,1753901459999,576538.1790,590,89834,234737.8270,0
1753901460000,2.6050,2.6110,2.6040,2.606,128049,1753901519999,333861.3030,560,60515,157803.1500,0
1753901520000,2.6060,2.6100,2.6040,2.605,115511,1753901579999,301256.4190,357,34792,90747.0240,0
1753901580000,2.6050,2.6080,2.6020,2.608,124962,1753901639999,325371.9660,398,57868,150745.5860,0
1753901640000,2.6070,2.6100,2.6030,2.604,57167,1753901699999,149017.1200,264,15654,40813.9890,0
1753901700000,2.6040,2.6070,2.6020,2.604,85923,1753901759999,223775.9330,330,33469,87178.7600,0
1753901760000,2.6040,2.6050,2.5890,2.595,431780,1753901819999,1120727.4920,1386,107925,280029.9680,0
1753901820000,2.5950,2.6020,2.5920,2.597,180084,1753901879999,467537.2970,767,81293,211121.1930,0
1753901880000,2.5970,2.5990,2.5900,2.592,107018,1753901939999,277518.0120,423,34655,89917.7690,0
1753901940000,2.5920,2.5960,2.5900,2.592,132711,1753901999999,344145.6030,375,61231,158815.4110,0
1753902000000,2.5920,2.5930,2.5840,2.586,224826,1753902059999,581997.7570,1106,103839,268829.9510,0
1753902060000,2.5860,2.5860,2.5710,2.578,546436,1753902119999,1407995.3790,1646,149229,384660.7810,0
1753902120000,2.5770,2.5780,2.5610,2.566,410587,1753902179999,1054840.6880,1560,152391,391464.3550,0
1753902180000,2.5660,2.5690,2.5610,2.563,151080,1753902239999,387473.9190,825,67210,172360.4600,0
1753902240000,2.5630,2.5630,2.5460,2.546,546465,1753902299999,1394362.2610,2226,207526,529612.2740,0
1753902300000,2.5470,2.5500,2.5260,2.529,801221,1753902359999,2031270.5380,2888,299868,760406.7450,0
1753902360000,2.5300,2.5310,2.5070,2.521,1084592,1753902419999,2732232.3830,3894,551787,1390945.6310,0
1753902420000,2.5210,2.5300,2.5140,2.518,802355,1753902479999,2025505.5340,2260,444604,1122681.6190,0
1753902480000,2.5170,2.5250,2.5090,2.518,483966,1753902539999,1218777.1540,1697,231833,584001.4250,0
1753902540000,2.5180,2.5270,2.5170,2.522,295498,1753902599999,745128.9630,1069,119813,302140.3120,0
1753902600000,2.5220,2.5280,2.5160,2.523,306612,1753902659999,773585.8970,1105,143053,360955.1230,0
1753902660000,2.5240,2.5350,2.5240,2.53,537208,1753902719999,1359667.8900,1396,337953,855495.8600,0
1753902720000,2.5300,2.5450,2.5300,2.543,186386,1753902779999,472759.4020,784,121516,308395.1470,0
1753902780000,2.5430,2.5560,2.5420,2.554,567739,1753902839999,1446514.4370,1162,262364,668876.4380,0
1753902840000,2.5540,2.5580,2.5510,2.558,277580,1753902899999,709008.6980,806,136600,348949.7800,0
1753902900000,2.5570,2.5680,2.5550,2.567,241779,1753902959999,619128.6200,1542,151244,387286.6030,0
1753902960000,2.5660,2.5720,2.5630,2.564,260052,1753903019999,667838.8360,797,121974,313279.5850,0
1753903020000,2.5660,2.5660,2.5570,2.565,161629,1753903079999,413972.0840,715,75065,192326.1220,0
1753903080000,2.5660,2.5690,2.5630,2.563,206749,1753903139999,530483.4660,685,137483,352830.3240,0
1753903140000,2.5640,2.5680,2.5570,2.566,105821,1753903199999,271234.9810,545,72243,185132.7330,0
1753903200000,2.5660,2.5670,2.5580,2.563,225308,1753903259999,577432.2140,617,73201,187625.1860,0
1753903260000,2.5630,2.5700,2.5590,2.559,68653,1753903319999,176070.7300,455,34854,89410.7100,0
1753903320000,2.5600,2.5660,2.5590,2.563,60525,1753903379999,155077.8640,337,41532,106402.1460,0
1753903380000,2.5630,2.5630,2.5560,2.56,80943,1753903439999,207111.1310,418,39443,100940.4430,0
1753903440000,2.5590,2.5650,2.5590,2.562,73945,1753903499999,189510.7800,383,42074,107835.5080,0
1753903500000,2.5630,2.5680,2.5610,2.566,29540,1753903559999,75724.6480,284,23965,61435.9070,0
1753903560000,2.5660,2.5720,2.5640,2.571,58599,1753903619999,150466.9870,344,50405,129435.1930,0
1753903620000,2.5710,2.5750,2.5690,2.574,45080,1753903679999,115950.5500,376,36034,92685.8020,0
1753903680000,2.5750,2.5800,2.5720,2.574,326926,1753903739999,842667.7800,688,145250,374321.8640,0
1753903740000,2.5730,2.5770,2.5730,2.577,37251,1753903799999,95927.4080,281,22690,58436.9350,0
1753903800000,2.5770,2.5840,2.5770,2.584,82377,1753903859999,212594.0990,502,62102,160274.5660,0
1753903860000,2.5840,2.5840,2.5760,2.577,54343,1753903919999,140226.0890,376,19836,51182.7960,0
1753903920000,2.5780,2.5820,2.5700,2.571,71157,1753903979999,183260.6190,505,30188,77756.4210,0
1753903980000,2.5710,2.5760,2.5680,2.572,61681,1753904039999,158595.4710,338,46323,119111.7100,0
1753904040000,2.5730,2.5820,2.5730,2.581,68788,1753904099999,177332.9040,381,53289,137347.3450,0
1753904100000,2.5810,2.5810,2.5750,2.58,41750,1753904159999,107633.3260,326,24454,63055.8040,0
1753904160000,2.5800,2.5810,2.5750,2.576,26263,1753904219999,67686.6610,262,14645,37738.6150,0
1753904220000,2.5760,2.5780,2.5700,2.572,39874,1753904279999,102637.2050,286,14547,37455.2160,0
1753904280000,2.5730,2.5830,2.5730,2.58,61042,1753904339999,157425.9330,356,44191,113982.0980,0
1753904340000,2.5800,2.5870,2.5800,2.587,24149,1753904399999,62388.2210,260,18226,47087.8910,0
1753904400000,2.5860,2.5890,2.5830,2.585,73125,1753904459999,189164.9450,361,43603,112814.1100,0
1753904460000,2.5840,2.5890,2.5810,2.587,58649,1753904519999,151595.6430,432,37445,96802.7530,0
1753904520000,2.5880,2.6020,2.5880,2.596,240119,1753904579999,623665.1120,821,87786,227945.0390,0
1753904580000,2.5960,2.6040,2.5950,2.604,93281,1753904639999,242646.2840,441,66289,172452.5600,0
1753904640000,2.6020,2.6070,2.6010,2.604,113492,1753904699999,295430.5850,501,38799,101026.3380,0
1753904700000,2.6040,2.6090,2.6030,2.608,141028,1753904759999,367565.4090,1061,107153,279281.1140,0
1753904760000,2.6070,2.6100,2.6040,2.609,39516,1753904819999,102991.7560,332,11256,29345.9290,0
1753904820000,2.6090,2.6170,2.6080,2.616,146953,1753904879999,383900.8610,492,126410,330239.0210,0
1753904880000,2.6170,2.6220,2.6150,2.619,92249,1753904939999,241560.4220,526,39227,102746.5940,0
1753904940000,2.6190,2.6270,2.6190,2.622,105392,1753904999999,276473.3090,587,66795,175219.3560,0
1753905000000,2.6230,2.6310,2.6220,2.623,165220,1753905059999,434255.3290,552,120676,317252.2340,0
1753905060000,2.6240,2.6270,2.6180,2.625,92300,1753905119999,242002.0180,491,44922,117766.9170,0
1753905120000,2.6250,2.6250,2.6190,2.622,72145,1753905179999,189161.0560,354,22010,57710.8260,0
1753905180000,2.6220,2.6290,2.6210,2.629,20613,1753905239999,54074.4970,258,13667,35859.2460,0
1753905240000,2.6290,2.6330,2.6280,2.631,128897,1753905299999,339042.8200,439,61153,160859.3770,0
1753905300000,2.6300,2.6330,2.6270,2.632,46968,1753905359999,123484.1010,346,27040,71096.2270,0
1753905360000,2.6320,2.6350,2.6290,2.629,106381,1753905419999,280153.2850,377,68903,181497.3720,0
1753905420000,2.6290,2.6330,2.6280,2.628,41077,1753905479999,108042.9030,227,13457,35403.4350,0
1753905480000,2.6290,2.6310,2.6270,2.628,21050,1753905539999,55358.5500,194,10192,26803.9740,0
1753905540000,2.6270,2.6280,2.6220,2.622,103681,1753905599999,271995.6850,395,31614,82933.3990,0
1753905600000,2.6230,2.6290,2.6220,2.627,67848,1753905659999,178119.0740,456,38967,102275.8250,0
1753905660000,2.6260,2.6330,2.6260,2.633,25963,1753905719999,68281.5560,285,16835,44279.5090,0
1753905720000,2.6330,2.6470,2.6320,2.645,189025,1753905779999,498653.4060,770,154748,408151.8320,0
1753905780000,2.6460,2.6460,2.6400,2.641,79931,1753905839999,211283.9220,513,29870,78959.4660,0
1753905840000,2.6420,2.6460,2.6410,2.646,79757,1753905899999,210878.5970,395,43074,113897.1350,0
1753905900000,2.6440,2.6470,2.6400,2.644,124710,1753905959999,329668.1100,507,71807,189887.6790,0
1753905960000,2.6430,2.6470,2.6380,2.641,39687,1753906019999,104844.4350,386,15405,40706.2440,0
1753906020000,2.6420,2.6460,2.6420,2.642,29146,1753906079999,77060.6560,292,13140,34744.7810,0
1753906080000,2.6410,2.6480,2.6410,2.648,56363,1753906139999,149029.4090,335,42996,113684.0340,0
1753906140000,2.6470,2.6540,2.6470,2.651,97242,1753906199999,257720.7250,509,80579,213558.4090,0
1753906200000,2.6520,2.6550,2.6510,2.654,65549,1753906259999,173865.7820,325,53113,140873.6650,0
1753906260000,2.6550,2.6590,2.6540,2.657,31732,1753906319999,84281.1210,330,14242,37835.8070,0
1753906320000,2.6560,2.6580,2.6530,2.658,38802,1753906379999,103023.6330,262,17228,45745.8620,0
1753906380000,2.6570,2.6620,2.6540,2.661,84867,1753906439999,225445.6760,386,30359,80703.2450,0
1753906440000,2.6610,2.6620,2.6580,2.661,47087,1753906499999,125257.5020,320,20062,53366.4120,0
1753906500000,2.6610,2.6620,2.6590,2.661,30411,1753906559999,80910.8780,286,15638,41609.8890,0
1753906560000,2.6600,2.6620,2.6510,2.652,41469,1753906619999,110123.0520,303,10666,28336.3880,0
1753906620000,2.6510,2.6550,2.6480,2.648,288457,1753906679999,764751.3370,540,147460,390899.2020,0
1753906680000,2.6490,2.6490,2.6430,2.647,52960,1753906739999,140119.7230,341,9448,24998.0240,0
1753906740000,2.6460,2.6520,2.6460,2.652,29144,1753906799999,77210.3650,238,13133,34794.0800,0
1753906800000,2.6530,2.6530,2.6470,2.648,36276,1753906859999,96121.9800,226,5651,14970.9630,0
1753906860000,2.6470,2.6510,2.6440,2.651,61971,1753906919999,164119.2830,314,47861,126778.9060,0
1753906920000,2.6500,2.6550,2.6500,2.653,43572,1753906979999,115622.2470,307,13835,36707.5690,0
1753906980000,2.6530,2.6530,2.6480,2.648,43275,1753907039999,114661.4180,250,18372,48683.3170,0
1753907040000,2.6470,2.6470,2.6430,2.643,28410,1753907099999,75170.2420,218,5859,15506.5430,0
1753907100000,2.6430,2.6450,2.6390,2.639,34841,1753907159999,92073.9520,201,12201,32269.4980,0
1753907160000,2.6390,2.6450,2.6390,2.645,95178,1753907219999,251527.2420,396,86941,229757.7050,0
1753907220000,2.6440,2.6460,2.6410,2.645,27910,1753907279999,73752.7030,204,6108,16145.5870,0
1753907280000,2.6460,2.6480,2.6440,2.645,51751,1753907339999,136926.6880,257,32526,86070.6060,0
1753907340000,2.6450,2.6450,2.6380,2.638,50957,1753907399999,134543.0990,788,4479,11828.8420,0
1753907400000,2.6390,2.6420,2.6380,2.641,62084,1753907459999,163870.4610,205,25885,68322.2220,0
1753907460000,2.6400,2.6410,2.6360,2.639,48032,1753907519999,126781.8530,277,31242,82483.1040,0
1753907520000,2.6400,2.6440,2.6380,2.644,54045,1753907579999,142730.5920,202,52414,138425.7170,0
1753907580000,2.6430,2.6450,2.6380,2.639,21330,1753907639999,56332.5550,223,7093,18748.4500,0
1753907640000,2.6390,2.6400,2.6290,2.63,70444,1753907699999,185503.3320,421,12693,33421.4420,0
1753907700000,2.6290,2.6310,2.6260,2.626,25420,1753907759999,66816.7510,274,12648,33251.9960,0
1753907760000,2.6260,2.6300,2.6220,2.629,132808,1753907819999,348727.9360,399,101701,267088.4560,0
1753907820000,2.6300,2.6350,2.6300,2.631,55661,1753907879999,146466.7450,279,24460,64361.3160,0
1753907880000,2.6310,2.6320,2.6270,2.631,31765,1753907939999,83546.1570,211,20924,55032.0570,0
1753907940000,2.6300,2.6330,2.6290,2.63,56397,1753907999999,148427.5710,223,48076,126533.1080,0
1753908000000,2.6300,2.6350,2.6300,2.634,32564,1753908059999,85710.2690,252,16968,44662.1390,0
1753908060000,2.6340,2.6400,2.6340,2.635,22276,1753908119999,58722.8230,265,17321,45655.9970,0
1753908120000,2.6350,2.6360,2.6330,2.635,10737,1753908179999,28287.2480,187,6523,17184.5710,0
1753908180000,2.6340,2.6340,2.6300,2.633,32545,1753908239999,85674.7170,216,12581,33121.8850,0
1753908240000,2.6320,2.6330,2.6290,2.632,31639,1753908299999,83257.0170,259,23547,61969.1760,0
1753908300000,2.6310,2.6340,2.6300,2.632,27234,1753908359999,71689.3120,227,5890,15502.8340,0
1753908360000,2.6310,2.6310,2.6270,2.63,8980,1753908419999,23606.4030,148,5811,15274.8070,0
1753908420000,2.6300,2.6310,2.6270,2.627,11627,1753908479999,30571.5110,214,2724,7163.7960,0
1753908480000,2.6270,2.6300,2.6250,2.628,12211,1753908539999,32091.4130,215,5087,13370.8770,0
1753908540000,2.6290,2.6310,2.6270,2.628,17535,1753908599999,46092.5060,143,9289,24416.0260,0
1753908600000,2.6270,2.6270,2.6210,2.623,109951,1753908659999,288443.2320,275,88790,232900.9130,0
1753908660000,2.6220,2.6220,2.6180,2.618,28800,1753908719999,75453.5140,259,3782,9907.8610,0
1753908720000,2.6190,2.6230,2.6180,2.623,25894,1753908779999,67853.0040,141,19979,52358.0280,0
1753908780000,2.6230,2.6310,2.6220,2.629,40482,1753908839999,106359.4150,356,24671,64797.0150,0
1753908840000,2.6300,2.6300,2.6250,2.626,9309,1753908899999,24464.6090,136,3491,9176.5350,0
1753908900000,2.6260,2.6270,2.6240,2.627,15150,1753908959999,39769.8690,224,5139,13493.0790,0
1753908960000,2.6270,2.6280,2.6230,2.623,17435,1753909019999,45769.0850,181,5516,14481.4320,0
1753909020000,2.6230,2.6260,2.6220,2.626,20825,1753909079999,54647.0970,154,11082,29083.3280,0
1753909080000,2.6270,2.6280,2.6260,2.628,20343,1753909139999,53443.8450,128,6473,17003.3920,0
1753909140000,2.6280,2.6310,2.6270,2.629,84853,1753909199999,223083.5000,197,20623,54216.0550,0
1753909200000,2.6290,2.6390,2.6290,2.636,250654,1753909259999,660764.7900,710,167465,441361.5230,0
1753909260000,2.6370,2.6440,2.6360,2.644,24119,1753909319999,63676.1790,287,21573,56958.5810,0
1753909320000,2.6430,2.6440,2.6400,2.64,19977,1753909379999,52791.9880,266,7140,18872.7140,0
1753909380000,2.6400,2.6410,2.6380,2.638,19132,1753909439999,50492.6890,203,8421,22224.7640,0
1753909440000,2.6390,2.6390,2.6330,2.635,79051,1753909499999,208474.1180,315,40224,106127.3510,0
1753909500000,2.6350,2.6370,2.6330,2.633,39831,1753909559999,104985.0610,207,27696,73000.3040,0
1753909560000,2.6340,2.6360,2.6330,2.635,19440,1753909619999,51202.7910,209,7498,19751.9630,0
1753909620000,2.6340,2.6350,2.6330,2.634,20188,1753909679999,53174.9850,129,4217,11107.6000,0
1753909680000,2.6340,2.6390,2.6340,2.638,53864,1753909739999,141956.5500,146,50033,131860.5370,0
1753909740000,2.6380,2.6380,2.6360,2.636,7235,1753909799999,19078.5240,50,3658,9646.2150,0
1753909800000,2.6370,2.6400,2.6360,2.64,37825,1753909859999,99777.0210,228,19587,51666.2650,0
1753909860000,2.6400,2.6430,2.6380,2.642,11500,1753909919999,30360.6690,175,5709,15073.6360,0
1753909920000,2.6410,2.6410,2.6370,2.64,22062,1753909979999,58234.9220,214,7134,18822.7490,0
1753909980000,2.6400,2.6400,2.6350,2.635,9433,1753910039999,24879.3650,108,4596,12122.7030,0
1753910040000,2.6360,2.6360,2.6320,2.633,29931,1753910099999,78827.4430,148,4505,11860.4650,0
1753910100000,2.6340,2.6360,2.6300,2.63,81275,1753910159999,213819.3240,298,44847,118005.8820,0
1753910160000,2.6310,2.6320,2.6270,2.627,32264,1753910219999,84798.2330,232,4989,13116.3860,0
1753910220000,2.6280,2.6310,2.6280,2.629,12789,1753910279999,33623.9220,128,10703,28140.3070,0
1753910280000,2.6290,2.6300,2.6270,2.63,12546,1753910339999,32976.1330,113,6990,18374.5300,0
1753910340000,2.6290,2.6290,2.6270,2.628,10863,1753910399999,28541.1390,120,2886,7583.6910,0
1753910400000,2.6280,2.6280,2.6230,2.626,16568,1753910459999,43491.5050,281,8310,21810.5650,0
1753910460000,2.6260,2.6270,2.6240,2.626,42834,1753910519999,112474.5410,190,14839,38967.1680,0
1753910520000,2.6260,2.6260,2.6200,2.621,33275,1753910579999,87227.6420,236,4180,10956.6620,0
1753910580000,2.6210,2.6220,2.6200,2.621,58974,1753910639999,154545.9190,151,36104,94621.0720,0
1753910640000,2.6210,2.6240,2.6190,2.619,25180,1753910699999,65996.3950,217,14997,39304.2010,0
1753910700000,2.6200,2.6210,2.6200,2.62,7540,1753910759999,19760.1210,98,4155,10888.7400,0
1753910760000,2.6210,2.6210,2.6180,2.618,9318,1753910819999,24412.1710,163,5134,13451.9730,0
1753910820000,2.6180,2.6190,2.6140,2.614,25694,1753910879999,67211.9460,248,3108,8137.6440,0
1753910880000,2.6140,2.6170,2.6100,2.61,64088,1753910939999,167406.3300,409,6703,17515.4020,0
1753910940000,2.6110,2.6120,2.6080,2.608,28047,1753910999999,73208.1940,151,13165,34373.4890,0
1753911000000,2.6090,2.6120,2.6070,2.611,46006,1753911059999,120027.3100,716,39163,102176.2660,0
1753911060000,2.6110,2.6180,2.6110,2.613,65824,1753911119999,172176.6770,286,35117,91872.7110,0
1753911120000,2.6130,2.6150,2.6120,2.612,10788,1753911179999,28191.8110,155,6253,16341.4520,0
1753911180000,2.6110,2.6110,2.6090,2.611,13343,1753911239999,34823.4770,125,3266,8524.8940,0
1753911240000,2.6100,2.6100,2.6050,2.606,33712,1753911299999,87895.6240,214,2148,5600.5610,0
1753911300000,2.6050,2.6060,2.5950,2.596,91094,1753911359999,236705.8970,646,25092,65170.9360,0
1753911360000,2.5950,2.5970,2.5920,2.597,91712,1753911419999,237933.1350,358,50274,130458.7290,0
1753911420000,2.5960,2.6020,2.5960,2.6,46186,1753911479999,120062.4950,316,26052,67718.2090,0
1753911480000,2.6000,2.6000,2.5960,2.597,14490,1753911539999,37640.2980,169,3439,8931.0830,0
1753911540000,2.5960,2.6020,2.5950,2.601,26439,1753911599999,68723.1770,127,23714,61649.0110,0
1753911600000,2.6010,2.6010,2.5960,2.598,27934,1753911659999,72586.2150,232,6958,18072.5780,0
1753911660000,2.5980,2.5980,2.5930,2.593,16885,1753911719999,43821.4770,220,4455,11564.3360,0
1753911720000,2.5920,2.5930,2.5900,2.592,39897,1753911779999,103380.2530,212,13084,33901.0650,0
1753911780000,2.5920,2.5920,2.5890,2.591,35393,1753911839999,91673.5890,211,8235,21329.7390,0
1753911840000,2.5910,2.5930,2.5910,2.593,19342,1753911899999,50141.4810,159,18350,47570.8350,0
1753911900000,2.5920,2.5950,2.5920,2.595,13004,1753911959999,33725.8680,145,12675,32873.0880,0
1753911960000,2.5950,2.5970,2.5940,2.597,9921,1753912019999,25744.6140,116,9259,24027.3520,0
1753912020000,2.5970,2.6020,2.5970,2.602,28363,1753912079999,73744.8380,297,27102,70467.4210,0
1753912080000,2.6020,2.6020,2.6000,2.601,11692,1753912139999,30414.8740,239,5260,13685.2660,0
1753912140000,2.6010,2.6060,2.6000,2.606,18945,1753912199999,49308.4700,183,18806,48946.9130,0
1753912200000,2.6060,2.6060,2.6040,2.605,5726,1753912259999,14917.5780,94,2232,5815.7710,0
1753912260000,2.6050,2.6120,2.6050,2.611,15516,1753912319999,40455.1040,217,15462,40314.2380,0
1753912320000,2.6120,2.6120,2.6100,2.612,15824,1753912379999,41316.1540,157,7163,18704.5010,0
1753912380000,2.6130,2.6180,2.6130,2.615,47670,1753912439999,124684.6730,363,34213,89485.4590,0
1753912440000,2.6150,2.6190,2.6150,2.617,141716,1753912499999,370942.2690,391,83473,218466.8120,0
1753912500000,2.6180,2.6200,2.6170,2.617,22666,1753912559999,59363.6270,149,14372,37646.2010,0
1753912560000,2.6180,2.6220,2.6180,2.621,19382,1753912619999,50787.1770,166,18089,47398.4910,0
1753912620000,2.6210,2.6220,2.6170,2.617,15079,1753912679999,39506.4440,160,1174,3074.6760,0
1753912680000,2.6170,2.6180,2.6150,2.617,17346,1753912739999,45371.3270,144,13663,35735.8460,0
1753912740000,2.6170,2.6170,2.6120,2.615,24656,1753912799999,64470.8260,270,9994,26134.0590,0
1753912800000,2.6140,2.6190,2.6130,2.614,34173,1753912859999,89381.6300,408,17298,45252.5000,0
1753912860000,2.6150,2.6150,2.6040,2.605,46676,1753912919999,121769.0050,430,8405,21909.7440,0
1753912920000,2.6060,2.6090,2.6040,2.606,40275,1753912979999,105002.9000,333,25915,67568.2800,0
1753912980000,2.6070,2.6090,2.6050,2.605,34325,1753913039999,89492.4470,252,13895,36239.3110,0
1753913040000,2.6050,2.6110,2.6050,2.611,23021,1753913099999,60034.4250,200,18071,47131.1130,0
1753913100000,2.6110,2.6130,2.6100,2.612,12519,1753913159999,32687.7160,164,3963,10349.3240,0
1753913160000,2.6130,2.6170,2.6130,2.615,17348,1753913219999,45368.4820,232,11632,30418.7450,0
1753913220000,2.6150,2.6230,2.6150,2.623,13199,1753913279999,34565.2560,260,12657,33146.6610,0
1753913280000,2.6220,2.6240,2.6220,2.623,12009,1753913339999,31499.1010,176,5541,14533.0620,0
1753913340000,2.6220,2.6220,2.6180,2.618,16373,1753913399999,42900.0200,174,750,1965.2040,0
1753913400000,2.6190,2.6200,2.6170,2.619,9161,1753913459999,23989.2100,161,4619,12096.3120,0
1753913460000,2.6180,2.6220,2.6180,2.62,7943,1753913519999,20809.5340,189,5881,15406.8980,0
1753913520000,2.6200,2.6200,2.6140,2.615,10390,1753913579999,27198.0480,202,3245,8493.4430,0
1753913580000,2.6160,2.6190,2.6160,2.618,16979,1753913639999,44445.1490,139,9841,25758.4660,0
1753913640000,2.6170,2.6170,2.6120,2.612,3454,1753913699999,9032.5720,152,131,342.4680,0
1753913700000,2.6130,2.6130,2.6070,2.61,34198,1753913759999,89243.9200,304,12494,32613.6670,0
1753913760000,2.6100,2.6160,2.6100,2.614,11144,1753913819999,29113.6180,164,7069,18469.9910,0
1753913820000,2.6150,2.6170,2.6140,2.615,13657,1753913879999,35715.4980,171,5461,14281.8500,0
1753913880000,2.6150,2.6150,2.6100,2.61,9808,1753913939999,25619.2400,171,529,1381.7320,0
1753913940000,2.6110,2.6110,2.6060,2.606,19445,1753913999999,50745.8320,194,1800,4696.9260,0
1753914000000,2.6060,2.6070,2.5980,2.6,43343,1753914059999,112808.2850,338,13687,35622.3520,0
1753914060000,2.6000,2.6010,2.5970,2.601,24292,1753914119999,63141.8150,193,14312,37208.1370,0
1753914120000,2.6020,2.6050,2.6010,2.605,24056,1753914179999,62627.8040,174,19121,49784.0020,0
1753914180000,2.6040,2.6070,2.6020,2.603,7502,1753914239999,19538.3990,114,3162,8234.6040,0
1753914240000,2.6040,2.6050,2.6010,2.602,21576,1753914299999,56174.3050,135,14996,39051.0100,0
1753914300000,2.6020,2.6030,2.6000,2.602,5360,1753914359999,13945.6630,123,2244,5838.4380,0
1753914360000,2.6030,2.6040,2.5990,2.6,21129,1753914419999,54938.2750,142,3771,9809.2540,0
1753914420000,2.6000,2.6010,2.5990,2.599,4337,1753914479999,11276.5400,96,2526,6568.2760,0
1753914480000,2.5990,2.6040,2.5990,2.604,11103,1753914539999,28867.3700,137,10741,27926.1850,0
1753914540000,2.6030,2.6030,2.6010,2.601,5320,1753914599999,13842.3610,81,907,2360.7050,0
1753914600000,2.6010,2.6040,2.6000,2.604,18526,1753914659999,48204.0830,682,11069,28806.6170,0
1753914660000,2.6050,2.6080,2.6040,2.606,20162,1753914719999,52526.7910,179,4760,12401.4500,0
1753914720000,2.6070,2.6080,2.6020,2.602,13933,1753914779999,36318.1960,155,7650,19947.6700,0
1753914780000,2.6020,2.6040,2.6000,2.604,15433,1753914839999,40155.3160,199,11852,30837.8580,0
1753914840000,2.6050,2.6070,2.6040,2.604,13646,1753914899999,35553.7610,132,6372,16600.7200,0
1753914900000,2.6040,2.6080,2.6040,2.606,21117,1753914959999,55026.8240,187,12957,33759.4600,0
1753914960000,2.6050,2.6110,2.6050,2.607,28225,1753915019999,73604.6160,268,20058,52308.4640,0
1753915020000,2.6070,2.6080,2.6030,2.605,26745,1753915079999,69669.1760,171,13299,34634.8500,0
1753915080000,2.6050,2.6080,2.6050,2.608,37859,1753915139999,98682.8690,185,28152,73376.7420,0
1753915140000,2.6080,2.6090,2.6050,2.606,13501,1753915199999,35189.5760,135,1450,3780.2120,0
1753915200000,2.6060,2.6070,2.6030,2.604,13132,1753915259999,34218.2040,137,5448,14197.3110,0
1753915260000,2.6030,2.6070,2.6030,2.606,8989,1753915319999,23419.9440,163,6721,17509.5990,0
1753915320000,2.6070,2.6090,2.6050,2.609,12826,1753915379999,33452.4400,196,10258,26755.6240,0
1753915380000,2.6090,2.6110,2.6080,2.609,5989,1753915439999,15626.8580,100,2041,5326.4410,0
1753915440000,2.6090,2.6140,2.6080,2.613,16278,1753915499999,42504.2030,163,9813,25620.7280,0
1753915500000,2.6120,2.6150,2.6110,2.615,14136,1753915559999,36938.5720,177,11334,29618.5620,0
1753915560000,2.6150,2.6180,2.6140,2.615,18584,1753915619999,48618.8580,190,6961,18213.0310,0
1753915620000,2.6150,2.6150,2.6100,2.612,5930,1753915679999,15490.3890,110,2939,7674.5590,0
1753915680000,2.6130,2.6130,2.6090,2.611,10886,1753915739999,28429.0490,152,6650,17367.0540,0
1753915740000,2.6110,2.6130,2.6110,2.613,1932,1753915799999,5045.7260,49,1702,4445.1000,0
1753915800000,2.6130,2.6150,2.6080,2.608,28762,1753915859999,75109.1890,321,11734,30660.3150,0
1753915860000,2.6090,2.6100,2.6070,2.61,7966,1753915919999,20781.7130,139,4376,11416.3450,0
1753915920000,2.6110,2.6140,2.6100,2.61,17165,1753915979999,44826.0160,186,12391,32357.5120,0
1753915980000,2.6100,2.6120,2.6100,2.61,7590,1753916039999,19812.0710,100,2617,6831.7740,0
1753916040000,2.6100,2.6170,2.6100,2.616,71186,1753916099999,186127.3560,237,32508,84950.9380,0
1753916100000,2.6160,2.6220,2.6150,2.618,58646,1753916159999,153648.2830,323,45062,118048.3300,0
1753916160000,2.6190,2.6190,2.6160,2.616,13735,1753916219999,35969.2970,185,7121,18649.3070,0
1753916220000,2.6170,2.6180,2.6140,2.617,27039,1753916279999,70745.8810,167,24958,65302.3690,0
1753916280000,2.6160,2.6180,2.6140,2.618,12581,1753916339999,32912.7820,163,6442,16857.3340,0
1753916340000,2.6180,2.6180,2.6160,2.617,4799,1753916399999,12560.3470,89,1968,5151.4640,0
1753916400000,2.6160,2.6190,2.6150,2.618,14041,1753916459999,36744.2560,816,3634,9511.0070,0
1753916460000,2.6180,2.6220,2.6170,2.619,33510,1753916519999,87762.9850,253,9584,25109.2040,0
1753916520000,2.6180,2.6240,2.6180,2.623,48660,1753916579999,127514.2820,173,24311,63700.0010,0
1753916580000,2.6220,2.6260,2.6220,2.623,7724,1753916639999,20264.9170,167,4645,12187.5580,0
1753916640000,2.6240,2.6300,2.6220,2.629,61559,1753916699999,161629.5360,373,43920,115324.7780,0
1753916700000,2.6300,2.6300,2.6270,2.63,10315,1753916759999,27115.6910,205,2674,7030.4760,0
1753916760000,2.6300,2.6330,2.6290,2.629,25222,1753916819999,66339.7550,280,11439,30090.4650,0
1753916820000,2.6290,2.6290,2.6250,2.628,12712,1753916879999,33396.0410,180,2506,6584.0040,0
1753916880000,2.6280,2.6300,2.6270,2.629,12043,1753916939999,31665.1400,165,5737,15084.9240,0
1753916940000,2.6290,2.6300,2.6240,2.63,55080,1753916999999,144704.8810,285,20309,53328.2500,0
1753917000000,2.6300,2.6310,2.6290,2.631,7555,1753917059999,19871.8800,107,5861,15416.7080,0
1753917060000,2.6300,2.6340,2.6300,2.633,17348,1753917119999,45663.5370,252,12216,32154.4330,0
1753917120000,2.6330,2.6350,2.6320,2.633,18208,1753917179999,47949.6790,168,10982,28917.4780,0
1753917180000,2.6340,2.6350,2.6320,2.633,8450,1753917239999,22253.2770,114,1778,4683.0580,0
1753917240000,2.6330,2.6340,2.6320,2.632,6812,1753917299999,17938.1520,81,3385,8915.1120,0
1753917300000,2.6320,2.6360,2.6310,2.635,12747,1753917359999,33564.8900,234,7361,19384.8530,0
1753917360000,2.6350,2.6370,2.6340,2.637,4805,1753917419999,12664.8730,126,3365,8869.0680,0
1753917420000,2.6360,2.6370,2.6330,2.633,21341,1753917479999,56239.6310,176,4420,11653.2520,0
1753917480000,2.6330,2.6380,2.6330,2.636,6235,1753917539999,16435.2460,147,2564,6756.3340,0
1753917540000,2.6370,2.6370,2.6340,2.636,3315,1753917599999,8736.1980,98,1037,2732.8730,0
1753917600000,2.6370,2.6400,2.6360,2.64,19643,1753917659999,51819.9920,168,17104,45122.3990,0
1753917660000,2.6400,2.6410,2.6370,2.641,88252,1753917719999,232956.3340,209,73331,193586.9790,0
1753917720000,2.6400,2.6440,2.6400,2.641,40020,1753917779999,105706.8330,177,34683,91604.6680,0
1753917780000,2.6420,2.6420,2.6400,2.641,5362,1753917839999,14158.8980,69,338,892.8760,0
1753917840000,2.6400,2.6410,2.6360,2.636,12564,1753917899999,33157.5990,117,7967,21029.0810,0
1753917900000,2.6370,2.6380,2.6360,2.636,7066,1753917959999,18632.9110,82,5371,14163.9510,0
1753917960000,2.6370,2.6420,2.6370,2.64,13374,1753918019999,35295.8870,155,8721,23013.7310,0
1753918020000,2.6400,2.6430,2.6390,2.643,13074,1753918079999,34507.4260,162,7101,18743.0420,0
1753918080000,2.6430,2.6490,2.6430,2.648,13812,1753918139999,36537.3530,220,10182,26933.2870,0
1753918140000,2.6480,2.6490,2.6460,2.646,15447,1753918199999,40885.5060,107,294,778.7840,0
1753918200000,2.6470,2.6510,2.6450,2.651,36545,1753918259999,96761.4260,844,17069,45198.1160,0
1753918260000,2.6500,2.6560,2.6500,2.656,36723,1753918319999,97451.3340,284,32648,86643.5400,0
1753918320000,2.6560,2.6610,2.6550,2.66,139463,1753918379999,370856.2590,377,118646,315546.1700,0
1753918380000,2.6590,2.6600,2.6560,2.657,24394,1753918439999,64838.1810,231,6327,16816.4560,0
1753918440000,2.6570,2.6570,2.6500,2.651,37738,1753918499999,100122.1200,276,6334,16815.9340,0
1753918500000,2.6510,2.6530,2.6480,2.653,31261,1753918559999,82834.6500,198,10368,27476.9450,0
1753918560000,2.6520,2.6540,2.6510,2.653,26855,1753918619999,71242.6020,172,7456,19784.5780,0
1753918620000,2.6540,2.6570,2.6520,2.656,6910,1753918679999,18347.2480,122,3278,8703.8370,0
1753918680000,2.6570,2.6590,2.6570,2.658,30527,1753918739999,81121.8450,160,14596,38783.7280,0
1753918740000,2.6590,2.6610,2.6580,2.661,20830,1753918799999,55414.9760,152,5736,15259.7510,0
1753918800000,2.6600,2.6600,2.6580,2.659,22340,1753918859999,59412.1560,155,7629,20292.3610,0
1753918860000,2.6580,2.6600,2.6560,2.656,30417,1753918919999,80848.0730,267,7363,19576.0530,0
1753918920000,2.6560,2.6570,2.6550,2.657,30336,1753918979999,80570.0590,169,19626,52126.6880,0
1753918980000,2.6560,2.6580,2.6560,2.656,25693,1753919039999,68258.6660,158,6147,16332.9740,0
1753919040000,2.6550,2.6560,2.6530,2.654,20011,1753919099999,53118.8260,137,5464,14506.8870,0
1753919100000,2.6540,2.6570,2.6530,2.654,10243,1753919159999,27203.7090,188,2862,7601.5490,0
1753919160000,2.6540,2.6560,2.6510,2.652,28749,1753919219999,76278.7480,209,7042,18691.3400,0
1753919220000,2.6530,2.6560,2.6530,2.656,2706,1753919279999,7180.9930,88,1889,5013.4020,0
1753919280000,2.6550,2.6580,2.6540,2.656,14869,1753919339999,39502.2790,129,10568,28078.5480,0
1753919340000,2.6570,2.6580,2.6560,2.656,7130,1753919399999,18946.3710,93,935,2484.5680,0
1753919400000,2.6570,2.6580,2.6560,2.658,5688,1753919459999,15114.0070,87,1784,4740.4960,0
1753919460000,2.6580,2.6580,2.6560,2.658,5443,1753919519999,14463.7900,76,3241,8611.4910,0
1753919520000,2.6580,2.6580,2.6520,2.652,37556,1753919579999,99689.3580,204,2529,6712.1990,0
1753919580000,2.6520,2.6540,2.6520,2.653,13284,1753919639999,35232.6150,80,1519,4030.1200,0
1753919640000,2.6540,2.6550,2.6520,2.652,24151,1753919699999,64065.6900,193,2056,5456.1290,0
1753919700000,2.6510,2.6530,2.6500,2.652,17535,1753919759999,46487.7540,127,9725,25786.4750,0
1753919760000,2.6520,2.6540,2.6520,2.653,12736,1753919819999,33786.3690,114,8617,22860.7240,0
1753919820000,2.6530,2.6540,2.6520,2.653,7409,1753919879999,19656.2130,86,4992,13244.2430,0
1753919880000,2.6540,2.6550,2.6530,2.654,1697,1753919939999,4503.4700,44,533,1414.5950,0
1753919940000,2.6540,2.6560,2.6540,2.656,11895,1753919999999,31577.6600,104,9621,25541.0350,0
1753920000000,2.6550,2.6560,2.6490,2.651,124482,1753920059999,330146.8040,1046,40537,107520.0870,0
1753920060000,2.6500,2.6500,2.6470,2.647,28994,1753920119999,76776.7230,269,5315,14075.7360,0
1753920120000,2.6480,2.6480,2.6440,2.645,37876,1753920179999,100228.2270,245,9031,23903.4020,0
1753920180000,2.6450,2.6470,2.6440,2.646,23021,1753920239999,60894.8390,190,14721,38940.9420,0
1753920240000,2.6470,2.6470,2.6440,2.646,20840,1753920299999,55129.6120,152,11950,31610.9600,0
1753920300000,2.6470,2.6490,2.6450,2.647,20292,1753920359999,53704.0270,205,6028,15956.7120,0
1753920360000,2.6470,2.6490,2.6450,2.647,46387,1753920419999,122803.8220,236,32743,86684.9250,0
1753920420000,2.6470,2.6480,2.6440,2.646,21438,1753920479999,56716.9920,191,8042,21274.9090,0
1753920480000,2.6450,2.6470,2.6430,2.644,6127,1753920539999,16202.4760,150,2137,5652.1570,0
1753920540000,2.6450,2.6460,2.6440,2.646,9594,1753920599999,25375.6490,99,2981,7884.7820,0
1753920600000,2.6450,2.6450,2.6400,2.641,20856,1753920659999,55100.4560,199,116,306.5630,0
1753920660000,2.6410,2.6440,2.6410,2.643,22638,1753920719999,59803.8650,260,16750,44242.4700,0
1753920720000,2.6440,2.6450,2.6430,2.643,9646,1753920779999,25504.6610,89,3078,8138.9890,0
1753920780000,2.6440,2.6460,2.6430,2.646,8465,1753920839999,22384.9400,117,3287,8695.0700,0
1753920840000,2.6460,2.6460,2.6430,2.646,18946,1753920899999,50115.3710,170,9932,26272.5340,0
1753920900000,2.6460,2.6510,2.6460,2.651,14488,1753920959999,38380.8700,174,12156,32202.7110,0
1753920960000,2.6500,2.6560,2.6500,2.655,47004,1753921019999,124733.6140,249,44220,117346.6690,0
1753921020000,2.6550,2.6580,2.6510,2.651,20804,1753921079999,55260.3310,236,5699,15137.0630,0
1753921080000,2.6510,2.6560,2.6510,2.656,14631,1753921139999,38840.0740,136,7094,18828.6840,0
1753921140000,2.6560,2.6560,2.6520,2.654,3817,1753921199999,10130.5610,98,1400,3716.2060,0
1753921200000,2.6530,2.6540,2.6490,2.649,9788,1753921259999,25944.5210,112,871,2309.9650,0
1753921260000,2.6500,2.6530,2.6480,2.65,9476,1753921319999,25113.4690,178,4237,11231.8330,0
1753921320000,2.6500,2.6500,2.6480,2.65,4904,1753921379999,12993.4090,96,3097,8206.2330,0
1753921380000,2.6500,2.6520,2.6490,2.649,6297,1753921439999,16692.0520,95,3073,8146.1670,0
1753921440000,2.6500,2.6540,2.6490,2.654,4639,1753921499999,12300.5320,107,2915,7730.8130,0
1753921500000,2.6540,2.6560,2.6530,2.655,4678,1753921559999,12417.5470,103,2550,6768.6530,0
1753921560000,2.6540,2.6570,2.6540,2.655,10109,1753921619999,26849.2170,116,7195,19111.7980,0
1753921620000,2.6550,2.6620,2.6550,2.661,49933,1753921679999,132685.9870,281,23101,61403.2580,0
1753921680000,2.6610,2.6650,2.6600,2.663,76263,1753921739999,203081.4970,213,68745,183071.4610,0
1753921740000,2.6630,2.6660,2.6620,2.665,11744,1753921799999,31280.7270,109,8787,23404.9280,0
1753921800000,2.6660,2.6660,2.6610,2.663,42546,1753921859999,113323.0490,304,6919,18423.0180,0
1753921860000,2.6630,2.6630,2.6600,2.662,24752,1753921919999,65883.0240,174,6494,17285.0570,0
1753921920000,2.6610,2.6640,2.6610,2.661,29645,1753921979999,78934.5210,188,8483,22590.5090,0
1753921980000,2.6610,2.6640,2.6600,2.664,37110,1753922039999,98761.4270,180,15779,42004.5010,0
1753922040000,2.6630,2.6680,2.6630,2.667,57917,1753922099999,154426.8040,285,41465,110560.1510,0
1753922100000,2.6660,2.6690,2.6640,2.668,41304,1753922159999,110167.3900,225,21222,56599.1890,0
1753922160000,2.6670,2.6700,2.6670,2.667,17582,1753922219999,46915.5750,140,6081,16227.9580,0
1753922220000,2.6670,2.6700,2.6670,2.669,26870,1753922279999,71712.2620,156,13406,35783.8380,0
1753922280000,2.6690,2.6710,2.6680,2.67,23241,1753922339999,62049.1560,162,10082,26918.5790,0
1753922340000,2.6700,2.6730,2.6690,2.672,33379,1753922399999,89127.6290,176,28563,76268.8400,0
1753922400000,2.6730,2.6800,2.6730,2.676,211642,1753922459999,566733.7510,601,155727,416994.3130,0
1753922460000,2.6750,2.6800,2.6740,2.679,26432,1753922519999,70726.6880,277,13499,36129.1300,0
1753922520000,2.6800,2.6820,2.6780,2.682,13572,1753922579999,36368.5880,229,6726,18026.8570,0
1753922580000,2.6810,2.6820,2.6790,2.681,14077,1753922639999,37734.7240,157,4521,12119.8540,0
1753922640000,2.6810,2.6840,2.6800,2.682,33080,1753922699999,88745.7560,219,11895,31909.3950,0
1753922700000,2.6810,2.6830,2.6780,2.681,42465,1753922759999,113816.5820,279,3659,9809.4060,0
1753922760000,2.6820,2.6830,2.6800,2.683,19727,1753922819999,52894.6380,181,6514,17467.6350,0
1753922820000,2.6830,2.6840,2.6800,2.682,37304,1753922879999,100044.7410,213,7507,20135.1600,0
1753922880000,2.6820,2.6830,2.6790,2.681,21846,1753922939999,58571.9240,246,11405,30583.6850,0
1753922940000,2.6800,2.6850,2.6800,2.684,18924,1753922999999,50761.7380,213,11032,29591.1580,0
1753923000000,2.6830,2.6840,2.6790,2.679,17934,1753923059999,48086.8360,200,5928,15887.1670,0
1753923060000,2.6790,2.6800,2.6730,2.674,42969,1753923119999,114944.7470,290,10026,26811.0000,0
1753923120000,2.6750,2.6790,2.6740,2.679,39147,1753923179999,104803.8720,255,23307,62394.6440,0
1753923180000,2.6800,2.6800,2.6770,2.677,17107,1753923239999,45821.3000,211,6295,16863.6670,0
1753923240000,2.6780,2.6810,2.6770,2.679,18256,1753923299999,48914.0480,202,12963,34732.2930,0
1753923300000,2.6800,2.6800,2.6770,2.678,16553,1753923359999,44349.5530,176,2275,6096.5070,0
1753923360000,2.6780,2.6810,2.6780,2.678,12503,1753923419999,33498.0560,194,6516,17460.8790,0
1753923420000,2.6780,2.6810,2.6780,2.68,32148,1753923479999,86175.3880,205,11382,30511.7050,0
1753923480000,2.6800,2.6840,2.6800,2.683,45951,1753923539999,123246.7040,235,27738,74421.4480,0
1753923540000,2.6840,2.6840,2.6820,2.683,9601,1753923599999,25761.2020,129,5678,15236.0090,0
1753923600000,2.6840,2.6840,2.6800,2.681,18704,1753923659999,50173.8600,326,6310,16925.4470,0
1753923660000,2.6810,2.6820,2.6770,2.677,30740,1753923719999,82343.4390,239,12796,34277.0050,0
1753923720000,2.6760,2.6820,2.6750,2.681,23885,1753923779999,63963.0000,232,17877,47884.9210,0
1753923780000,2.6820,2.6840,2.6800,2.684,26668,1753923839999,71531.1600,225,10943,29353.5870,0
1753923840000,2.6830,2.6860,2.6820,2.684,67348,1753923899999,180811.9540,212,55711,149576.9330,0
1753923900000,2.6840,2.6840,2.6800,2.683,32448,1753923959999,87000.1510,238,22813,61165.6430,0
1753923960000,2.6830,2.6840,2.6810,2.683,8811,1753924019999,23634.7330,118,4283,11491.9900,0
1753924020000,2.6830,2.6860,2.6820,2.686,26837,1753924079999,72033.7620,266,19028,51079.6040,0
1753924080000,2.6850,2.6870,2.6840,2.686,13404,1753924139999,35996.8970,156,5219,14017.6540,0
1753924140000,2.6860,2.6880,2.6860,2.686,11856,1753924199999,31857.4760,121,4128,11092.6180,0
1753924200000,2.6860,2.6860,2.6810,2.682,38877,1753924259999,104332.9390,216,7600,20391.0160,0
1753924260000,2.6820,2.6830,2.6810,2.682,8588,1753924319999,23029.2510,138,1902,5101.2010,0
1753924320000,2.6820,2.6840,2.6810,2.684,7318,1753924379999,19634.2870,163,4549,12206.4920,0
1753924380000,2.6840,2.6860,2.6810,2.681,52356,1753924439999,140522.9140,234,11921,32007.9120,0
1753924440000,2.6820,2.6830,2.6800,2.681,23141,1753924499999,62057.3790,144,16569,44436.4210,0
1753924500000,2.6820,2.6830,2.6770,2.68,39793,1753924559999,106642.6290,241,8445,22637.6300,0
1753924560000,2.6800,2.6810,2.6770,2.679,15059,1753924619999,40332.2750,180,3905,10464.0700,0
1753924620000,2.6790,2.6800,2.6780,2.679,13190,1753924679999,35340.0380,150,4897,13122.1520,0
1753924680000,2.6780,2.6820,2.6780,2.681,29244,1753924739999,78388.0600,197,22310,59800.1840,0
1753924740000,2.6800,2.6830,2.6790,2.681,63716,1753924799999,170864.3170,257,33366,89468.8970,0
1753924800000,2.6800,2.6810,2.6780,2.681,13986,1753924859999,37480.3410,171,11657,31240.4070,0
1753924860000,2.6810,2.6820,2.6780,2.679,38074,1753924919999,102046.7870,211,12740,34151.5000,0
1753924920000,2.6790,2.6800,2.6780,2.679,5200,1753924979999,13932.7540,93,3037,8138.1600,0
1753924980000,2.6790,2.6810,2.6780,2.678,44745,1753925039999,119908.3410,170,39859,106821.4620,0
1753925040000,2.6780,2.6790,2.6770,2.679,7685,1753925099999,20580.4710,89,3726,9979.1320,0
1753925100000,2.6780,2.6790,2.6770,2.678,6075,1753925159999,16269.2480,110,2448,6557.8700,0
1753925160000,2.6790,2.6790,2.6740,2.675,27192,1753925219999,72757.8140,176,2514,6725.1550,0
1753925220000,2.6750,2.6770,2.6740,2.677,23574,1753925279999,63091.9250,106,17140,45880.8590,0
1753925280000,2.6760,2.6840,2.6760,2.683,93502,1753925339999,250534.6930,241,86439,231590.3540,0
1753925340000,2.6840,2.6870,2.6820,2.687,50549,1753925399999,135687.6130,233,48291,129628.7540,0
1753925400000,2.6880,2.6920,2.6870,2.691,126599,1753925459999,340492.6910,447,94162,253257.4920,0
1753925460000,2.6910,2.6940,2.6910,2.694,24285,1753925519999,65388.7560,223,10032,27013.5700,0
1753925520000,2.6940,2.6940,2.6870,2.688,54375,1753925579999,146195.4560,416,9285,24974.3130,0
1753925580000,2.6880,2.6880,2.6790,2.68,31669,1753925639999,84964.9010,261,2464,6610.1010,0
1753925640000,2.6800,2.6810,2.6780,2.678,16320,1753925699999,43737.9780,173,7378,19779.6990,0
1753925700000,2.6790,2.6810,2.6780,2.68,18689,1753925759999,50091.4210,210,7045,18883.5200,0
1753925760000,2.6810,2.6830,2.6800,2.68,13944,1753925819999,37390.2880,118,5631,15101.3910,0
1753925820000,2.6810,2.6810,2.6800,2.681,8472,1753925879999,22710.5630,114,2613,7005.3870,0
1753925880000,2.6810,2.6840,2.6800,2.683,11715,1753925939999,31420.8160,130,6244,16751.8200,0
1753925940000,2.6830,2.6840,2.6820,2.682,3740,1753925999999,10035.0340,83,1241,3330.5310,0
1753926000000,2.6810,2.6820,2.6790,2.68,44715,1753926059999,119876.7980,185,37842,101452.2460,0
1753926060000,2.6800,2.6810,2.6790,2.68,8396,1753926119999,22499.2280,147,1449,3883.3580,0
1753926120000,2.6810,2.6830,2.6790,2.681,13271,1753926179999,35582.2580,231,7189,19275.7430,0
1753926180000,2.6810,2.6820,2.6800,2.681,5041,1753926239999,13514.1670,115,1575,4223.0700,0
1753926240000,2.6810,2.6830,2.6800,2.682,11569,1753926299999,31026.0590,114,4615,12377.0360,0
1753926300000,2.6810,2.6810,2.6780,2.678,34593,1753926359999,92674.5310,197,1908,5112.4700,0
1753926360000,2.6790,2.6800,2.6770,2.677,14903,1753926419999,39921.2630,166,10814,28970.7120,0
1753926420000,2.6770,2.6790,2.6740,2.676,71653,1753926479999,191750.6160,333,7967,21315.1100,0
1753926480000,2.6770,2.6810,2.6760,2.678,23016,1753926539999,61657.0110,186,19320,51756.6220,0
1753926540000,2.6780,2.6800,2.6770,2.679,4196,1753926599999,11238.9650,111,1889,5060.5590,0
1753926600000,2.6790,2.6850,2.6790,2.685,41997,1753926659999,112706.4910,196,40407,108445.0540,0
1753926660000,2.6840,2.6840,2.6820,2.682,7636,1753926719999,20487.0800,144,1548,4153.3020,0
1753926720000,2.6810,2.6830,2.6810,2.682,4678,1753926779999,12546.3970,89,1480,3969.5370,0
1753926780000,2.6810,2.6820,2.6770,2.677,40146,1753926839999,107585.3700,228,6107,16356.8150,0
1753926840000,2.6760,2.6790,2.6760,2.677,18156,1753926899999,48613.0590,162,9112,24400.8390,0
1753926900000,2.6770,2.6810,2.6770,2.677,5005,1753926959999,13408.1640,125,2639,7068.5310,0
1753926960000,2.6780,2.6790,2.6760,2.677,28816,1753927019999,77149.9090,173,10651,28516.8120,0
1753927020000,2.6760,2.6790,2.6760,2.679,7274,1753927079999,19476.3200,91,1178,3154.6860,0
1753927080000,2.6790,2.6800,2.6770,2.678,4345,1753927139999,11638.7850,106,876,2346.0120,0
1753927140000,2.6780,2.6800,2.6780,2.68,8963,1753927199999,24017.3490,99,8660,23205.7790,0
1753927200000,2.6800,2.6820,2.6770,2.677,8873,1753927259999,23778.3670,259,2612,7000.8820,0
1753927260000,2.6770,2.6800,2.6760,2.679,17504,1753927319999,46866.8560,146,16145,43228.7630,0
1753927320000,2.6800,2.6800,2.6780,2.678,7011,1753927379999,18785.4480,172,5273,14129.5030,0
1753927380000,2.6790,2.6800,2.6760,2.679,26498,1753927439999,70949.6000,179,8817,23609.6220,0
1753927440000,2.6790,2.6790,2.6740,2.674,14693,1753927499999,39318.7950,141,61,163.3310,0
1753927500000,2.6740,2.6760,2.6740,2.674,16429,1753927559999,43940.9900,123,10286,27514.4140,0
1753927560000,2.6750,2.6760,2.6740,2.676,8934,1753927619999,23900.2830,123,6623,17718.4050,0
1753927620000,2.6760,2.6820,2.6760,2.682,14350,1753927679999,38443.9270,179,11872,31801.1660,0
1753927680000,2.6830,2.6850,2.6820,2.683,9952,1753927739999,26705.1850,163,6136,16465.5000,0
1753927740000,2.6830,2.6830,2.6800,2.681,3307,1753927799999,8868.6920,130,1320,3540.0080,0
1753927800000,2.6810,2.6840,2.6810,2.682,10634,1753927859999,28521.0760,156,6440,17274.4600,0
1753927860000,2.6830,2.6830,2.6810,2.683,3100,1753927919999,8314.6510,106,1649,4423.0770,0
1753927920000,2.6820,2.6820,2.6800,2.682,2470,1753927979999,6622.1920,119,1208,3238.6940,0
1753927980000,2.6820,2.6830,2.6800,2.682,6905,1753928039999,18517.0530,178,3661,9818.0940,0
1753928040000,2.6820,2.6830,2.6800,2.68,4187,1753928099999,11227.2290,93,2039,5467.3640,0
1753928100000,2.6800,2.6800,2.6780,2.679,5126,1753928159999,13733.1040,113,171,458.1090,0
1753928160000,2.6790,2.6790,2.6760,2.676,14606,1753928219999,39110.8880,125,4460,11944.0730,0
1753928220000,2.6770,2.6790,2.6770,2.679,8479,1753928279999,22706.8660,151,5474,14658.7090,0
1753928280000,2.6780,2.6790,2.6770,2.677,5308,1753928339999,14214.1130,97,2235,5985.3380,0
1753928340000,2.6780,2.6800,2.6770,2.677,5393,1753928399999,14444.1780,120,1741,4663.4450,0
1753928400000,2.6780,2.6840,2.6770,2.682,55485,1753928459999,148773.8270,257,52605,141049.1420,0
1753928460000,2.6830,2.6840,2.6810,2.681,6961,1753928519999,18674.2460,121,2555,6855.1800,0
1753928520000,2.6820,2.6830,2.6800,2.681,23468,1753928579999,62935.5430,131,13863,37180.3240,0
1753928580000,2.6820,2.6850,2.6810,2.683,14558,1753928639999,39050.6430,141,5524,14818.4640,0
1753928640000,2.6830,2.6830,2.6810,2.683,8383,1753928699999,22485.1680,108,3637,9754.7970,0
1753928700000,2.6820,2.6830,2.6800,2.682,12470,1753928759999,33433.7690,141,7371,19762.7100,0
1753928760000,2.6820,2.6850,2.6820,2.684,22505,1753928819999,60387.1490,161,18380,49316.2500,0
1753928820000,2.6840,2.6890,2.6840,2.687,20270,1753928879999,54461.5890,165,11908,31988.2070,0
1753928880000,2.6870,2.6910,2.6860,2.69,41925,1753928939999,112751.8060,225,31007,83398.3140,0
1753928940000,2.6900,2.6910,2.6860,2.686,37183,1753928999999,99999.9470,156,519,1396.0890,0
1753929000000,2.6870,2.6890,2.6860,2.689,12305,1753929059999,33069.9070,147,4963,13337.4680,0
1753929060000,2.6880,2.6900,2.6850,2.685,12236,1753929119999,32899.6170,182,4700,12640.9230,0
1753929120000,2.6850,2.6860,2.6840,2.684,5708,1753929179999,15328.5290,140,2987,8022.5880,0
1753929180000,2.6840,2.6870,2.6830,2.686,7448,1753929239999,19998.5190,140,5702,15311.1410,0
1753929240000,2.6860,2.6870,2.6850,2.685,4780,1753929299999,12839.2410,118,1493,4010.4610,0
1753929300000,2.6850,2.6870,2.6850,2.685,13982,1753929359999,37544.1830,133,2192,5886.6050,0
1753929360000,2.6860,2.6900,2.6860,2.687,28235,1753929419999,75896.2230,242,19032,51156.5950,0
1753929420000,2.6880,2.6880,2.6870,2.687,14432,1753929479999,38791.5100,103,6436,17299.9680,0
1753929480000,2.6870,2.6920,2.6870,2.691,8818,1753929539999,23723.0130,171,7674,20647.2150,0
1753929540000,2.6910,2.6920,2.6890,2.691,19777,1753929599999,53218.4560,191,8654,23290.4230,0
1753929600000,2.6910,2.6950,2.6910,2.693,124747,1753929659999,335967.7960,389,85419,230063.8600,0
1753929660000,2.6940,2.6970,2.6920,2.695,66056,1753929719999,178005.4800,260,48290,130129.5340,0
1753929720000,2.6960,2.6990,2.6950,2.699,121282,1753929779999,327182.5390,348,110851,299047.2920,0
1753929780000,2.6980,2.6980,2.6960,2.698,14474,1753929839999,39036.3480,146,4690,12649.1920,0
1753929840000,2.6980,2.7000,2.6970,2.699,33910,1753929899999,91540.9820,224,31139,84063.0990,0
1753929900000,2.6990,2.7010,2.6960,2.696,21927,1753929959999,59184.6700,230,5587,15078.9130,0
1753929960000,2.6970,2.6970,2.6910,2.691,21760,1753930019999,58606.2970,215,6204,16715.3590,0
1753930020000,2.6910,2.6940,2.6910,2.692,16871,1753930079999,45425.6240,166,14347,38631.5270,0
1753930080000,2.6920,2.6960,2.6920,2.695,15223,1753930139999,41014.8610,179,11352,30586.2300,0
1753930140000,2.6950,2.6960,2.6930,2.695,5037,1753930199999,13571.7680,111,1691,4556.4890,0
1753930200000,2.6950,2.6950,2.6930,2.694,19713,1753930259999,53107.0670,127,11987,32292.9910,0
1753930260000,2.6930,2.6930,2.6910,2.692,4312,1753930319999,11609.7530,102,832,2239.7780,0
1753930320000,2.6920,2.6920,2.6900,2.691,24721,1753930379999,66511.0830,140,10104,27188.9440,0
1753930380000,2.6920,2.6920,2.6890,2.691,24734,1753930439999,66538.9820,152,9614,25864.2850,0
1753930440000,2.6920,2.6960,2.6910,2.695,18890,1753930499999,50874.4120,203,11313,30469.5350,0
1753930500000,2.6950,2.6980,2.6940,2.697,12171,1753930559999,32814.8640,162,6065,16352.5900,0
1753930560000,2.6970,2.6970,2.6950,2.697,7089,1753930619999,19113.8390,89,509,1372.5040,0
1753930620000,2.6960,2.6960,2.6930,2.695,26573,1753930679999,71618.0120,163,1433,3861.8940,0
1753930680000,2.6950,2.6970,2.6950,2.696,2167,1753930739999,5841.8910,99,1269,3421.2340,0
1753930740000,2.6960,2.6980,2.6950,2.697,16581,1753930799999,44715.7470,117,15125,40790.3630,0
