timestamp,open,high,low,close,volume,close_time,quote_asset_volume,trades,taker_buy_base,taker_buy_quote,ignore
1753412400000,178.7500,179.3200,178.4100,179.13,142168.65,1753412459999,25420879.170600,10645,58045.78,10387778.605700,0
1753412460000,179.1300,179.3700,179.0100,179.02,33051.44,1753412519999,5922864.041900,4144,19726.74,3535190.243600,0
1753412520000,179.0200,179.1500,178.5600,178.56,42098.23,1753412579999,7526542.191100,4371,16230.25,2901457.981800,0
1753412580000,178.5600,179.0700,178.4800,178.91,53211.31,1753412639999,9514813.892300,5625,24828.69,4440363.484600,0
1753412640000,178.9000,178.9100,178.0900,178.13,77625.21,1753412699999,13847136.483600,7192,20783.18,3707928.620600,0
1753412700000,178.1300,178.6800,178.0700,178.48,67467.57,1753412759999,12033432.765800,10113,31910.15,5691633.946300,0
1753412760000,178.4700,179.4000,178.0600,179.27,68047.29,1753412819999,12160597.839700,12131,39999.61,7148180.877800,0
1753412820000,179.2700,179.6800,179.2000,179.44,64668.30,1753412879999,11606203.968400,6745,37285.02,6690981.413300,0
1753412880000,179.4400,179.6000,179.2100,179.23,44852.67,1753412939999,8046342.513400,4685,21786.34,3909165.564000,0
1753412940000,179.2300,179.3900,179.0300,179.04,36632.04,1753412999999,6566622.726500,4043,16933.18,3035705.345600,0
1753413000000,179.0400,179.2800,178.8000,179.16,49055.29,1753413059999,8784683.573300,5362,28747.44,5149116.456300,0
1753413060000,179.1700,179.3300,179.0700,179.09,24260.19,1753413119999,4347335.724000,2915,12738.56,2282825.489200,0
1753413120000,179.0900,179.3000,178.8600,178.87,22299.92,1753413179999,3994571.980100,2911,6470.24,1159432.776200,0
1753413180000,178.8700,178.9300,178.6000,178.78,27451.79,1753413239999,4908148.132300,3936,10581.87,1891872.456200,0
1753413240000,178.7900,179.0400,178.6600,178.7,38483.51,1753413299999,6880002.796700,3056,14868.25,2658199.118800,0
1753413300000,178.7000,178.8000,178.1000,178.3,75989.62,1753413359999,13557224.160400,6900,23623.11,4214591.110600,0
1753413360000,178.3100,178.3600,178.0900,178.31,64474.88,1753413419999,11494490.587600,5130,21834.90,3892144.488900,0
1753413420000,178.3000,178.5800,178.2000,178.45,25447.86,1753413479999,4538889.589200,4087,15356.76,2739229.166400,0
1753413480000,178.4500,178.7200,178.3200,178.48,20524.44,1753413539999,3664566.535300,3436,11048.44,1972759.831900,0
1753413540000,178.4900,178.6500,178.3800,178.48,10981.95,1753413599999,1960472.751200,2618,5684.50,1014823.469900,0
1753413600000,178.4800,178.9200,178.4800,178.87,24451.78,1753413659999,4371217.812800,3916,12979.49,2320311.048100,0
1753413660000,178.8800,179.1600,178.6800,179.16,55717.87,1753413719999,9966525.962100,4463,27739.52,4961680.507000,0
1753413720000,179.1600,179.3900,179.0400,179.05,36987.97,1753413779999,6629707.185700,3867,24871.38,4458310.720000,0
1753413780000,179.0600,179.1800,178.7200,178.89,26939.93,1753413839999,4820161.605100,3654,12994.24,2324975.269100,0
1753413840000,178.8900,179.0900,178.8600,178.88,18657.02,1753413899999,3338504.602100,2414,6812.33,1219084.186900,0
1753413900000,178.8900,179.0700,178.7700,178.85,12372.11,1753413959999,2213135.666600,2260,7249.11,1296652.610000,0
1753413960000,178.8500,178.8700,178.4100,178.67,16081.28,1753414019999,2871876.002000,2437,6087.00,1087226.514700,0
1753414020000,178.6700,178.7200,178.4300,178.63,28862.80,1753414079999,5155677.744600,3113,11484.62,2051309.573000,0
1753414080000,178.6300,178.7100,178.0000,178.08,40312.83,1753414139999,7185671.049100,4837,13737.88,2449565.616800,0
1753414140000,178.0800,178.1800,177.6600,177.89,78265.01,1753414199999,13926033.452660,7681,22951.36,4085462.974400,0
1753414200000,177.8900,177.8900,177.1700,177.44,128012.30,1753414259999,22715838.864340,12443,34217.98,6072098.826500,0
1753414260000,177.4500,177.5600,177.0200,177.24,102945.85,1753414319999,18249275.704300,10159,40677.03,7212613.043100,0
1753414320000,177.2400,177.3300,176.3600,176.42,161756.58,1753414379999,28595268.596400,16498,47893.43,8467878.783300,0
1753414380000,176.4200,176.5600,175.5000,175.99,365665.74,1753414439999,64348169.230860,25272,147221.87,25909119.117100,0
1753414440000,175.9900,176.3800,175.7700,176.16,86304.03,1753414499999,15201587.583600,12229,46162.54,8130730.652900,0
1753414500000,176.1600,176.4000,175.9600,176.13,46359.60,1753414559999,8169786.209100,5321,23252.79,4097821.566400,0
1753414560000,176.1300,176.7300,176.1300,176.43,62440.78,1753414619999,11013570.800000,6446,44073.06,7773232.644100,0
1753414620000,176.4300,176.6600,176.4000,176.48,39095.78,1753414679999,6900808.820100,5220,17757.68,3134515.650300,0
1753414680000,176.4800,176.8200,176.4200,176.78,33128.40,1753414739999,5852912.364100,3922,21681.83,3830785.435500,0
1753414740000,176.7700,176.8100,176.4300,176.69,28769.40,1753414799999,5082191.915300,4186,13672.77,2415337.185100,0
1753414800000,176.6900,176.8800,176.6000,176.62,28260.79,1753414859999,4994365.565100,3617,13427.15,2373068.951900,0
1753414860000,176.6200,176.8200,176.5700,176.72,21720.35,1753414919999,3837712.182600,3044,8414.41,1486603.974800,0
1753414920000,176.7300,177.1000,176.6200,176.63,21408.96,1753414979999,3786608.916100,4008,10623.72,1879196.919100,0
1753414980000,176.6400,176.9200,176.6000,176.6,55234.53,1753415039999,9763258.937200,4042,31752.68,5612263.105500,0
1753415040000,176.6000,177.0500,176.5800,177.05,22293.33,1753415099999,3942256.645500,3097,12060.31,2132803.953400,0
1753415100000,177.0500,177.0600,176.7600,177.0,27597.45,1753415159999,4882651.340700,3856,11646.39,2060619.866200,0
1753415160000,177.0100,177.6100,177.0100,177.32,60482.05,1753415219999,10720880.579360,7027,33838.48,5997698.909760,0
1753415220000,177.3200,177.3200,176.9100,177.12,22880.81,1753415279999,4053065.133900,3957,13714.67,2429410.002400,0
1753415280000,177.1300,177.5300,177.1200,177.31,60981.32,1753415339999,10817149.691500,5670,32927.20,5841047.551200,0
1753415340000,177.3200,177.5300,177.1200,177.47,44895.26,1753415399999,7963647.061300,3755,35670.53,6327516.845400,0
1753415400000,177.4700,177.5200,177.0000,177.01,26868.42,1753415459999,4760643.109400,4219,12548.26,2222859.748500,0
1753415460000,177.0100,177.3000,176.9800,177.09,24865.34,1753415519999,4404006.230100,3902,12649.90,2240434.632500,0
1753415520000,177.0800,177.5200,177.0400,177.34,27278.04,1753415579999,4837233.053200,3579,13927.30,2469540.068900,0
1753415580000,177.3500,177.5500,177.2200,177.25,22188.20,1753415639999,3935471.577700,2929,8723.68,1547449.118300,0
1753415640000,177.2500,177.5600,177.2500,177.5,10700.04,1753415699999,1898726.407300,2486,6007.94,1066096.021000,0
1753415700000,177.5100,177.5900,177.2900,177.57,20185.77,1753415759999,3581675.346400,2988,11147.69,1978071.384900,0
1753415760000,177.5700,177.9800,177.5500,177.89,64984.34,1753415819999,11558815.794160,5565,43369.15,7713922.864560,0
1753415820000,177.8800,177.9300,177.5200,177.58,28328.80,1753415879999,5036595.773400,5755,16559.53,2944578.301700,0
1753415880000,177.5800,177.8900,177.5500,177.6,11622.06,1753415939999,2064986.580300,4905,3816.60,678210.076600,0
1753415940000,177.5900,177.8100,177.5400,177.64,10937.56,1753415999999,1943301.726700,2056,5166.70,918169.635900,0
1753416000000,177.6300,177.6400,177.4500,177.61,25975.50,1753416059999,4611809.458800,3433,12993.26,2306834.384700,0
1753416060000,177.6200,177.6200,177.4100,177.54,14024.85,1753416119999,2489728.404800,2529,6750.18,1198241.855100,0
1753416120000,177.5300,177.5600,177.0200,177.33,27938.38,1753416179999,4952691.798800,4179,10089.53,1788083.045600,0
1753416180000,177.3300,177.9000,177.3300,177.77,41446.86,1753416239999,7366133.187200,4819,25675.99,4563584.083200,0
1753416240000,177.7700,177.7800,177.3500,177.35,17022.35,1753416299999,3022722.657300,2816,7620.03,1353033.751000,0
1753416300000,177.3500,177.6000,177.2800,177.34,25320.91,1753416359999,4491640.869800,3341,15384.72,2729053.655700,0
1753416360000,177.3400,177.4100,177.0100,177.02,28555.41,1753416419999,5058939.182500,3456,11069.15,1960975.358200,0
1753416420000,177.0300,177.3500,177.0300,177.27,21650.67,1753416479999,3836828.906000,2824,14679.03,2601218.685500,0
1753416480000,177.2700,177.3500,177.0100,177.03,17777.52,1753416539999,3150219.042600,2598,7674.97,1360067.574600,0
1753416540000,177.0400,177.0700,176.5800,176.66,38094.90,1753416599999,6734227.159600,5522,14275.45,2523104.951600,0
1753416600000,176.6600,177.2500,176.6600,177.25,22799.48,1753416659999,4034454.906600,3718,8551.24,1513088.623700,0
1753416660000,177.2500,177.5800,177.0700,177.07,34112.41,1753416719999,6051493.952400,4630,16516.85,2930004.978600,0
1753416720000,177.0800,177.3000,176.6700,176.77,36792.35,1753416779999,6514419.442100,4535,24533.59,4345216.371500,0
1753416780000,176.7600,177.0000,176.5800,176.88,17416.24,1753416839999,3079621.418100,3227,7548.84,1334817.091400,0
1753416840000,176.8900,176.9300,176.5600,176.67,18353.26,1753416899999,3243786.967100,3157,7608.16,1344676.309400,0
1753416900000,176.6700,176.8000,176.1400,176.24,49723.17,1753416959999,8771210.395560,5358,19760.61,3486021.177000,0
1753416960000,176.2500,176.6600,176.0000,176.66,55933.75,1753417019999,9855516.848800,9151,24236.53,4271955.628200,0
1753417020000,176.6500,177.2000,176.4800,177.1,46486.81,1753417079999,8227058.933500,8032,27046.16,4786173.019300,0
1753417080000,177.1100,177.5000,177.0500,177.21,35127.82,1753417139999,6227194.486200,4261,20853.73,3696640.871300,0
1753417140000,177.2000,177.3200,177.0200,177.02,16622.76,1753417199999,2945204.198900,2812,4412.74,781856.164100,0
1753417200000,177.0200,177.3500,176.9500,177.04,23648.64,1753417259999,4188787.650600,3070,9670.71,1713070.543900,0
1753417260000,177.0500,177.1900,176.6000,176.6,22996.74,1753417319999,4067318.072600,3652,8805.52,1557888.721900,0
1753417320000,176.6000,177.0300,176.6000,176.91,22538.36,1753417379999,3986304.235700,3046,8882.72,1570764.434400,0
1753417380000,176.9200,176.9900,176.6000,176.94,20816.52,1753417439999,3679564.506300,2857,11872.88,2098448.927200,0
1753417440000,176.9500,177.0800,176.7500,177.02,11325.13,1753417499999,2003305.973600,2245,5956.36,1053639.939800,0
1753417500000,177.0300,177.0300,176.7800,176.78,10032.42,1753417559999,1774509.868900,2415,5274.87,932989.934000,0
1753417560000,176.7800,176.9000,176.6300,176.71,10525.27,1753417619999,1860685.127700,2153,4659.53,823654.702500,0
1753417620000,176.7200,176.7600,176.5500,176.63,11264.32,1753417679999,1989551.319000,2626,4013.64,708950.270100,0
1753417680000,176.6400,177.4300,176.6000,177.41,36492.07,1753417739999,6462204.663700,3658,28984.86,5132649.468900,0
1753417740000,177.4100,177.4500,177.1400,177.31,57738.06,1753417799999,10239483.846300,3620,31699.44,5621167.650500,0
1753417800000,177.3100,178.0800,177.3000,178.04,55460.40,1753417859999,9852009.405160,5486,36180.71,6428745.034660,0
1753417860000,178.0400,178.4300,177.8900,178.42,112261.52,1753417919999,20005750.293000,8767,65270.40,11633547.742600,0
1753417920000,178.4100,178.7300,178.2800,178.57,66118.61,1753417979999,11801117.888370,9507,33812.61,6035657.141370,0
1753417980000,178.5700,178.8400,178.5400,178.71,44138.42,1753418039999,7888453.498100,5072,30723.99,5491283.118200,0
1753418040000,178.7100,178.7900,178.5400,178.72,30700.29,1753418099999,5485207.896400,2911,19915.97,3558399.622300,0
1753418100000,178.7100,178.7600,178.4100,178.74,30244.44,1753418159999,5400776.641800,3513,15494.44,2767101.184900,0
1753418160000,178.7400,179.0400,178.3500,178.55,68706.50,1753418219999,12288183.550100,5762,52443.64,9380800.840600,0
1753418220000,178.5500,178.5900,178.2500,178.53,18234.70,1753418279999,3252853.192400,2960,10865.85,1938427.617900,0
1753418280000,178.5200,178.6100,178.4000,178.61,15071.44,1753418339999,2690314.563300,2759,9606.81,1714842.974000,0
1753418340000,178.6200,178.7900,178.5300,178.73,23136.70,1753418399999,4133812.283200,2861,14511.69,2592790.569000,0
1753418400000,178.7300,178.7800,178.2900,178.39,28409.50,1753418459999,5073980.878200,3054,17382.80,3105237.542800,0
1753418460000,178.3900,178.4300,178.2100,178.39,14663.84,1753418519999,2615014.238400,2716,7654.03,1365117.264900,0
1753418520000,178.4000,178.4700,178.2000,178.22,14034.60,1753418579999,2503023.148200,2025,8010.25,1428647.956400,0
1753418580000,178.2200,178.4200,178.0200,178.05,20825.97,1753418639999,3711333.155300,3066,10411.67,1855905.545700,0
1753418640000,178.0600,178.1800,177.9300,178.08,18583.50,1753418699999,3308567.169900,2493,9113.98,1622701.536100,0
1753418700000,178.0900,178.6300,178.0900,178.58,18571.93,1753418759999,3314592.818200,4160,12831.94,2290303.341900,0
1753418760000,178.5800,178.6300,178.3500,178.54,11762.74,1753418819999,2099763.392500,2621,6564.79,1171990.353100,0
1753418820000,178.5500,178.5800,178.3800,178.53,24701.88,1753418879999,4409107.475500,2616,16913.68,3018972.616800,0
1753418880000,178.5300,178.8500,178.5200,178.84,25113.00,1753418939999,4488202.802700,2812,19825.55,3543314.117600,0
1753418940000,178.8300,179.0300,178.7700,179.01,47399.38,1753418999999,8479505.963500,3527,30223.27,5407190.519000,0
1753419000000,179.0000,179.0000,178.5600,178.75,58772.97,1753419059999,10503136.897700,3750,28928.51,5169765.802100,0
1753419060000,178.7400,178.8700,178.6300,178.86,40926.61,1753419119999,7317006.396600,3093,30413.87,5437605.261200,0
1753419120000,178.8600,179.0900,178.8400,178.9,25926.58,1753419179999,4639256.905100,2691,18507.52,3311678.679600,0
1753419180000,178.9000,178.9600,178.7800,178.88,22331.09,1753419239999,3994214.751000,2425,10261.65,1835464.712500,0
1753419240000,178.8700,179.0900,178.7800,179.07,24556.57,1753419299999,4394989.448200,2692,14833.12,2654637.306300,0
1753419300000,179.0800,179.0900,178.9000,179.07,18277.67,1753419359999,3271781.571800,2112,12089.74,2164010.500800,0
1753419360000,179.0600,179.1900,178.9600,179.05,34762.81,1753419419999,6225864.786300,2820,27905.94,4997795.825800,0
1753419420000,179.0600,179.3000,179.0200,179.29,20801.91,1753419479999,3728144.236700,2561,15035.99,2694859.349000,0
1753419480000,179.2900,179.5700,179.2500,179.51,43581.64,1753419539999,7820144.526680,4119,29012.06,5205646.423880,0
1753419540000,179.5000,179.5600,179.3600,179.41,21731.24,1753419599999,3900389.245200,5467,9047.36,1623894.739900,0
1753419600000,179.4000,179.4100,179.2100,179.23,30390.84,1753419659999,5449006.375600,6618,12880.77,2309424.066900,0
1753419660000,179.2300,179.3600,179.0400,179.06,23066.08,1753419719999,4133442.713700,2673,6137.83,1100198.932900,0
1753419720000,179.0700,179.4000,178.9200,179.24,37374.09,1753419779999,6693626.098600,3616,9229.77,1653336.860200,0
1753419780000,179.2400,179.4700,179.2200,179.4,12201.16,1753419839999,2188447.349000,2069,7427.83,1332301.736000,0
1753419840000,179.4000,179.6600,179.3900,179.65,23361.70,1753419899999,4194687.543200,3122,16315.87,2929546.350700,0
1753419900000,179.6600,179.7000,179.3900,179.47,13062.09,1753419959999,2345839.306000,2414,5552.66,997248.416700,0
1753419960000,179.4600,179.5100,179.3700,179.46,11292.82,1753420019999,2026661.254400,2196,6556.72,1176723.624800,0
1753420020000,179.4600,179.4600,178.9400,178.97,19265.04,1753420079999,3451408.404900,2858,4301.57,770667.692900,0
1753420080000,178.9700,179.0100,178.7800,178.78,34316.64,1753420139999,6138849.825800,3217,10026.36,1793708.510500,0
1753420140000,178.7800,178.8000,178.3000,178.36,40291.17,1753420199999,7192538.147000,4535,11450.29,2043796.371900,0
1753420200000,178.3700,178.5300,178.2900,178.52,29277.30,1753420259999,5223250.601500,3340,18359.50,3275372.601100,0
1753420260000,178.5200,178.5800,178.0800,178.16,19476.29,1753420319999,3472203.845200,3308,6445.98,1149220.908200,0
1753420320000,178.1600,178.6600,178.1200,178.65,37243.63,1753420379999,6646776.827000,2937,11882.05,2119989.441500,0
1753420380000,178.6500,178.6600,178.1700,178.17,30866.87,1753420439999,5507560.407800,2712,13889.17,2477292.955400,0
1753420440000,178.1800,178.2300,177.8600,178.03,38234.44,1753420499999,6806315.636560,4156,13567.35,2415525.434600,0
1753420500000,178.0200,178.4700,178.0200,178.47,15533.32,1753420559999,2768094.912200,1997,8345.88,1487423.269600,0
1753420560000,178.4700,178.7300,178.4600,178.69,19348.26,1753420619999,3456240.167000,2463,10755.01,1921000.982000,0
1753420620000,178.6900,178.9100,178.6200,178.85,10016.18,1753420679999,1790663.407000,1738,4186.56,748412.350500,0
1753420680000,178.8600,178.9700,178.7500,178.76,17519.77,1753420739999,3132873.954800,1786,5930.98,1060704.913400,0
1753420740000,178.7600,179.2500,178.7500,179.13,36937.75,1753420799999,6612942.804100,3818,22865.02,4093104.845100,0
1753420800000,179.1200,179.2200,179.0300,179.04,16400.15,1753420859999,2938061.164800,2689,8987.64,1610136.807600,0
1753420860000,179.0300,179.0400,178.8400,179.0,21050.66,1753420919999,3766133.265900,1636,4575.38,818644.997800,0
1753420920000,179.0100,179.0100,178.8100,178.85,10533.96,1753420979999,1884338.582500,1386,3408.75,609774.082900,0
1753420980000,178.8500,179.0700,178.8300,178.88,10849.39,1753421039999,1941495.348000,1699,7637.24,1366636.713100,0
1753421040000,178.8900,178.9500,178.6100,178.65,10151.90,1753421099999,1814758.445300,1460,3955.46,707124.967600,0
1753421100000,178.6600,178.7000,178.5300,178.62,8307.63,1753421159999,1483725.918700,1386,4677.77,835372.285400,0
1753421160000,178.6300,178.9000,178.6000,178.9,9353.49,1753421219999,1672267.217200,1534,5387.67,963212.354600,0
1753421220000,178.9100,178.9400,178.7600,178.87,9783.38,1753421279999,1749931.250000,1694,5373.46,961191.491200,0
1753421280000,178.8600,178.9200,178.7300,178.77,10877.66,1753421339999,1945433.047800,1538,6373.95,1140051.417300,0
1753421340000,178.7700,178.8400,178.7500,178.8,5220.48,1753421399999,933414.900200,892,3968.42,709543.044200,0
1753421400000,178.8000,178.8000,178.5500,178.61,9258.80,1753421459999,1654098.038000,2121,3402.79,607911.567700,0
1753421460000,178.6200,178.7600,178.5000,178.5,5991.37,1753421519999,1070339.607700,1288,2172.91,388184.808000,0
1753421520000,178.5000,178.6600,178.4400,178.62,9734.61,1753421579999,1738193.367100,1476,6681.70,1193176.265200,0
1753421580000,178.6200,178.6200,178.4400,178.52,4915.29,1753421639999,877550.119600,1012,1710.45,305413.605500,0
1753421640000,178.5100,178.6400,178.4200,178.64,4747.05,1753421699999,847387.826600,1265,2724.71,486372.630100,0
1753421700000,178.6500,178.6800,178.5200,178.53,12018.22,1753421759999,2146466.900900,1351,4760.28,850255.849200,0
1753421760000,178.5200,178.8100,178.5200,178.81,5256.06,1753421819999,939288.530800,1313,3453.74,617146.895300,0
1753421820000,178.8000,178.8500,178.7000,178.77,4983.24,1753421879999,890868.909700,1306,2451.20,438215.381900,0
1753421880000,178.7700,179.0800,178.7700,179.04,7676.50,1753421939999,1373521.756300,1789,5816.79,1040788.636500,0
1753421940000,179.0400,179.0400,178.8200,178.85,8973.38,1753421999999,1605664.541600,1402,4689.74,839052.442600,0
1753422000000,178.8500,178.9000,178.5300,178.61,7969.29,1753422059999,1424059.485900,1569,2620.89,468419.194900,0
1753422060000,178.6000,178.8500,178.6000,178.85,5054.66,1753422119999,903324.590900,1553,3001.39,536350.646100,0
1753422120000,178.8500,178.8700,178.7400,178.8,4348.78,1753422179999,777556.602100,1239,2089.87,373661.663700,0
1753422180000,178.7900,178.8500,178.6500,178.85,7811.05,1753422239999,1396145.951400,1252,2386.07,426486.842400,0
1753422240000,178.8400,178.8400,178.5400,178.64,12655.33,1753422299999,2260715.648300,1714,3127.42,558800.836800,0
1753422300000,178.6400,178.8100,178.4600,178.46,11378.02,1753422359999,2032112.996200,2346,2016.23,360284.307300,0
1753422360000,178.4600,178.5600,178.3600,178.42,14918.81,1753422419999,2661965.664800,2057,6707.20,1196744.184000,0
1753422420000,178.4300,178.5200,178.1800,178.18,13111.80,1753422479999,2337968.020800,2403,3089.77,551047.647300,0
1753422480000,178.1800,178.3500,178.0800,178.35,9001.35,1753422539999,1603749.320100,1742,4036.59,719206.044000,0
1753422540000,178.3500,178.3600,178.2400,178.34,8931.27,1753422599999,1592454.180700,1193,4503.59,802951.493500,0
1753422600000,178.3500,178.4700,178.3500,178.44,9386.73,1753422659999,1674801.492100,1495,5113.46,912324.499500,0
1753422660000,178.4500,178.6000,178.4300,178.59,10883.46,1753422719999,1942787.495100,1321,7162.94,1278707.588800,0
1753422720000,178.6000,178.6900,178.5200,178.62,10533.09,1753422779999,1881227.588600,1459,7806.60,1394287.733000,0
1753422780000,178.6200,178.7300,178.5200,178.62,6509.71,1753422839999,1162721.763600,1260,2970.36,530572.841500,0
1753422840000,178.6100,178.6300,178.4000,178.48,7075.77,1753422899999,1263006.685200,1103,3199.03,571039.230100,0
1753422900000,178.4800,178.6200,178.4200,178.57,13463.62,1753422959999,2403136.182000,1706,6003.55,1071672.147200,0
1753422960000,178.5800,178.5900,178.3200,178.36,9776.26,1753423019999,1745063.963400,1476,4301.72,767917.985000,0
1753423020000,178.3700,178.7500,178.3400,178.69,15160.20,1753423079999,2707281.228800,2155,11183.62,1996849.216400,0
1753423080000,178.6800,178.8000,178.6400,178.8,9908.28,1753423139999,1770830.224000,1517,5306.87,948402.109200,0
1753423140000,178.8000,178.8100,178.5400,178.62,11586.42,1753423199999,2069807.669900,1859,7089.23,1266503.498200,0
1753423200000,178.6200,178.7400,178.1700,178.26,14886.89,1753423259999,2655863.600400,2607,7053.75,1258195.390300,0
1753423260000,178.2600,178.3400,178.2200,178.33,6000.99,1753423319999,1069899.291300,1264,2744.10,489254.216800,0
1753423320000,178.3400,178.3700,178.0900,178.13,12274.78,1753423379999,2187464.120700,2063,3986.27,710427.130000,0
1753423380000,178.1200,178.2300,177.9000,178.2,29368.54,1753423439999,5227628.378300,2805,15129.19,2693055.027400,0
1753423440000,178.2000,178.2200,177.8300,177.83,13612.69,1753423499999,2422803.244600,1896,4689.15,834655.155400,0
1753423500000,177.8300,178.0800,177.8100,177.84,23843.46,1753423559999,4242028.157100,2324,13165.22,2342523.519000,0
1753423560000,177.8500,177.8600,177.5000,177.59,51668.88,1753423619999,9179453.228900,4679,17469.19,3103272.014700,0
1753423620000,177.5900,177.7700,177.5900,177.66,18672.49,1753423679999,3317883.190200,2057,5913.89,1050835.987500,0
1753423680000,177.6600,177.9600,177.6500,177.86,17080.62,1753423739999,3037029.667400,2005,10071.85,1790489.508200,0
1753423740000,177.8600,177.9100,177.7400,177.82,9761.07,1753423799999,1735933.987500,1556,3919.62,697073.990500,0
1753423800000,177.8300,177.9500,177.6600,177.78,8780.77,1753423859999,1561033.102400,1664,3508.32,623820.204000,0
1753423860000,177.7800,177.8700,177.7200,177.86,12140.55,1753423919999,2158456.513900,1535,6765.56,1202808.415200,0
1753423920000,177.8600,178.0000,177.8100,177.99,4199.22,1753423979999,747084.649600,1318,2623.33,466744.325200,0
1753423980000,178.0000,178.2700,178.0000,178.24,12791.99,1753424039999,2278890.707300,2006,9793.93,1744716.149700,0
1753424040000,178.2400,178.4800,178.1900,178.31,14150.23,1753424099999,2523972.205200,2210,8944.13,1595654.361700,0
1753424100000,178.3100,178.3100,178.1100,178.14,9552.06,1753424159999,1702249.992600,1716,3790.02,675371.347700,0
1753424160000,178.1400,178.1500,177.7900,177.82,13366.85,1753424219999,2378295.787800,2408,5683.71,1011313.248400,0
1753424220000,177.8200,178.1900,177.7800,178.17,16317.96,1753424279999,2905485.881500,2036,14168.08,2522746.070000,0
1753424280000,178.1700,178.2600,178.0400,178.15,6284.11,1753424339999,1119674.333900,1396,2651.80,472498.671000,0
1753424340000,178.1400,178.4000,178.0500,178.4,3847.94,1753424399999,685766.363400,1156,2545.10,453634.082800,0
1753424400000,178.4000,178.4600,178.2100,178.27,6184.29,1753424459999,1102875.022000,1705,3384.09,603465.387300,0
1753424460000,178.2600,178.4400,178.2600,178.38,7716.64,1753424519999,1376296.155700,1653,4658.84,830909.834700,0
1753424520000,178.3900,178.5800,178.3900,178.42,18298.00,1753424579999,3266666.495400,2300,11634.92,2077123.258400,0
1753424580000,178.4200,178.4700,178.2500,178.37,8254.36,1753424639999,1472224.089400,1367,2393.89,427019.860600,0
1753424640000,178.3700,178.3700,178.1100,178.17,10364.56,1753424699999,1847468.433100,1553,2704.62,481948.688500,0
1753424700000,178.1700,178.4500,178.1600,178.27,11214.71,1753424759999,1999307.160800,1874,6050.32,1078645.796200,0
1753424760000,178.2600,178.2600,177.9700,178.02,16222.66,1753424819999,2888642.866200,1990,2872.82,511447.928500,0
1753424820000,178.0200,178.0300,177.2800,177.46,137314.89,1753424879999,24383350.199060,7035,11674.34,2073462.095800,0
1753424880000,177.4600,177.5500,177.1900,177.43,88007.36,1753424939999,15603915.226500,5633,32521.10,5764772.684400,0
1753424940000,177.4300,177.7500,177.3800,177.7,16169.75,1753424999999,2871243.180300,1867,10623.96,1886620.455200,0
1753425000000,177.6900,177.7800,177.5000,177.52,11870.75,1753425059999,2108826.732700,1685,4754.85,844875.708700,0
1753425060000,177.5200,177.6000,177.3800,177.53,13205.65,1753425119999,2343815.515700,1677,5278.12,937000.937400,0
1753425120000,177.5300,177.5300,177.3100,177.37,8699.65,1753425179999,1543608.304800,1545,2888.85,512637.433700,0
1753425180000,177.3700,177.7400,177.3100,177.74,8668.25,1753425239999,1538170.650000,1661,4497.45,798207.643900,0
1753425240000,177.7300,177.9100,177.6500,177.91,10348.05,1753425299999,1839806.392800,1584,4898.52,870968.705500,0
1753425300000,177.9000,177.9600,177.7300,177.95,12736.28,1753425359999,2265345.749600,1533,5683.84,1010851.041400,0
1753425360000,177.9500,178.0000,177.8800,177.96,8369.65,1753425419999,1489311.952100,1481,3471.21,617727.749600,0
1753425420000,177.9600,178.1900,177.9500,178.16,13144.23,1753425479999,2340733.022800,1446,9896.29,1762341.530600,0
1753425480000,178.1600,178.2600,178.0200,178.1,23531.03,1753425539999,4191577.839700,2490,14866.51,2648110.538200,0
1753425540000,178.1100,178.2000,177.9400,178.04,9437.83,1753425599999,1680607.879200,1747,4910.84,874448.631700,0
1753425600000,178.0300,178.5500,178.0100,178.54,17690.88,1753425659999,3155554.156700,2545,11037.10,1968828.096900,0
1753425660000,178.5300,178.8500,178.5000,178.75,31438.74,1753425719999,5618081.260490,3456,18256.55,3262362.594790,0
1753425720000,178.7600,178.7800,178.5400,178.67,18607.01,1753425779999,3324336.051300,2240,6177.54,1103611.288800,0
1753425780000,178.6600,178.7200,178.4700,178.54,12523.52,1753425839999,2236953.894600,1866,7926.88,1416047.992600,0
1753425840000,178.5500,178.7400,178.5300,178.53,8064.80,1753425899999,1440733.592700,1712,4888.84,873437.576300,0
1753425900000,178.5300,178.5500,178.2500,178.54,15783.78,1753425959999,2815960.323400,2466,6167.56,1100315.663600,0
1753425960000,178.5500,178.7900,178.5100,178.79,9070.13,1753426019999,1620206.494600,1617,6610.06,1180712.061500,0
1753426020000,178.7800,178.8600,178.6500,178.67,15966.03,1753426079999,2853698.768200,1795,11680.88,2087697.104100,0
1753426080000,178.6700,178.8500,178.6700,178.83,11188.08,1753426139999,2000199.078200,1382,5452.73,974784.631300,0
1753426140000,178.8300,178.8400,178.5600,178.56,9442.06,1753426199999,1687348.058700,1562,2577.22,460623.183000,0
1753426200000,178.5500,178.7600,178.4500,178.61,10600.33,1753426259999,1893223.644400,1656,5160.12,921578.826800,0
1753426260000,178.6100,178.6100,178.2200,178.4,20743.35,1753426319999,3700332.703300,2323,9476.08,1690379.087500,0
1753426320000,178.3900,178.4200,178.2400,178.31,19648.51,1753426379999,3504109.121000,1545,14122.42,2518586.038900,0
1753426380000,178.3100,178.4400,178.1700,178.34,22594.39,1753426439999,4028403.189200,1568,8777.78,1565067.934200,0
1753426440000,178.3400,178.3800,178.2100,178.21,5937.70,1753426499999,1058759.246200,996,3641.15,649273.686500,0
1753426500000,178.2200,178.3700,178.2200,178.33,7216.59,1753426559999,1286651.168900,1032,4492.89,800974.167700,0
1753426560000,178.3400,178.3800,178.2300,178.25,3934.03,1753426619999,701558.619900,794,2348.44,418801.778700,0
1753426620000,178.2600,178.2600,178.0500,178.11,8052.55,1753426679999,1434369.403200,1113,2371.41,422377.699700,0
1753426680000,178.1000,178.1100,177.9400,177.94,23856.45,1753426739999,4246994.309000,1693,7478.95,1331336.599700,0
1753426740000,177.9400,178.1000,177.7800,178.06,31774.80,1753426799999,5652477.674600,1999,7701.20,1370293.808400,0
1753426800000,178.0500,178.0500,177.8200,177.92,16001.40,1753426859999,2847130.160200,2354,6931.24,1233143.564000,0
1753426860000,177.9200,177.9200,177.5400,177.54,33318.03,1753426919999,5921701.361400,2937,20194.18,3589122.027300,0
1753426920000,177.5500,177.6700,177.5000,177.57,27680.36,1753426979999,4915068.686600,2232,16421.03,2915787.836600,0
1753426980000,177.5600,177.6200,177.4300,177.55,18786.32,1753427039999,3334882.803900,2026,11101.49,1970727.906300,0
1753427040000,177.5500,177.5500,177.4100,177.49,11856.52,1753427099999,2104471.845700,1386,7724.84,1371094.234900,0
1753427100000,177.5000,177.5500,177.3600,177.47,17246.16,1753427159999,3060287.049100,1928,9540.97,1693075.128300,0
1753427160000,177.4700,177.5300,177.3200,177.32,13144.18,1753427219999,2331918.206400,1441,3543.31,628719.766100,0
1753427220000,177.3200,177.4200,177.1900,177.22,20697.14,1753427279999,3668861.304260,2577,6971.63,1235869.212400,0
1753427280000,177.2300,177.3600,177.2000,177.2,12492.03,1753427339999,2214512.139400,1674,5467.54,969263.604100,0
1753427340000,177.2000,177.5600,177.2000,177.39,13147.55,1753427399999,2332554.823300,2109,5965.20,1058226.432100,0
1753427400000,177.3900,177.4100,176.7500,176.84,31095.29,1753427459999,5502613.563500,4993,7246.25,1282055.190300,0
1753427460000,176.8400,176.9700,176.6400,176.76,28425.55,1753427519999,5026255.015800,3174,13679.70,2419363.656200,0
1753427520000,176.7600,177.6500,176.7100,177.34,77676.42,1753427579999,13772133.316500,8752,61494.92,10904469.119700,0
1753427580000,177.3400,177.7200,176.9800,177.71,41374.04,1753427639999,7336192.918000,7259,28482.33,5050807.219500,0
1753427640000,177.7200,177.8100,177.4600,177.61,45655.50,1753427699999,8110820.133900,4172,26786.56,4758843.623400,0
1753427700000,177.6000,178.3300,177.5800,178.31,56413.66,1753427759999,10046906.459500,4930,42454.66,7560566.324900,0
1753427760000,178.3000,178.8000,178.2000,178.65,54440.32,1753427819999,9721088.499170,6505,34625.51,6182888.263370,0
1753427820000,178.6500,178.7800,178.3200,178.53,43904.56,1753427879999,7837339.369500,5636,19376.59,3458423.361100,0
1753427880000,178.5400,178.6300,178.2600,178.59,26312.41,1753427939999,4694967.640300,3621,11530.51,2057440.264400,0
1753427940000,178.5900,178.8200,178.3000,178.47,22458.59,1753427999999,4010597.996900,3195,7507.91,1340937.843200,0
1753428000000,178.4700,178.6200,178.2500,178.28,22667.93,1753428059999,4044947.298200,3518,11704.96,2088572.393000,0
1753428060000,178.2700,178.2700,177.4600,177.46,32445.46,1753428119999,5769909.161100,4763,9558.55,1699824.247600,0
1753428120000,177.4600,177.5800,177.1400,177.17,35113.73,1753428179999,6228408.938000,3796,15345.23,2722192.190100,0
1753428180000,177.1800,177.6800,177.1100,177.56,26098.52,1753428239999,4632309.641700,3595,16351.27,2902024.114800,0
1753428240000,177.5600,178.0300,177.5000,177.84,27968.17,1753428299999,4974304.375800,3622,17382.42,3091862.166800,0
1753428300000,177.8300,177.9700,177.6600,177.96,20562.10,1753428359999,3655901.213100,2377,13869.35,2466089.060700,0
1753428360000,177.9700,177.9700,177.6900,177.74,14130.00,1753428419999,2512118.462500,2130,7990.76,1420618.166900,0
1753428420000,177.7500,177.8200,177.4100,177.42,8278.03,1753428479999,1470196.172100,1790,4300.20,763669.029900,0
1753428480000,177.4100,177.6100,177.4100,177.59,7837.42,1753428539999,1391128.160900,1492,4571.68,811478.389300,0
1753428540000,177.5900,177.6400,177.2800,177.28,12915.56,1753428599999,2291827.374200,1767,3643.09,646593.577000,0
1753428600000,177.2700,177.4900,177.0600,177.32,19284.95,1753428659999,3418681.118000,3418,8830.70,1565561.137300,0
1753428660000,177.3200,177.5700,177.2400,177.47,13391.76,1753428719999,2376158.955400,2065,9588.92,1701483.362600,0
1753428720000,177.4600,177.5900,177.1700,177.38,19411.84,1753428779999,3443391.148900,3118,10385.40,1842260.104000,0
1753428780000,177.3900,177.6100,177.2400,177.29,11442.41,1753428839999,2029893.520600,2380,5788.98,1027046.457500,0
1753428840000,177.3000,177.3900,176.6700,176.73,40902.15,1753428899999,7236920.500300,5374,13413.30,2372944.543000,0
1753428900000,176.7300,176.7800,176.4700,176.51,41723.49,1753428959999,7368190.752300,7732,19942.16,3522153.898700,0
1753428960000,176.5100,176.8600,176.4900,176.74,20579.20,1753429019999,3635611.083700,6266,14084.45,2488169.550800,0
1753429020000,176.7300,176.8900,176.5600,176.58,14471.01,1753429079999,2557287.586100,2837,7965.32,1407613.030000,0
1753429080000,176.5800,176.8000,176.5600,176.75,14061.06,1753429139999,2483871.089600,2828,7073.81,1249556.807900,0
1753429140000,176.7400,176.8800,176.6700,176.86,13503.93,1753429199999,2386925.798700,2521,8528.60,1507519.837900,0
1753429200000,176.8700,176.9200,176.6700,176.76,14624.49,1753429259999,2585020.183100,2459,7472.82,1320932.456600,0
1753429260000,176.7600,176.7900,176.3000,176.3,30289.46,1753429319999,5345389.001260,3715,6741.67,1189711.009500,0
1753429320000,176.3100,176.5600,176.3100,176.4,23672.44,1753429379999,4176519.444300,2807,10314.22,1819626.391300,0
1753429380000,176.4100,176.6000,176.3500,176.5,11572.59,1753429439999,2041739.089300,2012,5400.73,952830.354700,0
1753429440000,176.5000,176.5700,176.4300,176.52,12257.14,1753429499999,2163260.588900,1396,7078.24,1249194.719100,0
1753429500000,176.5200,176.7400,176.4400,176.66,19774.19,1753429559999,3492448.136500,2369,8232.90,1454151.012200,0
1753429560000,176.6600,176.7800,176.5800,176.6,10896.61,1753429619999,1925064.901900,1843,4977.78,879412.278000,0
1753429620000,176.6000,177.0800,176.6000,177.08,13836.84,1753429679999,2447039.758200,2227,9682.30,1712392.902600,0
1753429680000,177.0800,177.0900,176.8200,176.92,11754.12,1753429739999,2080047.838400,2135,6280.97,1111412.564100,0
1753429740000,176.9100,177.0000,176.8500,176.95,9063.75,1753429799999,1603489.856800,1644,4908.04,868261.073900,0
1753429800000,176.9600,176.9800,176.7100,176.94,16136.21,1753429859999,2853228.744900,1643,4787.16,846569.027500,0
1753429860000,176.9400,176.9500,176.6400,176.95,15790.36,1753429919999,2791645.807100,2253,7156.15,1265195.076600,0
1753429920000,176.9400,177.0100,176.4700,176.81,27363.77,1753429979999,4835345.051700,3564,10382.81,1834670.906200,0
1753429980000,176.8000,176.8000,176.1300,176.28,62795.18,1753430039999,11075710.288600,5971,17526.67,3091507.829900,0
1753430040000,176.2900,176.3400,176.0400,176.1,36628.65,1753430099999,6453117.114000,4365,13095.84,2307203.187300,0
1753430100000,176.1100,176.2500,176.0000,176.0,35231.99,1753430159999,6204277.721900,3196,12133.22,2136687.215300,0
1753430160000,176.0000,176.3200,175.8000,176.3,73529.17,1753430219999,12940245.385700,6417,28582.33,5030761.304100,0
1753430220000,176.3000,177.0600,176.2200,177.0,38483.60,1753430279999,6798423.213900,4843,29011.52,5125855.626000,0
1753430280000,176.9900,177.7600,176.9700,177.74,55721.74,1753430339999,9884152.597360,6019,37713.30,6689233.237760,0
1753430340000,177.7400,177.8300,177.3900,177.43,43405.26,1753430399999,7711011.686800,4582,24373.81,4330190.769500,0
1753430400000,177.4400,177.8600,177.3200,177.86,53209.03,1753430459999,9451161.015200,5208,36134.15,6419656.433500,0
1753430460000,177.8600,177.8800,177.4200,177.45,36874.26,1753430519999,6552930.648200,3695,18962.72,3369969.393200,0
1753430520000,177.4600,178.0600,177.4200,177.97,69023.12,1753430579999,12271209.649900,4533,44419.16,7895314.757900,0
1753430580000,177.9800,177.9800,177.5000,177.51,32561.53,1753430639999,5788671.699600,3661,12451.13,2213531.396300,0
1753430640000,177.5000,177.6900,177.4500,177.5,27009.39,1753430699999,4794955.730800,2608,11821.91,2098812.887500,0
1753430700000,177.5100,178.0100,177.4800,177.97,37605.67,1753430759999,6688173.204000,3255,28053.15,4989136.777600,0
1753430760000,177.9700,178.0600,177.6800,177.77,17910.70,1753430819999,3186680.112300,2897,10934.35,1945504.975500,0
1753430820000,177.7700,177.9200,177.6700,177.8,16191.11,1753430879999,2878261.136700,2348,9951.90,1769149.339300,0
1753430880000,177.8000,178.0200,177.7800,177.78,14088.68,1753430939999,2505980.660800,2086,5923.17,1053683.960300,0
1753430940000,177.7800,177.8800,177.4200,177.53,30614.85,1753430999999,5439876.811500,3170,11868.40,2110354.369700,0
1753431000000,177.5300,177.6800,177.3100,177.35,28380.62,1753431059999,5036550.486600,3387,7667.54,1360875.354500,0
1753431060000,177.3500,177.4200,176.9800,176.99,35647.89,1753431119999,6317109.987600,3846,7580.57,1343365.571000,0
1753431120000,177.0000,177.3200,176.9400,177.27,13888.04,1753431179999,2459779.948300,2955,7048.79,1248404.400000,0
1753431180000,177.2700,177.6500,177.2000,177.64,14707.92,1753431239999,2609107.589900,2465,9238.40,1638937.423900,0
1753431240000,177.6400,177.7900,177.4700,177.77,15435.98,1753431299999,2742031.106500,2469,6752.65,1199528.522200,0
1753431300000,177.7700,177.9000,177.3300,177.38,18678.64,1753431359999,3318707.837800,3307,8314.51,1477500.907200,0
1753431360000,177.3900,177.8100,177.3900,177.8,10153.93,1753431419999,1803056.855400,2055,5461.56,969869.765000,0
1753431420000,177.7900,178.0900,177.7500,177.83,44663.75,1753431479999,7946632.666200,3998,33408.88,5944669.417000,0
1753431480000,177.8200,178.3000,177.8200,178.29,46270.79,1753431539999,8238482.344700,3797,38010.52,6767404.797500,0
1753431540000,178.2900,178.6100,178.1600,178.56,46401.75,1753431599999,8277556.861200,7612,25424.11,4534840.650300,0
1753431600000,178.5600,179.0000,178.5000,178.97,54539.99,1753431659999,9748151.305070,8345,33171.91,5929978.113070,0
1753431660000,178.9600,179.1100,178.6000,178.92,43771.53,1753431719999,7829152.496500,4546,21124.81,3778561.928600,0
1753431720000,178.9100,179.0400,178.8100,179.04,28256.83,1753431779999,5055709.575900,2937,16484.75,2949655.736900,0
1753431780000,179.0300,179.3000,178.8600,179.09,84640.12,1753431839999,15159664.513000,6261,54154.47,9700310.825500,0
1753431840000,179.0800,179.1700,178.7500,178.75,31959.79,1753431899999,5721004.725600,3289,19294.15,3454513.729600,0
1753431900000,178.7500,179.0800,178.7500,178.89,23373.23,1753431959999,4182207.096400,2559,13249.71,2371010.192000,0
1753431960000,178.8900,178.9300,178.7500,178.88,42905.74,1753432019999,7673429.829600,3079,9577.33,1712898.982800,0
1753432020000,178.8700,178.9200,178.7200,178.81,18026.94,1753432079999,3223064.361100,2366,6745.25,1205954.541400,0
1753432080000,178.8200,179.0800,178.7800,178.78,35583.56,1753432139999,6366775.544900,2690,25178.47,4505096.169400,0
1753432140000,178.7900,178.8900,178.6900,178.73,16184.41,1753432199999,2893832.048900,1705,4464.54,798299.147900,0
1753432200000,178.7200,178.7900,178.3300,178.36,30508.83,1753432259999,5447449.067100,4103,9123.94,1629330.825200,0
1753432260000,178.3600,178.7000,178.3600,178.52,12957.82,1753432319999,2313258.546900,2131,6180.53,1103322.582100,0
1753432320000,178.5200,178.5200,178.3100,178.33,9820.22,1753432379999,1751950.462300,1630,3696.94,659555.754000,0
1753432380000,178.3300,178.3700,178.1600,178.18,19433.96,1753432439999,3464407.082600,2856,11206.12,1997629.327700,0
1753432440000,178.1800,178.2800,177.9700,178.19,21805.33,1753432499999,3883614.657600,2731,8883.09,1582382.598000,0
1753432500000,178.2000,178.3300,178.0800,178.12,12875.10,1753432559999,2294253.448000,2004,6036.21,1075722.832700,0
1753432560000,178.1200,178.1500,177.7000,177.73,32123.46,1753432619999,5713963.966700,3702,8637.27,1535756.790300,0
1753432620000,177.7300,177.7500,177.4700,177.55,25196.72,1753432679999,4474749.736100,3221,11244.26,1996867.207000,0
1753432680000,177.5400,177.8400,177.4800,177.78,36897.74,1753432739999,6554606.121100,2523,22830.79,4055488.767200,0
1753432740000,177.7800,177.7800,177.5300,177.66,12781.35,1753432799999,2270374.281300,1969,5298.61,941122.476500,0
1753432800000,177.6500,177.7200,177.3400,177.34,17432.78,1753432859999,3094305.883100,2134,4760.22,845123.555300,0
1753432860000,177.3400,177.4200,177.0400,177.08,27313.15,1753432919999,4840215.379020,3633,9339.41,1654984.427600,0
1753432920000,177.0900,177.2700,177.0500,177.2,13590.62,1753432979999,2407797.417300,2437,8908.48,1578345.663200,0
1753432980000,177.2000,177.3800,177.1300,177.18,16486.38,1753433039999,2922100.199300,2360,8353.76,1480716.587900,0
1753433040000,177.1800,177.1900,177.0600,177.14,11595.36,1753433099999,2053902.828500,1610,5805.00,1028222.577300,0
1753433100000,177.1300,177.3100,176.7500,177.24,53833.80,1753433159999,9532461.603700,6303,29132.69,5160965.899900,0
1753433160000,177.2400,177.3500,177.1100,177.26,30958.85,1753433219999,5486577.422100,3251,20157.52,3572543.089300,0
1753433220000,177.2600,177.7900,177.2600,177.79,34919.26,1753433279999,6197717.557200,3939,18766.34,3330577.526200,0
1753433280000,177.7800,177.8500,177.5900,177.85,23495.93,1753433339999,4175060.239400,2885,11999.94,2132341.987400,0
1753433340000,177.8500,177.9100,177.4700,177.65,28504.40,1753433399999,5064381.682500,3179,17485.70,3106326.464700,0
1753433400000,177.6400,177.8100,177.5000,177.74,21860.60,1753433459999,3883298.291200,2292,7037.74,1250155.196400,0
1753433460000,177.7300,177.9500,177.6000,177.61,24517.67,1753433519999,4360595.839500,3127,9900.90,1761250.105100,0
1753433520000,177.6100,177.8900,177.6100,177.72,11030.63,1753433579999,1960788.348500,1860,7609.95,1352699.023200,0
1753433580000,177.7200,177.8100,177.5200,177.59,36754.19,1753433639999,6531085.575200,3016,27022.56,4801925.722100,0
1753433640000,177.6000,177.9000,177.5800,177.87,11548.81,1753433699999,2052102.000000,2152,4305.12,764912.451200,0
1753433700000,177.8700,177.9100,177.5200,177.57,7398.93,1753433759999,1315081.076700,1751,2861.03,508524.400800,0
1753433760000,177.5700,177.6800,177.4600,177.52,7180.76,1753433819999,1274912.620500,1158,3019.53,536104.939800,0
1753433820000,177.5200,177.7500,177.4900,177.75,5997.03,1753433879999,1064957.492700,1202,3702.85,657571.635100,0
1753433880000,177.7600,177.8400,177.6100,177.82,7257.91,1753433939999,1289849.362100,1436,4355.51,774046.687600,0
1753433940000,177.8200,177.8200,177.5100,177.77,9175.91,1753433999999,1630077.676900,1676,3333.88,592310.046700,0
1753434000000,177.7800,177.8100,177.6000,177.68,10584.29,1753434059999,1880878.483700,2128,2751.26,488891.154700,0
1753434060000,177.6700,177.7400,177.4400,177.72,14870.34,1753434119999,2640970.215900,1897,5844.67,1038081.743800,0
1753434120000,177.7200,177.7300,177.4000,177.43,11236.27,1753434179999,1994587.005100,1327,4112.49,730342.636800,0
1753434180000,177.4300,177.6900,177.4300,177.6,9842.15,1753434239999,1747863.873600,1622,3389.12,601809.438100,0
1753434240000,177.6100,177.6600,177.4600,177.48,9173.50,1753434299999,1629101.009000,1241,2806.40,498421.587200,0
1753434300000,177.4800,178.2300,177.4700,178.04,31456.41,1753434359999,5599950.473100,4281,21803.65,3881516.062000,0
1753434360000,178.0400,178.0400,177.7000,177.72,12544.71,1753434419999,2230782.852700,2289,7168.10,1274511.499600,0
1753434420000,177.7300,178.0400,177.7300,177.97,19234.92,1753434479999,3422333.912200,2173,12490.53,2222290.356500,0
1753434480000,177.9700,177.9800,177.6800,177.83,16501.47,1753434539999,2933794.292100,2212,4055.61,721007.309700,0
1753434540000,177.8300,177.8500,177.5800,177.75,7372.74,1753434599999,1310378.449200,1987,2972.88,528423.357200,0
1753434600000,177.7400,178.0400,177.6600,177.92,12955.09,1753434659999,2304447.610300,1863,6535.63,1162491.867900,0
1753434660000,177.9100,177.9100,177.5300,177.53,29713.91,1753434719999,5281846.341500,2758,9482.03,1685330.156600,0
1753434720000,177.5400,177.6200,177.2800,177.3,14799.61,1753434779999,2625675.335600,2092,3282.81,582455.031900,0
1753434780000,177.2900,177.6700,177.2900,177.52,8838.75,1753434839999,1568467.630900,2072,3918.67,695290.837200,0
1753434840000,177.5200,178.2100,177.5200,178.19,20160.76,1753434899999,3587484.063400,3001,13566.60,2414001.144600,0
1753434900000,178.1900,178.3200,177.9500,178.19,79141.01,1753434959999,14102906.035400,4474,34075.91,6071179.613400,0
1753434960000,178.1900,178.1900,177.8000,177.89,13254.34,1753435019999,2359538.752300,1446,5798.69,1032056.758700,0
1753435020000,177.8900,178.0000,177.7700,177.83,8311.12,1753435079999,1478408.147300,1585,5667.58,1008169.527100,0
1753435080000,177.8300,178.5100,177.8000,178.48,19541.62,1753435139999,3483837.011100,2801,15449.33,2755029.975700,0
1753435140000,178.4700,178.7800,178.3700,178.78,58480.99,1753435199999,10443421.847970,4913,44482.53,7943540.134770,0
1753435200000,178.7900,178.9600,178.7400,178.8,42366.16,1753435259999,7576920.139200,3627,29733.39,5317887.933500,0
1753435260000,178.8000,178.9200,178.7500,178.87,14147.11,1753435319999,2529775.538200,2223,4632.92,828522.582500,0
1753435320000,178.8700,179.3200,178.8300,179.15,44184.46,1753435379999,7912798.362400,4279,30003.78,5373660.055800,0
1753435380000,179.1500,179.2800,179.0300,179.28,13529.68,1753435439999,2423904.368700,2038,6281.95,1125477.951700,0
1753435440000,179.2800,179.4000,179.2200,179.27,20320.26,1753435499999,3643584.467800,2594,11067.50,1984547.978200,0
1753435500000,179.2600,179.2600,179.0400,179.06,24353.69,1753435559999,4362156.008000,2685,9186.01,1645467.844700,0
1753435560000,179.0600,179.2600,179.0600,179.14,17529.41,1753435619999,3140676.776100,1954,9253.28,1657922.930200,0
1753435620000,179.1400,179.6300,179.1300,179.63,32788.28,1753435679999,5883172.527880,3174,26482.68,4751780.973380,0
1753435680000,179.6200,179.8300,179.5100,179.51,39297.44,1753435739999,7060828.455200,4258,19501.45,3504087.819200,0
1753435740000,179.5100,179.7500,179.4700,179.74,30419.55,1753435799999,5463761.491200,3166,13522.61,2429195.448900,0
1753435800000,179.7400,179.9300,179.5300,179.91,32995.46,1753435859999,5929853.171200,6707,17600.49,3163862.264500,0
1753435860000,179.9100,180.0000,179.6700,179.73,44633.15,1753435919999,8029486.196900,10304,20492.41,3687267.433900,0
1753435920000,179.7200,180.2900,179.7200,180.24,33076.04,1753435979999,5956595.943290,5112,23288.75,4193982.891890,0
1753435980000,180.2400,180.4500,180.0900,180.34,46775.32,1753436039999,8434066.558400,4386,30906.29,5573027.646100,0
1753436040000,180.3400,180.6800,180.2500,180.37,52493.87,1753436099999,9472028.025600,5275,32562.66,5875579.497100,0
1753436100000,180.3700,180.6100,180.1500,180.48,31279.28,1753436159999,5642200.910200,3807,18439.34,3327020.004000,0
1753436160000,180.4800,180.5200,180.0500,180.3,51312.81,1753436219999,9247830.308200,3787,23120.65,4166448.936700,0
1753436220000,180.2900,180.8300,180.2800,180.7,104505.34,1753436279999,18880299.238700,5866,54298.20,9808885.953000,0
1753436280000,180.6900,180.7800,180.3700,180.38,22316.66,1753436339999,4030011.153500,2719,8210.25,1482609.431200,0
1753436340000,180.3800,180.4300,180.1900,180.28,23205.91,1753436399999,4184058.364600,2960,9267.66,1671035.808600,0
1753436400000,180.2700,180.4600,180.2200,180.41,19707.52,1753436459999,3554187.744900,2880,11613.41,2094484.972500,0
1753436460000,180.4100,180.4200,180.1300,180.18,21839.36,1753436519999,3935403.502200,2429,8191.94,1476128.890400,0
1753436520000,180.1700,180.1700,179.8500,179.93,42941.70,1753436579999,7727920.521700,3335,8914.72,1604362.362600,0
1753436580000,179.9200,180.0000,179.7400,179.74,22925.31,1753436639999,4123618.201500,2655,11164.88,2008389.610400,0
1753436640000,179.7400,179.8100,179.4200,179.44,30701.19,1753436699999,5514469.573500,2874,6239.65,1120840.363700,0
1753436700000,179.4400,179.8100,179.3100,179.66,38465.52,1753436759999,6908104.434200,4025,19276.17,3461963.581600,0
1753436760000,179.6600,179.7800,179.4600,179.47,17165.15,1753436819999,3083591.196800,2318,6621.43,1189561.891100,0
1753436820000,179.4600,179.4800,179.1300,179.18,36709.27,1753436879999,6580547.820900,4055,14125.62,2532269.078400,0
1753436880000,179.1900,179.4300,179.1400,179.28,14130.14,1753436939999,2533010.770900,2002,6240.58,1118629.662100,0
1753436940000,179.2700,179.2700,179.0300,179.07,16925.74,1753436999999,3032408.812500,2269,6891.26,1234621.301400,0
1753437000000,179.0600,179.2500,178.9300,179.17,18998.86,1753437059999,3402084.182400,2477,6423.52,1150446.670700,0
1753437060000,179.1700,179.2500,179.1000,179.1,6057.77,1753437119999,1085513.872100,1244,3497.05,626656.314300,0
1753437120000,179.1000,179.2000,178.9300,179.2,20715.67,1753437179999,3708177.138100,2542,7753.21,1387861.379800,0
1753437180000,179.1900,179.6700,179.1200,179.66,24011.61,1753437239999,4308768.242200,3597,19104.34,3428120.095600,0
1753437240000,179.6600,179.8000,179.2700,179.53,22860.05,1753437299999,4102373.775000,2539,11340.75,2035053.005600,0
1753437300000,179.5200,180.3800,179.4200,180.33,72336.89,1753437359999,13023434.280600,6055,58425.67,10517628.455700,0
1753437360000,180.3300,180.3300,179.9300,180.17,28714.63,1753437419999,5172056.518300,2984,16278.29,2931914.828800,0
1753437420000,180.1800,180.3300,180.1100,180.33,26876.55,1753437479999,4843390.033900,2688,12160.89,2191549.468700,0
1753437480000,180.3200,180.5600,180.1900,180.56,33925.75,1753437539999,6121050.995100,2552,22686.69,4093336.156800,0
1753437540000,180.5600,180.8000,180.5300,180.76,39932.32,1753437599999,7214103.389700,3480,26754.96,4833568.982100,0
1753437600000,180.7500,180.9500,180.5200,180.94,28586.35,1753437659999,5168573.595300,4542,16251.00,2938491.721400,0
1753437660000,180.9300,181.1200,180.8500,181.1,37769.61,1753437719999,6835486.859100,3755,24479.59,4430414.405400,0
1753437720000,181.0900,181.5000,181.0700,181.46,67002.77,1753437779999,12150031.102200,9613,38661.72,7010331.168100,0
1753437780000,181.4600,181.6000,181.0000,181.12,46512.60,1753437839999,8437457.074500,8423,18215.80,3304888.558100,0
1753437840000,181.1100,181.5000,181.0700,181.07,46927.68,1753437899999,8508686.916900,4460,24010.85,4353989.987600,0
1753437900000,181.0800,181.1900,180.8700,181.03,40124.18,1753437959999,7263166.262500,4249,12171.33,2203261.527300,0
1753437960000,181.0300,181.0500,180.7500,180.93,40504.32,1753438019999,7326455.534200,3437,12979.40,2347723.724100,0
1753438020000,180.9200,180.9600,180.6300,180.73,20434.99,1753438079999,3693941.924100,2726,6825.66,1233854.618700,0
1753438080000,180.7300,180.8600,180.5500,180.62,19308.89,1753438139999,3488988.543300,2612,8221.04,1485892.594700,0
1753438140000,180.6300,180.6400,180.3900,180.49,27093.36,1753438199999,4889896.028600,2667,11159.49,2014142.561800,0
1753438200000,180.4800,180.5000,180.1400,180.17,15930.46,1753438259999,2872415.567600,2186,5845.07,1054167.287300,0
1753438260000,180.1700,180.3700,180.0200,180.24,47495.90,1753438319999,8557002.400600,3803,14164.82,2552493.874800,0
1753438320000,180.2400,180.5800,180.2000,180.44,19853.35,1753438379999,3582348.139900,2494,14730.21,2658104.401400,0
1753438380000,180.4500,180.4800,180.2600,180.27,14913.20,1753438439999,2690239.126800,1591,6700.57,1208896.711000,0
1753438440000,180.2800,180.5100,180.2400,180.49,48365.10,1753438499999,8725784.170600,2327,30968.70,5586321.104300,0
1753438500000,180.4800,180.5500,180.2200,180.28,11751.48,1753438559999,2119359.630600,2023,5688.83,1026035.778500,0
1753438560000,180.2900,180.2900,180.1600,180.17,17421.67,1753438619999,3139563.357500,1455,9203.63,1658610.148600,0
1753438620000,180.1700,180.3400,180.1600,180.34,13958.01,1753438679999,2516025.973700,1549,10788.67,1944800.335500,0
1753438680000,180.3300,180.3800,180.2100,180.32,8565.81,1753438739999,1544262.946800,1295,3851.30,694317.751600,0
1753438740000,180.3200,180.3300,180.0600,180.18,19425.80,1753438799999,3499399.624800,1729,9289.84,1673515.766600,0
1753438800000,180.1900,180.3100,180.1000,180.15,7597.44,1753438859999,1368940.222800,1358,3638.30,655537.520000,0
1753438860000,180.1500,180.3200,180.1400,180.29,8668.29,1753438919999,1562291.163000,1125,5887.19,1061036.149000,0
1753438920000,180.2900,180.4400,180.2200,180.26,11459.48,1753438979999,2066671.809000,1710,6907.97,1245868.068000,0
1753438980000,180.2500,180.4800,180.1700,180.42,24393.05,1753439039999,4397901.983400,2074,16304.85,2939798.118300,0
1753439040000,180.4200,180.4200,180.3100,180.31,17351.08,1753439099999,3129806.879300,1163,2955.12,532956.922600,0
1753439100000,180.3000,180.3000,180.0300,180.03,16438.55,1753439159999,2962253.037600,2069,4982.09,897505.749700,0
1753439160000,180.0200,180.0300,179.7200,179.79,18283.15,1753439219999,3288738.884600,3519,6490.57,1167453.823500,0
1753439220000,179.7900,179.9900,179.7700,179.84,20023.94,1753439279999,3601323.806800,2144,7407.20,1332212.948700,0
1753439280000,179.8400,179.9900,179.8100,179.95,5579.20,1753439339999,1003708.315200,1120,3227.04,580574.483700,0
1753439340000,179.9400,179.9400,179.6700,179.77,13376.22,1753439399999,2404316.853000,1664,4583.62,823861.404900,0
1753439400000,179.7600,179.9700,179.7600,179.9,7733.70,1753439459999,1391020.380100,1750,5433.70,977305.050200,0
1753439460000,179.9000,180.0600,179.8700,179.94,8254.51,1753439519999,1485660.875600,1294,3915.10,704663.280700,0
1753439520000,179.9400,179.9500,179.8000,179.83,5279.33,1753439579999,949632.896200,1265,2798.98,503465.657900,0
1753439580000,179.8200,180.2700,179.8200,180.27,7233.84,1753439639999,1302838.168100,1634,5437.64,979460.956400,0
1753439640000,180.2600,180.3500,180.1800,180.34,12550.50,1753439699999,2262190.714600,2143,5658.75,1020021.134500,0
1753439700000,180.3500,180.5600,180.3100,180.52,10526.09,1753439759999,1899343.002100,1976,5557.78,1002897.557600,0
1753439760000,180.5200,180.7800,180.5000,180.77,10996.85,1753439819999,1986051.140100,1925,8311.47,1501111.295700,0
1753439820000,180.7700,180.7700,180.5500,180.66,16705.01,1753439879999,3017402.974000,1629,5522.41,997610.204800,0
1753439880000,180.6600,180.6900,180.5500,180.59,5963.02,1753439939999,1077067.624600,1240,3525.40,636766.137300,0
1753439940000,180.5900,180.6900,180.4500,180.49,7527.81,1753439999999,1359116.409900,1210,2551.65,460673.129000,0
1753440000000,180.4800,180.6000,180.4300,180.54,12969.70,1753440059999,2340826.746600,1531,5345.59,964834.759700,0
1753440060000,180.5400,180.8400,180.5200,180.82,7244.57,1753440119999,1309054.194500,1509,4151.51,750133.406400,0
1753440120000,180.8200,180.9300,180.7000,180.84,13335.69,1753440179999,2411849.169900,1882,7436.43,1344928.818300,0
1753440180000,180.8500,180.8800,180.6300,180.67,13676.30,1753440239999,2471629.882900,1438,2457.84,444241.727800,0
1753440240000,180.6700,180.7400,180.5400,180.74,8991.10,1753440299999,1624057.366300,1482,3900.50,704623.643100,0
1753440300000,180.7300,180.9800,180.7300,180.88,19856.97,1753440359999,3591982.181800,2502,9990.79,1807294.650000,0
1753440360000,180.8800,180.8800,180.3000,180.3,12337.48,1753440419999,2227659.189500,2047,3990.54,720762.033800,0
1753440420000,180.3000,180.4700,180.2800,180.3,8081.73,1753440479999,1457320.268700,1703,3466.27,625076.275100,0
1753440480000,180.3000,180.5200,180.2900,180.5,7014.62,1753440539999,1265782.666900,1754,3788.10,683533.717200,0
1753440540000,180.5000,180.5200,180.3200,180.48,6121.11,1753440599999,1104248.119700,1414,3518.44,634668.064400,0
1753440600000,180.4800,180.7000,180.4400,180.7,9273.74,1753440659999,1674841.560400,1288,3937.02,710989.803700,0
1753440660000,180.6900,180.8900,180.5900,180.69,18301.26,1753440719999,3308557.984500,2617,14236.46,2573897.719900,0
1753440720000,180.6800,180.6800,180.5200,180.65,4247.12,1753440779999,766944.801100,1149,2127.80,384239.532900,0
1753440780000,180.6500,180.7100,180.5600,180.66,11180.27,1753440839999,2019670.157000,1256,7752.55,1400440.789900,0
1753440840000,180.6500,180.7200,180.6200,180.72,5284.09,1753440899999,954709.635800,1029,1314.45,237487.866900,0
1753440900000,180.7200,180.7200,180.5800,180.65,3998.55,1753440959999,722356.084800,949,1443.80,260808.144000,0
1753440960000,180.6500,180.7300,180.5300,180.54,15710.12,1753441019999,2837985.991300,1409,7746.39,1399408.401000,0
1753441020000,180.5300,180.8400,180.5300,180.71,5370.70,1753441079999,970407.146700,1549,2846.23,514200.690200,0
1753441080000,180.7100,180.7700,180.5700,180.77,5994.52,1753441139999,1083045.242400,1335,2847.26,514411.600900,0
1753441140000,180.7700,180.7800,180.6200,180.67,5377.86,1753441199999,971756.717900,1022,2175.58,393153.264300,0
1753441200000,180.6700,180.8700,180.6700,180.78,10600.45,1753441259999,1916721.781000,1723,5634.67,1018744.918000,0
1753441260000,180.7700,180.7800,180.6600,180.75,12805.27,1753441319999,2314072.851800,1385,1641.85,296719.039400,0
1753441320000,180.7500,180.9900,180.6900,180.98,14464.95,1753441379999,2616438.382700,1863,10328.33,1868227.014200,0
1753441380000,180.9800,181.0000,180.8600,181.0,10126.02,1753441439999,1832192.109000,1811,7006.98,1267810.477800,0
1753441440000,181.0000,181.1700,180.9100,181.16,30357.92,1753441499999,5495113.089800,2672,21747.56,3936482.795500,0
1753441500000,181.1500,181.3000,181.0400,181.04,11903.47,1753441559999,2157065.855800,2485,6391.09,1158156.377400,0
1753441560000,181.0400,181.2200,181.0400,181.22,19867.97,1753441619999,3598811.197600,1887,7118.35,1289325.855800,0
1753441620000,181.2100,181.2800,180.9800,181.05,11872.17,1753441679999,2150314.878500,2296,5158.73,934383.653000,0
1753441680000,181.0400,181.3000,181.0200,181.3,14613.89,1753441739999,2647646.738400,2338,11418.33,2068662.092100,0
1753441740000,181.2900,181.4900,181.2600,181.44,20913.15,1753441799999,3792811.652800,2709,14223.31,2579747.128000,0
1753441800000,181.4400,181.4600,181.1000,181.22,10158.11,1753441859999,1841034.052200,1763,3138.34,568799.334600,0
1753441860000,181.2100,181.2700,181.0400,181.17,6310.52,1753441919999,1143282.676000,1511,2254.89,408526.153400,0
1753441920000,181.1700,181.3000,181.1600,181.23,4668.88,1753441979999,846090.145800,1448,3377.81,612107.886200,0
1753441980000,181.2300,181.2800,181.1100,181.11,7010.78,1753442039999,1270235.939100,1269,3096.78,561076.074700,0
1753442040000,181.1100,181.1200,180.7700,180.93,26503.69,1753442099999,4794742.647500,2691,7446.20,1347098.289600,0
1753442100000,180.9300,181.0600,180.9200,180.98,4952.65,1753442159999,896482.462000,2220,3109.66,562874.913300,0
1753442160000,180.9900,181.0200,180.8800,180.92,3543.05,1753442219999,641062.204700,1237,1755.92,317710.034000,0
1753442220000,180.9100,181.0100,180.7800,181.0,9797.39,1753442279999,1772048.216700,1585,6167.90,1115651.014800,0
1753442280000,181.0100,181.0600,180.9000,181.0,8344.98,1753442339999,1510264.324300,1878,2928.86,530074.363800,0
1753442340000,180.9900,181.0500,180.8900,181.04,7494.39,1753442399999,1356395.723700,1486,4899.34,886720.345200,0
1753442400000,181.0400,181.0600,180.8000,180.81,6597.90,1753442459999,1193580.194100,1388,2485.39,449533.245900,0
1753442460000,180.8200,180.9400,180.7500,180.93,8205.58,1753442519999,1483800.675800,1724,2734.79,494653.268400,0
1753442520000,180.9300,181.2200,180.8200,181.21,9127.61,1753442579999,1652204.415100,1659,6615.54,1197510.104600,0
1753442580000,181.2100,181.4400,181.1800,181.43,10739.85,1753442639999,1947435.483000,2076,4947.97,897117.154700,0
1753442640000,181.4300,181.5400,181.3500,181.54,13907.49,1753442699999,2523446.156900,2137,8277.27,1501915.189300,0
1753442700000,181.5300,181.7700,181.4200,181.71,53960.30,1753442759999,9800527.285200,4630,40446.65,7346453.875000,0
1753442760000,181.7000,181.8500,181.6700,181.84,16849.15,1753442819999,3062448.784000,2133,10512.24,1910782.545900,0
1753442820000,181.8400,181.9100,181.8200,181.89,13671.49,1753442879999,2486488.358600,1653,6518.24,1185502.278700,0
1753442880000,181.8900,181.9900,181.8400,181.98,17289.35,1753442939999,3145261.114500,2137,8669.65,1577321.067800,0
1753442940000,181.9700,182.0000,181.6700,181.74,16434.46,1753442999999,2989725.017500,2326,8826.01,1605741.638800,0
1753443000000,181.7400,181.7400,181.5000,181.56,17097.08,1753443059999,3104738.006600,2828,5291.33,960850.796500,0
1753443060000,181.5600,181.5700,181.2800,181.43,15343.92,1753443119999,2783322.874700,1879,6313.01,1144931.049600,0
1753443120000,181.4300,181.4300,181.2100,181.35,10409.27,1753443179999,1887290.682100,1444,3800.27,689029.686200,0
1753443180000,181.3500,181.5600,181.3500,181.56,6716.21,1753443239999,1218653.249600,1420,4187.13,759707.828000,0
1753443240000,181.5500,181.6100,181.4400,181.6,7473.58,1753443299999,1356805.986000,1467,4598.21,834807.057600,0
1753443300000,181.6000,181.9300,181.6000,181.92,9890.04,1753443359999,1797589.251500,1955,6906.87,1255413.243700,0
1753443360000,181.9200,181.9800,181.8500,181.95,12370.16,1753443419999,2250396.806400,1677,7326.91,1332957.323300,0
1753443420000,181.9400,181.9500,181.7900,181.95,11784.17,1753443479999,2143309.021000,1374,7268.79,1321990.509200,0
1753443480000,181.9400,182.0300,181.8800,181.88,24012.76,1753443539999,4369855.141400,1834,18691.01,3401579.925200,0
1753443540000,181.8900,181.8900,181.6600,181.7,14954.66,1753443599999,2718985.812800,1509,5662.10,1029450.254700,0
1753443600000,181.7100,181.7200,181.5200,181.6,11199.05,1753443659999,2034159.942900,1508,3622.37,657910.911900,0
1753443660000,181.6000,181.6000,181.0300,181.03,28879.64,1753443719999,5234967.049100,3716,6162.15,1117189.808000,0
1753443720000,181.0300,181.0900,180.7900,180.81,21160.13,1753443779999,3829403.281300,3197,6640.84,1201937.911400,0
1753443780000,180.8100,181.0200,180.8000,180.99,20722.69,1753443839999,3749223.457500,2142,10443.72,1889481.302600,0
1753443840000,180.9900,181.0000,180.8700,180.87,12179.63,1753443899999,2203794.423800,1410,7143.21,1292485.663600,0
1753443900000,180.8600,181.0000,180.7800,180.98,12090.64,1753443959999,2186673.659800,2010,4112.72,743806.548800,0
1753443960000,180.9800,181.2100,180.9200,181.08,10600.37,1753444019999,1919771.292200,1460,6874.14,1245013.665600,0
1753444020000,181.0900,181.2800,181.0400,181.27,7585.89,1753444079999,1374508.721300,1293,4265.46,772938.368000,0
1753444080000,181.2700,181.3200,181.1300,181.25,7536.82,1753444139999,1366050.547100,1012,2485.03,450410.078300,0
1753444140000,181.2600,181.2900,180.9100,181.16,29116.08,1753444199999,5272196.614000,2488,10040.84,1818151.801800,0
1753444200000,181.1600,181.3000,181.1500,181.17,7224.01,1753444259999,1309180.931500,1506,3974.29,720260.333500,0
1753444260000,181.1600,181.1700,180.8800,180.92,8836.98,1753444319999,1599348.384500,1684,2849.59,515751.568000,0
1753444320000,180.9100,180.9800,180.7800,180.9,9253.35,1753444379999,1673606.411900,1666,2941.60,532044.941800,0
1753444380000,180.9000,181.2200,180.8100,181.19,9073.40,1753444439999,1642493.879300,1756,5243.69,949323.159200,0
1753444440000,181.2000,181.2000,180.9700,181.08,8416.92,1753444499999,1524148.065600,1318,1998.87,361902.556600,0
1753444500000,181.0700,181.1700,181.0100,181.02,6242.27,1753444559999,1130388.748000,1079,2469.09,447113.616400,0
1753444560000,181.0200,181.3200,181.0200,181.3,4769.36,1753444619999,864293.025500,1010,2942.05,533099.698000,0
1753444620000,181.3000,181.3100,181.1400,181.21,7570.82,1753444679999,1372065.666800,1116,2750.10,498396.962200,0
1753444680000,181.2200,181.3100,181.1400,181.22,3110.17,1753444739999,563721.336700,752,1208.41,219017.379900,0
1753444740000,181.2100,181.3000,181.0200,181.03,11194.55,1753444799999,2028167.961500,1432,2398.57,434628.465100,0
1753444800000,181.0200,181.2800,181.0200,181.27,10529.19,1753444859999,1907770.076700,1763,6606.68,1197161.866700,0
1753444860000,181.2700,181.6700,181.2700,181.5,24504.39,1753444919999,4447583.194900,3479,15030.35,2727574.615300,0
1753444920000,181.5100,181.5700,181.4100,181.56,13026.12,1753444979999,2364124.286400,1942,5060.70,918480.958600,0
1753444980000,181.5700,181.6100,181.4300,181.61,6566.23,1753445039999,1191913.557700,1136,1942.54,352604.737500,0
1753445040000,181.6100,181.6800,181.3100,181.31,20632.75,1753445099999,3745273.245300,1764,2781.58,504907.294800,0
1753445100000,181.3100,181.3100,181.0500,181.08,12748.81,1753445159999,2309574.425900,2441,3790.76,686640.216900,0
1753445160000,181.0800,181.1700,180.9100,181.05,20651.34,1753445219999,3738175.498300,2485,5941.97,1075741.408500,0
1753445220000,181.0400,181.3400,180.9900,181.24,6833.23,1753445279999,1237916.065000,1715,3801.45,688657.588100,0
1753445280000,181.2300,181.5300,181.1600,181.52,10793.67,1753445339999,1957426.971700,1687,6474.62,1174145.244200,0
1753445340000,181.5200,181.6200,181.4600,181.53,8062.51,1753445399999,1463637.100400,2046,3863.21,701330.747100,0
1753445400000,181.5200,181.8400,181.5100,181.73,14746.44,1753445459999,2678964.300500,2405,10124.87,1839336.166000,0
1753445460000,181.7200,181.7300,181.2500,181.26,10229.88,1753445519999,1856616.882200,2023,3294.45,597839.510700,0
1753445520000,181.2700,181.4000,181.0300,181.39,15799.18,1753445579999,2862800.869700,2897,6325.59,1146253.632600,0
1753445580000,181.3900,181.4100,181.1700,181.36,6566.20,1753445639999,1190620.886900,1530,2929.46,531138.308100,0
1753445640000,181.3600,181.4900,181.2700,181.4,28221.65,1753445699999,5119020.411900,1978,6872.03,1246237.369500,0
1753445700000,181.4100,181.5400,181.2000,181.24,28135.20,1753445759999,5103292.903300,2491,11049.36,2003980.464500,0
1753445760000,181.2300,181.2700,180.9000,180.91,24576.45,1753445819999,4449403.291200,2664,7453.63,1349740.950400,0
1753445820000,180.9100,181.0000,180.6100,180.65,28928.70,1753445879999,5229888.396100,3084,8115.00,1467708.127200,0
1753445880000,180.6500,180.8300,180.6000,180.68,26609.88,1753445939999,4808802.554600,2107,14144.99,2556329.080200,0
1753445940000,180.6800,180.7300,180.5600,180.56,20584.32,1753445999999,3718232.326100,1670,8148.44,1471923.849700,0
1753446000000,180.5600,180.7700,180.5100,180.63,20074.17,1753446059999,3626043.679400,1905,9425.19,1702494.068400,0
1753446060000,180.6400,180.6400,180.2900,180.5,25382.01,1753446119999,4578756.989600,3561,8589.21,1549485.518900,0
1753446120000,180.5000,180.5000,180.2000,180.2,16121.61,1753446179999,2907136.875200,1793,5741.37,1035446.645800,0
1753446180000,180.2100,180.4000,180.0500,180.05,22105.35,1753446239999,3984292.701660,2781,8630.92,1555918.617300,0
1753446240000,180.0500,180.2600,180.0000,180.19,51716.78,1753446299999,9317022.030700,3339,29365.22,5290029.912000,0
1753446300000,180.1900,180.3800,180.1400,180.16,17354.61,1753446359999,3128006.894600,1952,9475.08,1707666.126900,0
1753446360000,180.1600,180.3000,180.1600,180.2,14391.32,1753446419999,2593579.006400,1460,6142.02,1106877.880200,0
1753446420000,180.2100,180.4200,180.2000,180.37,16260.28,1753446479999,2931284.167700,1530,11820.81,2130841.109200,0
1753446480000,180.3600,180.4400,180.3100,180.41,8819.94,1753446539999,1591000.195900,1117,6923.20,1248847.418600,0
1753446540000,180.4200,180.4200,180.1800,180.22,11114.36,1753446599999,2003571.569800,1527,5690.94,1025836.654400,0
1753446600000,180.2200,180.5400,180.1800,180.53,17211.96,1753446659999,3104622.383700,2179,10837.53,1955028.520600,0
1753446660000,180.5300,180.7500,180.3300,180.37,19962.78,1753446719999,3603584.289300,2854,8557.29,1544794.128400,0
1753446720000,180.3800,180.4300,180.0000,180.03,26698.40,1753446779999,4811188.911000,3494,6599.80,1189356.301600,0
1753446780000,180.0200,180.2100,179.9000,180.1,41750.35,1753446839999,7515028.743000,4659,17529.54,3155696.738200,0
1753446840000,180.0900,180.2900,179.9400,180.25,24904.25,1753446899999,4486352.303900,2341,15967.10,2876741.180800,0
1753446900000,180.2500,180.6600,180.1400,180.66,12522.58,1753446959999,2259051.284600,2533,6088.78,1098316.983500,0
1753446960000,180.6600,180.8300,180.5800,180.68,16878.84,1753447019999,3050639.537900,2167,10412.13,1881877.146400,0
1753447020000,180.6900,180.7200,180.5500,180.63,7983.77,1753447079999,1442128.305400,1344,3430.26,619566.771200,0
1753447080000,180.6300,180.6300,180.4900,180.54,7128.22,1753447139999,1287156.298000,1799,2157.52,389610.430900,0
1753447140000,180.5400,180.7000,180.5400,180.57,9201.70,1753447199999,1662055.611900,1701,5014.77,905766.536100,0
1753447200000,180.5800,180.8000,180.5000,180.8,11866.38,1753447259999,2143480.952000,1677,5791.15,1046242.279300,0
1753447260000,180.7900,180.8500,180.6800,180.85,12239.43,1753447319999,2212553.774800,1501,7688.80,1389910.167600,0
1753447320000,180.8400,181.3900,180.8200,181.39,21859.79,1753447379999,3959338.941700,3078,15237.20,2759481.406200,0
1753447380000,181.3800,181.5200,181.3300,181.49,24601.48,1753447439999,4463644.244500,2498,13869.79,2516574.677000,0
1753447440000,181.4900,181.5500,181.2500,181.37,15942.23,1753447499999,2891865.728200,2204,6155.48,1116682.978100,0
1753447500000,181.3800,181.5200,181.3800,181.46,12105.00,1753447559999,2196635.635400,1819,7390.89,1341190.727300,0
1753447560000,181.4600,181.5300,181.3200,181.36,9961.76,1753447619999,1807180.969000,1553,4796.49,870108.794300,0
1753447620000,181.3500,181.4300,181.2000,181.23,8406.40,1753447679999,1524296.221700,1383,3868.87,701587.968500,0
1753447680000,181.2400,181.2500,180.8800,181.22,17243.80,1753447739999,3122121.670100,2831,3664.39,663487.701600,0
1753447740000,181.2200,181.3400,181.0700,181.3,17910.74,1753447799999,3245197.593000,1732,12949.14,2346258.869500,0
1753447800000,181.3000,181.3300,181.0000,181.04,6069.48,1753447859999,1099290.397800,1202,2142.60,387998.837700,0
1753447860000,181.0300,181.1600,181.0300,181.03,7004.41,1753447919999,1268321.303800,1267,2682.60,485760.466500,0
1753447920000,181.0300,181.1400,180.8800,180.99,10696.40,1753447979999,1935964.848000,1424,5833.75,1055821.010700,0
1753447980000,180.9800,180.9800,180.6700,180.69,8501.76,1753448039999,1537588.198300,1605,3754.41,679017.080700,0
1753448040000,180.6900,180.7600,180.6000,180.63,10061.34,1753448099999,1817812.681200,1765,3890.70,703025.583500,0
1753448100000,180.6300,180.6800,180.3300,180.37,20736.77,1753448159999,3742909.412600,2377,6045.00,1091466.393100,0
1753448160000,180.3700,180.5800,180.3400,180.41,15534.61,1753448219999,2803289.688000,2021,7150.62,1290535.148600,0
1753448220000,180.4200,180.5800,180.2400,180.43,10864.13,1753448279999,1959690.393300,2050,3323.78,599570.273500,0
1753448280000,180.4400,180.6000,180.3800,180.6,8971.21,1753448339999,1619093.623500,1550,4251.74,767331.125500,0
1753448340000,180.6000,180.7700,180.5700,180.71,9332.49,1753448399999,1685920.246900,1603,5651.52,1020922.971200,0
1753448400000,180.7200,180.8000,180.4800,180.64,10223.85,1753448459999,1846607.142100,2034,6203.71,1120565.134200,0
1753448460000,180.6400,180.7400,180.4100,180.41,9327.92,1753448519999,1684290.150000,1573,5414.24,977592.529300,0
1753448520000,180.4000,180.4600,180.2600,180.38,14316.71,1753448579999,2581975.405400,2117,7163.29,1291820.945000,0
1753448580000,180.3900,180.5000,180.3400,180.36,10864.51,1753448639999,1960098.655600,1677,6007.45,1083927.581200,0
1753448640000,180.3600,180.5000,180.1600,180.22,13835.95,1753448699999,2494829.711100,2049,5321.84,959650.861200,0
1753448700000,180.2200,180.3800,180.0400,180.31,18812.82,1753448759999,3390169.458800,3066,8215.10,1480490.432600,0
1753448760000,180.3100,180.5000,180.2900,180.46,11924.75,1753448819999,2151104.346100,1721,7340.62,1324042.803400,0
1753448820000,180.4600,180.6800,180.4500,180.5,16383.48,1753448879999,2958377.977200,2111,8983.63,1622310.323100,0
1753448880000,180.5100,180.6400,180.4000,180.61,6268.78,1753448939999,1131478.114300,1206,2433.50,439286.241700,0
1753448940000,180.6200,180.7100,180.4700,180.52,3727.45,1753448999999,673262.159600,1357,1786.56,322709.173600,0
1753449000000,180.5300,180.6600,180.5100,180.61,3398.43,1753449059999,613672.518200,954,1733.99,313109.852700,0
1753449060000,180.6100,180.6700,180.4800,180.62,5740.04,1753449119999,1036479.941300,1500,1224.01,221028.507400,0
1753449120000,180.6100,180.6900,180.4300,180.58,4685.14,1753449179999,846013.314600,1151,2535.82,457933.660800,0
1753449180000,180.5900,180.6600,180.5500,180.64,2518.26,1753449239999,454799.960300,892,1169.86,211271.922000,0
1753449240000,180.6300,180.6900,180.4500,180.45,4396.08,1753449299999,793822.067400,993,2023.56,365469.038500,0
1753449300000,180.4500,180.6300,180.3400,180.57,7671.71,1753449359999,1384606.588100,1586,5164.66,932199.992600,0
1753449360000,180.5600,180.7700,180.5500,180.73,9401.64,1753449419999,1698425.517100,1397,2578.71,465861.738100,0
1753449420000,180.7300,181.0000,180.6500,180.93,22141.10,1753449479999,4004154.645400,2184,8829.43,1596918.642200,0
1753449480000,180.9200,181.0200,180.7900,180.79,8140.02,1753449539999,1472815.031600,1126,2352.89,425744.467400,0
1753449540000,180.8000,181.0700,180.8000,180.92,15574.80,1753449599999,2818299.795900,1394,5039.48,911880.639900,0
1753449600000,180.9200,181.0100,180.7700,180.87,14470.81,1753449659999,2617903.209000,1626,3065.75,554538.486300,0
1753449660000,180.8600,180.9100,180.6300,180.8,13229.22,1753449719999,2391427.792200,1633,3755.34,678709.503900,0
1753449720000,180.8100,180.8900,180.7600,180.81,8611.96,1753449779999,1557219.546200,1154,2174.44,393186.854300,0
1753449780000,180.8200,180.9900,180.8200,180.94,9153.97,1753449839999,1656064.218000,1474,4392.54,794682.052500,0
1753449840000,180.9500,181.0100,180.8600,180.86,5716.81,1753449899999,1034446.668000,1376,2301.27,416430.212800,0
1753449900000,180.8600,180.9600,180.8100,180.86,6287.60,1753449959999,1137415.883500,1055,4647.57,840729.741000,0
1753449960000,180.8600,180.8800,180.6700,180.79,5170.16,1753450019999,934658.204800,1144,1598.82,289000.100200,0
1753450020000,180.8000,180.8200,180.6600,180.72,4622.78,1753450079999,835525.411100,1070,1736.29,313805.589000,0
1753450080000,180.7200,180.7200,180.4900,180.68,7949.82,1753450139999,1435599.957500,1426,3933.51,710308.573800,0
1753450140000,180.6800,180.7100,180.5000,180.52,6362.25,1753450199999,1149050.258900,1207,2216.63,400378.688400,0
1753450200000,180.5300,180.5600,179.9100,180.04,33667.33,1753450259999,6063061.824000,4586,14260.82,2568446.503100,0
1753450260000,180.0400,180.1000,179.7300,179.88,28988.41,1753450319999,5214529.495600,3571,11795.84,2121847.874100,0
1753450320000,179.8900,180.5200,179.8900,180.42,17461.18,1753450379999,3147240.670800,3171,11617.77,2093847.930200,0
1753450380000,180.4300,181.4000,180.4200,181.36,32691.14,1753450439999,5917127.083200,5371,18074.02,3270580.363400,0
1753450440000,181.3600,181.4000,180.9800,181.06,46254.41,1753450499999,8381579.207200,3981,19789.34,3586485.504200,0
1753450500000,181.0700,181.2400,180.8400,181.02,17796.64,1753450559999,3221496.780300,3347,9952.18,1801549.004800,0
1753450560000,181.0300,181.3600,181.0000,181.2,24347.16,1753450619999,4411310.235100,2927,14008.51,2538317.320700,0
1753450620000,181.1900,181.1900,180.0500,180.07,35658.31,1753450679999,6433130.203100,5634,14102.58,2543905.365200,0
1753450680000,180.0700,180.1900,179.9200,180.03,34698.43,1753450739999,6247591.543700,4699,12158.50,2189358.636500,0
1753450740000,180.0200,180.4800,180.0100,180.29,15672.58,1753450799999,2825446.640600,2423,9020.17,1626115.512600,0
1753450800000,180.2900,180.3600,179.8500,179.88,23417.06,1753450859999,4216628.244000,3162,10360.44,1865225.869100,0
1753450860000,179.8800,180.0300,179.5100,179.65,80862.27,1753450919999,14532817.943080,5555,31838.42,5723021.409100,0
1753450920000,179.6500,179.9700,179.6000,179.6,24848.39,1753450979999,4467248.755800,5408,13615.24,2447590.550100,0
1753450980000,179.6100,179.9400,179.5000,179.92,39545.86,1753451039999,7106343.388800,6354,17320.86,3112812.938700,0
1753451040000,179.9200,179.9800,179.6900,179.76,18405.56,1753451099999,3310583.326100,3073,8184.97,1472325.998200,0
1753451100000,179.7600,180.0400,179.7600,179.96,19246.62,1753451159999,3462769.563000,3086,9406.43,1692381.519400,0
1753451160000,179.9600,180.2300,179.8300,180.15,24535.25,1753451219999,4416328.227100,2412,11593.54,2087149.353500,0
1753451220000,180.1600,180.2900,180.0600,180.21,15043.57,1753451279999,2710710.236900,1934,5977.33,1077081.286600,0
1753451280000,180.2100,180.2800,179.9700,180.04,12291.15,1753451339999,2214261.839600,2280,5105.75,919844.588200,0
1753451340000,180.0400,180.3300,180.0400,180.18,10291.87,1753451399999,1854271.560500,2167,6730.02,1212456.587700,0
1753451400000,180.1800,180.3000,179.8100,179.93,17874.10,1753451459999,3217434.759400,2777,6044.80,1088163.553800,0
1753451460000,179.9300,180.2800,179.8400,179.9,40421.14,1753451519999,7276208.343800,3759,9115.95,1641115.729400,0
1753451520000,179.9000,180.5000,179.8900,180.49,25137.95,1753451579999,4529243.490400,3384,14576.27,2626186.989100,0
1753451580000,180.4800,180.8300,180.4000,180.78,33217.90,1753451639999,6000480.016400,3758,18378.48,3320124.625700,0
1753451640000,180.7900,180.8200,180.5100,180.66,34091.25,1753451699999,6158922.427800,2743,22999.09,4154647.921400,0
1753451700000,180.6600,180.8000,180.3000,180.78,18959.31,1753451759999,3423433.599700,2881,7650.31,1381631.480600,0
1753451760000,180.7800,180.8200,180.4500,180.49,14761.73,1753451819999,2666818.878700,1972,5265.36,951351.702800,0
1753451820000,180.4900,180.8100,180.4900,180.71,10050.94,1753451879999,1815678.724600,1730,4448.07,803512.276900,0
1753451880000,180.7100,181.0100,180.6400,180.97,14756.57,1753451939999,2669592.359000,2290,7682.12,1389800.467900,0
1753451940000,180.9700,181.1200,180.8000,181.12,11105.16,1753451999999,2009413.898300,2230,7330.27,1326399.710600,0
1753452000000,181.1200,181.3000,180.8700,181.07,30888.77,1753452059999,5593938.856900,5479,15215.03,2755446.765100,0
1753452060000,181.0700,181.3100,181.0600,181.2,18887.25,1753452119999,3422165.895700,4454,11713.26,2122260.890800,0
1753452120000,181.2100,181.3100,180.8800,180.88,19333.84,1753452179999,3501000.490700,2316,9135.09,1654340.892000,0
1753452180000,180.8800,180.9300,180.3500,180.49,28172.00,1753452239999,5087293.525300,3353,9385.30,1694662.081300,0
1753452240000,180.5000,180.6700,180.4200,180.43,22240.05,1753452299999,4014769.657800,2628,10621.20,1917363.078300,0
1753452300000,180.4300,180.4600,180.2000,180.21,26951.98,1753452359999,4860428.370900,2803,15411.26,2778957.588000,0
1753452360000,180.2000,180.6300,180.1600,180.63,17500.51,1753452419999,3156805.820100,2355,10299.90,1857897.071400,0
1753452420000,180.6300,180.7100,180.4500,180.67,19421.99,1753452479999,3507343.782100,2333,9757.32,1761859.038500,0
1753452480000,180.6700,180.6800,180.1000,180.1,31422.52,1753452539999,5666948.784900,2820,18385.27,3315269.153500,0
1753452540000,180.1100,180.3100,179.9100,180.13,36287.52,1753452599999,6534222.551500,3625,16069.38,2893664.721100,0
1753452600000,180.1300,180.3500,179.9500,179.99,13561.94,1753452659999,2443740.338900,2112,7608.11,1370767.974900,0
1753452660000,179.9900,180.3200,179.9900,180.22,16489.86,1753452719999,2971460.160400,2539,10498.41,1891642.901400,0
1753452720000,180.2300,180.4100,180.1100,180.11,11978.48,1753452779999,2159732.847300,1861,5309.33,957153.416700,0
1753452780000,180.1200,180.2500,179.8400,179.85,21210.77,1753452839999,3817795.978100,2326,9664.84,1739621.138500,0
1753452840000,179.8500,179.9800,179.7400,179.78,27683.57,1753452899999,4978862.422500,2102,10566.07,1900531.319100,0
1753452900000,179.7800,180.0100,179.7100,180.0,28593.78,1753452959999,5142453.879500,3190,17132.30,3081044.037200,0
1753452960000,180.0000,180.0000,179.5900,179.64,28184.99,1753453019999,5065721.240000,3183,12172.00,2187635.791100,0
1753453020000,179.6500,179.6800,179.0000,179.07,96503.44,1753453079999,17300814.883380,9972,36884.29,6613503.932600,0
1753453080000,179.0800,179.1100,178.6500,178.92,107466.73,1753453139999,19223986.155870,11498,49005.79,8766728.899600,0
1753453140000,178.9200,179.3600,178.8800,179.26,38413.55,1753453199999,6880068.071500,4245,23110.85,4139261.808000,0
1753453200000,179.2600,179.3700,178.9700,179.31,29116.75,1753453259999,5216379.745900,3747,15548.66,2785341.378900,0
1753453260000,179.3000,179.4900,179.1500,179.19,18958.12,1753453319999,3399585.309600,2703,10400.50,1865205.811900,0
1753453320000,179.2000,179.3800,179.0300,179.08,18238.91,1753453379999,3269046.815500,2750,9042.06,1620522.239400,0
1753453380000,179.0800,179.2100,178.5300,178.73,34131.34,1753453439999,6102130.539600,4070,16055.99,2871004.852000,0
1753453440000,178.7200,179.0700,178.6700,178.8,28072.51,1753453499999,5021674.151500,3094,14618.95,2614998.504200,0
1753453500000,178.7900,179.0400,178.7200,179.02,26176.69,1753453559999,4682200.908700,2602,13407.88,2398372.262500,0
1753453560000,179.0100,179.0100,178.2200,178.52,76502.18,1753453619999,13658882.561300,6579,23007.67,4107514.356300,0
1753453620000,178.5200,178.8700,178.3600,178.76,48432.16,1753453679999,8649966.437400,4297,21469.27,3836233.383300,0
1753453680000,178.7500,178.9700,178.4900,178.53,26798.96,1753453739999,4791197.980400,2882,13436.77,2401983.989700,0
1753453740000,178.5400,178.6700,178.2800,178.49,21633.30,1753453799999,3861011.151600,2655,12784.00,2281744.194600,0
1753453800000,178.4900,178.8700,178.4700,178.55,28953.29,1753453859999,5172393.660200,3813,18382.70,3283845.369600,0
1753453860000,178.5600,178.7600,178.3700,178.4,25359.63,1753453919999,4527318.502800,3242,13318.14,2377705.891000,0
1753453920000,178.3900,178.4900,177.3200,177.62,187948.52,1753453979999,33433043.673560,10727,53974.25,9605281.591500,0
1753453980000,177.6100,177.6400,177.3200,177.36,85339.41,1753454039999,15145166.479600,10715,38940.34,6910875.107700,0
1753454040000,177.3600,177.8400,177.2700,177.49,67022.54,1753454099999,11901104.393260,8048,32869.45,5837179.952600,0
1753454100000,177.4900,178.0300,177.4500,178.03,44409.48,1753454159999,7895569.248600,5393,18474.44,3283959.181100,0
1753454160000,178.0200,178.0200,177.5900,177.86,35688.37,1753454219999,6345060.426400,3826,10448.23,1857197.347400,0
1753454220000,177.8600,177.9600,177.2600,177.26,45831.86,1753454279999,8138911.222300,4387,25699.29,4564102.720800,0
1753454280000,177.2600,177.5400,177.1100,177.37,48432.05,1753454339999,8587655.631080,4579,25033.74,4439054.479200,0
1753454340000,177.3600,177.4400,177.0600,177.07,49204.99,1753454399999,8723259.691400,3749,20065.02,3557914.457200,0
1753454400000,177.0700,177.2600,176.6700,176.82,85451.95,1753454459999,15117168.422900,8015,37866.66,6698422.794400,0
1753454460000,176.8200,176.9600,176.6600,176.85,54662.58,1753454519999,9663640.039700,4608,23940.59,4232360.938800,0
1753454520000,176.8500,177.3800,176.8500,177.21,53098.70,1753454579999,9401916.784600,5346,24578.07,4352711.590500,0
1753454580000,177.2200,177.2700,176.8700,176.99,39227.85,1753454639999,6946805.344800,3831,22164.43,3924731.147600,0
1753454640000,176.9900,177.2900,176.9900,177.06,34926.99,1753454699999,6187891.719300,3324,24160.19,4280265.300200,0
1753454700000,177.0600,177.5000,177.0600,177.44,41562.99,1753454759999,7369415.100500,5007,20659.15,3663329.491300,0
1753454760000,177.4500,177.7300,177.4200,177.5,35727.03,1753454819999,6344038.632900,3238,23405.33,4156409.569600,0
1753454820000,177.5000,177.8400,177.4700,177.77,32674.46,1753454879999,5806030.071800,3600,18900.91,3358598.817400,0
1753454880000,177.7700,177.8400,177.6000,177.68,22789.37,1753454939999,4049941.361100,3189,11620.18,2065066.128300,0
1753454940000,177.6800,178.1100,177.6800,177.98,28802.66,1753454999999,5125751.941600,3594,18250.06,3247841.386700,0
1753455000000,177.9900,178.4400,177.8500,178.08,63276.44,1753455059999,11277932.368500,4720,38571.05,6874425.756400,0
1753455060000,178.0800,178.1200,177.8400,178.0,54521.47,1753455119999,9703650.073900,3510,26327.27,4685219.873100,0
1753455120000,178.0100,178.4300,177.9700,178.31,62401.31,1753455179999,11123898.263400,3965,38607.75,6881181.190100,0
1753455180000,178.3200,178.4100,178.0600,178.06,61212.14,1753455239999,10911741.402900,3835,32270.80,5752268.530800,0
1753455240000,178.0600,178.3900,178.0600,178.34,27010.25,1753455299999,4814967.007600,3157,15100.40,2692018.210500,0
1753455300000,178.3400,178.3400,178.1300,178.21,16017.57,1753455359999,2854830.167700,2449,8437.31,1503756.295500,0
1753455360000,178.2000,178.2200,177.6200,177.62,25155.92,1753455419999,4477085.672700,3561,11173.81,1988739.942300,0
1753455420000,177.6300,177.9700,177.2300,177.62,53024.00,1753455479999,9419190.717500,6402,29307.33,5206734.622200,0
1753455480000,177.6300,177.8000,176.3900,176.69,236185.83,1753455539999,41804086.680200,13718,61197.80,10842135.495200,0
1753455540000,176.6800,176.9100,176.2800,176.55,231142.87,1753455599999,40803549.700090,8883,163281.94,28822308.275500,0
1753455600000,176.5600,176.9900,176.3600,176.98,52609.00,1753455659999,9294952.053800,6871,29495.27,5211148.550500,0
1753455660000,176.9800,177.0900,176.6700,176.99,37979.74,1753455719999,6718023.153000,4018,25863.62,4574887.188800,0
1753455720000,176.9800,177.6000,176.9800,177.26,40343.07,1753455779999,7155059.142100,4522,27437.64,4866204.900200,0
1753455780000,177.2600,177.6600,177.2000,177.5,29642.05,1753455839999,5260374.222500,3572,19907.04,3533066.149000,0
1753455840000,177.4900,177.5600,177.2900,177.4,19750.98,1753455899999,3504550.730500,2738,12864.10,2282593.422900,0
1753455900000,177.3900,177.5300,176.8200,176.83,24986.99,1753455959999,4427480.006100,3151,9719.69,1723555.827100,0
1753455960000,176.8300,177.3800,176.8300,177.38,16293.36,1753456019999,2885728.704700,3235,10588.97,1875420.149400,0
1753456020000,177.3800,177.3800,177.0200,177.07,21288.62,1753456079999,3772158.584100,3025,8292.33,1469155.545700,0
1753456080000,177.0700,177.3800,177.0000,177.3,18851.75,1753456139999,3340413.078800,3024,10694.32,1894892.576800,0
1753456140000,177.3000,177.7300,177.2100,177.45,28996.05,1753456199999,5148785.025900,4307,16579.87,2944336.474600,0
1753456200000,177.4600,177.8100,177.4200,177.81,20786.42,1753456259999,3691758.966800,2959,15272.69,2712687.016000,0
1753456260000,177.8100,177.9100,177.5900,177.87,23841.58,1753456319999,4238691.594400,3293,10746.27,1910629.194300,0
1753456320000,177.8700,177.9600,177.5700,177.58,22719.96,1753456379999,4038954.971960,3233,9401.34,1671427.628460,0
1753456380000,177.5900,177.8300,177.3300,177.82,20470.82,1753456439999,3635177.751700,3462,7155.93,1270830.084700,0
1753456440000,177.8200,178.1700,177.7100,177.99,33345.55,1753456499999,5935184.869300,4282,22191.54,3950105.742700,0
1753456500000,178.0000,178.1500,177.8600,178.15,21746.18,1753456559999,3871891.814700,2712,12472.63,2220735.656800,0
1753456560000,178.1400,178.5600,178.1400,178.32,32045.36,1753456619999,5715981.111400,4062,16261.77,2900567.695300,0
1753456620000,178.3200,178.3500,178.0300,178.03,19818.30,1753456679999,3531726.261100,2758,8458.09,1507365.989500,0
1753456680000,178.0200,178.2700,177.9700,178.22,12002.22,1753456739999,2137953.735200,2044,5040.40,897987.007100,0
1753456740000,178.2200,178.2800,177.7900,177.81,27128.56,1753456799999,4829834.380200,2905,11116.45,1979036.653000,0
1753456800000,177.8000,177.9900,177.6200,177.86,24424.77,1753456859999,4343087.462900,3360,9382.99,1668348.147400,0
1753456860000,177.8700,177.9900,177.6700,177.99,18608.25,1753456919999,3309431.686500,2805,10246.04,1822336.240700,0
1753456920000,177.9800,178.1800,177.8100,178.18,25805.01,1753456979999,4591316.151500,2666,9460.28,1683383.891900,0
1753456980000,178.1900,178.4700,178.1700,178.35,26901.96,1753457039999,4797767.922300,3426,16104.54,2872082.638900,0
1753457040000,178.3500,178.3900,178.1700,178.27,15437.15,1753457099999,2751948.927600,2316,9952.10,1774080.494900,0
1753457100000,178.2700,178.4900,178.0900,178.15,19493.73,1753457159999,3474992.856600,2434,6772.12,1207402.335700,0
1753457160000,178.1600,178.2100,177.9500,178.1,15529.55,1753457219999,2765064.102100,2220,6522.98,1161444.923600,0
1753457220000,178.1000,178.2200,177.9000,177.96,15021.31,1753457279999,2675090.142100,2261,7319.79,1303353.535100,0
1753457280000,177.9700,178.0300,177.6700,177.8,16156.84,1753457339999,2874006.212700,2608,6589.69,1172266.581800,0
1753457340000,177.8100,177.9300,177.7500,177.91,8894.41,1753457399999,1581614.331000,1771,5169.31,919121.227000,0
1753457400000,177.9000,178.1900,177.8400,178.05,12020.57,1753457459999,2140125.034300,3013,4223.74,751943.331500,0
1753457460000,178.0500,178.2500,178.0500,178.2,8302.92,1753457519999,1478907.647900,2114,4179.14,744374.242100,0
1753457520000,178.2000,178.2000,178.0700,178.15,8033.11,1753457579999,1431093.165100,1789,2732.82,486865.369300,0
1753457580000,178.1500,178.2000,177.9700,178.12,7118.32,1753457639999,1267802.739100,1653,2776.56,494480.779900,0
1753457640000,178.1200,178.2300,178.1000,178.2,7229.67,1753457699999,1288117.885700,1574,3761.18,670154.624200,0
1753457700000,178.2000,178.2100,177.6600,177.75,58172.52,1753457759999,10346197.503500,3294,23414.32,4163611.421500,0
1753457760000,177.7600,177.7900,176.8900,176.9,46231.96,1753457819999,8197397.410900,5664,15602.15,2766269.613800,0
1753457820000,176.8900,177.1700,176.5100,177.03,71625.15,1753457879999,12666736.535800,6908,33714.26,5962982.091000,0
1753457880000,177.0300,177.1100,176.8300,177.01,25709.53,1753457939999,4550374.606000,3370,10853.57,1920861.690400,0
1753457940000,177.0100,177.1100,176.5500,176.55,49576.45,1753457999999,8765912.635300,5113,16637.76,2941649.085200,0
1753458000000,176.5500,176.7400,176.3100,176.33,64091.84,1753458059999,11314896.982910,6099,27962.60,4937131.278900,0
1753458060000,176.3400,176.7500,176.1400,176.6,65135.94,1753458119999,11491360.066500,6207,36886.19,6509118.466400,0
1753458120000,176.6000,176.8200,176.5200,176.75,20164.00,1753458179999,3562250.160500,3621,11256.87,1988692.891300,0
1753458180000,176.7400,177.0500,176.5800,176.98,27944.90,1753458239999,4941945.067300,3662,19505.02,3450024.453400,0
1753458240000,176.9700,177.0700,176.7800,177.02,20878.93,1753458299999,3694076.236600,2819,9390.71,1661625.477400,0
1753458300000,177.0200,177.4200,176.9700,177.27,34542.01,1753458359999,6122398.581000,4587,24166.81,4283337.876400,0
1753458360000,177.2600,177.2600,176.8900,177.08,17225.37,1753458419999,3049379.658500,2964,7763.98,1374271.346900,0
1753458420000,177.0800,177.3100,177.0800,177.3,18666.61,1753458479999,3307995.177000,2670,12390.10,2195718.565400,0
1753458480000,177.2900,177.5600,177.2800,177.43,18137.55,1753458539999,3218109.397500,2860,8393.66,1489333.898500,0
1753458540000,177.4400,177.4900,177.1200,177.32,16086.94,1753458599999,2852729.393000,2663,9460.48,1677530.681800,0
1753458600000,177.3200,177.5000,177.1700,177.2,18654.40,1753458659999,3308282.087500,2493,10457.00,1854619.063500,0
1753458660000,177.2000,177.7000,177.1700,177.44,17727.83,1753458719999,3147753.233700,2896,8657.18,1537105.847600,0
1753458720000,177.4500,177.7800,177.4400,177.77,13657.43,1753458779999,2426139.909500,2012,6448.37,1145412.041500,0
1753458780000,177.7700,177.9900,177.7500,177.98,28827.94,1753458839999,5128035.755760,3059,14854.95,2642595.187460,0
1753458840000,177.9800,178.1000,177.8700,178.09,18289.65,1753458899999,3255442.985100,2250,6665.47,1186591.235300,0
1753458900000,178.1000,178.3000,178.0100,178.3,21352.52,1753458959999,3804094.007000,2578,13509.12,2406758.020700,0
1753458960000,178.3000,178.3900,178.1300,178.25,21680.90,1753459019999,3865524.389100,2249,5886.05,1049484.613800,0
1753459020000,178.2500,178.3500,178.1300,178.28,18723.63,1753459079999,3337273.095600,2232,9687.92,1726801.152100,0
1753459080000,178.2700,178.3000,178.0100,178.01,15470.75,1753459139999,2756372.986500,1967,4636.17,826106.168800,0
1753459140000,178.0100,178.2200,178.0100,178.13,22604.66,1753459199999,4026916.088700,2535,15205.31,2708908.657500,0
1753459200000,178.1300,178.2300,177.9000,178.15,24795.74,1753459259999,4414563.579400,3708,11020.95,1962371.876900,0
1753459260000,178.1500,178.2800,177.9700,178.23,21967.86,1753459319999,3913215.378600,2572,12895.98,2297210.643500,0
1753459320000,178.2400,178.4600,178.2000,178.44,18182.18,1753459379999,3242846.922300,2801,12295.25,2192956.837900,0
1753459380000,178.4500,178.8500,178.4300,178.8,48493.59,1753459439999,8663445.792070,4831,34632.13,6186911.901270,0
1753459440000,178.8000,178.8000,178.4800,178.54,24717.45,1753459499999,4415485.123200,2547,8251.22,1473742.580400,0
1753459500000,178.5500,178.5800,178.2900,178.5,14824.36,1753459559999,2645572.894300,2012,6404.02,1142942.523200,0
1753459560000,178.5000,178.8000,178.5000,178.75,12440.76,1753459619999,2222170.877000,2028,8041.67,1436410.347600,0
1753459620000,178.7500,178.8200,178.6300,178.8,10593.16,1753459679999,1893239.954300,1648,4335.72,774941.879000,0
1753459680000,178.8100,179.0400,178.7000,178.87,43420.75,1753459739999,7769206.301300,3680,32928.20,5891965.266300,0
1753459740000,178.8600,178.9300,178.6900,178.81,15019.05,1753459799999,2685198.443600,2186,9227.19,1649566.599200,0
1753459800000,178.8100,178.8100,178.6000,178.73,11799.66,1753459859999,2108823.981200,1743,4179.26,746930.343400,0
1753459860000,178.7300,178.9700,178.7000,178.74,12603.96,1753459919999,2253867.244100,2172,6415.17,1147088.617300,0
1753459920000,178.7400,179.1000,178.6700,178.77,21259.28,1753459979999,3804343.918600,2696,12641.46,2262343.006100,0
1753459980000,178.7700,178.9600,178.6900,178.79,8409.25,1753460039999,1503815.697900,1813,4534.14,810847.183300,0
1753460040000,178.7800,178.8900,178.6300,178.69,10276.53,1753460099999,1836946.021100,1964,5126.53,916349.275400,0
1753460100000,178.6900,178.8900,178.6900,178.8,10069.93,1753460159999,1800186.809000,2505,4567.36,816524.238400,0
1753460160000,178.8000,178.9500,178.7400,178.76,6079.56,1753460219999,1087219.888000,1693,3466.30,619857.670800,0
1753460220000,178.7600,178.8100,178.0700,178.1,38673.99,1753460279999,6897648.298800,4240,8132.26,1450183.317000,0
1753460280000,178.1000,178.4300,177.9900,178.2,26443.47,1753460339999,4711960.147800,3116,11117.18,1981019.038700,0
1753460340000,178.2000,178.4400,178.1100,178.35,12830.25,1753460399999,2287161.758800,2096,7731.86,1378160.680100,0
1753460400000,178.3400,178.3400,177.6900,177.74,36035.81,1753460459999,6412948.456100,4014,8028.08,1428273.938200,0
1753460460000,177.7500,177.9100,177.6700,177.78,25133.54,1753460519999,4468217.128400,2754,10538.73,1873635.876700,0
1753460520000,177.7700,177.9300,177.6800,177.68,14207.77,1753460579999,2526384.022900,2568,7168.80,1274774.167300,0
1753460580000,177.6900,177.8500,177.4000,177.42,20784.10,1753460639999,3691758.225500,3608,7757.84,1378096.606800,0
1753460640000,177.4200,177.6800,177.3900,177.67,18418.18,1753460699999,3269201.199100,2998,8473.84,1504211.333200,0
1753460700000,177.6600,178.3300,177.5700,178.2,71171.04,1753460759999,12672283.807400,5415,63313.33,11273829.009900,0
1753460760000,178.2000,178.5800,178.1300,178.44,47210.18,1753460819999,8422327.924300,3921,13968.44,2490717.752300,0
1753460820000,178.4500,178.6100,178.0000,178.0,37868.28,1753460879999,6752499.549400,3845,8445.24,1505828.104500,0
1753460880000,178.0100,178.2500,178.0000,178.03,23697.69,1753460939999,4220921.236300,2886,11616.30,2069029.487300,0
1753460940000,178.0300,178.3600,178.0300,178.3,11983.71,1753460999999,2135323.525500,2020,5535.18,986333.839600,0
1753461000000,178.2900,178.4600,178.1400,178.46,11885.45,1753461059999,2119323.208000,2483,7036.60,1254791.701600,0
1753461060000,178.4500,178.8600,178.4100,178.49,28870.75,1753461119999,5157267.784100,3918,17470.93,3121394.771400,0
1753461120000,178.5000,178.7000,178.5000,178.63,18962.28,1753461179999,3386922.150200,2583,9478.69,1693122.956100,0
1753461180000,178.6200,178.6200,178.2300,178.23,10519.41,1753461239999,1877644.965600,2224,4340.54,774822.063900,0
1753461240000,178.2400,178.3300,178.1100,178.17,8129.83,1753461299999,1448959.103200,1997,4566.83,813920.825600,0
1753461300000,178.1700,178.3000,177.6000,177.65,12779.19,1753461359999,2273083.003700,2980,4348.02,773253.030100,0
1753461360000,177.6500,177.9700,177.6000,177.69,25573.99,1753461419999,4545487.794400,3030,5981.75,1063454.524500,0
1753461420000,177.6900,177.8800,177.6200,177.86,15188.40,1753461479999,2699525.479100,2433,9588.88,1704409.266500,0
1753461480000,177.8500,178.1800,177.7500,178.14,17718.07,1753461539999,3153819.320000,2766,13361.21,2378172.752800,0
1753461540000,178.1400,178.1500,177.8400,177.98,8963.73,1753461599999,1595363.774600,1789,6141.98,1093089.990400,0
1753461600000,177.9800,178.0800,177.8900,178.05,14906.89,1753461659999,2653339.919200,1921,11808.94,2101938.471700,0
1753461660000,178.0600,178.4900,178.0600,178.49,9526.93,1753461719999,1698481.637700,2213,6746.12,1202605.517500,0
1753461720000,178.4900,178.6600,178.2000,178.2,25868.36,1753461779999,4616797.770100,3061,10422.54,1860726.681400,0
1753461780000,178.2100,178.5800,178.2100,178.58,6262.96,1753461839999,1117099.310800,1508,3839.24,684728.132400,0
1753461840000,178.5900,178.7000,178.5000,178.64,8684.67,1753461899999,1551177.597900,1946,4741.62,846935.778000,0
1753461900000,178.6300,178.7800,178.5700,178.66,11571.22,1753461959999,2067595.209100,2339,4527.89,809031.632700,0
1753461960000,178.6700,178.9100,178.6700,178.91,11474.82,1753462019999,2051356.173100,1825,6331.26,1131927.330500,0
1753462020000,178.9000,179.1300,178.8900,179.1,17707.71,1753462079999,3169510.546200,2811,11006.25,1969954.931200,0
1753462080000,179.1100,179.3800,179.0300,179.37,36009.21,1753462139999,6453237.640300,6512,20905.92,3746910.473700,0
1753462140000,179.3700,179.3800,179.1300,179.38,25134.32,1753462199999,4505860.265700,5668,14841.66,2660644.986200,0
1753462200000,179.3800,179.4000,179.0800,179.09,17223.44,1753462259999,3088469.260500,2351,9585.22,1719118.728400,0
1753462260000,179.0900,179.1600,178.8200,178.99,26594.15,1753462319999,4760037.145800,3045,11629.35,2081805.979700,0
1753462320000,179.0000,179.3400,179.0000,179.24,16018.35,1753462379999,2870562.108700,2460,12122.18,2172413.985800,0
1753462380000,179.2300,179.3500,179.1600,179.34,9806.53,1753462439999,1757973.835100,1466,6353.37,1138952.333100,0
1753462440000,179.3400,179.4500,179.2700,179.41,60326.63,1753462499999,10820359.242600,3831,41752.50,7488529.826100,0
1753462500000,179.4100,179.5900,179.2400,179.26,18285.84,1753462559999,3281799.741080,2293,11058.55,1984692.406280,0
1753462560000,179.2600,179.8300,179.2600,179.82,34780.29,1753462619999,6248910.524600,3446,27860.90,5005558.988000,0
1753462620000,179.8300,179.9100,179.6700,179.67,28394.50,1753462679999,5105897.206000,2510,18719.97,3366125.909900,0
1753462680000,179.6700,179.9400,179.4900,179.78,39424.18,1753462739999,7084732.341700,3764,26701.22,4798718.731200,0
1753462740000,179.7800,179.7900,179.6200,179.65,5970.54,1753462799999,1072874.105400,1282,2658.41,477696.240900,0
1753462800000,179.6400,179.7700,179.4800,179.72,13256.35,1753462859999,2380998.664700,2323,7401.04,1329349.538700,0
1753462860000,179.7200,179.7500,179.5400,179.7,13114.23,1753462919999,2356099.449200,1822,6601.49,1185897.617700,0
1753462920000,179.7000,180.0000,179.7000,180.0,29951.78,1753462979999,5388144.760700,2553,13803.83,2483306.565800,0
1753462980000,180.0000,180.0200,179.4000,179.53,70934.33,1753463039999,12748075.659200,4927,13068.12,2349347.858900,0
1753463040000,179.5400,179.7500,179.3600,179.38,10689.44,1753463099999,1919523.030600,1581,2948.14,529415.862900,0
1753463100000,179.3900,179.6300,179.3000,179.58,34945.98,1753463159999,6273069.778800,2956,26044.39,4675939.375500,0
1753463160000,179.5800,179.9600,179.5000,179.96,41638.76,1753463219999,7481678.013400,3327,29542.08,5308265.570700,0
1753463220000,179.9600,179.9600,179.5700,179.57,14726.25,1753463279999,2647886.607900,1738,4825.80,867798.821800,0
1753463280000,179.5700,179.8000,179.5000,179.74,52870.61,1753463339999,9497025.799900,3662,34162.65,6136367.060700,0
1753463340000,179.7500,179.8800,179.6500,179.86,28925.09,1753463399999,5201207.706700,2186,13672.83,2458237.253100,0
1753463400000,179.8700,180.3900,179.8600,180.28,60353.39,1753463459999,10872925.869790,5876,37224.46,6706462.561990,0
1753463460000,180.2800,180.3500,180.2100,180.29,10992.94,1753463519999,1981665.511900,1683,6188.72,1115590.444000,0
1753463520000,180.2800,180.4200,180.2000,180.31,14151.23,1753463579999,2551733.867100,1978,7497.62,1351871.092800,0
1753463580000,180.3000,180.3100,180.0600,180.18,11446.30,1753463639999,2062273.308900,1823,4265.75,768512.134600,0
1753463640000,180.1900,180.2500,180.0400,180.16,30228.27,1753463699999,5446607.929000,2077,11372.45,2048762.086200,0
1753463700000,180.1500,180.2600,180.0700,180.23,12794.24,1753463759999,2305232.823100,1803,8292.25,1493998.597900,0
1753463760000,180.2200,180.3200,180.1100,180.11,8853.07,1753463819999,1595241.181700,1657,5448.27,981692.896400,0
1753463820000,180.1000,180.1200,179.7300,179.98,40612.74,1753463879999,7306556.210000,3385,17861.89,3213152.900700,0
1753463880000,179.9800,180.1000,179.8200,179.86,12752.50,1753463939999,2294909.401700,1354,3891.87,700397.912400,0
1753463940000,179.8600,180.1600,179.6500,179.99,32331.42,1753463999999,5815785.634800,3596,22583.64,4062671.798000,0
1753464000000,179.9800,179.9800,179.3900,179.73,69148.23,1753464059999,12423746.201100,5558,30305.55,5445594.473000,0
1753464060000,179.7300,179.7700,179.5500,179.77,14110.65,1753464119999,2535052.996400,1754,4581.62,823170.332200,0
1753464120000,179.7700,180.0100,179.7700,179.88,14460.80,1753464179999,2601499.228400,2699,5189.40,933569.506300,0
1753464180000,179.8800,180.0600,179.7700,180.05,17150.20,1753464239999,3085689.312100,1868,9142.02,1644857.781200,0
1753464240000,180.0400,180.3700,180.0300,180.36,10264.63,1753464299999,1850261.347700,1923,6429.45,1158823.773400,0
1753464300000,180.3600,180.3600,180.1200,180.35,14216.26,1753464359999,2562748.568100,1728,4678.18,843375.467700,0
1753464360000,180.3500,180.4200,180.0600,180.17,7054.18,1753464419999,1271456.880200,1564,2853.44,514317.685200,0
1753464420000,180.1700,180.3400,180.1700,180.31,6193.02,1753464479999,1116351.068300,1201,3408.62,614434.702700,0
1753464480000,180.3200,180.4800,180.2700,180.42,17034.08,1753464539999,3073098.740200,1983,11232.00,2026450.758100,0
1753464540000,180.4200,180.4800,180.2800,180.34,8568.90,1753464599999,1545775.880300,1625,2517.00,454038.136200,0
1753464600000,180.3400,180.6500,180.3200,180.61,20810.30,1753464659999,3757830.320900,2609,13479.01,2433939.804500,0
1753464660000,180.6200,180.6900,180.3100,180.32,27232.20,1753464719999,4915495.471100,5939,8059.91,1455638.824400,0
1753464720000,180.3300,180.5100,180.1500,180.51,19370.97,1753464779999,3493061.078700,4878,11236.58,2025813.231000,0
1753464780000,180.5000,180.5300,180.2800,180.42,13612.53,1753464839999,2455756.959900,3066,8618.71,1554715.157100,0
1753464840000,180.4200,180.4500,180.1400,180.14,22194.00,1753464899999,4001651.727900,2849,6102.53,1100444.423500,0
1753464900000,180.1400,180.1400,179.7200,179.96,19551.61,1753464959999,3517951.556100,3337,6596.67,1186882.541800,0
1753464960000,179.9600,180.1800,179.9200,180.11,11929.73,1753465019999,2147823.334200,1801,7745.83,1394528.016900,0
1753465020000,180.1100,180.4600,179.9800,180.46,17862.61,1753465079999,3219160.148300,2471,14835.27,2673697.188000,0
1753465080000,180.4500,180.4800,179.9700,179.98,27840.85,1753465139999,5015598.532000,2824,7153.10,1288476.304500,0
1753465140000,179.9800,180.4100,179.9800,180.38,45517.83,1753465199999,8202302.486100,3947,39175.69,7059197.918800,0
1753465200000,180.3700,180.5800,180.3400,180.57,6003.86,1753465259999,1083347.555300,1728,3431.85,619313.311900,0
1753465260000,180.5800,180.8900,180.5500,180.77,22259.23,1753465319999,4023424.493800,3072,11207.63,2025590.223700,0
1753465320000,180.7700,180.7800,180.5700,180.75,11628.56,1753465379999,2100983.328300,1663,8679.69,1568177.200100,0
1753465380000,180.7400,180.8100,180.7000,180.8,7520.78,1753465439999,1359501.786600,1392,4581.73,828213.959100,0
1753465440000,180.8100,181.0300,180.7500,180.86,17716.76,1753465499999,3205637.191200,2421,10543.22,1907826.778900,0
1753465500000,180.8700,180.9000,180.4600,180.46,16439.19,1753465559999,2970611.124800,2824,5233.28,945929.323300,0
1753465560000,180.4700,180.7200,180.3600,180.66,10017.41,1753465619999,1808645.259600,2058,6116.90,1104418.480200,0
1753465620000,180.6600,180.8200,180.6000,180.8,6490.45,1753465679999,1172744.105500,1632,3526.94,637246.479300,0
1753465680000,180.8100,181.0800,180.8000,180.97,13672.37,1753465739999,2474275.956900,2241,9925.28,1796255.650200,0
1753465740000,180.9700,181.0200,180.8100,180.81,9580.67,1753465799999,1733227.575700,1306,5086.33,920121.016600,0
1753465800000,180.8000,180.8900,180.6200,180.85,7220.00,1753465859999,1305251.022900,1504,3967.09,717222.976000,0
1753465860000,180.8400,180.9000,180.7300,180.8,5078.31,1753465919999,918231.328300,1230,2227.43,402756.179700,0
1753465920000,180.7900,180.8000,180.5000,180.52,8107.79,1753465979999,1464526.664700,1398,3310.91,597961.065800,0
1753465980000,180.5300,180.6900,180.5300,180.65,4310.00,1753466039999,778429.556600,1287,2190.97,395694.434000,0
1753466040000,180.6400,180.8500,180.6400,180.74,4368.71,1753466099999,789590.649400,1029,2497.56,451416.965200,0
1753466100000,180.7400,180.9200,180.7400,180.77,6431.94,1753466159999,1163201.708100,1209,5239.74,947627.069100,0
1753466160000,180.7600,180.9100,180.7300,180.73,4776.62,1753466219999,863730.763300,1245,2867.59,518577.022600,0
1753466220000,180.7200,180.9100,180.7200,180.85,11287.67,1753466279999,2040743.628800,1569,6251.36,1130121.177200,0
1753466280000,180.8500,180.9300,180.7300,180.74,4322.51,1753466339999,781652.323900,984,1643.68,297226.061800,0
1753466340000,180.7400,180.8000,180.6500,180.66,4518.34,1753466399999,816643.984300,948,1566.32,283097.328400,0
1753466400000,180.6600,180.8900,180.6100,180.8,19367.43,1753466459999,3501118.930500,2472,10026.49,1812536.691600,0
1753466460000,180.8100,180.9600,180.7500,180.95,7821.62,1753466519999,1414822.870400,1591,3590.76,649524.917900,0
1753466520000,180.9400,180.9500,180.8100,180.92,9469.34,1753466579999,1712927.482300,1836,3914.98,708151.092500,0
1753466580000,180.9300,181.0700,180.8600,181.02,8154.74,1753466639999,1475615.653700,1711,5689.54,1029547.032800,0
1753466640000,181.0300,181.0900,180.9400,181.03,8280.24,1753466699999,1498880.228600,1355,5817.34,1053036.103900,0
1753466700000,181.0300,181.0400,180.8500,180.85,7143.57,1753466759999,1292823.080900,1420,4073.11,737130.559600,0
1753466760000,180.8500,181.0800,180.8500,180.94,10091.41,1753466819999,1826550.137900,1640,5845.11,1057905.226800,0
1753466820000,180.9500,181.1600,180.9400,181.16,14353.70,1753466879999,2599020.701400,1478,11179.88,2024359.023800,0
1753466880000,181.1600,181.3900,181.1500,181.28,27489.10,1753466939999,4982861.312900,3665,18151.20,3290398.056000,0
1753466940000,181.2800,181.4700,181.2700,181.36,22689.41,1753466999999,4115592.618100,2164,12460.30,2260290.948200,0
1753467000000,181.3700,181.4800,181.2500,181.25,9107.71,1753467059999,1651660.218700,1611,4381.44,794591.093800,0
1753467060000,181.2500,181.3900,181.2000,181.33,10476.01,1753467119999,1898913.323900,1565,7056.64,1279047.413400,0
1753467120000,181.3300,181.6400,181.3300,181.51,44462.32,1753467179999,8070869.027500,3280,29890.22,5425810.570300,0
1753467180000,181.5000,181.7400,181.4700,181.68,24457.88,1753467239999,4442290.634500,2621,18729.61,3401984.283900,0
1753467240000,181.6700,181.7900,181.5000,181.79,34626.18,1753467299999,6291023.671200,2872,23705.31,4306864.755700,0
1753467300000,181.7900,182.0000,181.6700,181.88,35426.00,1753467359999,6442850.322500,4064,28141.59,5118552.211400,0
1753467360000,181.8900,181.9500,181.4800,181.5,16248.33,1753467419999,2952603.342300,2485,5251.11,954550.771200,0
1753467420000,181.5100,181.8700,181.5100,181.87,19543.39,1753467479999,3551140.331200,2798,14343.02,2606240.533100,0
1753467480000,181.8700,181.9600,181.8000,181.85,12419.75,1753467539999,2258927.452600,1783,5676.87,1032588.563900,0
1753467540000,181.8400,181.8400,181.6800,181.81,14277.06,1753467599999,2595020.099200,1675,4659.58,847018.679100,0
1753467600000,181.8200,181.9100,181.7600,181.84,7949.40,1753467659999,1445453.946800,1312,2921.46,531199.573900,0
1753467660000,181.8400,182.0000,181.7600,181.94,12010.68,1753467719999,2184761.717900,1595,8042.54,1463082.398800,0
1753467720000,181.9500,182.1000,181.8900,182.02,23868.81,1753467779999,4343953.387000,2549,13430.97,2444487.046900,0
1753467780000,182.0100,182.0200,181.7700,181.89,10680.91,1753467839999,1942319.561900,3907,4485.87,815735.333900,0
1753467840000,181.8900,181.8900,181.5200,181.6,18191.42,1753467899999,3304894.597800,5437,5708.62,1036958.132300,0
1753467900000,181.5900,181.7000,181.3600,181.38,7829.24,1753467959999,1421302.145400,1839,2891.18,524903.171500,0
1753467960000,181.3900,181.5000,181.2800,181.34,11999.82,1753468019999,2176608.250500,1766,5019.70,910483.153800,0
1753468020000,181.3400,181.4900,181.2700,181.44,10094.39,1753468079999,1831186.158700,1407,6632.95,1203271.555200,0
1753468080000,181.4300,181.7200,181.4000,181.7,6783.00,1753468139999,1231490.775000,1293,4388.90,796799.425500,0
1753468140000,181.7000,181.8600,181.6800,181.81,6659.12,1753468199999,1210312.761200,1401,4587.83,833857.143200,0
1753468200000,181.8200,181.8500,181.7400,181.78,6881.01,1753468259999,1250962.434300,1938,3642.25,662150.945900,0
1753468260000,181.7800,181.8800,181.7600,181.85,6650.37,1753468319999,1209167.171500,976,2183.80,397057.338700,0
1753468320000,181.8500,181.9200,181.7600,181.81,6154.80,1753468379999,1119189.389700,1092,3021.31,549407.339200,0
1753468380000,181.8000,181.9200,181.5500,181.58,7663.05,1753468439999,1392606.296600,1330,2212.68,402066.224500,0
1753468440000,181.5800,181.6000,181.3600,181.38,8293.65,1753468499999,1505151.009300,2003,2631.61,477590.544100,0
1753468500000,181.3900,181.6500,181.3900,181.6,5490.26,1753468559999,996433.141200,1125,2771.41,503023.052500,0
1753468560000,181.6000,181.7700,181.5700,181.63,3588.96,1753468619999,652071.221300,1366,1596.57,290046.163600,0
1753468620000,181.6400,181.7500,181.5300,181.62,5347.58,1753468679999,971439.546700,1029,1580.15,287007.709900,0
1753468680000,181.6100,181.7700,181.6100,181.75,3627.48,1753468739999,659130.426200,988,1482.89,269405.742100,0
1753468740000,181.7500,181.9300,181.7000,181.85,4461.13,1753468799999,811094.394000,1005,3074.03,558892.002200,0
1753468800000,181.8600,182.1000,181.8500,182.1,9189.24,1753468859999,1672429.684400,2593,6456.37,1175038.083300,0
1753468860000,182.1000,182.4500,182.0900,182.32,31141.44,1753468919999,5676866.717200,4051,23315.24,4249910.768300,0
1753468920000,182.3200,182.4900,182.2400,182.49,22417.88,1753468979999,4089419.990700,1970,19299.83,3520718.060900,0
1753468980000,182.4800,182.6800,182.4800,182.61,36475.69,1753469039999,6659652.124800,3788,26214.57,4786148.029900,0
1753469040000,182.6000,182.7000,182.5400,182.66,14088.51,1753469099999,2572754.157800,1484,8332.00,1521556.661100,0
1753469100000,182.6700,182.6700,182.4800,182.49,17940.54,1753469159999,3275438.900500,2369,7492.55,1368021.950300,0
1753469160000,182.4800,182.5600,182.3400,182.49,11375.15,1753469219999,2075281.951400,1850,6061.71,1105932.833700,0
1753469220000,182.4800,182.4900,182.2700,182.33,14100.18,1753469279999,2571278.913400,1569,3788.82,690984.078900,0
1753469280000,182.3300,182.5800,182.2600,182.53,15968.32,1753469339999,2913171.731800,1997,10676.46,1948092.438600,0
1753469340000,182.5300,182.5300,182.3600,182.41,5610.42,1753469399999,1023497.569400,1095,1800.49,328424.158800,0
1753469400000,182.4200,182.4700,182.1300,182.21,12730.35,1753469459999,2320539.652100,1831,4038.55,736139.690400,0
1753469460000,182.2100,182.4000,182.2100,182.37,6836.23,1753469519999,1246225.618500,1332,3915.00,713678.993100,0
1753469520000,182.3800,182.4100,182.2800,182.37,3323.17,1753469579999,605932.840900,988,1737.51,316802.408400,0
1753469580000,182.3700,182.4500,182.0100,182.21,59282.62,1753469639999,10802312.726200,3283,6118.89,1115186.708600,0
1753469640000,182.2200,182.3000,182.1200,182.22,10276.51,1753469699999,1872485.298300,1206,5544.61,1010353.930000,0
1753469700000,182.2200,182.3800,182.1700,182.31,4269.92,1753469759999,778247.585800,1159,1918.33,349661.590500,0
1753469760000,182.3000,182.4400,182.3000,182.44,5631.50,1753469819999,1027033.822900,1047,4143.71,755729.667300,0
1753469820000,182.4400,182.5200,182.3000,182.32,8238.98,1753469879999,1502960.026900,1358,2773.20,505741.186200,0
1753469880000,182.3300,182.3600,182.1900,182.34,6487.47,1753469939999,1182549.659600,1181,2168.51,395297.507500,0
1753469940000,182.3300,182.3500,182.2200,182.27,4235.70,1753469999999,772108.120100,721,1161.24,211654.777200,0
1753470000000,182.2700,182.2800,182.0200,182.22,13999.08,1753470059999,2550153.432900,2359,6428.28,1170970.264100,0
1753470060000,182.2100,182.4700,182.2100,182.4,14790.95,1753470119999,2697334.564800,2122,7841.65,1430114.545600,0
1753470120000,182.4000,182.4200,182.1500,182.29,17316.22,1753470179999,3156396.357900,1977,6934.78,1264037.741900,0
1753470180000,182.2900,182.4400,182.2600,182.41,12774.02,1753470239999,2329254.348500,1598,6393.00,1165867.342100,0
1753470240000,182.4200,182.4200,182.1700,182.34,8298.99,1753470299999,1513061.059600,1379,4226.80,770586.544400,0
1753470300000,182.3500,182.3500,182.1000,182.27,8251.06,1753470359999,1503487.772800,1106,3859.89,703275.471000,0
1753470360000,182.2800,182.3500,182.1800,182.26,11343.50,1753470419999,2067559.854000,1355,3050.85,556115.647700,0
1753470420000,182.2700,182.3700,182.2500,182.37,7194.45,1753470479999,1311512.721300,906,4187.82,763374.706500,0
1753470480000,182.3700,182.4400,182.1900,182.28,2866.37,1753470539999,522600.081000,1014,1252.91,228419.634900,0
1753470540000,182.2700,182.3100,182.0100,182.05,5395.02,1753470599999,982450.560500,956,1782.10,324521.155200,0
1753470600000,182.0400,182.0900,181.9600,182.05,9510.10,1753470659999,1731036.846400,1300,3896.39,709293.866900,0
1753470660000,182.0500,182.0500,181.7100,181.85,30301.30,1753470719999,5511435.485900,2628,12467.59,2267692.144100,0
1753470720000,181.8400,182.1500,181.8000,182.12,17294.15,1753470779999,3146353.154600,1872,7493.90,1363471.772000,0
1753470780000,182.1200,182.1800,182.0600,182.13,7735.40,1753470839999,1408672.671500,1149,3341.59,608519.936900,0
1753470840000,182.1300,182.2000,182.0600,182.2,2754.66,1753470899999,501697.728500,823,1495.93,272467.181500,0
1753470900000,182.1900,182.3400,182.1800,182.28,8561.91,1753470959999,1560509.679600,2145,4451.21,811266.521300,0
1753470960000,182.2800,182.3500,182.2200,182.34,5512.12,1753471019999,1004684.903200,1025,2518.00,458958.192800,0
1753471020000,182.3400,182.3400,182.1800,182.26,5063.78,1753471079999,922976.984300,1215,3015.00,549503.391600,0
1753471080000,182.2700,182.3300,182.0500,182.13,5891.36,1753471139999,1073245.831200,1196,3036.79,553198.652600,0
1753471140000,182.1300,182.2000,182.0500,182.09,4970.60,1753471199999,905156.010700,1046,2664.63,485215.175500,0
1753471200000,182.0900,182.1600,181.8800,182.15,11642.97,1753471259999,2118902.471600,1444,5646.94,1027610.146700,0
1753471260000,182.1500,182.1600,181.9400,182.12,12245.46,1753471319999,2229124.563100,1534,4153.22,756156.058500,0
1753471320000,182.1200,182.1700,182.0700,182.08,6705.95,1753471379999,1221281.428600,1151,1910.97,348037.100700,0
1753471380000,182.0700,182.4000,182.0300,182.4,9042.79,1753471439999,1647229.615600,1661,4192.12,763597.833600,0
1753471440000,182.3900,182.4100,182.2600,182.38,8079.62,1753471499999,1473183.601400,1502,3867.51,705151.716900,0
1753471500000,182.3700,182.4500,182.3400,182.39,6554.92,1753471559999,1195528.862600,982,4345.91,792614.410400,0
1753471560000,182.3900,182.4600,182.2900,182.4,5536.28,1753471619999,1009789.753100,1177,4179.75,762385.062000,0
1753471620000,182.3900,182.4000,182.1900,182.19,5954.13,1753471679999,1085428.475500,1333,2410.61,439377.067500,0
1753471680000,182.1800,182.3200,182.0700,182.08,5855.46,1753471739999,1066874.004100,1175,3662.19,667361.976300,0
1753471740000,182.0900,182.1100,181.9500,181.97,5231.81,1753471799999,952317.686200,832,1908.87,347452.796900,0
1753471800000,181.9800,182.3500,181.9700,182.34,7475.03,1753471859999,1361546.638800,1223,5246.55,955669.307200,0
1753471860000,182.3300,182.5900,182.2800,182.56,18057.77,1753471919999,3293792.314400,2185,10277.25,1874565.883200,0
1753471920000,182.5600,182.5800,182.5000,182.58,7093.66,1753471979999,1294898.931100,904,4491.00,819821.163700,0
1753471980000,182.5700,182.7800,182.5700,182.65,31339.89,1753472039999,5725121.939020,2478,21356.32,3901379.735520,0
1753472040000,182.6400,182.6700,182.5300,182.57,6593.35,1753472099999,1204021.346500,1054,4381.71,800161.720800,0
1753472100000,182.5700,182.7100,182.4700,182.69,20703.65,1753472159999,3780255.380400,1906,15920.12,2907052.242900,0
1753472160000,182.6900,182.7800,182.6500,182.68,11451.62,1753472219999,2092326.231200,1722,4284.46,782759.168600,0
1753472220000,182.6700,182.8300,182.4100,182.47,17819.02,1753472279999,3254947.841400,2297,8762.71,1600671.168100,0
1753472280000,182.4700,182.6800,182.4600,182.58,6379.67,1753472339999,1164859.996200,1146,3771.76,688657.411500,0
1753472340000,182.5900,182.5900,182.4000,182.4,4793.13,1753472399999,874738.837900,951,1428.39,260697.161200,0
1753472400000,182.4100,182.6400,182.4000,182.63,5803.04,1753472459999,1059283.502700,1203,3923.81,716272.865400,0
1753472460000,182.6200,182.6800,182.5200,182.62,5695.44,1753472519999,1039934.459100,1209,2154.28,393352.440500,0
1753472520000,182.6200,182.6200,182.4300,182.48,9630.92,1753472579999,1757571.689400,1270,3284.87,599472.500000,0
1753472580000,182.4800,182.4800,182.3800,182.42,5493.36,1753472639999,1002089.711900,1102,2130.61,388652.270800,0
1753472640000,182.4200,182.5000,182.3600,182.49,3913.55,1753472699999,713926.941100,933,2544.96,464280.519600,0
1753472700000,182.5000,182.6200,182.4900,182.62,5694.82,1753472759999,1039602.846900,873,4489.72,819611.536900,0
1753472760000,182.6200,182.6800,182.5800,182.68,4326.06,1753472819999,790003.156500,849,1885.75,344367.583100,0
1753472820000,182.6800,182.6800,182.3100,182.31,9167.66,1753472879999,1672318.272400,1117,1321.74,241142.585600,0
1753472880000,182.3100,182.5100,182.2900,182.46,6548.03,1753472939999,1194349.555300,1163,3588.36,654520.810300,0
1753472940000,182.4500,182.5300,182.2200,182.29,4183.70,1753472999999,762965.959700,1030,1294.44,236043.907300,0
1753473000000,182.2900,182.3000,182.0700,182.3,11138.35,1753473059999,2029158.048700,1636,3563.55,649179.986100,0
1753473060000,182.3000,182.4900,182.3000,182.33,6311.99,1753473119999,1151151.749300,1168,3081.07,561898.873600,0
1753473120000,182.3400,182.3600,182.0800,182.08,3893.17,1753473179999,709599.055500,1241,1529.58,278829.287800,0
1753473180000,182.0800,182.2000,182.0000,182.2,15079.79,1753473239999,2745737.532700,1684,7879.45,1434634.703500,0
1753473240000,182.1900,182.2500,182.0600,182.06,9448.31,1753473299999,1721010.460400,1268,4121.36,750683.917400,0
1753473300000,182.0700,182.2600,182.0000,182.21,11493.13,1753473359999,2093048.899600,1550,6033.24,1098712.795300,0
1753473360000,182.2100,182.3000,182.1000,182.1,4790.84,1753473419999,872923.378700,1198,1211.96,220849.556900,0
1753473420000,182.1100,182.4300,182.0900,182.38,10418.43,1753473479999,1899360.476200,1146,4473.48,815339.852200,0
1753473480000,182.3700,182.3700,182.2400,182.29,3933.96,1753473539999,717101.485800,740,1324.23,241365.415500,0
1753473540000,182.2800,182.4000,182.1200,182.12,11995.88,1753473599999,2186387.246200,1536,4939.79,900286.385900,0
1753473600000,182.1200,182.2500,182.0700,182.19,11955.92,1753473659999,2178016.637000,2354,6563.83,1195704.606300,0
1753473660000,182.2000,182.4200,182.1000,182.34,7711.76,1753473719999,1405822.597400,1646,4763.17,868265.394200,0
1753473720000,182.3400,182.4700,182.2600,182.44,8067.70,1753473779999,1471122.917800,1407,2455.84,447816.616700,0
1753473780000,182.4300,182.4400,182.2100,182.28,5491.86,1753473839999,1001237.840100,1002,1844.10,336197.525800,0
1753473840000,182.2800,182.2800,182.1300,182.24,4485.24,1753473899999,817116.709700,882,2392.58,435843.213900,0
1753473900000,182.2400,182.2400,182.0200,182.14,11919.98,1753473959999,2171566.654000,1440,2339.15,426059.088600,0
1753473960000,182.1400,182.2700,182.1000,182.26,5724.56,1753474019999,1042916.896000,1106,2359.99,429950.569600,0
1753474020000,182.2700,182.3100,182.1900,182.19,4885.43,1753474079999,890383.909600,1116,750.05,136693.164000,0
1753474080000,182.2000,182.3000,182.0900,182.12,6304.39,1753474139999,1148639.739700,1330,2091.15,380979.962000,0
1753474140000,182.1200,182.2600,182.0300,182.21,8532.28,1753474199999,1554138.547600,1358,2795.12,509037.098100,0
1753474200000,182.2200,182.3800,182.2100,182.37,5056.70,1753474259999,921786.519300,1332,2590.51,472210.288200,0
1753474260000,182.3700,182.5000,182.3000,182.3,4855.43,1753474319999,885720.411100,1263,2638.11,481217.028500,0
1753474320000,182.3000,182.3900,182.1600,182.24,6489.74,1753474379999,1182747.800100,1170,2494.72,454675.735500,0
1753474380000,182.2500,182.3200,182.2400,182.32,2522.09,1753474439999,459712.696500,769,1486.32,270922.889600,0
1753474440000,182.3200,182.3200,182.1100,182.17,9700.22,1753474499999,1767191.877200,1293,3402.03,619760.470600,0
1753474500000,182.1700,182.3100,182.1500,182.29,4691.90,1753474559999,855049.881400,1234,2059.83,375341.176600,0
1753474560000,182.3000,182.4300,182.2800,182.4,4184.23,1753474619999,762969.939300,1029,2538.29,462836.918900,0
1753474620000,182.4000,182.5500,182.3700,182.51,4856.76,1753474679999,886312.626100,921,2356.77,430070.642800,0
1753474680000,182.5100,182.5800,182.4800,182.52,7162.01,1753474739999,1307361.462700,967,3469.00,633226.657100,0
1753474740000,182.5200,182.7100,182.5200,182.66,12563.25,1753474799999,2294822.192200,1664,8928.24,1630839.173700,0
1753474800000,182.6700,182.6700,182.4600,182.6,6414.08,1753474859999,1170802.849100,1055,3369.88,615063.599300,0
1753474860000,182.5900,182.7000,182.4400,182.57,6914.64,1753474919999,1262734.326300,1466,4720.97,862179.323000,0
1753474920000,182.5700,182.6300,182.5100,182.51,3158.29,1753474979999,576603.199200,859,952.24,173853.676800,0
1753474980000,182.5100,182.5600,182.4500,182.5,3121.62,1753475039999,569694.952400,833,1039.96,189782.549300,0
1753475040000,182.5100,182.6800,182.5000,182.68,1323.54,1753475099999,241649.711400,534,850.38,155265.025500,0
1753475100000,182.6800,183.3900,182.6800,183.34,92018.25,1753475159999,16845938.592930,7460,76194.74,13948516.030530,0
1753475160000,183.3300,183.4600,183.3000,183.34,26546.22,1753475219999,4868727.991500,2359,10045.29,1842336.442800,0
1753475220000,183.3400,183.3500,183.1800,183.22,10848.52,1753475279999,1988173.730200,1320,4506.50,825815.484600,0
1753475280000,183.2100,183.3000,183.2000,183.29,7376.57,1753475339999,1351775.605400,974,3253.66,596253.016700,0
1753475340000,183.2800,183.4200,183.2400,183.41,5928.59,1753475399999,1086709.044700,886,4400.47,806595.554400,0
1753475400000,183.4100,183.4200,183.2400,183.24,5753.60,1753475459999,1054873.807100,2530,2745.82,503475.705800,0
1753475460000,183.2400,183.2700,183.0600,183.24,13750.35,1753475519999,2518586.969800,5629,6583.84,1205937.755500,0
1753475520000,183.2300,183.2400,183.1100,183.21,6560.84,1753475579999,1201823.615000,2195,3572.14,654362.747300,0
1753475580000,183.2000,183.6100,183.2000,183.46,29633.57,1753475639999,5436439.696700,3398,20095.08,3686647.761700,0
1753475640000,183.4600,183.4700,183.0300,183.1,18652.79,1753475699999,3417224.354500,1976,6135.49,1123983.963700,0
1753475700000,183.0900,183.4600,183.0900,183.42,6814.58,1753475759999,1249122.234700,1247,4436.56,813201.394200,0
1753475760000,183.4200,183.4300,183.1900,183.36,10511.57,1753475819999,1926948.879500,1759,4561.16,836112.312700,0
1753475820000,183.3600,183.7500,183.3400,183.64,45248.03,1753475879999,8305967.845600,3283,24678.44,4530261.768600,0
1753475880000,183.6400,183.7600,183.5300,183.56,10966.51,1753475939999,2014112.755100,1944,6567.69,1206310.628800,0
1753475940000,183.5600,183.7700,183.5500,183.71,8460.29,1753475999999,1553870.751800,1251,6110.98,1122326.994700,0
1753476000000,183.7100,183.7900,183.6600,183.78,13501.86,1753476059999,2480765.936100,1364,10348.20,1901274.044100,0
1753476060000,183.7700,183.8700,183.7300,183.85,18845.37,1753476119999,3463824.738700,1597,15000.37,2757196.161300,0
1753476120000,183.8600,184.2200,183.8500,184.1,53209.43,1753476179999,9791335.650200,4382,41678.13,7669198.379900,0
1753476180000,184.1000,184.3600,183.9900,184.32,30376.89,1753476239999,5595239.657660,3118,19128.52,3523800.161460,0
1753476240000,184.3100,184.4200,183.9300,184.09,22917.69,1753476299999,4221318.619200,2641,9375.44,1727093.315100,0
1753476300000,184.0900,184.2600,183.9700,184.09,21750.96,1753476359999,4004483.537900,2621,13749.17,2531217.092400,0
1753476360000,184.0900,184.2200,184.0400,184.14,18311.04,1753476419999,3371844.858600,1688,9978.28,1837421.070900,0
1753476420000,184.1400,184.3600,184.1200,184.27,17315.52,1753476479999,3190823.901200,1764,10776.49,1985798.186700,0
1753476480000,184.2700,184.2800,184.1500,184.15,9777.72,1753476539999,1801304.594700,1298,3259.88,600553.860100,0
1753476540000,184.1600,184.3200,184.1500,184.21,11770.87,1753476599999,2168508.925300,1267,7039.93,1296922.175500,0
1753476600000,184.2000,184.2000,183.8600,183.88,14229.41,1753476659999,2618295.609400,1906,3858.62,709790.366300,0
1753476660000,183.8900,184.3100,183.8900,184.22,11935.32,1753476719999,2197704.481600,1736,9232.46,1700023.012700,0
1753476720000,184.2200,184.3300,183.9900,183.99,9960.03,1753476779999,1834208.334100,1516,3199.27,589285.880100,0
1753476780000,183.9900,184.2500,183.9900,184.12,6733.48,1753476839999,1240022.578900,1042,3377.43,621837.972000,0
1753476840000,184.1100,184.1500,183.9300,183.93,10003.42,1753476899999,1840907.606700,1404,3407.47,627127.194000,0
1753476900000,183.9400,184.0300,183.7100,183.71,16846.98,1753476959999,3097217.490900,1918,3008.74,553360.003600,0
1753476960000,183.7200,183.8000,183.7200,183.72,9968.99,1753477019999,1831766.615500,1303,2220.84,408072.507400,0
1753477020000,183.7200,183.8500,183.7000,183.72,9231.77,1753477079999,1696579.150800,1329,4931.02,906207.942800,0
1753477080000,183.7200,183.8500,183.6500,183.79,14440.66,1753477139999,2653170.175700,1585,6105.53,1121883.533600,0
1753477140000,183.7900,183.7900,183.6800,183.75,7045.08,1753477199999,1294500.049800,1089,2886.65,530400.033600,0
1753477200000,183.7600,184.0100,183.7500,183.91,13807.35,1753477259999,2539369.491800,2570,7303.02,1343124.905000,0
1753477260000,183.9000,184.0000,183.8300,184.0,8433.59,1753477319999,1550832.152900,1101,5584.66,1026967.273200,0
1753477320000,184.0000,184.4200,184.0000,184.37,16920.59,1753477379999,3118140.592400,2108,9585.35,1766151.970400,0
1753477380000,184.3700,184.4500,184.2000,184.21,15358.65,1753477439999,2831648.560200,1631,8634.44,1592010.343700,0
1753477440000,184.2200,184.3900,184.1900,184.33,6948.42,1753477499999,1280339.517700,913,4327.74,797466.744900,0
1753477500000,184.3200,184.3900,184.2200,184.24,8264.76,1753477559999,1523119.940800,1168,4756.99,876682.977400,0
1753477560000,184.2400,184.3200,184.2000,184.24,3636.68,1753477619999,670143.254500,632,1586.06,292271.881300,0
1753477620000,184.2400,184.2900,184.1200,184.15,6771.28,1753477679999,1247213.404300,1088,4215.68,776476.377800,0
1753477680000,184.1600,184.2900,184.1600,184.26,4390.26,1753477739999,808841.360600,876,2506.12,461720.580000,0
1753477740000,184.2700,184.4800,184.2600,184.47,11920.52,1753477799999,2197794.530800,1346,7971.31,1469650.506400,0
1753477800000,184.4700,184.6900,184.4700,184.62,36907.47,1753477859999,6813621.254960,3497,21492.51,3967760.116260,0
1753477860000,184.6100,184.8100,184.6100,184.79,14917.12,1753477919999,2755551.058600,1877,11682.45,2158002.350100,0
1753477920000,184.7900,184.8700,184.7000,184.82,18454.52,1753477979999,3410084.788700,1914,12027.06,2222385.517200,0
1753477980000,184.8200,184.8700,184.7500,184.82,15945.37,1753478039999,2947032.251600,4551,8990.88,1661728.598400,0
1753478040000,184.8200,184.8500,184.5400,184.57,16277.11,1753478099999,3006160.286000,4631,3781.37,698495.391900,0
1753478100000,184.5700,184.7500,184.5500,184.74,10836.72,1753478159999,2001230.269500,1693,4510.43,832886.028400,0
1753478160000,184.7500,184.8000,184.6800,184.78,11622.26,1753478219999,2146947.839800,1096,5064.83,935612.131700,0
1753478220000,184.7800,184.8500,184.7300,184.83,8350.17,1753478279999,1543194.682600,967,4914.16,908175.464800,0
1753478280000,184.8300,184.8400,184.5400,184.77,10709.52,1753478339999,1978152.753800,1564,4315.51,797097.930700,0
1753478340000,184.7600,184.7700,184.6300,184.72,7650.22,1753478399999,1413112.152400,1129,2540.98,469307.155500,0
1753478400000,184.7300,185.0700,184.7300,184.95,66267.68,1753478459999,12257157.298200,4711,51515.24,9528696.780800,0
1753478460000,184.9500,184.9500,184.7300,184.81,12476.35,1753478519999,2306242.326100,1420,7144.51,1320581.166400,0
1753478520000,184.8000,185.3100,184.7700,185.16,39287.05,1753478579999,7271239.556500,3662,33037.11,6114563.420800,0
1753478580000,185.1500,185.3100,184.9700,184.98,23216.08,1753478639999,4298691.725400,2337,9497.26,1758867.048000,0
1753478640000,184.9800,185.0500,184.8300,184.9,13162.03,1753478699999,2434306.006800,1459,4975.30,920047.177200,0
1753478700000,184.8900,184.9700,184.8100,184.96,5326.21,1753478759999,984832.771100,838,1873.86,346469.345200,0
1753478760000,184.9600,184.9600,184.5900,184.67,13594.42,1753478819999,2511197.594700,1742,2867.25,529768.674400,0
1753478820000,184.6600,184.8300,184.5500,184.83,12422.71,1753478879999,2294809.878600,1521,7288.95,1346682.239700,0
1753478880000,184.8300,184.9600,184.7900,184.91,7202.07,1753478939999,1331584.263300,912,5055.82,934768.235200,0
1753478940000,184.9100,184.9200,184.7000,184.7,6300.86,1753478999999,1164482.280200,1061,1753.12,324037.836200,0
1753479000000,184.7100,184.8400,184.6300,184.65,8544.58,1753479059999,1578633.381000,1199,5100.80,942379.074800,0
1753479060000,184.6500,184.6600,184.3200,184.39,19198.37,1753479119999,3541386.707300,2288,4284.75,790296.672900,0
1753479120000,184.3900,184.5400,184.3800,184.49,8464.82,1753479179999,1561421.145900,949,2871.72,529625.778200,0
1753479180000,184.4900,184.4900,184.2800,184.4,6965.84,1753479239999,1284406.596300,1145,2572.56,474301.787500,0
1753479240000,184.3900,184.4500,184.2400,184.44,17819.99,1753479299999,3284947.323200,1506,5510.39,1015954.290000,0
1753479300000,184.4400,184.4700,184.3800,184.41,4102.98,1753479359999,756699.365500,681,1235.62,227867.468200,0
1753479360000,184.4200,184.4200,184.2600,184.28,14170.61,1753479419999,2612360.854600,1391,7537.56,1389442.931100,0
1753479420000,184.2800,184.3400,184.2100,184.3,10166.50,1753479479999,1873147.662400,1054,2017.81,371793.905800,0
1753479480000,184.3000,184.3900,184.2600,184.33,6348.20,1753479539999,1170096.467600,908,2088.75,385034.404000,0
1753479540000,184.3300,184.3400,184.2600,184.3,5130.91,1753479599999,945642.129300,623,1025.25,188962.459400,0
1753479600000,184.3000,184.3300,184.1200,184.12,8677.92,1753479659999,1598618.199900,1286,2403.14,442835.803400,0
1753479660000,184.1200,184.2900,184.0900,184.29,11830.64,1753479719999,2178952.969600,1165,3852.87,709550.636600,0
1753479720000,184.2900,184.3400,184.1900,184.31,8392.29,1753479779999,1546345.614600,1026,3538.44,651959.188100,0
1753479780000,184.3100,184.3200,184.0200,184.29,20283.81,1753479839999,3735421.732800,1736,3163.82,582548.477600,0
1753479840000,184.2800,184.3100,184.1700,184.31,4764.65,1753479899999,877884.409400,517,2735.70,503997.633700,0
1753479900000,184.3100,184.6200,184.3000,184.61,20644.72,1753479959999,3807893.305900,2168,16251.37,2997590.745400,0
1753479960000,184.6100,184.8400,184.6100,184.75,16758.89,1753480019999,3096062.766200,2045,7890.79,1457900.321700,0
1753480020000,184.7600,184.9100,184.7100,184.74,16879.43,1753480079999,3119715.564800,1906,14195.69,2623736.581600,0
1753480080000,184.7400,184.7500,184.6300,184.64,2320.14,1753480139999,428486.152300,546,681.38,125846.783600,0
1753480140000,184.6400,184.7500,184.6300,184.75,1248.53,1753480199999,230586.804700,351,967.88,178754.297800,0
1753480200000,184.7500,184.8700,184.7400,184.79,4794.69,1753480259999,885994.287000,943,2303.12,425587.200600,0
1753480260000,184.7900,184.8100,184.7600,184.76,1430.26,1753480319999,264283.759400,435,337.44,62357.311900,0
1753480320000,184.7700,184.8300,184.7400,184.81,3110.68,1753480379999,574787.955600,515,1468.96,271416.367600,0
1753480380000,184.8100,184.9700,184.8100,184.94,6540.07,1753480439999,1209074.313000,920,5193.54,960162.587600,0
1753480440000,184.9500,184.9500,184.7300,184.73,2616.54,1753480499999,483714.673700,665,383.74,70951.905600,0
1753480500000,184.7300,184.8200,184.6900,184.82,2501.08,1753480559999,462068.182000,624,1374.28,253917.349200,0
1753480560000,184.8300,184.8500,184.8100,184.84,1981.30,1753480619999,366213.244400,398,954.46,176415.335800,0
1753480620000,184.8400,184.8500,184.7400,184.81,5523.94,1753480679999,1020663.822900,578,1403.88,259386.121500,0
1753480680000,184.8200,184.8700,184.8100,184.87,5899.50,1753480739999,1090487.159200,438,4496.00,831066.175600,0
1753480740000,184.8600,185.0500,184.8600,185.03,8503.34,1753480799999,1572871.797000,1080,7246.84,1340468.070900,0
1753480800000,185.0300,185.1200,185.0100,185.1,8353.45,1753480859999,1545915.663600,1195,4945.68,915283.555700,0
1753480860000,185.1000,185.2100,185.0500,185.17,9089.82,1753480919999,1682988.284800,1281,5317.51,984598.465700,0
1753480920000,185.1700,185.2800,185.1400,185.28,7274.19,1753480979999,1347249.382700,1132,5352.65,991418.639000,0
1753480980000,185.2800,185.8800,185.2700,185.6,64538.25,1753481039999,11977020.440200,6107,47905.23,8890928.329400,0
1753481040000,185.5900,185.6700,185.5200,185.55,14988.08,1753481099999,2781704.604300,1820,8180.76,1518281.511700,0
1753481100000,185.5500,185.5600,185.2700,185.27,9790.57,1753481159999,1814930.684300,1386,2831.99,524907.897400,0
1753481160000,185.2800,185.2800,185.0400,185.11,10529.18,1753481219999,1949301.331400,1519,4124.16,763438.527500,0
1753481220000,185.1200,185.1800,184.9600,185.09,16856.87,1753481279999,3120040.555000,1893,9842.92,1821970.620600,0
1753481280000,185.0800,185.0900,184.9400,185.08,7399.16,1753481339999,1368954.078100,1050,3948.78,730630.535300,0
1753481340000,185.0700,185.3000,185.0300,185.24,6762.93,1753481399999,1252490.911900,1231,4698.34,870136.519000,0
1753481400000,185.2300,185.3300,185.0100,185.3,6269.55,1753481459999,1160792.704500,1408,3911.79,724257.370400,0
1753481460000,185.3100,185.4000,185.2800,185.29,4216.21,1753481519999,781389.694800,930,2735.81,507024.498500,0
1753481520000,185.2900,185.3400,185.1600,185.16,6430.89,1753481579999,1191347.121500,932,2643.06,489648.718700,0
1753481580000,185.1600,185.4600,185.1600,185.42,8192.71,1753481639999,1518379.282500,1392,5749.87,1065598.663600,0
1753481640000,185.4100,185.5200,185.3700,185.47,19655.36,1753481699999,3645217.852100,1444,6179.35,1145924.106800,0
1753481700000,185.4700,185.5200,185.3700,185.5,5366.82,1753481759999,995317.015400,945,3627.18,672714.590000,0
1753481760000,185.5000,185.5600,184.8500,185.33,84642.72,1753481819999,15675387.717500,4825,29474.20,5461069.090900,0
1753481820000,185.3200,185.3200,185.1000,185.17,6827.13,1753481879999,1264526.424100,1132,1478.23,273752.784100,0
1753481880000,185.1600,185.2700,185.1400,185.25,8280.03,1753481939999,1533268.329300,763,3689.93,683315.989600,0
1753481940000,185.2500,185.3900,185.2400,185.39,2958.23,1753481999999,548210.924100,734,1719.15,318588.139300,0
1753482000000,185.3800,185.4200,185.2600,185.4,6667.01,1753482059999,1235721.731100,1158,3172.84,588023.479300,0
1753482060000,185.4100,185.4600,185.3300,185.35,5013.69,1753482119999,929504.915400,977,2642.31,489866.812800,0
1753482120000,185.3500,185.4000,185.2800,185.33,4512.49,1753482179999,836258.876500,799,1503.22,278585.615800,0
1753482180000,185.3200,185.4300,185.3200,185.33,2126.18,1753482239999,394164.706400,545,921.61,170852.098700,0
1753482240000,185.3200,185.3200,185.1400,185.27,3879.56,1753482299999,718537.517500,793,1071.54,198455.057700,0
1753482300000,185.2600,185.3400,185.2200,185.29,5467.28,1753482359999,1013076.242100,896,1301.28,241095.235000,0
1753482360000,185.2900,185.4600,185.2900,185.41,17739.24,1753482419999,3288595.489000,1515,14775.66,2739199.460800,0
1753482420000,185.4100,185.6200,185.4100,185.6,18717.31,1753482479999,3472652.188700,2018,16352.44,3033916.917300,0
1753482480000,185.6000,185.7300,185.5600,185.56,10338.86,1753482539999,1919364.298800,1126,5008.09,929818.315700,0
1753482540000,185.5600,185.6100,185.5100,185.51,5318.26,1753482599999,986877.157200,738,3399.34,630831.021600,0
1753482600000,185.5200,185.5700,185.4600,185.49,3631.55,1753482659999,673719.072100,691,1437.43,266668.618000,0
1753482660000,185.5000,185.5000,185.4000,185.5,4411.41,1753482719999,817985.693500,788,1435.43,266185.726500,0
1753482720000,185.5000,185.7400,185.4800,185.67,12282.05,1753482779999,2279607.119700,1389,8115.98,1506467.653900,0
1753482780000,185.6700,185.7500,185.6500,185.7,6709.65,1753482839999,1245963.023400,1047,4521.74,839667.232400,0
1753482840000,185.6900,185.7800,185.6500,185.7,5330.50,1753482899999,990057.657300,989,3361.49,624349.819700,0
1753482900000,185.7000,185.7400,185.6200,185.74,3841.93,1753482959999,713381.792800,793,1975.71,366830.977700,0
1753482960000,185.7300,185.8700,185.7300,185.8,4869.00,1753483019999,904726.135900,946,2674.21,496880.925300,0
1753483020000,185.8100,185.9200,185.7900,185.84,8210.94,1753483079999,1526027.717320,1177,3449.80,641113.455220,0
1753483080000,185.8300,185.8500,185.7100,185.83,3671.46,1753483139999,682116.416200,753,1416.09,263101.567700,0
1753483140000,185.8400,185.8900,185.8300,185.89,2889.50,1753483199999,537054.676000,560,2151.47,399882.499700,0
1753483200000,185.8900,186.0000,185.8600,185.99,15484.44,1753483259999,2878999.063000,1844,11444.10,2127827.541200,0
1753483260000,186.0000,186.1800,185.9700,186.04,27260.12,1753483319999,5071928.779550,2805,18964.48,3528651.681150,0
1753483320000,186.0400,186.1500,186.0400,186.12,6772.59,1753483379999,1260288.804100,1049,3032.06,564219.403000,0
1753483380000,186.1200,186.1400,185.8700,185.88,36772.69,1753483439999,6839324.057400,1592,4352.11,809910.180200,0
1753483440000,185.8700,185.9300,185.8300,185.89,7693.59,1753483499999,1429980.126300,1196,4044.71,751746.102100,0
1753483500000,185.8800,185.8900,185.7700,185.8,29761.13,1753483559999,5530994.972400,1941,4519.92,839900.427100,0
1753483560000,185.8000,185.8100,185.6300,185.73,12467.73,1753483619999,2315319.213200,1545,3187.23,591848.837100,0
1753483620000,185.7300,185.8000,185.7200,185.8,6984.99,1753483679999,1297368.830100,852,3125.62,580581.402600,0
1753483680000,185.7900,185.9800,185.7900,185.91,5963.95,1753483739999,1108588.035300,1022,3646.97,677881.971200,0
1753483740000,185.9100,185.9500,185.8200,185.85,4399.77,1753483799999,817852.816900,754,2247.12,417732.330000,0
1753483800000,185.8500,185.9000,185.7400,185.76,4068.38,1753483859999,755841.917700,740,1185.57,220269.124900,0
1753483860000,185.7600,185.8400,185.7300,185.74,2668.96,1753483919999,495852.381600,726,1054.18,195843.802900,0
1753483920000,185.7300,185.7400,185.6100,185.73,6134.09,1753483979999,1138904.960900,908,1627.43,302139.669300,0
1753483980000,185.7400,185.8800,185.7300,185.86,3551.21,1753484039999,659918.112400,634,2543.02,472563.337900,0
1753484040000,185.8600,185.9700,185.8300,185.96,8423.63,1753484099999,1565758.945500,834,2064.34,383746.229200,0
1753484100000,185.9600,185.9700,185.8800,185.88,16737.33,1753484159999,3111650.155200,936,11858.13,2204481.108500,0
1753484160000,185.8800,185.9500,185.8700,185.94,5210.36,1753484219999,968624.030400,676,3554.60,660817.259000,0
1753484220000,185.9400,186.1500,185.9400,186.14,6905.50,1753484279999,1284879.887200,1206,5225.95,972384.841000,0
1753484280000,186.1400,186.1700,186.0900,186.12,3557.62,1753484339999,662176.021700,677,1455.88,270982.967000,0
1753484340000,186.1200,186.1200,185.9400,186.03,25355.91,1753484399999,4716809.783800,1472,11296.19,2101199.464300,0
1753484400000,186.0300,186.0700,185.9200,185.93,4936.94,1753484459999,918286.809600,1025,839.29,156120.181300,0
1753484460000,185.9300,185.9800,185.9200,185.94,5081.30,1753484519999,944876.493300,723,1227.74,228291.672200,0
1753484520000,185.9500,185.9500,185.8800,185.95,7007.83,1753484579999,1302897.874300,757,1826.15,339515.114200,0
1753484580000,185.9400,185.9500,185.8600,185.94,7413.08,1753484639999,1378055.635500,896,1286.53,239172.220800,0
1753484640000,185.9500,185.9500,185.8600,185.89,5863.43,1753484699999,1090013.442900,700,1015.46,188767.611900,0
1753484700000,185.8900,185.9700,185.8200,185.96,6229.36,1753484759999,1158178.038700,881,2460.02,457431.570600,0
1753484760000,185.9600,185.9700,185.8200,185.89,6655.75,1753484819999,1237206.227800,867,1476.60,274465.086800,0
1753484820000,185.8800,185.8800,185.7200,185.72,9959.57,1753484879999,1850212.778400,1031,826.82,153617.857400,0
1753484880000,185.7200,185.7500,185.6500,185.68,8221.59,1753484939999,1526818.624300,1190,1809.20,335978.939400,0
1753484940000,185.6800,185.6900,185.6000,185.6,6844.91,1753484999999,1270835.360200,833,816.48,151600.181600,0
1753485000000,185.6000,185.6800,185.5400,185.55,7413.86,1753485059999,1375943.382100,1297,2086.45,387274.387000,0
1753485060000,185.5500,185.6000,185.5500,185.56,5718.03,1753485119999,1061117.119600,687,1870.24,347075.712700,0
1753485120000,185.5500,185.8200,185.5500,185.82,15732.98,1753485179999,2921257.246800,1444,11018.02,2046105.497600,0
1753485180000,185.8300,185.8600,185.7400,185.82,5456.99,1753485239999,1013973.903000,914,3039.11,564689.943300,0
1753485240000,185.8100,185.8700,185.6200,185.63,5619.90,1753485299999,1043841.202500,1022,1255.35,233222.833200,0
1753485300000,185.6300,185.7300,185.5900,185.73,5404.55,1753485359999,1003327.975400,823,3047.84,565821.455400,0
1753485360000,185.7300,186.0000,185.6900,185.99,6447.28,1753485419999,1198387.568800,903,4361.92,810796.471300,0
1753485420000,185.9900,186.1100,185.9800,186.03,18989.64,1753485479999,3532668.196400,1867,4898.66,911327.161200,0
1753485480000,186.0300,186.0800,185.9100,185.92,7614.22,1753485539999,1416162.935100,1087,1942.05,361250.641600,0
1753485540000,185.9200,186.0300,185.9200,185.95,2108.06,1753485599999,392047.199300,549,921.43,171371.189500,0
1753485600000,185.9600,186.0100,185.9100,186.01,3938.97,1753485659999,732468.406600,711,2090.80,388773.653100,0
1753485660000,186.0000,186.0400,185.9700,186.04,2497.64,1753485719999,464586.755400,657,1349.48,251017.504800,0
1753485720000,186.0500,186.1200,186.0300,186.11,3013.92,1753485779999,560798.209300,641,1742.27,324162.600300,0
1753485780000,186.1000,186.1500,186.0400,186.08,4117.16,1753485839999,766252.448200,803,2962.95,551461.390300,0
1753485840000,186.0900,186.0900,186.0000,186.03,2550.57,1753485899999,474495.086900,661,1162.28,216219.931000,0
1753485900000,186.0400,186.0400,185.8400,185.9,6187.51,1753485959999,1150386.361600,1024,2180.42,405353.713700,0
1753485960000,185.8900,185.8900,185.8000,185.8,4239.69,1753486019999,787858.661900,699,728.22,135339.294100,0
1753486020000,185.8000,185.9000,185.7800,185.83,12755.52,1753486079999,2370413.493800,1099,3493.29,649095.012800,0
1753486080000,185.8400,185.8400,185.7800,185.81,3596.07,1753486139999,668173.601100,555,813.13,151086.905800,0
1753486140000,185.8100,185.8800,185.7500,185.83,5360.08,1753486199999,996062.444400,779,1084.37,201500.428100,0
1753486200000,185.8200,185.9200,185.8200,185.83,4555.31,1753486259999,846733.144500,741,1914.14,355787.781300,0
1753486260000,185.8200,185.9000,185.7600,185.76,2804.20,1753486319999,521107.691700,681,929.64,172758.166600,0
1753486320000,185.7600,185.7700,185.6400,185.75,4906.20,1753486379999,911060.746100,920,1368.67,254150.667100,0
1753486380000,185.7600,185.8700,185.7500,185.87,3945.23,1753486439999,732984.375600,659,1571.39,291979.331400,0
1753486440000,185.8600,185.8800,185.8200,185.82,3045.57,1753486499999,566013.314000,621,1520.11,282509.225800,0
1753486500000,185.8300,185.8500,185.7300,185.77,8021.23,1753486559999,1490235.328000,934,965.62,179417.844900,0
1753486560000,185.7600,185.8400,185.7600,185.84,4190.66,1753486619999,778626.889600,655,1367.88,254137.871500,0
1753486620000,185.8300,185.9000,185.8300,185.9,3576.90,1753486679999,664796.828900,490,2161.20,401672.220900,0
1753486680000,185.8900,186.1100,185.8900,186.1,5758.58,1753486739999,1071282.773500,974,3514.71,653865.263900,0
1753486740000,186.1100,186.1600,185.9600,186.0,3605.59,1753486799999,670930.514300,914,1287.03,239490.572300,0
1753486800000,185.9900,186.0600,185.9700,186.04,5165.17,1753486859999,960789.168900,642,1561.78,290511.006700,0
1753486860000,186.0300,186.1500,185.9600,186.12,6726.87,1753486919999,1251438.803900,873,3618.28,673075.306000,0
1753486920000,186.1300,186.1300,186.0000,186.01,4755.03,1753486979999,884775.782000,769,1280.45,238247.740400,0
1753486980000,186.0100,186.0100,185.8800,185.93,5488.36,1753487039999,1020477.866900,952,1737.99,323137.154200,0
1753487040000,185.9300,186.0000,185.9200,185.96,4502.12,1753487099999,837177.079800,693,1684.26,313170.483300,0
1753487100000,185.9700,186.1000,185.9600,186.07,3566.43,1753487159999,663620.662200,643,1844.47,343204.042300,0
1753487160000,186.0800,186.0800,186.0000,186.02,3062.69,1753487219999,569798.380300,489,704.58,131082.216600,0
1753487220000,186.0200,186.0700,186.0200,186.06,1393.32,1753487279999,259209.795100,471,613.55,114143.490800,0
1753487280000,186.0700,186.3400,186.0600,186.3,12122.61,1753487339999,2257374.162900,1535,9660.10,1798793.902100,0
1753487340000,186.3000,186.5900,186.2900,186.57,24216.74,1753487399999,4514888.379660,5523,14218.43,2651145.959860,0
1753487400000,186.5600,186.5900,186.4600,186.48,16566.08,1753487459999,3089907.097600,4564,4933.79,920281.150800,0
1753487460000,186.4800,186.5500,186.4400,186.52,9430.21,1753487519999,1758666.225400,982,6074.46,1132856.627300,0
1753487520000,186.5200,186.6200,186.4700,186.61,10352.34,1753487579999,1931062.156600,1136,5033.71,939003.036100,0
1753487580000,186.6000,186.6100,186.5200,186.56,9493.78,1753487639999,1771248.664500,1147,3977.24,742036.081400,0
1753487640000,186.5600,186.6200,186.5300,186.58,5839.12,1753487699999,1089451.787700,967,3158.29,589286.537100,0
1753487700000,186.5700,186.7600,186.5700,186.71,12179.59,1753487759999,2273685.621900,1420,8474.62,1582009.105200,0
1753487760000,186.7100,186.7100,186.6400,186.69,7819.26,1753487819999,1459640.283600,914,3788.92,707284.307900,0
1753487820000,186.6900,186.7900,186.6500,186.65,6335.37,1753487879999,1182908.501800,842,3598.38,671893.897400,0
1753487880000,186.6500,186.7100,186.6200,186.68,8154.44,1753487939999,1522134.978100,774,6026.83,1125013.735000,0
1753487940000,186.6900,186.7200,186.6800,186.69,4829.40,1753487999999,901663.355000,520,1791.04,334392.399800,0
1753488000000,186.6900,186.7800,186.5400,186.57,16315.89,1753488059999,3045815.662300,2232,8474.83,1582146.572000,0
1753488060000,186.5700,186.7500,186.5300,186.72,10291.45,1753488119999,1920675.255400,1367,4173.07,778784.011900,0
1753488120000,186.7200,186.7200,186.4000,186.4,23585.10,1753488179999,4399337.012900,2027,4024.43,750501.093000,0
1753488180000,186.4000,186.6200,186.3800,186.58,9247.70,1753488239999,1724589.788000,1260,4073.05,759590.694700,0
1753488240000,186.5800,186.9000,186.5500,186.86,15756.16,1753488299999,2942739.710700,2075,11724.02,2189728.932200,0
1753488300000,186.8600,186.8800,186.7600,186.79,21291.71,1753488359999,3977679.485100,1789,8030.40,1500121.212600,0
1753488360000,186.7900,186.8400,186.6600,186.7,12207.70,1753488419999,2280034.677400,1441,7306.16,1364544.908100,0
1753488420000,186.7000,186.7600,186.4900,186.49,5338.19,1753488479999,996183.708200,1228,2339.00,436478.484200,0
1753488480000,186.5000,186.5000,186.2300,186.29,17943.07,1753488539999,3343239.084300,2007,4552.32,848212.728800,0
1753488540000,186.2900,186.2900,186.0600,186.06,14987.68,1753488599999,2790760.365000,1814,4292.03,799298.581700,0
1753488600000,186.0700,186.1900,186.0700,186.08,12196.34,1753488659999,2270100.584100,1520,4958.30,922921.194400,0
1753488660000,186.0800,186.2300,186.0000,186.19,10329.59,1753488719999,1922155.147000,1590,6370.40,1185399.807100,0
1753488720000,186.2000,186.2000,186.1000,186.15,4599.62,1753488779999,856241.377200,778,2118.87,394446.297300,0
1753488780000,186.1500,186.1700,186.1000,186.13,7818.09,1753488839999,1455244.878900,871,740.78,137882.774700,0
1753488840000,186.1200,186.1700,185.9100,185.95,18115.45,1753488899999,3369367.787800,1910,3780.98,703318.844900,0
1753488900000,185.9400,186.1100,185.9400,185.98,5997.12,1753488959999,1115722.894600,1117,2700.95,502471.012200,0
1753488960000,185.9800,186.0700,185.9500,186.07,6073.08,1753489019999,1129668.750700,903,3036.98,564921.833300,0
1753489020000,186.0800,186.0900,185.9500,185.95,4213.61,1753489079999,783822.502900,827,1004.76,186910.482700,0
1753489080000,185.9500,185.9600,185.7800,185.81,23098.57,1753489139999,4293041.069500,2095,6718.29,1248577.553800,0
1753489140000,185.8100,186.1400,185.8000,186.12,6503.78,1753489199999,1209469.503900,1101,3596.45,668653.971700,0
1753489200000,186.1100,186.1300,186.0200,186.11,3282.63,1753489259999,610829.693200,746,1771.54,329655.544300,0
1753489260000,186.1100,186.3500,186.1100,186.35,11584.75,1753489319999,2157229.024200,1207,7933.37,1477312.230400,0
1753489320000,186.3600,186.3600,186.2100,186.22,7115.29,1753489379999,1325482.709400,917,1274.83,237470.864700,0
1753489380000,186.2200,186.3400,186.2200,186.34,5879.51,1753489439999,1095122.750200,636,4850.49,903435.977100,0
1753489440000,186.3400,186.4000,186.2800,186.37,5804.95,1753489499999,1081740.122800,858,2864.57,533841.707400,0
1753489500000,186.3700,186.3700,186.2500,186.28,2276.37,1753489559999,424091.972700,561,909.55,169448.502900,0
1753489560000,186.2800,186.4200,186.2800,186.35,5182.96,1753489619999,965917.915200,842,3878.89,722846.307300,0
1753489620000,186.3500,186.3500,186.2200,186.25,9204.76,1753489679999,1714604.691700,1192,2933.83,546439.698500,0
1753489680000,186.2500,186.3500,186.1800,186.18,4302.59,1753489739999,801301.998300,830,2212.72,412055.871500,0
1753489740000,186.1800,186.3400,186.1600,186.34,5791.21,1753489799999,1078433.648500,627,4651.11,866107.790600,0
1753489800000,186.3400,186.3400,186.1500,186.27,3568.43,1753489859999,664564.839900,854,1175.94,218977.544300,0
1753489860000,186.2800,186.4500,186.2100,186.44,4568.52,1753489919999,851093.039200,1163,1556.59,290026.457900,0
1753489920000,186.4400,186.4400,186.3100,186.38,6185.03,1753489979999,1152722.271100,1037,2357.18,439305.473700,0
1753489980000,186.3800,186.4400,186.3600,186.41,5404.16,1753490039999,1007368.096600,710,1792.06,334055.343300,0
1753490040000,186.4200,186.4800,186.3900,186.44,5488.01,1753490099999,1023206.002000,842,2865.94,534338.633500,0
1753490100000,186.4500,186.4700,186.3000,186.47,6123.78,1753490159999,1141369.845800,926,3445.98,642267.114100,0
1753490160000,186.4600,186.5300,186.4500,186.53,4957.96,1753490219999,924604.261400,730,3597.31,670873.220700,0
1753490220000,186.5300,186.5300,186.3100,186.32,5258.02,1753490279999,980112.651300,1147,1237.07,230557.043900,0
1753490280000,186.3200,186.3200,186.1400,186.15,3604.38,1753490339999,671208.992600,923,877.30,163376.643600,0
1753490340000,186.1500,186.2900,186.1400,186.21,2738.19,1753490399999,509955.213800,610,790.22,147153.724300,0
1753490400000,186.2100,186.3000,186.1800,186.27,3680.79,1753490459999,685500.518500,767,2007.77,373903.885500,0
1753490460000,186.2800,186.2800,186.0300,186.1,10320.45,1753490519999,1920706.741400,1284,2297.77,427595.539800,0
1753490520000,186.1100,186.1600,186.0200,186.05,4317.67,1753490579999,803397.944700,841,791.48,147277.573500,0
1753490580000,186.0600,186.1300,186.0600,186.13,4086.75,1753490639999,760564.244500,513,1847.00,343747.194400,0
1753490640000,186.1300,186.1300,186.0500,186.06,5426.17,1753490699999,1009802.287000,818,927.25,172557.660900,0
1753490700000,186.0500,186.1100,186.0500,186.06,4851.10,1753490759999,902630.974700,667,1649.05,306836.572300,0
1753490760000,186.0600,186.0700,185.8800,186.02,15421.03,1753490819999,2868152.849700,1610,4997.83,929591.319400,0
1753490820000,186.0200,186.0200,185.8600,185.92,12797.59,1753490879999,2379357.598100,1374,4161.04,773643.235700,0
1753490880000,185.9100,185.9900,185.8100,185.85,13173.48,1753490939999,2448979.805800,1389,3994.83,742632.769400,0
1753490940000,185.8500,185.8500,185.7100,185.76,15016.89,1753490999999,2789905.217900,1374,5285.56,981950.347200,0
1753491000000,185.7700,185.7700,185.6000,185.72,7761.07,1753491059999,1441195.183700,1256,2133.10,396050.655000,0
1753491060000,185.7100,185.7800,185.7100,185.78,8777.66,1753491119999,1630452.393300,1005,3342.94,620964.601500,0
1753491120000,185.7800,185.9700,185.7500,185.94,9237.92,1753491179999,1716751.078500,1133,3355.99,623739.283600,0
1753491180000,185.9500,185.9500,185.8100,185.83,8067.16,1753491239999,1499565.965100,935,1946.40,361739.899600,0
1753491240000,185.8400,185.8500,185.7600,185.84,8271.40,1753491299999,1536861.795600,981,3628.45,674139.915100,0
1753491300000,185.8400,185.9300,185.8400,185.93,10956.04,1753491359999,2036665.964100,748,8018.47,1490605.927400,0
1753491360000,185.9300,185.9300,185.8200,185.9,5090.88,1753491419999,946298.877200,776,1758.98,326928.524500,0
1753491420000,185.9000,185.9400,185.8600,185.94,4651.50,1753491479999,864663.056800,502,3002.49,558120.403100,0
1753491480000,185.9400,185.9400,185.8200,185.86,6695.18,1753491539999,1244488.340200,774,2310.16,429373.762200,0
1753491540000,185.8600,185.8700,185.8600,185.86,1553.24,1753491599999,288690.675500,304,796.50,148042.979100,0
1753491600000,185.8600,185.8800,185.7800,185.83,7994.93,1753491659999,1485711.209400,1501,2318.51,430852.525900,0
1753491660000,185.8400,185.8400,185.4500,185.49,25657.61,1753491719999,4761609.856500,2602,3406.34,632105.671400,0
1753491720000,185.4900,185.6200,185.4900,185.61,15444.27,1753491779999,2866021.033800,1302,8681.17,1610931.569700,0
1753491780000,185.6100,185.7400,185.6000,185.61,12973.95,1753491839999,2408942.285600,1103,5436.76,1009411.663400,0
1753491840000,185.6100,185.7200,185.6100,185.71,4619.49,1753491899999,857634.069300,868,2707.42,502658.717400,0
1753491900000,185.7100,185.7300,185.6700,185.69,7609.90,1753491959999,1413201.738600,968,1298.57,241150.928200,0
1753491960000,185.6800,185.7300,185.6200,185.71,7885.80,1753492019999,1464233.263500,982,2776.25,515465.479600,0
1753492020000,185.7100,185.9000,185.6900,185.8,9761.80,1753492079999,1813469.787500,1133,5664.02,1052242.415800,0
1753492080000,185.7900,185.9400,185.7900,185.91,5519.74,1753492139999,1025900.167900,866,3365.21,625409.567900,0
1753492140000,185.9100,185.9100,185.7900,185.87,3003.67,1753492199999,558230.659400,780,643.93,119660.826100,0
1753492200000,185.8600,185.9800,185.8600,185.98,2998.72,1753492259999,557512.477500,692,1988.55,369703.389600,0
1753492260000,185.9700,185.9800,185.8600,185.89,3342.05,1753492319999,621373.818100,977,1302.08,242099.322600,0
1753492320000,185.8900,186.0000,185.8800,185.97,7608.59,1753492379999,1414809.929500,915,5034.25,936094.103600,0
1753492380000,185.9700,185.9900,185.9500,185.97,2749.03,1753492439999,511238.205900,567,1231.00,228934.458100,0
1753492440000,185.9700,185.9900,185.9600,185.99,1308.37,1753492499999,243318.594200,302,818.44,152209.878600,0
1753492500000,185.9800,185.9800,185.9200,185.98,3367.55,1753492559999,626264.117700,652,1424.01,264825.516000,0
1753492560000,185.9800,186.0700,185.8100,185.82,9998.58,1753492619999,1859431.684000,1183,7952.56,1479037.599200,0
1753492620000,185.8300,185.9500,185.8300,185.85,3380.22,1753492679999,628391.787600,705,1211.94,225276.547000,0
1753492680000,185.8500,185.9000,185.8200,185.82,1820.81,1753492739999,338431.198400,431,402.17,74747.847700,0
1753492740000,185.8200,185.8800,185.8000,185.82,4018.74,1753492799999,746848.432200,601,1447.05,268921.333100,0
1753492800000,185.8300,185.8400,185.7600,185.82,4715.64,1753492859999,876182.617900,666,874.97,162573.700000,0
1753492860000,185.8200,185.9000,185.8100,185.81,3769.94,1753492919999,700672.180600,761,1246.74,231729.633300,0
1753492920000,185.8200,185.8200,185.6600,185.67,5742.46,1753492979999,1066481.534500,702,983.97,182713.642200,0
1753492980000,185.6800,185.6800,185.6200,185.63,3214.31,1753493039999,596770.834100,603,480.89,89286.351700,0
1753493040000,185.6200,185.6400,185.6100,185.61,9907.87,1753493099999,1839141.253300,681,3111.83,577646.119300,0
1753493100000,185.6200,185.6300,185.4900,185.49,4617.15,1753493159999,856918.355100,869,665.43,123510.629100,0
1753493160000,185.5000,185.6200,185.5000,185.57,11015.45,1753493219999,2044351.591600,845,6242.30,1158492.763300,0
1753493220000,185.5800,185.6400,185.5700,185.64,3016.21,1753493279999,559831.135400,537,1208.84,224378.217400,0
1753493280000,185.6300,185.6400,185.5200,185.55,6505.60,1753493339999,1207400.437400,902,1372.97,254839.280400,0
1753493340000,185.5400,185.5600,185.5000,185.51,3859.25,1753493399999,715989.495000,649,485.10,90008.450700,0
1753493400000,185.5000,185.6000,185.5000,185.6,8269.22,1753493459999,1534327.289400,1488,4246.21,787858.534400,0
1753493460000,185.6000,185.6100,185.5500,185.59,4654.21,1753493519999,863701.757200,734,1936.13,359298.136700,0
1753493520000,185.5900,185.6300,185.5300,185.58,6002.26,1753493579999,1113927.672800,778,2071.53,384441.697100,0
1753493580000,185.5800,185.5900,185.3800,185.4,8693.24,1753493639999,1612364.725100,1311,1756.56,325737.318300,0
1753493640000,185.4000,185.5000,185.4000,185.47,12519.90,1753493699999,2322091.583200,925,9614.34,1783258.105400,0
1753493700000,185.4700,185.4700,185.3400,185.35,14221.02,1753493759999,2636512.897400,1620,2247.19,416612.001300,0
1753493760000,185.3500,185.4500,185.3100,185.41,10162.34,1753493819999,1883661.673300,1123,3370.96,624837.518100,0
1753493820000,185.4100,185.4200,185.3100,185.31,4833.43,1753493879999,895863.387100,890,1256.90,232977.940900,0
1753493880000,185.3100,185.3100,185.1800,185.18,17413.58,1753493939999,3225739.279100,1780,5580.92,1033779.386100,0
1753493940000,185.1900,185.1900,185.0400,185.1,25576.85,1753493999999,4734594.972800,2087,3731.18,690648.393300,0
1753494000000,185.1000,185.1800,185.0900,185.18,11287.15,1753494059999,2089690.500100,1239,5804.75,1074696.104000,0
1753494060000,185.1800,185.2700,185.1200,185.26,7696.72,1753494119999,1425283.498200,879,3438.32,636771.223500,0
1753494120000,185.2700,185.3200,185.1000,185.1,16130.96,1753494179999,2987988.540300,1810,2292.22,424672.586800,0
1753494180000,185.1000,185.1100,184.8600,184.94,36683.65,1753494239999,6785021.800900,3136,7458.67,1379649.897300,0
1753494240000,184.9400,184.9500,184.9100,184.91,9784.00,1753494299999,1809331.609400,954,2204.23,407623.215400,0
1753494300000,184.9100,185.0200,184.8200,184.98,23593.90,1753494359999,4363394.899500,2588,7898.58,1460866.121300,0
1753494360000,184.9700,185.1100,184.9400,185.11,14193.70,1753494419999,2625925.042500,982,11883.47,2198579.138600,0
1753494420000,185.1100,185.2000,185.0900,185.19,9369.50,1753494479999,1734551.970700,887,2572.98,476370.918400,0
1753494480000,185.1900,185.2000,184.9800,185.0,9219.09,1753494539999,1706380.934200,1257,1224.67,226768.596400,0
1753494540000,184.9900,185.0900,184.9900,185.08,3158.05,1753494599999,584448.056500,501,1605.99,297208.042000,0
1753494600000,185.0800,185.1300,185.0000,185.06,8093.28,1753494659999,1497771.984000,1084,1596.68,295501.752700,0
1753494660000,185.0700,185.0700,184.9000,184.94,7502.06,1753494719999,1387589.300500,1113,1100.73,203596.681100,0
1753494720000,184.9400,185.0100,184.9400,184.94,6025.03,1753494779999,1114501.511100,847,1091.22,201841.107000,0
1753494780000,184.9400,184.9500,184.7900,184.87,19105.71,1753494839999,3531580.370000,1716,6986.87,1291558.529900,0
1753494840000,184.8700,184.8700,184.6900,184.72,17479.55,1753494899999,3229638.636700,4862,6338.79,1171221.149200,0
1753494900000,184.7200,184.8000,184.6200,184.67,19616.43,1753494959999,3623089.666600,4865,9816.70,1813188.011300,0
1753494960000,184.6800,184.6800,184.5800,184.62,14562.51,1753495019999,2688825.195600,1437,7439.37,1373582.314700,0
1753495020000,184.6300,184.6300,184.4400,184.53,13978.75,1753495079999,2579716.696760,1521,5287.13,975747.943000,0
1753495080000,184.5400,184.5800,184.4900,184.54,13495.63,1753495139999,2490383.245900,1269,5685.50,1049199.070200,0
1753495140000,184.5300,184.5400,184.4600,184.46,7055.65,1753495199999,1301698.082600,829,2384.81,439994.011300,0
1753495200000,184.4600,184.7400,184.4600,184.71,13837.80,1753495259999,2555286.791500,1505,8028.01,1482237.236900,0
1753495260000,184.7000,184.9400,184.6300,184.9,13648.52,1753495319999,2522618.585400,1781,9517.13,1759193.041100,0
1753495320000,184.9100,185.1300,184.9000,185.1,20378.70,1753495379999,3770514.230400,1747,15363.13,2842536.744500,0
1753495380000,185.1000,185.1000,184.9500,184.98,5381.72,1753495439999,995675.345200,939,1587.80,293769.838000,0
1753495440000,184.9800,185.0800,184.9600,185.07,6755.63,1753495499999,1249826.182900,819,5294.74,979563.414200,0
1753495500000,185.0700,185.1500,185.0600,185.11,6897.77,1753495559999,1276774.138600,1158,4594.37,850402.440800,0
1753495560000,185.1200,185.2200,185.1100,185.17,8624.78,1753495619999,1597100.060900,1032,6748.94,1249700.836700,0
1753495620000,185.1700,185.1700,185.0200,185.05,6786.88,1753495679999,1256143.304300,855,2223.92,411561.345800,0
1753495680000,185.0500,185.0600,185.0300,185.03,4038.77,1753495739999,747331.324700,461,451.00,83454.876200,0
1753495740000,185.0400,185.0500,184.8300,184.86,7788.42,1753495799999,1440137.670200,1086,1324.32,244899.127600,0
1753495800000,184.8600,184.9000,184.7600,184.83,7731.50,1753495859999,1429120.289400,1009,4486.41,829381.693500,0
1753495860000,184.8200,184.8700,184.8200,184.86,3165.69,1753495919999,585141.993000,577,2067.55,382167.099900,0
1753495920000,184.8600,185.0000,184.8500,184.93,14755.63,1753495979999,2728617.166700,1011,10907.22,2016811.865700,0
1753495980000,184.9300,185.0000,184.9000,184.95,3418.45,1753496039999,632261.067700,517,1590.23,294102.774600,0
1753496040000,184.9500,185.0500,184.9400,185.05,3727.92,1753496099999,689654.315500,705,2681.54,496076.618300,0
1753496100000,185.0600,185.1600,185.0400,185.06,9187.29,1753496159999,1700614.812100,1385,5002.77,926107.832700,0
1753496160000,185.0700,185.1700,185.0600,185.13,9349.36,1753496219999,1730738.578200,797,6712.66,1242570.301000,0
1753496220000,185.1300,185.1800,185.1200,185.18,7584.30,1753496279999,1404141.859800,824,5539.91,1025648.745100,0
1753496280000,185.1800,185.5300,185.1700,185.5,33651.63,1753496339999,6238328.055300,2657,27586.14,5113679.863500,0
1753496340000,185.5000,185.5600,185.4500,185.5,9422.99,1753496399999,1748071.275100,1142,6814.32,1264156.371800,0
1753496400000,185.4900,185.6400,185.4900,185.6,9877.84,1753496459999,1833090.209300,1336,7247.64,1345012.116400,0
1753496460000,185.6100,185.7200,185.5600,185.59,17678.22,1753496519999,3281955.645800,1709,12013.90,2230431.287700,0
1753496520000,185.6000,185.9700,185.5900,185.93,23281.40,1753496579999,4326579.677600,2333,17062.20,3171037.712800,0
1753496580000,185.9200,186.0000,185.7900,185.85,25241.84,1753496639999,4692968.494800,2397,14277.90,2654593.439400,0
1753496640000,185.8400,185.8500,185.7800,185.85,7621.18,1753496699999,1416136.789300,1009,5071.19,942314.492700,0
1753496700000,185.8500,186.0730,185.8500,186.04,21300.63,1753496759999,3961745.171420,1752,10255.53,1907085.192820,0
1753496760000,186.0400,186.1300,186.0000,186.05,9278.68,1753496819999,1726533.443730,1246,7244.40,1348023.167230,0
1753496820000,186.0500,186.0500,185.9500,186.04,6971.25,1753496879999,1296598.878400,961,3864.03,718669.368700,0
1753496880000,186.0300,186.2100,186.0300,186.18,13842.79,1753496939999,2576367.992000,1227,10953.16,2038484.971100,0
1753496940000,186.1800,186.2100,186.0900,186.11,6685.88,1753496999999,1244491.694800,933,4662.25,867805.423900,0
1753497000000,186.1000,186.1800,186.0300,186.18,10055.43,1753497059999,1871293.221700,1725,4264.85,793722.752900,0
1753497060000,186.1800,186.3600,186.1700,186.35,17965.44,1753497119999,3346562.454400,1919,12650.99,2356626.340800,0
1753497120000,186.3500,186.4700,186.3300,186.47,18713.95,1753497179999,3488485.413300,5014,13831.29,2578340.326100,0
1753497180000,186.4700,186.7700,186.4400,186.76,29273.52,1753497239999,5462772.351300,5638,20729.84,3868180.150800,0
1753497240000,186.7700,186.8200,186.6900,186.73,19528.78,1753497299999,3647189.925800,1758,9483.72,1771186.673200,0
1753497300000,186.7300,186.7500,186.3300,186.34,47278.29,1753497359999,8821625.409700,4145,27011.58,5041131.876000,0
1753497360000,186.3400,186.4300,186.1000,186.14,20584.12,1753497419999,3834053.248600,2422,6619.89,1232917.246600,0
1753497420000,186.1400,186.4000,186.1100,186.39,19616.06,1753497479999,3653444.198400,1666,14297.60,2663127.782300,0
1753497480000,186.3900,186.4000,186.0700,186.17,10195.63,1753497539999,1898500.009000,1527,3344.04,622681.850700,0
1753497540000,186.1700,186.2200,186.0400,186.15,13373.43,1753497599999,2489193.098000,1665,5352.40,996199.540900,0
1753497600000,186.1500,186.1900,186.0500,186.07,7766.40,1753497659999,1445417.190400,1117,4691.26,873076.721700,0
1753497660000,186.0600,186.2400,186.0600,186.23,6114.07,1753497719999,1138186.815900,989,4281.33,796986.906100,0
1753497720000,186.2300,186.4900,186.2300,186.45,12181.08,1753497779999,2270476.137600,1293,8432.70,1571629.902600,0
1753497780000,186.4500,186.5700,186.4400,186.56,13729.07,1753497839999,2560533.746800,1471,8603.25,1604533.510500,0
1753497840000,186.5700,186.5700,186.3600,186.38,8734.33,1753497899999,1628368.548300,1131,3796.86,707762.125600,0
1753497900000,186.3700,186.4400,186.3100,186.39,9832.86,1753497959999,1832656.615700,1525,4856.62,905214.147200,0
1753497960000,186.3900,186.5000,186.3800,186.43,6108.37,1753498019999,1138797.225500,924,3592.64,669766.900900,0
1753498020000,186.4200,186.5300,186.3700,186.51,8735.48,1753498079999,1628692.308400,966,5655.38,1054441.987600,0
1753498080000,186.5100,186.6300,186.4400,186.46,9081.49,1753498139999,1694107.467700,1143,4503.35,840015.861500,0
1753498140000,186.4700,186.5100,186.2900,186.29,8039.36,1753498199999,1498301.811000,1342,2024.65,377404.833400,0
1753498200000,186.3000,186.4100,186.2600,186.4,6982.44,1753498259999,1301006.111300,1007,3447.52,642367.445200,0
1753498260000,186.4100,186.5000,186.3300,186.46,9171.89,1753498319999,1709921.474900,1112,3917.34,730284.877300,0
1753498320000,186.4600,186.6000,186.4300,186.6,9456.58,1753498379999,1763509.747800,1206,6651.78,1240467.233600,0
1753498380000,186.5900,186.7300,186.5000,186.72,10176.58,1753498439999,1899094.605200,1318,6373.00,1189309.574600,0
1753498440000,186.7300,186.8200,186.6200,186.72,19664.51,1753498499999,3672523.054500,1785,13681.24,2555120.011000,0
1753498500000,186.7300,186.7700,186.6500,186.67,8065.11,1753498559999,1505879.489500,1036,4827.02,901275.767900,0
1753498560000,186.6800,186.7600,186.6100,186.69,7536.37,1753498619999,1406856.678600,1054,4413.25,823852.661600,0
1753498620000,186.7000,186.7000,186.4700,186.48,7501.49,1753498679999,1399393.710600,1066,1908.53,356059.031700,0
1753498680000,186.4700,186.4800,186.4100,186.45,8050.09,1753498739999,1500852.305900,770,5715.74,1065616.013600,0
1753498740000,186.4500,186.5000,186.4400,186.46,4205.17,1753498799999,784157.912400,626,2771.97,516921.877500,0
1753498800000,186.4600,186.6100,186.4500,186.55,3934.46,1753498859999,733960.357900,1434,1517.27,283016.158700,0
1753498860000,186.5500,186.5700,186.3900,186.46,6513.05,1753498919999,1214654.821000,1068,2711.23,505629.729700,0
1753498920000,186.4600,186.4900,186.3800,186.38,2403.65,1753498979999,448105.028500,682,751.36,140081.261500,0
1753498980000,186.3800,186.5300,186.3800,186.53,4810.16,1753499039999,896773.507300,807,3429.50,639379.155700,0
1753499040000,186.5300,186.5300,186.3800,186.45,3624.05,1753499099999,675647.343700,798,1433.89,267300.103700,0
1753499100000,186.4500,186.4500,186.3000,186.36,3455.36,1753499159999,643916.664500,857,1158.35,215861.457800,0
1753499160000,186.3500,186.3500,186.0400,186.08,9695.19,1753499219999,1804571.144000,1458,1721.89,320464.516000,0
1753499220000,186.0700,186.1800,186.0500,186.15,3971.75,1753499279999,739150.088900,903,2225.68,414201.135800,0
1753499280000,186.1600,186.1600,186.0900,186.12,3906.42,1753499339999,727055.826200,559,1269.06,236199.047300,0
1753499340000,186.1100,186.2900,186.1100,186.25,7082.33,1753499399999,1318941.128300,807,3591.09,668669.263600,0
1753499400000,186.2400,186.2500,186.1700,186.17,3488.04,1753499459999,649442.046300,645,1783.45,332062.851200,0
1753499460000,186.1800,186.2000,186.1000,186.11,3322.76,1753499519999,618546.093000,766,707.19,131658.878500,0
1753499520000,186.1000,186.1200,186.0500,186.06,2374.13,1753499579999,441797.770400,640,567.88,105680.553400,0
1753499580000,186.0500,186.0600,185.9500,186.04,10024.12,1753499639999,1864499.753300,1280,3551.88,660645.919000,0
1753499640000,186.0400,186.1000,186.0000,186.1,7401.26,1753499699999,1376953.691700,678,5685.55,1057786.463300,0
1753499700000,186.1000,186.2200,186.0400,186.07,4661.17,1753499759999,867669.225200,1111,1890.31,351845.480500,0
1753499760000,186.0700,186.0800,186.0100,186.07,1953.28,1753499819999,363379.843200,485,1195.99,222499.735200,0
1753499820000,186.0800,186.2000,186.0800,186.2,2847.93,1753499879999,530109.629600,503,1800.29,335102.412600,0
1753499880000,186.2100,186.3700,186.1900,186.23,7725.79,1753499939999,1439301.215100,1123,5239.22,976138.967800,0
1753499940000,186.2400,186.2700,186.1500,186.26,6147.93,1753499999999,1144808.689800,827,3965.01,738332.724500,0
1753500000000,186.2700,186.3200,186.1700,186.18,3311.72,1753500059999,616878.464600,736,1591.99,296542.633400,0
1753500060000,186.1800,186.2100,186.0300,186.04,3289.16,1753500119999,612099.950400,907,1403.83,261259.087100,0
1753500120000,186.0400,186.1900,186.0400,186.15,4039.12,1753500179999,751678.688700,806,2527.11,470287.192000,0
1753500180000,186.1400,186.2300,186.1200,186.2,4580.71,1753500239999,852841.630200,591,2141.29,398662.632100,0
1753500240000,186.1900,186.2000,186.0600,186.09,1809.69,1753500299999,336848.002900,696,926.81,172514.956800,0
1753500300000,186.0900,186.0900,185.8900,185.89,7329.86,1753500359999,1363014.017100,1036,1073.55,199669.427000,0
1753500360000,185.8900,185.9900,185.8800,185.96,5930.30,1753500419999,1102595.674100,856,3070.63,570928.486700,0
1753500420000,185.9500,185.9500,185.7900,185.79,15156.83,1753500479999,2817093.080300,1314,4189.65,778694.947000,0
1753500480000,185.7900,185.8400,185.6600,185.76,22812.67,1753500539999,4237411.851400,1906,10539.04,1957487.177500,0
1753500540000,185.7700,185.7700,185.6600,185.7,8246.42,1753500599999,1531404.414100,1018,2497.26,463737.082300,0
1753500600000,185.7100,185.8100,185.6700,185.81,4676.52,1753500659999,868466.008100,723,3379.04,627535.959400,0
1753500660000,185.8200,185.9600,185.8100,185.86,4929.79,1753500719999,916362.321300,692,2487.13,462255.144900,0
1753500720000,185.8600,185.9800,185.8300,185.98,3054.79,1753500779999,567886.756900,605,2105.01,391350.779300,0
1753500780000,185.9700,185.9700,185.7200,185.73,4119.51,1753500839999,765675.334800,1043,1515.26,281589.523500,0
1753500840000,185.7400,185.7700,185.6700,185.77,3730.22,1753500899999,692750.004700,743,1604.69,298032.703500,0
1753500900000,185.7600,185.7900,185.6400,185.7,8328.22,1753500959999,1546568.520800,907,1234.77,229328.241400,0
1753500960000,185.7000,185.9000,185.6900,185.86,4901.51,1753501019999,910724.908700,816,2886.56,536316.757100,0
1753501020000,185.8500,185.8900,185.7900,185.89,3434.73,1753501079999,638285.837100,582,2406.08,447130.446100,0
1753501080000,185.8900,186.0500,185.8700,186.05,4189.25,1753501139999,778908.880700,648,2805.38,521662.655900,0
1753501140000,186.0400,186.0600,185.8700,185.87,7111.95,1753501199999,1322691.999300,978,3408.16,633891.399800,0
1753501200000,185.8700,185.9800,185.8200,185.94,5119.50,1753501259999,951685.477500,807,3371.79,626771.526900,0
1753501260000,185.9300,185.9800,185.9100,185.91,3053.86,1753501319999,567855.866700,544,1536.08,285648.611600,0
1753501320000,185.9200,185.9700,185.8800,185.94,2209.29,1753501379999,410761.242900,525,996.39,185252.726700,0
1753501380000,185.9400,185.9800,185.8600,185.92,3447.12,1753501439999,640898.140700,708,1440.11,267763.081600,0
1753501440000,185.9200,185.9200,185.8600,185.92,3183.15,1753501499999,591737.363700,491,1803.87,335329.893900,0
1753501500000,185.9200,185.9300,185.7500,185.82,6262.52,1753501559999,1163917.771800,732,625.04,116136.795200,0
1753501560000,185.8100,185.9800,185.8100,185.98,3107.29,1753501619999,577740.074900,567,1902.25,353682.697500,0
1753501620000,185.9800,186.1800,185.9700,186.18,4367.24,1753501679999,812591.740300,910,3204.56,596275.198700,0
1753501680000,186.1800,186.2100,186.0400,186.07,8227.62,1753501739999,1531581.285900,1004,3076.94,572789.659400,0
1753501740000,186.0700,186.1800,186.0600,186.17,5919.80,1753501799999,1101695.614800,754,3364.08,626025.543300,0
1753501800000,186.1800,186.3000,186.1700,186.23,4665.20,1753501859999,868850.994200,828,3038.83,565945.413900,0
1753501860000,186.2400,186.3300,186.2100,186.32,4488.52,1753501919999,836060.966600,700,1816.61,338407.535000,0
1753501920000,186.3200,186.3200,186.1700,186.19,3275.16,1753501979999,609879.904200,713,824.64,153558.146300,0
1753501980000,186.2000,186.2000,186.0700,186.08,2294.77,1753502039999,427105.862800,599,863.99,160800.283600,0
1753502040000,186.0800,186.1700,186.0800,186.16,2794.75,1753502099999,520175.553100,485,1387.40,258236.290700,0
1753502100000,186.1700,186.2800,186.0900,186.09,3592.28,1753502159999,668944.825600,784,1911.91,356055.422000,0
1753502160000,186.1000,186.2300,186.0900,186.22,3128.41,1753502219999,582435.483300,584,2509.99,467296.413000,0
1753502220000,186.2300,186.2700,186.1400,186.17,5303.35,1753502279999,987622.708900,628,3624.67,674982.644200,0
1753502280000,186.1800,186.1800,185.9800,186.1,8497.61,1753502339999,1581332.445700,1051,1276.81,237550.163700,0
1753502340000,186.1000,186.1000,185.9500,185.96,3581.11,1753502399999,666058.205400,555,911.22,169460.929500,0
1753502400000,185.9600,185.9600,185.7900,185.95,29840.47,1753502459999,5545434.756500,1769,14043.95,2609582.466800,0
1753502460000,185.9500,185.9800,185.8000,185.81,2986.56,1753502519999,555114.103000,655,1300.27,241689.510700,0
1753502520000,185.8100,185.8800,185.8100,185.88,2845.96,1753502579999,528879.028400,563,1546.06,287321.451600,0
1753502580000,185.8700,185.9500,185.8100,185.94,3005.81,1753502639999,558772.024600,604,1111.81,206700.493000,0
1753502640000,185.9400,185.9400,185.7300,185.81,17226.02,1753502699999,3200645.932700,1235,2239.59,416092.084900,0
1753502700000,185.8100,185.8200,185.7300,185.73,2657.23,1753502759999,493711.194300,583,391.36,72715.078500,0
1753502760000,185.7300,185.8200,185.7200,185.72,4328.43,1753502819999,804104.024000,676,1168.69,217103.690400,0
1753502820000,185.7200,185.7300,185.6500,185.66,3618.24,1753502879999,671847.152200,650,495.88,92080.934500,0
1753502880000,185.6500,185.8800,185.6500,185.87,6464.31,1753502939999,1200866.163900,635,2783.02,516877.424800,0
1753502940000,185.8800,185.9400,185.8500,185.86,4553.92,1753502999999,846560.747300,680,2058.51,382656.219700,0
1753503000000,185.8500,185.9600,185.8200,185.95,2344.36,1753503059999,435741.966000,525,1078.68,200506.734300,0
1753503060000,185.9500,186.1400,185.9400,186.09,5684.75,1753503119999,1057532.377200,922,3876.40,721121.054200,0
1753503120000,186.0900,186.1600,186.0800,186.15,4477.15,1753503179999,833248.759400,663,3075.16,572332.929500,0
1753503180000,186.1500,186.2200,186.0600,186.17,4010.61,1753503239999,746558.913800,934,2405.18,447712.743100,0
1753503240000,186.1800,186.2900,186.1600,186.28,4986.47,1753503299999,928600.845200,837,2693.54,501617.621400,0
1753503300000,186.2700,186.4000,186.2000,186.2,9447.56,1753503359999,1760474.189700,1329,3114.10,580313.566900,0
1753503360000,186.2000,186.2100,186.0600,186.08,2388.84,1753503419999,444597.029400,716,795.21,147987.077300,0
1753503420000,186.0700,186.2000,186.0600,186.17,2895.40,1753503479999,538868.090500,740,1305.57,242994.000200,0
1753503480000,186.1600,186.2500,186.1200,186.2,4808.92,1753503539999,895417.410300,620,3688.32,686758.404600,0
1753503540000,186.2100,186.2100,186.0800,186.1,9313.84,1753503599999,1733520.345100,852,2076.20,386486.498800,0
1753503600000,186.1000,186.2300,186.1000,186.2,5288.72,1753503659999,984621.467600,669,3401.02,633149.510200,0
1753503660000,186.2100,186.2100,186.1100,186.11,1280.44,1753503719999,238381.108700,486,491.61,91536.730400,0
1753503720000,186.1100,186.1800,186.0800,186.18,3428.00,1753503779999,638045.362300,620,1474.12,274380.779600,0
1753503780000,186.1900,186.2100,186.0800,186.1,3970.34,1753503839999,739034.111400,579,2820.19,524946.470800,0
1753503840000,186.1000,186.1700,186.0700,186.15,4159.66,1753503899999,774166.827600,554,3184.97,592761.668400,0
1753503900000,186.1500,186.2300,186.0800,186.18,2229.93,1753503959999,415072.044000,621,845.45,157362.079200,0
1753503960000,186.1800,186.2300,186.1300,186.22,1330.09,1753504019999,247618.255200,456,880.20,163872.795500,0
1753504020000,186.2300,186.2700,186.1200,186.12,2293.44,1753504079999,427135.409200,679,482.62,89884.433800,0
1753504080000,186.1300,186.1600,186.1100,186.14,1569.64,1753504139999,292158.530500,464,532.48,99109.532800,0
1753504140000,186.1400,186.1600,186.0900,186.13,1005.68,1753504199999,187188.497300,371,406.59,75679.975500,0
1753504200000,186.1200,186.1400,186.0700,186.07,1900.86,1753504259999,353784.091300,512,774.93,144235.904400,0
1753504260000,186.0800,186.1400,186.0300,186.03,2263.64,1753504319999,421216.711900,562,495.49,92211.299300,0
1753504320000,186.0400,186.0900,185.9600,186.08,2732.50,1753504379999,508295.264900,872,1280.27,238172.414600,0
1753504380000,186.0800,186.1500,186.0300,186.15,14268.45,1753504439999,2655101.923700,1295,4072.73,757825.132100,0
1753504440000,186.1500,186.2700,186.1200,186.27,3172.63,1753504499999,590785.093800,700,1720.96,320469.028600,0
1753504500000,186.2700,186.2800,186.1300,186.17,3296.82,1753504559999,613943.508500,811,1404.02,261464.200300,0
1753504560000,186.1700,186.1700,186.0300,186.17,2318.92,1753504619999,431496.519900,625,999.23,185937.485700,0
1753504620000,186.1700,186.2000,186.1500,186.2,2090.50,1753504679999,389185.968900,415,998.41,185877.142700,0
1753504680000,186.2000,186.2000,186.1200,186.17,4350.01,1753504739999,809756.123800,579,2090.72,389192.382100,0
1753504740000,186.1800,186.2400,186.1700,186.19,7593.76,1753504799999,1413991.078600,825,3376.76,628764.339600,0
1753504800000,186.1900,186.2100,186.0600,186.09,2588.68,1753504859999,481874.954500,823,591.01,110005.315100,0
1753504860000,186.0900,186.1600,186.0800,186.14,2605.11,1753504919999,484837.977900,531,2043.39,380276.824100,0
1753504920000,186.1500,186.2400,186.1400,186.22,4553.98,1753504979999,847983.427700,826,2302.97,428796.392000,0
1753504980000,186.2200,186.2400,186.2100,186.22,1028.70,1753505039999,191568.463600,309,617.92,115070.509300,0
1753505040000,186.2200,186.2500,186.2000,186.24,1808.87,1753505099999,336849.307700,436,689.22,128352.061900,0
1753505100000,186.2300,186.2400,186.1700,186.21,1633.19,1753505159999,304104.586200,940,749.19,139502.282200,0
1753505160000,186.2100,186.2800,186.1800,186.26,2555.09,1753505219999,475793.998400,627,1454.51,270839.915500,0
1753505220000,186.2700,186.2800,186.1800,186.19,2734.27,1753505279999,509196.934300,680,1564.80,291396.828400,0
1753505280000,186.2000,186.2200,186.0600,186.07,5762.44,1753505339999,1072649.192900,902,1583.18,294717.911200,0
1753505340000,186.0700,186.1100,185.9500,185.96,4190.13,1753505399999,779335.592300,853,1452.83,270220.924400,0
1753505400000,185.9700,185.9700,185.7900,185.8,7974.69,1753505459999,1482452.327400,1066,2573.74,478538.905300,0
1753505460000,185.8000,185.9100,185.7800,185.9,5676.78,1753505519999,1054948.837100,768,2563.36,476357.261200,0
1753505520000,185.9100,185.9200,185.8800,185.89,2163.46,1753505579999,402185.360200,459,1301.84,242011.860700,0
1753505580000,185.8800,185.9400,185.8700,185.93,2961.48,1753505639999,550544.896200,624,2432.53,452216.768800,0
1753505640000,185.9400,186.0200,185.9000,185.96,2922.60,1753505699999,543502.018600,601,1352.93,251599.847700,0
1753505700000,185.9600,185.9900,185.9000,185.98,1094.67,1753505759999,203539.396300,340,342.33,63655.175100,0
1753505760000,185.9900,186.0100,185.8900,185.9,3281.27,1753505819999,610194.050100,587,1373.99,255546.318700,0
1753505820000,185.8900,185.9100,185.8800,185.9,1378.50,1753505879999,256253.383900,282,578.84,107604.295100,0
1753505880000,185.9000,185.9900,185.9000,185.98,2613.99,1753505939999,486033.276500,406,2038.37,379005.567000,0
1753505940000,185.9800,185.9800,185.9200,185.93,1628.17,1753505999999,302768.673000,444,593.66,110394.517500,0
1753506000000,185.9200,185.9900,185.9200,185.95,3825.24,1753506059999,711398.368900,1062,2988.81,555857.678600,0
1753506060000,185.9500,185.9500,185.8000,185.86,3416.97,1753506119999,635023.521600,682,980.70,182251.758500,0
1753506120000,185.8600,185.8600,185.7700,185.85,6654.68,1753506179999,1236491.041300,828,4091.60,760254.046200,0
1753506180000,185.8500,185.9000,185.8300,185.85,3484.28,1753506239999,647612.338500,528,1006.42,187059.089500,0
1753506240000,185.8600,185.8600,185.8500,185.86,1468.57,1753506299999,272945.057200,323,1132.27,210443.702200,0
1753506300000,185.8600,185.9500,185.8500,185.87,2812.75,1753506359999,522899.874300,569,931.36,173147.466700,0
1753506360000,185.8800,185.8800,185.7500,185.83,5027.74,1753506419999,934142.010400,808,2968.90,551597.890100,0
1753506420000,185.8400,185.8400,185.7300,185.73,3365.48,1753506479999,625154.786200,572,1095.98,203595.457100,0
1753506480000,185.7300,185.7300,185.6000,185.62,8843.15,1753506539999,1641850.828500,1023,1136.05,210896.287300,0
1753506540000,185.6100,185.7500,185.6100,185.75,5314.40,1753506599999,986745.919400,575,3526.76,654825.010400,0
1753506600000,185.7500,185.7500,185.6400,185.72,6124.12,1753506659999,1137168.193000,866,2971.15,551692.185700,0
1753506660000,185.7300,185.7300,185.6300,185.71,9499.37,1753506719999,1763820.293500,977,3499.43,649758.981200,0
1753506720000,185.7100,185.7400,185.6700,185.73,4444.17,1753506779999,825315.682500,664,698.27,129670.743700,0
1753506780000,185.7300,185.7900,185.6900,185.73,8334.91,1753506839999,1548139.679900,952,4366.08,810975.265300,0
1753506840000,185.7300,185.7400,185.6800,185.7,2431.13,1753506899999,451468.232300,520,874.89,162468.931300,0
1753506900000,185.7100,186.0700,185.6800,186.06,15031.74,1753506959999,2793984.260000,1979,12070.11,2243721.590400,0
1753506960000,186.0700,186.1800,186.0300,186.12,8732.74,1753507019999,1625246.394400,1054,4509.02,839172.656600,0
1753507020000,186.1300,186.2400,186.0300,186.24,10163.91,1753507079999,1891474.368900,1448,4534.76,843976.382400,0
1753507080000,186.2400,186.2500,186.1600,186.18,11466.72,1753507139999,2134981.682500,873,2743.59,510806.041200,0
1753507140000,186.1900,186.2000,186.0800,186.19,6738.77,1753507199999,1254380.534900,813,3392.17,631449.456800,0
1753507200000,186.1900,186.2400,186.1700,186.19,6232.51,1753507259999,1160532.485300,719,3615.94,673311.467800,0
1753507260000,186.1900,186.3700,186.1900,186.25,5706.37,1753507319999,1063070.923300,879,2855.31,531920.039000,0
1753507320000,186.2600,186.3100,186.2500,186.27,2268.71,1753507379999,422632.544900,480,1400.05,260811.811300,0
1753507380000,186.2700,186.3200,186.2700,186.28,4429.00,1753507439999,825068.587900,515,2088.75,389108.369300,0
1753507440000,186.2800,186.3600,186.2300,186.29,5815.57,1753507499999,1083379.606800,754,2934.41,546680.818100,0
1753507500000,186.2900,186.4600,186.2900,186.44,6055.05,1753507559999,1128555.408000,1010,4470.96,833308.575600,0
1753507560000,186.4400,186.6600,186.3900,186.58,16366.12,1753507619999,3053138.452700,1797,9770.33,1822613.054600,0
1753507620000,186.5800,186.7100,186.5400,186.7,7914.08,1753507679999,1477004.153300,979,7196.50,1343093.497600,0
1753507680000,186.7100,186.7100,186.6000,186.6,9274.59,1753507739999,1731199.729800,1068,6230.55,1163046.451500,0
1753507740000,186.6000,186.7000,186.6000,186.7,5473.53,1753507799999,1021740.528900,526,3363.49,627886.481900,0
1753507800000,186.7000,186.7000,186.5100,186.51,7259.08,1753507859999,1354516.052400,918,1119.11,208800.336900,0
1753507860000,186.5100,186.6000,186.4800,186.59,3490.21,1753507919999,651065.032100,669,2933.13,547157.914900,0
1753507920000,186.5900,186.6900,186.5300,186.59,8756.88,1753507979999,1634279.058700,1017,7026.52,1311396.561400,0
1753507980000,186.6000,186.6500,186.5700,186.64,4935.39,1753508039999,920971.880900,619,3789.39,707145.128600,0
1753508040000,186.6500,186.6500,186.5800,186.58,1971.68,1753508099999,367904.829400,563,558.64,104239.033700,0
1753508100000,186.5900,186.6300,186.5700,186.62,5063.74,1753508159999,944830.265100,620,2110.93,393889.137500,0
1753508160000,186.6300,186.7600,186.6000,186.74,6600.53,1753508219999,1232277.539700,851,5428.72,1013528.184200,0
1753508220000,186.7500,186.8600,186.7400,186.8,5945.50,1753508279999,1110664.032100,1039,4975.80,929518.587600,0
1753508280000,186.8000,186.9300,186.7900,186.92,9530.22,1753508339999,1781178.497500,1499,7465.95,1395362.213300,0
1753508340000,186.9100,186.9300,186.8400,186.89,5565.63,1753508399999,1040149.941200,919,3258.81,609039.682200,0
1753508400000,186.9000,186.9300,186.7800,186.93,7949.73,1753508459999,1485259.949800,1206,4379.58,818282.735900,0
1753508460000,186.9300,187.1400,186.9200,187.09,37867.99,1753508519999,7082200.539000,3536,29687.35,5552457.482500,0
1753508520000,187.1000,187.1000,186.9200,186.94,10908.37,1753508579999,2039660.976500,1321,3175.56,593774.808200,0
1753508580000,186.9400,186.9800,186.8300,186.86,6439.92,1753508639999,1203776.885000,1010,3252.91,608081.286400,0
1753508640000,186.8600,186.8700,186.7600,186.76,2610.86,1753508699999,487732.034000,668,501.55,93691.549800,0
1753508700000,186.7700,186.8000,186.7500,186.77,7939.69,1753508759999,1482918.608100,1297,6167.41,1151909.970500,0
1753508760000,186.7600,186.8100,186.6700,186.69,4717.96,1753508819999,881105.006400,790,1966.53,367300.140700,0
1753508820000,186.6900,186.7000,186.5600,186.68,11964.16,1753508879999,2233116.121100,1227,7003.61,1307289.471700,0
1753508880000,186.6900,186.6900,186.5800,186.58,3082.24,1753508939999,575218.716900,588,1526.92,284946.581100,0
1753508940000,186.5900,186.5900,186.5500,186.56,3121.80,1753508999999,582427.180700,487,1893.02,353183.250900,0
1753509000000,186.5700,186.5700,186.4700,186.48,4113.03,1753509059999,767141.332900,844,885.23,165104.573000,0
1753509060000,186.4700,186.4800,186.3500,186.41,5740.65,1753509119999,1070149.398200,1126,1755.59,327261.483400,0
1753509120000,186.4200,186.6000,186.3800,186.55,5738.44,1753509179999,1070041.133900,914,3645.42,679773.389000,0
1753509180000,186.5500,186.7300,186.5400,186.71,4538.66,1753509239999,847133.045300,727,1989.43,371333.498800,0
1753509240000,186.7100,186.7800,186.6600,186.77,2912.59,1753509299999,543828.262300,520,1828.07,341324.614000,0
1753509300000,186.7700,186.7800,186.6000,186.72,12907.61,1753509359999,2409554.960900,1118,10001.22,1866949.850600,0
1753509360000,186.7300,186.7500,186.6700,186.67,3768.34,1753509419999,703610.337500,556,1695.74,316628.901400,0
1753509420000,186.6700,186.7000,186.6300,186.69,1972.05,1753509479999,368104.165900,402,953.59,177994.725800,0
1753509480000,186.6900,186.7000,186.6300,186.69,1356.59,1753509539999,253219.533100,320,836.84,156204.153700,0
1753509540000,186.7000,186.7000,186.6900,186.69,1255.80,1753509599999,234454.733600,242,943.16,176087.972000,0
1753509600000,186.7000,186.7300,186.6200,186.68,6625.85,1753509659999,1236825.362700,1207,3516.83,656523.313300,0
1753509660000,186.6900,186.6900,186.5200,186.52,4723.72,1753509719999,881484.322300,743,1403.95,262026.797200,0
1753509720000,186.5300,186.5400,186.4200,186.42,6637.27,1753509779999,1237814.291900,764,1316.24,245498.541500,0
1753509780000,186.4300,186.5500,186.4000,186.54,4004.27,1753509839999,746583.764500,717,2267.47,422770.419600,0
1753509840000,186.5500,186.6400,186.4900,186.64,2523.08,1753509899999,470791.588800,724,1473.93,275023.910000,0
1753509900000,186.6500,186.6900,186.5600,186.57,3550.50,1753509959999,662707.895500,678,1692.12,315845.503400,0
1753509960000,186.5800,186.5800,186.5100,186.55,3659.13,1753510019999,682543.243500,500,1879.60,350599.733100,0
1753510020000,186.5600,186.5600,186.4000,186.41,4128.58,1753510079999,769827.837500,784,1380.22,257377.802200,0
1753510080000,186.4100,186.4100,186.3400,186.35,1354.83,1753510139999,252489.269100,503,347.39,64742.100700,0
1753510140000,186.3500,186.4100,186.3000,186.39,4796.40,1753510199999,893765.535700,784,1610.89,300203.161000,0
1753510200000,186.4000,186.4800,186.3700,186.48,2271.05,1753510259999,423352.939700,498,1092.37,203645.778800,0
1753510260000,186.4700,186.5000,186.2200,186.22,11148.73,1753510319999,2077039.102200,1354,269.89,50307.669500,0
1753510320000,186.2300,186.3400,186.2300,186.33,4158.89,1753510379999,774798.917700,648,1192.92,222212.255300,0
1753510380000,186.3300,186.3700,186.3300,186.36,2645.98,1753510439999,493085.354600,427,962.53,179374.846900,0
1753510440000,186.3500,186.3600,186.3100,186.33,1844.32,1753510499999,343678.171000,455,601.65,112115.254300,0
1753510500000,186.3400,186.4000,186.2900,186.4,7808.63,1753510559999,1455118.138600,787,4287.80,799035.247000,0
1753510560000,186.4000,186.5600,186.3900,186.48,3743.67,1753510619999,698183.708000,671,1760.54,328336.992800,0
1753510620000,186.4800,186.5000,186.4500,186.45,1923.90,1753510679999,358755.635400,441,1455.25,271365.917100,0
1753510680000,186.4500,186.5600,186.4500,186.52,6855.99,1753510739999,1278799.129500,691,3406.25,635298.111000,0
1753510740000,186.5200,186.5600,186.4300,186.44,3510.35,1753510799999,654653.289600,656,1066.86,198963.871900,0
1753510800000,186.4400,186.5000,186.4300,186.43,902.10,1753510859999,168203.995800,456,421.80,78650.890900,0
1753510860000,186.4300,186.4800,186.3500,186.44,1604.68,1753510919999,299123.569600,700,495.64,92386.258500,0
1753510920000,186.4500,186.4700,186.3400,186.34,1522.98,1753510979999,283878.359100,659,352.09,65635.100500,0
1753510980000,186.3400,186.3500,186.0800,186.16,25785.28,1753511039999,4800046.524900,1652,6385.95,1188538.932500,0
1753511040000,186.1600,186.1700,185.9700,186.12,15456.58,1753511099999,2875765.029800,1586,3250.99,604912.537100,0
1753511100000,186.1300,186.2500,186.1200,186.17,6106.36,1753511159999,1137013.993300,771,1991.11,370685.543600,0
1753511160000,186.1600,186.2600,186.1600,186.24,4012.50,1753511219999,747180.112400,488,2539.44,472839.445300,0
1753511220000,186.2400,186.3800,186.2400,186.33,3757.89,1753511279999,700195.035500,583,2011.93,374834.411600,0
1753511280000,186.3400,186.3600,186.3100,186.33,1609.48,1753511339999,299899.827900,401,872.38,162553.334200,0
1753511340000,186.3300,186.3300,186.2300,186.27,2167.61,1753511399999,403820.954700,442,531.15,98950.518400,0
1753511400000,186.2700,186.3200,186.1400,186.14,5599.11,1753511459999,1042562.299500,716,990.30,184469.180400,0
1753511460000,186.1400,186.1500,185.9600,186.0,7939.10,1753511519999,1476859.671600,1138,3032.99,564123.373600,0
1753511520000,186.0000,186.1500,185.9900,186.12,3216.56,1753511579999,598379.586700,730,1644.69,305971.846800,0
1753511580000,186.1200,186.1700,186.1100,186.15,3199.48,1753511639999,595549.088200,471,2274.76,423415.368200,0
1753511640000,186.1500,186.2500,186.1400,186.24,4082.44,1753511699999,760170.968300,614,2746.57,511414.029700,0
1753511700000,186.2500,186.2700,186.1500,186.25,4433.60,1753511759999,825635.439500,689,2547.35,474361.142400,0
1753511760000,186.2600,186.3000,186.1300,186.3,4232.58,1753511819999,788329.229000,724,2225.69,414584.576000,0
1753511820000,186.3000,186.3000,186.2900,186.3,1431.75,1753511879999,266733.696000,203,1298.85,241975.755000,0
1753511880000,186.3000,186.3000,186.1200,186.15,3319.77,1753511939999,618052.513500,654,1030.79,191871.292000,0
1753511940000,186.1600,186.1600,186.0900,186.12,3861.13,1753511999999,718609.435400,655,1292.47,240547.809400,0
1753512000000,186.1200,186.1400,186.0600,186.08,2685.34,1753512059999,499771.687900,662,1600.83,297931.002800,0
1753512060000,186.0900,186.1200,186.0500,186.11,2024.14,1753512119999,376673.623900,453,1233.43,229535.344500,0
1753512120000,186.1200,186.2500,186.1100,186.13,3781.62,1753512179999,704107.197800,610,2461.27,458262.013900,0
1753512180000,186.1300,186.1500,186.0100,186.05,4936.32,1753512239999,918494.012800,777,1448.90,269610.545700,0
1753512240000,186.0400,186.0500,186.0400,186.04,1241.12,1753512299999,230903.935600,323,597.08,111086.734000,0
1753512300000,186.0500,186.1600,186.0400,186.07,4363.62,1753512359999,811988.992200,625,3055.52,568535.984300,0
1753512360000,186.0700,186.0700,186.0100,186.02,1312.95,1753512419999,244255.416900,442,484.81,90197.009200,0
1753512420000,186.0200,186.0200,185.8400,185.95,9753.99,1753512479999,1813539.933800,1413,2623.06,487651.823200,0
1753512480000,185.9600,186.0700,185.9500,186.07,4669.37,1753512539999,868617.978500,695,2917.86,542807.304700,0
1753512540000,186.0700,186.1400,186.0400,186.14,3784.40,1753512599999,704220.772600,728,2003.71,372858.954200,0
1753512600000,186.1500,186.1500,186.0000,186.0,8613.15,1753512659999,1602464.290100,910,6173.85,1148624.671000,0
1753512660000,186.0100,186.1700,186.0000,186.05,13827.73,1753512719999,2573253.790900,1237,7581.18,1410830.722600,0
1753512720000,186.0500,186.0500,185.9600,185.99,2422.59,1753512779999,450619.586900,678,691.95,128708.714000,0
1753512780000,186.0000,186.0900,185.9900,186.08,2907.89,1753512839999,541007.345300,413,1281.86,238464.546500,0
1753512840000,186.0900,186.0900,185.9500,186.01,5695.03,1753512899999,1059372.528400,731,1228.54,228500.977600,0
1753512900000,186.0100,186.0100,185.9900,186.0,2131.76,1753512959999,396510.300900,309,564.29,104961.418300,0
1753512960000,186.0100,186.0100,185.9200,185.97,3196.34,1753513019999,594346.736100,586,1197.37,222650.243100,0
1753513020000,185.9700,186.0700,185.9300,186.05,4083.09,1753513079999,759483.862900,763,1479.22,275146.053600,0
1753513080000,186.0400,186.0600,185.9500,186.05,3408.20,1753513139999,633944.882800,695,762.16,141761.600900,0
1753513140000,186.0500,186.0700,186.0100,186.04,2672.61,1753513199999,497234.542400,454,278.44,51804.720200,0
1753513200000,186.0400,186.1500,186.0300,186.15,3603.16,1753513259999,670442.537400,798,2808.49,522587.211400,0
1753513260000,186.1500,186.1900,186.1000,186.19,4195.95,1753513319999,781075.108500,791,2512.62,467732.098800,0
1753513320000,186.2000,186.2000,186.1200,186.12,2361.05,1753513379999,439577.344800,624,1029.55,191684.362700,0
1753513380000,186.1300,186.1800,186.1000,186.14,1616.52,1753513439999,300913.219000,519,885.47,164825.543500,0
1753513440000,186.1400,186.2500,186.1400,186.25,3597.35,1753513499999,669826.720100,525,2563.47,477337.621800,0
1753513500000,186.2500,186.3100,186.2200,186.3,3275.85,1753513559999,610113.217200,578,2843.74,529632.622700,0
1753513560000,186.3100,186.4500,186.3000,186.45,4710.20,1753513619999,877851.249300,899,4077.45,759930.565400,0
1753513620000,186.4600,186.4600,186.3600,186.4,5458.06,1753513679999,1017413.962900,793,2059.35,383870.521500,0
1753513680000,186.4000,186.4000,186.3000,186.35,6360.27,1753513739999,1185300.423400,751,3039.61,566489.943900,0
1753513740000,186.3500,186.4000,186.3400,186.35,2524.41,1753513799999,470509.026600,425,1477.80,275440.905200,0
1753513800000,186.3600,186.4500,186.3500,186.45,3063.96,1753513859999,571153.309000,508,2012.00,375054.227200,0
1753513860000,186.4500,186.4800,186.4500,186.47,1389.88,1753513919999,259169.201700,363,1054.08,196552.575700,0
1753513920000,186.4800,186.5000,186.4000,186.45,4733.40,1753513979999,882605.995100,897,1835.13,342204.865900,0
1753513980000,186.4400,186.5800,186.4400,186.56,3064.31,1753514039999,571624.237500,643,2295.36,428174.448300,0
1753514040000,186.5600,186.8400,186.5500,186.75,16180.24,1753514099999,3021466.958200,1885,11677.62,2180349.755900,0
1753514100000,186.7400,186.7500,186.5000,186.62,6032.54,1753514159999,1125620.104600,1613,1997.69,372718.730700,0
1753514160000,186.6200,186.6200,186.3800,186.49,6144.07,1753514219999,1145518.603400,947,1801.51,335903.810500,0
1753514220000,186.4900,186.5200,186.4100,186.41,2402.94,1753514279999,448069.369700,530,599.39,111779.743600,0
1753514280000,186.4200,186.4200,186.3100,186.36,1418.75,1753514339999,264407.676000,538,385.90,71915.939200,0
1753514340000,186.3700,186.3900,186.3100,186.31,4070.87,1753514399999,758618.902100,511,2418.84,450769.040300,0
1753514400000,186.3200,186.4100,186.2800,186.38,2388.05,1753514459999,445011.724500,573,1045.71,194866.834100,0
1753514460000,186.3700,186.3900,186.2800,186.38,1857.81,1753514519999,346183.583700,620,872.71,162620.681500,0
1753514520000,186.3900,186.3900,186.2700,186.27,3688.35,1753514579999,687269.358000,597,1198.91,223414.027800,0
1753514580000,186.2700,186.4000,186.2700,186.37,2262.32,1753514639999,421555.696500,486,1326.85,247240.020600,0
1753514640000,186.3600,186.3900,186.3200,186.33,1133.42,1753514699999,211222.958900,405,429.93,80119.367600,0
1753514700000,186.3200,186.4000,186.3000,186.39,3980.90,1753514759999,741914.434500,524,1750.77,326277.684800,0
1753514760000,186.4000,186.5200,186.3600,186.51,2503.25,1753514819999,466686.905300,595,1884.76,351381.112700,0
1753514820000,186.5200,186.5800,186.4900,186.55,2394.48,1753514879999,446675.475400,659,1330.78,248246.339100,0
1753514880000,186.5600,186.6200,186.5000,186.5,3445.95,1753514939999,642901.057200,607,1654.70,308729.201400,0
1753514940000,186.5000,186.5100,186.4300,186.48,4234.16,1753514999999,789595.651200,613,1821.50,339673.594500,0
1753515000000,186.4900,186.5500,186.4200,186.42,4123.43,1753515059999,768940.253100,798,496.81,92663.142900,0
1753515060000,186.4200,186.5000,186.2900,186.44,28182.28,1753515119999,5252871.296900,1473,9164.71,1708410.260400,0
1753515120000,186.4400,186.5600,186.4400,186.47,3250.94,1753515179999,606341.694100,744,1251.44,233391.893800,0
1753515180000,186.4800,186.6700,186.4700,186.61,4623.91,1753515239999,862710.186900,725,1715.33,320043.787700,0
1753515240000,186.6100,186.6200,186.3800,186.4,3590.68,1753515299999,669629.708400,809,672.64,125412.572900,0
1753515300000,186.3900,186.4000,186.2500,186.27,3938.46,1753515359999,733829.833200,814,558.59,104083.102800,0
1753515360000,186.2600,186.2700,186.2000,186.2,3198.02,1753515419999,595550.105100,795,1583.79,294935.936700,0
1753515420000,186.2100,186.2100,186.0800,186.14,5980.49,1753515479999,1113218.831800,912,2296.86,427528.504700,0
1753515480000,186.1400,186.2800,186.1400,186.27,3126.73,1753515539999,582163.802100,577,1655.81,308298.998300,0
1753515540000,186.2800,186.2900,186.1300,186.18,6931.89,1753515599999,1290810.647500,884,1792.12,333786.234300,0
1753515600000,186.1800,186.3200,186.1800,186.32,12819.07,1753515659999,2387235.177000,629,11844.65,2205746.937100,0
1753515660000,186.3300,186.4400,186.3200,186.43,2403.24,1753515719999,447963.312500,689,884.39,164842.668800,0
1753515720000,186.4300,186.5600,186.4300,186.55,4506.99,1753515779999,840554.063300,626,3749.57,699311.578000,0
1753515780000,186.5500,186.6700,186.5500,186.64,7661.32,1753515839999,1429746.605500,892,5277.62,984914.690700,0
1753515840000,186.6400,186.6400,186.4900,186.53,2393.06,1753515899999,446378.932700,679,731.10,136360.297800,0
1753515900000,186.5300,186.6100,186.5300,186.58,3083.94,1753515959999,575349.871800,492,2111.54,393935.757000,0
1753515960000,186.5800,186.6600,186.5300,186.57,5963.37,1753516019999,1112833.799200,777,2982.42,556605.118100,0
1753516020000,186.5700,186.5700,186.4600,186.48,2289.63,1753516079999,427036.515700,472,1058.63,197434.221400,0
1753516080000,186.4800,186.4800,186.4100,186.47,2624.83,1753516139999,489409.965100,512,1465.23,273199.418800,0
1753516140000,186.4700,186.5000,186.4400,186.45,4098.13,1753516199999,764224.738700,517,2513.81,468787.596600,0
1753516200000,186.4400,186.5400,186.4400,186.46,1469.21,1753516259999,274012.597300,493,888.48,165701.951100,0
1753516260000,186.4700,186.5500,186.4400,186.44,2276.45,1753516319999,424514.869900,537,1303.71,243123.967100,0
1753516320000,186.4500,186.4600,186.4000,186.41,1310.53,1753516379999,244323.674700,471,534.88,99718.892000,0
1753516380000,186.4000,186.4900,186.4000,186.43,1510.38,1753516439999,281599.735400,400,616.12,114879.734800,0
1753516440000,186.4400,186.4400,186.3800,186.38,2181.52,1753516499999,406686.423600,287,1441.76,268790.566900,0
1753516500000,186.3900,186.5100,186.3800,186.46,1981.43,1753516559999,369404.724300,519,1233.62,229983.196200,0
1753516560000,186.4600,186.4600,186.4300,186.45,833.08,1753516619999,155327.309000,319,424.05,79063.990000,0
1753516620000,186.4600,186.5100,186.4500,186.48,1191.93,1753516679999,222268.179200,352,497.30,92733.926300,0
1753516680000,186.4900,186.4900,186.3900,186.41,5951.24,1753516739999,1109489.368200,524,1696.76,316363.563800,0
1753516740000,186.4200,186.4200,186.3200,186.41,2912.55,1753516799999,542789.799500,585,802.70,149592.923800,0
1753516800000,186.4100,186.5500,186.4100,186.53,5651.27,1753516859999,1054012.641200,745,3804.23,709545.722200,0
1753516860000,186.5200,186.5700,186.4900,186.56,2497.60,1753516919999,465854.951700,415,1843.80,343904.001800,0
1753516920000,186.5600,186.5800,186.5100,186.53,4438.12,1753516979999,827873.691600,618,1782.16,332431.030700,0
1753516980000,186.5400,186.5700,186.5100,186.57,1658.12,1753517039999,309284.693600,409,1272.48,237353.447000,0
1753517040000,186.5600,186.5700,186.4600,186.46,2569.26,1753517099999,479192.119600,500,873.54,162917.638300,0
1753517100000,186.4600,186.5500,186.4400,186.54,2002.52,1753517159999,373456.237000,473,1618.75,301887.185100,0
1753517160000,186.5500,186.6500,186.5300,186.63,2656.39,1753517219999,495690.870500,557,1526.20,284799.005800,0
1753517220000,186.6200,186.6300,186.5800,186.63,2541.78,1753517279999,474324.717200,472,1427.40,266376.396600,0
1753517280000,186.6300,186.6500,186.5600,186.63,3084.97,1753517339999,575720.645400,502,1526.37,284857.701300,0
1753517340000,186.6200,186.6300,186.5200,186.55,3696.26,1753517399999,689555.866400,667,1389.23,259158.077000,0
1753517400000,186.5500,186.6000,186.5300,186.57,2073.76,1753517459999,386880.274900,534,1039.73,193975.122300,0
1753517460000,186.5800,186.5800,186.4400,186.46,4992.19,1753517519999,930958.326900,759,773.69,144264.572600,0
1753517520000,186.4600,186.5800,186.4600,186.58,1690.40,1753517579999,315251.952300,483,958.92,178836.438900,0
1753517580000,186.5800,186.6000,186.5400,186.58,1800.81,1753517639999,335997.351100,503,665.05,124080.911500,0
1753517640000,186.5800,186.5900,186.5500,186.58,1536.45,1753517699999,286660.610900,358,215.16,40143.706600,0
1753517700000,186.5800,186.6700,186.5500,186.65,6889.65,1753517759999,1285741.334900,905,4830.54,901476.685000,0
1753517760000,186.6400,186.8400,186.6400,186.83,12402.42,1753517819999,2315984.459600,957,11095.07,2071811.542500,0
1753517820000,186.8300,186.9200,186.8000,186.91,21630.38,1753517879999,4042076.688500,1207,8212.65,1534519.571400,0
1753517880000,186.9200,187.0400,186.8200,186.98,28175.78,1753517939999,5266429.728200,2546,12867.67,2405319.860900,0
1753517940000,186.9800,187.1500,186.9300,186.96,23462.85,1753517999999,4388661.290800,1974,13656.85,2554466.410500,0
1753518000000,186.9500,186.9500,186.7700,186.88,7977.16,1753518059999,1490478.221700,1058,3740.93,698971.511700,0
1753518060000,186.8800,186.9700,186.8600,186.93,6771.44,1753518119999,1265673.652800,1040,3050.91,570259.907700,0
1753518120000,186.9400,187.1000,186.9300,187.03,17894.95,1753518179999,3346318.938300,1605,13445.08,2514190.102600,0
1753518180000,187.0300,187.0400,186.9600,187.0,3666.86,1753518239999,685735.909800,595,1884.72,352468.070600,0
1753518240000,187.0000,187.0100,186.8000,186.85,5088.22,1753518299999,950938.087800,737,1973.08,368704.184700,0
1753518300000,186.8600,186.9900,186.8500,186.91,3816.66,1753518359999,713506.562900,797,2542.12,475239.445500,0
1753518360000,186.9000,186.9600,186.8800,186.94,4341.55,1753518419999,811527.806500,647,2640.98,493640.443100,0
1753518420000,186.9400,187.1700,186.8900,187.15,7528.93,1753518479999,1408434.339800,1150,5319.84,995263.154800,0
1753518480000,187.1400,187.2500,187.0500,187.11,12026.13,1753518539999,2251058.873500,1589,7758.11,1452258.628900,0
1753518540000,187.1100,187.1800,187.0800,187.17,5909.37,1753518599999,1105865.176600,720,4625.82,865659.688600,0
1753518600000,187.1800,187.2700,187.1700,187.25,7092.76,1753518659999,1328006.547400,1472,4742.73,887989.855000,0
1753518660000,187.2500,187.2800,187.1000,187.14,9711.17,1753518719999,1817868.189700,1046,2486.14,465382.886500,0
1753518720000,187.1500,187.1500,187.0100,187.08,7942.99,1753518779999,1485962.491000,1030,4574.34,855766.294400,0
1753518780000,187.0900,187.1300,186.9700,187.06,12013.64,1753518839999,2247549.580200,1066,6763.47,1265360.367400,0
1753518840000,187.0600,187.1000,187.0000,187.1,2583.57,1753518899999,483251.282700,661,1177.35,220221.501700,0
1753518900000,187.0900,187.1600,187.0200,187.05,5525.68,1753518959999,1033726.162500,753,4151.70,776699.110600,0
1753518960000,187.0600,187.0900,187.0000,187.02,7211.84,1753519019999,1348835.298300,744,824.30,154180.603400,0
1753519020000,187.0200,187.0600,186.9700,187.06,6727.70,1753519079999,1258115.964100,718,2869.78,536700.189200,0
1753519080000,187.0600,187.0800,187.0000,187.04,2156.01,1753519139999,403240.784300,509,1273.29,238141.499600,0
1753519140000,187.0400,187.0700,186.9800,187.07,10940.12,1753519199999,2045951.888600,693,3536.03,661308.432000,0
1753519200000,187.0600,187.1200,187.0100,187.12,7172.31,1753519259999,1341612.320000,765,2410.80,450969.313900,0
1753519260000,187.1100,187.2100,187.1100,187.19,4334.06,1753519319999,811234.077200,836,3035.98,568258.639800,0
1753519320000,187.1900,187.2100,187.1700,187.18,4849.56,1753519379999,907781.213100,637,2281.92,427140.864200,0
1753519380000,187.1900,187.1900,187.1100,187.17,4839.84,1753519439999,905698.756500,760,2825.59,528764.445700,0
1753519440000,187.1700,187.2000,187.1400,187.17,3682.95,1753519499999,689382.191500,572,1878.32,351595.954200,0
1753519500000,187.1800,187.2000,187.1000,187.18,3429.80,1753519559999,641847.679100,1216,1753.53,328134.754000,0
1753519560000,187.1800,187.4800,187.1800,187.45,34955.38,1753519619999,6550176.310200,2657,31519.48,5906306.452400,0
1753519620000,187.4500,187.5000,187.4400,187.48,14942.49,1753519679999,2801316.455900,1301,11953.03,2240882.431700,0
1753519680000,187.4900,187.5300,187.4500,187.53,11105.68,1753519739999,2082212.668120,1143,8260.97,1548910.744820,0
1753519740000,187.5200,187.7200,187.4800,187.71,25051.37,1753519799999,4700731.026060,2805,19882.37,3730791.416060,0
1753519800000,187.7100,187.7700,187.6800,187.71,16194.59,1753519859999,3040048.710100,1541,9865.77,1851999.210100,0
1753519860000,187.7100,187.8100,187.6800,187.77,22762.51,1753519919999,4273578.243600,2119,14547.13,2731274.324000,0
1753519920000,187.7700,187.8300,187.6800,187.81,13252.53,1753519979999,2488163.614100,2228,7240.08,1359366.773900,0
1753519980000,187.8100,187.9100,187.7800,187.85,16084.33,1753520039999,3021260.546800,6669,9588.82,1801203.462000,0
1753520040000,187.8400,187.8500,187.7700,187.77,5404.68,1753520099999,1015060.784900,862,1812.90,340501.934800,0
1753520100000,187.7800,187.7800,187.6200,187.67,26330.07,1753520159999,4941654.261800,2100,8105.19,1521185.593400,0
1753520160000,187.6700,187.7400,187.6400,187.65,11514.73,1753520219999,2160982.008000,1013,3710.42,696332.473800,0
1753520220000,187.6400,187.7700,187.6300,187.77,9850.84,1753520279999,1848957.015600,927,6440.48,1208806.388200,0
1753520280000,187.7600,187.8200,187.6900,187.82,6662.18,1753520339999,1250859.377900,748,3488.71,655029.135800,0
1753520340000,187.8200,187.9900,187.8100,187.96,24755.31,1753520399999,4651782.479800,1806,20187.60,3793497.040300,0
1753520400000,187.9700,188.3800,187.9600,188.21,69297.70,1753520459999,13038468.499400,5937,50499.96,9501481.492500,0
1753520460000,188.2000,188.2400,188.0000,188.04,49378.43,1753520519999,9289656.641500,2222,13021.52,2449523.245800,0
1753520520000,188.0500,188.0800,187.8100,187.82,22283.61,1753520579999,4188814.011700,1705,9479.46,1781896.590600,0
1753520580000,187.8200,187.8700,187.6100,187.7,14860.65,1753520639999,2789734.028200,1708,5320.65,998809.052900,0
1753520640000,187.7000,187.7200,187.5300,187.54,14713.87,1753520699999,2760401.109200,1341,4971.81,932802.894500,0
1753520700000,187.5500,187.5900,187.4200,187.53,17096.35,1753520759999,3205666.791200,1643,9189.33,1723068.463400,0
1753520760000,187.5200,187.9100,187.5000,187.69,17986.88,1753520819999,3376205.614800,2051,11254.83,2112407.261000,0
1753520820000,187.7000,187.8000,187.6700,187.74,7301.43,1753520879999,1370614.467100,842,5041.79,946372.920300,0
1753520880000,187.7500,187.9500,187.6400,187.95,15831.19,1753520939999,2971816.174800,1493,11077.96,2079559.956900,0
1753520940000,187.9500,188.3400,187.9100,188.3,38268.18,1753520999999,7201590.709300,3263,18512.99,3483566.697100,0
1753521000000,188.3000,188.6800,188.2700,188.33,45630.20,1753521059999,8600859.008900,4471,31566.47,5949895.157400,0
1753521060000,188.3300,188.4300,188.2500,188.39,15498.81,1753521119999,2919195.569100,1502,8749.24,1647852.262200,0
1753521120000,188.4000,188.5300,188.4000,188.47,15912.44,1753521179999,2998775.853300,1391,8445.86,1591647.250000,0
1753521180000,188.4800,188.5900,188.3700,188.47,19760.19,1753521239999,3724631.257700,1767,12921.37,2435692.062300,0
1753521240000,188.4700,188.6800,188.4500,188.56,22873.61,1753521299999,4313108.954600,1779,16709.50,3150803.640200,0
1753521300000,188.5600,188.8200,188.5000,188.72,29042.41,1753521359999,5479265.140300,3414,15407.36,2907208.949400,0
1753521360000,188.7300,188.7500,188.4500,188.68,16098.02,1753521419999,3035703.889500,1729,5426.35,1023286.290100,0
1753521420000,188.6800,188.7200,188.5900,188.65,13507.84,1753521479999,2548558.045300,1227,5822.33,1098544.079500,0
1753521480000,188.6600,188.6600,188.3400,188.43,16351.02,1753521539999,3081544.325200,1787,7602.90,1432885.908900,0
1753521540000,188.4200,188.4300,188.2200,188.35,14407.82,1753521599999,2712906.399000,1517,6473.71,1218885.270900,0
1753521600000,188.3500,188.3600,188.2000,188.21,11459.18,1753521659999,2157442.675600,1078,3756.82,707347.292200,0
1753521660000,188.2100,188.3700,188.1400,188.29,17966.12,1753521719999,3381624.110700,1720,8699.88,1637521.270500,0
1753521720000,188.2900,188.3800,188.2300,188.37,10072.48,1753521779999,1896733.204000,1054,4419.94,832330.967900,0
1753521780000,188.3700,188.4000,188.2800,188.31,5016.25,1753521839999,944799.129900,717,2549.79,480240.328500,0
1753521840000,188.3200,188.3200,188.1600,188.22,8031.51,1753521899999,1511893.737400,831,3025.82,569520.799500,0
1753521900000,188.2300,188.2600,188.1000,188.2,7514.18,1753521959999,1414009.457000,1128,3959.43,745121.371200,0
1753521960000,188.2000,188.2000,188.0400,188.18,10996.84,1753522019999,2068400.114600,1367,5907.00,1111061.517200,0
1753522020000,188.1800,188.2100,188.0700,188.07,6554.65,1753522079999,1233166.866500,875,3030.14,570102.693000,0
1753522080000,188.0700,188.0800,187.9900,187.99,4474.27,1753522139999,841315.921500,736,633.63,119165.165500,0
1753522140000,187.9900,188.0700,187.9900,188.04,4544.93,1753522199999,854553.558200,611,2678.28,503558.917000,0
1753522200000,188.0500,188.0900,187.8500,187.85,17377.37,1753522259999,3266437.305500,2301,5832.61,1096471.072100,0
1753522260000,187.8500,188.2700,187.8500,188.2,26154.40,1753522319999,4919649.082200,2303,15641.63,2942386.589300,0
1753522320000,188.2100,188.2400,188.0100,188.02,22799.87,1753522379999,4288911.220300,1604,7717.51,1451649.781000,0
1753522380000,188.0300,188.2500,187.9900,188.2,22779.87,1753522439999,4285062.253800,1712,13854.11,2606279.091400,0
1753522440000,188.2000,188.3800,188.1900,188.33,9366.34,1753522499999,1763466.514900,1162,7544.31,1420352.753900,0
1753522500000,188.3200,188.4400,188.3200,188.43,9692.53,1753522559999,1826053.744900,833,6634.97,1250000.221700,0
1753522560000,188.4200,188.4300,188.3000,188.3,7570.67,1753522619999,1425980.359500,869,2018.09,380138.403800,0
1753522620000,188.3100,188.3300,188.2100,188.33,5851.16,1753522679999,1101510.172900,971,3989.03,750962.544300,0
1753522680000,188.3300,188.4600,188.3200,188.43,6251.00,1753522739999,1177662.598000,812,5579.59,1051183.360300,0
1753522740000,188.4300,188.4400,188.4100,188.42,2538.51,1753522799999,478308.622200,506,1266.09,238559.639400,0
1753522800000,188.4100,188.7200,188.4100,188.65,19065.44,1753522859999,3595367.527200,1843,13899.07,2621197.275300,0
1753522860000,188.6400,188.6900,188.6000,188.64,5634.87,1753522919999,1063038.754800,848,3373.30,636389.525400,0
1753522920000,188.6300,188.7700,188.6300,188.67,7221.68,1753522979999,1362929.862600,1023,4267.32,805358.194800,0
1753522980000,188.6700,188.9300,188.6000,188.8,25227.50,1753523039999,4762512.982200,2233,13163.09,2485115.890100,0
1753523040000,188.8000,188.8700,188.7800,188.8,10798.68,1753523099999,2038827.108300,913,7161.00,1351996.122600,0
1753523100000,188.8100,188.9700,188.7600,188.96,23965.81,1753523159999,4526434.876200,2394,15111.79,2854271.900600,0
1753523160000,188.9500,189.1600,188.7700,188.77,41992.75,1753523219999,7936754.973560,4139,23350.97,4413699.555560,0
1753523220000,188.7700,188.9300,188.7700,188.9,13863.58,1753523279999,2618157.141800,1570,9508.89,1795754.939600,0
1753523280000,188.8900,188.9000,188.6700,188.71,14632.33,1753523339999,2761712.941500,1503,5316.91,1003409.820900,0
1753523340000,188.7200,188.7700,188.6800,188.73,8499.43,1753523399999,1604129.914500,710,3866.92,729782.785300,0
1753523400000,188.7300,188.7300,188.6000,188.6,10638.60,1753523459999,2007204.488900,1090,4234.99,799006.979000,0
1753523460000,188.6000,188.8400,188.5600,188.77,10783.22,1753523519999,2034897.959200,1299,6986.99,1318558.409200,0
1753523520000,188.7700,188.8300,188.6600,188.83,7961.51,1753523579999,1502596.010900,841,4622.34,872419.331500,0
1753523580000,188.8200,188.9000,188.7900,188.84,4700.87,1753523639999,887743.453900,642,2686.71,507379.519600,0
1753523640000,188.8400,188.9500,188.8200,188.84,4619.93,1753523699999,872517.959400,901,3259.05,615474.789300,0
1753523700000,188.8400,188.9100,188.7600,188.89,8646.23,1753523759999,1632610.539900,1001,3692.51,697274.701000,0
1753523760000,188.8800,188.9300,188.8700,188.89,4206.53,1753523819999,794576.572700,712,2162.69,408513.799200,0
1753523820000,188.9000,188.9500,188.8900,188.95,3739.59,1753523879999,706442.808800,591,2684.21,507075.118300,0
1753523880000,188.9400,189.0400,188.9000,189.04,7246.60,1753523939999,1369389.017800,887,4379.60,827656.915900,0
1753523940000,189.0300,189.0500,188.9400,188.94,6929.43,1753523999999,1309723.321600,897,2064.99,390347.111800,0
1753524000000,188.9400,189.1500,188.9400,189.14,14680.85,1753524059999,2775668.619400,1632,10512.97,1987564.130100,0
1753524060000,189.1400,189.3200,189.0900,189.29,30434.54,1753524119999,5758742.830100,2546,22262.29,4212338.057600,0
1753524120000,189.2900,189.3700,189.2100,189.36,16292.24,1753524179999,3084260.224700,3075,8882.60,1681609.844200,0
1753524180000,189.3600,189.3800,189.1800,189.36,30226.00,1753524239999,5721017.398400,6955,18699.26,3539148.308300,0
1753524240000,189.3600,189.4900,189.2900,189.48,17040.85,1753524299999,3227244.700720,2769,11225.23,2125818.271520,0
1753524300000,189.4800,189.6500,189.4300,189.43,40541.41,1753524359999,7683920.204700,2815,19694.71,3733010.453000,0
1753524360000,189.4200,189.5600,189.2000,189.22,42823.05,1753524419999,8112395.384700,2261,6684.39,1266482.160900,0
1753524420000,189.2200,189.2200,189.0400,189.05,36971.30,1753524479999,6991189.417300,2350,13255.61,2506563.657300,0
1753524480000,189.0400,189.1500,188.9600,189.09,21357.23,1753524539999,4036909.354400,1886,5312.92,1004256.740200,0
1753524540000,189.0800,189.4300,189.0800,189.38,31438.00,1753524599999,5950513.758500,2481,25162.31,4762465.320900,0
1753524600000,189.3700,189.3900,189.2400,189.35,13176.61,1753524659999,2494360.231200,1388,6066.37,1148312.012000,0
1753524660000,189.3500,189.5800,189.3500,189.55,10733.66,1753524719999,2033806.054100,1202,8842.71,1675465.202300,0
1753524720000,189.5500,189.7500,189.5200,189.73,28692.44,1753524779999,5441330.739700,2649,17236.35,3268853.237900,0
1753524780000,189.7300,189.7500,189.3400,189.38,11648.76,1753524839999,2207439.384200,2064,4711.67,892725.877000,0
1753524840000,189.3800,189.4600,189.3200,189.32,5499.49,1753524899999,1041527.688400,878,2620.18,496234.054900,0
1753524900000,189.3200,189.5000,189.3200,189.37,9806.38,1753524959999,1857413.165800,1132,6706.85,1270346.182800,0
1753524960000,189.3700,189.4100,189.2800,189.28,28471.70,1753525019999,5391133.357000,2009,4986.96,944316.298500,0
1753525020000,189.2800,189.2800,189.0500,189.06,22083.22,1753525079999,4176282.397100,1923,6652.18,1257967.038200,0
1753525080000,189.0700,189.1800,189.0100,189.18,7399.39,1753525139999,1399041.646300,1063,3571.90,675416.123600,0
1753525140000,189.1800,189.2000,189.0900,189.1,4475.31,1753525199999,846511.977300,730,1003.88,189906.516300,0
1753525200000,189.0900,189.1700,189.0600,189.08,4188.20,1753525259999,792010.031400,822,1905.25,360292.898700,0
1753525260000,189.0900,189.2600,188.9800,189.24,44906.72,1753525319999,8491245.189800,2576,10934.27,2067947.156500,0
1753525320000,189.2300,189.2400,189.0800,189.22,5044.82,1753525379999,954252.566100,772,2601.33,492047.734900,0
1753525380000,189.2100,189.2500,189.1600,189.17,7874.47,1753525439999,1489917.533200,703,4117.90,779094.834300,0
1753525440000,189.1800,189.2300,189.0800,189.09,6340.42,1753525499999,1199330.586800,745,3363.58,636296.388300,0
1753525500000,189.0800,189.1600,189.0600,189.06,5074.14,1753525559999,959511.228100,757,2953.33,558476.327200,0
1753525560000,189.0600,189.1500,189.0100,189.05,5981.18,1753525619999,1130800.468300,842,2970.04,561547.350600,0
1753525620000,189.0500,189.0500,188.9500,189.0,7247.89,1753525679999,1369784.429700,947,2833.15,535440.913400,0
1753525680000,188.9900,189.0300,188.8300,188.93,14973.97,1753525739999,2828878.905000,1767,5181.52,979031.107400,0
1753525740000,188.9300,188.9600,188.8300,188.91,8188.57,1753525799999,1546687.480800,979,2400.93,453535.236900,0
1753525800000,188.9000,189.0100,188.8500,189.01,14448.02,1753525859999,2729693.428500,1254,9495.90,1794026.246700,0
1753525860000,189.0100,189.0300,188.9500,189.01,4920.47,1753525919999,929965.531600,997,2769.38,523423.398200,0
1753525920000,189.0100,189.1800,189.0100,189.06,4799.98,1753525979999,907666.330300,1591,2263.00,427934.103500,0
1753525980000,189.0600,189.2000,188.8500,188.86,22662.06,1753526039999,4284876.232200,2244,11404.87,2156476.730700,0
1753526040000,188.8600,189.0800,188.7800,189.01,12184.74,1753526099999,2301906.921100,1569,4464.97,843532.735400,0
1753526100000,189.0000,189.0900,188.9300,188.98,9737.32,1753526159999,1840590.102500,1169,2330.12,440412.642400,0
1753526160000,188.9800,189.1700,188.9500,189.14,14118.84,1753526219999,2668891.440900,1232,4450.61,841319.684500,0
1753526220000,189.1400,189.3000,189.0000,189.01,26685.14,1753526279999,5047987.358900,1667,17060.57,3227137.748400,0
1753526280000,189.0000,189.1200,188.9500,189.11,5427.52,1753526339999,1025922.542600,898,3836.96,725293.663500,0
1753526340000,189.1100,189.3500,189.0700,189.35,18563.96,1753526399999,3513152.168900,1454,13871.70,2625258.839400,0
1753526400000,189.3400,189.3500,189.1600,189.23,10754.71,1753526459999,2035445.285500,1455,4192.08,793391.647900,0
1753526460000,189.2400,189.2600,188.9500,189.22,22536.78,1753526519999,4261454.576600,2429,8550.51,1616648.096900,0
1753526520000,189.2200,189.3100,189.0800,189.09,14894.45,1753526579999,2818220.480700,2016,6285.61,1189378.232000,0
1753526580000,189.0900,189.1800,188.8700,188.98,19449.84,1753526639999,3676483.026300,2197,8362.82,1580826.337800,0
1753526640000,188.9700,189.0400,188.9200,188.92,11826.09,1753526699999,2234973.399600,1422,5028.71,950353.777300,0
1753526700000,188.9200,188.9600,188.7300,188.74,20937.83,1753526759999,3954044.937400,2726,8108.25,1531320.224700,0
1753526760000,188.7500,188.9000,188.6600,188.69,12041.63,1753526819999,2272874.643400,1515,4558.89,860631.989300,0
1753526820000,188.6900,188.7200,188.5000,188.5,30224.39,1753526879999,5700090.060800,2421,8197.58,1546026.066600,0
1753526880000,188.5000,188.5500,188.4200,188.45,30355.01,1753526939999,5721300.316500,2148,10162.46,1915476.910900,0
1753526940000,188.4500,188.4600,188.3400,188.34,19825.53,1753526999999,3734853.355300,1761,3740.87,704723.208200,0
1753527000000,188.3400,188.5800,188.3200,188.51,17276.37,1753527059999,3256238.926200,1922,10258.60,1933652.171500,0
1753527060000,188.5100,188.5700,188.5100,188.57,5271.51,1753527119999,993887.012100,584,3327.20,627294.057500,0
1753527120000,188.5600,188.5700,188.4700,188.56,6319.31,1753527179999,1191398.881900,808,1792.42,337928.602000,0
1753527180000,188.5600,188.5700,188.4400,188.44,6777.61,1753527239999,1277813.862100,752,1797.75,338950.490700,0
1753527240000,188.4400,188.5200,188.4100,188.41,4815.83,1753527299999,907609.715500,679,1773.26,334202.388600,0
1753527300000,188.4000,188.5300,188.3800,188.42,8715.82,1753527359999,1642615.822900,1028,4233.10,797750.682000,0
1753527360000,188.4300,188.4300,188.3300,188.37,7029.56,1753527419999,1324082.625500,924,2275.82,428649.364300,0
1753527420000,188.3700,188.3800,188.2500,188.27,11426.43,1753527479999,2151665.866900,1291,4642.20,874107.551700,0
1753527480000,188.2700,188.3100,188.0900,188.19,18323.60,1753527539999,3448338.566900,1852,6722.99,1265439.075000,0
1753527540000,188.1900,188.2400,188.1700,188.22,8223.65,1753527599999,1547780.185400,805,4497.05,846412.408200,0
1753527600000,188.2100,188.2500,187.8300,187.91,49719.84,1753527659999,9348546.832500,3975,10122.50,1903905.475200,0
1753527660000,187.9200,188.0600,187.8600,188.03,25828.64,1753527719999,4854455.488100,1976,10575.45,1987855.882500,0
1753527720000,188.0400,188.2100,188.0300,188.16,18024.50,1753527779999,3391617.544200,1424,11572.53,2177531.172900,0
1753527780000,188.1700,188.2000,188.0800,188.18,6314.80,1753527839999,1188209.959300,902,2144.08,403427.064900,0
1753527840000,188.1800,188.3600,188.0000,188.17,41250.81,1753527899999,7761690.744400,2373,16130.92,3035867.215000,0
1753527900000,188.1700,188.3200,188.1700,188.28,10602.43,1753527959999,1996086.882000,957,8008.65,1507773.105800,0
1753527960000,188.2900,188.3200,188.2500,188.3,8720.68,1753528019999,1641913.777700,738,4539.68,854692.372500,0
1753528020000,188.3100,188.3200,188.1700,188.31,14471.98,1753528079999,2724281.873900,923,6310.49,1187944.892700,0
1753528080000,188.3200,188.3200,188.2100,188.23,4087.09,1753528139999,769384.867000,588,1389.29,261520.162900,0
1753528140000,188.2400,188.3400,188.2300,188.31,8202.26,1753528199999,1544362.653900,710,4613.30,868547.695800,0
1753528200000,188.3100,188.3300,188.2300,188.24,10348.60,1753528259999,1948546.790200,689,5451.36,1026526.575600,0
1753528260000,188.2400,188.2400,188.2300,188.24,2092.41,1753528319999,393870.639300,415,1630.50,306925.320000,0
1753528320000,188.2400,188.2400,188.1300,188.21,9920.30,1753528379999,1866856.399900,1015,5009.66,942713.991400,0
1753528380000,188.2100,188.3300,188.2100,188.25,7438.53,1753528439999,1400493.040400,761,3466.21,652512.899700,0
1753528440000,188.2500,188.4200,188.2500,188.41,3778.25,1753528499999,711641.379400,774,1903.05,358436.018000,0
1753528500000,188.4100,188.5000,188.3600,188.38,14721.69,1753528559999,2774164.633800,1469,6886.05,1297698.690800,0
1753528560000,188.3900,188.4000,188.3100,188.33,3566.34,1753528619999,671693.848400,684,1917.37,361100.500000,0
1753528620000,188.3400,188.4000,188.2500,188.26,8509.67,1753528679999,1602687.402800,745,3995.64,752578.336200,0
1753528680000,188.2500,188.2900,188.1500,188.16,8781.65,1753528739999,1652788.509000,743,1826.37,343790.655700,0
1753528740000,188.1600,188.2100,188.0900,188.1,14716.10,1753528799999,2768679.635400,1100,4573.35,860401.389400,0
1753528800000,188.0900,188.2300,188.0300,188.16,8925.67,1753528859999,1679123.813200,996,2834.62,533185.976300,0
1753528860000,188.1500,188.2900,188.1000,188.1,7981.97,1753528919999,1502267.558700,1124,3218.81,605862.612500,0
1753528920000,188.1100,188.1200,187.9100,187.93,14615.62,1753528979999,2747755.360100,1575,5115.06,961684.199800,0
1753528980000,187.9300,187.9300,187.5600,187.63,44408.11,1753529039999,8336637.382160,3990,17609.82,3305637.166400,0
1753529040000,187.6300,187.6800,187.4400,187.56,48225.79,1753529099999,9045934.886520,3877,18285.30,3430015.745900,0
1753529100000,187.5700,187.7500,187.5600,187.62,30624.87,1753529159999,5746461.238100,2137,13819.44,2593018.100800,0
1753529160000,187.6300,187.7900,187.6200,187.76,9669.32,1753529219999,1815026.717800,4717,4551.70,854421.947300,0
1753529220000,187.7700,187.7700,187.6500,187.75,18013.02,1753529279999,3381095.650600,1196,6957.02,1305719.238100,0
1753529280000,187.7500,187.7600,187.6000,187.64,9211.73,1753529339999,1729017.134600,948,3586.29,673059.070300,0
1753529340000,187.6400,187.6700,187.6000,187.64,11647.31,1753529399999,2185440.638400,931,3998.19,750189.220900,0
1753529400000,187.6500,187.6600,187.3700,187.5,28762.77,1753529459999,5393104.809800,3169,8120.48,1522420.380300,0
1753529460000,187.5000,187.6600,187.5000,187.65,15497.50,1753529519999,2907253.306900,1325,6349.74,1191183.161200,0
1753529520000,187.6600,187.8200,187.5800,187.81,12162.65,1753529579999,2283483.634600,1164,7277.41,1366284.322200,0
1753529580000,187.8000,187.9500,187.7400,187.81,19913.44,1753529639999,3740292.540100,1699,13015.58,2444702.844600,0
1753529640000,187.8100,187.8600,187.7600,187.86,9824.27,1753529699999,1845144.864800,954,6439.79,1209459.580300,0
1753529700000,187.8600,187.9300,187.8200,187.86,16247.59,1753529759999,3052769.820900,1122,4392.39,825281.942500,0
1753529760000,187.8600,187.9200,187.8300,187.86,7361.39,1753529819999,1383025.744500,838,4530.03,851054.072000,0
1753529820000,187.8600,188.1500,187.8500,188.02,22543.17,1753529879999,4238226.025600,1870,15091.62,2837341.707100,0
1753529880000,188.0300,188.0600,187.8400,187.89,10702.26,1753529939999,2011305.960800,1358,3696.67,694697.651500,0
1753529940000,187.8900,187.9500,187.8000,187.88,11863.54,1753529999999,2228729.120300,1355,4666.56,876739.867700,0
1753530000000,187.8900,187.8900,187.7400,187.88,9752.69,1753530059999,1831639.531100,1268,3068.93,576400.998700,0
1753530060000,187.8800,187.9000,187.7200,187.9,12047.75,1753530119999,2262704.348600,1453,3106.26,583394.879500,0
1753530120000,187.9000,187.9000,187.4800,187.55,45233.43,1753530179999,8485042.741900,2624,14010.91,2627574.886700,0
1753530180000,187.5500,187.6100,187.4000,187.43,18383.40,1753530239999,3447221.370600,1808,4245.65,796322.171800,0
1753530240000,187.4300,187.5100,187.3000,187.5,16466.17,1753530299999,3085541.341300,1809,6880.50,1289306.433200,0
1753530300000,187.5000,187.6800,187.4900,187.63,10029.61,1753530359999,1881755.545600,1664,6588.58,1236090.975500,0
1753530360000,187.6300,187.6300,187.4100,187.58,11287.14,1753530419999,2116339.479900,1391,3038.14,569780.338800,0
1753530420000,187.5900,187.5900,187.3800,187.52,8329.44,1753530479999,1561622.413400,1097,3412.60,639758.903900,0
1753530480000,187.5300,187.5300,187.2400,187.38,20690.86,1753530539999,3875944.172300,1934,6023.66,1128305.931200,0
1753530540000,187.3900,187.5500,187.3800,187.5,6791.50,1753530599999,1273138.627900,882,3818.58,715758.851800,0
1753530600000,187.5000,187.6300,187.4700,187.62,7675.59,1753530659999,1439282.039600,912,3084.26,578412.183600,0
1753530660000,187.6300,187.7200,187.6200,187.72,6217.87,1753530719999,1166817.433200,945,2917.26,547457.373100,0
1753530720000,187.7300,187.7900,187.6600,187.69,10817.82,1753530779999,2030732.357000,1077,6149.61,1154359.061900,0
1753530780000,187.6900,187.7300,187.6000,187.72,12848.48,1753530839999,2411026.190000,1038,3683.07,691161.071000,0
1753530840000,187.7300,187.8800,187.7300,187.86,11171.04,1753530899999,2098238.633300,1306,9352.03,1756554.300900,0
1753530900000,187.8600,187.8800,187.7000,187.71,6799.45,1753530959999,1276891.521200,796,3099.32,581994.724800,0
1753530960000,187.7000,187.7100,187.5400,187.63,6625.13,1753531019999,1243017.662600,987,2561.98,480644.566500,0
1753531020000,187.6300,187.6400,187.5400,187.55,2108.82,1753531079999,395592.140100,452,732.75,137459.168400,0
1753531080000,187.5400,187.7100,187.5300,187.66,3306.80,1753531139999,620492.253800,620,1867.06,350302.919800,0
1753531140000,187.6600,187.7000,187.6000,187.69,2220.10,1753531199999,416583.655600,486,1435.63,269379.046500,0
1753531200000,187.6900,187.8500,187.6900,187.85,16116.37,1753531259999,3026565.651600,1953,11497.46,2159159.887200,0
1753531260000,187.8500,187.8500,187.6500,187.65,4238.11,1753531319999,795635.583700,926,2034.57,381936.237700,0
1753531320000,187.6600,187.7600,187.6400,187.71,2510.24,1753531379999,471121.031700,580,1324.32,248530.738900,0
1753531380000,187.7200,187.7500,187.5400,187.62,4265.40,1753531439999,800401.570300,902,1296.31,243253.461500,0
1753531440000,187.6200,187.6500,187.5200,187.64,4740.31,1753531499999,889201.508100,788,2709.68,508305.800900,0
1753531500000,187.6500,187.7400,187.5700,187.61,10860.80,1753531559999,2038051.403800,1311,2404.06,451101.898600,0
1753531560000,187.6100,187.7300,187.6100,187.67,3658.01,1753531619999,686448.175700,778,1499.73,281427.978700,0
1753531620000,187.6700,187.6700,187.5100,187.54,4818.89,1753531679999,903939.719600,691,1710.59,320835.389800,0
1753531680000,187.5400,187.5700,187.3800,187.38,6413.87,1753531739999,1202424.720500,1057,1844.61,345863.355400,0
1753531740000,187.3800,187.4200,187.2100,187.41,19470.30,1753531799999,3647522.482900,1815,9621.31,1802519.219100,0
1753531800000,187.4100,187.5900,187.4100,187.59,9741.50,1753531859999,1826528.932200,1165,5164.25,968212.731700,0
1753531860000,187.5800,187.7000,187.5600,187.67,4993.58,1753531919999,936960.551400,1144,2773.76,520442.433800,0
1753531920000,187.6700,187.7500,187.5800,187.73,7601.57,1753531979999,1426643.080600,1135,2784.64,522627.808800,0
1753531980000,187.7300,187.7600,187.6000,187.71,5851.16,1753532039999,1098251.780600,986,1735.85,325817.517700,0
1753532040000,187.7100,187.7300,187.6000,187.72,15782.83,1753532099999,2962015.602500,1113,4883.89,916682.662800,0
1753532100000,187.7100,187.8100,187.7000,187.81,12445.18,1753532159999,2336496.208500,1386,6772.76,1271572.694200,0
1753532160000,187.8100,187.8400,187.6800,187.69,14960.59,1753532219999,2809208.501000,1468,6009.69,1128521.270100,0
1753532220000,187.6900,187.8400,187.6500,187.83,8139.96,1753532279999,1528058.604600,968,6645.63,1247536.215700,0
1753532280000,187.8300,187.9000,187.8200,187.84,13520.66,1753532339999,2539993.101500,1148,8020.61,1506738.303300,0
1753532340000,187.8400,188.2400,187.8300,188.14,22983.60,1753532399999,4322953.561600,2439,15197.81,2858482.418300,0
1753532400000,188.1300,188.2000,188.0100,188.16,31442.58,1753532459999,5914507.452000,2302,18685.39,3514745.975800,0
1753532460000,188.1700,188.4400,188.1700,188.27,32218.60,1753532519999,6067295.443500,2479,21988.03,4140531.455100,0
1753532520000,188.2700,188.3400,188.2200,188.22,18725.50,1753532579999,3525679.072500,1350,10834.28,2039872.622500,0
1753532580000,188.2300,188.2900,188.2000,188.21,13553.86,1753532639999,2551410.470200,931,7718.76,1452918.571700,0
1753532640000,188.2100,188.3300,188.1500,188.29,11782.60,1753532699999,2217777.328900,1364,8529.80,1605549.596800,0
1753532700000,188.2900,188.3000,188.1800,188.23,8930.02,1753532759999,1681048.261000,987,4408.82,829918.181000,0
1753532760000,188.2200,188.2200,188.0900,188.11,8355.36,1753532819999,1571921.709700,1059,3474.57,653663.229800,0
1753532820000,188.1200,188.1200,188.0000,188.04,9762.63,1753532879999,1835762.836200,984,3731.98,701687.369900,0
1753532880000,188.0300,188.1600,188.0100,188.01,4510.86,1753532939999,848442.565900,742,2937.27,552467.773000,0
1753532940000,188.0200,188.0900,188.0100,188.06,9103.39,1753532999999,1711902.147100,662,6357.57,1195524.443400,0
1753533000000,188.0600,188.0700,187.8800,187.88,3999.10,1753533059999,751633.663700,772,483.71,90912.251100,0
1753533060000,187.8800,188.0400,187.8700,188.0,4970.63,1753533119999,934199.007200,808,2776.25,521705.964700,0
1753533120000,188.0000,188.0100,187.8800,187.88,2386.81,1753533179999,448518.710000,521,1319.75,247984.549700,0
1753533180000,187.8800,188.0000,187.8600,187.97,4508.71,1753533239999,847348.337600,676,2444.54,459407.313700,0
1753533240000,187.9600,188.0000,187.8700,187.91,3853.06,1753533299999,724150.471200,564,2483.84,466814.197300,0
1753533300000,187.9000,187.9900,187.8800,187.96,3577.80,1753533359999,672365.781900,560,2544.20,478131.742800,0
1753533360000,187.9600,188.0000,187.9600,187.97,5155.51,1753533419999,969147.281900,563,3566.37,670410.309100,0
1753533420000,187.9700,188.0200,187.9700,188.0,4099.68,1753533479999,770708.604200,480,2778.21,522272.648400,0
1753533480000,187.9900,188.0000,187.8100,187.82,8021.22,1753533539999,1506889.718700,1013,4680.34,879183.395100,0
1753533540000,187.8300,187.8600,187.6600,187.71,8015.71,1753533599999,1505308.203000,1027,1914.45,359521.980600,0
1753533600000,187.7100,187.7600,187.6800,187.73,3171.05,1753533659999,595261.583700,576,1539.52,288992.291800,0
1753533660000,187.7300,187.8300,187.7200,187.79,2982.54,1753533719999,560017.181400,661,1275.86,239554.714900,0
1753533720000,187.7900,187.8600,187.7500,187.82,4623.53,1753533779999,868393.157700,681,1978.34,371564.730600,0
1753533780000,187.8200,187.8600,187.8100,187.85,1508.66,1753533839999,283391.913100,443,989.41,185852.163000,0
1753533840000,187.8500,187.9200,187.8400,187.84,9061.14,1753533899999,1702401.216300,836,7165.23,1346202.090900,0
1753533900000,187.8400,187.9000,187.7700,187.86,3388.65,1753533959999,636512.040600,754,2073.97,389570.095100,0
1753533960000,187.8700,188.0400,187.8200,188.02,14371.89,1753534019999,2701081.733000,1140,9485.24,1782760.575600,0
1753534020000,188.0200,188.0300,187.9400,188.01,5324.20,1753534079999,1000881.364800,752,3267.12,614162.017700,0
1753534080000,188.0100,188.0900,187.9400,187.95,16870.73,1753534139999,3172076.861800,1538,8771.12,1649155.297000,0
1753534140000,187.9500,188.1500,187.9400,188.15,3171.94,1753534199999,596451.398100,593,2884.17,542330.352200,0
1753534200000,188.1500,188.2100,188.0100,188.02,5834.83,1753534259999,1097716.386000,913,3689.28,694083.177400,0
1753534260000,188.0200,188.0900,188.0100,188.06,4186.57,1753534319999,787279.998400,516,1573.11,295809.978900,0
1753534320000,188.0600,188.1200,188.0500,188.08,3353.91,1753534379999,630803.201400,485,2363.27,444486.105900,0
1753534380000,188.0700,188.1500,188.0700,188.12,1953.38,1753534439999,367457.322500,427,1311.44,246688.814600,0
1753534440000,188.1300,188.1300,188.0200,188.04,3854.96,1753534499999,724930.109400,474,1590.24,299031.459800,0
1753534500000,188.0400,188.0400,187.9000,187.9,4160.51,1753534559999,782125.336800,663,640.78,120444.639000,0
1753534560000,187.9000,188.0000,187.8200,187.87,7072.67,1753534619999,1328867.667500,809,2581.15,484955.438000,0
1753534620000,187.8600,187.9400,187.8600,187.93,2669.94,1753534679999,501673.602200,357,1828.92,343628.306700,0
1753534680000,187.9300,187.9500,187.7800,187.78,8193.01,1753534739999,1539232.588000,713,1300.10,244305.830300,0
1753534740000,187.7900,187.8900,187.7800,187.84,6713.07,1753534799999,1260843.851100,573,4759.11,893788.765500,0
1753534800000,187.8400,187.8500,187.7200,187.73,3466.22,1753534859999,650852.267400,632,456.81,85783.953600,0
1753534860000,187.7200,187.7300,187.5000,187.5,9451.54,1753534919999,1772962.534300,1548,999.16,187442.349200,0
1753534920000,187.5000,187.6000,187.4300,187.6,7248.07,1753534979999,1359009.114100,1280,3177.80,595859.417400,0
1753534980000,187.5900,187.7500,187.5900,187.67,18196.69,1753535039999,3414315.151500,1013,12571.34,2358535.706900,0
1753535040000,187.6700,187.9600,187.6700,187.96,12031.16,1753535099999,2259465.295300,1314,8643.82,1623231.310700,0
1753535100000,187.9600,187.9800,187.7600,187.77,7759.85,1753535159999,1457913.964900,1181,3003.70,564346.112300,0
1753535160000,187.7600,187.8900,187.7300,187.82,3907.38,1753535219999,733792.897000,794,2539.07,476794.166100,0
1753535220000,187.8200,187.8300,187.6900,187.69,4233.45,1753535279999,794947.720200,559,2361.10,443347.094000,0
1753535280000,187.6900,187.7500,187.6800,187.68,3222.68,1753535339999,604936.810900,494,1812.98,340311.116700,0
1753535340000,187.6900,187.7200,187.5900,187.6,5758.62,1753535399999,1080738.443800,696,2311.34,433772.634800,0
1753535400000,187.5900,187.6800,187.5600,187.57,9284.92,1753535459999,1741751.626300,837,3522.51,660758.706400,0
1753535460000,187.5700,187.6500,187.5100,187.53,5789.73,1753535519999,1086044.233900,877,1429.55,268120.977100,0
1753535520000,187.5300,187.6500,187.4500,187.64,4698.91,1753535579999,881222.784400,803,1430.46,268312.258800,0
1753535580000,187.6500,187.7400,187.6400,187.73,6252.66,1753535639999,1173516.929200,708,2587.68,485688.257200,0
1753535640000,187.7300,187.8000,187.6300,187.68,12738.09,1753535699999,2391178.163100,1208,5888.70,1105408.271400,0
1753535700000,187.6900,187.6900,187.5400,187.56,3645.61,1753535759999,683837.919700,668,1863.27,349517.713700,0
1753535760000,187.5600,187.6100,187.3900,187.42,13492.82,1753535819999,2529935.208700,1401,4918.87,922319.089700,0
1753535820000,187.4300,187.4700,187.3800,187.45,5965.55,1753535879999,1118135.584900,750,3400.34,637328.020700,0
1753535880000,187.4500,187.4800,187.3200,187.48,6786.88,1753535939999,1271704.125200,911,2952.54,553247.543700,0
1753535940000,187.4700,187.4700,187.3200,187.33,6141.61,1753535999999,1150919.496100,803,2717.12,509223.020600,0
1753536000000,187.3400,187.4000,187.3000,187.39,6862.85,1753536059999,1285698.318800,1062,3094.38,579733.819000,0
1753536060000,187.4000,187.4500,187.3500,187.45,5339.00,1753536119999,1000510.011000,864,2859.83,535934.449900,0
1753536120000,187.4500,187.4700,187.4200,187.44,4542.74,1753536179999,851503.357700,527,2634.61,493839.261400,0
1753536180000,187.4400,187.5200,187.4100,187.41,6423.96,1753536239999,1204208.181800,1006,2639.90,494878.285900,0
1753536240000,187.4200,187.5400,187.3800,187.45,6629.68,1753536299999,1242617.857100,730,1877.18,351884.319200,0
1753536300000,187.4600,187.4700,187.3600,187.39,7824.60,1753536359999,1466570.484600,828,2699.90,506070.661600,0
1753536360000,187.3900,187.4700,187.2500,187.26,7762.47,1753536419999,1454396.198500,879,1725.57,323371.217800,0
1753536420000,187.2500,187.3200,187.2500,187.32,3189.60,1753536479999,597366.096100,538,2172.56,406895.373200,0
1753536480000,187.3200,187.3200,187.2100,187.31,10376.86,1753536539999,1943335.453000,975,4499.98,842747.107600,0
1753536540000,187.3200,187.3700,187.2700,187.36,3358.84,1753536599999,629167.338200,609,1678.70,314452.327000,0
1753536600000,187.3600,187.4900,187.3600,187.41,4572.10,1753536659999,857011.026000,770,1921.13,360072.433500,0
1753536660000,187.4200,187.5300,187.4100,187.45,4393.19,1753536719999,823573.635100,652,1866.40,349880.233900,0
1753536720000,187.4500,187.4800,187.3800,187.44,4994.00,1753536779999,935981.472300,666,2653.35,497308.603200,0
1753536780000,187.4500,187.4700,187.3700,187.41,2589.37,1753536839999,485253.336000,503,1577.42,295603.578700,0
1753536840000,187.4200,187.5400,187.4200,187.53,6160.82,1753536899999,1155188.921900,730,2814.62,527741.572200,0
1753536900000,187.5200,187.5800,187.4800,187.58,3635.82,1753536959999,681852.700500,549,2604.06,488363.939500,0
1753536960000,187.5800,187.5800,187.5000,187.5,7883.09,1753537019999,1478398.413400,735,5923.48,1110880.729200,0
1753537020000,187.4900,187.6300,187.4900,187.63,4552.11,1753537079999,853707.486600,618,3722.55,698149.558800,0
1753537080000,187.6300,187.7800,187.6200,187.75,7823.20,1753537139999,1468482.293800,1117,4973.74,933597.492000,0
1753537140000,187.7400,187.8900,187.7300,187.86,8644.85,1753537199999,1623764.338900,993,5222.59,980983.738100,0
1753537200000,187.8500,187.9300,187.7600,187.78,13825.59,1753537259999,2597329.322300,1182,7768.62,1459592.911500,0
1753537260000,187.7700,187.9100,187.7700,187.9,5540.91,1753537319999,1040807.566500,544,2776.96,521626.200100,0
1753537320000,187.8900,187.9400,187.8800,187.91,3783.70,1753537379999,710999.947200,528,2935.29,551578.205700,0
1753537380000,187.9100,187.9900,187.8900,187.97,6691.93,1753537439999,1257731.607700,843,5383.57,1011827.671000,0
1753537440000,187.9700,188.0200,187.9500,188.01,5893.50,1753537499999,1107821.349900,751,3160.69,594138.742000,0
1753537500000,188.0200,188.1300,188.0100,188.13,4987.70,1753537559999,938009.304300,1290,4081.24,767540.087500,0
1753537560000,188.1300,188.1700,187.8200,187.88,29718.98,1753537619999,5587258.334200,1904,6260.12,1177401.901000,0
1753537620000,187.8700,187.9500,187.4900,187.56,58204.53,1753537679999,10922043.794600,2711,20712.03,3888474.581200,0
1753537680000,187.5500,187.6100,187.5300,187.54,13408.79,1753537739999,2515020.094500,858,9425.94,1767962.986300,0
1753537740000,187.5400,187.6100,187.5300,187.6,3967.41,1753537799999,744129.977800,569,2392.40,448715.020200,0
1753537800000,187.6100,187.6700,187.6100,187.64,3731.51,1753537859999,700226.820400,531,2765.61,518973.203000,0
1753537860000,187.6400,187.6500,187.5400,187.64,3333.91,1753537919999,625424.274000,655,1288.20,241659.989800,0
1753537920000,187.6400,187.6600,187.5800,187.6,4212.19,1753537979999,790282.177900,678,1731.11,324795.038400,0
1753537980000,187.6000,187.6100,187.5000,187.5,1842.80,1753538039999,345626.488600,355,937.86,175906.574700,0
1753538040000,187.5000,187.5100,187.3400,187.42,14155.95,1753538099999,2653245.369700,1135,2367.40,443681.716200,0
1753538100000,187.4200,187.4500,187.4100,187.44,3174.58,1753538159999,595004.893100,455,2265.10,424540.466600,0
1753538160000,187.4400,187.5300,187.4200,187.52,3646.14,1753538219999,683450.581200,591,2202.07,412785.498400,0
1753538220000,187.5300,187.6000,187.5200,187.56,9289.27,1753538279999,1742131.352300,685,2690.05,504498.176000,0
1753538280000,187.5500,187.5600,187.4000,187.44,6906.63,1753538339999,1294816.815100,775,1700.90,318842.077100,0
1753538340000,187.4400,187.5400,187.4400,187.48,7629.91,1753538399999,1430501.980800,622,5637.44,1056921.933000,0
1753538400000,187.4800,187.5500,187.4800,187.54,5774.64,1753538459999,1082871.451300,679,2883.62,540767.353900,0
1753538460000,187.5400,187.5400,187.2800,187.28,6308.55,1753538519999,1182000.481700,969,1463.15,274161.410900,0
1753538520000,187.2700,187.2800,186.7700,187.05,78767.94,1753538579999,14729134.288100,6152,19774.83,3698458.931600,0
1753538580000,187.0600,187.2200,186.9200,187.19,21200.84,1753538639999,3965600.774000,2320,5913.08,1106213.913100,0
1753538640000,187.1900,187.3000,187.1400,187.18,5319.52,1753538699999,995876.120300,1077,2410.83,451312.908800,0
1753538700000,187.1900,187.3800,187.1900,187.28,5380.84,1753538759999,1007814.896100,995,3301.01,618244.357200,0
1753538760000,187.2800,187.4700,187.2800,187.46,3953.26,1753538819999,740767.381700,778,2167.31,406086.101100,0
1753538820000,187.4700,187.6300,187.4100,187.58,11651.73,1753538879999,2185055.548600,1494,7837.89,1469751.827300,0
1753538880000,187.5800,187.5900,187.4500,187.47,10118.81,1753538939999,1897472.790600,779,3517.58,659610.985900,0
1753538940000,187.4700,187.6500,187.4500,187.65,8296.63,1753538999999,1556109.339300,846,7487.26,1404319.135300,0
1753539000000,187.6500,187.7000,187.5900,187.68,18986.98,1753539059999,3563204.252600,1165,7482.27,1404195.590400,0
1753539060000,187.6800,187.9100,187.6700,187.68,13658.51,1753539119999,2565276.722300,1525,9665.11,1815159.928900,0
1753539120000,187.6700,187.6700,187.3000,187.34,26028.86,1753539179999,4880131.392300,1796,10565.87,1980956.518400,0
1753539180000,187.3400,187.3800,187.2700,187.27,9637.43,1753539239999,1805236.725700,818,1257.78,235613.627000,0
1753539240000,187.2800,187.4200,187.2700,187.38,5653.57,1753539299999,1059222.672700,964,2409.77,451433.296000,0
1753539300000,187.3800,187.4700,187.3300,187.46,8083.65,1753539359999,1514903.108500,1301,2669.83,500310.998800,0
1753539360000,187.4500,187.4700,187.3400,187.44,4646.69,1753539419999,870857.057700,805,2544.87,476942.550400,0
1753539420000,187.4400,187.4800,187.3600,187.44,2370.70,1753539479999,444356.586100,586,571.82,107173.441800,0
1753539480000,187.4400,187.5000,187.3400,187.49,3386.59,1753539539999,634758.497100,581,1546.03,289815.938400,0
1753539540000,187.5000,187.5600,187.4500,187.53,5616.55,1753539599999,1053224.319600,784,3999.49,749978.203800,0
1753539600000,187.5300,187.6100,187.4100,187.58,4793.57,1753539659999,899021.013400,727,2492.04,467360.069100,0
1753539660000,187.5900,187.6700,187.5100,187.66,5232.20,1753539719999,981355.997100,791,4325.98,811383.840500,0
1753539720000,187.6600,187.6900,187.5300,187.6,4953.75,1753539779999,929320.411100,599,2834.13,531632.059000,0
1753539780000,187.6100,187.6200,187.4300,187.43,2710.50,1753539839999,508228.650300,650,1159.06,217316.819400,0
1753539840000,187.4400,187.5200,187.4200,187.43,3475.35,1753539899999,651530.174600,572,1203.79,225672.458500,0
1753539900000,187.4200,187.4300,187.1800,187.19,6617.25,1753539959999,1239206.555000,1206,1072.31,200814.492800,0
1753539960000,187.1800,187.2500,187.1600,187.17,4344.55,1753540019999,813286.152400,755,1521.77,284864.454300,0
1753540020000,187.1600,187.2000,187.0000,187.16,12159.58,1753540079999,2274940.095300,1663,4057.92,759247.876900,0
1753540080000,187.1600,187.1600,186.8200,186.87,22424.35,1753540139999,4191585.978600,1953,5638.04,1053884.869900,0
1753540140000,186.8700,187.0700,186.8400,187.04,7125.25,1753540199999,1332281.870000,1079,3713.44,694301.115200,0
1753540200000,187.0400,187.2900,187.0400,187.21,6375.69,1753540259999,1193545.734400,1542,3679.81,688872.020900,0
1753540260000,187.2100,187.4100,187.2000,187.41,4981.93,1753540319999,933132.824300,834,2769.44,518720.203700,0
1753540320000,187.4100,187.4100,187.1700,187.18,6379.72,1753540379999,1194852.283300,1069,1223.81,229248.220800,0
1753540380000,187.1700,187.2000,187.0500,187.2,6804.41,1753540439999,1273197.189400,793,5131.31,960130.705900,0
1753540440000,187.1900,187.2400,187.1000,187.13,4609.47,1753540499999,862806.928900,683,1674.62,313410.170900,0
1753540500000,187.1400,187.1400,186.8700,186.99,14701.22,1753540559999,2748874.107400,1240,4781.01,893824.627300,0
1753540560000,186.9800,187.0200,186.8500,186.94,10726.17,1753540619999,2005116.447900,1446,2696.95,504161.624600,0
1753540620000,186.9400,187.0500,186.9200,186.95,7762.06,1753540679999,1451317.342200,1049,3612.32,675431.645700,0
1753540680000,186.9400,186.9500,186.8100,186.84,9122.70,1753540739999,1704674.875600,1198,2490.37,465360.925200,0
1753540740000,186.8500,186.9400,186.8100,186.87,10266.95,1753540799999,1918690.185800,1016,6800.83,1270946.803500,0
1753540800000,186.8700,186.9800,186.8400,186.84,5499.98,1753540859999,1028013.636800,771,2642.15,493888.647000,0
1753540860000,186.8400,186.9700,186.8100,186.97,12827.59,1753540919999,2397230.225600,836,3386.50,632948.854000,0
1753540920000,186.9700,187.0400,186.9300,186.94,7099.85,1753540979999,1327472.021000,885,2493.20,466172.307100,0
1753540980000,186.9400,186.9700,186.8800,186.94,5358.09,1753541039999,1001555.157200,639,2728.59,510043.585600,0
1753541040000,186.9300,187.0500,186.9200,187.04,4712.12,1753541099999,881069.514800,697,3116.28,582699.265400,0
1753541100000,187.0500,187.2100,187.0400,187.1,5655.48,1753541159999,1058363.962400,925,3367.41,630143.861800,0
1753541160000,187.1100,187.2400,187.0700,187.24,4075.48,1753541219999,762669.609500,751,3157.87,590963.765500,0
1753541220000,187.2400,187.2600,187.1400,187.21,9642.91,1753541279999,1805317.348400,756,6838.40,1280279.818200,0
1753541280000,187.2100,187.2400,187.1400,187.17,2872.11,1753541339999,537628.286000,513,1647.95,308495.400600,0
1753541340000,187.1800,187.2700,187.1700,187.26,5800.16,1753541399999,1086018.354100,574,3543.28,663407.344800,0
1753541400000,187.2700,187.2800,187.0700,187.22,8295.26,1753541459999,1552428.178300,883,2985.24,558717.749800,0
1753541460000,187.2300,187.3700,187.2100,187.24,10803.58,1753541519999,2023643.425500,1095,7807.34,1462488.570500,0
1753541520000,187.2500,187.4000,187.2400,187.34,5183.63,1753541579999,971173.205300,776,2659.18,498172.894900,0
1753541580000,187.3500,187.3700,187.3000,187.34,5695.82,1753541639999,1067036.863300,574,2430.94,455424.012500,0
1753541640000,187.3300,187.3400,186.1000,186.56,142942.12,1753541699999,26678915.436360,9698,29893.14,5575214.548300,0
1753541700000,186.5600,186.6700,186.5100,186.67,17092.13,1753541759999,3189505.443000,1422,5706.92,1064861.837100,0
1753541760000,186.6700,186.7400,186.5900,186.6,10983.86,1753541819999,2050238.510500,1037,3848.69,718409.328300,0
1753541820000,186.6000,186.6200,186.4300,186.51,20180.41,1753541879999,3764551.019100,1297,4178.19,779442.078700,0
1753541880000,186.5100,186.6600,186.4800,186.65,11462.90,1753541939999,2138523.581600,1099,5221.67,974349.676900,0
1753541940000,186.6500,186.6500,186.3300,186.37,21855.31,1753541999999,4074358.691100,1632,4896.51,912648.431900,0
1753542000000,186.3800,186.5200,186.3200,186.51,15528.16,1753542059999,2894794.352000,1501,6048.94,1127668.524800,0
1753542060000,186.5100,186.5400,186.4000,186.48,11960.28,1753542119999,2230410.846200,1241,2587.10,482427.070800,0
1753542120000,186.4900,186.7100,186.4800,186.69,10753.66,1753542179999,2006997.012500,1181,5275.81,984601.199800,0
1753542180000,186.7000,186.7000,186.5400,186.64,21011.50,1753542239999,3920698.141200,1232,9974.14,1861089.949800,0
1753542240000,186.6500,186.7200,186.5600,186.66,7620.60,1753542299999,1422488.421000,993,2235.16,417206.885700,0
1753542300000,186.6500,186.8500,186.6400,186.83,23604.48,1753542359999,4408310.291900,1650,19360.11,3615643.889100,0
1753542360000,186.8400,186.9600,186.7600,186.76,19231.16,1753542419999,3594062.619600,1478,12936.38,2417823.643000,0
1753542420000,186.7700,186.8800,186.7300,186.87,4013.17,1753542479999,749540.516100,633,2153.81,402288.079000,0
1753542480000,186.8700,186.8800,186.6400,186.72,9521.92,1753542539999,1777904.485800,909,4422.47,825609.828400,0
1753542540000,186.7200,186.7900,186.7000,186.77,4283.89,1753542599999,799985.304200,581,1861.09,347546.479900,0
1753542600000,186.7700,186.7700,186.5700,186.58,8867.73,1753542659999,1655145.071800,1095,2525.64,471325.044700,0
1753542660000,186.5900,186.6100,186.4600,186.55,11043.35,1753542719999,2059933.729500,1098,3937.88,734501.611200,0
1753542720000,186.5400,186.5500,186.2700,186.33,23824.32,1753542779999,4440990.925100,1956,3605.76,671988.805600,0
1753542780000,186.3400,186.4800,186.2800,186.31,16339.22,1753542839999,3045150.404600,1498,3371.36,628405.801800,0
1753542840000,186.3100,186.3500,186.1500,186.2,25681.78,1753542899999,4782702.523300,2280,5421.42,1009537.237200,0
1753542900000,186.2000,186.3600,186.1600,186.22,15199.67,1753542959999,2830854.099800,4150,5987.70,1115340.029800,0
1753542960000,186.2200,186.3900,186.0600,186.35,35414.12,1753543019999,6593945.528650,5694,12153.60,2263098.507000,0
1753543020000,186.3500,186.3700,186.0500,186.05,11499.38,1753543079999,2141556.213800,1678,2974.89,554165.242400,0
1753543080000,186.0600,186.2400,185.9600,186.23,26573.56,1753543139999,4944511.695400,2400,10749.65,2000514.622700,0
1753543140000,186.2400,186.4100,186.2300,186.38,12832.03,1753543199999,2391159.652300,1188,9169.58,1708578.992400,0
1753543200000,186.3800,186.4600,186.2600,186.4,10784.26,1753543259999,2010009.578100,1132,6126.91,1142057.153500,0
1753543260000,186.4000,186.4800,186.2200,186.46,11392.83,1753543319999,2122895.119300,1231,6626.21,1234541.293000,0
1753543320000,186.4700,186.5300,186.3600,186.42,10533.14,1753543379999,1964172.808800,1059,5429.19,1012376.301200,0
1753543380000,186.4200,186.5600,186.4100,186.56,11288.03,1753543439999,2104717.893500,1099,5334.45,994673.460700,0
1753543440000,186.5700,186.5700,186.4200,186.48,8712.39,1753543499999,1624697.152900,903,2682.03,500117.320900,0
1753543500000,186.4700,186.9000,186.4700,186.9,31110.67,1753543559999,5810203.024400,2499,23135.68,4320421.692800,0
1753543560000,186.9000,187.0500,186.7700,186.83,19594.96,1753543619999,3662906.703800,2008,9699.28,1813364.892900,0
1753543620000,186.8200,186.9600,186.7900,186.91,10778.63,1753543679999,2014296.738500,988,3914.61,731604.226100,0
1753543680000,186.9100,187.0400,186.9000,186.98,24567.49,1753543739999,4593942.051000,985,5155.84,963991.327300,0
1753543740000,186.9900,187.0000,186.9400,186.97,4619.96,1753543799999,863825.066200,763,2489.62,465499.435700,0
1753543800000,186.9600,187.1000,186.8100,187.09,12728.24,1753543859999,2379703.187600,1900,5240.74,979840.900200,0
1753543860000,187.0900,187.2600,187.0500,187.08,13542.14,1753543919999,2534750.143400,1632,9433.09,1765662.931100,0
1753543920000,187.0800,187.1500,186.9900,187.1,7495.77,1753543979999,1402246.908200,1077,4110.64,768958.321400,0
1753543980000,187.1000,187.1000,186.9400,187.05,5593.57,1753544039999,1046053.950600,833,3097.60,579266.856000,0
1753544040000,187.0500,187.1300,187.0000,187.06,5854.84,1753544099999,1095167.973300,877,2700.59,505150.837100,0
1753544100000,187.0600,187.2400,187.0600,187.18,10571.88,1753544159999,1978895.480300,1128,8388.88,1570278.584100,0
1753544160000,187.1800,187.2000,187.0500,187.11,7721.54,1753544219999,1444826.662800,1088,2695.58,504341.010700,0
1753544220000,187.1200,187.2100,187.1100,187.12,9167.66,1753544279999,1715884.623100,863,2496.52,467309.049100,0
1753544280000,187.1100,187.1500,187.0200,187.14,6661.43,1753544339999,1246143.496700,659,2380.82,445377.128600,0
1753544340000,187.1500,187.2400,187.1000,187.23,5940.01,1753544399999,1111768.783900,628,4777.12,894119.134500,0
1753544400000,187.2400,187.2700,187.1800,187.24,5422.53,1753544459999,1015238.256300,847,2724.49,510106.318500,0
1753544460000,187.2500,187.2900,187.2100,187.28,8199.05,1753544519999,1535318.164900,839,6926.32,1297016.087300,0
1753544520000,187.2800,187.3600,187.2500,187.28,10100.82,1753544579999,1891860.407100,1296,5740.61,1075226.918900,0
1753544580000,187.2900,187.3100,187.2300,187.25,2835.35,1753544639999,530981.244600,526,2005.62,375594.354400,0
1753544640000,187.2400,187.2400,187.0700,187.09,4436.81,1753544699999,830301.888800,777,1993.86,373106.826200,0
1753544700000,187.0900,187.1700,187.0000,187.05,13789.45,1753544759999,2579460.608100,1255,5516.33,1031898.184500,0
1753544760000,187.0500,187.0800,186.9400,186.97,9494.63,1753544819999,1775448.613000,937,1471.19,275129.850100,0
1753544820000,186.9800,187.0200,186.8500,186.99,7925.62,1753544879999,1481449.323300,955,2421.90,452734.321300,0
1753544880000,186.9800,187.3200,186.9800,187.31,14737.48,1753544939999,2759446.451200,1371,12054.07,2257006.145900,0
1753544940000,187.3100,187.3800,187.1500,187.37,10580.93,1753544999999,1981558.637000,1440,8867.10,1660605.987600,0
1753545000000,187.3600,187.6000,187.3400,187.56,40810.07,1753545059999,7652341.329360,2938,32404.07,6076032.980960,0
1753545060000,187.5500,187.7100,187.3600,187.4,20474.16,1753545119999,3839846.606800,1911,13516.99,2535335.198200,0
1753545120000,187.4100,187.4400,187.2800,187.39,8121.08,1753545179999,1521604.676200,816,5000.84,936958.182200,0
1753545180000,187.3800,187.4300,187.2500,187.27,7511.98,1753545239999,1407464.182100,716,3783.51,708881.094200,0
1753545240000,187.2700,187.3900,187.2100,187.34,8697.15,1753545299999,1628770.339100,1045,6622.67,1240271.987300,0
1753545300000,187.3400,187.3900,187.1900,187.39,5734.81,1753545359999,1073897.953600,723,3363.31,629798.762500,0
1753545360000,187.3900,187.4000,187.2800,187.28,12402.90,1753545419999,2323159.690400,557,1258.83,235815.936000,0
1753545420000,187.2800,187.3600,187.2200,187.23,3545.86,1753545479999,664126.415800,548,2591.86,485439.645700,0
1753545480000,187.2400,187.3100,187.1300,187.31,4285.55,1753545539999,802402.565400,702,1885.76,353096.203800,0
1753545540000,187.3000,187.5000,187.2200,187.5,7408.38,1753545599999,1387847.194600,915,5989.96,1122059.801600,0
1753545600000,187.5000,187.7700,187.4700,187.67,24076.18,1753545659999,4517683.481800,2016,12622.99,2368500.879900,0
1753545660000,187.6700,187.7400,187.4500,187.6,19582.57,1753545719999,3673558.790300,4700,13573.20,2546434.171100,0
1753545720000,187.5900,187.6800,187.5100,187.52,10314.14,1753545779999,1934874.498700,4337,6592.27,1236684.821600,0
1753545780000,187.5200,187.5300,187.3300,187.37,10164.46,1753545839999,1905195.051500,1318,5464.73,1024345.387100,0
1753545840000,187.3600,187.5100,187.2900,187.51,4443.78,1753545899999,832649.892700,852,3026.45,567120.669200,0
1753545900000,187.5100,187.5900,187.4400,187.51,5746.95,1753545959999,1077604.129400,989,4587.32,860168.937200,0
1753545960000,187.5200,187.5500,187.1900,187.2,13103.41,1753546019999,2455203.288300,1364,2041.66,382539.154300,0
1753546020000,187.2100,187.2500,186.8300,187.01,32092.76,1753546079999,6001637.874300,2795,5968.06,1116062.220400,0
1753546080000,187.0200,187.0800,186.9200,186.92,11396.68,1753546139999,2131200.975900,1223,2509.10,469196.618000,0
1753546140000,186.9100,186.9300,186.7000,186.87,14391.04,1753546199999,2688465.271500,1643,7085.89,1323708.900300,0
1753546200000,186.8700,186.9500,186.7600,186.8,9002.11,1753546259999,1681973.201000,1126,1534.71,286781.995300,0
1753546260000,186.7900,187.0700,186.7900,186.94,9279.59,1753546319999,1734854.156400,986,6148.90,1149531.452600,0
1753546320000,186.9300,186.9400,186.8800,186.91,7181.03,1753546379999,1342227.434200,697,1845.32,344906.883200,0
1753546380000,186.9100,187.0400,186.8900,187.02,4972.38,1753546439999,929652.847500,812,1860.75,347892.958300,0
1753546440000,187.0200,187.0700,186.8300,186.84,9713.80,1753546499999,1816055.950800,1178,4092.29,765247.298300,0
1753546500000,186.8300,187.0100,186.8000,187.0,9996.44,1753546559999,1868511.173100,1083,7894.30,1475647.135900,0
1753546560000,187.0000,187.1400,186.9600,187.06,11869.29,1753546619999,2220083.053300,1120,7967.34,1490147.924300,0
1753546620000,187.0600,187.2500,187.0500,187.08,15466.68,1753546679999,2894418.051600,1405,11103.84,2077900.516700,0
1753546680000,187.0800,187.1700,187.0400,187.17,3189.53,1753546739999,596847.802800,532,1717.37,321340.520500,0
1753546740000,187.1700,187.2400,187.1000,187.23,6205.10,1753546799999,1161310.072100,819,3354.28,627804.355500,0
1753546800000,187.2400,187.2900,187.1100,187.28,7728.82,1753546859999,1446786.523200,978,5476.77,1025200.048800,0
1753546860000,187.2800,187.4100,187.2100,187.35,11504.68,1753546919999,2155139.515400,1389,8273.52,1549897.181600,0
1753546920000,187.3500,187.5500,187.3500,187.47,17594.11,1753546979999,3298498.337800,1419,12133.01,2274931.388000,0
1753546980000,187.4800,187.5400,187.3500,187.53,8126.04,1753547039999,1523191.147200,1018,3294.18,617504.519000,0
1753547040000,187.5400,187.6200,187.5100,187.56,8936.56,1753547099999,1676216.872000,998,6543.70,1227429.994700,0
1753547100000,187.5500,187.5700,187.3600,187.37,9821.93,1753547159999,1841227.824400,1081,3959.20,742255.873200,0
1753547160000,187.3700,187.4200,187.3100,187.42,2973.61,1753547219999,557174.823700,652,1558.03,291945.288000,0
1753547220000,187.4200,187.4800,187.3600,187.41,3601.86,1753547279999,675138.666300,701,1875.15,351469.334000,0
1753547280000,187.4100,187.4900,187.4000,187.42,5224.94,1753547339999,979367.617400,603,1099.32,206069.193800,0
1753547340000,187.4100,187.4200,187.2000,187.24,4874.90,1753547399999,912751.805900,634,1202.85,225197.727000,0
1753547400000,187.2400,187.4800,187.2400,187.44,4574.09,1753547459999,857187.560400,809,3376.66,632843.193900,0
1753547460000,187.4400,187.4600,187.3300,187.36,4252.79,1753547519999,797040.486000,811,2630.58,493020.635600,0
1753547520000,187.3700,187.4300,187.3200,187.37,2296.45,1753547579999,430315.230700,594,1089.24,204092.421100,0
1753547580000,187.3600,187.4100,187.1500,187.16,6854.05,1753547639999,1283549.727100,1098,2186.38,409482.658800,0
1753547640000,187.1600,187.1600,186.9700,186.99,4933.00,1753547699999,922628.656300,915,834.33,156049.789100,0
1753547700000,186.9900,187.1100,186.9500,186.95,4010.55,1753547759999,750019.518100,795,2280.93,426557.456400,0
1753547760000,186.9500,187.0300,186.9500,187.01,4088.61,1753547819999,764494.228500,750,2385.10,445972.304300,0
1753547820000,187.0000,187.1100,186.9700,186.99,2616.30,1753547879999,489314.808900,599,876.69,163970.832900,0
1753547880000,186.9800,187.1100,186.9500,187.08,8245.28,1753547939999,1542194.023200,981,4267.00,798018.752100,0
1753547940000,187.0800,187.1600,187.0500,187.06,3367.62,1753547999999,630131.883900,646,1044.45,195423.208800,0
1753548000000,187.0600,187.1100,187.0000,187.06,3417.30,1753548059999,639233.740900,661,976.67,182696.585000,0
1753548060000,187.0600,187.0600,186.9500,186.95,5863.69,1753548119999,1096469.645900,593,2531.70,473391.969900,0
1753548120000,186.9500,187.1300,186.9500,187.13,18159.98,1753548179999,3396172.657500,1151,4902.91,917000.564700,0
1753548180000,187.1200,187.1700,187.0000,187.01,2595.17,1753548239999,485536.304400,640,1623.70,303789.357000,0
1753548240000,187.0000,187.0100,186.8400,186.95,13911.54,1753548299999,2600134.601500,1083,2170.30,405619.263800,0
1753548300000,186.9500,186.9500,186.5500,186.62,27374.85,1753548359999,5109516.596500,2456,4372.05,816057.134900,0
1753548360000,186.6200,186.7000,186.5900,186.64,5747.95,1753548419999,1072898.360000,885,2391.37,446365.578400,0
1753548420000,186.6300,186.7500,186.5500,186.6,5709.23,1753548479999,1065735.451600,873,3156.11,589217.590700,0
1753548480000,186.5900,186.6300,186.4100,186.54,24357.36,1753548539999,4543740.768300,1809,7766.01,1448682.032200,0
1753548540000,186.5400,186.6200,186.5200,186.55,23346.75,1753548599999,4355858.271900,1592,6906.67,1288506.471800,0
1753548600000,186.5500,186.8900,186.5500,186.83,20716.54,1753548659999,3869571.432800,1476,17357.25,3242071.551700,0
1753548660000,186.8300,187.0000,186.8200,186.88,3390.41,1753548719999,633723.330600,854,2112.89,394904.418400,0
1753548720000,186.8700,186.9200,186.8300,186.88,1889.39,1753548779999,353053.496300,550,1579.65,295173.438300,0
1753548780000,186.8800,186.8800,186.7400,186.79,2996.93,1753548839999,559811.943800,500,1372.70,256389.637900,0
1753548840000,186.8000,186.8000,186.6700,186.75,5148.23,1753548899999,961340.629900,805,3281.10,612666.116000,0
1753548900000,186.7600,186.7600,186.6900,186.7,5580.92,1753548959999,1042150.723500,638,3514.88,656371.158300,0
1753548960000,186.7100,186.7800,186.6900,186.69,4657.98,1753549019999,869862.844600,682,3421.08,638881.405800,0
1753549020000,186.6800,186.7700,186.6300,186.63,4523.85,1753549079999,844661.314800,621,2901.86,541869.184700,0
1753549080000,186.6300,186.7200,186.6300,186.71,1710.94,1753549139999,319406.605500,441,1123.65,209763.484400,0
1753549140000,186.7200,186.7900,186.6700,186.78,3005.01,1753549199999,561131.476000,489,645.00,120448.176200,0
1753549200000,186.7900,186.8300,186.7100,186.72,4783.54,1753549259999,893386.605100,691,1806.76,337465.576600,0
1753549260000,186.7300,186.8900,186.7200,186.75,12139.12,1753549319999,2268135.669500,1020,7198.75,1345077.896900,0
1753549320000,186.7500,186.8100,186.4800,186.52,10326.82,1753549379999,1926974.119900,1210,3949.53,736731.176100,0
1753549380000,186.5300,186.5600,186.3100,186.44,23844.58,1753549439999,4445274.947900,1920,3589.33,669269.932100,0
1753549440000,186.4500,186.5700,186.3000,186.52,51963.90,1753549499999,9686163.892100,2879,30435.45,5673354.206300,0
1753549500000,186.5300,186.5300,186.2900,186.34,21007.65,1753549559999,3915568.935400,1575,5492.91,1023602.511300,0
1753549560000,186.3500,186.3600,185.9100,185.92,54174.80,1753549619999,10082566.840270,3714,6832.71,1271674.017600,0
1753549620000,185.9300,185.9800,185.7600,185.89,79357.45,1753549679999,14749293.070000,7794,29085.75,5406107.712600,0
1753549680000,185.9000,185.9700,185.7500,185.85,38157.95,1753549739999,7092038.825500,5430,11837.55,2199913.782000,0
1753549740000,185.8600,185.9100,185.6200,185.65,55442.08,1753549799999,10297895.915300,2749,17589.09,3266993.657300,0
1753549800000,185.6600,185.7000,185.6500,185.69,25958.69,1753549859999,4820306.494000,1253,17772.85,3300358.621200,0
1753549860000,185.7000,185.7000,185.6400,185.7,18059.02,1753549919999,3353315.882800,808,9707.78,1802703.483200,0
1753549920000,185.7000,185.7000,185.6700,185.7,38499.82,1753549979999,7149360.354400,1419,33940.22,6302693.110500,0
1753549980000,185.7000,185.9900,185.7000,185.88,44481.68,1753550039999,8264842.497800,2237,31608.04,5871306.531700,0
1753550040000,185.8700,186.0000,185.8700,185.99,6762.46,1753550099999,1257596.884300,853,4281.89,796272.378800,0
1753550100000,186.0000,186.0000,185.8000,185.91,11497.27,1753550159999,2137455.801000,1121,3519.68,654432.114900,0
1753550160000,185.9200,186.0900,185.8900,186.08,7202.56,1753550219999,1339676.820900,959,4452.10,828130.095000,0
1753550220000,186.0800,186.0800,186.0100,186.06,6188.92,1753550279999,1151393.447200,723,3940.08,732993.672300,0
1753550280000,186.0700,186.1600,185.9500,185.97,7429.44,1753550339999,1382378.441700,1009,3109.21,578585.913400,0
1753550340000,185.9700,186.0000,185.9200,185.94,10469.66,1753550399999,1946893.775300,808,4505.55,837856.631500,0
1753550400000,185.9500,186.1500,185.9000,186.15,4432.94,1753550459999,824616.305300,724,3190.68,593569.603100,0
1753550460000,186.1500,186.1800,186.0700,186.07,6902.84,1753550519999,1284892.234200,852,2229.50,415000.548700,0
1753550520000,186.0700,186.1100,186.0100,186.07,3922.44,1753550579999,729886.175800,621,1405.81,261575.818700,0
1753550580000,186.0700,186.1700,186.0400,186.17,3074.49,1753550639999,572179.518900,457,2507.64,466707.885000,0
1753550640000,186.1700,186.2000,186.0500,186.07,4380.47,1753550699999,815316.599700,649,1665.09,309885.699900,0
1753550700000,186.0700,186.1300,185.9700,185.99,4668.28,1753550759999,868493.884300,754,1796.65,334280.052800,0
1753550760000,185.9900,186.0700,185.9800,186.03,1940.06,1753550819999,360895.319800,391,1077.10,200361.267900,0
1753550820000,186.0200,186.1300,186.0200,186.13,3960.80,1753550879999,737069.698900,572,2579.30,479988.859500,0
1753550880000,186.1300,186.2200,186.1000,186.22,3539.23,1753550939999,658843.251900,601,2274.35,423385.168000,0
1753550940000,186.2200,186.2800,186.0800,186.09,8532.93,1753550999999,1589035.176100,915,5055.66,941514.407400,0
1753551000000,186.1000,186.1000,185.9000,185.9,5477.75,1753551059999,1018904.853000,786,1076.59,200277.802300,0
1753551060000,185.9000,185.9500,185.8200,185.84,4465.99,1753551119999,830120.598800,801,1568.28,291500.923400,0
1753551120000,185.8400,185.8500,185.6900,185.76,8211.50,1753551179999,1525308.727600,1084,1817.96,337727.411800,0
1753551180000,185.7700,185.9000,185.7500,185.82,6535.19,1753551239999,1214448.906600,938,4300.23,799133.579100,0
1753551240000,185.8200,185.8200,185.7100,185.72,7048.56,1753551299999,1309244.191800,727,2303.90,427918.962200,0
1753551300000,185.7200,185.9300,185.7100,185.86,8328.46,1753551359999,1547221.351700,896,3572.99,663805.893100,0
1753551360000,185.8600,186.0000,185.8500,185.91,4990.08,1753551419999,927844.758500,768,1963.44,365046.400300,0
1753551420000,185.9100,185.9200,185.8600,185.88,3273.53,1753551479999,608505.904600,550,1063.92,197767.311400,0
1753551480000,185.8800,185.8900,185.7700,185.79,4831.06,1753551539999,897784.271700,685,1432.55,266218.508700,0
1753551540000,185.7800,185.7900,185.7400,185.76,4341.63,1753551599999,806523.593500,580,1021.22,189708.840200,0
1753551600000,185.7600,185.8000,185.7100,185.77,4228.41,1753551659999,785500.969500,741,1947.83,361837.980000,0
1753551660000,185.7600,185.7700,185.6500,185.69,7619.07,1753551719999,1414766.170200,878,2128.58,395238.517300,0
1753551720000,185.6800,185.7300,185.6300,185.64,4599.99,1753551779999,854025.604900,743,1315.14,244178.192300,0
1753551780000,185.6300,185.6400,185.4100,185.56,26029.19,1753551839999,4828875.147300,2410,7565.26,1403369.445000,0
1753551840000,185.5600,185.6100,185.4400,185.44,9222.88,1753551899999,1711122.091700,1100,2428.31,450579.173700,0
1753551900000,185.4400,185.5200,185.4400,185.52,9750.90,1753551959999,1808704.593600,818,1998.85,370764.433900,0
1753551960000,185.5200,185.5900,185.4900,185.53,9020.04,1753552019999,1673622.726300,872,4469.10,829153.970500,0
1753552020000,185.5300,185.5300,185.3300,185.33,13153.25,1753552079999,2438848.191000,1360,1984.64,367946.538000,0
1753552080000,185.3300,185.5300,185.3200,185.49,19497.74,1753552139999,3615540.273100,1300,15076.73,2795803.271100,0
1753552140000,185.4900,185.5900,185.4800,185.55,5246.81,1753552199999,973491.148500,626,2991.25,554998.828700,0
1753552200000,185.5600,185.5600,185.4600,185.46,5308.53,1753552259999,984815.638600,776,1844.30,342142.923000,0
1753552260000,185.4700,185.5000,185.3900,185.39,7454.17,1753552319999,1382400.829500,904,3261.49,604847.731500,0
1753552320000,185.3900,185.4300,185.3500,185.36,3226.03,1753552379999,598149.585900,551,1066.61,197769.193800,0
1753552380000,185.3600,185.4400,185.3600,185.44,2761.14,1753552439999,511925.389600,477,1920.24,356023.402200,0
1753552440000,185.4400,185.4800,185.3600,185.45,10535.72,1753552499999,1953636.800800,931,7738.15,1434937.678100,0
1753552500000,185.4500,185.5300,185.4400,185.53,4149.31,1753552559999,769722.150000,519,2963.62,549772.972500,0
1753552560000,185.5300,185.5400,185.5000,185.5,4898.53,1753552619999,908741.009600,465,813.75,150970.172700,0
1753552620000,185.5100,185.5500,185.5000,185.55,3693.13,1753552679999,685158.384900,466,2525.99,468629.599300,0
1753552680000,185.5400,185.5700,185.5000,185.53,3481.60,1753552739999,645942.932300,457,2309.64,428505.329700,0
1753552740000,185.5300,185.6500,185.5000,185.59,5266.73,1753552799999,977390.894600,770,2447.86,454272.401200,0
1753552800000,185.6000,185.6400,185.4800,185.5,9142.87,1753552859999,1696574.377600,1559,5004.65,928680.497600,0
1753552860000,185.4900,185.5000,185.4000,185.43,4664.08,1753552919999,864884.626100,815,1231.13,228279.813800,0
1753552920000,185.4200,185.6000,185.4200,185.6,4295.17,1753552979999,796974.747000,916,3054.89,566811.506700,0
1753552980000,185.6000,185.8400,185.5900,185.84,14240.95,1753553039999,2644930.665800,1335,11662.68,2166095.589200,0
1753553040000,185.8400,185.9100,185.7900,185.87,11738.29,1753553099999,2181675.445100,1236,8153.92,1515548.679300,0
1753553100000,185.8700,185.8700,185.7400,185.75,11551.28,1753553159999,2146000.542400,957,6909.46,1283590.380800,0
1753553160000,185.7600,185.8400,185.7000,185.83,3164.50,1753553219999,587857.611700,752,1710.92,317839.482300,0
1753553220000,185.8300,185.8900,185.8000,185.88,5492.82,1753553279999,1020803.026400,726,4868.71,904820.708300,0
1753553280000,185.8800,185.9000,185.8200,185.87,5725.04,1753553339999,1064088.017100,704,4687.89,871333.474600,0
1753553340000,185.8800,185.9300,185.7700,185.77,16534.67,1753553399999,3073305.285900,1312,8691.90,1615527.055100,0
1753553400000,185.7600,185.8200,185.6800,185.82,7644.43,1753553459999,1419901.558000,818,1690.95,314101.202700,0
1753553460000,185.8300,185.8300,185.6900,185.71,3783.85,1753553519999,702914.403200,612,2601.64,483300.194700,0
1753553520000,185.7000,185.7700,185.6300,185.73,2368.95,1753553579999,439933.399500,616,1617.48,300365.852600,0
1753553580000,185.7200,185.8000,185.6800,185.77,2600.83,1753553639999,483072.818200,623,1033.71,192007.432000,0
1753553640000,185.7700,185.8500,185.7500,185.77,2492.95,1753553699999,463233.958600,545,1531.24,284536.562900,0
1753553700000,185.7700,185.8700,185.6000,185.61,4334.61,1753553759999,805120.863400,1514,1860.51,345560.364900,0
1753553760000,185.6200,185.6500,185.2200,185.24,30944.07,1753553819999,5736191.459200,2968,4514.53,836749.675100,0
1753553820000,185.2400,185.2500,184.9900,185.19,42079.72,1753553879999,7788038.201800,3591,10307.97,1907973.079700,0
1753553880000,185.1800,185.3600,185.1800,185.32,9632.96,1753553939999,1784575.432400,1134,6540.71,1211673.696000,0
1753553940000,185.3300,185.5600,185.3300,185.55,8717.12,1753553999999,1616734.220900,1125,5364.56,994945.512400,0
1753554000000,185.5500,185.6600,185.5300,185.58,6039.47,1753554059999,1120846.654100,840,1581.53,293520.122500,0
1753554060000,185.5900,185.6700,185.5100,185.58,4932.14,1753554119999,915331.541500,926,2791.66,518088.175000,0
1753554120000,185.5900,185.7400,185.5600,185.71,4624.53,1753554179999,858525.695000,683,3650.77,677728.111600,0
1753554180000,185.7100,185.7600,185.6200,185.76,2934.23,1753554239999,544911.076300,643,1442.10,267815.889000,0
1753554240000,185.7700,185.8300,185.7500,185.76,4582.68,1753554299999,851442.687900,733,2535.87,471164.341000,0
1753554300000,185.7500,185.7900,185.6900,185.71,2943.12,1753554359999,546652.973900,608,1285.68,238827.442400,0
1753554360000,185.7000,185.8700,185.6500,185.87,5094.10,1753554419999,946437.946500,939,3917.53,727924.588000,0
1753554420000,185.8800,185.9400,185.8300,185.87,6714.91,1753554479999,1248283.342300,968,5360.64,996531.356200,0
1753554480000,185.8700,185.9200,185.7800,185.83,5224.82,1753554539999,970940.157900,629,2807.71,521769.488900,0
1753554540000,185.8300,186.0100,185.8300,186.0,7412.76,1753554599999,1378434.494100,902,6151.32,1143848.889100,0
1753554600000,186.0000,186.0500,185.9800,186.04,9551.56,1753554659999,1776720.686400,1520,5247.30,976079.671600,0
1753554660000,186.0400,186.0600,185.8000,185.88,4284.00,1753554719999,796393.184900,840,2243.40,417041.369800,0
1753554720000,185.8900,185.9500,185.8600,185.92,3056.46,1753554779999,568210.734000,513,2097.52,389947.952000,0
1753554780000,185.9300,186.0200,185.8900,186.02,4040.20,1753554839999,751306.916000,704,3175.96,590589.406600,0
1753554840000,186.0200,186.1100,186.0100,186.11,6117.85,1753554899999,1138306.493200,785,4405.50,819705.261200,0
1753554900000,186.1100,186.1200,186.0400,186.04,6241.17,1753554959999,1161479.356300,653,3076.94,572626.640900,0
1753554960000,186.0500,186.1100,186.0200,186.11,3652.37,1753555019999,679554.773900,502,2576.88,479451.836700,0
1753555020000,186.1100,186.1500,186.0200,186.1,4261.79,1753555079999,793100.895600,656,2721.27,506412.379400,0
1753555080000,186.1100,186.2300,186.0400,186.21,10828.65,1753555139999,2015838.997800,1131,7373.97,1372819.234400,0
1753555140000,186.2200,186.2800,186.1500,186.28,13593.25,1753555199999,2531443.697100,1158,10321.85,1922278.975100,0
1753555200000,186.2800,186.2800,186.1300,186.18,5290.18,1753555259999,985005.481800,706,3158.97,588171.412400,0
1753555260000,186.1700,186.2800,186.1700,186.28,7560.25,1753555319999,1407840.173000,911,5879.27,1094821.224900,0
1753555320000,186.2900,186.3000,186.0000,186.0,14555.09,1753555379999,2709470.221600,1692,8237.39,1533558.869700,0
1753555380000,186.0100,186.0700,185.9600,186.05,4510.16,1753555439999,838918.406900,771,2562.95,476739.606500,0
1753555440000,186.0600,186.0600,185.9400,186.0,3356.37,1753555499999,624324.604700,570,1802.01,335175.101500,0
1753555500000,186.0000,186.0100,185.9100,185.94,4243.31,1753555559999,789023.787000,681,2333.16,433836.009300,0
1753555560000,185.9300,186.0700,185.9300,185.96,2903.80,1753555619999,540132.481300,704,2219.46,412840.135600,0
1753555620000,185.9700,186.1100,185.9600,186.1,3793.24,1753555679999,705683.229200,569,2913.30,541997.691000,0
1753555680000,186.1100,186.1400,185.9800,186.08,7718.28,1753555739999,1435964.700300,942,2200.12,409383.095000,0
1753555740000,186.0700,186.3500,186.0700,186.35,13117.04,1753555799999,2443048.822800,1165,11912.52,2218782.698300,0
1753555800000,186.3500,186.3500,186.2400,186.24,7210.28,1753555859999,1343138.088100,700,1549.44,288614.048600,0
1753555860000,186.2400,186.3300,186.2400,186.26,5271.71,1753555919999,982014.489700,688,3192.08,594616.165200,0
1753555920000,186.2700,186.2700,186.1700,186.21,3047.21,1753555979999,567469.520500,553,1629.90,303531.417400,0
1753555980000,186.2100,186.3700,186.2100,186.32,4564.97,1753556039999,850455.769400,616,3146.88,586246.638500,0
1753556040000,186.3200,186.3600,186.2400,186.24,3670.58,1753556099999,683864.617800,540,2253.19,419787.611200,0
1753556100000,186.2300,186.2300,186.1200,186.15,5416.24,1753556159999,1008321.757900,561,1312.48,244304.146000,0
1753556160000,186.1500,186.1500,186.0800,186.14,1719.23,1753556219999,319969.462500,465,1111.65,206888.463400,0
1753556220000,186.1300,186.1400,186.0500,186.05,4179.69,1753556279999,777893.987200,434,1699.06,316233.186500,0
1753556280000,186.0500,186.0800,186.0100,186.01,4929.71,1753556339999,917231.643100,507,1065.20,198192.958100,0
1753556340000,186.0100,186.0200,185.9300,185.96,3138.77,1753556399999,583697.262300,610,1449.88,269615.378100,0
1753556400000,185.9500,185.9600,185.8300,185.94,5697.40,1753556459999,1059220.910700,1012,1799.07,334473.241400,0
1753556460000,185.9400,186.0700,185.9400,186.06,2888.82,1753556519999,537360.484400,605,2132.92,396738.021800,0
1753556520000,186.0500,186.1500,186.0200,186.08,6775.83,1753556579999,1260911.969200,875,2714.63,505146.866400,0
1753556580000,186.0800,186.1100,186.0100,186.03,2725.28,1753556639999,507053.708800,564,1225.53,228005.701700,0
1753556640000,186.0400,186.1400,186.0000,186.14,4089.96,1753556699999,761012.113600,570,3569.65,664214.793400,0
1753556700000,186.1400,186.2400,186.1300,186.24,3408.93,1753556759999,634672.035900,592,2733.74,508961.925800,0
1753556760000,186.2400,186.3800,186.2300,186.35,7795.70,1753556819999,1452584.273500,1004,4436.63,826635.842200,0
1753556820000,186.3500,186.4800,186.2700,186.28,11458.91,1753556879999,2135995.405300,1245,8044.61,1499767.458900,0
1753556880000,186.2800,186.2900,186.1400,186.18,2699.35,1753556939999,502586.710000,570,1757.25,327162.428800,0
1753556940000,186.1900,186.1900,186.1300,186.14,2376.14,1753556999999,442332.626600,448,1395.31,259743.327000,0
1753557000000,186.1300,186.1400,185.9600,186.06,36446.84,1753557059999,6781931.596900,1244,2685.41,499525.725200,0
1753557060000,186.0500,186.0700,185.9700,185.97,3953.24,1753557119999,735277.037500,562,2333.65,434039.905300,0
1753557120000,185.9700,186.0500,185.9500,186.05,3097.97,1753557179999,576222.126600,526,2584.23,480681.785400,0
1753557180000,186.0500,186.1100,186.0400,186.04,2308.66,1753557239999,429584.569800,541,1726.24,321207.956600,0
1753557240000,186.0500,186.0700,185.9300,186.05,2473.50,1753557299999,460013.097300,630,1023.93,190427.504200,0
1753557300000,186.0400,186.0900,186.0300,186.09,1323.80,1753557359999,246305.739800,895,771.77,143594.064800,0
1753557360000,186.0800,186.1600,186.0600,186.06,2049.28,1753557419999,381411.084400,499,1182.81,220157.094400,0
1753557420000,186.0600,186.0600,185.9200,186.03,2903.87,1753557479999,540073.078600,658,1218.47,226603.251300,0
1753557480000,186.0300,186.2400,186.0300,186.18,5470.05,1753557539999,1018309.987800,851,2772.05,516028.255100,0
1753557540000,186.1800,186.1800,185.9700,185.98,8594.88,1753557599999,1599379.506400,593,822.89,153128.488100,0
1753557600000,185.9700,186.0500,185.9300,186.04,3874.21,1753557659999,720531.133400,586,2136.82,397393.808300,0
1753557660000,186.0400,186.0700,186.0100,186.07,2461.77,1753557719999,457977.362300,382,1347.32,250650.541800,0
1753557720000,186.0600,186.0600,185.9200,185.93,4144.90,1753557779999,770773.522400,541,1688.42,313960.863700,0
1753557780000,185.9200,185.9900,185.8800,185.99,2410.18,1753557839999,448071.705200,524,1478.72,274910.309200,0
1753557840000,185.9800,186.0600,185.8800,185.89,2281.47,1753557899999,424344.341600,555,1360.68,253098.424500,0
1753557900000,185.8800,185.9200,185.8300,185.84,4888.15,1753557959999,908597.672700,639,1649.22,306568.547200,0
1753557960000,185.8300,185.8600,185.7700,185.81,10360.80,1753558019999,1925104.137700,835,4922.67,914661.613200,0
1753558020000,185.8200,185.9500,185.8100,185.92,2248.49,1753558079999,417970.011700,403,1192.98,221757.406600,0
1753558080000,185.9200,185.9700,185.9200,185.93,1745.36,1753558139999,324543.461500,428,661.84,123064.491500,0
1753558140000,185.9300,185.9500,185.8900,185.9,3906.67,1753558199999,726340.315200,476,1314.81,244455.306900,0
1753558200000,185.9000,186.0200,185.9000,186.01,3322.09,1753558259999,617816.335600,534,2521.57,468943.134700,0
1753558260000,186.0200,186.0300,185.8400,185.84,5480.53,1753558319999,1018844.316000,781,3279.85,609739.006400,0
1753558320000,185.8500,185.9100,185.7700,185.79,4990.19,1753558379999,927341.322800,653,1639.03,304578.848400,0
1753558380000,185.7900,185.9700,185.7800,185.97,3808.76,1753558439999,707932.859600,642,2678.29,497840.070800,0
1753558440000,185.9700,186.0000,185.9100,185.98,4786.28,1753558499999,890010.243500,518,3287.31,611263.582900,0
1753558500000,185.9900,185.9900,185.8900,185.97,2298.48,1753558559999,427387.285500,715,1452.95,270147.326600,0
1753558560000,185.9600,185.9900,185.8500,185.98,3908.56,1753558619999,726657.532700,604,1521.72,282911.179100,0
1753558620000,185.9700,186.0000,185.9500,185.99,1409.33,1753558679999,262092.400900,547,883.91,164383.497900,0
1753558680000,186.0000,186.1000,185.9500,186.03,4311.49,1753558739999,802021.140400,712,3485.19,648298.638300,0
1753558740000,186.0200,186.0900,185.9300,186.09,2721.58,1753558799999,506217.809200,502,1851.19,344343.053000,0
1753558800000,186.1000,186.1300,186.0500,186.1,2051.36,1753558859999,381761.061700,551,1461.21,271934.289400,0
1753558860000,186.1000,186.1600,186.0900,186.14,2120.57,1753558919999,394665.307700,589,1775.41,330425.203600,0
1753558920000,186.1400,186.2400,186.1000,186.17,9187.98,1753558979999,1710528.184200,916,5286.90,984384.016500,0
1753558980000,186.1600,186.2800,186.1600,186.27,4033.89,1753559039999,751226.406100,482,3158.07,588107.056600,0
1753559040000,186.2800,186.3300,186.2600,186.29,4752.89,1753559099999,885434.244800,610,2046.43,381241.903900,0
1753559100000,186.2900,186.4100,186.2800,186.41,4762.12,1753559159999,887320.782500,1260,3993.04,744013.476500,0
1753559160000,186.4000,186.4400,186.3600,186.39,3770.40,1753559219999,702778.392000,683,2250.20,419434.001300,0
1753559220000,186.3900,186.4000,186.3000,186.32,4946.80,1753559279999,921949.617200,618,1544.68,287883.391700,0
1753559280000,186.3300,186.4200,186.2700,186.32,6373.30,1753559339999,1187721.124300,883,3564.21,664186.709200,0
1753559340000,186.3200,186.3900,186.3200,186.38,1949.32,1753559399999,363288.445000,352,1093.52,203790.780300,0
1753559400000,186.3800,186.4600,186.3400,186.44,3270.22,1753559459999,609640.411800,635,2559.25,477111.551200,0
1753559460000,186.4500,186.5600,186.4200,186.47,11558.73,1753559519999,2155538.326700,1410,6891.66,1285228.747400,0
1753559520000,186.4600,186.4700,186.3700,186.38,2120.93,1753559579999,395398.016600,583,1108.21,206605.192600,0
1753559580000,186.3800,186.5100,186.3400,186.47,4263.80,1753559639999,794829.025000,674,3060.64,570518.739300,0
1753559640000,186.4800,186.5900,186.4700,186.58,9550.97,1753559699999,1781577.392400,897,8576.81,1599865.218000,0
1753559700000,186.5800,186.6300,186.5600,186.58,10555.71,1753559759999,1969672.438500,987,6106.90,1139538.154000,0
1753559760000,186.5800,186.6100,186.4000,186.48,8563.26,1753559819999,1596926.410800,1004,4514.51,841807.373200,0
1753559820000,186.4900,186.5300,186.4500,186.5,3157.74,1753559879999,588858.200600,597,1728.27,322288.660500,0
1753559880000,186.5000,186.5500,186.4400,186.45,3023.39,1753559939999,563838.141900,637,1746.94,325802.723300,0
1753559940000,186.4500,186.4500,186.3500,186.38,4193.39,1753559999999,781582.313200,631,1942.57,362051.719900,0
1753560000000,186.3800,186.4500,186.2300,186.24,7312.92,1753560059999,1362796.976900,925,2880.83,536935.422400,0
1753560060000,186.2300,186.2300,186.1100,186.12,5803.59,1753560119999,1080441.668400,849,2795.13,520393.581600,0
1753560120000,186.1100,186.2100,186.1100,186.2,3696.12,1753560179999,688091.675400,576,2533.07,471545.452300,0
1753560180000,186.1900,186.2400,186.1600,186.21,3100.65,1753560239999,577337.874000,502,1824.56,339736.713000,0
1753560240000,186.2200,186.2400,186.1200,186.13,3502.96,1753560299999,652162.818000,514,1251.71,233051.860700,0
1753560300000,186.1300,186.1400,186.0800,186.11,3714.86,1753560359999,691367.214200,596,1071.62,199436.119700,0
1753560360000,186.1100,186.1100,185.9500,185.97,4598.89,1753560419999,855469.790000,906,752.13,139928.760800,0
1753560420000,185.9700,186.0900,185.9600,186.02,3377.87,1753560479999,628411.416900,585,1695.14,315359.393400,0
1753560480000,186.0100,186.0100,185.9500,185.96,1689.24,1753560539999,314144.250900,429,242.58,45114.830500,0
1753560540000,185.9600,185.9600,185.9300,185.94,2368.37,1753560599999,440384.535000,451,1398.30,260011.576100,0
1753560600000,185.9400,186.0500,185.9400,186.03,3532.13,1753560659999,656960.608700,656,1822.49,338986.150700,0
1753560660000,186.0300,186.0600,186.0000,186.02,1940.00,1753560719999,360907.587500,446,1107.90,206112.278800,0
1753560720000,186.0100,186.0700,186.0000,186.06,1521.43,1753560779999,283038.469400,498,860.83,160140.648000,0
1753560780000,186.0500,186.0600,186.0300,186.05,1283.94,1753560839999,238871.672900,371,875.26,162839.647300,0
1753560840000,186.0500,186.0600,185.8400,185.86,4147.06,1753560899999,771124.098700,745,623.21,115862.858200,0
1753560900000,185.8500,185.9100,185.8100,185.88,6225.84,1753560959999,1157050.043800,1006,2336.50,434225.141700,0
1753560960000,185.8800,185.8800,185.7800,185.82,5779.66,1753561019999,1074027.272900,672,1277.00,237295.324500,0
1753561020000,185.8200,185.8200,185.6700,185.7,6243.72,1753561079999,1159665.869400,851,1373.48,255091.975300,0
1753561080000,185.7000,185.7400,185.6500,185.69,7087.40,1753561139999,1316057.485100,1101,4495.80,834826.612700,0
1753561140000,185.7000,185.7900,185.6200,185.7,3063.76,1753561199999,568904.385600,701,1249.65,232050.773600,0
1753561200000,185.7000,185.7400,185.7000,185.74,5387.82,1753561259999,1000630.200800,496,1536.05,285278.835500,0
1753561260000,185.7300,185.7600,185.6900,185.7,3027.88,1753561319999,562352.620100,517,843.09,156580.115900,0
1753561320000,185.7000,185.7600,185.7000,185.75,2093.80,1753561379999,388899.150500,650,1440.95,267640.300600,0
1753561380000,185.7600,185.8900,185.7100,185.89,3532.84,1753561439999,656385.958300,731,1773.76,329612.312000,0
1753561440000,185.8900,185.9000,185.7800,185.81,5419.07,1753561499999,1007085.227000,763,3896.42,724115.046100,0
1753561500000,185.8200,185.8800,185.5500,185.64,40043.20,1753561559999,7435486.364300,2477,7327.26,1360752.546100,0
1753561560000,185.6400,185.7200,185.6300,185.72,3633.90,1753561619999,674775.099000,496,2747.51,510184.630800,0
1753561620000,185.7100,185.7200,185.5500,185.57,5229.35,1753561679999,970783.581900,931,1019.57,189295.855400,0
1753561680000,185.5800,185.6000,185.4800,185.56,9063.51,1753561739999,1681562.325500,1095,2094.54,388592.819200,0
1753561740000,185.5600,185.5600,185.2500,185.36,38244.45,1753561799999,7089316.109600,2901,11833.10,2193264.986400,0
1753561800000,185.3600,185.4800,185.3100,185.47,8174.58,1753561859999,1515403.582300,1087,4637.94,859800.532800,0
1753561860000,185.4800,185.6000,185.4700,185.59,5272.42,1753561919999,978414.826100,818,3085.45,572574.285900,0
1753561920000,185.5900,185.6100,185.5300,185.54,2731.16,1753561979999,506803.875200,543,794.66,147459.080900,0
1753561980000,185.5400,185.7100,185.5200,185.7,9480.62,1753562039999,1759939.121200,931,7359.37,1366193.150900,0
1753562040000,185.7000,185.8300,185.6700,185.8,11219.96,1753562099999,2084422.787900,1026,10115.78,1879317.288500,0
1753562100000,185.8000,185.9800,185.7800,185.94,12792.28,1753562159999,2378078.774800,1403,9264.59,1722212.027200,0
1753562160000,185.9500,185.9600,185.8600,185.87,3350.50,1753562219999,622938.340500,533,882.25,164040.707800,0
1753562220000,185.8600,185.9100,185.8600,185.9,1900.52,1753562279999,353287.223300,281,1167.27,216981.229500,0
1753562280000,185.9000,186.0500,185.8900,186.04,9577.60,1753562339999,1781412.001100,1131,7632.15,1419553.357700,0
1753562340000,186.0500,186.1100,186.0100,186.04,4410.64,1753562399999,820751.919000,685,3149.27,586044.653900,0
1753562400000,186.0400,186.0600,185.9800,185.99,3598.90,1753562459999,669422.486800,474,1052.40,195762.529200,0
1753562460000,186.0000,186.0000,185.9600,185.98,1238.50,1753562519999,230336.260300,338,641.20,119251.545100,0
1753562520000,185.9900,186.1000,185.9800,186.1,2329.75,1753562579999,433415.913600,431,2074.15,385875.601600,0
1753562580000,186.1000,186.1000,186.0100,186.09,3974.09,1753562639999,739334.366900,533,990.15,184227.573800,0
1753562640000,186.0900,186.1000,186.0000,186.0,1998.93,1753562699999,371879.359900,465,997.73,185618.004900,0
1753562700000,186.0000,186.1000,186.0000,186.04,2982.51,1753562759999,554921.640600,928,2729.30,507809.802800,0
1753562760000,186.0400,186.0900,186.0200,186.08,1220.35,1753562819999,227055.376200,380,610.74,113636.458600,0
1753562820000,186.0800,186.1000,185.8900,185.9,2425.50,1753562879999,451189.243700,617,760.56,141513.922500,0
1753562880000,185.8900,185.8900,185.7800,185.83,2922.17,1753562939999,543073.012000,597,1308.37,243151.129700,0
1753562940000,185.8300,185.8900,185.7800,185.88,4012.35,1753562999999,745598.902800,619,2699.32,501625.466400,0
1753563000000,185.8900,185.9200,185.8500,185.9,1959.90,1753563059999,364326.699100,461,842.64,156644.621000,0
1753563060000,185.9100,185.9300,185.8800,185.89,2229.78,1753563119999,414529.150200,481,902.24,167735.031900,0
1753563120000,185.8900,185.8900,185.8300,185.84,1581.67,1753563179999,293968.911100,472,511.11,94991.967000,0
1753563180000,185.8500,185.8700,185.8300,185.87,2508.47,1753563239999,466191.448800,362,907.00,168564.154000,0
1753563240000,185.8600,186.0000,185.8600,185.99,2830.00,1753563299999,526224.928700,464,2689.47,500094.569200,0
1753563300000,186.0000,186.0000,185.8800,185.97,2767.78,1753563359999,514611.118400,545,1235.37,229672.778800,0
1753563360000,185.9700,185.9700,185.8800,185.89,2477.23,1753563419999,460526.048200,453,1484.65,275990.926700,0
1753563420000,185.9000,186.0600,185.8900,186.03,2739.78,1753563479999,509571.550500,436,1669.58,310479.406100,0
1753563480000,186.0400,186.0400,185.9800,186.0,1297.86,1753563539999,241411.755500,323,763.73,142063.990100,0
1753563540000,186.0000,186.0000,185.8500,185.85,3192.31,1753563599999,593585.569700,515,984.85,183134.839300,0
1753563600000,185.8500,185.8700,185.7100,185.74,7723.76,1753563659999,1434910.855800,1044,3523.56,654709.014500,0
1753563660000,185.7400,185.8200,185.6900,185.79,3376.25,1753563719999,627151.487400,816,1849.76,343600.888300,0
1753563720000,185.7900,185.8200,185.7400,185.75,2042.39,1753563779999,379423.431900,519,1034.69,192222.725300,0
1753563780000,185.7400,185.8000,185.7300,185.76,2494.63,1753563839999,463384.008700,501,1030.67,191448.300900,0
1753563840000,185.7500,185.7800,185.7500,185.77,1391.76,1753563899999,258541.342300,282,898.49,166910.657600,0
1753563900000,185.7600,185.7600,185.5600,185.64,5272.08,1753563959999,978746.631200,885,2620.90,486496.693400,0
1753563960000,185.6500,185.6500,185.5800,185.59,3164.43,1753564019999,587410.854700,699,1809.80,335955.226400,0
1753564020000,185.5800,185.6100,185.5800,185.61,1858.53,1753564079999,344940.416600,238,1211.90,224926.023200,0
1753564080000,185.6100,185.6800,185.6000,185.61,3356.90,1753564139999,623137.573600,578,2005.51,372271.391800,0
1753564140000,185.6200,185.6200,185.5600,185.61,3543.66,1753564199999,657650.290100,408,1276.53,236906.355200,0
1753564200000,185.6000,185.6100,185.5400,185.6,3459.82,1753564259999,642069.069900,884,1880.40,348966.251900,0
1753564260000,185.6000,185.6000,185.4700,185.52,8417.89,1753564319999,1561873.789100,708,2250.50,417538.353300,0
1753564320000,185.5300,185.5900,185.5000,185.51,5169.23,1753564379999,959066.145500,761,1922.39,356638.656800,0
1753564380000,185.5100,185.5800,185.4700,185.58,3818.33,1753564439999,708309.606100,560,1985.47,368327.964700,0
1753564440000,185.5800,185.5800,185.3800,185.41,5808.63,1753564499999,1077130.851500,832,1418.16,262958.974300,0
1753564500000,185.4100,185.5300,185.4000,185.53,5018.32,1753564559999,930699.865400,776,2807.36,520660.922700,0
1753564560000,185.5400,185.6700,185.5100,185.65,6266.63,1753564619999,1163010.159100,759,3178.07,589825.787500,0
1753564620000,185.6500,185.7000,185.5900,185.65,3600.56,1753564679999,668442.888000,608,1005.08,186595.669900,0
1753564680000,185.6400,185.6600,185.5600,185.64,1852.36,1753564739999,343834.359400,442,740.70,137489.228700,0
1753564740000,185.6500,185.6900,185.5800,185.61,2668.30,1753564799999,495284.483100,452,1685.65,312884.384700,0
1753564800000,185.6100,185.6100,185.5500,185.56,2122.69,1753564859999,393951.274800,511,850.70,157884.529400,0
1753564860000,185.5600,185.5800,185.4700,185.55,2852.86,1753564919999,529292.207900,542,1834.90,340426.924300,0
1753564920000,185.5400,185.5900,185.5200,185.59,6689.39,1753564979999,1241183.584800,434,5359.50,994429.908700,0
1753564980000,185.5900,185.6500,185.5800,185.61,939.15,1753565039999,174328.045200,338,253.55,47063.087700,0
1753565040000,185.6100,185.6800,185.6000,185.64,1271.63,1753565099999,236064.286500,499,747.15,138695.649500,0
1753565100000,185.6300,185.7800,185.6300,185.76,7842.65,1753565159999,1456595.063500,805,7649.42,1420721.070200,0
1753565160000,185.7600,185.7700,185.7100,185.72,2101.14,1753565219999,390281.151400,484,916.95,170325.886500,0
1753565220000,185.7300,185.8400,185.7200,185.84,3322.38,1753565279999,617311.306800,453,2858.13,531051.723200,0
1753565280000,185.8300,185.8800,185.8300,185.84,2389.96,1753565339999,444191.345600,504,1064.37,197817.818100,0
1753565340000,185.8300,185.8400,185.4000,185.72,33208.60,1753565399999,6163548.769100,2474,6158.18,1143276.758400,0
1753565400000,185.7100,185.8100,185.7100,185.8,2409.77,1753565459999,447642.277800,568,1571.80,291967.682700,0
1753565460000,185.8000,185.8300,185.7700,185.78,2096.84,1753565519999,389580.239500,508,762.82,141727.429800,0
1753565520000,185.7800,185.7800,185.7700,185.78,661.47,1753565579999,122883.509700,218,222.78,41388.068400,0
1753565580000,185.7800,185.9800,185.7600,185.98,4804.17,1753565639999,892958.002000,793,4068.56,756275.528700,0
1753565640000,185.9800,186.0300,185.9400,186.03,2237.89,1753565699999,416231.043900,590,1705.87,317295.306400,0
1753565700000,186.0300,186.0500,185.9700,185.97,1632.73,1753565759999,303721.450500,482,588.15,109413.383300,0
1753565760000,185.9800,186.0300,185.9700,186.02,1286.96,1753565819999,239391.982200,423,966.85,179852.646700,0
1753565820000,186.0300,186.0500,186.0200,186.02,2665.19,1753565879999,495815.293200,504,1955.41,363772.944700,0
1753565880000,186.0100,186.0200,185.9300,185.98,1033.70,1753565939999,192244.826400,353,337.78,62817.205800,0
1753565940000,185.9800,186.0200,185.9700,186.02,787.94,1753565999999,146540.984900,205,301.99,56166.490000,0
1753566000000,186.0200,186.0200,185.8200,185.88,8041.12,1753566059999,1494848.521400,1100,2013.19,374176.835500,0
1753566060000,185.8700,185.9100,185.8700,185.91,508.79,1753566119999,94576.741000,256,290.50,53999.532800,0
1753566120000,185.9000,185.9000,185.8500,185.85,1256.15,1753566179999,233488.538100,238,407.09,75668.235200,0
1753566180000,185.8600,185.8600,185.8000,185.8,1983.37,1753566239999,368567.972700,459,243.23,45203.913700,0
1753566240000,185.8100,185.9000,185.8000,185.9,1011.36,1753566299999,187960.303600,400,712.78,132475.438600,0
1753566300000,185.8900,185.9100,185.8900,185.91,559.36,1753566359999,103984.102400,236,463.43,86151.667600,0
1753566360000,185.9000,186.0800,185.9000,185.99,2585.91,1753566419999,480976.843200,1225,1698.99,315990.601200,0
1753566420000,185.9800,186.0100,185.9800,186.01,1071.22,1753566479999,199236.093600,348,834.73,155253.363300,0
1753566480000,186.0100,186.0200,186.0000,186.02,936.58,1753566539999,174212.548900,240,645.79,120125.360700,0
1753566540000,186.0200,186.0800,186.0100,186.08,732.57,1753566599999,136293.222500,341,544.62,101329.048000,0
1753566600000,186.0800,186.1000,186.0500,186.05,2577.32,1753566659999,479596.790800,546,1583.57,294675.892500,0
1753566660000,186.0500,186.0900,186.0200,186.07,2134.02,1753566719999,397035.274500,495,1358.95,252835.647400,0
1753566720000,186.0700,186.0900,186.0600,186.09,972.33,1753566779999,180928.798200,320,879.57,163669.197200,0
1753566780000,186.1000,186.3000,186.0900,186.23,20310.37,1753566839999,3782165.912500,2062,18891.91,3517995.770500,0
1753566840000,186.2400,186.2500,186.1600,186.25,3381.97,1753566899999,629701.212200,477,1566.61,291705.603300,0
1753566900000,186.2400,186.2800,186.2000,186.22,3870.34,1753566959999,720801.171900,520,1268.44,236249.974400,0
1753566960000,186.2200,186.3400,186.2000,186.34,6091.96,1753567019999,1134872.972400,891,5639.16,1050533.941600,0
1753567020000,186.3400,186.3900,186.3200,186.38,4006.73,1753567079999,746680.711900,718,2351.89,438282.684800,0
1753567080000,186.3700,186.3900,186.3100,186.39,6613.94,1753567139999,1232556.670900,812,5624.00,1048082.737900,0
1753567140000,186.3800,186.4300,186.2200,186.32,5557.09,1753567199999,1035396.940500,920,3534.85,658591.393100,0
1753567200000,186.3200,186.4600,186.3100,186.41,4420.42,1753567259999,823859.293600,1356,3031.12,564910.119100,0
1753567260000,186.4100,186.4200,186.2500,186.25,6013.30,1753567319999,1120701.446600,1017,1580.78,294628.544500,0
1753567320000,186.2500,186.3400,186.0200,186.11,14465.42,1753567379999,2693197.188400,1927,5851.28,1089121.181200,0
1753567380000,186.1100,186.3000,186.0700,186.16,9427.28,1753567439999,1755162.188500,1449,4066.67,757109.567400,0
1753567440000,186.1600,186.3000,186.1600,186.26,3435.71,1753567499999,639894.628500,674,1902.27,354260.886000,0
1753567500000,186.2500,186.2800,186.1300,186.17,5506.99,1753567559999,1025432.542900,775,1831.11,340949.428600,0
1753567560000,186.1700,186.2800,186.1700,186.27,4955.67,1753567619999,922825.507300,573,3665.70,682591.852300,0
1753567620000,186.2700,186.3300,186.2600,186.31,3806.38,1753567679999,709113.156400,503,2324.24,433003.189700,0
1753567680000,186.3100,186.3500,186.2700,186.32,4774.40,1753567739999,889531.731600,610,3868.52,720762.196100,0
1753567740000,186.3300,186.4500,186.3300,186.45,10066.10,1753567799999,1876389.591000,1021,8057.74,1502008.226000,0
1753567800000,186.4500,186.4800,186.4300,186.47,3814.35,1753567859999,711213.840300,621,2352.39,438617.618400,0
1753567860000,186.4600,186.5800,186.3500,186.36,15349.48,1753567919999,2862715.783900,2039,7617.37,1420648.874600,0
1753567920000,186.3600,186.4000,186.1200,186.14,5228.58,1753567979999,973984.394200,884,2546.47,474391.586400,0
1753567980000,186.1400,186.1900,186.0900,186.17,5696.92,1753568039999,1060437.051800,723,2811.91,523415.792600,0
1753568040000,186.1700,186.1700,186.0600,186.08,6512.10,1753568099999,1212136.559300,616,1349.90,251238.731500,0
1753568100000,186.0800,186.2600,185.9400,185.94,26301.10,1753568159999,4895452.060200,2075,20543.47,3824048.128500,0
1753568160000,185.9400,186.0100,185.8300,185.87,7993.83,1753568219999,1486091.366200,987,3583.06,666072.241600,0
1753568220000,185.8700,185.9900,185.8500,185.98,3486.58,1753568279999,648183.122500,640,2758.91,512903.721800,0
1753568280000,185.9800,186.1500,185.9800,186.12,3475.66,1753568339999,646806.183400,697,1563.26,290863.155000,0
1753568340000,186.1300,186.3200,186.1200,186.26,6973.55,1753568399999,1298597.422600,1152,4943.11,920492.722800,0
1753568400000,186.2600,186.2600,186.0900,186.11,5050.29,1753568459999,940257.527200,883,1889.61,351789.876800,0
1753568460000,186.1000,186.1900,186.0800,186.18,4256.92,1753568519999,792408.315600,855,2814.74,523939.286500,0
1753568520000,186.1800,186.3400,186.1600,186.34,10158.34,1753568579999,1892145.101800,1400,6972.86,1298834.498200,0
1753568580000,186.3400,186.4100,186.2700,186.39,7206.59,1753568639999,1342840.751400,914,4013.58,747832.703900,0
1753568640000,186.3900,186.7500,186.3700,186.52,25349.30,1753568699999,4730181.950300,3086,13257.39,2473567.566100,0
1753568700000,186.5200,186.6600,186.4100,186.5,12459.63,1753568759999,2324373.216200,1846,5786.57,1079491.736100,0
1753568760000,186.5000,186.5200,186.1400,186.2,11732.99,1753568819999,2186101.994700,1359,2824.95,526329.536200,0
1753568820000,186.2000,186.2000,185.8900,185.92,19153.69,1753568879999,3561864.005300,1733,4749.88,883249.569900,0
1753568880000,185.9300,185.9600,185.5500,185.59,18554.45,1753568939999,3446362.063300,2078,5436.94,1009681.268100,0
1753568940000,185.5900,185.6800,185.5100,185.51,11913.10,1753568999999,2210934.810700,1163,6748.86,1252518.997500,0
1753569000000,185.5200,185.6600,185.2900,185.63,18365.27,1753569059999,3406704.342800,3006,11179.73,2074028.604700,0
1753569060000,185.6200,185.7100,185.5200,185.53,7503.31,1753569119999,1392691.901700,1181,5022.06,932180.113900,0
1753569120000,185.5400,185.6300,185.4400,185.47,4253.84,1753569179999,789237.139100,928,2557.92,474569.050800,0
1753569180000,185.4600,185.4700,185.2200,185.28,12703.82,1753569239999,2354265.405700,1583,3410.85,632094.572000,0
1753569240000,185.2700,185.3700,185.2200,185.3,17563.92,1753569299999,3254255.237300,1420,4579.43,848509.212300,0
1753569300000,185.3000,185.3800,185.2500,185.29,8453.01,1753569359999,1566430.049700,919,5004.34,927340.437100,0
1753569360000,185.3000,185.3000,185.1200,185.14,10249.21,1753569419999,1897872.985600,1426,2916.36,540031.597600,0
1753569420000,185.1300,185.1800,185.0900,185.12,9749.73,1753569479999,1804924.265400,1149,4732.32,876081.381700,0
1753569480000,185.1300,185.2900,185.1200,185.25,5888.79,1753569539999,1090721.542900,941,3992.20,739423.767300,0
1753569540000,185.2500,185.4200,185.2500,185.41,5120.27,1753569599999,948930.404300,800,3720.04,689441.143800,0
1753569600000,185.4100,185.4100,185.0000,185.05,86724.99,1753569659999,16047867.475600,2058,1083.00,200697.213700,0
1753569660000,185.0500,185.1300,184.7500,184.98,80014.65,1753569719999,14798848.086600,5588,21204.33,3922365.678400,0
1753569720000,184.9800,185.1300,184.9700,185.08,8553.04,1753569779999,1582819.301500,1514,4806.04,889332.188200,0
1753569780000,185.0700,185.2900,185.0700,185.22,9276.02,1753569839999,1718257.062700,1087,6719.68,1244677.973300,0
1753569840000,185.2200,185.2200,185.1000,185.16,5503.50,1753569899999,1018944.954300,893,3217.98,595766.544300,0
1753569900000,185.1600,185.1600,185.0100,185.07,3749.63,1753569959999,693991.202000,1245,1255.38,232334.102600,0
1753569960000,185.0800,185.1700,185.0400,185.08,3332.81,1753570019999,616946.246900,768,2242.07,415040.197200,0
1753570020000,185.0800,185.1200,185.0000,185.08,3211.62,1753570079999,594333.368100,574,1506.70,278827.459600,0
1753570080000,185.0800,185.1500,185.0100,185.14,5358.73,1753570139999,991838.790600,877,2325.01,430333.839300,0
1753570140000,185.1500,185.3100,185.1500,185.3,7230.10,1753570199999,1339378.198000,950,6127.47,1135129.501400,0
1753570200000,185.3000,185.3400,185.2400,185.25,5370.55,1753570259999,995191.482300,727,1581.69,293099.150500,0
1753570260000,185.2400,185.4000,185.2400,185.38,4134.03,1753570319999,766137.654100,738,3538.97,655829.216700,0
1753570320000,185.3800,185.4200,185.2600,185.27,6439.76,1753570379999,1193545.055400,815,2736.75,507303.999500,0
1753570380000,185.2800,185.3100,185.2000,185.21,2902.40,1753570439999,537652.052600,468,1060.06,196367.967300,0
1753570440000,185.2100,185.2500,185.1600,185.17,3380.69,1753570499999,626084.956200,601,1660.67,307543.793100,0
1753570500000,185.1700,185.1900,185.0600,185.06,2030.36,1753570559999,375918.016900,557,924.36,171155.036400,0
1753570560000,185.0700,185.1000,184.8600,184.96,8488.84,1753570619999,1570020.105500,1184,2317.85,428705.274800,0
1753570620000,184.9600,185.0700,184.9400,184.97,3752.09,1753570679999,694113.301600,791,1863.25,344683.077100,0
1753570680000,184.9700,185.0200,184.9700,185.02,2146.83,1753570739999,397142.507200,439,504.59,93345.032200,0
1753570740000,185.0200,185.0700,184.9900,185.03,2958.71,1753570799999,547447.127700,509,1755.24,324767.874200,0
1753570800000,185.0300,185.0500,184.8600,184.94,9253.51,1753570859999,1711228.859700,1702,4441.32,821238.196100,0
1753570860000,184.9300,184.9900,184.8600,184.91,18482.88,1753570919999,3417527.082300,1236,6726.49,1243773.377100,0
1753570920000,184.9200,184.9200,184.6000,184.79,17575.42,1753570979999,3246734.682500,1937,2864.80,529157.497200,0
1753570980000,184.8000,184.8100,184.7500,184.76,8707.65,1753571039999,1609030.732000,858,3526.49,651667.291400,0
1753571040000,184.7600,184.9000,184.7500,184.76,12241.43,1753571099999,2262196.669200,1234,8311.66,1535984.069700,0
1753571100000,184.7700,184.8300,184.6900,184.72,11803.18,1753571159999,2180689.736100,1063,2379.33,439625.851400,0
1753571160000,184.7300,184.8700,184.7200,184.77,9937.49,1753571219999,1836232.288500,869,2203.67,407181.614300,0
1753571220000,184.7600,184.7700,184.1900,184.38,77895.79,1753571279999,14364151.122620,5019,9410.55,1736170.768600,0
1753571280000,184.3800,184.5600,184.2700,184.55,40176.50,1753571339999,7409601.537000,6281,15340.23,2829476.586200,0
1753571340000,184.5600,184.7100,184.5600,184.65,17509.28,1753571399999,3232897.738700,4759,12697.49,2344436.453800,0
1753571400000,184.6600,184.7600,184.6100,184.67,7952.31,1753571459999,1468690.567500,924,3072.05,567350.800400,0
1753571460000,184.6700,184.7600,184.6300,184.66,12439.72,1753571519999,2297330.120800,1138,3259.19,601949.269600,0
1753571520000,184.6500,184.7600,184.5800,184.6,10208.70,1753571579999,1885370.568300,1004,5437.11,1004200.475600,0
1753571580000,184.6000,184.6900,184.6000,184.64,3843.79,1753571639999,709779.943400,529,1078.68,199184.857700,0
1753571640000,184.6300,184.6400,184.4800,184.5,5510.49,1753571699999,1016982.730200,789,708.02,130667.934600,0
1753571700000,184.5100,184.5200,184.4100,184.42,13455.83,1753571759999,2482006.897100,1603,4999.13,922073.270900,0
1753571760000,184.4300,184.4900,184.3700,184.46,11921.00,1753571819999,2198438.803500,1285,3370.91,621682.797400,0
1753571820000,184.4600,184.4800,184.3600,184.36,6051.74,1753571879999,1116147.970700,850,2157.58,397943.481400,0
1753571880000,184.3700,184.4800,184.3400,184.4,7625.15,1753571939999,1406207.244900,1030,2865.30,528382.939100,0
1753571940000,184.4000,184.5000,184.3400,184.49,6851.34,1753571999999,1263585.544200,766,3917.32,722522.861100,0
1753572000000,184.5000,184.5300,184.4200,184.48,6861.68,1753572059999,1265773.762700,995,2916.16,537928.511400,0
1753572060000,184.4900,184.8200,184.4800,184.8,8687.50,1753572119999,1604565.046600,1286,6291.35,1161926.889700,0
1753572120000,184.8100,184.9400,184.7700,184.93,12086.77,1753572179999,2234413.097900,1390,8809.59,1628672.220100,0
1753572180000,184.9300,184.9900,184.7500,184.79,9718.75,1753572239999,1796755.028200,978,2886.99,533785.504200,0
1753572240000,184.8000,184.9500,184.7800,184.95,3492.03,1753572299999,645614.512200,728,2546.45,470774.436700,0
1753572300000,184.9500,185.0000,184.8800,184.96,10336.64,1753572359999,1911831.236100,1148,6496.15,1201513.018600,0
1753572360000,184.9600,185.0000,184.9400,184.99,7427.21,1753572419999,1373849.093700,710,2346.02,433973.648700,0
1753572420000,184.9900,184.9900,184.8900,184.93,7300.40,1753572479999,1350116.167700,926,2123.09,392618.865400,0
1753572480000,184.9400,184.9500,184.8100,184.91,7242.30,1753572539999,1338937.873700,909,3040.39,562082.673900,0
1753572540000,184.9100,184.9600,184.8300,184.83,2590.55,1753572599999,479075.282800,464,1240.83,229485.810600,0
1753572600000,184.8300,184.8300,184.6200,184.64,18314.58,1753572659999,3382849.709800,1643,5039.46,930930.643100,0
1753572660000,184.6300,184.7500,184.5100,184.53,5697.18,1753572719999,1051929.935900,984,2408.26,444711.928800,0
1753572720000,184.5200,184.6400,184.5000,184.62,6666.55,1753572779999,1230513.182400,968,3741.45,690613.875900,0
1753572780000,184.6300,184.7000,184.5400,184.66,4563.84,1753572839999,842639.226400,747,3203.70,591500.159600,0
1753572840000,184.6500,184.6800,184.6300,184.63,3032.33,1753572899999,559951.283000,599,1036.92,191481.445600,0
1753572900000,184.6400,184.7700,184.5800,184.76,5250.90,1753572959999,969766.743000,758,3580.09,661206.434300,0
1753572960000,184.7600,184.8100,184.7100,184.72,3553.49,1753573019999,656552.189900,631,2135.48,394558.284500,0
1753573020000,184.7300,184.7600,184.6400,184.72,3103.90,1753573079999,573293.113400,503,1848.03,341329.187300,0
1753573080000,184.7200,184.7900,184.7100,184.78,1012.52,1753573139999,187051.959900,332,590.53,109097.607600,0
1753573140000,184.7900,184.8000,184.7300,184.76,2590.26,1753573199999,478617.351300,455,1580.98,292125.332700,0
1753573200000,184.7600,184.8700,184.7500,184.86,2096.31,1753573259999,387406.525000,565,1053.24,194657.178500,0
1753573260000,184.8600,184.9700,184.8400,184.92,4848.39,1753573319999,896476.819400,738,2857.34,528336.558800,0
1753573320000,184.9200,184.9300,184.8200,184.83,2378.83,1753573379999,439782.459000,639,980.55,181281.672800,0
1753573380000,184.8300,184.8400,184.7500,184.79,4705.28,1753573439999,869577.722100,652,1812.25,334897.390200,0
1753573440000,184.7900,184.8400,184.7300,184.75,2174.45,1753573499999,401830.579600,574,790.19,146042.618900,0
1753573500000,184.7500,184.7800,184.6400,184.65,3940.75,1753573559999,727840.828500,834,473.35,87441.436300,0
1753573560000,184.6400,184.7000,184.6000,184.64,2831.03,1753573619999,522708.966300,644,1239.89,228931.695700,0
1753573620000,184.6500,184.7200,184.5900,184.61,7477.44,1753573679999,1380824.384000,817,2196.55,405598.643200,0
1753573680000,184.6100,184.7000,184.5600,184.68,4252.02,1753573739999,785121.944600,682,1927.74,355921.191200,0
1753573740000,184.6800,184.7500,184.6500,184.69,5553.94,1753573799999,1025877.259900,592,2696.81,498104.661100,0
1753573800000,184.6800,184.7000,184.6300,184.64,2587.59,1753573859999,477830.197900,483,1647.80,304281.281300,0
1753573860000,184.6300,184.7200,184.5600,184.64,9675.73,1753573919999,1786267.404000,1085,2233.18,412320.604800,0
1753573920000,184.6400,184.7400,184.6400,184.74,2997.04,1753573979999,553530.057600,506,1544.43,285254.818700,0
1753573980000,184.7300,184.8000,184.7200,184.77,2602.93,1753574039999,480900.359300,395,1242.03,229471.117500,0
1753574040000,184.7700,184.8500,184.7600,184.85,2869.49,1753574099999,530272.631600,409,2645.84,488939.623800,0
1753574100000,184.8500,184.8500,184.7400,184.79,6071.83,1753574159999,1122058.814100,642,2079.24,384195.014500,0
1753574160000,184.7900,184.8700,184.7900,184.85,2761.89,1753574219999,510486.076700,481,2109.43,389877.568900,0
1753574220000,184.8500,184.8600,184.7500,184.76,2060.87,1753574279999,380818.823000,494,595.99,110131.833500,0
1753574280000,184.7700,184.7700,184.7200,184.73,2659.14,1753574339999,491272.173300,444,1073.25,198286.585400,0
1753574340000,184.7300,184.8300,184.7000,184.82,2764.74,1753574399999,510785.953300,530,2061.04,380786.151600,0
1753574400000,184.8200,184.8700,184.7400,184.75,8738.61,1753574459999,1615104.646200,1166,4684.04,865772.594100,0
1753574460000,184.7500,184.7500,184.6400,184.71,7967.54,1753574519999,1471616.139800,868,3858.65,712687.556400,0
1753574520000,184.7000,184.7400,184.6000,184.61,5146.07,1753574579999,950230.502000,713,1074.38,198400.201200,0
1753574580000,184.6100,184.6100,184.4800,184.53,15630.07,1753574639999,2884204.700100,1355,4635.70,855423.783800,0
1753574640000,184.5300,184.6000,184.5300,184.59,2572.05,1753574699999,474698.405700,522,1017.77,187843.168800,0
1753574700000,184.5900,184.7200,184.4700,184.64,9191.77,1753574759999,1696793.640700,1152,5387.94,994581.135600,0
1753574760000,184.6400,184.8700,184.6300,184.81,11658.75,1753574819999,2154334.553700,944,7326.02,1353492.398200,0
1753574820000,184.8100,184.8200,184.7400,184.79,5225.77,1753574879999,965731.000700,433,1287.84,237997.306700,0
1753574880000,184.8000,184.8600,184.6300,184.63,4616.41,1753574939999,852709.923100,757,1703.87,314785.030000,0
1753574940000,184.6300,184.6700,184.5900,184.6,2210.17,1753574999999,408060.636200,555,1210.23,223435.605800,0
1753575000000,184.6000,184.6900,184.5900,184.67,4089.51,1753575059999,755133.781600,604,2225.76,410990.984600,0
1753575060000,184.6800,184.8300,184.6700,184.76,12122.07,1753575119999,2239754.523900,1002,5661.85,1045968.105900,0
1753575120000,184.7700,184.7800,184.6500,184.76,4944.04,1753575179999,913304.943000,744,1654.97,305692.972600,0
1753575180000,184.7700,184.8900,184.7100,184.8,7125.30,1753575239999,1316803.572600,877,3736.71,690587.308700,0
1753575240000,184.8100,184.9800,184.8100,184.93,7466.30,1753575299999,1380688.319900,781,6576.10,1216056.295900,0
1753575300000,184.9400,184.9400,184.9000,184.91,4011.18,1753575359999,741783.109800,1011,1362.61,251985.552200,0
1753575360000,184.9000,184.9000,184.7800,184.88,4953.37,1753575419999,915571.749700,841,2986.44,551972.323200,0
1753575420000,184.8800,185.0300,184.8800,185.03,7855.50,1753575479999,1453020.171200,1042,5715.02,1057149.851700,0
1753575480000,185.0400,185.1100,185.0300,185.11,5045.03,1753575539999,933736.960000,831,3616.36,669322.544500,0
1753575540000,185.1200,185.1200,185.0100,185.01,4470.01,1753575599999,827206.697900,588,2192.36,405701.335700,0
1753575600000,185.0200,185.1600,185.0200,185.15,3909.99,1753575659999,723781.763500,720,2719.16,503345.521000,0
1753575660000,185.1400,185.2000,185.1200,185.2,4937.63,1753575719999,914192.227000,761,2829.22,523847.701800,0
1753575720000,185.2000,185.2200,185.1000,185.17,9899.54,1753575779999,1833148.633300,802,3058.04,566241.498900,0
1753575780000,185.1600,185.2200,185.1600,185.18,6269.11,1753575839999,1160950.614100,669,4056.53,751187.102200,0
1753575840000,185.1800,185.2500,185.1300,185.16,13333.56,1753575899999,2469550.036300,1022,8681.64,1608071.926000,0
1753575900000,185.1700,185.1800,185.0500,185.05,9449.44,1753575959999,1749285.329000,644,2453.31,454112.323400,0
1753575960000,185.0500,185.0600,184.9700,184.98,5747.05,1753576019999,1063244.604600,580,2589.80,479128.395600,0
1753576020000,184.9700,185.1800,184.9700,185.18,4918.17,1753576079999,910182.468100,746,4737.08,876671.412500,0
1753576080000,185.1700,185.2600,185.1400,185.21,5497.84,1753576139999,1018231.001900,724,3624.24,671208.164700,0
1753576140000,185.2200,185.3300,185.2100,185.31,4955.82,1753576199999,918267.239200,804,3807.05,705401.230500,0
1753576200000,185.3200,185.3200,185.1800,185.19,3275.69,1753576259999,606930.542300,644,2258.50,418460.779900,0
1753576260000,185.2000,185.2300,185.1600,185.23,4589.27,1753576319999,849902.734900,713,2605.25,482484.070900,0
1753576320000,185.2300,185.3100,185.2200,185.27,2240.29,1753576379999,415068.994700,643,1444.24,267573.755900,0
1753576380000,185.2700,185.3700,185.2700,185.37,2671.54,1753576439999,495049.484000,638,2304.28,426998.492600,0
1753576440000,185.3700,185.4700,185.3600,185.37,6774.84,1753576499999,1256140.041100,1096,3761.93,697510.442200,0
1753576500000,185.3700,185.4400,185.3400,185.34,5041.39,1753576559999,934645.292000,720,2661.71,493486.893900,0
1753576560000,185.3500,185.3500,185.1700,185.23,4418.75,1753576619999,818669.573500,766,2077.89,384948.259600,0
1753576620000,185.2200,185.3100,185.2100,185.28,3796.81,1753576679999,703361.588600,647,2625.20,486307.203800,0
1753576680000,185.2900,185.3900,185.2900,185.34,3331.46,1753576739999,617446.614100,596,2143.45,397254.444700,0
1753576740000,185.3300,185.3600,185.2900,185.31,3727.81,1753576799999,690886.296700,528,2206.38,408923.203600,0
1753576800000,185.3100,185.4600,185.3100,185.43,2159.11,1753576859999,400308.277600,617,1392.58,258163.924600,0
1753576860000,185.4200,185.4200,185.1400,185.17,5588.71,1753576919999,1035221.646900,803,886.75,164274.973100,0
1753576920000,185.1600,185.2100,184.9300,184.93,7812.78,1753576979999,1445683.829400,1162,1237.63,229039.876800,0
1753576980000,184.9300,185.0400,184.9300,185.04,5064.98,1753577039999,936861.481500,746,3784.87,700093.468500,0
1753577040000,185.0300,185.1000,184.9900,185.1,2011.74,1753577099999,372230.734900,584,551.82,102115.706900,0
1753577100000,185.0900,185.1800,184.9700,184.98,3990.47,1753577159999,738619.099200,883,1820.05,336919.320300,0
1753577160000,184.9700,185.0400,184.8400,184.87,8148.94,1753577219999,1507116.709000,1099,3667.23,678286.730500,0
1753577220000,184.8800,184.9400,184.8300,184.83,3256.47,1753577279999,602093.539100,588,1159.02,214291.936900,0
1753577280000,184.8300,184.9400,184.8200,184.89,4659.25,1753577339999,861425.840600,912,1585.78,293150.687800,0
1753577340000,184.8900,185.0500,184.8300,185.0,5092.57,1753577399999,941765.277800,885,2830.36,523423.705700,0
1753577400000,184.9900,185.1500,184.9500,185.09,2738.90,1753577459999,506845.536800,765,1414.22,261686.860600,0
1753577460000,185.0800,185.2900,185.0800,185.26,2938.65,1753577519999,544269.538500,961,2317.42,429224.767200,0
1753577520000,185.2700,185.3800,185.2700,185.34,5009.50,1753577579999,928392.760900,876,3487.93,646393.319400,0
1753577580000,185.3300,185.3300,185.0900,185.16,4989.11,1753577639999,924055.240100,834,1711.46,316913.381100,0
1753577640000,185.1700,185.2200,185.0900,185.09,1965.28,1753577699999,363928.917900,539,573.70,106222.454200,0
1753577700000,185.0900,185.1600,185.0000,185.16,2079.99,1753577759999,384931.623400,621,1179.31,218250.159300,0
1753577760000,185.1600,185.1700,185.1100,185.17,2935.44,1753577819999,543448.577000,521,1958.64,362614.468600,0
1753577820000,185.1600,185.3200,185.1600,185.3,2252.94,1753577879999,417331.962900,656,1353.77,250767.120000,0
1753577880000,185.2900,185.4200,185.2800,185.37,3280.51,1753577939999,608032.350000,658,2614.77,484622.688500,0
1753577940000,185.3700,185.4500,185.3500,185.44,7252.69,1753577999999,1344632.922000,1051,6145.44,1139370.527100,0
1753578000000,185.4400,185.5700,185.4400,185.49,7366.52,1753578059999,1366665.375300,1524,3546.76,657960.528800,0
1753578060000,185.4900,185.4900,185.2500,185.27,5391.92,1753578119999,999243.924600,914,1162.53,215492.823400,0
1753578120000,185.2600,185.2700,185.1800,185.23,3210.92,1753578179999,594707.404500,627,1740.58,322374.573300,0
1753578180000,185.2400,185.2500,185.1200,185.16,6032.47,1753578239999,1117070.653600,883,2323.04,430169.860100,0
1753578240000,185.1600,185.1600,185.0700,185.15,4823.08,1753578299999,892827.044100,884,1271.38,235357.533600,0
1753578300000,185.1500,185.2600,185.1400,185.24,3374.59,1753578359999,625028.351700,690,1828.34,338623.993900,0
1753578360000,185.2400,185.3600,185.2400,185.36,5565.91,1753578419999,1031152.881300,758,3980.98,737514.958200,0
1753578420000,185.3600,185.5700,185.3600,185.57,7222.94,1753578479999,1339816.417700,1067,5232.48,970531.114900,0
1753578480000,185.5700,185.7800,185.5700,185.75,13286.53,1753578539999,2467211.730200,1935,10879.06,2020230.060700,0
1753578540000,185.7500,185.8000,185.6400,185.77,5932.19,1753578599999,1101775.118300,1009,3623.11,672902.785200,0
1753578600000,185.7600,185.9200,185.6900,185.91,15133.27,1753578659999,2812206.313020,1833,11038.50,2051310.390120,0
1753578660000,185.9100,185.9900,185.8900,185.95,8693.61,1753578719999,1616536.753200,1299,6055.84,1126078.491000,0
1753578720000,185.9500,186.0100,185.9400,185.96,14298.56,1753578779999,2659151.545500,2946,7393.48,1375030.244000,0
1753578780000,185.9600,186.0400,185.9000,186.04,5623.48,1753578839999,1045803.912100,996,3870.85,719880.844200,0
1753578840000,186.0400,186.0400,185.9200,185.93,5917.88,1753578899999,1100503.218300,679,1911.94,355497.253800,0
1753578900000,185.9300,185.9900,185.8500,185.86,6199.90,1753578959999,1152759.563100,902,3659.95,680519.064300,0
1753578960000,185.8600,185.9400,185.7600,185.89,6598.33,1753579019999,1226174.905000,1159,4235.74,787175.867400,0
1753579020000,185.8900,186.0000,185.8800,185.95,3709.32,1753579079999,689795.150600,736,2524.29,469411.246500,0
1753579080000,185.9600,186.0000,185.9000,185.92,3961.65,1753579139999,736680.147300,609,1961.67,364787.049700,0
1753579140000,185.9100,185.9500,185.8700,185.88,6497.28,1753579199999,1207823.550000,730,2521.03,468677.341600,0
1753579200000,185.8800,186.1400,185.8300,185.83,37845.76,1753579259999,7039149.626750,2412,31991.52,5950354.212350,0
1753579260000,185.8400,185.9700,185.8100,185.81,9126.93,1753579319999,1696372.082900,1053,5826.04,1082870.149100,0
1753579320000,185.8200,186.0100,185.8200,185.99,3218.71,1753579379999,598425.571300,754,2665.81,495631.175800,0
1753579380000,185.9900,186.1700,185.9900,186.08,9925.88,1753579439999,1847062.809300,1205,7509.58,1397470.900900,0
1753579440000,186.0800,186.1300,186.0600,186.13,5531.11,1753579499999,1029303.266100,722,3183.62,592478.515900,0
1753579500000,186.1300,186.1600,186.0900,186.13,6328.07,1753579559999,1177801.294200,739,3601.97,670432.251100,0
1753579560000,186.1300,186.1700,186.0300,186.12,7725.67,1753579619999,1437649.905000,884,3544.45,659574.299700,0
1753579620000,186.1300,186.1300,185.9300,185.95,5473.06,1753579679999,1017962.432700,704,2379.26,442512.764900,0
1753579680000,185.9500,186.1000,185.9400,186.06,6747.85,1753579739999,1254924.677900,756,3276.41,609346.647200,0
1753579740000,186.0600,186.2400,186.0600,186.2,17301.10,1753579799999,3221128.269600,1460,14907.50,2775553.716100,0
1753579800000,186.1900,186.2100,186.0700,186.15,11185.54,1753579859999,2082295.655800,1208,8731.63,1625477.718500,0
1753579860000,186.1400,186.2200,186.1300,186.14,6613.39,1753579919999,1231314.796800,904,2615.78,486975.821400,0
1753579920000,186.1400,186.3500,186.0800,186.19,11367.33,1753579979999,2117044.047600,1470,7901.85,1471509.530300,0
1753579980000,186.1800,186.3200,186.1400,186.3,12196.76,1753580039999,2271689.121300,1212,10018.96,1866143.718400,0
1753580040000,186.3000,186.4000,186.2800,186.38,12077.95,1753580099999,2250857.519300,1111,5169.20,963299.266300,0
1753580100000,186.3700,186.4800,186.3500,186.39,12923.40,1753580159999,2409271.375600,1160,7929.92,1478393.651800,0
1753580160000,186.3900,186.4000,186.2600,186.32,6828.43,1753580219999,1272243.163100,1015,5041.94,939385.710100,0
1753580220000,186.3200,186.3600,186.2700,186.29,4665.12,1753580279999,869128.472300,600,2849.29,530830.263900,0
1753580280000,186.2800,186.4500,186.2800,186.45,8540.27,1753580339999,1591872.156800,931,7169.40,1336396.200400,0
1753580340000,186.4500,186.5000,186.3400,186.37,11989.04,1753580399999,2235027.746700,1310,5753.17,1072631.132700,0
1753580400000,186.3600,186.4800,186.3200,186.45,10116.54,1753580459999,1885809.948500,1088,7933.77,1478895.779800,0
1753580460000,186.4400,186.4900,186.3400,186.46,7372.60,1753580519999,1374407.102800,1131,3528.58,657836.829600,0
1753580520000,186.4500,186.4500,186.3400,186.36,5278.79,1753580579999,983841.104200,666,1965.14,366247.428700,0
1753580580000,186.3500,186.5400,186.3500,186.43,11890.11,1753580639999,2217045.466900,1487,8607.63,1605065.782900,0
1753580640000,186.4300,186.4400,186.3900,186.39,4815.88,1753580699999,897751.013900,638,1991.08,371177.204100,0
1753580700000,186.3900,186.4000,186.1300,186.2,14706.23,1753580759999,2738705.142800,1504,5964.38,1110648.326200,0
1753580760000,186.1900,186.2000,186.0500,186.15,21663.10,1753580819999,4031516.521400,1647,13636.13,2537678.598000,0
1753580820000,186.1500,186.3600,186.1500,186.31,12068.40,1753580879999,2247772.778200,1146,8244.52,1535559.935700,0
1753580880000,186.3100,186.3600,186.2900,186.34,9139.22,1753580939999,1702869.259500,1053,6261.87,1166736.802700,0
1753580940000,186.3300,186.4800,186.3300,186.44,9640.15,1753580999999,1797015.259000,907,7048.52,1313931.339000,0
1753581000000,186.4400,186.4400,186.2600,186.28,5390.82,1753581059999,1004732.648700,961,2486.49,463426.991700,0
1753581060000,186.2800,186.2900,186.1400,186.22,5107.81,1753581119999,951032.380500,926,2115.23,393769.179400,0
1753581120000,186.2300,186.2400,186.1000,186.24,2866.33,1753581179999,533601.908400,695,783.18,145794.132300,0
1753581180000,186.2300,186.3400,186.2200,186.31,2621.50,1753581239999,488267.620100,660,1623.03,302278.022500,0
1753581240000,186.3100,186.3200,186.1900,186.21,2035.46,1753581299999,379070.740500,641,1131.54,210722.009400,0
1753581300000,186.2100,186.2400,186.1500,186.15,3541.98,1753581359999,659524.483000,772,1454.50,270823.036900,0
1753581360000,186.1400,186.1800,186.1400,186.17,3122.07,1753581419999,581192.544800,561,2298.46,427864.135100,0
1753581420000,186.1700,186.2400,186.1600,186.24,1888.93,1753581479999,351739.225000,427,1102.98,205383.075600,0
1753581480000,186.2300,186.3100,186.1800,186.18,2348.74,1753581539999,437410.463700,638,868.24,161698.854200,0
1753581540000,186.1800,186.2500,186.1700,186.25,1381.00,1753581599999,257156.609900,396,521.96,97197.866100,0
1753581600000,186.2400,186.2800,186.1100,186.11,5100.93,1753581659999,949669.207600,882,864.72,160976.114100,0
1753581660000,186.1100,186.1800,186.1100,186.13,4087.50,1753581719999,760864.939400,808,2348.03,437056.458900,0
1753581720000,186.1300,186.1400,186.1000,186.13,2748.56,1753581779999,511562.215400,501,1282.47,238695.475200,0
1753581780000,186.1300,186.1400,185.8500,185.85,13225.08,1753581839999,2459297.396100,1474,1578.70,293541.022800,0
1753581840000,185.8500,185.9100,185.8400,185.91,6171.18,1753581899999,1147064.127400,767,3877.83,720781.423800,0
1753581900000,185.9100,185.9100,185.7900,185.8,5931.46,1753581959999,1102318.343500,889,979.96,182125.743200,0
1753581960000,185.7900,185.8100,185.7800,185.78,3013.06,1753582019999,559818.092600,531,669.38,124371.683900,0
1753582020000,185.7800,185.8200,185.7600,185.79,4346.64,1753582079999,807530.610400,689,1494.77,277708.283400,0
1753582080000,185.7800,185.9300,185.7800,185.9,5114.69,1753582139999,950733.369300,775,2997.33,557089.866000,0
1753582140000,185.9100,186.0700,185.9000,186.07,3383.80,1753582199999,629282.442700,721,2356.90,438337.137400,0
1753582200000,186.0700,186.0900,186.0000,186.07,4639.26,1753582259999,863167.487900,758,1990.14,370276.477100,0
1753582260000,186.0800,186.2200,186.0800,186.22,10896.21,1753582319999,2028483.784300,1234,8082.43,1504678.074200,0
1753582320000,186.2100,186.3600,186.1900,186.34,5328.75,1753582379999,992678.741100,1033,3723.81,693701.274400,0
1753582380000,186.3400,186.3700,186.2700,186.28,2636.31,1753582439999,491184.770600,640,1155.04,215193.207900,0
1753582440000,186.2700,186.3700,186.2700,186.34,3996.71,1753582499999,744670.996000,635,3370.32,627956.427700,0
1753582500000,186.3400,186.4900,186.3400,186.48,3832.77,1753582559999,714459.938100,770,3496.76,651826.506100,0
1753582560000,186.4800,186.5500,186.4400,186.54,4941.92,1753582619999,921590.475900,915,2994.30,558397.546200,0
1753582620000,186.5400,186.6200,186.4900,186.56,14487.95,1753582679999,2702594.771500,1347,6667.94,1243841.844700,0
1753582680000,186.5700,186.6400,186.3800,186.38,11965.93,1753582739999,2232075.414700,1339,6739.99,1257446.672200,0
1753582740000,186.3800,186.4400,186.3400,186.35,2623.10,1753582799999,488904.925100,427,709.08,132175.885200,0
1753582800000,186.3400,186.4200,186.3400,186.37,1797.85,1753582859999,335083.709100,443,1308.60,243897.639700,0
1753582860000,186.3700,186.4500,186.3100,186.45,3148.04,1753582919999,586646.379500,672,943.66,175861.850000,0
1753582920000,186.4400,186.4800,186.3700,186.38,3558.39,1753582979999,663469.886400,603,2087.57,389236.901600,0
1753582980000,186.3800,186.3800,186.2700,186.28,2513.87,1753583039999,468359.705200,542,720.48,134229.680200,0
1753583040000,186.2800,186.3000,186.2200,186.3,3985.81,1753583099999,742347.718200,748,2336.04,435075.782400,0
1753583100000,186.3000,186.3100,186.1500,186.15,2590.21,1753583159999,482340.030700,513,347.38,64689.764700,0
1753583160000,186.1500,186.3100,186.1400,186.27,3154.69,1753583219999,587528.627400,695,1970.22,366932.033600,0
1753583220000,186.2700,186.2700,186.1900,186.23,980.41,1753583279999,182581.230100,426,592.31,110302.799400,0
1753583280000,186.2400,186.2400,186.1200,186.13,1549.73,1753583339999,288510.010200,386,207.42,38611.718500,0
1753583340000,186.1200,186.1700,186.0400,186.04,4605.85,1753583399999,857186.921000,725,1646.11,306390.859600,0
1753583400000,186.0400,186.0600,186.0200,186.06,2363.61,1753583459999,439713.761600,546,1158.36,215498.737900,0
1753583460000,186.0600,186.0800,186.0000,186.08,3093.07,1753583519999,575421.318800,590,1723.14,320572.731400,0
1753583520000,186.0800,186.2500,186.0700,186.24,3576.30,1753583579999,665800.361300,665,3484.34,648679.257100,0
1753583580000,186.2400,186.2500,186.1500,186.15,4281.40,1753583639999,797249.338600,689,1410.51,262643.687700,0
1753583640000,186.1500,186.2600,186.1000,186.13,4185.67,1753583699999,779350.962500,707,2517.06,468632.933400,0
1753583700000,186.1300,186.1700,186.1200,186.15,2975.21,1753583759999,553859.697600,465,1120.94,208663.791800,0
1753583760000,186.1600,186.2700,186.1500,186.27,2432.25,1753583819999,452923.856800,741,1348.71,251155.314400,0
1753583820000,186.2600,186.3500,186.2400,186.35,3255.16,1753583879999,606434.469400,608,2704.47,503860.762700,0
1753583880000,186.3500,186.3700,186.3300,186.35,3444.15,1753583939999,641813.196100,402,1456.53,271429.985500,0
1753583940000,186.3400,186.4500,186.3400,186.42,6059.19,1753583999999,1129341.859500,762,3671.59,684326.214700,0
1753584000000,186.4300,186.4400,186.3900,186.43,2394.69,1753584059999,446425.588700,459,870.94,162365.946400,0
1753584060000,186.4300,186.4600,186.4200,186.44,3309.00,1753584119999,616936.827300,479,1075.08,200446.166100,0
1753584120000,186.4400,186.4500,186.4200,186.43,1648.34,1753584179999,307317.649400,258,1094.23,204011.952800,0
1753584180000,186.4300,186.4700,186.4100,186.46,3555.48,1753584239999,662906.003100,490,2276.58,424468.036500,0
1753584240000,186.4600,186.4700,186.4300,186.43,1412.30,1753584299999,263320.911200,323,590.70,110136.883300,0
1753584300000,186.4300,186.5500,186.4100,186.42,7897.48,1753584359999,1472901.541400,1630,2722.12,507661.270700,0
1753584360000,186.4100,186.4100,186.3700,186.4,3161.54,1753584419999,589285.530000,555,1467.66,273567.761100,0
1753584420000,186.3900,186.3900,186.2000,186.31,8256.46,1753584479999,1538433.587400,1038,1772.26,330105.756500,0
1753584480000,186.3100,186.4100,186.3000,186.4,2470.08,1753584539999,460321.048900,590,1568.59,292315.587700,0
1753584540000,186.4000,186.5200,186.3900,186.47,3386.92,1753584599999,631488.271500,575,2134.28,397910.085500,0
1753584600000,186.4700,186.5000,186.3700,186.38,3051.71,1753584659999,568957.543100,543,1579.53,294484.649600,0
1753584660000,186.3800,186.5200,186.3500,186.52,1851.76,1753584719999,345216.589800,465,1099.73,205019.833600,0
1753584720000,186.5200,186.6000,186.5100,186.59,4148.40,1753584779999,773893.372500,644,1989.67,371184.750700,0
1753584780000,186.6000,187.1000,186.5900,187.0,59553.60,1753584839999,11128356.891700,4950,49460.33,9241555.758800,0
1753584840000,187.0000,187.1100,186.9200,187.08,16419.36,1753584899999,3071136.002800,1661,9219.77,1724476.490000,0
1753584900000,187.0700,187.0800,186.8600,186.94,16320.03,1753584959999,3051094.774200,1371,9264.84,1731978.385500,0
1753584960000,186.9400,186.9800,186.9300,186.94,6561.64,1753585019999,1226721.073000,757,3266.08,610612.684500,0
1753585020000,186.9300,186.9400,186.8400,186.88,4686.27,1753585079999,875822.491400,688,2638.04,493022.225100,0
1753585080000,186.8800,186.8800,186.8200,186.87,6011.80,1753585139999,1123268.738700,708,3394.38,634218.148100,0
1753585140000,186.8600,187.0900,186.8600,187.07,11195.56,1753585199999,2093679.104700,1270,9331.77,1745162.152100,0
1753585200000,187.0700,187.4800,187.0700,187.4,69676.78,1753585259999,13054631.182400,5259,38185.50,7153074.861800,0
1753585260000,187.4000,187.4500,187.4000,187.4,19196.12,1753585319999,3597618.103100,4431,8623.05,1616100.520800,0
1753585320000,187.4100,187.4500,187.4000,187.44,13028.55,1753585379999,2441715.651200,4460,6835.68,1281119.730600,0
1753585380000,187.4500,187.5400,187.4400,187.52,18462.26,1753585439999,3461354.837820,1439,17228.20,3229986.038620,0
1753585440000,187.5200,187.6000,187.4000,187.4,26994.10,1753585499999,5060343.122760,1731,9432.77,1768890.333860,0
1753585500000,187.4000,187.4100,187.4000,187.4,5258.41,1753585559999,985440.602300,476,1456.83,273024.510300,0
1753585560000,187.4000,187.4100,186.5600,186.57,111869.07,1753585619999,20927876.693800,5701,11997.28,2242570.902500,0
1753585620000,186.5800,186.6900,186.5200,186.52,10876.88,1753585679999,2029657.110600,1427,4454.13,831171.300700,0
1753585680000,186.5200,186.5300,186.4100,186.43,12146.06,1753585739999,2264673.053800,1282,3148.37,587011.388700,0
1753585740000,186.4300,186.4600,186.2500,186.28,19875.79,1753585799999,3703508.802100,1807,4952.92,922798.985500,0
1753585800000,186.2900,186.4600,186.2900,186.41,7099.67,1753585859999,1323345.331100,1053,5585.61,1041101.602800,0
1753585860000,186.4100,186.4800,186.3700,186.45,3736.48,1753585919999,696554.339400,925,2681.61,499908.911100,0
1753585920000,186.4500,186.4500,186.3300,186.41,7672.44,1753585979999,1429939.516200,1032,5965.57,1111811.063200,0
1753585980000,186.4000,186.4200,186.3700,186.37,2499.99,1753586039999,465965.023700,513,1150.23,214391.356500,0
1753586040000,186.3800,186.4100,186.3500,186.35,3957.40,1753586099999,737575.650200,659,2531.33,471797.023700,0
1753586100000,186.3500,186.5500,186.3400,186.55,8239.79,1753586159999,1536107.260200,1549,5511.44,1027555.502000,0
1753586160000,186.5400,186.5600,186.4200,186.44,6720.95,1753586219999,1253439.855100,809,3718.42,693506.821600,0
1753586220000,186.4300,186.4800,186.3200,186.36,7147.17,1753586279999,1332254.285100,912,2529.31,471457.400700,0
1753586280000,186.3700,186.3700,186.3300,186.35,2085.33,1753586339999,388594.935400,376,912.58,170056.767900,0
1753586340000,186.3500,186.3600,186.3000,186.33,3322.25,1753586399999,619054.534300,555,1635.93,304829.835700,0
1753586400000,186.3300,186.3300,186.1800,186.24,7833.75,1753586459999,1458928.694800,1223,1965.72,366062.427300,0
1753586460000,186.2500,186.3500,186.2400,186.33,3204.73,1753586519999,597034.907500,669,1682.53,313439.949900,0
1753586520000,186.3200,186.4500,186.2400,186.44,4120.87,1753586579999,767857.039600,794,3086.27,575109.825300,0
1753586580000,186.4500,186.5100,186.4400,186.49,2804.73,1753586639999,523031.753600,501,1800.90,335824.964500,0
1753586640000,186.4900,186.4900,186.4000,186.47,4757.78,1753586699999,887103.255400,655,3024.63,563964.167800,0
1753586700000,186.4600,186.5000,186.4500,186.46,1769.03,1753586759999,329887.335900,398,1147.52,213988.945000,0
1753586760000,186.4600,186.5400,186.4600,186.52,3238.44,1753586819999,603978.719600,520,2261.35,421748.181300,0
1753586820000,186.5300,186.5500,186.4800,186.5,2790.40,1753586879999,520447.367200,472,2030.84,378782.472300,0
1753586880000,186.5000,186.6400,186.5000,186.61,3939.02,1753586939999,735021.812800,780,2638.71,492376.327800,0
1753586940000,186.6000,186.6800,186.5900,186.67,3656.33,1753586999999,682475.515100,644,2530.04,472248.711600,0
1753587000000,186.6800,186.7500,186.6500,186.66,14863.33,1753587059999,2774954.702100,1489,7479.47,1396447.595600,0
1753587060000,186.6500,186.8200,186.6500,186.8,3674.17,1753587119999,686118.719600,709,3015.74,563154.801800,0
1753587120000,186.8000,186.8300,186.7500,186.76,3784.95,1753587179999,707025.042500,796,2340.07,437112.577200,0
1753587180000,186.7500,186.7800,186.7300,186.74,2163.34,1753587239999,404004.982900,504,1097.54,204972.018500,0
1753587240000,186.7300,186.9300,186.6800,186.85,12783.24,1753587299999,2388471.787900,1573,7886.61,1473612.881800,0
1753587300000,186.8600,186.9800,186.8300,186.92,7254.50,1753587359999,1355809.085400,1021,5011.52,936608.255400,0
1753587360000,186.9200,187.0000,186.8700,186.96,6239.13,1753587419999,1166354.941800,1067,3570.24,667510.422100,0
1753587420000,186.9600,187.0500,186.9000,186.91,6245.26,1753587479999,1167765.547700,993,3657.64,683972.595800,0
1753587480000,186.9000,187.0400,186.9000,186.99,3306.12,1753587539999,618205.983800,743,1095.43,204812.062200,0
1753587540000,186.9900,187.2200,186.9900,187.2,6192.14,1753587599999,1158548.021500,1160,5422.41,1014517.197200,0
1753587600000,187.2000,187.2200,187.1700,187.18,2874.90,1753587659999,538168.896100,689,1966.08,368046.157300,0
1753587660000,187.1700,187.2000,187.1500,187.19,4402.67,1753587719999,824053.396900,595,2330.86,436274.897900,0
1753587720000,187.2000,187.2400,187.1600,187.2,4583.88,1753587779999,858121.793800,731,2809.24,525904.121500,0
1753587780000,187.2000,187.2000,187.0600,187.08,4039.40,1753587839999,755823.349700,857,1008.95,188798.689000,0
1753587840000,187.0700,187.1500,187.0100,187.13,3264.94,1753587899999,610804.481000,750,1912.73,357847.825000,0
1753587900000,187.1400,187.1900,187.0000,187.0,4879.10,1753587959999,912914.554500,1467,1993.10,372962.016200,0
1753587960000,187.0000,187.1300,187.0000,187.08,3671.40,1753588019999,686796.142400,730,2550.37,477085.741400,0
1753588020000,187.0800,187.1200,187.0800,187.09,3014.90,1753588079999,564092.685300,569,1827.22,341882.612100,0
1753588080000,187.0800,187.0900,187.0100,187.08,2625.59,1753588139999,491108.397200,698,1603.24,299876.085500,0
1753588140000,187.0700,187.1600,187.0700,187.15,2238.06,1753588199999,418799.188500,562,1422.56,266200.280200,0
1753588200000,187.1400,187.1600,187.0300,187.03,2455.97,1753588259999,459526.359400,818,869.24,162634.606100,0
1753588260000,187.0300,187.1100,187.0300,187.06,3814.06,1753588319999,713478.948500,658,1777.16,332452.141700,0
1753588320000,187.0600,187.1100,187.0100,187.09,2473.60,1753588379999,462735.728900,559,1045.83,195642.995500,0
1753588380000,187.0800,187.1900,187.0800,187.18,3907.77,1753588439999,731284.848400,733,2585.35,483787.041200,0
1753588440000,187.1900,187.2100,187.1500,187.18,4665.99,1753588499999,873360.993000,716,2540.89,475590.641300,0
1753588500000,187.1800,187.2500,187.1400,187.22,3158.76,1753588559999,591267.326100,661,1219.27,228243.803500,0
1753588560000,187.2100,187.2300,187.1500,187.17,3750.43,1753588619999,702056.882200,675,2011.54,376553.727500,0
1753588620000,187.1700,187.1700,187.0700,187.13,5373.20,1753588679999,1005533.881700,674,1054.09,197233.638000,0
1753588680000,187.1400,187.1400,187.0800,187.1,2133.02,1753588739999,399095.079400,397,670.42,125440.410200,0
1753588740000,187.1100,187.1500,187.0900,187.14,1575.17,1753588799999,294751.797300,432,697.49,130519.172300,0
1753588800000,187.1500,187.2800,187.1400,187.24,11268.58,1753588859999,2109670.402400,2011,7453.14,1395344.556900,0
1753588860000,187.2300,187.4200,187.2000,187.35,19098.48,1753588919999,3577002.402400,1886,13129.12,2458758.052700,0
1753588920000,187.3600,187.3800,187.2100,187.37,16520.80,1753588979999,3094568.193200,1572,8396.34,1572974.437600,0
1753588980000,187.3600,187.3600,187.2800,187.31,3198.67,1753589039999,599177.769400,672,1917.20,359128.711500,0
1753589040000,187.3100,187.3100,187.1900,187.27,2142.28,1753589099999,401126.199700,616,1509.87,282709.538800,0
1753589100000,187.2800,187.4100,187.2700,187.4,2547.63,1753589159999,477280.939100,720,1544.66,289376.693500,0
1753589160000,187.4000,187.5000,187.3800,187.48,5690.55,1753589219999,1066636.392300,1023,2455.12,460241.360700,0
1753589220000,187.4800,187.5400,187.3000,187.31,9349.92,1753589279999,1752758.797100,1145,3191.07,598244.181000,0
1753589280000,187.3000,187.3300,187.1700,187.17,6464.39,1753589339999,1210642.761300,829,2553.46,478244.423700,0
1753589340000,187.1700,187.1700,186.7300,186.75,24297.58,1753589399999,4540978.341800,2700,4708.42,879919.140000,0
1753589400000,186.7400,186.8700,186.7100,186.77,15361.47,1753589459999,2868992.056400,1609,7247.71,1353626.224900,0
1753589460000,186.7700,186.8400,186.7000,186.7,11421.34,1753589519999,2133187.292400,1326,4272.85,798052.929500,0
1753589520000,186.7000,186.7400,186.6000,186.66,13996.90,1753589579999,2612911.524700,1646,7924.98,1479528.955000,0
1753589580000,186.6500,186.8300,186.6500,186.78,9416.16,1753589639999,1758304.600500,1083,6620.92,1236385.055300,0
1753589640000,186.7800,186.8400,186.7400,186.83,6364.96,1753589699999,1188933.690700,839,5036.05,940686.133500,0
1753589700000,186.8300,187.0000,186.8000,186.98,2398.75,1753589759999,448328.768800,705,1685.62,315030.570200,0
1753589760000,186.9700,186.9900,186.8100,186.82,3011.68,1753589819999,562951.342100,766,738.73,138093.231300,0
1753589820000,186.8100,186.8800,186.7900,186.87,3609.52,1753589879999,674313.333100,543,1865.81,348556.926400,0
1753589880000,186.8700,186.8900,186.7500,186.76,5015.00,1753589939999,937056.248500,725,3290.28,614797.304200,0
1753589940000,186.7500,186.8700,186.7500,186.81,1932.38,1753589999999,360981.146200,482,1158.87,216493.197700,0
1753590000000,186.8200,186.8300,186.7500,186.76,1971.65,1753590059999,368291.130700,556,530.23,99042.550900,0
1753590060000,186.7600,186.7800,186.6700,186.67,2413.87,1753590119999,450765.409700,544,402.17,75107.214800,0
1753590120000,186.6700,186.8100,186.6400,186.81,3167.15,1753590179999,591310.597600,623,1481.60,276621.414100,0
1753590180000,186.8000,186.9800,186.8000,186.98,1687.57,1753590239999,315342.721000,506,1264.05,236194.193900,0
1753590240000,186.9700,187.1300,186.9500,187.13,5466.41,1753590299999,1022278.657500,748,2727.72,510153.745900,0
1753590300000,187.1200,187.1500,187.0300,187.03,5036.30,1753590359999,942268.835300,891,2284.48,427425.662700,0
1753590360000,187.0400,187.0500,186.8200,186.96,4398.20,1753590419999,822136.750700,1023,1204.64,225200.296000,0
1753590420000,186.9700,186.9900,186.9600,186.99,1253.91,1753590479999,234462.437100,262,682.16,127556.623700,0
1753590480000,186.9800,186.9900,186.9500,186.96,1072.56,1753590539999,200547.888000,407,258.69,48372.423300,0
1753590540000,186.9600,187.0200,186.9500,186.99,1877.79,1753590599999,351114.876600,450,1045.88,195560.564500,0
1753590600000,186.9900,187.0600,186.9000,186.94,4185.87,1753590659999,782737.001700,1322,2690.90,503186.303300,0
1753590660000,186.9500,186.9500,186.8700,186.93,3634.21,1753590719999,679290.115300,486,926.82,173232.990300,0
1753590720000,186.9300,187.0200,186.9200,187.01,1311.08,1753590779999,245132.145800,513,906.87,169561.298100,0
1753590780000,187.0200,187.1500,187.0000,187.09,2724.50,1753590839999,509706.473200,748,1715.62,320955.956000,0
1753590840000,187.1000,187.1600,187.0900,187.14,1751.65,1753590899999,327789.819800,448,1381.70,258560.949900,0
1753590900000,187.1500,187.2500,187.1300,187.24,2684.16,1753590959999,502442.723500,768,1575.64,294945.762500,0
1753590960000,187.2400,187.3600,187.2300,187.36,3554.90,1753591019999,665787.606000,898,2670.09,500071.732400,0
1753591020000,187.3600,187.4000,187.3200,187.4,4294.58,1753591079999,804707.633700,690,2876.22,538951.828100,0
1753591080000,187.4000,187.4000,187.1500,187.16,3850.57,1753591139999,721118.538000,933,1085.48,203268.928000,0
1753591140000,187.1600,187.2200,187.1000,187.22,2715.88,1753591199999,508294.505800,701,1236.34,231403.827000,0
1753591200000,187.2200,187.2500,187.1800,187.24,1474.09,1753591259999,275964.324800,454,1083.00,202747.333300,0
1753591260000,187.2400,187.3400,187.2100,187.23,8096.70,1753591319999,1516493.812600,1055,6409.69,1200547.873100,0
1753591320000,187.2400,187.3300,187.1500,187.33,4508.02,1753591379999,844045.356300,1033,2025.87,379334.083500,0
1753591380000,187.3300,187.3300,187.0900,187.13,2228.34,1753591439999,417139.791700,721,845.54,158262.871200,0
1753591440000,187.1300,187.2000,187.1300,187.19,1740.53,1753591499999,325802.802000,535,838.45,156945.631600,0
1753591500000,187.1900,187.2200,187.0800,187.15,3400.71,1753591559999,636412.425100,873,1292.75,241919.483200,0
1753591560000,187.1400,187.1700,187.1100,187.17,1685.15,1753591619999,315339.220500,560,824.47,154287.904400,0
1753591620000,187.1700,187.2200,187.1000,187.2,1659.08,1753591679999,310537.461000,602,780.25,146043.047400,0
1753591680000,187.1900,187.2200,186.9900,187.0,6639.26,1753591739999,1241901.962700,1148,1261.90,236079.275400,0
1753591740000,186.9900,187.0500,186.9100,186.95,8264.99,1753591799999,1545408.946000,1065,1340.15,250583.459700,0
1753591800000,186.9500,187.0500,186.9400,187.04,6370.38,1753591859999,1191156.504500,729,5750.88,1075321.190700,0
1753591860000,187.0500,187.1100,187.0400,187.09,1243.58,1753591919999,232643.211900,443,465.31,87044.814100,0
1753591920000,187.0800,187.2300,187.0800,187.23,6717.72,1753591979999,1257468.551300,928,5874.36,1099624.041400,0
1753591980000,187.2400,187.3200,187.1700,187.31,2255.17,1753592039999,422222.203800,715,1113.61,208514.563600,0
1753592040000,187.3200,187.3500,187.3000,187.35,2816.09,1753592099999,527535.342700,636,1416.88,265430.085300,0
1753592100000,187.3500,187.3800,187.2600,187.38,2660.62,1753592159999,498428.415200,801,1404.02,263026.673100,0
1753592160000,187.3800,187.4300,187.3700,187.38,2885.37,1753592219999,540716.862300,635,855.05,160234.131000,0
1753592220000,187.3800,187.3900,187.3000,187.31,3656.36,1753592279999,684971.234900,824,1560.72,292383.766600,0
1753592280000,187.3100,187.4000,187.2200,187.4,8716.26,1753592339999,1632367.050300,959,2636.00,493794.783300,0
1753592340000,187.3900,187.4400,187.3800,187.44,2604.96,1753592399999,488196.797000,512,1831.87,343324.809300,0
1753592400000,187.4400,187.4700,187.4000,187.42,8235.00,1753592459999,1543536.657300,1548,4503.48,844141.492400,0
1753592460000,187.4300,187.5000,187.3600,187.37,7734.64,1753592519999,1449891.456100,1075,4126.63,773542.566600,0
1753592520000,187.3700,187.3800,187.2200,187.27,5188.95,1753592579999,971655.819400,859,2428.68,454751.107200,0
1753592580000,187.2800,187.3700,187.2400,187.36,2281.24,1753592639999,427304.357100,710,966.93,181109.054200,0
1753592640000,187.3600,187.4800,187.3500,187.48,2421.78,1753592699999,453967.736500,578,1346.52,252400.857300,0
1753592700000,187.4700,187.4700,187.4000,187.42,2978.04,1753592759999,558187.950900,700,722.11,135344.434900,0
1753592760000,187.4200,187.5100,187.4200,187.51,5519.36,1753592819999,1034833.529200,728,2630.09,493112.158900,0
1753592820000,187.5100,187.5300,187.4400,187.47,1990.69,1753592879999,373263.234900,515,992.93,186177.640300,0
1753592880000,187.4800,187.5000,187.3500,187.35,3558.94,1753592939999,667040.949600,759,1069.64,200508.354400,0
1753592940000,187.3500,187.3900,187.3300,187.33,2581.92,1753592999999,483776.455300,513,837.89,156994.754900,0
1753593000000,187.3400,187.3600,187.2700,187.34,3090.34,1753593059999,578838.616400,667,1545.36,289476.533800,0
1753593060000,187.3400,187.4500,187.3400,187.39,2410.74,1753593119999,451750.738700,566,1599.71,299754.678700,0
1753593120000,187.3900,187.4800,187.3800,187.4,2031.80,1753593179999,380854.852400,564,849.03,159147.570100,0
1753593180000,187.3900,187.5900,187.3900,187.54,4881.39,1753593239999,915307.230400,873,3893.48,730053.452700,0
1753593240000,187.5400,187.6000,187.5100,187.58,3801.31,1753593299999,713025.888900,784,2505.62,470000.567300,0
1753593300000,187.5900,187.6200,187.5400,187.57,7458.39,1753593359999,1399136.574200,1702,4818.96,904011.637500,0
1753593360000,187.5600,187.6600,187.5600,187.64,7655.77,1753593419999,1436324.001300,1266,4869.20,913525.313800,0
1753593420000,187.6400,187.7400,187.6300,187.73,23247.31,1753593479999,4363245.879200,1842,18156.72,3407923.580300,0
1753593480000,187.7400,187.8000,187.7300,187.8,4457.47,1753593539999,836995.911300,979,3381.04,634883.282100,0
1753593540000,187.8000,187.8600,187.7400,187.75,12497.12,1753593599999,2346997.537600,1345,6830.95,1282965.223500,0
1753593600000,187.7500,187.7900,187.5100,187.53,7093.15,1753593659999,1330891.484700,1303,2409.52,452064.511500,0
1753593660000,187.5300,187.5400,187.4300,187.48,13366.00,1753593719999,2505800.130400,1271,3144.04,589412.826500,0
1753593720000,187.4700,187.5700,187.3600,187.53,8571.77,1753593779999,1606821.938400,1059,2665.24,499676.969300,0
1753593780000,187.5400,187.5900,187.4400,187.56,7905.90,1753593839999,1482617.512100,1437,3852.91,722559.071200,0
1753593840000,187.5700,187.9200,187.5700,187.8,23967.90,1753593899999,4501221.535400,2985,11816.74,2219222.595900,0
1753593900000,187.8000,187.9500,187.7200,187.92,10220.39,1753593959999,1919959.727200,1323,6849.02,1286684.552600,0
1753593960000,187.9200,187.9700,187.7500,187.92,9061.60,1753594019999,1702291.521400,1594,4540.46,853033.027100,0
1753594020000,187.9200,188.0800,187.9200,188.06,15711.20,1753594079999,2954190.440400,2148,9572.29,1799874.865700,0
1753594080000,188.0500,188.1700,187.9500,188.07,16465.51,1753594139999,3096391.699600,2132,7463.82,1403813.804800,0
1753594140000,188.0700,188.2000,188.0700,188.13,7615.12,1753594199999,1432860.232300,1231,4250.57,799792.708900,0
1753594200000,188.1300,188.1300,187.8800,187.92,15449.43,1753594259999,2904029.945200,2575,3902.84,733616.611800,0
1753594260000,187.9100,187.9400,187.7600,187.94,8966.03,1753594319999,1684312.164900,1382,3656.08,686835.836600,0
1753594320000,187.9400,187.9700,187.8400,187.88,4463.66,1753594379999,838781.710000,1124,1973.82,370894.751700,0
1753594380000,187.8800,187.9200,187.7800,187.85,14373.69,1753594439999,2700307.469700,1549,9581.68,1800071.620000,0
1753594440000,187.8600,187.9500,187.7900,187.94,11478.51,1753594499999,2156235.720800,1262,6231.15,1170555.198900,0
1753594500000,187.9300,188.0000,187.8600,187.86,8910.83,1753594559999,1674694.319400,1248,3290.44,618411.457800,0
1753594560000,187.8500,187.9600,187.8500,187.92,4247.78,1753594619999,798254.384600,789,2700.19,507422.720300,0
1753594620000,187.9300,187.9500,187.7300,187.85,6551.83,1753594679999,1231085.748500,1022,3556.62,668329.596800,0
1753594680000,187.8500,188.0500,187.8400,188.05,16580.13,1753594739999,3117163.440100,1401,7475.31,1405198.793200,0
1753594740000,188.0500,188.2900,188.0200,188.26,16376.57,1753594799999,3082349.824300,1819,14183.68,2669602.751300,0
1753594800000,188.2500,188.3000,188.1600,188.27,16861.80,1753594859999,3173986.493300,1904,5134.01,966375.123800,0
1753594860000,188.2700,188.2700,187.9200,187.93,7310.73,1753594919999,1374744.448100,1633,2639.55,496301.807300,0
1753594920000,187.9300,188.1400,187.9300,188.08,5830.21,1753594979999,1096380.269300,1166,3950.36,742894.316000,0
1753594980000,188.0700,188.1200,187.9000,187.9,5278.25,1753595039999,992472.584000,873,2817.98,529914.234700,0
1753595040000,187.9000,187.9800,187.8900,187.9,14977.16,1753595099999,2814681.541800,1309,11630.81,2185827.369300,0
1753595100000,187.9000,187.9000,187.8100,187.82,3741.00,1753595159999,702745.798800,1532,1744.14,327630.075800,0
1753595160000,187.8100,187.8400,187.6800,187.83,9293.98,1753595219999,1744993.530500,1586,2837.04,532712.650600,0
1753595220000,187.8300,187.8400,187.6500,187.71,7695.80,1753595279999,1444677.661000,1289,3755.93,705045.079200,0
1753595280000,187.7200,187.7600,187.4300,187.46,66961.95,1753595339999,12556073.765000,3628,21440.50,4019422.474700,0
1753595340000,187.4600,187.5000,187.4300,187.49,5733.02,1753595399999,1074733.965200,964,2315.98,434161.679000,0
1753595400000,187.4800,187.5300,187.4100,187.47,8988.46,1753595459999,1685083.176500,1308,2931.48,549593.990600,0
1753595460000,187.4800,187.5800,187.4600,187.54,2825.94,1753595519999,529928.704300,675,2064.43,387139.287400,0
1753595520000,187.5400,187.6000,187.4500,187.46,6756.25,1753595579999,1266900.026300,1031,3390.15,635728.603900,0
1753595580000,187.4700,187.6300,187.4700,187.62,2342.63,1753595639999,439351.687800,596,1484.65,278470.213500,0
1753595640000,187.6100,187.6400,187.5800,187.61,2723.13,1753595699999,510882.857000,527,1991.94,373706.035600,0
1753595700000,187.6000,187.6500,187.5700,187.63,1822.81,1753595759999,341981.833800,432,1378.81,258686.915400,0
1753595760000,187.6200,187.8200,187.5800,187.73,6522.83,1753595819999,1224472.383200,1133,4056.02,761399.618400,0
1753595820000,187.7300,187.7500,187.6600,187.75,2500.53,1753595879999,469358.528500,732,1594.75,299340.994700,0
1753595880000,187.7500,187.8100,187.7500,187.78,5031.52,1753595939999,944820.809000,683,2986.15,560749.383100,0
1753595940000,187.7700,187.8300,187.7400,187.8,5177.17,1753595999999,972247.075800,677,3967.92,745152.501600,0
1753596000000,187.8000,187.8200,187.6700,187.7,4255.36,1753596059999,798921.597100,1522,2364.66,443959.921900,0
1753596060000,187.7000,187.7400,187.6500,187.69,4394.60,1753596119999,824899.977900,921,1891.31,355018.768700,0
1753596120000,187.6800,187.7800,187.6800,187.77,3066.47,1753596179999,575716.213700,791,1497.55,281150.863100,0
1753596180000,187.7800,187.9300,187.7700,187.93,3268.00,1753596239999,613905.641300,887,2141.87,402354.765000,0
1753596240000,187.9200,187.9800,187.9200,187.97,2965.84,1753596299999,557433.297300,734,1918.35,360563.811500,0
1753596300000,187.9700,187.9700,187.7200,187.72,3863.75,1753596359999,725837.938500,950,445.72,83734.299900,0
1753596360000,187.7200,187.7500,187.6200,187.62,2280.46,1753596419999,428015.323100,705,523.54,98284.933700,0
1753596420000,187.6200,187.6500,187.4400,187.44,5722.14,1753596479999,1073206.353100,1111,997.70,187176.100600,0
1753596480000,187.4400,187.5400,187.3900,187.48,6508.82,1753596539999,1220131.173200,1020,2771.69,519596.390200,0
1753596540000,187.4800,187.4800,187.3100,187.34,11007.52,1753596599999,2062505.077000,1519,2381.16,446148.955100,0
1753596600000,187.3500,187.3900,187.3000,187.31,10371.82,1753596659999,1943169.868900,1291,3697.11,692651.942700,0
1753596660000,187.3100,187.4900,187.3000,187.39,8120.90,1753596719999,1521950.135500,1552,4238.54,794303.185300,0
1753596720000,187.3900,187.4000,187.2400,187.32,9852.34,1753596779999,1845394.467500,1356,2901.37,543424.589000,0
1753596780000,187.3200,187.4600,187.3100,187.45,4903.84,1753596839999,918899.833600,762,3324.79,623033.212800,0
1753596840000,187.4600,187.4600,187.3200,187.37,3608.10,1753596899999,676101.129700,779,1260.39,236164.619300,0
1753596900000,187.3600,187.3700,187.3300,187.35,1530.82,1753596959999,286813.184900,507,505.49,94709.616200,0
1753596960000,187.3600,187.5100,187.3500,187.5,4824.28,1753597019999,904315.678200,677,4004.66,750663.055500,0
1753597020000,187.4900,187.4900,187.4000,187.41,3108.44,1753597079999,582660.936400,693,640.97,120135.895200,0
1753597080000,187.4000,187.4500,187.4000,187.45,1211.28,1753597139999,227037.590700,574,746.12,139853.242800,0
1753597140000,187.4400,187.5800,187.3900,187.52,5885.95,1753597199999,1103459.145000,998,3037.28,569487.973600,0
1753597200000,187.5100,187.6300,187.5100,187.54,2860.68,1753597259999,536611.819000,867,1700.62,319014.891700,0
1753597260000,187.5300,187.5800,187.4800,187.48,5944.20,1753597319999,1114690.912300,999,2789.59,523133.285600,0
1753597320000,187.4700,187.5200,187.4500,187.45,1721.32,1753597379999,322722.047500,577,627.39,117626.226000,0
1753597380000,187.4600,187.6100,187.4300,187.59,5153.39,1753597439999,966599.399700,716,3958.63,742515.961200,0
1753597440000,187.5800,187.5900,187.4500,187.48,3814.24,1753597499999,715290.261600,889,471.62,88433.979100,0
1753597500000,187.4700,187.4700,187.2700,187.41,9313.62,1753597559999,1745050.322600,1413,2996.50,561354.302500,0
1753597560000,187.4100,187.4100,187.2600,187.29,5397.59,1753597619999,1010925.294100,905,520.46,97489.302400,0
1753597620000,187.2900,187.3000,187.0400,187.04,13035.17,1753597679999,2440174.718200,2042,4423.42,828238.264600,0
1753597680000,187.0400,187.1400,187.0200,187.12,9025.78,1753597739999,1688692.306800,1149,3849.50,720233.527900,0
1753597740000,187.1200,187.2000,187.1100,187.13,7625.52,1753597799999,1427099.258300,952,4604.89,861803.338000,0
1753597800000,187.1400,187.1700,187.0800,187.09,8020.13,1753597859999,1500739.898600,1069,3505.58,655950.789200,0
1753597860000,187.0800,187.1400,187.0400,187.13,7101.11,1753597919999,1328569.824600,751,4156.94,777778.714700,0
1753597920000,187.1300,187.2300,187.1200,187.22,2523.47,1753597979999,472367.464900,488,1556.03,291280.029300,0
1753597980000,187.2300,187.2300,187.0800,187.08,3171.86,1753598039999,593677.754000,605,1270.93,237880.305400,0
1753598040000,187.0900,187.2000,187.0500,187.18,3005.55,1753598099999,562419.730300,666,1583.78,296399.357500,0
1753598100000,187.1700,187.1900,187.1200,187.18,2019.23,1753598159999,377912.078000,417,433.97,81220.634300,0
1753598160000,187.1900,187.3700,187.1800,187.36,3516.02,1753598219999,658427.155400,728,2262.28,423649.080900,0
1753598220000,187.3600,187.4100,187.3400,187.4,3374.73,1753598279999,632303.469000,458,1663.16,311626.534700,0
1753598280000,187.4100,187.4700,187.3900,187.44,2728.51,1753598339999,511400.983600,540,1798.59,337113.615600,0
1753598340000,187.4400,187.4800,187.4100,187.41,2537.31,1753598399999,475614.731000,530,796.28,149261.981200,0
1753598400000,187.4200,187.6500,187.4100,187.58,11960.23,1753598459999,2242895.094600,1251,9621.52,1804183.550800,0
1753598460000,187.5700,187.6100,187.5100,187.55,4091.56,1753598519999,767424.777000,597,1719.39,322506.814300,0
1753598520000,187.5400,187.6100,187.5400,187.57,3729.24,1753598579999,699492.065700,541,1604.59,300964.365300,0
1753598580000,187.5700,187.7200,187.5700,187.68,14782.41,1753598639999,2774172.219300,1267,12138.85,2278074.114700,0
1753598640000,187.6800,187.7100,187.6500,187.7,2386.81,1753598699999,447958.463300,531,844.29,158452.863800,0
1753598700000,187.6900,187.7200,187.5400,187.57,4560.47,1753598759999,855637.106800,997,2081.13,390478.440400,0
1753598760000,187.5700,187.5800,187.5200,187.57,4625.46,1753598819999,867514.253100,718,1585.75,297417.296400,0
1753598820000,187.5800,187.6000,187.2400,187.25,4823.85,1753598879999,904267.384400,1164,2405.15,450924.743800,0
1753598880000,187.2500,187.2800,187.1800,187.19,6185.53,1753598939999,1158073.382000,973,1573.34,294579.600800,0
1753598940000,187.1800,187.1800,186.9500,186.97,20364.98,1753598999999,3809389.117300,2064,3965.37,741956.350700,0
1753599000000,186.9700,187.1500,186.9700,187.15,4882.14,1753599059999,913220.725200,817,3146.72,588563.322100,0
1753599060000,187.1400,187.1500,187.0000,187.01,4014.70,1753599119999,751028.336400,682,824.86,154294.658400,0
1753599120000,187.0100,187.0900,186.9700,187.02,8048.44,1753599179999,1505169.426700,974,1817.81,339933.928300,0
1753599180000,187.0200,187.0700,186.9800,187.05,3654.35,1753599239999,683467.954400,680,1759.85,329136.490700,0
1753599240000,187.0600,187.1200,187.0500,187.12,10011.26,1753599299999,1873064.785300,847,8496.33,1589622.915100,0
1753599300000,187.1200,187.1800,187.0300,187.04,4703.40,1753599359999,880103.200200,776,2619.01,490073.654700,0
1753599360000,187.0300,187.1100,187.0100,187.05,4237.37,1753599419999,792615.522600,709,2285.51,427494.849200,0
1753599420000,187.0500,187.0800,186.9900,187.0,2719.05,1753599479999,508537.969800,561,1170.88,218984.755900,0
1753599480000,187.0000,187.0800,186.9700,187.01,2845.43,1753599539999,532146.368600,587,1825.15,341337.534700,0
1753599540000,187.0200,187.0400,186.9800,186.99,4288.98,1753599599999,802040.674300,473,865.74,161894.639100,0
1753599600000,187.0000,187.0100,186.9500,186.97,3640.39,1753599659999,680700.291600,586,796.08,148852.925900,0
1753599660000,186.9600,186.9800,186.8400,186.89,13523.83,1753599719999,2527591.487500,1719,2131.79,398437.487500,0
1753599720000,186.8900,186.9000,186.7000,186.7,18495.10,1753599779999,3454379.829700,1997,3352.66,626233.983900,0
1753599780000,186.7000,186.7200,186.5300,186.69,23571.74,1753599839999,4398972.060100,2586,6443.32,1202441.333400,0
1753599840000,186.6900,186.9400,186.6800,186.94,9954.72,1753599899999,1859763.833100,1430,5753.13,1074736.325700,0
1753599900000,186.9400,186.9500,186.8300,186.84,4941.07,1753599959999,923452.400400,770,1396.43,260951.956100,0
1753599960000,186.8500,187.0300,186.8400,186.99,9884.53,1753600019999,1847977.887000,1063,6067.96,1134315.684200,0
1753600020000,186.9800,187.0200,186.9500,187.02,3880.73,1753600079999,725675.007900,589,1408.55,263397.215500,0
1753600080000,187.0200,187.1300,186.9800,187.13,7377.90,1753600139999,1380032.104200,775,4636.40,867333.698100,0
1753600140000,187.1300,187.3000,187.0900,187.29,11159.71,1753600199999,2089042.757100,1385,8277.96,1549711.158700,0
1753600200000,187.2900,187.4300,187.2900,187.39,13027.84,1753600259999,2441231.434200,1397,8186.67,1534009.588900,0
1753600260000,187.4000,187.5200,187.3600,187.44,10430.87,1753600319999,1955357.672700,1438,8404.64,1575565.238600,0
1753600320000,187.4400,187.4800,187.3900,187.45,4164.85,1753600379999,780672.682900,831,2680.17,502374.048500,0
1753600380000,187.4500,187.4500,187.3400,187.4,3105.86,1753600439999,582004.518900,575,996.31,186694.733900,0
1753600440000,187.4000,187.4200,187.1700,187.21,4039.84,1753600499999,756717.176200,903,899.81,168559.022900,0
1753600500000,187.2100,187.2300,187.0700,187.18,7069.04,1753600559999,1322895.402000,1142,3409.15,637936.057600,0
1753600560000,187.1800,187.2500,187.1400,187.17,3075.52,1753600619999,575703.913300,564,1865.11,349136.719600,0
1753600620000,187.1600,187.3600,187.1200,187.36,11254.33,1753600679999,2107346.378200,969,10097.02,1890775.666200,0
1753600680000,187.3500,187.3900,187.3400,187.36,2098.41,1753600739999,393181.052900,588,1013.27,189856.256300,0
1753600740000,187.3500,187.5000,187.3500,187.47,3871.94,1753600799999,725782.654500,621,3015.45,565215.597900,0
1753600800000,187.4700,187.6700,187.4700,187.65,6646.29,1753600859999,1246838.496200,1172,5708.27,1070859.192200,0
1753600860000,187.6600,187.7200,187.5700,187.65,5681.31,1753600919999,1066202.215000,1042,3476.50,652438.721200,0
1753600920000,187.6600,187.6600,187.5600,187.56,5710.02,1753600979999,1071265.684800,688,1190.78,223390.114800,0
1753600980000,187.5600,187.6200,187.4500,187.52,10283.30,1753601039999,1928274.436000,975,1343.55,252022.911200,0
1753601040000,187.5300,187.5400,187.4400,187.53,2107.53,1753601099999,395128.185800,536,1388.97,260407.096900,0
1753601100000,187.5200,187.5600,187.4900,187.51,2252.02,1753601159999,422285.499100,516,864.98,162192.681400,0
1753601160000,187.5200,187.5600,187.4300,187.56,3226.82,1753601219999,604933.144700,692,2292.41,429738.918000,0
1753601220000,187.5600,187.5800,187.5300,187.55,1533.96,1753601279999,287711.417800,481,567.39,106419.953600,0
1753601280000,187.5400,187.5800,187.4300,187.57,3234.10,1753601339999,606475.855800,808,1161.80,217855.099700,0
1753601340000,187.5700,187.6000,187.5000,187.52,6236.07,1753601399999,1169480.341300,755,2188.15,410365.764500,0
1753601400000,187.5200,187.6000,187.3200,187.33,5804.62,1753601459999,1088010.920400,1658,2746.53,514797.436900,0
1753601460000,187.3300,187.5400,187.3100,187.45,3679.42,1753601519999,689713.171500,804,2388.07,447630.916700,0
1753601520000,187.4500,187.5000,187.3500,187.49,6176.16,1753601579999,1157385.119000,928,2118.18,396968.552400,0
1753601580000,187.5000,187.7400,187.4500,187.68,7466.33,1753601639999,1401060.937000,1056,5282.83,991423.323100,0
1753601640000,187.6800,187.7900,187.6700,187.78,4841.69,1753601699999,909029.978900,890,2223.40,417442.948700,0
1753601700000,187.7900,187.7900,187.6300,187.64,4621.82,1753601759999,867617.340800,999,1580.87,296786.242200,0
1753601760000,187.6400,187.7800,187.6400,187.76,2169.25,1753601819999,407198.737200,753,1467.67,275496.837100,0
1753601820000,187.7600,187.7600,187.5100,187.59,5666.51,1753601879999,1063199.813600,1036,2424.63,455009.846500,0
1753601880000,187.6000,187.6100,187.5000,187.5,3686.65,1753601939999,691381.964400,745,1914.79,359071.977500,0
1753601940000,187.5000,187.6500,187.5000,187.62,3182.04,1753601999999,596970.675700,694,1487.45,279021.434800,0
1753602000000,187.6200,187.7300,187.6200,187.66,4791.61,1753602059999,899213.121300,836,3190.93,598786.240200,0
1753602060000,187.6500,187.6700,187.6000,187.63,1367.32,1753602119999,256565.461400,400,423.16,79403.262500,0
1753602120000,187.6400,187.6400,187.4400,187.61,27296.74,1753602179999,5119443.798900,2053,4611.67,864938.147700,0
1753602180000,187.6100,187.6500,187.5600,187.62,1695.72,1753602239999,318127.786100,469,657.00,123255.822700,0
1753602240000,187.6100,187.7600,187.5300,187.72,15794.62,1753602299999,2963679.642300,1383,12625.83,2368973.118600,0
1753602300000,187.7200,187.8300,187.6500,187.7,30979.64,1753602359999,5815953.360400,1858,26603.22,4994287.742600,0
1753602360000,187.6900,187.6900,187.3300,187.34,9594.08,1753602419999,1798563.200900,1462,1514.77,283877.728300,0
1753602420000,187.3300,187.3400,187.2800,187.28,2720.68,1753602479999,509579.338000,583,1033.19,193512.083600,0
1753602480000,187.2800,187.7000,187.2800,187.63,21276.59,1753602539999,3988640.396600,1476,17151.06,3214771.990100,0
1753602540000,187.6200,187.6700,187.5700,187.67,3406.21,1753602599999,639072.080000,586,1348.76,253073.273700,0
1753602600000,187.6700,187.6900,187.6200,187.64,1714.15,1753602659999,321653.729600,496,823.37,154500.165300,0
1753602660000,187.6400,187.6500,187.4200,187.43,4084.04,1753602719999,765984.863300,896,919.51,172446.163300,0
1753602720000,187.4300,187.4400,187.3800,187.38,1911.38,1753602779999,358225.683900,561,544.23,102002.605900,0
1753602780000,187.3800,187.4500,187.2900,187.32,5618.15,1753602839999,1052536.299400,985,1057.64,198157.580500,0
1753602840000,187.3100,187.3300,187.1700,187.17,8252.45,1753602899999,1545222.246600,1220,3219.05,602762.875500,0
1753602900000,187.1800,187.2600,187.1000,187.11,5963.00,1753602959999,1116118.327500,988,2282.00,427193.883200,0
1753602960000,187.1000,187.1600,187.0500,187.16,5853.35,1753603019999,1095166.571300,892,2674.40,500389.244300,0
1753603020000,187.1500,187.2900,187.1000,187.1,6142.40,1753603079999,1149960.905600,978,2168.86,406049.833000,0
1753603080000,187.1100,187.2100,187.0600,187.21,4818.74,1753603139999,901665.347000,685,1456.68,272590.963900,0
1753603140000,187.2000,187.2500,187.1500,187.15,4582.29,1753603199999,857833.515100,786,1503.21,281411.691700,0
1753603200000,187.1500,187.2800,187.1400,187.26,11728.59,1753603259999,2195678.902800,1951,6385.27,1195399.017300,0
1753603260000,187.2600,187.3300,187.1800,187.32,4141.30,1753603319999,775602.505600,713,2943.34,551275.858900,0
1753603320000,187.3200,187.4100,187.3100,187.41,3317.63,1753603379999,621520.628700,554,2384.54,446729.829300,0
1753603380000,187.4000,187.4400,187.3200,187.33,3381.13,1753603439999,633587.656300,673,1337.23,250573.365500,0
1753603440000,187.3300,187.3400,187.2000,187.24,2863.86,1753603499999,536257.332500,664,1053.12,197189.541700,0
1753603500000,187.2300,187.2800,187.1500,187.18,3683.64,1753603559999,689664.249500,636,1040.07,194745.024800,0
1753603560000,187.1800,187.2000,187.0100,187.01,7796.57,1753603619999,1458632.924500,891,540.96,101217.340100,0
1753603620000,187.0200,187.0400,186.9400,186.94,7928.26,1753603679999,1482612.093000,1077,2013.11,376485.747900,0
1753603680000,186.9500,187.1900,186.9100,187.16,16055.46,1753603739999,3002966.572700,1386,8409.50,1572982.814000,0
1753603740000,187.1600,187.2800,187.1100,187.28,8308.45,1753603799999,1555330.568300,824,7183.10,1344635.770400,0
1753603800000,187.2700,187.2800,187.2300,187.24,2434.99,1753603859999,455975.149700,533,1201.20,224939.123500,0
1753603860000,187.2300,187.2400,187.1700,187.17,2454.84,1753603919999,459577.385200,613,1213.91,227260.330700,0
1753603920000,187.1700,187.1800,187.0000,187.01,1850.86,1753603979999,346260.940200,707,387.06,72403.764100,0
1753603980000,187.0100,187.0500,186.9600,186.96,6663.15,1753604039999,1246099.602200,1019,1461.19,273270.145800,0
1753604040000,186.9700,187.0300,186.9400,187.01,2716.06,1753604099999,507875.538800,552,1925.33,360025.459900,0
1753604100000,187.0200,187.0900,186.9400,186.94,3263.32,1753604159999,610368.863700,1265,1303.56,243808.832200,0
1753604160000,186.9400,186.9500,186.8100,186.81,8032.31,1753604219999,1501108.992000,1307,3882.01,725527.888700,0
1753604220000,186.8100,186.9400,186.8100,186.84,5529.64,1753604279999,1033373.093200,820,2121.85,396498.168900,0
1753604280000,186.8400,186.9200,186.8400,186.9,3362.39,1753604339999,628377.508100,533,1705.94,318801.407600,0
1753604340000,186.8900,187.0200,186.8900,187.02,3938.56,1753604399999,736331.117000,660,1552.88,290329.252500,0
1753604400000,187.0200,187.1300,187.0200,187.07,2615.35,1753604459999,489307.977600,631,1122.47,209994.935300,0
1753604460000,187.0600,187.0700,187.0000,187.04,1058.25,1753604519999,197936.854000,489,591.70,110671.504400,0
1753604520000,187.0400,187.0500,186.9300,187.0,15799.02,1753604579999,2954157.522100,1317,2328.04,435267.835800,0
1753604580000,186.9900,187.0100,186.9200,186.95,1807.34,1753604639999,337908.537400,516,852.71,159424.116400,0
1753604640000,186.9600,186.9600,186.7600,186.76,6611.39,1753604699999,1235415.384000,889,403.90,75480.243500,0
1753604700000,186.7700,186.8200,186.5300,186.59,32814.68,1753604759999,6123680.059300,2576,4804.77,896712.088600,0
1753604760000,186.5900,186.6200,186.3900,186.5,30197.42,1753604819999,5631394.716200,2844,5822.08,1085966.372800,0
1753604820000,186.5000,186.7100,186.3600,186.52,55596.86,1753604879999,10369211.300100,2664,32145.20,5995727.554200,0
1753604880000,186.5100,186.5500,186.4500,186.51,11081.43,1753604939999,2066682.752500,899,5799.11,1081527.002900,0
1753604940000,186.5000,186.5600,186.4600,186.55,4811.92,1753604999999,897459.763100,686,1099.17,205012.573100,0
1753605000000,186.5500,186.6000,186.4100,186.42,5495.85,1753605059999,1024963.039400,1577,1440.13,268603.865800,0
1753605060000,186.4200,186.4700,186.3200,186.43,13816.72,1753605119999,2575365.419400,1509,6225.76,1160475.081300,0
1753605120000,186.4300,186.5300,186.4300,186.46,6517.01,1753605179999,1215343.671500,1018,3978.63,741954.585800,0
1753605180000,186.4600,186.4700,186.3800,186.45,8501.06,1753605239999,1584905.167300,1074,3213.86,599154.650700,0
1753605240000,186.4500,186.4800,186.2200,186.32,27215.50,1753605299999,5070543.341700,2676,7124.44,1327246.986300,0
1753605300000,186.3300,186.3400,186.1800,186.27,14009.38,1753605359999,2609277.122900,1603,3994.49,743960.316200,0
1753605360000,186.2700,186.3600,186.1800,186.25,15511.77,1753605419999,2889009.630900,1428,2875.71,535657.382900,0
1753605420000,186.2600,186.2600,186.1800,186.24,7600.27,1753605479999,1415427.705700,1024,1138.67,212061.703400,0
1753605480000,186.2400,186.4300,186.2400,186.41,8071.19,1753605539999,1504003.187400,1110,3745.65,697936.988000,0
1753605540000,186.4100,186.4500,186.2700,186.3,7339.25,1753605599999,1367687.075800,1220,2296.47,427978.880600,0
1753605600000,186.3000,186.5500,186.3000,186.55,4531.45,1753605659999,844977.141800,849,3655.50,681607.348800,0
1753605660000,186.5400,186.6000,186.5200,186.54,8949.43,1753605719999,1669573.949900,937,4323.44,806602.361700,0
1753605720000,186.5300,186.5400,186.4800,186.49,3179.23,1753605779999,592937.216400,684,1526.25,284650.541500,0
1753605780000,186.4800,186.6200,186.4800,186.6,6156.49,1753605839999,1148632.791000,854,3640.96,679271.163800,0
1753605840000,186.6000,186.6400,186.6000,186.62,3741.72,1753605899999,698310.433000,579,2261.18,422004.312100,0
1753605900000,186.6300,186.7400,186.6300,186.72,6953.50,1753605959999,1298191.862500,1179,4471.14,834716.212500,0
1753605960000,186.7200,186.8500,186.7200,186.85,6884.46,1753606019999,1285978.841300,1011,5834.62,1089865.683700,0
1753606020000,186.8500,186.8500,186.8200,186.83,3197.19,1753606079999,597363.682900,577,2348.86,438865.854300,0
1753606080000,186.8300,186.8500,186.7100,186.76,5469.82,1753606139999,1021799.823300,1016,1476.16,275722.560600,0
1753606140000,186.7600,186.7900,186.6100,186.61,3215.67,1753606199999,600407.069700,920,827.71,154554.542900,0
1753606200000,186.6200,186.6500,186.4700,186.56,8022.05,1753606259999,1496586.543700,1409,2935.09,547596.992300,0
1753606260000,186.5600,186.5700,186.4400,186.44,3606.23,1753606319999,672658.997500,793,1039.94,193971.547600,0
1753606320000,186.4400,186.5700,186.4200,186.57,4249.53,1753606379999,792516.732400,757,3153.96,588199.181500,0
1753606380000,186.5700,186.5900,186.5200,186.54,3485.82,1753606439999,650326.009700,561,2416.00,450739.252100,0
1753606440000,186.5400,186.6000,186.4700,186.59,3367.37,1753606499999,628102.548100,666,1104.91,206102.998000,0
1753606500000,186.5900,186.6200,186.5200,186.56,5840.68,1753606559999,1089776.617100,978,3643.14,679782.175400,0
1753606560000,186.5700,186.6200,186.5500,186.57,2460.34,1753606619999,459056.939500,602,507.53,94698.794400,0
1753606620000,186.5700,186.5800,186.4800,186.48,1449.22,1753606679999,270333.516400,563,146.92,27407.272800,0
1753606680000,186.4900,186.5300,186.4800,186.5,2080.86,1753606739999,388089.634000,508,1022.00,190602.155600,0
1753606740000,186.5100,186.7100,186.4500,186.65,23383.14,1753606799999,4363781.167000,1589,20120.81,3755145.811200,0
1753606800000,186.6600,186.6600,186.5700,186.57,2682.24,1753606859999,500533.674400,1180,726.19,135521.025900,0
1753606860000,186.5700,186.6400,186.5500,186.6,5480.23,1753606919999,1022654.854900,805,1386.76,258759.468700,0
1753606920000,186.6000,186.8000,186.5100,186.8,7695.91,1753606979999,1436008.666200,1082,2443.95,456156.143600,0
1753606980000,186.8000,187.0200,186.7900,186.98,13950.73,1753607039999,2607910.901600,1644,8705.51,1627297.089200,0
1753607040000,186.9800,187.0000,186.9100,186.93,6503.34,1753607099999,1215743.849200,939,2146.61,401313.193500,0
1753607100000,186.9400,186.9900,186.9000,186.94,3077.58,1753607159999,575325.735900,727,1624.58,303696.416900,0
1753607160000,186.9500,187.1000,186.9200,187.09,16541.26,1753607219999,3093631.314800,1728,10171.63,1902524.009200,0
1753607220000,187.1000,187.2800,187.0700,187.2,13188.47,1753607279999,2468637.248900,1564,7858.43,1470770.042100,0
1753607280000,187.1900,187.2400,187.1200,187.17,5528.55,1753607339999,1034761.054900,825,2627.59,491791.616200,0
1753607340000,187.1800,187.1900,187.1200,187.19,2421.51,1753607399999,453224.813600,587,1143.07,213949.911000,0
1753607400000,187.1900,187.2900,187.1400,187.22,9992.55,1753607459999,1871009.517900,1085,7291.68,1365363.178900,0
1753607460000,187.2300,187.3000,187.1900,187.26,4800.74,1753607519999,898833.960300,739,2052.48,384286.281000,0
1753607520000,187.2700,187.2700,187.1100,187.17,4988.87,1753607579999,933881.040500,944,1388.38,259877.604700,0
1753607580000,187.1700,187.1800,186.9900,186.99,5338.21,1753607639999,998638.208400,914,778.04,145543.437900,0
1753607640000,186.9900,187.0600,186.9700,187.03,3039.38,1753607699999,568359.341900,581,816.04,152607.397900,0
1753607700000,187.0400,187.0800,187.0100,187.08,3086.40,1753607759999,577249.740400,567,655.71,122642.027300,0
1753607760000,187.0800,187.1000,187.0100,187.01,2956.64,1753607819999,553111.998000,620,1531.60,286541.056200,0
1753607820000,187.0100,187.0200,186.8500,186.87,4158.80,1753607879999,777272.513400,941,1549.63,289579.072300,0
1753607880000,186.8800,186.9800,186.8300,186.97,1796.06,1753607939999,335659.283500,630,915.15,171026.630400,0
1753607940000,186.9700,186.9800,186.9300,186.93,1955.32,1753607999999,365562.711900,483,811.15,151651.954800,0
1753608000000,186.9300,186.9400,186.8000,186.85,3205.13,1753608059999,598883.999500,809,1167.29,218109.640600,0
1753608060000,186.8500,186.9200,186.8500,186.86,2311.66,1753608119999,432004.619500,554,865.57,161766.307800,0
1753608120000,186.8600,187.1000,186.8300,187.09,7454.21,1753608179999,1393375.446200,855,6130.56,1146015.412200,0
1753608180000,187.1000,187.1600,187.0900,187.12,7915.68,1753608239999,1481128.120100,717,5966.66,1116397.230800,0
1753608240000,187.1200,187.1600,187.1100,187.16,2405.96,1753608299999,450261.449900,530,1729.30,323634.787900,0
1753608300000,187.1600,187.1800,187.1200,187.17,3467.25,1753608359999,648888.495900,559,1482.80,277512.907200,0
1753608360000,187.1800,187.1800,187.0500,187.09,8598.51,1753608419999,1608757.009000,964,1518.93,284171.547600,0
1753608420000,187.0900,187.1700,187.0900,187.16,2937.76,1753608479999,549692.826100,445,1853.40,346807.088500,0
1753608480000,187.1700,187.2200,187.1000,187.19,4438.21,1753608539999,830660.174500,742,1771.56,331591.518200,0
1753608540000,187.1900,187.1900,187.0400,187.07,3517.47,1753608599999,658085.208000,692,840.05,157181.846700,0
1753608600000,187.0700,187.0800,186.9800,187.01,2633.83,1753608659999,492556.258900,649,971.34,181645.443500,0
1753608660000,187.0100,187.0700,187.0100,187.03,2703.49,1753608719999,505657.663200,559,725.35,135671.454200,0
1753608720000,187.0300,187.0300,186.9200,186.95,4878.86,1753608779999,912204.824600,732,738.11,138005.615100,0
1753608780000,186.9500,186.9600,186.8500,186.94,6346.98,1753608839999,1186168.480500,901,1362.28,254611.769000,0
1753608840000,186.9500,186.9900,186.8900,186.96,5199.10,1753608899999,971904.661500,755,857.90,160380.351100,0
1753608900000,186.9600,187.1400,186.9500,187.03,16854.79,1753608959999,3153388.863600,1424,11307.93,2115602.295800,0
1753608960000,187.0300,187.0400,186.9600,187.03,1919.27,1753609019999,358918.962600,605,1012.35,189322.764200,0
1753609020000,187.0300,187.0900,187.0200,187.02,2029.29,1753609079999,379612.378100,659,457.25,85531.855700,0
1753609080000,187.0300,187.0900,186.9900,187.06,5205.91,1753609139999,973728.040300,845,2737.61,512042.854800,0
1753609140000,187.0600,187.0600,186.9300,187.06,3813.90,1753609199999,713203.214700,775,2300.54,430185.471300,0
1753609200000,187.0600,187.0600,186.9600,186.96,2431.62,1753609259999,454750.627700,689,1209.62,226215.315400,0
1753609260000,186.9600,186.9700,186.8500,186.86,2973.94,1753609319999,555810.504300,886,887.15,165795.293100,0
1753609320000,186.8600,186.9000,186.8000,186.8,2318.61,1753609379999,433270.115900,659,470.96,88007.911400,0
1753609380000,186.8000,186.8000,186.6000,186.62,5084.48,1753609439999,949150.980100,1250,1745.89,325865.083700,0
1753609440000,186.6100,186.7500,186.5700,186.75,5238.16,1753609499999,977673.323200,958,2986.02,557355.544800,0
1753609500000,186.7400,186.7600,186.6200,186.62,5722.32,1753609559999,1068103.694100,1282,1269.80,237038.648000,0
1753609560000,186.6200,186.6400,186.4200,186.49,15893.50,1753609619999,2964720.769100,1937,2975.06,554869.337000,0
1753609620000,186.4900,186.5400,186.4000,186.4,6405.13,1753609679999,1194336.772500,1099,1837.32,342621.100400,0
1753609680000,186.4000,186.4600,186.3700,186.39,6928.83,1753609739999,1291603.944400,1173,2771.56,516671.925200,0
1753609740000,186.3900,186.4600,186.3700,186.4,7127.33,1753609799999,1328629.302400,1145,2166.81,403938.373100,0
1753609800000,186.4100,186.4100,186.3100,186.33,7067.85,1753609859999,1317046.139700,1244,2314.18,431218.752800,0
1753609860000,186.3200,186.4000,186.3100,186.31,5283.73,1753609919999,984619.663900,1050,2219.82,413679.709800,0
1753609920000,186.3100,186.3900,186.3000,186.38,3437.86,1753609979999,640558.419700,826,1586.22,295573.787300,0
1753609980000,186.3900,186.4300,186.2600,186.28,9666.39,1753610039999,1801436.290300,1492,4369.81,814418.757200,0
1753610040000,186.2800,186.2900,186.2000,186.28,7071.55,1753610099999,1317028.206600,1084,2299.94,428376.796200,0
1753610100000,186.2900,186.2900,186.1100,186.24,11048.22,1753610159999,2057017.905200,1515,4515.34,840716.998400,0
1753610160000,186.2300,186.4100,186.2300,186.36,7792.85,1753610219999,1452113.882300,957,5279.39,983673.681200,0
1753610220000,186.3500,186.3600,186.2800,186.36,3861.06,1753610279999,719328.473000,746,1526.59,284417.467500,0
1753610280000,186.3500,186.4100,186.2900,186.34,6710.57,1753610339999,1250509.926800,879,4079.75,760328.642100,0
1753610340000,186.3300,186.3500,186.2900,186.3,3516.04,1753610399999,655114.505200,629,2331.70,434452.109300,0
1753610400000,186.3100,186.3700,186.2600,186.37,8609.76,1753610459999,1604111.248100,1177,4272.01,796052.304300,0
1753610460000,186.3600,186.5700,186.3600,186.56,10912.83,1753610519999,2034942.530700,1575,8084.44,1507555.175000,0
1753610520000,186.5600,186.5900,186.5000,186.58,7891.96,1753610579999,1472318.836600,1122,5198.14,969782.807900,0
1753610580000,186.5700,186.6500,186.5700,186.6,5579.76,1753610639999,1041321.298100,929,2696.51,503251.591100,0
1753610640000,186.6000,186.6600,186.5900,186.64,5608.71,1753610699999,1046787.956000,800,3493.49,652021.198200,0
1753610700000,186.6500,186.6700,186.5400,186.58,4661.30,1753610759999,869775.464800,858,1664.55,310596.454100,0
1753610760000,186.5800,186.6600,186.5800,186.64,3055.86,1753610819999,570323.525600,571,1952.97,364486.125600,0
1753610820000,186.6300,186.7600,186.6300,186.73,3904.78,1753610879999,729008.702000,752,2533.66,473001.254500,0
1753610880000,186.7200,186.7300,186.6500,186.72,3953.29,1753610939999,738049.965800,720,1507.78,281474.441700,0
1753610940000,186.7200,186.7500,186.6800,186.74,3454.86,1753610999999,645090.478700,726,1396.54,260776.171300,0
1753611000000,186.7300,186.8200,186.7000,186.7,6385.79,1753611059999,1192727.283800,1044,3714.28,693786.382400,0
1753611060000,186.7100,186.8000,186.6800,186.79,4650.28,1753611119999,868384.234300,673,3089.89,577014.499000,0
1753611120000,186.8000,186.8000,186.7000,186.73,3601.36,1753611179999,672570.077500,731,1200.02,224125.023900,0
1753611180000,186.7300,186.7800,186.7000,186.78,3510.40,1753611239999,655530.993600,555,2071.19,386789.171400,0
1753611240000,186.7800,186.8100,186.7100,186.8,4682.78,1753611299999,874503.540900,525,3761.24,702389.798700,0
1753611300000,186.8000,186.9500,186.8000,186.95,5511.31,1753611359999,1030053.502300,742,4020.21,751365.528500,0
1753611360000,186.9500,186.9500,186.8200,186.82,5915.14,1753611419999,1105546.715100,1048,2206.27,412347.929200,0
1753611420000,186.8200,186.9300,186.7800,186.9,9073.30,1753611479999,1695371.533400,1144,3979.71,743685.807400,0
1753611480000,186.8900,186.9200,186.8500,186.9,3497.56,1753611539999,653662.928700,579,1169.82,218643.010000,0
1753611540000,186.8900,186.9800,186.8900,186.97,3119.87,1753611599999,583213.248900,414,2726.24,509633.933100,0
1753611600000,186.9800,187.0700,186.9800,187.04,11006.34,1753611659999,2058474.697000,1555,7496.52,1402023.791000,0
1753611660000,187.0300,187.0400,186.9700,187.01,4232.88,1753611719999,791555.147500,658,1911.55,357470.683900,0
1753611720000,187.0000,187.0700,187.0000,187.06,4022.04,1753611779999,752240.040200,413,2602.51,486738.679900,0
1753611780000,187.0600,187.1300,187.0400,187.12,4967.07,1753611839999,929248.024400,666,2725.73,509954.771300,0
1753611840000,187.1200,187.1300,186.9900,186.99,8050.82,1753611899999,1505845.885700,1002,2576.35,481878.039200,0
1753611900000,187.0000,187.0000,186.6400,186.78,28474.87,1753611959999,5318301.426000,2387,3949.80,737782.520000,0
1753611960000,186.7900,186.8200,186.7800,186.82,3081.75,1753612019999,575673.047100,387,1561.21,291636.290700,0
1753612020000,186.8100,186.9000,186.8100,186.85,3811.54,1753612079999,712256.973000,547,2178.43,407077.983300,0
1753612080000,186.8400,186.8400,186.6800,186.69,8235.35,1753612139999,1538043.163100,937,1611.34,300899.052500,0
1753612140000,186.6900,186.7000,186.6600,186.67,1713.26,1753612199999,319826.683700,389,442.35,82575.474600,0
1753612200000,186.6700,186.6800,186.5100,186.64,5482.45,1753612259999,1023089.315300,1203,2422.08,451984.034000,0
1753612260000,186.6400,186.8200,186.6300,186.82,1577.61,1753612319999,294553.535400,548,1153.26,215320.528800,0
1753612320000,186.8200,186.8200,186.7400,186.77,3287.07,1753612379999,613964.642000,585,1475.23,275546.979300,0
1753612380000,186.7600,186.8600,186.7600,186.82,2818.83,1753612439999,526609.362800,533,1355.41,253215.213700,0
1753612440000,186.8300,186.9000,186.8200,186.9,2148.41,1753612499999,401455.943400,349,1529.19,285754.485300,0
1753612500000,186.9000,187.0500,186.8900,187.05,4468.31,1753612559999,835478.655700,660,3554.18,664547.536800,0
1753612560000,187.0500,187.0800,187.0100,187.07,7132.63,1753612619999,1334109.199400,713,5255.57,983003.467400,0
1753612620000,187.0700,187.2000,187.0700,187.2,2883.22,1753612679999,539617.335000,624,2436.99,456096.332800,0
1753612680000,187.2100,187.2500,187.1800,187.21,8325.91,1753612739999,1558719.524100,875,4926.02,922219.056300,0
1753612740000,187.2000,187.3000,187.2000,187.3,5100.00,1753612799999,955026.910900,833,2825.96,529163.716600,0
1753612800000,187.3000,187.3800,187.2500,187.38,12005.14,1753612859999,2248860.554200,1368,8916.64,1670345.414400,0
1753612860000,187.3800,187.6300,187.3400,187.53,36321.89,1753612919999,6810452.084900,3402,21402.58,4012856.543000,0
1753612920000,187.5400,187.7100,187.5300,187.71,28634.77,1753612979999,5373941.940600,1967,22489.79,4220819.322600,0
1753612980000,187.7100,187.8000,187.5400,187.72,21173.40,1753613039999,3973627.884500,2654,10156.70,1906106.962000,0
1753613040000,187.7200,187.8000,187.6400,187.73,15670.75,1753613099999,2941747.438200,1684,7628.21,1432089.980100,0
1753613100000,187.7300,187.8000,187.7100,187.76,9966.64,1753613159999,1871368.271900,1262,5393.18,1012641.773900,0
1753613160000,187.7600,187.9200,187.7600,187.81,41874.92,1753613219999,7865392.605400,2595,30026.80,5640184.120800,0
1753613220000,187.8100,187.8100,187.6800,187.69,11351.86,1753613279999,2131295.684200,1630,2549.62,478711.268300,0
1753613280000,187.6800,188.0700,187.6000,188.05,38617.34,1753613339999,7255763.863200,3776,27557.42,5178674.817100,0
1753613340000,188.0600,188.1800,188.0200,188.12,25993.55,1753613399999,4889130.203900,2630,15739.26,2960367.428000,0
1753613400000,188.1200,188.2200,187.9200,188.09,33502.51,1753613459999,6301424.617200,3175,16864.65,3172219.705100,0
1753613460000,188.0900,188.3900,188.0900,188.38,20157.36,1753613519999,3795010.230100,2328,12802.99,2410492.144200,0
1753613520000,188.3800,188.4200,188.1900,188.24,16360.64,1753613579999,3080935.616100,2081,4951.15,932400.877400,0
1753613580000,188.2300,188.3400,188.1700,188.26,14100.53,1753613639999,2654381.871400,1464,5341.60,1005549.189800,0
1753613640000,188.2500,188.3400,188.0800,188.13,18259.29,1753613699999,3435900.845600,2106,4457.29,838754.459100,0
1753613700000,188.1300,188.2300,188.1000,188.15,10998.73,1753613759999,2069586.575100,1043,6623.91,1246398.334700,0
1753613760000,188.1500,188.1900,188.0200,188.1,11897.10,1753613819999,2237900.648900,1392,6001.48,1128896.895400,0
1753613820000,188.0900,188.1000,187.5000,187.52,22882.48,1753613879999,4297588.822800,3005,4239.43,796115.307900,0
1753613880000,187.5300,187.7200,187.5200,187.66,14602.43,1753613939999,2739704.325300,1605,7356.45,1380214.552400,0
1753613940000,187.6500,187.7200,187.5800,187.58,6587.71,1753613999999,1236175.319500,1000,2679.52,502801.682400,0
1753614000000,187.5900,187.7800,187.5800,187.67,13074.12,1753614059999,2454162.281200,2430,5857.20,1099398.264500,0
1753614060000,187.6700,187.9800,187.6700,187.95,11149.14,1753614119999,2094163.312700,1394,4047.39,760157.611100,0
1753614120000,187.9500,188.1600,187.9300,188.04,17316.43,1753614179999,3256824.554200,1843,11554.18,2173087.768300,0
1753614180000,188.0300,188.0300,187.7800,187.81,12458.64,1753614239999,2340591.602000,1632,4380.29,822787.185700,0
1753614240000,187.8100,188.0000,187.7800,187.97,7734.25,1753614299999,1453161.354400,1088,4057.71,762463.767400,0
1753614300000,187.9600,188.0000,187.8300,187.93,5800.86,1753614359999,1089982.591000,976,3670.64,689669.895800,0
1753614360000,187.9200,187.9300,187.7500,187.75,8035.99,1753614419999,1509262.186900,1085,2581.02,484786.265800,0
1753614420000,187.7500,187.8000,187.6000,187.76,11115.49,1753614479999,2086454.310500,1607,4084.29,766568.451200,0
1753614480000,187.7600,187.8300,187.7500,187.78,3420.90,1753614539999,642468.749900,704,2126.68,399404.950500,0
1753614540000,187.7800,187.7900,187.6500,187.67,8756.96,1753614599999,1643731.554200,1249,2153.51,404224.510900,0
1753614600000,187.6700,187.8900,187.6400,187.82,7146.90,1753614659999,1342257.700000,1318,5115.59,960797.656300,0
1753614660000,187.8200,187.8900,187.7900,187.89,5083.77,1753614719999,954894.267600,866,2989.49,561527.533500,0
1753614720000,187.8900,187.9600,187.8400,187.96,5882.43,1753614779999,1105204.589500,1030,2767.21,519936.465000,0
1753614780000,187.9500,188.0900,187.9000,188.09,6375.47,1753614839999,1198499.102300,1201,4618.50,868198.868500,0
1753614840000,188.0900,188.1000,187.9500,188.02,7727.28,1753614899999,1452981.093100,1479,2406.33,452479.768200,0
1753614900000,188.0200,188.0700,187.8600,188.04,25887.55,1753614959999,4865926.046200,2183,17213.44,3235765.784000,0
1753614960000,188.0400,188.3400,188.0300,188.33,16049.96,1753615019999,3020778.610400,2261,12409.91,2335823.742800,0
1753615020000,188.3300,188.4000,188.2500,188.4,18193.87,1753615079999,3426697.011200,1893,11181.85,2106053.413300,0
1753615080000,188.3900,188.4100,188.1900,188.19,19549.37,1753615139999,3681534.957800,2099,13894.28,2616701.668600,0
1753615140000,188.2000,188.2200,188.1000,188.13,8135.07,1753615199999,1530561.224300,1449,2969.59,558732.812500,0
1753615200000,188.1200,188.1300,187.9100,188.09,9667.35,1753615259999,1817808.864500,1749,2521.71,474170.289300,0
1753615260000,188.0900,188.1400,188.0200,188.09,6845.95,1753615319999,1287549.295200,1088,3913.58,736018.144100,0
1753615320000,188.0900,188.0900,187.9000,187.9,5620.70,1753615379999,1056668.301300,1249,2681.14,504019.460400,0
1753615380000,187.9100,187.9300,187.7900,187.8,9722.90,1753615439999,1826556.182300,1608,2661.07,499958.403100,0
1753615440000,187.7900,187.9500,187.7800,187.93,8722.37,1753615499999,1638458.889400,1291,5389.33,1012323.491500,0
1753615500000,187.9300,188.1200,187.9200,187.98,17424.94,1753615559999,3275939.099600,1578,8246.94,1550713.330500,0
1753615560000,187.9700,188.2100,187.9300,188.19,6919.83,1753615619999,1301237.352900,1117,3582.50,673709.605100,0
1753615620000,188.1900,188.3000,188.1900,188.19,9920.06,1753615679999,1867314.931100,1375,6035.17,1136034.214800,0
1753615680000,188.2000,188.2100,187.9600,188.13,24522.83,1753615739999,4612260.148900,2088,3246.39,610696.250200,0
1753615740000,188.1300,188.2500,188.0700,188.24,7417.16,1753615799999,1395852.028600,961,3430.22,645555.328100,0
1753615800000,188.2400,188.2400,188.2000,188.24,6922.14,1753615859999,1302920.677100,1308,2117.84,398644.012400,0
1753615860000,188.2400,188.4000,188.1600,188.36,9760.22,1753615919999,1837696.779200,1671,6642.22,1250571.968400,0
1753615920000,188.3600,188.5300,188.1400,188.14,25226.73,1753615979999,4752815.081900,3021,10472.43,1973301.372100,0
1753615980000,188.1500,188.3500,188.0900,188.21,21128.17,1753616039999,3976928.574400,2029,17270.97,3250993.380400,0
1753616040000,188.2000,188.2800,188.1700,188.2,15996.63,1753616099999,3011048.342200,1569,12285.80,2312555.314300,0
1753616100000,188.2000,188.3100,188.1900,188.24,4386.25,1753616159999,825662.400900,807,2243.82,422385.159200,0
1753616160000,188.2400,188.2400,188.0000,188.04,7260.38,1753616219999,1365963.774600,1438,2677.54,503785.399000,0
1753616220000,188.0400,188.0600,187.8100,187.82,11014.23,1753616279999,2069621.247700,1558,2061.29,387364.621700,0
1753616280000,187.8300,187.9200,187.7500,187.78,8455.58,1753616339999,1588257.924500,1376,2630.44,494127.096700,0
1753616340000,187.7700,187.8100,187.6300,187.68,12383.36,1753616399999,2324431.781100,1492,4703.68,882913.805500,0
1753616400000,187.6800,187.7800,187.6800,187.73,15657.94,1753616459999,2939469.372800,1342,5915.75,1110560.471600,0
1753616460000,187.7300,187.8500,187.7200,187.74,6615.14,1753616519999,1242142.256700,987,3556.96,667933.525900,0
1753616520000,187.7300,187.7700,187.7200,187.77,7490.57,1753616579999,1406330.544000,781,3355.07,629902.547300,0
1753616580000,187.7600,187.8300,187.6200,187.63,13044.58,1753616639999,2448691.726700,1401,2824.38,530212.938200,0
1753616640000,187.6300,187.6900,187.4600,187.51,12204.75,1753616699999,2288945.671800,1720,4265.32,800003.196400,0
1753616700000,187.5100,187.5100,187.3700,187.38,15887.04,1753616759999,2977358.034500,1917,5175.04,969847.782500,0
1753616760000,187.3800,187.3900,187.2300,187.25,16163.47,1753616819999,3027344.459000,1563,5094.94,954350.240400,0
1753616820000,187.2500,187.3200,187.0400,187.05,18039.68,1753616879999,3376846.599000,2133,5005.77,937314.727100,0
1753616880000,187.0500,187.1700,186.9100,187.03,28337.87,1753616939999,5299774.509000,2971,11466.20,2144695.384200,0
1753616940000,187.0200,187.1100,186.9400,187.0,14341.79,1753616999999,2681826.265600,1640,9546.28,1785016.673200,0
1753617000000,187.0000,187.0700,186.9700,187.01,6420.97,1753617059999,1200776.984700,1058,3996.87,747468.369000,0
1753617060000,187.0000,187.1000,186.9300,186.93,16994.88,1753617119999,3177788.958000,1466,13579.48,2539196.366500,0
1753617120000,186.9400,187.0600,186.9200,187.01,10488.85,1753617179999,1961131.567500,889,7640.94,1428660.884900,0
1753617180000,187.0000,187.2200,186.9900,187.11,16443.57,1753617239999,3077380.537400,1522,10900.76,2040095.932000,0
1753617240000,187.1200,187.1400,186.9800,186.98,6524.81,1753617299999,1220497.780100,995,2839.56,531234.811400,0
1753617300000,186.9900,186.9900,186.7500,186.8,16571.44,1753617359999,3096275.719100,2167,5271.49,984757.526700,0
1753617360000,186.8100,186.8500,186.7200,186.74,7032.04,1753617419999,1313418.565200,1197,3019.48,564005.048500,0
1753617420000,186.7300,186.8300,186.7300,186.79,7875.99,1753617479999,1470966.177500,1125,5598.65,1045638.962800,0
1753617480000,186.8000,186.8500,186.7700,186.84,4722.43,1753617539999,882177.001900,819,3081.71,575685.022300,0
1753617540000,186.8500,187.0300,186.8400,186.94,7432.46,1753617599999,1389600.405800,1114,4505.80,842432.304900,0
1753617600000,186.9500,187.0100,186.8700,186.91,10993.38,1753617659999,2055265.762000,1551,7506.90,1403465.546100,0
1753617660000,186.9100,187.0800,186.8700,187.0,12563.77,1753617719999,2349299.153300,1754,9318.16,1742361.492700,0
1753617720000,187.0100,187.0300,186.8300,186.84,7793.08,1753617779999,1456772.294200,1216,3433.09,641727.852800,0
1753617780000,186.8400,186.8900,186.8100,186.83,11608.61,1753617839999,2169118.286800,1083,7137.13,1333604.375200,0
1753617840000,186.8300,186.8600,186.7500,186.78,16063.74,1753617899999,3000790.709500,1384,6949.16,1298182.746300,0
1753617900000,186.7900,186.9300,186.7900,186.81,5911.98,1753617959999,1104643.448400,1036,3633.77,678956.878000,0
1753617960000,186.8200,186.9300,186.8000,186.82,3634.85,1753618019999,679196.600200,767,2275.07,425098.441500,0
1753618020000,186.8300,186.8300,186.5600,186.65,17991.46,1753618079999,3358576.100500,2452,9332.26,1742076.345100,0
1753618080000,186.6600,186.8900,186.6500,186.74,9842.41,1753618139999,1838008.196500,1314,5882.52,1098581.714600,0
1753618140000,186.7500,187.0600,186.7500,187.02,14310.21,1753618199999,2675374.662600,1771,10735.96,2007029.331400,0
1753618200000,187.0200,187.0200,186.8800,186.99,11102.45,1753618259999,2075407.966900,1179,5471.72,1022825.173000,0
1753618260000,186.9900,187.0200,186.8500,186.9,15541.90,1753618319999,2905583.673500,1388,9838.45,1839478.588000,0
1753618320000,186.9100,187.0100,186.9000,186.94,16957.78,1753618379999,3170673.220500,1111,9606.35,1796085.680000,0
1753618380000,186.9500,187.3000,186.9500,187.21,10384.34,1753618439999,1943918.824500,1875,8345.39,1562211.505600,0
1753618440000,187.2100,187.2800,187.1200,187.14,8065.89,1753618499999,1509951.533900,1174,4749.87,889191.983500,0
1753618500000,187.1400,187.2000,186.9200,186.93,7302.14,1753618559999,1365941.388100,1603,3426.45,641020.813300,0
1753618560000,186.9300,187.1000,186.8400,187.04,7997.98,1753618619999,1495466.999700,1371,4729.59,884450.902700,0
1753618620000,187.0500,187.0700,186.8700,186.93,4167.45,1753618679999,779070.773400,929,1784.24,333518.129400,0
1753618680000,186.9400,187.1200,186.8900,187.09,4514.33,1753618739999,844228.345300,939,2747.10,513703.257900,0
1753618740000,187.0900,187.1300,187.0000,187.0,3941.17,1753618799999,737288.555000,753,1905.55,356476.803000,0
1753618800000,187.0100,187.0300,186.8800,186.92,7729.23,1753618859999,1445171.520900,864,3746.15,700470.923300,0
1753618860000,186.9300,187.0200,186.9100,187.0,3214.81,1753618919999,601034.549300,844,2551.30,476990.559200,0
1753618920000,187.0100,187.0400,186.8800,186.88,3651.78,1753618979999,682646.837100,818,1620.56,302927.948500,0
1753618980000,186.8800,186.9000,186.7100,186.8,6837.86,1753619039999,1277511.403500,1199,2858.14,533953.293900,0
1753619040000,186.8100,186.8900,186.7500,186.84,12681.68,1753619099999,2368985.057000,1104,3773.48,704917.928800,0
1753619100000,186.8400,186.9900,186.8300,186.85,6034.10,1753619159999,1127819.844900,896,4475.63,836554.583900,0
1753619160000,186.8500,186.9100,186.7900,186.79,4001.08,1753619219999,747651.054500,613,1270.67,237433.038300,0
1753619220000,186.7900,186.8900,186.7500,186.83,4034.55,1753619279999,753662.291700,672,1913.71,357440.443300,0
1753619280000,186.8300,186.9000,186.5400,186.55,11961.79,1753619339999,2233273.903600,1637,4077.39,761356.694800,0
1753619340000,186.5400,186.6500,186.2500,186.33,52848.32,1753619399999,9850411.405300,4488,11461.59,2136819.475300,0
1753619400000,186.3300,186.4700,186.2700,186.44,9849.66,1753619459999,1835726.074000,1442,6358.79,1185121.970300,0
1753619460000,186.4500,186.5700,186.4100,186.57,10671.74,1753619519999,1990202.536600,1170,8686.66,1620086.916900,0
1753619520000,186.5700,186.6000,186.2100,186.28,31910.38,1753619579999,5946584.367700,2455,9730.40,1813659.678300,0
1753619580000,186.2800,186.3100,185.7100,185.89,98007.50,1753619639999,18231382.895870,7880,21532.57,4005292.873100,0
1753619640000,185.9000,185.9100,185.5500,185.7,33895.67,1753619699999,6294170.133800,3998,12167.79,2259492.974700,0
1753619700000,185.7000,185.7800,185.3800,185.51,39898.33,1753619759999,7404144.571300,4405,16668.71,3094254.863300,0
1753619760000,185.5200,185.8800,185.5200,185.76,16793.34,1753619819999,3119798.618900,2394,10964.04,2036804.812500,0
1753619820000,185.7500,185.9800,185.7200,185.88,14258.86,1753619879999,2649758.242600,1691,9372.60,1741743.234000,0
1753619880000,185.8700,185.8800,185.8000,185.82,6821.38,1753619939999,1267551.002000,876,3457.01,642383.193700,0
1753619940000,185.8300,185.8700,185.5900,185.66,13377.72,1753619999999,2484506.713900,1925,4985.92,925993.522000,0
1753620000000,185.6700,185.8100,185.6600,185.7,15333.65,1753620059999,2847898.453100,1472,7201.72,1337517.993800,0
1753620060000,185.7100,185.7900,185.6600,185.68,8683.25,1753620119999,1612811.900900,1176,5911.70,1098113.007000,0
1753620120000,185.6700,185.8700,185.6400,185.77,7036.63,1753620179999,1306983.662700,1269,4625.34,859137.840900,0
1753620180000,185.7700,185.9000,185.7400,185.83,9619.57,1753620239999,1787556.864700,1436,6688.35,1242874.392700,0
1753620240000,185.8300,185.8300,185.6400,185.68,6692.67,1753620299999,1243199.716700,1302,2754.74,511727.230800,0
1753620300000,185.6900,185.8300,185.6500,185.77,10651.67,1753620359999,1978495.606200,1573,5931.05,1101639.273200,0
1753620360000,185.7600,185.9400,185.7500,185.81,12088.69,1753620419999,2246856.978200,1403,8018.56,1490358.866000,0
1753620420000,185.8000,185.9000,185.7000,185.89,9985.48,1753620479999,1855260.979500,1554,5798.61,1077326.230000,0
1753620480000,185.9000,186.1100,185.8800,186.05,12523.95,1753620539999,2329537.132600,1820,8832.67,1642946.139600,0
1753620540000,186.0600,186.2100,186.0400,186.11,13140.97,1753620599999,2445963.884100,1564,6942.28,1292195.380200,0
1753620600000,186.1200,186.1200,185.9800,186.03,6915.82,1753620659999,1286489.715300,1155,3342.07,621718.854000,0
1753620660000,186.0400,186.0400,185.9200,185.95,6108.46,1753620719999,1136041.483500,1046,3480.66,647299.795200,0
1753620720000,185.9600,186.2000,185.9400,186.2,9872.13,1753620779999,1836886.087300,1501,5281.23,982659.585400,0
1753620780000,186.1900,186.3000,186.1700,186.27,13852.87,1753620839999,2580057.305200,1493,10889.62,2028164.957700,0
1753620840000,186.2600,186.2900,186.2100,186.25,8713.86,1753620899999,1622967.434700,985,5221.30,972477.841000,0
1753620900000,186.2500,186.2800,186.1800,186.25,7151.04,1753620959999,1331679.597400,1010,4088.98,761486.547400,0
1753620960000,186.2500,186.4900,186.2400,186.43,14012.67,1753621019999,2611615.803200,1659,11451.56,2134275.190700,0
1753621020000,186.4400,186.4800,186.3200,186.35,9191.40,1753621079999,1713129.221200,1155,4618.64,860923.341700,0
1753621080000,186.3500,186.4700,186.3300,186.37,7743.12,1753621139999,1443402.063900,860,4260.91,794245.937500,0
1753621140000,186.3700,186.4600,186.3500,186.35,4773.74,1753621199999,889907.188800,784,2669.76,497665.699100,0
1753621200000,186.3400,186.4500,186.2600,186.26,8280.23,1753621259999,1543000.475000,1615,4295.41,800459.001700,0
1753621260000,186.2600,186.4500,186.1400,186.45,8355.87,1753621319999,1556447.513400,1473,5279.55,983580.349400,0
1753621320000,186.4500,186.5800,186.4200,186.58,10568.67,1753621379999,1970953.094400,1533,6617.61,1234194.048400,0
1753621380000,186.5700,186.7100,186.5500,186.64,13016.91,1753621439999,2429528.656000,1432,5983.95,1116874.323600,0
1753621440000,186.6400,186.6600,186.4700,186.48,9172.86,1753621499999,1711790.065800,1235,4842.67,903790.939700,0
1753621500000,186.4700,186.4800,186.2300,186.37,16719.75,1753621559999,3115832.486700,2024,5996.42,1117332.918600,0
1753621560000,186.3700,186.4000,186.2200,186.36,6702.98,1753621619999,1248974.203700,1403,3110.93,579631.992000,0
1753621620000,186.3400,186.4900,186.3400,186.48,4870.55,1753621679999,908017.527000,911,2665.21,496838.355700,0
1753621680000,186.4800,186.4900,186.3500,186.37,10004.67,1753621739999,1865331.977800,970,2837.72,528978.383100,0
1753621740000,186.3800,186.4400,186.2800,186.43,6635.71,1753621799999,1236656.732200,990,4736.78,882767.457600,0
1753621800000,186.4400,186.5900,186.4400,186.59,4142.60,1753621859999,772662.606800,910,2746.86,512327.596000,0
1753621860000,186.5800,186.6600,186.4900,186.63,4974.00,1753621919999,928127.110000,1078,2423.25,452165.544300,0
1753621920000,186.6400,186.6700,186.4800,186.48,6572.85,1753621979999,1226394.628000,1016,1525.91,284714.870600,0
1753621980000,186.4900,186.5300,186.4000,186.4,4460.41,1753622039999,831738.628400,929,1678.60,313034.794300,0
1753622040000,186.4100,186.5800,186.3400,186.54,3281.73,1753622099999,611913.553800,871,2196.22,409512.012700,0
1753622100000,186.5400,186.6300,186.5300,186.6,3787.47,1753622159999,706654.185900,765,2032.36,379183.697900,0
1753622160000,186.5900,186.6700,186.5400,186.66,4113.62,1753622219999,767693.819200,761,2170.86,405153.011400,0
1753622220000,186.6500,186.6600,186.4500,186.55,7174.73,1753622279999,1338495.780200,1092,2679.67,499912.986800,0
1753622280000,186.5500,186.6500,186.5400,186.59,2257.66,1753622339999,421279.445400,533,1143.03,213287.150300,0
1753622340000,186.5800,186.6100,186.4000,186.57,8057.99,1753622399999,1502703.036500,1039,1607.68,299855.408100,0
1753622400000,186.5700,186.6300,186.1900,186.29,18916.39,1753622459999,3524549.391900,2109,2843.89,529946.063300,0
1753622460000,186.3000,186.3200,186.1300,186.27,11222.64,1753622519999,2089747.196700,1474,2770.69,515915.377300,0
1753622520000,186.2700,186.4500,186.2600,186.35,4153.04,1753622579999,773966.602700,781,2095.99,390574.353200,0
1753622580000,186.3500,186.3600,186.1500,186.15,5846.45,1753622639999,1089121.739200,928,1076.82,200614.976400,0
1753622640000,186.1500,186.3000,186.1500,186.24,9248.04,1753622699999,1722388.707600,990,6171.57,1149384.399200,0
1753622700000,186.2500,186.4400,186.2500,186.35,3572.64,1753622759999,665853.949300,718,1650.24,307521.298700,0
1753622760000,186.3500,186.4700,186.3100,186.46,3292.65,1753622819999,613789.648500,557,2620.51,488502.277800,0
1753622820000,186.4700,186.6200,186.4600,186.59,4785.44,1753622879999,892710.481400,757,3008.95,561300.850700,0
1753622880000,186.5900,186.5900,186.5100,186.52,2142.17,1753622939999,399616.282500,497,573.04,106898.889800,0
1753622940000,186.5200,186.6400,186.5100,186.64,4180.76,1753622999999,780095.961600,618,3006.91,561084.277900,0
1753623000000,186.6400,186.6500,186.4900,186.51,6534.31,1753623059999,1219013.457100,840,3043.13,567797.973800,0
1753623060000,186.5100,186.5100,186.2900,186.29,11615.05,1753623119999,2164923.019200,1174,3190.55,594708.825500,0
1753623120000,186.2800,186.2900,186.0200,186.07,15341.85,1753623179999,2855661.950300,1830,4375.06,814292.140800,0
1753623180000,186.0800,186.0800,185.8400,185.88,17705.93,1753623239999,3292416.338600,2092,4502.29,837103.831300,0
1753623240000,185.8800,186.0000,185.8800,185.96,6549.57,1753623299999,1217978.414300,803,3239.61,602434.562100,0
1753623300000,185.9700,186.1700,185.9600,186.1,6743.78,1753623359999,1254855.276600,821,4487.82,835021.304300,0
1753623360000,186.1100,186.1100,186.0000,186.08,6818.59,1753623419999,1268556.613900,960,4404.98,819470.286600,0
1753623420000,186.0900,186.2200,186.0800,186.19,4113.60,1753623479999,765756.718200,707,3125.41,581786.352900,0
1753623480000,186.1900,186.3100,186.0800,186.09,4407.77,1753623539999,820683.022400,909,1861.42,346600.976100,0
1753623540000,186.0900,186.1600,186.0400,186.14,4471.49,1753623599999,832096.320200,755,2433.89,452916.738600,0
1753623600000,186.1400,186.1500,185.8500,185.85,11408.25,1753623659999,2121707.665100,1254,3134.68,582986.133800,0
1753623660000,185.8600,186.0200,185.8100,186.01,11657.30,1753623719999,2166484.374700,1182,5253.05,976319.393400,0
1753623720000,186.0200,186.0500,185.9300,186.01,5784.85,1753623779999,1075934.603700,1028,3374.09,627552.927000,0
1753623780000,186.0100,186.0100,185.8600,185.94,10385.55,1753623839999,1930734.899300,1045,4931.04,916642.823900,0
1753623840000,185.9400,185.9700,185.8400,185.85,4802.94,1753623899999,892878.872800,656,1055.92,196324.100800,0
1753623900000,185.8400,185.9700,185.8300,185.97,8336.72,1753623959999,1549650.405000,1056,6565.74,1220444.902000,0
1753623960000,185.9600,186.0500,185.7300,185.75,8942.42,1753624019999,1661738.596100,1192,1996.49,371035.024800,0
1753624020000,185.7500,185.9100,185.7100,185.91,8672.22,1753624079999,1611242.942300,1390,6113.78,1135906.850000,0
1753624080000,185.9200,185.9200,185.7200,185.75,16701.33,1753624139999,3103690.283600,1557,11090.03,2061046.295900,0
1753624140000,185.7500,185.8000,185.6900,185.7,4590.20,1753624199999,852612.171900,628,2000.49,371595.284000,0
1753624200000,185.6900,185.7500,185.6100,185.66,10989.40,1753624259999,2040491.764700,1418,4984.52,925604.006900,0
1753624260000,185.6600,185.7800,185.6200,185.71,8890.82,1753624319999,1651092.445100,1213,5822.88,1081319.812000,0
1753624320000,185.7100,185.7300,185.6200,185.63,5732.88,1753624379999,1064377.149300,845,1830.61,339878.954400,0
1753624380000,185.6200,185.6700,185.5100,185.53,8610.68,1753624439999,1597949.549100,1482,2428.73,450732.994400,0
1753624440000,185.5200,185.5900,185.4000,185.5,37340.43,1753624499999,6926488.865000,2454,9034.64,1675978.511000,0
1753624500000,185.5100,185.6400,185.5000,185.63,12346.30,1753624559999,2290822.785900,1158,7554.23,1401712.639200,0
1753624560000,185.6300,185.8400,185.6300,185.68,8934.15,1753624619999,1659483.322400,1510,6728.65,1249845.765500,0
1753624620000,185.6800,185.8100,185.6700,185.77,5827.00,1753624679999,1082375.440200,851,4438.82,824520.222600,0
1753624680000,185.7800,185.8000,185.7300,185.79,4475.82,1753624739999,831481.005300,765,3503.05,650766.025700,0
1753624740000,185.7900,185.8100,185.6700,185.68,3110.04,1753624799999,577687.792100,661,1633.60,303447.229200,0
1753624800000,185.6700,185.7200,185.5100,185.7,12041.81,1753624859999,2234967.284400,1858,6193.79,1149756.004400,0
1753624860000,185.7000,185.8100,185.6800,185.72,5953.11,1753624919999,1105713.626800,1114,3844.07,713995.063800,0
1753624920000,185.7200,186.1100,185.6800,186.1,20206.78,1753624979999,3756958.053400,2382,17077.90,3175294.184200,0
1753624980000,186.1000,186.2800,186.0600,186.13,17950.09,1753625039999,3342077.058600,1868,6687.04,1245012.042900,0
1753625040000,186.1300,186.1300,185.9600,185.99,8299.75,1753625099999,1543946.105200,1335,4911.67,913619.389400,0
1753625100000,185.9900,186.0200,185.7700,185.77,9173.22,1753625159999,1705215.061000,1334,3218.42,598336.605900,0
1753625160000,185.7600,185.9500,185.7600,185.78,5632.33,1753625219999,1046820.023600,949,4434.59,824188.372200,0
1753625220000,185.7800,185.8600,185.5300,185.55,7787.49,1753625279999,1445701.526200,1385,4107.52,762561.267300,0
1753625280000,185.5500,185.7900,185.5000,185.79,7052.30,1753625339999,1309132.086900,1446,4561.13,846744.135100,0
1753625340000,185.8000,186.0000,185.7100,186.0,8595.83,1753625399999,1597503.132200,1324,4339.47,806571.342900,0
1753625400000,186.0000,186.1200,185.9300,186.03,10595.49,1753625459999,1970929.975000,1326,6436.74,1197274.444700,0
1753625460000,186.0300,186.1200,185.9000,185.9,5491.84,1753625519999,1021679.968400,1317,2403.35,447143.613500,0
1753625520000,185.9100,185.9600,185.7200,185.84,7010.84,1753625579999,1302891.648300,1614,4439.82,825047.922100,0
1753625580000,185.8500,185.8500,185.5900,185.79,10997.81,1753625639999,2042266.382800,1691,4744.85,881098.041000,0
1753625640000,185.7800,185.9200,185.7600,185.92,6274.22,1753625699999,1165845.982000,1091,3157.57,586758.704800,0
1753625700000,185.9100,185.9900,185.7800,185.87,5492.87,1753625759999,1021143.481100,1206,3284.81,610655.775700,0
1753625760000,185.8600,186.0800,185.8600,186.06,6266.31,1753625819999,1165701.749800,1123,3349.30,623053.501200,0
1753625820000,186.0700,186.2800,186.0400,186.28,6891.72,1753625879999,1282861.626200,1261,4548.56,846676.232700,0
1753625880000,186.2900,186.3700,186.2100,186.32,7128.81,1753625939999,1328222.846100,1363,3574.01,665904.255500,0
1753625940000,186.3100,186.4500,186.2900,186.35,8982.54,1753625999999,1674057.554600,1442,5851.19,1090490.853200,0
1753626000000,186.3600,186.3600,186.1500,186.22,10019.76,1753626059999,1866328.713100,1041,4335.84,807497.601700,0
1753626060000,186.2200,186.2300,186.0200,186.02,5842.43,1753626119999,1087722.246800,1267,3214.21,598413.609400,0
1753626120000,186.0300,186.0800,185.9200,185.98,8553.88,1753626179999,1591068.166600,1278,4530.96,842810.136900,0
1753626180000,185.9700,186.0500,185.8700,185.93,7723.71,1753626239999,1436292.673700,1299,3945.59,733702.988400,0
1753626240000,185.9300,186.0100,185.8300,185.84,3270.48,1753626299999,608028.679700,833,1476.07,274446.904400,0
1753626300000,185.8400,185.8900,185.6300,185.8,7425.92,1753626359999,1379309.296800,1640,3188.10,592127.932100,0
1753626360000,185.8000,185.8900,185.6800,185.68,5573.14,1753626419999,1035536.231200,1055,2723.53,506129.941200,0
1753626420000,185.6900,185.8200,185.6800,185.8,4949.85,1753626479999,919452.666400,917,3776.00,701390.608800,0
1753626480000,185.8000,185.8800,185.7900,185.82,4797.33,1753626539999,891476.588300,843,2361.39,438801.906600,0
1753626540000,185.8200,185.9600,185.7900,185.94,6396.64,1753626599999,1189064.981700,988,4810.91,894364.819300,0
1753626600000,185.9400,185.9500,185.8100,185.91,4261.21,1753626659999,792100.227200,853,2172.15,403785.652600,0
1753626660000,185.9200,186.1700,185.9100,186.12,6504.01,1753626719999,1210132.547800,1401,4107.28,764206.197400,0
1753626720000,186.1100,186.3200,186.1100,186.31,15301.27,1753626779999,2850196.017900,1883,11618.50,2164221.315300,0
1753626780000,186.3100,186.3100,186.1500,186.21,4221.63,1753626839999,786234.487100,873,2646.64,492901.766900,0
1753626840000,186.2100,186.2600,186.0500,186.19,10587.74,1753626899999,1971180.818700,1427,6883.36,1281545.317200,0
1753626900000,186.1800,186.3100,186.1600,186.17,4889.61,1753626959999,910574.350500,858,2253.83,419735.716100,0
1753626960000,186.1800,186.1900,185.7600,185.96,16700.04,1753627019999,3104810.233500,1959,3374.85,627471.852900,0
1753627020000,185.9600,185.9700,185.7300,185.74,4075.23,1753627079999,757319.085900,859,1523.63,283156.120200,0
1753627080000,185.7300,185.7600,185.6300,185.63,5872.83,1753627139999,1090613.309900,1130,3399.83,631363.242200,0
1753627140000,185.6400,185.7300,185.5100,185.65,11920.22,1753627199999,2212294.321500,1720,5575.51,1034818.305500,0
1753627200000,185.6500,185.8400,185.6500,185.81,4164.08,1753627259999,773410.224600,1064,3050.86,566646.803900,0
1753627260000,185.8100,185.9800,185.7900,185.98,3613.62,1753627319999,671706.018100,840,2498.80,464486.123100,0
1753627320000,185.9900,186.0700,185.9100,185.97,5139.93,1753627379999,956009.510900,1091,2035.47,378597.452100,0
1753627380000,185.9700,186.1000,185.9400,185.94,4239.71,1753627439999,788693.067000,1019,1485.01,276241.856900,0
1753627440000,185.9400,185.9500,185.6400,185.69,6047.88,1753627499999,1123293.658300,1298,2481.89,460939.485800,0
1753627500000,185.6900,185.6900,185.3200,185.32,16128.72,1753627559999,2991822.593300,2476,3438.21,638081.851800,0
1753627560000,185.3300,185.6000,185.2700,185.31,57497.62,1753627619999,10661536.357600,3976,23745.24,4403978.207700,0
1753627620000,185.3200,185.4800,185.1600,185.39,26366.36,1753627679999,4886043.597400,2825,11162.81,2069566.156400,0
1753627680000,185.3800,185.4800,185.2300,185.26,7316.44,1753627739999,1355983.125100,1590,3477.34,644487.167200,0
1753627740000,185.2600,185.3900,185.2500,185.37,4884.15,1753627799999,905145.866700,1058,3023.50,560305.089600,0
1753627800000,185.3800,185.3800,185.2100,185.22,6708.22,1753627859999,1243020.277000,1231,2090.45,387373.495200,0
1753627860000,185.2200,185.4000,185.0700,185.33,15765.98,1753627919999,2920224.501900,2337,6951.31,1287856.317500,0
1753627920000,185.3300,185.7100,185.3200,185.66,19519.99,1753627979999,3622668.868600,2285,14768.27,2740742.566000,0
1753627980000,185.6700,185.7400,185.4900,185.56,7017.64,1753628039999,1302429.590800,1205,2303.60,427614.705200,0
1753628040000,185.5600,185.6600,185.5300,185.66,5095.19,1753628099999,945620.135400,980,3848.97,714352.318100,0
1753628100000,185.6600,185.9000,185.6300,185.76,14915.35,1753628159999,2771062.263000,1701,11699.20,2173467.570100,0
1753628160000,185.7700,185.7700,185.5300,185.7,7241.07,1753628219999,1343991.800800,1332,2799.78,519712.332200,0
1753628220000,185.6900,185.6900,185.5500,185.56,3672.65,1753628279999,681643.025300,834,1931.90,358557.169700,0
1753628280000,185.5600,185.7300,185.5600,185.71,7104.06,1753628339999,1318929.343900,974,5905.65,1096424.839300,0
1753628340000,185.7200,185.7600,185.6900,185.7,3010.81,1753628399999,559197.815000,604,1585.78,294538.775300,0
1753628400000,185.7100,185.7100,185.5100,185.53,7444.57,1753628459999,1381581.424200,1532,2266.75,420629.223700,0
1753628460000,185.5400,185.6700,185.4200,185.42,9893.60,1753628519999,1835614.422500,1629,6090.38,1130048.000900,0
1753628520000,185.4100,185.6200,185.4100,185.62,3884.34,1753628579999,720726.015500,1132,2652.25,492101.172100,0
1753628580000,185.6200,185.6200,185.4400,185.54,6735.99,1753628639999,1249628.175500,1439,3171.33,588304.000500,0
1753628640000,185.5400,185.6900,185.5200,185.69,9361.69,1753628699999,1737385.633300,1279,6776.29,1257627.851500,0
1753628700000,185.6800,185.8200,185.3000,185.48,15824.50,1753628759999,2935697.848500,3016,8058.71,1494735.901400,0
1753628760000,185.4800,185.5500,185.3000,185.51,10484.75,1753628819999,1944224.787600,1681,4739.65,878887.485500,0
1753628820000,185.5000,185.5000,185.2600,185.32,11263.07,1753628879999,2087678.227000,1493,7450.89,1380961.168000,0
1753628880000,185.3200,185.3200,185.1700,185.23,8189.02,1753628939999,1516955.470500,1381,2715.50,503040.970500,0
1753628940000,185.2300,185.3600,185.1500,185.16,6032.85,1753628999999,1117548.322500,1175,2263.00,419198.668400,0
1753629000000,185.1500,185.2200,184.9700,185.22,43671.56,1753629059999,8081175.792000,4117,11827.85,2189250.049500,0
1753629060000,185.2100,185.2500,184.8000,184.92,42399.94,1753629119999,7841230.141200,4144,7259.12,1343070.780100,0
1753629120000,184.9200,185.1700,184.9200,185.03,11054.35,1753629179999,2045622.114200,1738,5031.25,931016.048300,0
1753629180000,185.0200,185.2200,185.0000,185.13,5673.16,1753629239999,1049993.838100,1530,3619.53,669895.244400,0
1753629240000,185.1200,185.2900,185.0800,185.24,7367.23,1753629299999,1364387.594900,1307,5172.87,958008.299700,0
1753629300000,185.2400,185.2900,184.9200,184.92,8001.05,1753629359999,1481704.055800,1633,2425.51,449286.205900,0
1753629360000,184.9200,185.2100,184.8800,185.21,10565.47,1753629419999,1954817.000600,1647,6303.18,1166149.016400,0
1753629420000,185.2000,185.2800,185.0000,185.27,9676.23,1753629479999,1791562.096800,1604,6554.08,1213624.503300,0
1753629480000,185.2700,185.5700,185.2400,185.54,20819.12,1753629539999,3860552.366100,2583,16126.61,2990614.927800,0
1753629540000,185.5400,185.7600,185.5000,185.75,12382.42,1753629599999,2298403.209300,1955,7432.52,1379753.626100,0
1753629600000,185.7500,185.7600,185.4600,185.52,9942.30,1753629659999,1845483.377200,1624,3168.04,587939.785900,0
1753629660000,185.5300,185.7300,185.5300,185.71,7045.61,1753629719999,1307975.309000,1264,3343.96,620783.258700,0
1753629720000,185.7000,185.7100,185.5300,185.65,3943.70,1753629779999,732042.723900,1045,1954.22,362731.824000,0
1753629780000,185.6500,185.7100,185.4500,185.45,4739.44,1753629839999,879593.844400,1217,1347.43,250109.001700,0
1753629840000,185.4600,185.7400,185.4600,185.65,5703.89,1753629899999,1058601.204900,1308,3769.62,699516.634600,0
1753629900000,185.6500,185.7200,185.5300,185.58,3864.10,1753629959999,717222.839600,1073,1986.55,368718.228700,0
1753629960000,185.5800,185.6700,185.5400,185.63,2352.67,1753630019999,436698.157700,824,1539.21,285709.068300,0
1753630020000,185.6300,185.7500,185.5000,185.66,3407.74,1753630079999,632563.954800,1086,1738.53,322700.599200,0
1753630080000,185.6500,185.7600,185.5500,185.57,4913.69,1753630139999,912104.176200,1116,3341.88,620329.816200,0
1753630140000,185.5700,185.5700,185.4600,185.55,3201.04,1753630199999,593821.371000,876,1770.29,328424.608000,0
1753630200000,185.5500,185.6200,185.3800,185.58,5950.46,1753630259999,1103742.595100,1766,3377.89,626440.876200,0
1753630260000,185.5700,185.7600,185.5100,185.54,5133.09,1753630319999,953016.104000,1282,3024.69,561570.467000,0
1753630320000,185.5400,185.5900,185.4200,185.53,4534.11,1753630379999,841125.746500,1133,2215.67,411024.309500,0
1753630380000,185.5300,185.7100,185.5300,185.71,10490.97,1753630439999,1947727.974100,1527,2899.65,538303.394100,0
1753630440000,185.7000,185.8500,185.6500,185.75,9306.83,1753630499999,1728966.782900,1455,5431.15,1008862.945600,0
1753630500000,185.7400,185.8000,185.6600,185.71,7192.00,1753630559999,1335927.033000,1486,3938.88,731655.233500,0
1753630560000,185.7200,185.7400,185.6000,185.64,4202.06,1753630619999,780200.299000,1240,2317.99,430408.793600,0
1753630620000,185.6400,185.7700,185.5300,185.53,5229.22,1753630679999,971007.930300,1312,3922.97,728497.134900,0
1753630680000,185.5300,185.5400,185.3500,185.36,10432.80,1753630739999,1934752.747100,1676,4130.97,765998.690500,0
1753630740000,185.3600,185.6000,185.2800,185.6,4795.71,1753630799999,889348.235000,1403,2380.22,441423.300500,0
1753630800000,185.6000,185.8600,185.6000,185.75,4593.55,1753630859999,853287.044000,1375,3103.23,576413.833100,0
1753630860000,185.7500,185.8700,185.7200,185.76,5641.15,1753630919999,1048191.123500,1098,2317.69,430606.807900,0
1753630920000,185.7700,185.8700,185.7000,185.87,9734.49,1753630979999,1808496.690800,1351,6213.28,1154409.326000,0
1753630980000,185.8600,185.9300,185.8400,185.9,8228.50,1753631039999,1529664.810100,1354,5420.51,1007667.966900,0
1753631040000,185.9000,185.9500,185.8500,185.94,3413.41,1753631099999,634526.646800,739,1781.52,331180.360100,0
1753631100000,185.9500,186.0900,185.9400,186.09,12321.06,1753631159999,2291599.598600,2385,7812.44,1453071.625000,0
1753631160000,186.0800,186.0900,185.8000,185.92,8484.14,1753631219999,1577489.993600,1599,2582.62,480099.373300,0
1753631220000,185.9300,185.9500,185.7400,185.75,5487.67,1753631279999,1019692.671200,1057,1599.38,297244.498100,0
1753631280000,185.7500,186.0400,185.7500,186.04,4369.22,1753631339999,812261.183500,1095,3239.73,602315.172300,0
1753631340000,186.0500,186.2500,186.0500,186.25,8707.06,1753631399999,1620852.612800,1394,5910.17,1100199.414800,0
1753631400000,186.2400,186.3500,186.1600,186.24,17729.99,1753631459999,3301677.730700,2231,10857.42,2021865.677200,0
1753631460000,186.2400,186.3000,186.1800,186.22,5082.70,1753631519999,946578.631100,1001,1449.55,269940.956100,0
1753631520000,186.2300,186.2500,186.1600,186.22,4510.18,1753631579999,839845.443900,728,1819.45,338810.435500,0
1753631580000,186.2300,186.2900,186.1600,186.24,4719.66,1753631639999,878896.337800,799,2926.15,544895.543900,0
1753631640000,186.2500,186.3000,186.2100,186.25,4151.59,1753631699999,773267.687900,970,2123.57,395528.504100,0
1753631700000,186.2500,186.2500,185.9900,186.08,6965.57,1753631759999,1296263.865100,1285,2526.89,470166.459900,0
1753631760000,186.0800,186.2000,186.0800,186.18,4237.13,1753631819999,788798.218800,867,2111.91,393144.105800,0
1753631820000,186.1800,186.3100,186.1700,186.28,9375.99,1753631879999,1746427.678200,1123,6983.55,1300820.680800,0
1753631880000,186.2900,186.3700,186.2600,186.33,7995.82,1753631939999,1489793.056500,1193,5298.02,987179.082400,0
1753631940000,186.3200,186.4300,186.3200,186.38,12291.20,1753631999999,2290834.430200,1501,9121.07,1699980.352600,0
1753632000000,186.3800,186.6200,186.3000,186.62,16667.83,1753632059999,3108534.707900,2302,11105.58,2071311.899900,0
1753632060000,186.6100,186.8200,186.5500,186.81,29209.73,1753632119999,5452303.605600,2730,19218.73,3587182.024900,0
1753632120000,186.8100,186.8600,186.7600,186.77,25399.40,1753632179999,4745282.001800,1965,11901.21,2223590.646400,0
1753632180000,186.7700,186.9500,186.7700,186.95,19960.54,1753632239999,3730129.228700,1596,14573.21,2723372.306500,0
1753632240000,186.9400,187.2000,186.8900,187.19,29304.39,1753632299999,5481350.359500,3221,18623.11,3483670.783500,0
1753632300000,187.1900,187.2300,187.0300,187.11,35200.22,1753632359999,6586613.327000,2711,20078.32,3757062.216400,0
1753632360000,187.1000,187.1900,187.0800,187.18,16151.68,1753632419999,3022633.356100,1331,8301.64,1553519.090000,0
1753632420000,187.1900,187.2000,186.9400,187.05,17056.28,1753632479999,3190779.340000,2218,4573.97,855653.792900,0
1753632480000,187.0500,187.1600,186.9000,186.93,13804.20,1753632539999,2581703.784000,2220,4914.89,919320.898700,0
1753632540000,186.9400,187.1800,186.9400,187.17,14263.37,1753632599999,2668454.495900,1500,6910.00,1292960.557000,0
1753632600000,187.1600,187.2100,186.9800,187.2,10576.11,1753632659999,1978632.803000,1893,4150.87,776603.362100,0
1753632660000,187.2100,187.4400,187.1400,187.34,16609.35,1753632719999,3110734.243500,2797,9913.00,1856644.792400,0
1753632720000,187.3400,187.5600,187.2100,187.44,24501.57,1753632779999,4591804.653420,3866,13537.59,2537246.968120,0
1753632780000,187.4400,187.7000,187.4000,187.7,23557.96,1753632839999,4418588.986360,3172,16404.90,3076951.441760,0
1753632840000,187.6900,187.7900,187.5500,187.77,26863.94,1753632899999,5042574.963600,2694,10175.83,1910233.375400,0
1753632900000,187.7700,187.8400,187.5000,187.84,22308.29,1753632959999,4187186.200400,3172,7449.66,1398515.877100,0
1753632960000,187.8400,188.0600,187.8400,188.03,36269.87,1753633019999,6817670.131200,3532,19903.06,3741050.924900,0
1753633020000,188.0300,188.1700,187.9700,188.1,26548.50,1753633079999,4993322.988200,2468,10625.05,1998670.962700,0
1753633080000,188.1100,188.1900,187.9600,188.14,31313.31,1753633139999,5889313.791700,2533,11270.43,2119966.331700,0
1753633140000,188.1300,188.2000,187.9300,188.03,25043.76,1753633199999,4709587.086500,2640,11946.49,2246481.377100,0
1753633200000,188.0300,188.2300,187.8600,188.13,45266.58,1753633259999,8514462.572000,3439,24970.61,4697345.318400,0
1753633260000,188.1200,188.3800,188.0000,188.35,23679.43,1753633319999,4456924.962100,2638,13158.18,2476868.015100,0
1753633320000,188.3600,188.3600,188.0300,188.04,24619.23,1753633379999,4633724.749100,2481,3768.96,709524.722800,0
1753633380000,188.0300,188.2600,187.9700,188.26,18978.48,1753633439999,3569253.923400,2095,9376.15,1763435.483900,0
1753633440000,188.2500,188.3100,188.2000,188.21,15284.88,1753633499999,2877598.792300,1739,6467.89,1217744.212200,0
1753633500000,188.2100,188.3300,188.1100,188.23,12400.21,1753633559999,2334068.328600,1771,5495.21,1034370.282900,0
1753633560000,188.2300,188.2400,187.9000,188.0,25261.70,1753633619999,4749218.484100,3003,7537.16,1417008.982800,0
1753633620000,188.0000,188.0500,187.8300,188.01,21638.16,1753633679999,4066776.552900,2649,10176.03,1912622.106400,0
1753633680000,188.0000,188.2200,187.9400,188.21,10827.08,1753633739999,2036199.315500,1626,6137.61,1154201.231600,0
1753633740000,188.2100,188.4400,188.1300,188.4,44737.32,1753633799999,8422682.721300,2697,30619.92,5764293.498200,0
1753633800000,188.4000,188.5000,188.3500,188.48,22918.47,1753633859999,4318635.610100,2729,13988.84,2636027.469700,0
1753633860000,188.4800,188.7000,188.4100,188.57,34893.47,1753633919999,6579866.829900,3980,23307.84,4395118.155400,0
1753633920000,188.5600,188.7600,188.5600,188.67,34466.38,1753633979999,6502657.610100,2793,19738.55,3724033.241100,0
1753633980000,188.6700,188.8600,188.5300,188.75,36367.06,1753634039999,6863575.874000,3661,12832.90,2422011.794900,0
1753634040000,188.7400,189.1700,188.6700,189.08,69430.24,1753634099999,13120139.193160,5308,54037.20,10212432.212360,0
1753634100000,189.0900,189.3000,189.0800,189.1,43173.98,1753634159999,8169131.144400,7463,26617.21,5036479.451100,0
1753634160000,189.1000,189.4600,188.8400,189.45,40041.60,1753634219999,7575538.295120,7495,21445.80,4058237.482520,0
1753634220000,189.4500,189.7000,189.4400,189.63,57265.98,1753634279999,10856018.275500,5061,27925.33,5293627.230700,0
1753634280000,189.6200,189.6300,189.2000,189.39,39230.81,1753634339999,7430669.214200,4041,16949.47,3210146.559100,0
1753634340000,189.3900,189.6800,189.3800,189.68,17746.01,1753634399999,3364051.881700,2252,9640.05,1827281.319600,0
1753634400000,189.6700,189.6700,189.2600,189.58,37772.55,1753634459999,7156508.989800,4056,12822.14,2429503.296600,0
1753634460000,189.5700,189.6800,189.4300,189.55,14047.61,1753634519999,2662853.512900,2190,7542.14,1429707.445700,0
1753634520000,189.5400,189.5500,189.3900,189.54,19844.79,1753634579999,3760598.656500,2361,7388.02,1400006.289300,0
1753634580000,189.5300,189.5600,188.9000,188.97,44395.55,1753634639999,8398449.522500,4761,13304.22,2517695.359100,0
1753634640000,188.9800,189.1200,188.6700,188.77,64452.85,1753634699999,12176673.056000,5130,28387.32,5364271.333600,0
1753634700000,188.7700,189.1800,188.7600,189.09,25397.96,1753634759999,4800798.683200,3561,17811.05,3367056.086500,0
1753634760000,189.1000,189.3700,189.0900,189.32,22517.85,1753634819999,4261834.964100,2750,13768.04,2605831.351700,0
1753634820000,189.3300,189.6000,189.3000,189.41,18002.45,1753634879999,3410872.016900,2548,9632.96,1825031.737300,0
1753634880000,189.4100,189.4100,189.1200,189.3,13986.31,1753634939999,2646616.473200,2132,5174.14,979137.124900,0
1753634940000,189.3100,189.3300,189.1400,189.21,11772.63,1753634999999,2227598.637100,1882,4802.46,908765.050300,0
1753635000000,189.2100,189.2400,189.0800,189.09,10518.74,1753635059999,1989919.147000,2018,4273.02,808407.227600,0
1753635060000,189.0700,189.0700,188.3000,188.5,50045.75,1753635119999,9437663.498800,6147,12458.89,2349382.165900,0
1753635120000,188.5000,188.5500,188.1100,188.11,47244.86,1753635179999,8898697.945200,4920,17845.00,3361641.220000,0
1753635180000,188.1100,188.3100,187.6700,188.09,65247.70,1753635239999,12267047.499500,6639,31225.20,5871059.935600,0
1753635240000,188.1000,188.4100,188.0500,188.17,22653.11,1753635299999,4264726.826600,2950,8661.70,1630649.191700,0
1753635300000,188.1700,188.2800,187.8200,188.1,31059.11,1753635359999,5841223.239700,3613,11721.69,2204784.625600,0
1753635360000,188.0900,188.0900,187.4500,187.59,44431.32,1753635419999,8339108.591380,5158,12356.42,2319101.200400,0
1753635420000,187.5800,187.6200,186.8400,187.1,75864.94,1753635479999,14201802.326500,10102,39345.26,7366698.318400,0
1753635480000,187.1100,187.6600,187.0900,187.39,28444.86,1753635539999,5330589.393700,6563,16871.16,3161681.657000,0
1753635540000,187.3900,187.6100,187.1900,187.58,19538.64,1753635599999,3660811.775700,2690,10222.69,1915617.093700,0
1753635600000,187.5800,187.6000,187.1700,187.22,30370.17,1753635659999,5690443.418800,3230,12330.50,2310250.656900,0
1753635660000,187.2200,187.4300,186.9200,187.0,27498.78,1753635719999,5145641.287000,3600,17914.58,3352255.502800,0
1753635720000,187.0000,187.0600,186.7700,186.82,30222.34,1753635779999,5647711.949500,3386,14618.98,2731858.806400,0
1753635780000,186.8200,187.1900,186.8200,186.95,27991.30,1753635839999,5235618.680100,2690,18653.55,3489394.944200,0
1753635840000,186.9500,187.2300,186.8500,187.23,23707.77,1753635899999,4435834.976400,2429,15474.25,2895718.440500,0
1753635900000,187.2300,187.7400,187.2200,187.74,23662.63,1753635959999,4437016.002700,3029,17817.80,3341033.697400,0
1753635960000,187.7400,187.7500,187.5000,187.53,26014.67,1753636019999,4882077.335500,2231,11912.00,2235417.868300,0
1753636020000,187.5300,187.9000,187.0700,187.15,55136.35,1753636079999,10343202.233600,4372,35714.30,6703227.771900,0
1753636080000,187.1500,187.4400,187.1500,187.34,13311.06,1753636139999,2492790.787200,2185,9604.07,1798586.020900,0
1753636140000,187.3300,187.5000,187.1200,187.14,14037.08,1753636199999,2628970.491600,2078,9042.25,1693527.620700,0
1753636200000,187.1300,187.2500,186.9700,186.97,17304.59,1753636259999,3237500.357300,2336,9727.63,1819877.434900,0
1753636260000,186.9600,187.1000,186.8000,186.8,21239.15,1753636319999,3970803.919400,2156,10319.03,1929221.188300,0
1753636320000,186.8000,186.9300,186.3400,186.74,68164.39,1753636379999,12723158.105760,5892,21338.54,3983014.582600,0
1753636380000,186.7300,186.8600,186.5800,186.86,21875.42,1753636439999,4084447.707500,2696,15604.14,2913547.066000,0
1753636440000,186.8500,186.8900,186.5800,186.7,15289.34,1753636499999,2855023.209300,1868,6871.23,1283132.072900,0
1753636500000,186.7000,186.7400,186.4000,186.62,33904.83,1753636559999,6324386.597500,3438,14063.75,2623337.231200,0
1753636560000,186.6200,186.7300,186.3600,186.51,18354.74,1753636619999,3424115.179100,2260,10935.16,2039789.624700,0
1753636620000,186.5000,186.6100,186.2100,186.29,23504.49,1753636679999,4380022.673800,2878,9087.38,1693703.190900,0
1753636680000,186.3000,186.5900,186.2700,186.41,13237.00,1753636739999,2467370.826900,2105,7680.16,1431588.040100,0
1753636740000,186.4000,186.4400,186.1100,186.25,20333.34,1753636799999,3787387.894200,2578,7386.38,1375975.997400,0
1753636800000,186.2500,186.4200,186.1900,186.29,16722.57,1753636859999,3115403.828300,2105,12464.65,2322089.635900,0
1753636860000,186.3000,186.4600,186.2500,186.31,26551.47,1753636919999,4948163.894000,2114,22357.08,4166480.068900,0
1753636920000,186.3100,186.3400,186.1900,186.21,13202.09,1753636979999,2458858.637300,1771,6379.71,1188080.088700,0
1753636980000,186.2000,186.2600,186.0000,186.01,26644.71,1753637039999,4957889.992950,2590,11295.28,2101877.534200,0
1753637040000,186.0000,186.0500,185.8700,185.92,40289.89,1753637099999,7492824.128870,4950,12392.03,2304475.579600,0
1753637100000,185.9100,186.1700,185.9100,186.17,20828.98,1753637159999,3874600.779000,7621,12143.72,2258980.873800,0
1753637160000,186.1600,186.4300,186.1100,186.39,17073.26,1753637219999,3180865.207600,2514,12675.68,2361451.463600,0
1753637220000,186.3900,186.7800,186.3700,186.71,21929.53,1753637279999,4092476.985000,2998,17247.38,3218484.142800,0
1753637280000,186.7100,186.8200,186.6300,186.81,23796.65,1753637339999,4443700.521800,2213,17737.77,3312278.154900,0
1753637340000,186.8100,187.0200,186.8100,186.92,19111.94,1753637399999,3572829.144800,2455,13447.10,2513891.557500,0
1753637400000,186.9200,187.3300,186.9000,187.29,38920.62,1753637459999,7285767.616700,3762,21670.33,4056128.647000,0
1753637460000,187.2900,187.3000,187.0600,187.14,16432.68,1753637519999,3075342.044800,1662,8806.58,1648153.015400,0
1753637520000,187.1300,187.3600,187.1300,187.18,17280.74,1753637579999,3235802.515600,2011,9856.42,1845419.611300,0
1753637580000,187.1700,187.3100,187.0000,187.27,16236.18,1753637639999,3038473.934000,2095,7211.15,1349578.457700,0
1753637640000,187.2700,187.3300,186.8900,187.0,17302.81,1753637699999,3236870.971700,2236,4907.65,918226.677600,0
1753637700000,187.0000,187.0600,186.5600,186.66,23405.31,1753637759999,4371308.688800,2967,5657.57,1056911.683800,0
1753637760000,186.6700,187.1000,186.6700,187.1,9894.58,1753637819999,1849145.361800,1856,6784.83,1267994.519000,0
1753637820000,187.1100,187.3000,186.9600,187.08,19389.68,1753637879999,3628736.897400,2601,12702.29,2377214.023400,0
1753637880000,187.0800,187.0800,186.9200,187.0,5676.65,1753637939999,1061460.160300,1149,2232.60,417451.011300,0
1753637940000,186.9900,187.1200,186.9900,186.99,4339.23,1753637999999,811597.927500,996,1765.78,330285.413600,0
1753638000000,186.9900,187.2300,186.9600,187.16,5720.01,1753638059999,1070163.545100,1352,3142.11,587826.196200,0
1753638060000,187.1500,187.2700,187.0800,187.2,10692.48,1753638119999,2001630.849800,1501,3517.87,658421.435800,0
1753638120000,187.2000,187.4000,187.1300,187.4,5660.59,1753638179999,1060006.782400,1459,3153.69,590577.344000,0
1753638180000,187.3900,187.4600,187.2200,187.46,7676.84,1753638239999,1438311.289100,1476,6007.58,1125592.296900,0
1753638240000,187.4600,187.4700,187.1500,187.17,9246.00,1753638299999,1732055.836700,3681,2657.19,497786.326100,0
1753638300000,187.1700,187.4500,187.0600,187.45,15077.42,1753638359999,2822560.757200,6739,7601.62,1423010.246800,0
1753638360000,187.4600,187.4800,187.2000,187.27,8187.44,1753638419999,1534027.343400,1364,4675.38,876040.926600,0
1753638420000,187.2700,187.4300,187.2400,187.43,5586.59,1753638479999,1046407.936200,941,2798.83,524262.247800,0
1753638480000,187.4200,187.4900,187.2500,187.42,11768.43,1753638539999,2205394.593600,1460,6904.34,1293989.680300,0
1753638540000,187.4200,187.5800,187.3300,187.49,15544.97,1753638599999,2914505.178680,1697,11503.52,2156771.496680,0
1753638600000,187.4900,187.8800,187.4900,187.8,26411.23,1753638659999,4957645.459100,2628,19631.33,3684814.542200,0
1753638660000,187.8000,187.8500,187.6100,187.61,32306.98,1753638719999,6066968.472500,1680,4570.99,858387.158000,0
1753638720000,187.6200,187.7400,187.5400,187.74,6768.37,1753638779999,1270162.408400,1180,3107.37,583171.849300,0
1753638780000,187.7500,187.8400,187.6700,187.77,8299.90,1753638839999,1558386.628700,1286,3240.41,608374.036800,0
1753638840000,187.7600,188.0000,187.7600,187.99,5862.33,1753638899999,1101600.034200,1396,4210.10,791153.140200,0
1753638900000,188.0000,188.1400,187.9600,188.12,11949.45,1753638959999,2247210.691100,1722,8134.89,1529740.864100,0
1753638960000,188.1300,188.1300,187.9500,188.1,9040.49,1753639019999,1699910.935700,1335,4383.71,824225.011800,0
1753639020000,188.1000,188.2900,188.0200,188.08,26092.38,1753639079999,4909336.662100,2932,14992.44,2821033.085000,0
1753639080000,188.0800,188.1300,187.9100,187.94,9865.38,1753639139999,1854838.507700,1308,2794.04,525401.312900,0
1753639140000,187.9400,188.0900,187.9400,187.99,8387.63,1753639199999,1577039.140000,1149,3093.23,581610.679600,0
1753639200000,187.9900,188.0700,187.8200,187.94,11461.94,1753639259999,2154337.113600,1937,5625.56,1057325.868000,0
1753639260000,187.9300,188.0000,187.6600,187.8,11748.40,1753639319999,2205708.331200,2044,5866.41,1101384.536600,0
1753639320000,187.8000,187.8200,187.6000,187.67,10425.70,1753639379999,1956931.973800,1694,5012.22,940808.877800,0
1753639380000,187.6700,187.8500,187.6100,187.81,7332.64,1753639439999,1376564.279300,1188,5211.17,978258.447100,0
1753639440000,187.8100,188.3800,187.8100,188.37,19526.22,1753639499999,3673540.953000,2589,14125.70,2657294.085100,0
1753639500000,188.3800,188.4400,188.2700,188.39,31201.91,1753639559999,5878293.915100,2245,14354.26,2704091.140800,0
1753639560000,188.4000,188.5400,188.3800,188.51,26803.00,1753639619999,5051846.543700,2536,14698.19,2770364.466300,0
1753639620000,188.5000,188.5600,188.3200,188.41,12260.58,1753639679999,2310175.505700,1628,3290.81,620020.078300,0
1753639680000,188.4100,188.5200,188.3700,188.37,17402.10,1753639739999,3279115.008700,1598,7371.94,1389048.457200,0
1753639740000,188.3800,188.3800,188.1100,188.31,16890.38,1753639799999,3179322.481200,1924,5741.54,1080684.626200,0
1753639800000,188.3100,188.4600,188.1800,188.43,13175.34,1753639859999,2481159.767300,1670,7585.53,1428525.477900,0
1753639860000,188.4300,188.4800,188.2600,188.31,8386.74,1753639919999,1579988.674200,1203,2862.01,539098.087200,0
1753639920000,188.3200,188.5400,188.3200,188.44,14763.74,1753639979999,2782550.145200,1420,10916.24,2057500.985500,0
1753639980000,188.4400,188.5100,188.3800,188.41,8237.09,1753640039999,1552221.858200,1121,2158.16,406685.020800,0
1753640040000,188.4200,188.6000,188.3700,188.53,17775.84,1753640099999,3350495.098600,1916,11972.38,2256566.733300,0
1753640100000,188.5300,188.5400,188.2200,188.28,8536.86,1753640159999,1607954.619500,1627,3399.45,640228.727800,0
1753640160000,188.2800,188.3900,187.9400,187.95,17061.44,1753640219999,3210293.953300,2352,2751.98,518053.437500,0
1753640220000,187.9600,188.3900,187.9100,188.39,18005.62,1753640279999,3386262.554700,2352,5906.90,1110966.475600,0
1753640280000,188.3800,188.7200,188.3300,188.62,31987.98,1753640339999,6031820.241200,4011,19164.99,3613658.262400,0
1753640340000,188.6300,188.7000,188.5400,188.55,11198.10,1753640399999,2112242.967500,1472,3958.57,746669.601500,0
1753640400000,188.5600,188.5600,188.1200,188.22,10169.47,1753640459999,1915145.472900,1971,3339.09,628609.417800,0
1753640460000,188.2200,188.4200,188.1700,188.41,7921.68,1753640519999,1491509.171400,1471,3800.85,715721.144900,0
1753640520000,188.4200,188.5700,188.2200,188.51,8414.28,1753640579999,1585449.367500,1908,3489.74,657512.800000,0
1753640580000,188.5100,188.5100,188.2200,188.27,9189.93,1753640639999,1731658.108200,1560,2319.34,436900.493700,0
1753640640000,188.2800,188.4500,188.2000,188.44,4988.05,1753640699999,939243.451400,1194,2138.81,402761.315900,0
1753640700000,188.4400,188.4500,188.2500,188.4,18184.01,1753640759999,3424986.928800,1672,14769.48,2781795.891800,0
1753640760000,188.3900,188.4700,188.2700,188.45,4671.50,1753640819999,880026.035900,1152,1665.61,313770.081800,0
1753640820000,188.4500,188.4500,188.1800,188.36,7602.41,1753640879999,1431456.842900,1435,2399.01,451611.699400,0
1753640880000,188.3500,188.4300,188.2400,188.25,6464.66,1753640939999,1217763.714500,1127,3650.14,687665.701000,0
1753640940000,188.2400,188.4500,188.2300,188.43,9187.10,1753640999999,1730058.839600,1330,5892.05,1109435.708300,0
1753641000000,188.4200,188.7000,188.3700,188.52,12116.65,1753641059999,2284368.642300,1738,6326.29,1192689.106100,0
1753641060000,188.5200,188.5600,188.2800,188.29,10392.93,1753641119999,1958677.585900,1615,7248.92,1366348.318900,0
1753641120000,188.2800,188.3200,187.8100,187.82,26367.95,1753641179999,4958912.974100,2710,4837.63,909875.751100,0
1753641180000,187.8200,187.8800,187.5700,187.88,17573.68,1753641239999,3298785.788300,2366,7051.88,1323775.284000,0
1753641240000,187.8800,188.1800,187.8400,188.16,17201.69,1753641299999,3233397.416300,1826,5805.39,1091347.579400,0
1753641300000,188.1700,188.3500,188.0700,188.25,9862.29,1753641359999,1856284.205000,1623,6132.77,1154218.199500,0
1753641360000,188.2600,188.2600,187.9700,187.97,9205.39,1753641419999,1731529.357200,1556,2052.63,386109.426200,0
1753641420000,187.9700,188.0500,187.8900,187.89,7438.86,1753641479999,1398268.590200,1563,3166.78,595300.477100,0
1753641480000,187.8900,188.0200,187.8700,187.95,6141.05,1753641539999,1154283.869000,1252,3101.54,582973.576400,0
1753641540000,187.9600,188.0000,187.8500,187.86,5586.43,1753641599999,1049739.762800,1123,2174.98,408704.770000,0
1753641600000,187.8600,187.9800,187.8200,187.98,3937.78,1753641659999,739862.703000,850,2273.90,427247.179100,0
1753641660000,187.9800,188.1100,187.9400,188.04,5321.03,1753641719999,1000425.080900,1021,2959.21,556386.744300,0
1753641720000,188.0400,188.1300,187.8800,188.02,3869.99,1753641779999,727550.245500,1009,2297.39,431898.370700,0
1753641780000,188.0200,188.1400,188.0200,188.05,3518.87,1753641839999,661829.494400,738,1650.85,310464.633800,0
1753641840000,188.0500,188.0500,187.9300,188.01,2746.20,1753641899999,516283.562300,764,1653.34,310818.251100,0
1753641900000,188.0000,188.0100,187.7400,187.76,4928.00,1753641959999,925910.866100,1371,1828.15,343544.980400,0
1753641960000,187.7500,187.8400,187.5900,187.59,10349.69,1753642019999,1942889.435000,1641,4104.94,770626.865500,0
1753642020000,187.5900,187.6000,187.3700,187.58,20299.51,1753642079999,3805122.440600,2421,4869.99,912992.704600,0
1753642080000,187.5900,187.7600,187.5700,187.75,6975.94,1753642139999,1309068.129600,1155,5118.62,960522.909500,0
1753642140000,187.7600,187.7900,187.5800,187.58,3196.72,1753642199999,600013.880300,775,958.36,179855.929700,0
1753642200000,187.5900,187.7100,187.5000,187.61,3892.54,1753642259999,730249.842700,954,1969.96,369553.122300,0
1753642260000,187.6000,187.7500,187.5800,187.75,6263.06,1753642319999,1175242.039100,917,2949.66,553457.419500,0
1753642320000,187.7500,187.8700,187.6300,187.65,6194.47,1753642379999,1163020.077000,1097,2486.11,466744.264900,0
1753642380000,187.6500,187.7800,187.5000,187.77,15266.30,1753642439999,2864095.257000,1810,9212.44,1728155.730200,0
1753642440000,187.7800,187.9700,187.7500,187.87,8210.57,1753642499999,1542626.533300,1395,4857.87,912724.531100,0
1753642500000,187.8800,188.4300,187.8800,188.41,18023.29,1753642559999,3391785.178200,2727,13817.75,2600251.076300,0
1753642560000,188.4000,188.6400,188.3800,188.59,16161.35,1753642619999,3047182.066200,2458,6998.89,1319573.593300,0
1753642620000,188.5900,188.6300,188.4500,188.56,11066.34,1753642679999,2086528.469100,1390,1987.49,374721.876100,0
1753642680000,188.5600,188.5700,188.3900,188.44,9452.66,1753642739999,1781638.605400,1383,2632.58,496152.066400,0
1753642740000,188.4300,188.4400,188.3000,188.32,5573.21,1753642799999,1049729.445600,1006,2132.98,401728.859800,0
1753642800000,188.3100,188.3700,188.2000,188.28,7405.87,1753642859999,1394267.792000,1320,2681.10,504780.186300,0
1753642860000,188.2800,188.3500,188.2400,188.34,7678.93,1753642919999,1445843.483200,909,3132.29,589777.424700,0
1753642920000,188.3400,188.5200,188.2600,188.26,6681.24,1753642979999,1258892.980700,1192,2777.36,523298.131800,0
1753642980000,188.2600,188.4100,188.1200,188.24,5829.92,1753643039999,1097554.862100,1150,1792.93,337482.436900,0
1753643040000,188.2500,188.3200,188.1500,188.15,6264.44,1753643099999,1179095.631800,958,1927.72,362866.479000,0
1753643100000,188.1600,188.3100,188.1200,188.13,5100.14,1753643159999,959902.460100,1051,2143.39,403417.403800,0
1753643160000,188.1200,188.1200,188.0000,188.03,4388.91,1753643219999,825279.396900,1094,2214.10,416320.719300,0
1753643220000,188.0300,188.0400,187.8400,187.89,5955.69,1753643279999,1119158.895100,1313,1576.17,296154.984900,0
1753643280000,187.8900,188.2500,187.8900,188.14,5459.81,1753643339999,1027088.710200,1167,3073.46,578155.937300,0
1753643340000,188.1400,188.1700,187.9600,188.16,4191.98,1753643399999,788293.880600,1038,1468.80,276206.120600,0
1753643400000,188.1500,188.3200,188.0800,188.1,4842.92,1753643459999,911494.095400,1112,2899.74,545752.567200,0
1753643460000,188.1100,188.1100,187.8500,187.87,4886.77,1753643519999,918621.147800,1038,1326.82,249354.379300,0
1753643520000,187.8800,187.8900,187.7100,187.82,7946.49,1753643579999,1492314.660500,1395,3351.94,629503.976100,0
1753643580000,187.8200,187.9500,187.7800,187.84,7027.78,1753643639999,1320471.644100,976,2382.89,447666.513500,0
1753643640000,187.8400,188.0400,187.8400,187.91,5141.83,1753643699999,966438.902000,951,3560.01,669114.887100,0
1753643700000,187.9000,187.9100,187.8000,187.84,2883.46,1753643759999,541650.577100,1290,2039.53,383118.406000,0
1753643760000,187.8400,187.8400,187.4600,187.49,8656.09,1753643819999,1623995.170800,1726,2279.29,427583.967800,0
1753643820000,187.4800,187.6300,187.4600,187.59,6669.61,1753643879999,1250940.170900,1101,3741.53,701745.004900,0
1753643880000,187.5900,187.6900,187.5800,187.58,3098.78,1753643939999,581432.359000,619,2021.08,379234.618600,0
1753643940000,187.5700,187.7000,187.5700,187.69,3431.61,1753643999999,643819.338600,606,2083.23,390833.117700,0
1753644000000,187.6900,187.7100,187.5500,187.62,5426.10,1753644059999,1018112.628700,1002,2865.33,537572.391200,0
1753644060000,187.6200,187.6900,187.4600,187.48,3874.54,1753644119999,726613.015600,878,1057.62,198368.276300,0
1753644120000,187.4700,187.5600,187.4200,187.47,4852.09,1753644179999,909627.004900,1028,2081.88,390280.373600,0
1753644180000,187.4600,187.5500,187.3500,187.53,7323.81,1753644239999,1372705.330400,1240,3186.92,597371.801600,0
1753644240000,187.5300,187.6500,187.4900,187.61,3520.59,1753644299999,660386.547000,782,2430.81,455983.064500,0
1753644300000,187.6000,187.6400,187.4800,187.49,5471.67,1753644359999,1026374.048000,893,4078.68,765095.283000,0
1753644360000,187.4800,187.5800,187.3700,187.39,2173.20,1753644419999,407440.460000,729,1220.17,228767.529300,0
1753644420000,187.3800,187.5500,187.3800,187.52,3811.53,1753644479999,714451.178200,802,2173.07,407338.204200,0
1753644480000,187.5200,187.5400,187.3500,187.37,4522.69,1753644539999,847638.337200,701,1807.67,338803.091400,0
1753644540000,187.3700,187.4600,187.3700,187.45,1496.79,1753644599999,280524.664700,476,1140.03,213662.907000,0
1753644600000,187.4600,187.7600,187.4200,187.76,4470.55,1753644659999,838625.626500,1684,3430.89,643637.310800,0
1753644660000,187.7600,187.8800,187.5600,187.67,6646.49,1753644719999,1247834.383600,1412,4165.60,782117.178200,0
1753644720000,187.6800,187.6900,187.5500,187.68,7075.19,1753644779999,1327388.649600,1008,4687.92,879486.418700,0
1753644780000,187.6900,187.7800,187.6400,187.7,2982.52,1753644839999,559836.009400,650,1805.42,338886.695900,0
1753644840000,187.7000,187.7100,187.6000,187.66,5085.09,1753644899999,954228.156200,759,2452.96,460303.303400,0
1753644900000,187.6600,187.7900,187.6400,187.68,3282.09,1753644959999,616135.164500,770,1483.08,278390.519700,0
1753644960000,187.6800,187.7400,187.6000,187.74,2728.96,1753645019999,512170.137900,754,2107.50,395543.937300,0
1753645020000,187.7300,187.7400,187.5000,187.61,4102.32,1753645079999,769565.251200,924,1277.00,239532.393100,0
1753645080000,187.6100,187.6700,187.5100,187.53,1736.79,1753645139999,325795.536000,656,846.65,158812.295700,0
1753645140000,187.5300,187.6900,187.5300,187.59,3306.59,1753645199999,620412.608000,705,2188.46,410619.963400,0
1753645200000,187.5900,187.5900,187.4600,187.47,2080.70,1753645259999,390199.144000,735,1135.23,212893.031900,0
1753645260000,187.4700,187.4900,187.3400,187.39,2503.18,1753645319999,469141.335800,892,982.61,184144.491200,0
1753645320000,187.3800,187.4200,187.1000,187.11,23421.53,1753645379999,4384824.383900,2735,5859.27,1096962.545000,0
1753645380000,187.1100,187.2700,187.1100,187.2,5030.80,1753645439999,941811.544600,806,2286.77,428085.126400,0
1753645440000,187.2000,187.2500,187.1300,187.16,3242.51,1753645499999,606939.443900,604,1825.14,341636.707900,0
1753645500000,187.1700,187.3100,187.1600,187.21,3816.11,1753645559999,714584.344400,1260,1800.95,337220.936900,0
1753645560000,187.2100,187.2500,187.1300,187.14,3465.44,1753645619999,648728.589600,742,1856.21,347476.721500,0
1753645620000,187.1500,187.4200,187.1500,187.33,9050.19,1753645679999,1695288.363900,1299,3479.25,651709.347300,0
1753645680000,187.3300,187.3700,187.1800,187.22,7460.45,1753645739999,1397010.082200,1121,3094.83,579613.785300,0
1753645740000,187.2200,187.2700,187.1400,187.15,5173.95,1753645799999,968698.488600,800,1595.21,298665.308000,0
1753645800000,187.1500,187.2100,187.0200,187.09,4672.78,1753645859999,874286.876400,982,1825.90,341644.853200,0
1753645860000,187.0900,187.2000,187.0000,187.0,11703.16,1753645919999,2189367.525400,1406,4162.73,778908.089000,0
1753645920000,187.0000,187.1300,187.0000,187.02,3696.89,1753645979999,691581.345000,810,1950.72,364917.510400,0
1753645980000,187.0100,187.0600,186.9100,186.92,20479.40,1753646039999,3829427.199200,1546,3822.18,714694.410300,0
1753646040000,186.9100,187.0700,186.9100,187.07,5133.72,1753646099999,959888.827100,806,3854.69,720739.274600,0
1753646100000,187.0700,187.0800,186.9900,187.01,3226.93,1753646159999,603532.278100,736,1560.55,291868.237500,0
1753646160000,187.0100,187.0500,186.9100,186.92,3055.15,1753646219999,571252.911200,723,1403.70,262480.170400,0
1753646220000,186.9100,187.0300,186.8500,186.99,5701.20,1753646279999,1065658.028300,936,1843.70,344657.043900,0
1753646280000,186.9900,187.0300,186.8000,186.85,5590.23,1753646339999,1044705.489300,971,2020.83,377637.409900,0
1753646340000,186.8500,186.9100,186.8200,186.89,3905.26,1753646399999,729787.168100,631,2479.84,463421.042500,0
1753646400000,186.8900,187.0700,186.8900,186.96,6280.60,1753646459999,1174419.316000,1665,4249.77,794625.298400,0
1753646460000,186.9500,187.2900,186.9500,187.28,8179.54,1753646519999,1531019.842600,1255,6392.34,1196438.395300,0
1753646520000,187.2700,187.6100,187.2600,187.59,9073.51,1753646579999,1700741.055900,1620,7211.34,1351660.674300,0
1753646580000,187.5900,187.5900,187.3400,187.52,6129.26,1753646639999,1148963.772700,1153,3375.86,632746.778500,0
1753646640000,187.5100,187.5700,187.4700,187.57,6309.70,1753646699999,1183189.453600,817,4362.60,818069.010200,0
1753646700000,187.5700,187.7000,187.5300,187.66,6459.28,1753646759999,1212052.303300,1224,4933.81,925815.675900,0
1753646760000,187.6600,187.9000,187.6600,187.9,7707.05,1753646819999,1447273.112000,1320,6793.61,1275700.692000,0
1753646820000,187.8900,187.9200,187.7300,187.76,4882.25,1753646879999,916866.408800,1049,3083.89,579118.453100,0
1753646880000,187.7600,187.8200,187.7000,187.72,6326.36,1753646939999,1187787.776500,977,2637.31,495161.190700,0
1753646940000,187.7100,187.7200,187.5300,187.53,4049.59,1753646999999,759838.591200,933,1015.82,190603.182600,0
1753647000000,187.5300,187.7600,187.4900,187.76,4680.00,1753647059999,878161.611900,948,3439.16,645344.351500,0
1753647060000,187.7700,187.8800,187.7200,187.82,3679.47,1753647119999,691044.950100,852,1893.54,355600.744800,0
1753647120000,187.8300,187.8300,187.7000,187.77,3563.50,1753647179999,669073.857600,748,1680.46,315517.757000,0
1753647180000,187.7800,187.8400,187.7200,187.79,4494.31,1753647239999,843971.104200,910,2804.61,526662.368000,0
1753647240000,187.7900,187.8000,187.6800,187.8,5706.40,1753647299999,1071446.089400,852,1530.14,287293.610600,0
1753647300000,187.7900,188.1500,187.7800,188.08,10773.60,1753647359999,2025197.452900,2450,8171.85,1536031.804000,0
1753647360000,188.0800,188.1000,187.8600,187.86,4804.57,1753647419999,903348.041000,1011,2236.43,420486.537400,0
1753647420000,187.8700,187.9000,187.7300,187.85,5785.52,1753647479999,1086637.823500,1063,3089.61,580293.805600,0
1753647480000,187.8500,187.8500,187.7700,187.81,2574.38,1753647539999,483517.886600,581,1258.59,236384.702300,0
1753647540000,187.8100,187.8200,187.6300,187.7,7094.83,1753647599999,1331764.680200,1181,2289.79,429784.552500,0
1753647600000,187.7000,187.8400,187.5800,187.58,2969.13,1753647659999,557355.010500,845,936.52,175833.105900,0
1753647660000,187.5800,187.9500,187.5500,187.95,5892.19,1753647719999,1106028.351100,1274,2931.02,550171.217300,0
1753647720000,187.9500,187.9500,187.7300,187.91,3724.75,1753647779999,699638.437900,909,1554.03,291908.583400,0
1753647780000,187.9000,187.9300,187.7700,187.78,1759.53,1753647839999,330516.397800,580,673.50,126486.098700,0
1753647840000,187.7700,187.8200,187.6800,187.71,3158.67,1753647899999,593002.242000,741,1898.64,356437.924200,0
1753647900000,187.7000,187.8200,187.6300,187.64,3297.83,1753647959999,619055.403800,874,1410.47,264782.310200,0
1753647960000,187.6400,187.7200,187.6000,187.64,3972.15,1753648019999,745359.311000,812,1166.56,218890.071300,0
1753648020000,187.6400,187.7700,187.5800,187.77,3089.42,1753648079999,579785.813900,868,1724.98,323725.600000,0
1753648080000,187.7600,187.7900,187.6600,187.79,1860.88,1753648139999,349324.318400,646,905.85,170053.953500,0
1753648140000,187.8000,187.9200,187.7900,187.89,5996.69,1753648199999,1126451.190100,908,1796.80,337559.922900,0
1753648200000,187.8900,187.9100,187.3900,187.48,9221.00,1753648259999,1729805.621200,1727,3451.03,647256.528500,0
1753648260000,187.4800,187.5300,187.3700,187.39,2712.91,1753648319999,508565.110900,798,1380.91,258870.425600,0
1753648320000,187.3900,187.4400,187.2900,187.43,4345.26,1753648379999,814183.816900,1077,1732.26,324602.692700,0
1753648380000,187.4300,187.5000,187.3400,187.48,4185.18,1753648439999,784311.065700,956,2917.87,546777.925700,0
1753648440000,187.4800,187.5300,187.3700,187.44,2983.49,1753648499999,559299.430000,784,2089.00,391614.354500,0
1753648500000,187.4300,187.7700,187.4300,187.62,13826.17,1753648559999,2593562.819800,1656,11040.60,2070893.400800,0
1753648560000,187.6200,187.6200,187.3900,187.51,5483.17,1753648619999,1028000.157900,1245,2167.01,406338.339300,0
1753648620000,187.5200,187.5200,187.3400,187.45,2207.20,1753648679999,413677.704200,837,1105.65,207233.160800,0
1753648680000,187.4500,187.4600,187.2300,187.25,3863.77,1753648739999,723738.467000,1137,946.63,177358.150600,0
1753648740000,187.2400,187.3500,187.0800,187.25,9349.60,1753648799999,1750423.755400,1821,4586.08,858595.157800,0
1753648800000,187.2500,187.2500,187.1300,187.18,2422.48,1753648859999,453439.059900,733,1060.57,198511.439400,0
1753648860000,187.1800,187.3600,187.1600,187.34,3871.64,1753648919999,724885.560500,932,2143.85,401405.707300,0
1753648920000,187.3300,187.3400,187.2100,187.21,1352.25,1753648979999,253240.237900,604,587.17,109959.463000,0
1753648980000,187.2100,187.2600,187.1300,187.23,2994.48,1753649039999,560612.792100,710,1053.18,197154.762700,0
1753649040000,187.2300,187.2500,187.1400,187.14,5104.03,1753649099999,955579.257700,647,899.17,168350.302500,0
1753649100000,187.1400,187.3700,187.0800,187.17,4271.18,1753649159999,799596.817000,1592,2899.70,542816.961400,0
1753649160000,187.1700,187.4200,187.1700,187.24,3148.33,1753649219999,589614.936100,813,2370.51,443905.056600,0
1753649220000,187.2500,187.2900,187.1700,187.22,2170.78,1753649279999,406459.614700,605,919.35,172132.743000,0
1753649280000,187.2200,187.3000,187.2000,187.21,2103.91,1753649339999,393911.497700,616,1104.56,206802.349400,0
1753649340000,187.2100,187.3200,187.0000,187.06,5788.06,1753649399999,1083262.448500,1124,1744.08,326430.029000,0
1753649400000,187.0700,187.1400,186.9200,186.97,4870.94,1753649459999,910930.399100,1078,892.52,166922.242400,0
1753649460000,186.9600,187.0200,186.8700,186.96,2736.70,1753649519999,511651.377500,857,1286.65,240559.373000,0
1753649520000,186.9600,186.9600,186.7800,186.92,6375.27,1753649579999,1191145.802700,1127,1471.93,275058.678200,0
1753649580000,186.9200,186.9400,186.8100,186.82,4156.20,1753649639999,776623.978800,841,2062.49,385374.646200,0
1753649640000,186.8200,186.8700,186.6900,186.71,10064.00,1753649699999,1879440.685400,1345,3293.23,615033.249600,0
1753649700000,186.7200,186.9300,186.6000,186.9,16882.34,1753649759999,3153136.589300,1997,11119.02,2077170.448500,0
1753649760000,186.9100,187.0600,186.8500,187.06,5783.30,1753649819999,1081124.435200,972,3036.43,567609.621600,0
1753649820000,187.0600,187.0600,186.9000,186.96,3397.24,1753649879999,635209.746000,663,2093.21,391337.146200,0
1753649880000,186.9600,186.9900,186.8700,186.96,2625.44,1753649939999,490733.464900,538,1453.93,271769.013800,0
1753649940000,186.9600,187.0800,186.9600,187.06,2044.24,1753649999999,382299.678000,644,1022.63,191233.487100,0
1753650000000,187.0700,187.1800,186.9800,187.08,3401.75,1753650059999,636387.472000,1477,2278.32,426225.519700,0
1753650060000,187.0800,187.1800,186.9500,187.18,2774.36,1753650119999,518948.767300,784,1923.11,359731.457100,0
1753650120000,187.1800,187.3900,187.1800,187.39,5438.76,1753650179999,1018756.521500,1068,3964.02,742503.417100,0
1753650180000,187.3900,187.3900,187.1000,187.11,2478.29,1753650239999,463990.716000,614,1064.13,199158.009400,0
1753650240000,187.1000,187.1900,187.0200,187.05,5036.75,1753650299999,942390.006000,810,1641.06,307052.642500,0
1753650300000,187.0500,187.0700,186.9400,186.97,2419.55,1753650359999,452456.992900,674,1349.86,252416.216500,0
1753650360000,186.9700,187.0100,186.9100,186.96,2300.87,1753650419999,430151.782300,570,958.16,179124.972300,0
1753650420000,186.9500,187.0500,186.9300,186.97,4223.64,1753650479999,789827.250200,758,2456.99,459459.777200,0
1753650480000,186.9600,187.0400,186.7800,186.82,3544.71,1753650539999,662537.039800,734,1343.99,251177.276600,0
1753650540000,186.8100,186.8800,186.6000,186.6,6773.30,1753650599999,1264895.715800,1146,3229.27,603157.765900,0
1753650600000,186.6000,186.7200,186.5600,186.66,8898.98,1753650659999,1660756.591300,1257,4173.55,778893.400600,0
1753650660000,186.6600,186.7700,186.5800,186.63,4738.86,1753650719999,884635.699100,893,2615.23,488162.022500,0
1753650720000,186.6300,186.6600,186.5800,186.61,4726.96,1753650779999,882151.418400,717,2092.86,390569.379800,0
1753650780000,186.6100,186.6300,186.5000,186.53,16084.41,1753650839999,3000510.988000,1483,2856.30,532887.125800,0
1753650840000,186.5200,186.6300,186.5000,186.52,4602.48,1753650899999,858596.288300,799,2240.44,417956.588700,0
1753650900000,186.5200,186.5400,186.2700,186.43,25292.38,1753650959999,4714528.521000,3233,5927.27,1105098.067400,0
1753650960000,186.4200,186.6000,186.3900,186.5,5640.04,1753651019999,1051856.800100,954,2827.42,527306.148900,0
1753651020000,186.5000,186.6100,186.4200,186.43,6294.85,1753651079999,1174177.792400,1126,2263.95,422316.182000,0
1753651080000,186.4300,186.6700,186.3700,186.67,2980.05,1753651139999,555852.781500,811,2468.30,460397.640000,0
1753651140000,186.6700,186.7700,186.6600,186.76,3705.41,1753651199999,691932.298800,821,2563.88,478773.203700,0
1753651200000,186.7700,186.8200,186.6300,186.68,5337.20,1753651259999,996566.966700,1003,3422.74,639068.905700,0
1753651260000,186.6800,186.9400,186.6100,186.78,6360.96,1753651319999,1188370.460200,1396,4706.41,879230.587100,0
1753651320000,186.7700,186.8700,186.5900,186.72,4697.42,1753651379999,877036.096800,983,2783.94,519751.039100,0
1753651380000,186.7200,186.7400,186.6600,186.72,2485.23,1753651439999,463995.836400,527,1356.77,253306.183100,0
1753651440000,186.7200,186.7200,186.6500,186.72,2157.59,1753651499999,402819.923100,580,1300.05,242719.334700,0
1753651500000,186.7200,186.8200,186.7100,186.77,2051.43,1753651559999,383115.161500,510,1612.99,301222.366600,0
1753651560000,186.7800,186.8500,186.7500,186.76,3519.87,1753651619999,657564.059000,672,1405.58,262574.247700,0
1753651620000,186.7500,186.7600,186.6200,186.64,2732.27,1753651679999,510018.688300,528,1518.87,283497.694500,0
1753651680000,186.6400,186.7900,186.5600,186.57,2356.00,1753651739999,439772.048400,856,965.60,180244.710700,0
1753651740000,186.5800,186.9100,186.5700,186.91,5131.64,1753651799999,958636.167300,1057,3627.06,677600.013700,0
1753651800000,186.9000,187.2300,186.8700,187.2,7516.30,1753651859999,1406386.417900,1975,5969.14,1116984.930400,0
1753651860000,187.2000,187.2600,186.9500,187.02,9676.52,1753651919999,1810620.063700,1349,6215.99,1163171.345000,0
1753651920000,187.0100,187.2300,186.9000,187.22,17731.27,1753651979999,3316299.347600,1473,3920.06,733159.141300,0
1753651980000,187.2200,187.2200,187.0800,187.11,4467.56,1753652039999,836142.913400,767,3212.94,601317.186500,0
1753652040000,187.1100,187.1200,186.9700,187.1,2938.93,1753652099999,549639.584800,804,1537.85,287596.504700,0
1753652100000,187.1000,187.1200,186.9500,186.98,3091.85,1753652159999,578346.424100,656,1232.96,230633.139300,0
1753652160000,186.9700,186.9700,186.8400,186.85,1111.96,1753652219999,207822.895200,479,273.94,51199.626400,0
1753652220000,186.8400,186.8500,186.7500,186.75,4083.38,1753652279999,762730.588700,852,2726.27,509234.163200,0
1753652280000,186.7600,186.7800,186.6200,186.63,2841.54,1753652339999,530625.890100,673,1595.14,297898.718300,0
1753652340000,186.6200,186.6700,186.5100,186.52,2947.50,1753652399999,550002.031900,721,1241.06,231584.284800,0
1753652400000,186.5200,186.6900,186.5200,186.65,4641.16,1753652459999,866100.337200,896,3816.98,712260.244400,0
1753652460000,186.6400,186.7700,186.4000,186.63,6929.04,1753652519999,1292966.180700,1596,1934.34,360896.127600,0
1753652520000,186.6400,186.6900,186.6200,186.65,1114.58,1753652579999,208050.229100,421,405.50,75690.945600,0
1753652580000,186.6500,186.6900,186.5300,186.59,5386.92,1753652639999,1005163.270600,906,1368.08,255269.252700,0
1753652640000,186.5900,186.6600,186.5900,186.61,1623.43,1753652699999,302955.576300,438,954.07,178045.747800,0
1753652700000,186.6100,186.9100,186.6000,186.9,2163.89,1753652759999,404070.418200,1298,1940.77,362418.379300,0
1753652760000,186.9000,186.9100,186.8000,186.88,2711.14,1753652819999,506661.750900,693,1239.64,231672.022900,0
1753652820000,186.8900,187.0600,186.8900,187.06,3796.94,1753652879999,709877.336600,804,2961.09,553579.675400,0
1753652880000,187.0500,187.0700,187.0500,187.06,630.19,1753652939999,117883.060400,310,534.59,100000.839500,0
1753652940000,187.0600,187.3200,187.0600,187.3,6019.60,1753652999999,1126740.561100,1247,4587.10,858612.402400,0
1753653000000,187.3100,187.4300,187.3000,187.43,3997.91,1753653059999,749139.608800,682,2692.33,504474.481500,0
1753653060000,187.4200,187.5500,187.4200,187.55,5090.67,1753653119999,954512.912500,856,3766.56,706225.207400,0
1753653120000,187.5500,187.5500,187.4400,187.44,4184.96,1753653179999,784734.829700,604,924.28,173299.366100,0
1753653180000,187.4500,187.5000,187.4400,187.49,2360.12,1753653239999,442405.926400,350,1966.75,368671.958600,0
1753653240000,187.5000,187.5200,187.4700,187.48,2397.72,1753653299999,449570.637000,447,1049.97,196875.081700,0
1753653300000,187.4700,187.6700,187.4700,187.66,4825.20,1753653359999,905005.954500,1090,4054.94,760522.448700,0
1753653360000,187.6600,187.8300,187.6500,187.68,8781.43,1753653419999,1648383.241800,1261,5645.24,1059616.393700,0
1753653420000,187.6700,187.8300,187.6000,187.82,6990.77,1753653479999,1312361.095900,848,4196.51,787763.084200,0
1753653480000,187.8300,187.9000,187.7600,187.84,8766.63,1753653539999,1646487.664400,1015,4484.46,842259.981800,0
1753653540000,187.8400,187.9000,187.7400,187.9,4939.68,1753653599999,927565.243300,782,2440.16,458219.341500,0
1753653600000,187.9000,188.1400,187.7500,188.09,20004.18,1753653659999,3761067.374400,3717,14111.78,2653259.052900,0
1753653660000,188.1000,188.2000,188.0900,188.17,11049.04,1753653719999,2079132.504900,1201,3961.88,745494.770000,0
1753653720000,188.1700,188.3300,188.0000,188.29,24459.76,1753653779999,4603330.214300,3012,13059.52,2457800.981700,0
1753653780000,188.2900,188.5900,188.2800,188.56,37233.33,1753653839999,7016439.652800,3314,24079.58,4537620.545200,0
1753653840000,188.5600,188.8200,188.5400,188.68,23910.72,1753653899999,4511928.014200,3081,13620.10,2570040.365200,0
1753653900000,188.6900,188.9100,188.6800,188.9,14722.54,1753653959999,2780226.101700,1884,6452.15,1218453.358000,0
1753653960000,188.9000,189.2700,188.8800,189.16,48400.34,1753654019999,9152300.612560,6770,28069.66,5307938.506860,0
1753654020000,189.1600,189.4600,189.1600,189.46,21436.95,1753654079999,4058918.873020,5450,10379.45,1965223.242020,0
1753654080000,189.4500,189.5500,189.3600,189.54,27594.33,1753654139999,5228020.131700,2496,12332.65,2336582.629300,0
1753654140000,189.5400,189.6800,189.3400,189.46,39991.92,1753654199999,7578851.762100,3175,17124.85,3245610.594500,0
1753654200000,189.4500,189.5100,189.2300,189.5,12576.69,1753654259999,2381624.739400,1706,5832.10,1104390.404500,0
1753654260000,189.5000,189.6700,189.1800,189.19,29903.06,1753654319999,5666884.473900,3017,17151.91,3250935.290200,0
1753654320000,189.2000,189.4200,189.1600,189.36,15775.05,1753654379999,2986454.781400,1604,4964.92,939859.811200,0
1753654380000,189.3700,190.3900,189.3600,190.03,150862.68,1753654439999,28664386.256500,10366,106803.00,20294164.398100,0
1753654440000,190.0300,190.2700,190.0000,190.14,62142.63,1753654499999,11811251.359300,3719,20671.86,3930029.961700,0
1753654500000,190.1500,190.4500,190.1500,190.36,36488.86,1753654559999,6944832.124100,4924,23533.09,4479015.471900,0
1753654560000,190.3500,190.4700,189.8100,189.81,48750.15,1753654619999,9269463.102500,7832,17100.54,3252711.140700,0
1753654620000,189.8100,189.8500,189.4400,189.85,57968.19,1753654679999,10994002.354600,7764,14441.57,2738109.418800,0
1753654680000,189.8400,190.0500,189.8100,189.92,22054.68,1753654739999,4188651.868100,3124,12770.91,2425378.196300,0
1753654740000,189.9200,190.3600,189.8000,190.2,29910.63,1753654799999,5685860.973200,3609,16942.85,3220682.325600,0
1753654800000,190.2100,190.4800,190.1600,190.45,14880.53,1753654859999,2832356.051100,2320,7793.88,1483561.833900,0
1753654860000,190.4500,190.6700,190.3200,190.35,38637.00,1753654919999,7360435.098590,4948,23314.74,4441408.638390,0
1753654920000,190.3500,190.4600,190.1900,190.39,17177.49,1753654979999,3269532.132600,2320,6574.44,1251368.061100,0
1753654980000,190.3900,190.4200,190.2100,190.27,12459.90,1753655039999,2371564.990700,2237,5543.66,1055255.817500,0
1753655040000,190.2600,190.5000,190.2200,190.31,14730.14,1753655099999,2804759.298200,2127,7575.06,1442362.121200,0
1753655100000,190.3200,190.3900,190.1400,190.24,8726.75,1753655159999,1660394.310000,1900,3788.03,720697.289300,0
1753655160000,190.2300,190.2500,190.0100,190.24,18049.60,1753655219999,3431664.755500,2521,7774.22,1478141.946900,0
1753655220000,190.2500,190.3000,190.0900,190.19,14799.36,1753655279999,2814834.695700,1958,5348.21,1017145.291700,0
1753655280000,190.1900,190.2200,189.9700,190.05,15988.91,1753655339999,3038825.809000,1962,4056.69,771023.088900,0
1753655340000,190.0400,190.0500,189.8100,189.99,42157.61,1753655399999,8006355.591000,2508,8282.42,1573033.172100,0
1753655400000,189.9900,190.3100,189.9300,189.97,24687.40,1753655459999,4693554.548700,3761,13899.99,2642712.833500,0
1753655460000,189.9700,189.9900,189.6800,189.81,10652.98,1753655519999,2022118.828500,2153,4749.62,901546.141100,0
1753655520000,189.8100,189.9500,189.5900,189.85,19065.88,1753655579999,3617280.398800,2647,5723.62,1085821.621800,0
1753655580000,189.8600,189.8700,189.6800,189.83,6262.33,1753655639999,1188557.662600,1544,3441.02,653143.535800,0
1753655640000,189.8300,189.8300,189.5000,189.51,20170.53,1753655699999,3824233.126600,2541,8564.52,1624012.414700,0
1753655700000,189.5100,189.6500,189.4700,189.56,5927.51,1753655759999,1123559.124000,1365,2025.63,383950.932700,0
1753655760000,189.5600,189.6900,189.4200,189.61,16203.79,1753655819999,3071218.441400,1805,9092.60,1723394.661800,0
1753655820000,189.6100,189.8000,189.5700,189.8,6103.16,1753655879999,1157656.792600,1366,2739.22,519553.515200,0
1753655880000,189.8000,189.8000,189.6300,189.69,10485.09,1753655939999,1988916.684000,1461,5708.52,1082881.714400,0
1753655940000,189.6900,189.7000,189.5800,189.66,7584.68,1753655999999,1438191.389600,1292,1262.37,239355.246500,0
1753656000000,189.6600,189.7300,189.5400,189.57,13435.20,1753656059999,2547516.525000,1795,5470.35,1037189.962300,0
1753656060000,189.5700,189.5700,189.4500,189.56,6662.98,1753656119999,1262662.284500,1587,3572.82,677075.643000,0
1753656120000,189.5600,189.7500,189.5500,189.72,6935.66,1753656179999,1315219.294600,1282,4752.89,901327.826500,0
1753656180000,189.7200,189.8900,189.6500,189.89,13265.86,1753656239999,2516896.718800,1792,6620.61,1256298.789700,0
1753656240000,189.8800,190.0300,189.8500,190.0,12638.66,1753656299999,2400424.074900,1690,8928.61,1695759.213500,0
1753656300000,190.0000,190.0100,189.5900,189.59,9199.95,1753656359999,1746905.260600,2547,2716.60,515900.792900,0
1753656360000,189.6000,189.7900,189.5600,189.76,10068.87,1753656419999,1909994.333900,1564,3586.37,680343.763300,0
1753656420000,189.7600,189.9700,189.6100,189.7,19825.33,1753656479999,3762885.365200,2222,5444.90,1033360.706900,0
1753656480000,189.7000,189.8600,189.6400,189.85,6226.99,1753656539999,1181519.871200,1160,2066.80,392212.637700,0
1753656540000,189.8500,189.9300,189.6700,189.68,11469.38,1753656599999,2177204.978100,1934,4365.95,828789.967800,0
1753656600000,189.6700,189.8000,189.6200,189.66,7357.61,1753656659999,1395656.838800,1265,2243.86,425615.149400,0
1753656660000,189.6700,189.7100,189.2100,189.3,14969.12,1753656719999,2835238.256900,2461,3111.66,589441.216800,0
1753656720000,189.3000,189.3300,188.9700,189.32,19918.92,1753656779999,3767517.620060,3134,7241.91,1370114.449400,0
1753656780000,189.3200,189.3200,189.1300,189.17,11714.73,1753656839999,2216374.366000,1653,7093.52,1342039.788800,0
1753656840000,189.1700,189.1800,188.8800,188.93,28110.08,1753656899999,5312052.625400,2943,7945.82,1501633.780700,0
1753656900000,188.9300,189.1000,188.9200,188.92,6773.90,1753656959999,1280336.423000,1188,4109.87,776789.674100,0
1753656960000,188.9200,189.0100,188.8200,188.93,11599.91,1753657019999,2191287.696600,1756,4740.17,895492.643000,0
1753657020000,188.9300,189.0300,188.8800,188.94,7760.44,1753657079999,1466352.941700,1121,5363.77,1013472.223600,0
1753657080000,188.9300,188.9500,188.8600,188.88,5290.73,1753657139999,999404.627100,941,2831.15,534792.155200,0
1753657140000,188.8800,188.9700,188.8400,188.87,8695.86,1753657199999,1642551.626200,3337,4916.84,928720.682200,0
1753657200000,188.8600,189.0400,188.5800,188.6,27430.18,1753657259999,5177559.961700,6922,7930.00,1497115.407700,0
1753657260000,188.5900,188.6300,188.3300,188.4,30461.33,1753657319999,5742437.613600,3859,12153.54,2291294.859900,0
1753657320000,188.4000,188.4300,188.0300,188.05,27674.75,1753657379999,5210200.226500,3119,12822.90,2414420.739600,0
1753657380000,188.0500,188.4200,188.0400,188.32,21455.15,1753657439999,4038749.352300,2836,11424.77,2150580.584500,0
1753657440000,188.3100,188.3200,188.1500,188.16,27474.18,1753657499999,5171980.195000,2345,9693.15,1824806.404100,0
1753657500000,188.1500,188.3200,188.0400,188.32,11339.51,1753657559999,2133348.128100,2151,8758.78,1647852.581800,0
1753657560000,188.3200,188.3800,188.0800,188.09,5705.82,1753657619999,1074308.586100,1455,3541.82,666877.090900,0
1753657620000,188.0800,188.2700,188.0800,188.18,10862.14,1753657679999,2044080.117400,1585,7264.73,1367067.614900,0
1753657680000,188.1800,188.2900,188.0200,188.11,10440.59,1753657739999,1964655.559800,2063,5654.42,1063923.314400,0
1753657740000,188.1100,188.1500,187.8900,188.04,17490.21,1753657799999,3288027.778100,2391,7201.02,1353833.098800,0
1753657800000,188.0500,188.1800,187.5200,187.53,36511.18,1753657859999,6855758.434260,3663,12276.89,2305888.333100,0
1753657860000,187.5200,187.5800,187.1900,187.25,42089.75,1753657919999,7884314.235320,4331,18241.94,3416412.614900,0
1753657920000,187.2500,187.4400,187.1700,187.21,26882.31,1753657979999,5035006.549300,6192,17911.45,3354741.997500,0
1753657980000,187.2100,187.4700,187.1100,187.26,28452.97,1753658039999,5329043.280400,6407,17629.06,3302065.845900,0
1753658040000,187.2600,187.5800,187.2100,187.5,28524.17,1753658099999,5346005.232200,2900,23801.23,4461007.198700,0
1753658100000,187.5100,187.8900,187.4800,187.78,43467.00,1753658159999,8159528.780700,4397,19821.05,3720661.144000,0
1753658160000,187.7700,187.8900,187.4500,187.45,18311.00,1753658219999,3437492.548100,2140,9169.44,1721680.828600,0
1753658220000,187.4600,187.7400,187.4500,187.64,13134.92,1753658279999,2463543.218200,1821,8958.96,1680309.660600,0
1753658280000,187.6400,187.8800,187.6300,187.72,25751.62,1753658339999,4835754.824900,1685,21957.72,4123380.403700,0
1753658340000,187.7200,187.7700,187.5700,187.74,10629.35,1753658399999,1994866.087800,1385,6144.23,1153151.025800,0
1753658400000,187.7500,187.9700,187.7500,187.86,14624.31,1753658459999,2747457.627500,1648,10984.23,2063555.652800,0
1753658460000,187.8600,187.9500,187.6700,187.67,13119.06,1753658519999,2464248.442800,1539,6434.57,1208752.669200,0
1753658520000,187.6700,187.8900,187.6700,187.79,8307.78,1753658579999,1560173.643500,1279,5099.71,957594.015300,0
1753658580000,187.8000,187.9600,187.7500,187.86,6700.26,1753658639999,1258776.519800,1140,3767.00,707649.446300,0
1753658640000,187.8700,188.0300,187.8500,187.94,11901.26,1753658699999,2236659.913000,1599,5461.79,1026446.414500,0
1753658700000,187.9300,188.0200,187.8400,187.95,9459.33,1753658759999,1777796.886600,1312,6857.91,1288905.298100,0
1753658760000,187.9600,187.9600,187.8300,187.85,5233.25,1753658819999,983365.241200,1017,2851.80,535859.504400,0
1753658820000,187.8600,187.9300,187.8000,187.93,6223.52,1753658879999,1169124.761100,866,4363.08,819621.409700,0
1753658880000,187.9300,188.0600,187.8900,188.05,8205.34,1753658939999,1542338.363200,1349,4489.17,843834.494800,0
1753658940000,188.0500,188.0600,187.8400,187.98,9346.63,1753658999999,1756233.499100,1100,4360.01,819180.221400,0
1753659000000,187.9800,188.1500,187.9800,188.07,11635.44,1753659059999,2188370.114100,1603,8704.58,1637134.937500,0
1753659060000,188.0800,188.0800,187.6000,187.61,23343.21,1753659119999,4383460.524400,2175,3272.45,614711.229000,0
1753659120000,187.6200,187.6400,187.4700,187.64,14437.04,1753659179999,2707929.325800,1683,7300.81,1369431.185400,0
1753659180000,187.6500,187.9200,187.6500,187.85,11562.88,1753659239999,2170872.971400,1273,9775.93,1835250.212500,0
1753659240000,187.8500,187.9200,187.7100,187.71,4473.96,1753659299999,840245.367600,871,2054.36,385847.267100,0
1753659300000,187.7000,187.7700,187.5500,187.6,7953.54,1753659359999,1492841.861900,1242,2708.21,508279.807000,0
1753659360000,187.6000,187.8800,187.5300,187.87,7959.89,1753659419999,1494069.416500,1266,3967.89,744792.737600,0
1753659420000,187.8800,188.1800,187.8800,188.13,15227.49,1753659479999,2863749.528000,1808,8741.82,1643941.301600,0
1753659480000,188.1300,188.3200,188.0100,188.31,8109.58,1753659539999,1525988.260900,1641,4667.91,878468.390600,0
1753659540000,188.3200,188.4500,188.3200,188.35,11946.42,1753659599999,2250396.924200,2130,6338.95,1194114.121900,0
1753659600000,188.3600,188.3600,188.1200,188.2,12874.32,1753659659999,2423464.064900,1710,5139.69,967409.499800,0
1753659660000,188.2000,188.2500,188.0100,188.19,4317.81,1753659719999,812129.321900,1254,1402.43,263787.889800,0
1753659720000,188.2000,188.3200,188.1400,188.29,4794.38,1753659779999,902533.704500,1110,2933.20,552174.186300,0
1753659780000,188.2900,188.3300,188.1800,188.26,6121.17,1753659839999,1152332.383300,1144,1632.46,307330.060400,0
1753659840000,188.2600,188.2800,188.1200,188.2,3485.70,1753659899999,656078.584000,839,1871.88,352311.811300,0
1753659900000,188.2100,188.2800,188.1500,188.24,5132.26,1753659959999,966048.627200,1107,2862.16,538725.875900,0
1753659960000,188.2400,188.3200,188.2200,188.32,3447.88,1753660019999,649112.779300,723,2608.54,491096.071900,0
1753660020000,188.3200,188.3200,188.1200,188.29,6051.82,1753660079999,1139027.484900,1204,3926.74,739023.119200,0
1753660080000,188.3000,188.3300,188.2100,188.26,6015.92,1753660139999,1132617.579400,735,2015.84,379518.376500,0
1753660140000,188.2600,188.3200,188.1500,188.21,5958.61,1753660199999,1121496.771900,923,2585.27,486511.246000,0
1753660200000,188.2100,188.5500,188.2100,188.42,13017.83,1753660259999,2452811.136500,1673,9810.40,1848324.685900,0
1753660260000,188.4100,188.7700,188.3900,188.72,12310.64,1753660319999,2321098.571800,2029,9799.98,1847631.558300,0
1753660320000,188.7300,188.7500,188.5800,188.62,18526.29,1753660379999,3495270.787700,4632,9010.90,1700093.281200,0
1753660380000,188.6200,188.7200,188.5500,188.62,6929.72,1753660439999,1307087.617000,4240,2481.44,468044.733900,0
1753660440000,188.6200,188.7100,188.6100,188.61,6511.87,1753660499999,1228400.215500,917,3330.73,628307.210000,0
1753660500000,188.6100,188.6800,188.5800,188.65,5183.35,1753660559999,977764.396600,818,2683.45,506183.010400,0
1753660560000,188.6500,188.7100,188.5700,188.63,8239.32,1753660619999,1554364.630700,1005,4815.57,908443.383900,0
1753660620000,188.6300,188.7000,188.6100,188.69,3339.48,1753660679999,630024.934100,688,1736.29,327562.909300,0
1753660680000,188.7000,188.7000,188.3800,188.48,13316.67,1753660739999,2510116.679200,1460,2841.21,535439.312100,0
1753660740000,188.4900,188.5800,188.4700,188.55,12095.24,1753660799999,2280275.101000,1483,9249.91,1743810.874700,0
1753660800000,188.5600,188.5800,188.1300,188.25,13101.26,1753660859999,2467640.322700,2063,5187.28,977126.531100,0
1753660860000,188.2600,188.4200,188.2200,188.37,13411.35,1753660919999,2525923.184400,1977,7128.23,1342601.511900,0
1753660920000,188.3700,188.5100,188.3700,188.44,7516.82,1753660979999,1416577.978500,1252,4276.45,805887.356800,0
1753660980000,188.4300,188.5300,188.4100,188.5,4195.79,1753661039999,790737.648100,952,2504.03,471905.821700,0
1753661040000,188.5100,188.5100,188.2500,188.37,9603.83,1753661099999,1809071.562300,1612,2506.36,472123.692900,0
1753661100000,188.3700,188.3700,188.1400,188.3,4703.99,1753661159999,885508.558400,1203,1491.21,280714.192900,0
1753661160000,188.3000,188.3700,188.2200,188.33,4044.42,1753661219999,761429.441700,990,2174.23,409333.445400,0
1753661220000,188.3400,188.3400,188.1800,188.26,4699.36,1753661279999,884731.519500,1072,1140.35,214691.587400,0
1753661280000,188.2500,188.5000,188.1600,188.46,4522.26,1753661339999,851828.674900,1337,3212.09,605030.202900,0
1753661340000,188.4600,188.4700,188.2600,188.38,4654.28,1753661399999,876789.692000,1277,2541.04,478671.388000,0
1753661400000,188.3800,188.3800,188.1000,188.19,7736.48,1753661459999,1456350.623700,1690,2803.59,527712.441200,0
1753661460000,188.2000,188.2300,188.0200,188.23,4227.74,1753661519999,795327.854400,1331,1851.30,348287.932900,0
1753661520000,188.2200,188.4000,188.2200,188.32,6557.76,1753661579999,1235089.323700,1820,3811.08,717753.724900,0
1753661580000,188.3200,188.7800,188.2900,188.77,7140.06,1753661639999,1346395.564500,1439,5763.33,1086865.343100,0
1753661640000,188.7700,188.9400,188.6900,188.93,19182.62,1753661699999,3622191.454600,2649,9768.59,1844727.726300,0
1753661700000,188.9300,189.3700,188.8100,189.37,24979.03,1753661759999,4723966.567960,4617,16601.61,3139792.918760,0
1753661760000,189.3700,189.4500,189.1900,189.26,32075.05,1753661819999,6072242.891900,3742,14819.81,2805706.007800,0
1753661820000,189.2600,189.5700,189.2400,189.5,17414.55,1753661879999,3299286.289600,2613,8493.14,1609072.368400,0
1753661880000,189.5000,189.6100,189.4500,189.58,8241.09,1753661939999,1562042.407200,2030,4250.89,805772.915200,0
1753661940000,189.5700,189.9400,189.5600,189.94,20254.80,1753661999999,3844063.294200,3247,15017.84,2850297.687400,0
1753662000000,189.9300,190.0900,189.6800,190.05,31395.44,1753662059999,5963619.369800,4012,15242.77,2895859.462700,0
1753662060000,190.0500,190.1700,189.6400,189.72,22822.00,1753662119999,4335007.525900,3234,7083.07,1345638.166500,0
1753662120000,189.7200,189.8800,189.4000,189.88,19995.07,1753662179999,3791079.823100,2980,10062.58,1908091.044500,0
1753662180000,189.8900,190.0400,189.5800,189.81,25092.74,1753662239999,4764294.334800,3150,11994.68,2277239.026800,0
1753662240000,189.8200,190.0300,189.7700,190.02,12934.41,1753662299999,2455980.574900,2501,4550.53,864099.513200,0
1753662300000,190.0100,190.1300,189.8400,190.07,9241.41,1753662359999,1755988.173000,2070,3690.13,701185.133100,0
1753662360000,190.0700,190.4000,190.0100,190.19,30864.40,1753662419999,5870978.964300,4080,15649.83,2977023.286400,0
1753662420000,190.2000,190.4700,189.9600,190.47,21984.35,1753662479999,4181345.653200,5075,12101.94,2302399.772200,0
1753662480000,190.4600,190.7300,190.2700,190.65,41676.62,1753662539999,7940285.060190,8471,27372.92,5215483.096890,0
1753662540000,190.6500,191.0900,190.6200,190.9,78863.33,1753662599999,15054240.468500,7957,45848.73,8752039.334600,0
1753662600000,190.9000,191.0400,190.2400,190.42,42977.70,1753662659999,8192700.368400,6027,17257.89,3290584.575600,0
1753662660000,190.4200,190.5100,189.9800,190.29,20136.34,1753662719999,3830223.922000,3783,8134.10,1547399.103000,0
1753662720000,190.2900,190.4900,190.0100,190.01,20676.84,1753662779999,3933735.391200,2849,8390.89,1596545.076900,0
1753662780000,190.0100,190.4200,189.8200,190.42,17466.36,1753662839999,3319566.382300,3052,7996.86,1519945.923200,0
1753662840000,190.4200,190.7200,190.3400,190.47,13962.68,1753662899999,2660269.389000,2787,6078.99,1158130.455600,0
1753662900000,190.4600,190.4600,190.1300,190.39,13760.72,1753662959999,2618348.215100,2599,3332.36,634092.580300,0
1753662960000,190.3900,190.4600,190.1800,190.33,10015.17,1753663019999,1906067.496400,2266,3098.42,589745.778400,0
1753663020000,190.3200,190.3900,190.0100,190.08,11650.55,1753663079999,2216066.596400,2228,4454.50,847326.968200,0
1753663080000,190.0900,190.1900,189.8600,189.96,16855.28,1753663139999,3202928.147400,2172,3602.62,684568.827000,0
1753663140000,189.9700,190.2600,189.7500,190.11,11104.72,1753663199999,2110144.043100,2189,5160.70,980622.687500,0
1753663200000,190.1000,190.1800,189.7600,189.87,22382.59,1753663259999,4250944.499300,2472,11770.25,2235641.217900,0
1753663260000,189.8800,189.9900,189.7400,189.74,12836.25,1753663319999,2437358.318400,1816,5632.75,1069645.775800,0
1753663320000,189.7500,189.9800,189.6900,189.9,11933.87,1753663379999,2265958.978100,2025,5916.49,1123482.397800,0
1753663380000,189.8900,189.9700,189.4100,189.45,20452.04,1753663439999,3877575.558500,2410,9113.44,1727575.103000,0
1753663440000,189.4400,189.6700,189.3700,189.43,12972.39,1753663499999,2458053.679300,1968,6214.51,1177668.967700,0
1753663500000,189.4300,189.8000,189.4000,189.42,18034.43,1753663559999,3418648.537700,3182,9205.46,1745128.414800,0
1753663560000,189.4200,189.4300,189.0500,189.43,19148.19,1753663619999,3623187.598900,3438,7086.16,1340863.071800,0
1753663620000,189.4200,189.5000,189.1400,189.16,12235.27,1753663679999,2316898.523600,1995,6827.89,1293006.103100,0
1753663680000,189.1600,189.3700,189.0800,189.09,10767.73,1753663739999,2037473.924800,1816,3524.19,666775.403300,0
1753663740000,189.0800,189.2200,189.0000,189.04,9874.98,1753663799999,1867318.405200,1929,3226.24,610063.293800,0
1753663800000,189.0500,189.2400,188.9700,189.1,13076.44,1753663859999,2472685.534800,2180,6692.42,1265572.186000,0
1753663860000,189.1100,189.2300,188.8700,189.21,9681.78,1753663919999,1830373.417500,2095,4139.97,782748.098900,0
1753663920000,189.2000,189.7400,189.1800,189.6,17108.27,1753663979999,3243087.766700,3088,11446.03,2169472.783100,0
1753663980000,189.6000,189.9100,189.6000,189.85,12820.54,1753664039999,2432925.250400,2064,7955.86,1509532.924200,0
1753664040000,189.8600,190.0500,189.7800,189.83,13486.42,1753664099999,2561373.322800,2118,9293.24,1765180.279600,0
1753664100000,189.8400,190.0200,189.6700,190.01,10327.39,1753664159999,1960185.188500,1646,3738.36,709721.731100,0
1753664160000,190.0200,190.0300,189.7800,189.9,9081.23,1753664219999,1724381.878200,1832,5316.84,1009597.353000,0
1753664220000,189.9000,189.9100,189.8000,189.87,3483.70,1753664279999,661432.566600,1228,1848.60,350991.411500,0
1753664280000,189.8700,189.8700,189.6600,189.85,4790.13,1753664339999,908945.247100,1307,2334.93,443080.742700,0
1753664340000,189.8500,189.9200,189.6200,189.62,4900.42,1753664399999,930113.425700,1520,2715.94,515571.756700,0
1753664400000,189.6300,189.7700,189.1400,189.14,13122.67,1753664459999,2485676.726900,3638,4029.05,763472.304800,0
1753664460000,189.1500,189.2300,189.0100,189.09,10735.36,1753664519999,2030123.900200,2189,4316.19,816266.437900,0
1753664520000,189.0800,189.0800,188.6200,188.69,30321.60,1753664579999,5726769.849800,4035,7509.73,1417982.275100,0
1753664580000,188.7000,189.0000,188.7000,188.96,12717.58,1753664639999,2401761.779500,5325,5324.25,1005468.198100,0
1753664640000,188.9700,188.9900,188.6900,188.79,8949.68,1753664699999,1690012.058400,4676,3651.93,689634.233100,0
1753664700000,188.8000,189.0900,188.7700,189.05,10660.49,1753664759999,2013975.329800,2235,5940.98,1122491.979700,0
1753664760000,189.0400,189.2500,188.9300,189.02,5410.95,1753664819999,1023225.980600,1631,3797.93,718221.532800,0
1753664820000,189.0200,189.0900,188.8900,189.09,7234.10,1753664879999,1367120.033300,1909,3405.36,643532.577800,0
1753664880000,189.0800,189.3100,189.0100,189.27,11861.01,1753664939999,2243620.485100,2012,6093.38,1152580.483100,0
1753664940000,189.2800,189.7200,189.0600,189.68,13075.93,1753664999999,2477452.266500,3211,8920.23,1690042.659500,0
1753665000000,189.6700,189.8400,189.3500,189.49,12185.79,1753665059999,2311069.118000,2376,6940.04,1316352.678500,0
1753665060000,189.4900,189.4900,189.1500,189.15,8280.32,1753665119999,1567291.477900,2223,3161.98,598439.258800,0
1753665120000,189.1500,189.4800,188.9600,189.23,10261.31,1753665179999,1941639.303700,2343,4835.62,915080.333400,0
1753665180000,189.2400,189.3600,189.1600,189.17,6788.63,1753665239999,1285028.910600,1410,3896.69,737590.937200,0
1753665240000,189.1700,189.3300,189.1700,189.32,4620.03,1753665299999,874251.696200,1209,3466.12,655892.983400,0
1753665300000,189.3100,189.4000,189.0500,189.38,9557.91,1753665359999,1808774.004900,1992,3946.83,746869.142100,0
1753665360000,189.3900,189.6500,189.3300,189.65,13192.14,1753665419999,2499724.662400,2464,6218.01,1178283.054300,0
1753665420000,189.6500,189.7600,189.4000,189.53,13866.77,1753665479999,2629374.308300,2295,5073.17,961904.828300,0
1753665480000,189.5300,189.6400,189.3500,189.59,7764.30,1753665539999,1471556.273500,1888,5775.81,1094629.783400,0
1753665540000,189.5900,189.7600,189.5000,189.67,4498.00,1753665599999,852987.261200,1899,2182.93,413969.384700,0
1753665600000,189.6600,189.9800,189.6500,189.82,15269.82,1753665659999,2898808.717700,3387,8135.13,1544175.006500,0
1753665660000,189.8200,189.8400,189.4500,189.74,14331.06,1753665719999,2717881.476800,2787,6344.44,1202860.724000,0
1753665720000,189.7400,189.9800,189.7100,189.95,11376.97,1753665779999,2159848.899700,2404,6943.48,1318144.790300,0
1753665780000,189.9500,190.1000,189.7800,189.88,16664.91,1753665839999,3166268.410200,2871,7523.78,1429407.818200,0
1753665840000,189.8700,189.8700,189.3400,189.35,8638.06,1753665899999,1637985.048300,1643,1839.10,348756.318400,0
1753665900000,189.3400,189.3600,188.9000,188.98,20849.77,1753665959999,3942450.497700,2993,8269.99,1563714.968400,0
1753665960000,188.9900,189.1000,188.6400,188.78,18631.53,1753666019999,3517242.811600,2713,8703.24,1643206.379800,0
1753666020000,188.7900,189.1000,188.7400,189.1,10225.86,1753666079999,1931229.226300,1562,6368.34,1202802.372300,0
1753666080000,189.1000,189.1200,188.9700,189.05,9476.81,1753666139999,1791719.090200,1419,4427.83,837124.727900,0
1753666140000,189.0400,189.2300,189.0000,189.13,5247.06,1753666199999,992062.773400,1162,3013.55,569775.431700,0
1753666200000,189.1200,189.1400,188.7700,188.9,9611.67,1753666259999,1815839.952800,2059,4021.31,759579.630600,0
1753666260000,188.9000,188.9000,188.6400,188.67,10985.47,1753666319999,2073358.202200,1758,4109.75,775652.716500,0
1753666320000,188.6700,188.6900,188.3200,188.38,31518.82,1753666379999,5940195.210900,3655,7168.37,1351100.078100,0
1753666380000,188.3900,188.4100,188.2000,188.26,14671.75,1753666439999,2762636.714200,2097,5093.71,959155.383100,0
1753666440000,188.2700,188.3300,188.1800,188.27,9960.98,1753666499999,1875048.751400,1943,5894.99,1109645.569600,0
1753666500000,188.2700,188.4200,188.0700,188.1,17131.49,1753666559999,3224284.668800,2751,7448.46,1401907.319400,0
1753666560000,188.1100,188.2500,188.0700,188.11,10497.21,1753666619999,1974997.892800,1686,6894.49,1297218.242900,0
1753666620000,188.1100,188.2500,188.0200,188.21,10854.91,1753666679999,2041884.992500,1716,4856.29,913531.438100,0
1753666680000,188.2100,188.3000,188.0200,188.02,6499.63,1753666739999,1222915.484700,1371,3006.52,565693.586200,0
1753666740000,188.0200,188.1400,187.8300,188.08,30022.09,1753666799999,5644271.069800,3027,12765.80,2400465.997800,0
1753666800000,188.0800,188.1700,187.9200,187.93,7896.98,1753666859999,1484753.971500,1365,3908.97,734967.950400,0
1753666860000,187.9300,187.9800,187.7400,187.8,15087.94,1753666919999,2833887.392700,2322,4892.44,919016.326100,0
1753666920000,187.8100,188.0000,187.7800,187.79,16727.69,1753666979999,3143199.045900,1959,12998.57,2442536.677600,0
1753666980000,187.7900,187.9400,187.7200,187.76,11650.69,1753667039999,2188065.406700,1811,7043.49,1322899.766200,0
1753667040000,187.7600,187.8400,187.7100,187.78,6956.51,1753667099999,1306258.276800,1445,5168.81,970577.286500,0
1753667100000,187.7900,188.0100,187.7200,188.01,14358.51,1753667159999,2697772.126500,1910,12019.14,2258322.772600,0
1753667160000,188.0100,188.0100,187.7700,187.92,10580.20,1753667219999,1987815.149100,1674,5675.31,1066203.910400,0
1753667220000,187.9200,188.0100,187.7700,187.8,14244.06,1753667279999,2676617.689900,1859,6453.70,1212749.917600,0
1753667280000,187.8100,188.0100,187.7700,187.96,5885.24,1753667339999,1105647.462300,1311,4647.42,873097.971100,0
1753667340000,187.9600,188.1700,187.9300,187.93,11494.35,1753667399999,2161710.154500,1726,7669.65,1442404.375500,0
1753667400000,187.9300,188.0300,187.6700,187.74,12120.93,1753667459999,2276859.160400,2024,5856.77,1100386.330500,0
1753667460000,187.7400,187.7400,187.5500,187.57,12017.88,1753667519999,2254931.031420,1821,2172.72,407647.432300,0
1753667520000,187.5600,187.8300,187.5600,187.81,10826.03,1753667579999,2031781.787500,1466,8159.78,1531423.634400,0
1753667580000,187.8100,187.9800,187.8000,187.9,7427.66,1753667639999,1395655.828400,1246,4548.94,854761.965100,0
1753667640000,187.9100,188.0100,187.8000,187.81,6964.21,1753667699999,1308557.176300,1194,2714.32,509991.500500,0
1753667700000,187.8100,187.8600,187.6800,187.74,11007.12,1753667759999,2066358.102500,1759,5184.66,973341.745500,0
1753667760000,187.7300,187.9800,187.6500,187.97,8879.46,1753667819999,1666996.839500,1569,5120.87,961503.512600,0
1753667820000,187.9700,188.0500,187.8500,188.0,11490.14,1753667879999,2159363.641700,1526,4235.37,796060.326600,0
1753667880000,188.0000,188.2300,187.9500,188.2,9837.10,1753667939999,1850423.718000,1587,8107.46,1525072.709300,0
1753667940000,188.1900,188.3000,188.1100,188.2,7846.00,1753667999999,1476557.168200,1500,3689.76,694388.334300,0
1753668000000,188.2100,188.2100,187.9800,188.13,11708.38,1753668059999,2202662.795000,1654,5677.99,1068289.405000,0
1753668060000,188.1200,188.1400,187.8600,188.14,9598.03,1753668119999,1804478.092500,1544,6609.78,1242657.474500,0
1753668120000,188.1400,188.3300,187.9000,188.32,12291.09,1753668179999,2312048.598700,1767,5860.38,1102616.364300,0
1753668180000,188.3200,188.3600,188.1600,188.29,10490.04,1753668239999,1975064.841400,1519,4730.29,890572.648000,0
1753668240000,188.2800,188.3200,188.1800,188.21,6415.55,1753668299999,1207660.507600,1315,4011.19,755036.122900,0
1753668300000,188.2000,188.2000,187.8000,187.81,4912.67,1753668359999,923916.023400,1389,1631.60,306859.338900,0
1753668360000,187.8000,188.0600,187.8000,187.92,5213.24,1753668419999,979578.786400,1466,3195.62,600464.806600,0
1753668420000,187.9100,188.1500,187.8900,188.11,8198.38,1753668479999,1541708.921700,1301,6313.67,1187242.493400,0
1753668480000,188.1100,188.1200,187.9300,188.0,5068.02,1753668539999,952907.918700,1001,2366.06,444929.782400,0
1753668540000,188.0000,188.1900,188.0000,188.15,13056.37,1753668599999,2455882.350800,1377,4534.74,852898.438700,0
1753668600000,188.1600,188.5600,188.1600,188.47,16316.09,1753668659999,3073898.709100,2328,12438.05,2343319.654300,0
1753668660000,188.4700,188.6700,188.4700,188.5,13367.45,1753668719999,2520673.159200,2542,8398.39,1583734.519800,0
1753668720000,188.5100,188.5900,188.3600,188.59,11399.77,1753668779999,2148190.843300,1387,7201.35,1357039.809100,0
1753668780000,188.5900,188.7500,188.5600,188.75,27179.84,1753668839999,5127626.090500,2139,17294.64,3262701.367700,0
1753668840000,188.7400,188.7800,188.6000,188.64,8841.08,1753668899999,1667956.461800,1003,4881.57,920937.716700,0
1753668900000,188.6400,188.8800,188.6100,188.83,16073.35,1753668959999,3033945.219100,2294,13009.67,2455456.589900,0
1753668960000,188.8300,189.0300,188.8300,189.03,18082.63,1753669019999,3416331.792700,1883,14603.09,2758916.147500,0
1753669020000,189.0300,189.3700,189.0200,189.36,19425.20,1753669079999,3675423.959260,3102,13116.69,2481806.243960,0
1753669080000,189.3600,189.4800,189.2500,189.48,14209.61,1753669139999,2690846.397600,2131,6861.53,1299573.077300,0
1753669140000,189.4700,189.5800,189.4200,189.58,12229.15,1753669199999,2317402.607800,1691,7481.20,1417694.612500,0
1753669200000,189.5800,189.7400,189.5500,189.69,14930.27,1753669259999,2831232.289100,2711,7061.80,1339133.105100,0
1753669260000,189.6800,189.9300,189.5900,189.59,28490.03,1753669319999,5408309.265800,3459,17704.04,3361142.711000,0
1753669320000,189.6000,189.6000,189.3800,189.56,17843.13,1753669379999,3381066.862400,1915,7384.53,1399291.379200,0
1753669380000,189.5600,189.7100,189.5600,189.71,6440.53,1753669439999,1221195.308100,1209,3681.42,698043.018800,0
1753669440000,189.7100,189.8100,189.6600,189.8,9401.94,1753669499999,1783863.166600,1214,4726.14,896724.494000,0
1753669500000,189.8000,190.2000,189.8000,190.17,25976.17,1753669559999,4935522.494100,2984,17848.45,3391516.483300,0
1753669560000,190.1700,190.4000,190.1300,190.37,31610.27,1753669619999,6013709.372600,5990,18974.19,3609825.587800,0
1753669620000,190.3600,190.4500,190.1700,190.44,22894.42,1753669679999,4357865.377900,5570,12388.43,2358203.589200,0
1753669680000,190.4400,190.9300,190.4400,190.73,58032.60,1753669739999,11069213.510490,5279,34019.51,6488593.417090,0
1753669740000,190.7200,190.8000,190.6300,190.73,27654.71,1753669799999,5273950.087800,1954,10417.60,1986625.073300,0
1753669800000,190.7300,190.7800,190.3500,190.62,30383.32,1753669859999,5789867.434000,4291,12914.82,2460831.847900,0
1753669860000,190.6200,191.2000,190.5800,191.12,61002.28,1753669919999,11652727.683400,5475,38377.94,7330803.030200,0
1753669920000,191.1200,191.3000,191.0000,191.24,49957.23,1753669979999,9549675.649700,3573,28645.05,5475934.517400,0
1753669980000,191.2500,191.3800,190.7000,190.86,55760.68,1753670039999,10658849.969400,5661,25520.99,4878732.285700,0
1753670040000,190.8700,191.0700,190.7800,190.94,31748.01,1753670099999,6061027.763800,3448,16582.35,3165741.103000,0
1753670100000,190.9300,191.3500,190.9300,191.29,33849.18,1753670159999,6470900.952600,4003,18033.96,3447288.670900,0
1753670160000,191.2900,191.3900,191.2200,191.39,28369.02,1753670219999,5427223.467300,2872,11191.20,2141140.064100,0
1753670220000,191.3900,191.5900,191.2200,191.46,63733.42,1753670279999,12201244.607600,5113,35706.67,6836078.656000,0
1753670280000,191.4500,191.4500,190.6500,190.86,53599.68,1753670339999,10230263.050600,5810,25758.00,4915436.977300,0
1753670340000,190.8600,191.0600,190.7100,191.06,33494.34,1753670399999,6393792.456300,3595,16717.31,3191258.319500,0
1753670400000,191.0600,191.1400,190.9000,191.12,21782.23,1753670459999,4161015.909300,3038,10538.45,2013150.299000,0
1753670460000,191.1300,191.2800,190.9400,191.13,60802.21,1753670519999,11619079.161800,3191,9603.98,1835563.218400,0
1753670520000,191.1400,191.3100,191.0100,191.23,18748.99,1753670579999,3583674.156000,2617,8963.93,1713252.020700,0
1753670580000,191.2300,191.4800,191.1300,191.43,26453.47,1753670639999,5062484.683600,3196,17424.03,3334474.974100,0
1753670640000,191.4400,191.6600,191.3300,191.52,19305.18,1753670699999,3696795.289300,3086,10028.79,1920561.347200,0
1753670700000,191.5200,191.7800,191.4800,191.53,33358.88,1753670759999,6393622.824600,4391,14098.73,2702170.777000,0
1753670760000,191.5300,191.7600,191.4000,191.58,24858.52,1753670819999,4762762.904400,3267,12404.35,2376383.812900,0
1753670820000,191.5700,191.9000,191.4000,191.75,31090.91,1753670879999,5958977.443000,3558,21506.42,4122376.023900,0
1753670880000,191.7600,191.9300,191.6600,191.91,30703.27,1753670939999,5889257.599500,7102,17808.00,3415980.425000,0
1753670940000,191.9100,191.9600,191.3100,191.41,30972.09,1753670999999,5931698.383700,7136,12911.39,2472898.247700,0
1753671000000,191.4100,191.4700,191.0700,191.25,45181.33,1753671059999,8643249.343700,4399,13803.84,2640886.377900,0
1753671060000,191.2500,191.4400,191.1000,191.33,15384.99,1753671119999,2942464.813600,2220,7359.39,1407452.596800,0
1753671120000,191.3300,191.4500,191.2400,191.33,18459.82,1753671179999,3531926.616700,2159,10613.57,2030597.803800,0
1753671180000,191.3400,191.3800,191.1500,191.33,13036.06,1753671239999,2493184.980600,2069,6348.28,1214048.516100,0
1753671240000,191.3300,191.5300,191.3300,191.34,16144.54,1753671299999,3090877.718400,2299,8881.73,1700371.919500,0
1753671300000,191.3500,191.4300,191.2500,191.25,12786.78,1753671359999,2446702.967300,1682,5688.26,1088404.581100,0
1753671360000,191.2500,191.5100,191.2100,191.44,31656.86,1753671419999,6057140.352100,2977,8350.39,1597549.758900,0
1753671420000,191.4400,191.4700,191.1900,191.31,9490.87,1753671479999,1816007.053100,1518,2169.96,415215.113500,0
1753671480000,191.3100,191.5500,191.3100,191.54,7328.40,1753671539999,1402720.399500,1219,4226.93,809130.346400,0
1753671540000,191.5500,191.5600,191.3900,191.54,28377.32,1753671599999,5432792.032000,1687,12587.46,2409739.758600,0
1753671600000,191.5400,192.2300,191.5300,192.01,104733.39,1753671659999,20105351.746170,8614,73689.03,14145499.169470,0
1753671660000,192.0000,192.3500,191.9400,192.32,39209.92,1753671719999,7535176.121850,3943,24916.96,4789123.836150,0
1753671720000,192.3100,192.4000,192.1500,192.38,25057.11,1753671779999,4817977.602700,3017,14703.93,2827231.428600,0
1753671780000,192.3800,192.4900,192.2300,192.29,17755.57,1753671839999,3415594.795300,2745,7975.66,1534335.511500,0
1753671840000,192.2800,192.4000,192.0000,192.06,22322.12,1753671899999,4290590.432600,2881,7144.73,1373366.889100,0
1753671900000,192.0500,192.2000,192.0000,192.02,17864.12,1753671959999,3431092.105700,1804,5201.85,999316.656100,0
1753671960000,192.0100,192.1300,191.8000,192.11,19126.25,1753672019999,3671512.153600,2727,7015.77,1346700.217700,0
1753672020000,192.1100,192.1200,191.8100,192.09,12048.08,1753672079999,2312651.792100,1961,4391.31,842950.859200,0
1753672080000,192.0900,192.1000,191.8800,192.1,8237.96,1753672139999,1581686.624200,1679,3610.25,693196.989600,0
1753672140000,192.1000,192.1000,191.8200,191.85,11648.17,1753672199999,2235763.653400,1966,3354.25,643791.349000,0
1753672200000,191.8500,191.8600,191.5000,191.56,18941.94,1753672259999,3629894.903500,2780,6431.23,1232270.199900,0
1753672260000,191.5700,191.7400,191.4600,191.5,34486.48,1753672319999,6606534.616000,3258,11417.87,2187925.828100,0
1753672320000,191.5100,191.5200,191.2700,191.41,22350.09,1753672379999,4277918.745300,3243,7310.49,1399319.460500,0
1753672380000,191.4100,191.4500,191.2100,191.33,15634.58,1753672439999,2991143.959900,2456,6356.46,1216104.292800,0
1753672440000,191.3400,191.4600,191.2800,191.39,7526.44,1753672499999,1440381.856200,1760,3536.96,676908.772500,0
1753672500000,191.3900,191.6900,191.3400,191.69,26681.63,1753672559999,5110451.814400,3438,16942.60,3245188.339400,0
1753672560000,191.7000,192.1000,191.6800,192.08,21264.96,1753672619999,4082444.310700,3360,14206.91,2727264.553900,0
1753672620000,192.0800,192.0800,191.6600,191.68,11399.18,1753672679999,2186234.097500,2458,5338.95,1023869.466500,0
1753672680000,191.6700,191.6800,191.4800,191.66,9301.79,1753672739999,1782298.692200,1835,4234.92,811425.581800,0
1753672740000,191.6600,191.9800,191.6100,191.88,15097.48,1753672799999,2895521.639800,2735,8225.01,1577395.459000,0
1753672800000,191.8700,192.0000,191.5200,191.54,12026.55,1753672859999,2306251.693800,2236,4603.22,882677.790300,0
1753672860000,191.5300,191.7000,191.4900,191.68,9846.90,1753672919999,1886809.898400,2195,3909.65,749164.780400,0
1753672920000,191.6800,191.8400,191.6800,191.83,5793.44,1753672979999,1110921.989200,1436,2426.29,465271.466200,0
1753672980000,191.8400,191.8500,191.5600,191.64,8656.70,1753673039999,1659153.877000,1757,3204.26,614112.664800,0
1753673040000,191.6300,191.8000,191.5600,191.7,8597.77,1753673099999,1647868.596300,1494,3282.02,628993.944600,0
1753673100000,191.7000,191.7000,191.4000,191.57,9405.89,1753673159999,1801329.511000,2089,2597.58,497531.232300,0
1753673160000,191.5700,191.6500,191.3400,191.62,11300.63,1753673219999,2164030.868500,1937,6376.52,1221091.349800,0
1753673220000,191.6100,191.6400,191.3800,191.39,10358.36,1753673279999,1983319.998500,1935,3574.11,684319.017700,0
1753673280000,191.3800,191.9300,191.2300,191.81,21238.20,1753673339999,4068056.776600,3619,10601.40,2031168.063500,0
1753673340000,191.8200,191.8300,191.6300,191.71,13013.35,1753673399999,2495458.692600,2339,5195.11,996156.528500,0
1753673400000,191.7100,191.8200,191.5300,191.71,13690.34,1753673459999,2624731.219800,2407,6069.83,1163721.018500,0
1753673460000,191.7100,192.1400,191.7000,192.11,20993.35,1753673519999,4029454.438100,3485,15584.81,2991290.786600,0
1753673520000,192.1100,192.2600,191.9500,192.19,30906.82,1753673579999,5938437.280600,4049,15206.47,2921552.670800,0
1753673580000,192.1900,192.4900,192.1800,192.32,25801.79,1753673639999,4963697.229700,3171,16780.98,3228233.336800,0
1753673640000,192.3200,192.4700,192.1700,192.4,50712.93,1753673699999,9754955.067100,3053,25076.18,4823298.689100,0
1753673700000,192.4100,192.7700,192.2800,192.68,55155.92,1753673759999,10620085.882100,5248,38750.39,7460524.945300,0
1753673760000,192.6800,192.6800,192.5000,192.5,22705.36,1753673819999,4372725.720700,2842,13006.76,2504928.435200,0
1753673820000,192.5000,192.9400,192.5000,192.82,27756.45,1753673879999,5350716.983100,3786,19575.85,3773325.439800,0
1753673880000,192.8100,192.9500,192.6400,192.67,28652.47,1753673939999,5523236.135200,2953,18917.41,3646571.984500,0
1753673940000,192.6700,192.9100,192.5700,192.85,39155.58,1753673999999,7546626.212900,3079,15686.77,3023586.393000,0
1753674000000,192.8400,193.0700,192.8300,193.04,53040.27,1753674059999,10235752.792600,3785,41142.62,7939891.649100,0
1753674060000,193.0300,193.1700,192.9500,193.02,32454.03,1753674119999,6266245.115000,3998,15210.54,2937032.126300,0
1753674120000,193.0100,193.1300,192.9500,193.0,20385.80,1753674179999,3935439.022200,2481,11754.84,2269299.360000,0
1753674180000,193.0000,193.0200,192.7500,192.86,27367.09,1753674239999,5279080.240700,3110,7439.60,1434858.592000,0
1753674240000,192.8700,193.0200,192.8500,192.91,10620.23,1753674299999,2048722.171000,1894,4962.37,957286.244300,0
1753674300000,192.9200,193.1900,192.9000,193.18,22477.12,1753674359999,4340313.858300,2568,10770.53,2079658.326900,0
1753674360000,193.1800,193.3400,193.1700,193.2,22787.64,1753674419999,4403711.063300,3430,9636.57,1862338.135300,0
1753674420000,193.2000,193.3700,193.1400,193.22,47397.13,1753674479999,9159436.550400,3660,22635.12,4374092.043100,0
1753674480000,193.2200,193.5300,193.2100,193.53,32387.57,1753674539999,6265805.247200,2978,17198.55,3326912.082400,0
1753674540000,193.5200,193.5800,193.5000,193.56,24118.34,1753674599999,4667550.661300,4206,7727.06,1495507.972700,0
1753674600000,193.5500,193.5600,193.1500,193.34,31366.49,1753674659999,6063127.717600,4841,9727.88,1880464.254400,0
1753674660000,193.3300,193.4400,193.3000,193.39,16330.10,1753674719999,3157483.337000,3158,5231.21,1011484.057600,0
1753674720000,193.3900,193.5800,193.3900,193.55,23017.97,1753674779999,4454325.036500,2399,16755.41,3242298.171400,0
1753674780000,193.5500,193.7900,193.4300,193.69,42560.15,1753674839999,8240246.895620,3610,20559.15,3981374.601820,0
1753674840000,193.6900,193.7900,193.5800,193.59,23631.81,1753674899999,4576783.618100,2281,10281.29,1991295.311500,0
1753674900000,193.5900,193.5900,193.3800,193.39,25037.31,1753674959999,4844919.943300,2205,8738.80,1691111.797200,0
1753674960000,193.3800,193.4000,193.1600,193.25,18295.40,1753675019999,3535351.990500,2569,4914.91,949770.086700,0
1753675020000,193.2500,193.4200,193.2500,193.4,8747.54,1753675079999,1691435.404400,1494,3861.93,746751.525100,0
1753675080000,193.4000,193.4700,193.2000,193.33,12560.54,1753675139999,2428484.771500,1902,4848.79,937206.365900,0
1753675140000,193.3200,193.4100,193.2300,193.29,6534.77,1753675199999,1263215.205900,1257,3443.82,665726.842100,0
1753675200000,193.2900,193.5300,193.2900,193.39,26541.16,1753675259999,5134134.476300,3584,15231.30,2946361.894200,0
1753675260000,193.3900,193.5300,193.3200,193.53,12052.21,1753675319999,2331071.942000,1928,5443.64,1052882.823700,0
1753675320000,193.5400,193.6500,193.0500,193.06,28676.39,1753675379999,5547341.363600,3214,11650.87,2254236.818600,0
1753675380000,193.0500,193.0900,192.8300,193.07,30685.46,1753675439999,5920966.495400,3673,10753.56,2075110.633900,0
1753675440000,193.0800,193.8800,193.0800,193.85,39937.50,1753675499999,7730548.389200,5201,28386.84,5494065.968500,0
1753675500000,193.8400,193.9100,193.6200,193.7,32498.23,1753675559999,6297430.770950,3518,15897.69,3080753.034550,0
1753675560000,193.7000,193.9200,193.5000,193.9,24725.36,1753675619999,4789364.439000,3306,14303.94,2770907.328800,0
1753675620000,193.9000,194.0200,193.7000,193.89,31937.27,1753675679999,6193045.711500,3635,22947.53,4450059.033100,0
1753675680000,193.9000,193.9000,193.6000,193.6,14140.18,1753675739999,2740458.207700,2771,7915.17,1534013.155200,0
1753675740000,193.6000,193.6500,193.2300,193.36,21967.76,1753675799999,4249097.516400,3219,11233.04,2172371.938000,0
1753675800000,193.3500,193.4600,193.2000,193.26,20108.76,1753675859999,3887332.253000,2578,9335.33,1804857.263600,0
1753675860000,193.2600,193.3900,193.0900,193.18,12213.43,1753675919999,2360381.599900,2142,3574.33,690859.370800,0
1753675920000,193.1900,193.3800,193.1100,193.31,13346.63,1753675979999,2579223.227800,2092,7189.89,1389566.374700,0
1753675980000,193.3000,193.3700,193.0700,193.22,12937.90,1753676039999,2499908.134000,2286,3110.46,600917.518400,0
1753676040000,193.2200,193.2200,192.9100,192.92,15067.76,1753676099999,2908674.006400,1819,1637.48,316168.788200,0
1753676100000,192.9200,193.0500,192.7100,192.79,24653.64,1753676159999,4754431.812000,4067,7726.78,1490223.191900,0
1753676160000,192.7800,192.8500,192.6700,192.74,23008.26,1753676219999,4434657.456300,2646,6004.45,1157265.247600,0
1753676220000,192.7400,192.8400,192.5400,192.61,24166.49,1753676279999,4656232.947700,2813,7025.50,1353690.782500,0
1753676280000,192.6100,192.7600,192.6100,192.69,14096.28,1753676339999,2715852.225600,1542,6823.32,1314683.679400,0
1753676340000,192.6900,192.7300,192.6000,192.68,14062.75,1753676399999,2709400.205300,1538,3185.94,613832.382800,0
1753676400000,192.6900,192.6900,192.4500,192.63,37156.19,1753676459999,7154429.746300,3917,10202.10,1964700.652400,0
1753676460000,192.6200,192.7700,192.5800,192.77,20012.63,1753676519999,3855918.282700,2485,16064.35,3095247.747000,0
1753676520000,192.7600,192.9700,192.7200,192.96,23295.95,1753676579999,4491966.537200,1732,19388.29,3738435.671400,0
1753676580000,192.9600,192.9600,192.6800,192.79,13212.91,1753676639999,2548215.395500,1437,3716.55,716660.264200,0
1753676640000,192.7900,192.9400,192.6800,192.84,13578.01,1753676699999,2618076.129600,2054,6374.08,1229130.606200,0
1753676700000,192.8400,192.9300,192.7600,192.9,7546.62,1753676759999,1455361.396400,1593,3976.83,766945.479700,0
1753676760000,192.9100,193.2200,192.9000,192.97,21707.62,1753676819999,4191379.347800,3012,11305.18,2182482.806500,0
1753676820000,192.9600,193.2800,192.9100,193.11,17858.92,1753676879999,3449237.388300,2527,10125.77,1956054.019400,0
1753676880000,193.1200,193.1400,192.9700,192.97,9836.22,1753676939999,1898574.324000,1337,4864.15,938907.685400,0
1753676940000,192.9700,192.9900,192.8500,192.86,8103.29,1753676999999,1563415.824900,1596,3346.65,645643.426600,0
1753677000000,192.8500,192.8800,192.6700,192.84,8553.77,1753677059999,1648790.077500,2170,3748.85,722584.093500,0
1753677060000,192.8400,192.8800,192.6200,192.62,8941.64,1753677119999,1723286.357300,1908,3797.74,731967.011300,0
1753677120000,192.6300,192.8100,192.6200,192.68,12806.14,1753677179999,2468321.771900,1603,8055.78,1552694.644800,0
1753677180000,192.6900,192.7600,192.5400,192.76,9849.97,1753677239999,1897509.640600,1507,3100.78,597315.983000,0
1753677240000,192.7700,192.9500,192.7600,192.88,16262.59,1753677299999,3136713.964000,1383,13648.79,2632557.514500,0
1753677300000,192.8900,192.8900,192.6000,192.6,7034.21,1753677359999,1355657.465800,1430,3730.66,718943.135900,0
1753677360000,192.6100,192.9400,192.6100,192.9,9394.92,1753677419999,1811333.255800,1850,3699.99,713286.330100,0
1753677420000,192.9100,193.2000,192.8500,193.03,26011.62,1753677479999,5021414.609600,3101,19637.07,3790736.509500,0
1753677480000,193.0300,193.0400,192.8500,192.85,7415.61,1753677539999,1430831.389400,1607,4256.84,821372.842100,0
1753677540000,192.8600,192.9400,192.7800,192.8,8676.05,1753677599999,1673312.320600,1482,3174.07,612093.383500,0
1753677600000,192.7900,192.8600,192.7100,192.73,9274.37,1753677659999,1788085.201600,1712,2205.57,425194.512700,0
1753677660000,192.7300,192.9800,192.7200,192.92,9511.03,1753677719999,1834151.314100,2321,6100.90,1176481.916400,0
1753677720000,192.9200,193.2900,192.9100,193.28,19160.36,1753677779999,3698906.619500,2694,13969.25,2696616.756700,0
1753677780000,193.2700,193.2800,192.9500,193.06,16428.46,1753677839999,3173384.016600,2733,10868.42,2099497.851000,0
1753677840000,193.0700,193.1100,192.9100,193.02,12353.80,1753677899999,2384349.853700,1898,4257.54,821723.062800,0
1753677900000,193.0200,193.2200,192.9700,192.99,7187.29,1753677959999,1388062.076000,2109,2964.62,572464.444200,0
1753677960000,192.9900,193.0000,192.8300,192.86,9282.94,1753678019999,1790799.067500,1539,3530.44,681013.377500,0
1753678020000,192.8500,192.9900,192.8100,192.96,7492.83,1753678079999,1445324.403900,1563,2478.23,478017.436100,0
1753678080000,192.9700,193.0600,192.9000,193.05,7040.17,1753678139999,1358549.208700,1382,5285.39,1019973.628700,0
1753678140000,193.0500,193.0800,192.8400,192.97,7848.72,1753678199999,1514504.401200,1854,3018.30,582375.822900,0
1753678200000,192.9700,193.0600,192.7700,192.84,10530.95,1753678259999,2031649.439300,1840,4066.45,784390.588600,0
1753678260000,192.8300,192.8600,192.8000,192.82,4494.47,1753678319999,866631.955300,867,1863.52,359330.265200,0
1753678320000,192.8200,193.2800,192.8200,193.28,28599.49,1753678379999,5520462.577700,3001,15960.61,3080742.307600,0
1753678380000,193.2700,193.3500,192.8600,192.87,32927.18,1753678439999,6357631.070600,3211,5482.25,1058865.464900,0
1753678440000,192.8600,192.9200,192.7900,192.8,11132.43,1753678499999,2146969.153500,1610,4204.93,810925.534800,0
1753678500000,192.8000,192.9400,192.7400,192.93,10041.52,1753678559999,1936255.735300,1738,6603.44,1273306.463500,0
1753678560000,192.9200,192.9300,192.7500,192.77,12150.22,1753678619999,2343048.769900,1526,3590.33,692322.623400,0
1753678620000,192.7600,192.9700,192.7300,192.95,10039.64,1753678679999,1935916.486900,1674,6963.48,1342728.333200,0
1753678680000,192.9600,193.0200,192.9000,192.97,5355.37,1753678739999,1033266.448300,1129,3760.51,725535.254500,0
1753678740000,192.9700,193.0600,192.9600,193.04,6325.30,1753678799999,1220782.121600,983,3739.76,721730.721500,0
1753678800000,193.0400,193.3000,193.0400,193.28,10482.72,1753678859999,2025390.109600,1982,6072.73,1173282.498700,0
1753678860000,193.2900,193.3700,193.1400,193.25,10932.21,1753678919999,2112719.670200,2135,5242.62,1013159.375800,0
1753678920000,193.2500,193.4300,193.2400,193.42,13022.28,1753678979999,2517673.358600,1722,7720.91,1492813.671200,0
1753678980000,193.4300,193.4300,193.2000,193.27,9178.40,1753679039999,1774048.372200,1266,3297.53,637262.656700,0
1753679040000,193.2600,193.2600,192.9400,192.98,7433.74,1753679099999,1435360.015800,1658,1917.04,370143.636900,0
1753679100000,192.9700,193.0400,192.8200,192.82,5999.52,1753679159999,1157627.133200,1314,1642.47,316951.920500,0
1753679160000,192.8200,192.8500,192.6600,192.68,15023.58,1753679219999,2895748.637700,1844,7403.14,1426935.778900,0
1753679220000,192.6900,192.8600,192.6800,192.83,6525.97,1753679279999,1258166.318300,1232,4886.18,941998.510400,0
1753679280000,192.8200,192.8500,192.7000,192.85,8199.91,1753679339999,1580647.949200,1457,3977.55,766750.439300,0
1753679340000,192.8400,192.9300,192.7400,192.85,6610.13,1753679399999,1274848.349600,1308,3212.54,619514.907600,0
1753679400000,192.8500,192.9700,192.7800,192.93,8988.28,1753679459999,1733887.422700,1551,6865.34,1324408.092700,0
1753679460000,192.9400,193.0000,192.9100,192.97,9686.00,1753679519999,1869005.892800,1230,8163.76,1575279.753200,0
1753679520000,192.9800,192.9900,192.8900,192.97,7731.52,1753679579999,1491675.431400,1381,4249.91,819961.230100,0
1753679580000,192.9700,193.0500,192.9100,193.0,11200.97,1753679639999,2161719.453900,1745,7035.48,1357742.393800,0
1753679640000,193.0000,193.0600,192.9100,193.03,6228.10,1753679699999,1202058.483000,1260,3233.87,624151.134800,0
1753679700000,193.0300,193.1400,192.9500,193.11,15205.82,1753679759999,2935442.287500,2323,5791.35,1118120.333800,0
1753679760000,193.1100,193.3700,193.1100,193.37,12730.65,1753679819999,2460590.667700,2197,6920.17,1337541.788500,0
1753679820000,193.3600,193.5600,193.3500,193.55,23560.67,1753679879999,4557879.131200,2973,13419.09,2596066.197900,0
1753679880000,193.5500,193.6300,193.3900,193.47,15815.52,1753679939999,3060934.110900,2003,10078.89,1950815.985200,0
1753679940000,193.4800,193.6100,193.4000,193.47,12635.80,1753679999999,2445104.430000,1765,6577.43,1272778.135600,0
1753680000000,193.4600,193.5300,193.3000,193.51,8959.55,1753680059999,1732963.632000,1637,6250.80,1209009.011700,0
1753680060000,193.5200,193.6000,193.3400,193.59,19414.46,1753680119999,3756360.095400,2223,10391.24,2010409.434400,0
1753680120000,193.5800,193.7100,193.5400,193.63,24302.30,1753680179999,4706079.146100,3025,14016.78,2714133.521700,0
1753680180000,193.6300,193.7200,193.4000,193.42,17584.63,1753680239999,3403575.037300,1874,5700.69,1103236.462400,0
1753680240000,193.4200,193.5200,193.3200,193.41,8577.81,1753680299999,1659091.120400,1485,3969.55,767804.763600,0
1753680300000,193.4000,193.4000,192.9800,193.14,24500.34,1753680359999,4731091.074200,2622,7009.26,1353413.102700,0
1753680360000,193.1500,193.4400,193.1300,193.41,10671.19,1753680419999,2062370.887500,1614,6073.58,1173899.160700,0
1753680420000,193.4100,193.4600,193.2600,193.45,8433.44,1753680479999,1630838.156300,1644,3713.07,717935.744900,0
1753680480000,193.4500,193.4700,193.1600,193.28,5209.79,1753680539999,1006960.544400,1181,2495.75,482391.198800,0
1753680540000,193.2700,193.3600,193.1700,193.19,6096.29,1753680599999,1178169.206700,1102,2784.89,538158.294500,0
1753680600000,193.1800,193.2300,192.9700,193.04,14997.78,1753680659999,2895772.265800,2653,5146.31,993784.351000,0
1753680660000,193.0300,193.2200,192.8800,193.02,18781.46,1753680719999,3624722.574700,2369,7100.91,1370616.921600,0
1753680720000,193.0200,193.2500,192.9800,193.22,10954.05,1753680779999,2115084.459800,1996,6029.41,1164175.294200,0
1753680780000,193.2200,193.2600,192.9500,193.01,14637.70,1753680839999,2826640.182300,2003,6096.81,1177276.993900,0
1753680840000,193.0100,193.2300,192.9500,193.23,11814.39,1753680899999,2280974.888100,1850,5906.67,1140483.148900,0
1753680900000,193.2400,193.3400,193.1900,193.31,4866.14,1753680959999,940462.768900,1473,3310.13,639735.632800,0
1753680960000,193.3100,193.4800,193.2500,193.28,8765.66,1753681019999,1694887.729100,1658,4954.38,957942.064300,0
1753681020000,193.2800,193.4000,193.2000,193.4,6605.76,1753681079999,1276932.858400,1085,2900.84,560770.072500,0
1753681080000,193.4000,193.4800,193.3200,193.45,10071.87,1753681139999,1948099.942700,1638,5516.32,1066922.083500,0
1753681140000,193.4600,193.4600,193.1800,193.21,16332.98,1753681199999,3157440.081200,2070,5220.73,1009180.873300,0
1753681200000,193.2200,193.6400,193.1400,193.55,19067.14,1753681259999,3689028.976000,2608,11275.05,2181737.686000,0
1753681260000,193.5500,193.9200,193.5000,193.81,40712.10,1753681319999,7888548.341400,4472,27523.12,5332680.989100,0
1753681320000,193.8000,193.9400,193.8000,193.9,9891.26,1753681379999,1917835.392100,1354,6038.15,1170743.483400,0
1753681380000,193.9000,193.9400,193.7700,193.85,10607.20,1753681439999,2056177.874900,1253,4556.06,883240.997500,0
1753681440000,193.8400,193.8900,193.6800,193.69,16532.05,1753681499999,3203671.442600,1494,9842.89,1907492.763500,0
1753681500000,193.7000,193.7500,193.6200,193.68,7203.74,1753681559999,1395167.252100,2061,4928.19,954432.788700,0
1753681560000,193.6700,193.6800,193.4300,193.55,12724.45,1753681619999,2462533.640500,1659,6801.69,1316224.680700,0
1753681620000,193.5400,193.6200,193.3700,193.5,17335.87,1753681679999,3353948.798300,1911,5035.55,974262.965800,0
1753681680000,193.5000,193.5500,193.2600,193.55,8546.36,1753681739999,1652564.495700,1608,4571.52,883992.722100,0
1753681740000,193.5400,193.8000,193.4800,193.8,8583.98,1753681799999,1662112.695300,1756,5380.76,1041992.379400,0
1753681800000,193.8000,193.8500,193.7400,193.81,9053.35,1753681859999,1754415.487200,1640,3600.35,697726.109400,0
1753681860000,193.8100,194.3200,193.8100,194.28,53037.03,1753681919999,10294326.454200,4981,42782.60,8303277.223000,0
1753681920000,194.2800,194.3700,194.1600,194.24,20211.69,1753681979999,3926392.137400,2697,11604.29,2254517.538400,0
1753681980000,194.2500,194.8800,194.2300,194.83,49358.85,1753682039999,9606679.944800,6032,33624.38,6544104.692100,0
1753682040000,194.8300,195.3200,194.7200,194.87,133768.04,1753682099999,26087780.443380,10275,71506.83,13944507.683680,0
1753682100000,194.8700,194.8800,194.7000,194.86,23070.57,1753682159999,4493977.655600,2973,13229.95,2577170.100700,0
1753682160000,194.8700,194.8700,194.5500,194.57,19571.43,1753682219999,3810297.338500,2017,6870.19,1337332.645200,0
1753682220000,194.5600,194.6600,194.4000,194.47,17532.47,1753682279999,3410116.006900,2266,10536.67,2049471.737600,0
1753682280000,194.4600,194.7400,194.4500,194.48,21778.85,1753682339999,4238272.202300,2650,12621.07,2455947.400700,0
1753682340000,194.4800,194.5000,194.2000,194.3,18729.57,1753682399999,3640587.390100,2116,5730.83,1113946.067900,0
1753682400000,194.3100,194.3800,194.2900,194.3,9481.24,1753682459999,1842506.393600,2048,5216.29,1013700.763900,0
1753682460000,194.2900,194.4900,194.2400,194.39,16343.46,1753682519999,3176192.561600,2266,7695.02,1495406.077700,0
1753682520000,194.3900,194.4600,194.0100,194.03,24367.23,1753682579999,4733003.777900,3227,7844.15,1523735.801400,0
1753682580000,194.0300,194.1600,193.9300,193.97,26069.98,1753682639999,5057757.231800,2857,7724.38,1498592.456300,0
1753682640000,193.9800,194.2100,193.9800,194.2,7096.56,1753682699999,1377506.370900,1123,5377.64,1043903.555600,0
1753682700000,194.2100,194.2300,194.1200,194.17,8762.25,1753682759999,1701425.598500,1283,5620.45,1091347.268500,0
1753682760000,194.1700,194.3100,194.1000,194.1,10388.20,1753682819999,2017752.976400,1541,6633.04,1288415.830600,0
1753682820000,194.1000,194.1400,194.0400,194.06,7371.45,1753682879999,1430699.837700,899,4905.69,952126.535300,0
1753682880000,194.0600,194.0700,193.8900,193.99,17138.38,1753682939999,3324561.949100,1667,8181.49,1587082.909600,0
1753682940000,193.9900,194.0900,193.9500,194.0,9930.49,1753682999999,1926726.255700,1208,5759.92,1117514.622700,0
1753683000000,194.0000,194.1300,193.9500,194.0,8605.76,1753683059999,1669735.383900,1176,5074.00,984522.739900,0
1753683060000,194.0000,194.0100,193.8800,193.95,12235.24,1753683119999,2372925.352600,1466,5499.63,1066602.770400,0
1753683120000,193.9600,194.1400,193.9600,194.04,5228.42,1753683179999,1014631.923000,1019,3544.40,687830.632400,0
1753683180000,194.0300,194.1900,193.9600,194.09,10416.79,1753683239999,2021021.612800,1273,7206.79,1398203.383800,0
1753683240000,194.0800,194.2800,194.0800,194.18,7864.29,1753683299999,1527223.920700,1115,5667.19,1100502.297900,0
1753683300000,194.1700,194.2700,194.0400,194.2,8852.26,1753683359999,1718640.651500,1396,4214.62,818266.980600,0
1753683360000,194.2000,194.3800,194.1900,194.34,7257.49,1753683419999,1410307.994300,1337,4218.19,819658.141600,0
1753683420000,194.3300,194.3500,194.0200,194.02,9580.95,1753683479999,1860524.615000,1612,5455.34,1059227.898000,0
1753683480000,194.0300,194.1500,193.9800,194.05,9961.45,1753683539999,1932884.679000,1226,4965.95,963628.329700,0
1753683540000,194.0600,194.0800,193.7800,193.83,21823.03,1753683599999,4231253.265400,2273,5247.34,1017334.313200,0
1753683600000,193.8300,193.9300,193.7900,193.87,14246.22,1753683659999,2761485.933200,1496,4951.18,959717.497000,0
1753683660000,193.8700,193.8700,193.5500,193.6,28361.76,1753683719999,5492907.254920,3247,8316.41,1610654.507000,0
1753683720000,193.5900,193.8600,193.5500,193.69,18863.51,1753683779999,3654012.309300,2435,9206.43,1783565.379300,0
1753683780000,193.6900,193.7700,193.5200,193.62,36981.10,1753683839999,7161635.682700,2685,7983.52,1546195.532800,0
1753683840000,193.6200,193.9700,193.5500,193.91,18449.18,1753683899999,3575094.634100,2242,12011.62,2328191.751300,0
1753683900000,193.9000,193.9300,193.7500,193.84,30434.98,1753683959999,5900083.064900,2405,6921.87,1341617.980400,0
1753683960000,193.8400,193.8800,193.7700,193.88,13952.62,1753684019999,2704344.456900,1052,8051.49,1560621.708200,0
1753684020000,193.8800,193.8800,193.7200,193.78,11923.47,1753684079999,2310601.169900,1255,3356.29,650371.034300,0
1753684080000,193.7700,193.7800,193.5800,193.58,7814.41,1753684139999,1513759.193600,1158,2867.89,555558.575300,0
1753684140000,193.5800,193.7000,193.5200,193.61,10358.71,1753684199999,2005654.697300,1226,5257.23,1017859.474900,0
1753684200000,193.6200,193.7400,193.5200,193.56,46269.89,1753684259999,8958000.744700,2747,27979.25,5416458.286100,0
1753684260000,193.5600,193.7500,193.5400,193.67,21141.55,1753684319999,4093926.083200,1750,15921.25,3082898.155900,0
1753684320000,193.6800,193.8000,193.6500,193.7,8058.98,1753684379999,1561161.348200,1183,3580.67,693624.433700,0
1753684380000,193.7000,193.8000,193.6900,193.78,5298.24,1753684439999,1026499.875700,852,2238.44,433660.900800,0
1753684440000,193.7700,193.9600,193.7700,193.9,5247.25,1753684499999,1017288.290900,973,3214.14,623089.923600,0
1753684500000,193.9000,193.9500,193.8500,193.85,5860.00,1753684559999,1136211.646300,880,1919.04,372094.478300,0
1753684560000,193.8400,193.8600,193.7100,193.85,5193.58,1753684619999,1006428.399300,1005,1772.57,343504.828800,0
1753684620000,193.8600,193.8900,193.6900,193.73,5335.44,1753684679999,1033930.652600,868,1781.83,345302.201300,0
1753684680000,193.7200,193.9700,193.6900,193.76,13424.07,1753684739999,2601083.339900,1418,5795.32,1123019.677400,0
1753684740000,193.7600,193.8700,193.7200,193.86,3519.89,1753684799999,682155.672500,585,2974.76,576509.342800,0
1753684800000,193.8600,193.9000,193.6800,193.7,6228.86,1753684859999,1207254.394300,1062,2153.42,417386.094900,0
1753684860000,193.7000,193.8100,193.6600,193.8,4558.32,1753684919999,882993.697600,844,3290.35,637357.474000,0
1753684920000,193.8000,193.8900,193.6800,193.76,9080.69,1753684979999,1759633.132900,1269,5143.14,996587.610300,0
1753684980000,193.7500,193.9000,193.7200,193.86,11817.85,1753685039999,2290668.353400,1091,5485.90,1063189.461100,0
1753685040000,193.8700,193.9100,193.7600,193.78,12695.45,1753685099999,2460949.978300,1098,2602.91,504589.463300,0
1753685100000,193.7700,193.8600,193.6700,193.76,7944.34,1753685159999,1539288.027300,1790,4748.28,919977.063200,0
1753685160000,193.7700,193.9200,193.7600,193.92,8456.48,1753685219999,1639214.288200,1245,4382.05,849437.860700,0
1753685220000,193.9200,194.1700,193.9000,194.17,9159.32,1753685279999,1777077.558700,1210,6337.63,1229581.670000,0
1753685280000,194.1700,194.2600,194.0200,194.03,13849.86,1753685339999,2688816.995300,1497,5487.19,1065277.314600,0
1753685340000,194.0200,194.0600,193.9500,194.0,10667.26,1753685399999,2069410.449500,1152,6873.75,1333481.118100,0
1753685400000,194.0100,194.1400,193.9800,194.13,8192.30,1753685459999,1589965.484300,1029,3803.08,738109.849300,0
1753685460000,194.1400,194.1400,194.0000,194.11,6405.30,1753685519999,1243152.823800,854,2715.61,527021.346500,0
1753685520000,194.1000,194.1100,193.9800,194.1,4720.90,1753685579999,916026.959400,936,1816.51,352460.964300,0
1753685580000,194.1000,194.2800,194.0000,194.03,8520.85,1753685639999,1653918.789500,1383,2814.44,546301.876700,0
1753685640000,194.0300,194.0900,193.9200,193.92,6540.07,1753685699999,1268861.738200,756,1744.64,338533.945300,0
1753685700000,193.9200,193.9900,193.8400,193.92,4667.29,1753685759999,904982.564800,958,2446.41,474363.334400,0
1753685760000,193.9300,193.9800,193.8600,193.93,3949.58,1753685819999,765935.875600,734,2324.71,450801.752700,0
1753685820000,193.9300,194.0400,193.8700,194.04,7805.60,1753685879999,1514107.438700,1103,5926.95,1149696.404000,0
1753685880000,194.0400,194.0800,194.0200,194.06,4153.01,1753685939999,805887.161000,647,3033.10,588569.788100,0
1753685940000,194.0600,194.0600,193.9400,193.97,2789.82,1753685999999,541191.632800,579,1089.22,211280.544100,0
1753686000000,193.9800,194.0200,193.8300,194.01,10147.49,1753686059999,1967834.044100,1413,4577.56,887733.184900,0
1753686060000,194.0100,194.0600,193.9700,194.03,5621.88,1753686119999,1090726.948400,1113,3911.37,758862.357900,0
1753686120000,194.0200,194.0300,193.6500,193.66,9648.06,1753686179999,1869551.334100,1455,2849.10,552052.473500,0
1753686180000,193.6700,193.6700,193.1100,193.15,47752.59,1753686239999,9232141.854900,4781,12268.43,2371074.508800,0
1753686240000,193.1500,193.3000,193.0600,193.18,22810.86,1753686299999,4406685.260900,2123,11883.27,2295892.403000,0
1753686300000,193.1700,193.2100,192.8600,192.88,35920.64,1753686359999,6932445.561500,3462,8955.70,1728591.907800,0
1753686360000,192.8800,192.9900,192.6600,192.77,42486.16,1753686419999,8191085.395000,3615,12481.38,2406511.697800,0
1753686420000,192.7700,192.7800,192.4200,192.56,46482.83,1753686479999,8954199.438700,3667,15498.45,2985263.918100,0
1753686480000,192.5600,192.6900,192.3200,192.33,53229.59,1753686539999,10245553.694000,3940,17967.96,3458596.040800,0
1753686540000,192.3300,192.4000,192.0000,192.39,75115.86,1753686599999,14438844.588820,5808,27187.99,5226503.874200,0
1753686600000,192.4000,192.5800,192.3900,192.57,36767.68,1753686659999,7077078.369700,2543,24869.87,4786916.483000,0
1753686660000,192.5600,192.5800,192.1700,192.21,37181.41,1753686719999,7151650.410400,3080,15111.44,2906068.408700,0
1753686720000,192.2200,192.3600,192.1700,192.24,18086.13,1753686779999,3477332.478400,2102,7957.05,1529758.645300,0
1753686780000,192.2500,192.4300,192.2300,192.4,19990.36,1753686839999,3844516.758900,1773,9856.49,1895762.514600,0
1753686840000,192.4100,192.4400,191.8300,192.06,69689.85,1753686899999,13384324.806600,5080,30205.78,5801775.399600,0
1753686900000,192.0700,192.3900,192.0700,192.27,27208.77,1753686959999,5229229.214300,3167,18674.70,3588708.157300,0
1753686960000,192.2600,192.2900,191.8700,191.9,18766.23,1753687019999,3604131.871200,2028,4512.64,866904.207700,0
1753687020000,191.9000,191.9500,191.7000,191.76,53826.53,1753687079999,10323552.851000,6714,16703.03,3203695.923900,0
1753687080000,191.7700,191.8400,191.6300,191.74,33521.11,1753687139999,6427377.151600,6246,11963.36,2293827.971700,0
1753687140000,191.7500,191.9200,191.5600,191.88,31914.25,1753687199999,6118945.766300,3080,15599.25,2991110.649300,0
1753687200000,191.8800,192.1400,191.8100,192.11,16095.70,1753687259999,3090571.956200,2008,11129.92,2137146.809600,0
1753687260000,192.1100,192.5400,192.1000,192.24,44508.54,1753687319999,8562296.720900,3842,28689.99,5519262.955200,0
1753687320000,192.2400,192.5700,192.1600,192.51,25410.51,1753687379999,4889231.606400,2379,21170.78,4073483.137400,0
1753687380000,192.5100,192.7200,192.5100,192.59,16011.64,1753687439999,3084366.229400,2063,12309.01,2371089.420100,0
1753687440000,192.5800,192.6000,192.4700,192.49,11618.05,1753687499999,2236788.175300,1510,6321.96,1217140.669600,0
1753687500000,192.4900,192.5400,192.4000,192.54,9995.15,1753687559999,1923758.730300,1416,7308.79,1406728.599100,0
1753687560000,192.5500,192.7000,192.5500,192.68,12842.43,1753687619999,2473502.564800,1384,9385.28,1807660.672900,0
1753687620000,192.6800,192.7700,192.5700,192.66,15253.31,1753687679999,2939305.353000,1853,10178.25,1961458.336200,0
1753687680000,192.6700,192.7700,192.6600,192.75,8120.61,1753687739999,1564904.498300,1412,4644.78,895112.743500,0
1753687740000,192.7500,192.7700,192.5800,192.59,6793.78,1753687799999,1309091.646900,1409,4315.49,831610.211900,0
1753687800000,192.5800,192.5800,192.2100,192.25,25285.38,1753687859999,4864606.810200,2364,12681.48,2440099.343300,0
1753687860000,192.2400,192.4200,192.1100,192.17,17788.85,1753687919999,3419835.338500,2277,9837.20,1891219.526100,0
1753687920000,192.1800,192.4200,192.1100,192.11,9558.00,1753687979999,1837696.681400,1664,5036.99,968435.259300,0
1753687980000,192.1000,192.2000,191.9500,192.2,24889.94,1753688039999,4780027.273500,2432,10789.90,2072405.506100,0
1753688040000,192.1900,192.2400,192.0700,192.22,11493.41,1753688099999,2208794.776900,1869,8397.82,1613930.578400,0
1753688100000,192.2200,192.4400,192.1800,192.18,16581.96,1753688159999,3188677.267800,2669,11982.21,2304256.032500,0
1753688160000,192.1900,192.2200,192.0300,192.07,10438.87,1753688219999,2005978.705000,1319,8354.50,1605487.601100,0
1753688220000,192.0800,192.1700,191.9700,192.0,11054.27,1753688279999,2122911.625700,1495,4622.30,887766.887600,0
1753688280000,191.9900,191.9900,191.8300,191.83,8852.43,1753688339999,1698878.469100,1385,3407.17,653922.611700,0
1753688340000,191.8300,192.0900,191.8300,191.92,8072.93,1753688399999,1549693.951100,1401,5126.50,984081.947800,0
1753688400000,191.9100,192.2200,191.8800,192.22,10292.49,1753688459999,1977383.827000,1380,8010.64,1539031.763100,0
1753688460000,192.2100,192.2200,192.0700,192.12,13002.49,1753688519999,2498309.174100,1488,3042.68,584681.546700,0
1753688520000,192.1200,192.1200,191.9400,191.94,11355.19,1753688579999,2180428.505800,1108,7305.89,1402788.780500,0
1753688580000,191.9400,192.1300,191.9300,192.1,5842.22,1753688639999,1121993.670800,1031,2925.50,561789.938300,0
1753688640000,192.1000,192.1400,191.9100,191.95,3753.05,1753688699999,720689.874700,837,2409.89,462819.696600,0
1753688700000,191.9500,192.0800,191.9500,192.08,3143.50,1753688759999,603585.318800,1343,2142.27,411333.226900,0
1753688760000,192.0700,192.0800,191.9300,191.99,4229.83,1753688819999,812168.842100,990,1983.81,380910.426600,0
1753688820000,191.9900,192.0600,191.9300,192.04,3604.12,1753688879999,692005.448000,724,2483.55,476847.158800,0
1753688880000,192.0500,192.1400,192.0400,192.14,3532.86,1753688939999,678645.272100,770,2533.80,486737.323300,0
1753688940000,192.1300,192.2700,192.1100,192.22,13435.95,1753688999999,2582188.253000,1459,11001.37,2114236.778600,0
1753689000000,192.2100,192.2500,192.0000,192.15,27121.17,1753689059999,5211905.276700,1291,4101.68,787878.151600,0
1753689060000,192.1500,192.2200,191.9100,191.92,7338.47,1753689119999,1409672.407000,1307,1436.00,275940.054500,0
1753689120000,191.9200,192.2000,191.9000,192.19,8209.83,1753689179999,1576319.803200,991,6102.48,1171820.648500,0
1753689180000,192.1900,192.2000,192.1200,192.19,2548.34,1753689239999,489702.338900,760,1239.55,238193.834900,0
1753689240000,192.2000,192.3700,192.1900,192.36,5211.57,1753689299999,1002148.009200,974,2574.23,494994.512700,0
1753689300000,192.3500,192.3600,192.2500,192.28,3971.69,1753689359999,763822.744100,570,2359.91,453874.124800,0
1753689360000,192.2700,192.3700,192.2300,192.35,4059.80,1753689419999,780756.839500,710,2479.72,476870.642300,0
1753689420000,192.3400,192.3600,192.2800,192.28,5606.46,1753689479999,1078245.403600,590,5063.97,973915.286600,0
1753689480000,192.2800,192.3900,192.2800,192.34,5638.66,1753689539999,1084634.384200,712,3218.74,619137.615300,0
1753689540000,192.3400,192.3500,192.2800,192.29,3725.40,1753689599999,716437.689900,530,1273.67,244939.733800,0
1753689600000,192.2900,192.2900,192.1100,192.11,12359.20,1753689659999,2375429.674600,1489,3967.22,762470.947300,0
1753689660000,192.1100,192.1800,192.0500,192.06,4370.96,1753689719999,839775.749500,778,1484.84,285259.367300,0
1753689720000,192.0600,192.1500,191.9700,192.08,5272.34,1753689779999,1012657.375200,1222,2574.12,494436.075000,0
1753689780000,192.0900,192.1600,191.9700,192.09,3060.16,1753689839999,587759.288400,825,1461.64,280731.092400,0
1753689840000,192.0900,192.3000,192.0700,192.21,4629.75,1753689899999,889780.315000,1129,3163.63,607955.363700,0
1753689900000,192.2200,192.6800,192.1900,192.59,12675.68,1753689959999,2439986.855000,2125,8184.26,1575430.474100,0
1753689960000,192.5900,192.6300,192.4300,192.57,11791.01,1753690019999,2270352.378900,1536,6699.78,1290156.534100,0
1753690020000,192.5700,192.7100,192.5700,192.69,7700.48,1753690079999,1483503.125300,1021,5576.07,1074202.619600,0
1753690080000,192.6900,192.7800,192.6500,192.77,10228.15,1753690139999,1971343.692700,1275,6827.94,1315986.641900,0
1753690140000,192.7700,192.7700,192.4300,192.43,19019.52,1753690199999,3662831.199100,1921,8043.16,1548521.783700,0
1753690200000,192.4200,192.4200,192.1400,192.15,6496.38,1753690259999,1248853.708600,1213,1554.48,298871.733800,0
1753690260000,192.1500,192.2700,192.0500,192.12,6576.29,1753690319999,1263657.046200,1288,4304.42,827163.150700,0
1753690320000,192.1100,192.2800,192.0700,192.13,7422.54,1753690379999,1426422.961000,1248,3712.05,713379.926800,0
1753690380000,192.1200,192.1400,191.9600,192.08,12038.72,1753690439999,2311856.075600,1538,8129.05,1561047.844600,0
1753690440000,192.0800,192.1800,192.0200,192.07,12142.62,1753690499999,2332347.202200,1711,2839.90,545552.168000,0
1753690500000,192.0800,192.1900,192.0800,192.18,7696.77,1753690559999,1478832.455100,1487,3802.41,730569.756800,0
1753690560000,192.1800,192.1800,191.7700,191.81,36144.09,1753690619999,6936068.031500,2604,5973.14,1146151.807400,0
1753690620000,191.8000,191.9000,191.7100,191.79,10843.80,1753690679999,2079680.722400,1646,2419.56,464091.189700,0
1753690680000,191.8000,192.0600,191.7900,191.9,7154.17,1753690739999,1373328.547600,1294,5385.67,1033850.030000,0
1753690740000,191.9000,191.9000,191.7300,191.73,5357.78,1753690799999,1027773.827700,1129,2461.42,472164.772700,0
1753690800000,191.7400,191.7700,191.5300,191.77,22094.98,1753690859999,4233772.489200,2412,5235.96,1003329.650300,0
1753690860000,191.7800,191.9400,191.7100,191.91,9010.05,1753690919999,1728139.416000,1883,6153.19,1180268.860200,0
1753690920000,191.9200,192.2400,191.9100,192.21,9293.92,1753690979999,1785670.487300,1939,4979.85,956728.361400,0
1753690980000,192.2100,192.4500,192.2100,192.33,9604.02,1753691039999,1847136.560200,1555,6066.86,1166755.537600,0
1753691040000,192.3400,192.3400,192.2000,192.25,8409.23,1753691099999,1616808.405900,1096,3656.64,703003.372300,0
1753691100000,192.2500,192.4500,192.1000,192.1,17522.98,1753691159999,3369420.424800,2000,11143.99,2143353.036600,0
1753691160000,192.1100,192.1100,191.9200,192.02,4924.52,1753691219999,945586.742600,1132,2643.62,507596.108700,0
1753691220000,192.0200,192.1600,192.0100,192.12,3344.57,1753691279999,642459.554400,946,2531.14,486202.197700,0
1753691280000,192.1200,192.1400,192.0400,192.08,6493.51,1753691339999,1247429.442700,1032,3329.16,639535.165600,0
1753691340000,192.0900,192.1800,192.0800,192.15,3609.78,1753691399999,693602.524200,799,2735.71,525642.806200,0
1753691400000,192.1600,192.2100,192.0300,192.09,7094.69,1753691459999,1363092.400700,1166,2894.48,556192.479200,0
1753691460000,192.0800,192.1200,191.8800,191.91,11058.53,1753691519999,2123223.653600,1242,2485.37,477298.644400,0
1753691520000,191.9100,191.9800,191.7100,191.81,10541.64,1753691579999,2021915.989700,1813,3462.25,664072.836500,0
1753691580000,191.8100,191.8100,191.3900,191.51,38987.98,1753691639999,7467563.766800,3329,17582.98,3367970.586400,0
1753691640000,191.5000,191.5300,191.2000,191.35,29663.05,1753691699999,5675801.151300,3334,11001.75,2105278.931300,0
1753691700000,191.3500,191.5900,191.3400,191.5,13515.89,1753691759999,2587749.295000,1890,8227.54,1575229.091700,0
1753691760000,191.5000,191.7000,191.4400,191.7,4098.65,1753691819999,785162.704300,1159,2466.87,472621.241800,0
1753691820000,191.7100,191.7500,191.6000,191.66,4012.67,1753691879999,769057.217500,1208,1724.96,330597.413300,0
1753691880000,191.6600,191.7500,191.6100,191.74,3359.58,1753691939999,644008.262200,726,2501.54,479537.706000,0
1753691940000,191.7500,191.8200,191.6700,191.72,5387.65,1753691999999,1033061.811300,1342,3120.58,598354.756800,0
1753692000000,191.7200,191.7700,191.6300,191.72,7300.86,1753692059999,1399531.683200,1403,2780.42,533010.489900,0
1753692060000,191.7200,191.7300,191.6600,191.68,7046.52,1753692119999,1350791.397700,904,5756.36,1103471.269900,0
1753692120000,191.6900,191.7000,191.6100,191.63,4511.09,1753692179999,864471.215600,906,2720.03,521243.013400,0
1753692180000,191.6300,191.6900,191.5900,191.63,3146.42,1753692239999,602943.472700,922,1335.97,256008.697800,0
1753692240000,191.6200,191.8300,191.5800,191.82,14263.48,1753692299999,2734145.911000,1546,8650.76,1658269.304200,0
1753692300000,191.8300,192.0400,191.7700,191.98,10440.32,1753692359999,2004098.790000,1835,7861.74,1509194.934100,0
1753692360000,191.9700,191.9700,191.8400,191.92,10327.13,1753692419999,1981739.717600,1138,3763.75,722186.463000,0
1753692420000,191.9200,191.9500,191.7000,191.9,6182.12,1753692479999,1186030.909200,1178,3848.72,738333.405300,0
1753692480000,191.9000,191.9400,191.7900,191.82,2512.27,1753692539999,481946.479900,826,1179.70,226315.736600,0
1753692540000,191.8300,191.9200,191.7700,191.78,2207.75,1753692599999,423527.560400,904,697.69,133850.189600,0
1753692600000,191.7700,191.8100,191.6000,191.67,6830.94,1753692659999,1309476.764300,1142,2602.09,498793.715400,0
1753692660000,191.6700,191.8900,191.6700,191.88,3866.38,1753692719999,741347.099100,777,2481.64,475831.785500,0
1753692720000,191.8900,191.9700,191.8400,191.84,5400.75,1753692779999,1036458.360700,923,1807.34,346831.402500,0
1753692780000,191.8400,191.9600,191.8300,191.95,4142.81,1753692839999,794851.091000,1099,2095.72,402087.913000,0
1753692840000,191.9600,192.1100,191.8700,192.11,37755.45,1753692899999,7247783.129800,2431,17942.16,3444620.891300,0
1753692900000,192.1200,192.2300,192.0900,192.23,7544.48,1753692959999,1449863.523900,1308,5620.48,1080125.753100,0
1753692960000,192.2300,192.4100,192.2200,192.4,12462.62,1753693019999,2396293.324500,1564,9538.45,1834040.279000,0
1753693020000,192.4100,192.6800,192.4100,192.67,29298.73,1753693079999,5641998.408700,2912,19540.79,3762587.414200,0
1753693080000,192.6700,192.6700,192.5900,192.6,10195.99,1753693139999,1964001.463400,1054,4830.88,930537.699300,0
1753693140000,192.6000,192.6000,192.5300,192.54,12865.27,1753693199999,2477150.096500,872,8461.64,1629226.880300,0
1753693200000,192.5300,192.6900,192.4900,192.61,17261.52,1753693259999,3324130.321400,1982,6203.58,1194783.587300,0
1753693260000,192.6200,192.7200,192.4200,192.63,11913.18,1753693319999,2293923.120600,1721,5313.29,1023233.510400,0
1753693320000,192.6300,192.6400,192.4700,192.47,5985.30,1753693379999,1152580.130000,850,3643.66,701706.207200,0
1753693380000,192.4700,192.6700,192.4400,192.44,11256.82,1753693439999,2167523.234000,1231,5986.21,1152629.860400,0
1753693440000,192.4400,192.6600,192.3800,192.64,12786.86,1753693499999,2460901.086800,1378,8094.77,1557956.381100,0
1753693500000,192.6500,192.8000,192.6300,192.65,14346.77,1753693559999,2764947.743600,1944,9814.59,1891514.384600,0
1753693560000,192.6400,192.8000,192.6000,192.7,9800.22,1753693619999,1888601.348200,1467,4065.73,783464.140200,0
1753693620000,192.7100,192.7300,192.4800,192.55,4736.56,1753693679999,912126.661500,1353,2506.12,482583.710400,0
1753693680000,192.5600,192.5700,192.3900,192.49,4907.79,1753693739999,944738.205000,1103,2719.59,523486.910900,0
1753693740000,192.5000,192.5000,192.3900,192.39,4679.56,1753693799999,900623.407500,1041,2435.83,468785.892600,0
1753693800000,192.3900,192.5300,192.3000,192.31,13370.14,1753693859999,2572859.674200,1353,4928.25,948590.423300,0
1753693860000,192.3000,192.4500,192.2400,192.44,4832.67,1753693919999,929233.961600,1249,2324.89,447039.439500,0
1753693920000,192.4500,192.4800,192.3600,192.47,2488.97,1753693979999,478932.790500,911,1525.04,293441.901100,0
1753693980000,192.4800,192.5300,192.3300,192.34,8967.20,1753694039999,1725277.540800,1068,3581.74,689188.935300,0
1753694040000,192.3400,192.3500,192.2500,192.26,3641.24,1753694099999,700185.962800,815,896.73,172447.954900,0
1753694100000,192.2500,192.2800,192.1200,192.28,6431.02,1753694159999,1235907.083800,1431,1967.18,378049.774600,0
1753694160000,192.2700,192.5500,192.2400,192.41,5230.73,1753694219999,1006404.031900,1524,2526.28,486052.765700,0
1753694220000,192.4200,192.5000,192.3500,192.36,2976.44,1753694279999,572760.213300,996,1877.26,361262.507700,0
1753694280000,192.3500,192.4200,192.3000,192.38,3493.40,1753694339999,671939.523700,990,1196.75,230194.272700,0
1753694340000,192.3800,192.6600,192.3800,192.65,4907.92,1753694399999,944859.974700,1149,3671.84,706895.806800,0
1753694400000,192.6600,192.7900,192.5700,192.65,13552.57,1753694459999,2611420.517800,1616,5228.07,1007406.252100,0
1753694460000,192.6600,192.7700,192.5700,192.59,8602.77,1753694519999,1657671.185100,1125,4098.44,789704.770000,0
1753694520000,192.6000,192.7200,192.5900,192.68,7058.93,1753694579999,1359966.939200,1076,3221.03,620536.652900,0
1753694580000,192.6800,192.7200,192.5700,192.59,5184.12,1753694639999,998699.101600,864,3742.65,721019.147400,0
1753694640000,192.6000,192.6000,192.3000,192.42,7133.79,1753694699999,1372733.118100,1129,1980.35,381049.875200,0
1753694700000,192.4200,192.5800,192.3700,192.51,2720.06,1753694759999,523490.376600,933,1578.24,303745.950600,0
1753694760000,192.5200,192.5800,192.5000,192.55,2526.14,1753694819999,486357.295100,588,1091.10,210066.826700,0
1753694820000,192.5500,192.6100,192.5100,192.51,5194.26,1753694879999,1000127.869200,951,2190.82,421834.239000,0
1753694880000,192.5100,192.5200,192.3500,192.35,5178.58,1753694939999,996552.819100,1171,1342.86,258421.740700,0
1753694940000,192.3600,192.4400,192.2600,192.43,3319.33,1753694999999,638402.942300,927,1482.45,285146.495400,0
1753695000000,192.4400,192.4600,192.3000,192.31,9458.69,1753695059999,1819777.926600,1167,1011.66,194625.005500,0
1753695060000,192.3000,192.4800,192.2500,192.32,6308.53,1753695119999,1213538.498300,903,2161.29,415728.340400,0
1753695120000,192.3300,192.4900,192.2700,192.4,3691.77,1753695179999,710209.092700,867,2025.14,389603.442200,0
1753695180000,192.4100,192.5200,192.3800,192.43,6699.00,1753695239999,1289386.881000,1218,4368.86,840863.910300,0
1753695240000,192.4400,192.5200,192.4100,192.41,3900.36,1753695299999,750665.183900,773,2497.40,480643.541400,0
1753695300000,192.4100,192.5200,192.4000,192.49,2877.52,1753695359999,553784.666500,790,1336.85,257276.063300,0
1753695360000,192.4900,192.6000,192.4600,192.53,2848.32,1753695419999,548348.458300,884,2260.62,435206.398100,0
1753695420000,192.5300,192.7100,192.4500,192.66,5995.43,1753695479999,1154768.213600,1116,4093.31,788455.994800,0
1753695480000,192.6700,192.6700,192.4200,192.49,5889.48,1753695539999,1134132.423000,1013,2021.72,389233.046400,0
1753695540000,192.5000,192.5600,192.3400,192.35,22762.41,1753695599999,4380225.060200,1833,5414.34,1041993.704300,0
1753695600000,192.3400,192.3400,192.0000,192.04,15855.55,1753695659999,3046236.744300,2309,4029.51,774149.372700,0
1753695660000,192.0500,192.1700,191.7500,192.11,20239.77,1753695719999,3885002.723400,2721,6645.78,1275866.042700,0
1753695720000,192.1100,192.2800,192.0200,192.23,5216.14,1753695779999,1002257.921000,1197,2894.09,556100.285400,0
1753695780000,192.2300,192.4700,192.2000,192.43,6664.13,1753695839999,1281929.887200,1328,3906.56,751475.910100,0
1753695840000,192.4200,192.4400,192.2300,192.24,5403.25,1753695899999,1039322.533700,1092,3172.06,610180.848800,0
1753695900000,192.2500,192.4000,192.1500,192.27,16177.30,1753695959999,3110107.925700,1760,7407.86,1424450.479100,0
1753695960000,192.2800,192.4600,192.2700,192.34,4608.94,1753696019999,886463.160300,708,3739.25,719154.656500,0
1753696020000,192.3300,192.6300,192.3300,192.58,6980.34,1753696079999,1343917.151700,1363,4617.93,889054.333200,0
1753696080000,192.5700,192.5700,192.4000,192.46,3347.28,1753696139999,644245.354700,867,1769.55,340570.865200,0
1753696140000,192.4500,192.6400,192.3300,192.64,3849.49,1753696199999,740923.569400,932,1756.25,338089.335900,0
1753696200000,192.6400,192.6800,192.4700,192.62,6753.80,1753696259999,1300801.449500,1583,3928.79,756721.194800,0
1753696260000,192.6200,193.0400,192.6100,193.04,19803.73,1753696319999,3819504.832700,2903,15529.61,2995222.125100,0
1753696320000,193.0400,193.1900,193.0000,193.19,23989.54,1753696379999,4632524.159900,2383,11493.41,2219376.552300,0
1753696380000,193.1900,193.3100,193.1200,193.13,47163.00,1753696439999,9112975.614600,2350,14453.37,2792850.633400,0
1753696440000,193.1200,193.2700,193.0300,193.25,9227.25,1753696499999,1782112.777600,1080,6482.57,1252031.063200,0
1753696500000,193.2500,193.3000,193.1600,193.21,13255.06,1753696559999,2561404.491700,1364,6996.78,1351974.502700,0
1753696560000,193.2200,193.2200,193.1000,193.21,9986.11,1753696619999,1928927.503100,1181,7279.92,1406201.896300,0
1753696620000,193.2100,193.2400,192.9600,192.99,9788.10,1753696679999,1890358.251600,1234,4929.99,952349.023000,0
1753696680000,192.9800,193.0800,192.8800,193.05,4455.68,1753696739999,859869.018200,1116,1974.97,381151.618300,0
1753696740000,193.0600,193.1600,193.0300,193.09,15704.76,1753696799999,3032554.243100,861,3607.32,696530.451300,0
1753696800000,193.0900,193.2500,193.0900,193.16,7988.36,1753696859999,1543173.172100,1766,5657.45,1092878.361700,0
1753696860000,193.1700,193.2400,193.1000,193.11,6482.76,1753696919999,1252241.159400,1185,2713.19,524101.693900,0
1753696920000,193.1000,193.1100,192.9200,193.03,10498.43,1753696979999,2026361.736100,1241,4794.28,925321.688700,0
1753696980000,193.0200,193.2300,193.0000,193.2,6800.56,1753697039999,1313351.650000,1308,3677.88,710199.589300,0
1753697040000,193.2100,193.2500,193.0400,193.05,7088.20,1753697099999,1368823.474400,1074,3244.49,626566.863100,0
1753697100000,193.0500,193.1900,193.0200,193.04,6308.43,1753697159999,1218086.098000,1143,3852.02,743790.059900,0
1753697160000,193.0400,193.0500,192.7600,192.76,10445.16,1753697219999,2014690.542500,1499,2647.10,510622.295300,0
1753697220000,192.7700,192.8600,192.7100,192.81,8122.81,1753697279999,1565910.418300,1031,4414.03,851015.159300,0
1753697280000,192.8100,192.9000,192.6800,192.84,6521.91,1753697339999,1257265.067300,1171,2362.51,455464.850700,0
1753697340000,192.8400,192.9400,192.4900,192.65,27669.32,1753697399999,5329864.373200,2244,2531.66,488058.716800,0
1753697400000,192.6400,192.6800,192.5600,192.67,9773.22,1753697459999,1882412.816800,1354,6601.99,1271631.005400,0
1753697460000,192.6600,192.7700,192.6100,192.61,5218.10,1753697519999,1005509.164200,1171,1971.91,380008.553300,0
1753697520000,192.6100,192.6700,192.5100,192.66,9965.39,1753697579999,1919205.402400,1308,5268.91,1014817.186900,0
1753697580000,192.6500,192.6800,192.3800,192.47,8412.74,1753697639999,1619306.038000,1268,2770.85,533381.544000,0
1753697640000,192.4700,192.4700,192.3500,192.35,7454.14,1753697699999,1434141.518700,1105,2977.00,572748.338600,0
1753697700000,192.3500,192.4000,192.2000,192.35,11255.33,1753697759999,2164467.057100,2181,6163.79,1185390.285300,0
1753697760000,192.3500,192.5600,192.3100,192.53,4026.41,1753697819999,774790.268700,1162,2315.98,445627.213600,0
1753697820000,192.5300,192.6400,192.4900,192.59,3639.80,1753697879999,700956.590500,914,1973.99,380144.702000,0
1753697880000,192.6000,192.7500,192.6000,192.62,13543.95,1753697939999,2609219.592700,1545,4019.58,774432.292100,0
1753697940000,192.6100,192.7000,192.5500,192.68,1591.33,1753697999999,306527.538400,780,921.72,177545.167100,0
1753698000000,192.6800,192.8200,192.6300,192.69,5190.01,1753698059999,1000258.340200,1150,3945.88,760450.382400,0
1753698060000,192.6800,192.7200,192.6000,192.7,3106.22,1753698119999,598407.863200,818,1297.58,250007.500500,0
1753698120000,192.7100,192.9000,192.7100,192.85,4734.65,1753698179999,912965.896900,982,2796.31,539190.511100,0
1753698180000,192.8500,193.0700,192.8300,192.99,5637.49,1753698239999,1087790.848700,1157,3887.92,750149.267400,0
1753698240000,193.0000,193.0200,192.9200,192.99,17374.42,1753698299999,3352692.434000,1341,11504.68,2219952.897300,0
1753698300000,192.9900,193.0400,192.9000,192.92,9626.36,1753698359999,1857864.333200,1185,7389.42,1426173.537000,0
1753698360000,192.9200,192.9300,192.7900,192.85,3648.00,1753698419999,703552.862500,852,1909.48,368241.074000,0
1753698420000,192.8500,192.8900,192.7600,192.81,7225.73,1753698479999,1393070.061300,910,2298.54,443157.286200,0
1753698480000,192.8200,193.0500,192.8100,193.0,13815.87,1753698539999,2666109.333200,1184,11329.55,2186238.509800,0
1753698540000,193.0000,193.0500,192.9300,192.93,3042.77,1753698599999,587248.006600,664,1352.83,261092.448000,0
1753698600000,192.9400,192.9400,192.6600,192.66,5042.27,1753698659999,972119.125400,1067,2512.98,484511.139400,0
1753698660000,192.6600,192.7600,192.5000,192.5,5754.25,1753698719999,1108344.373700,1332,2604.14,501687.500900,0
1753698720000,192.5000,192.5100,192.1600,192.21,15694.36,1753698779999,3017831.071500,2476,5462.33,1050225.688000,0
1753698780000,192.2000,192.4600,192.2000,192.42,5104.40,1753698839999,981912.618000,1248,2582.95,496800.554000,0
1753698840000,192.4100,192.5000,192.3100,192.4,4678.77,1753698899999,900106.827500,1200,2779.46,534713.251200,0
1753698900000,192.4000,192.5100,192.2900,192.35,4390.86,1753698959999,844718.554500,1213,2908.36,559543.114300,0
1753698960000,192.3600,192.4100,192.0500,192.05,7647.82,1753699019999,1469823.899500,1580,1641.89,315585.333000,0
1753699020000,192.0500,192.1400,191.9300,191.99,11824.69,1753699079999,2270399.254700,1694,4335.64,832522.682000,0
1753699080000,191.9900,192.0100,191.9200,191.97,13433.25,1753699139999,2578639.553300,1323,4569.65,877173.604900,0
1753699140000,191.9800,192.0300,191.8200,191.99,13772.66,1753699199999,2643457.950300,1740,5212.04,1000507.325700,0
1753699200000,191.9800,192.0000,191.8700,191.87,4743.54,1753699259999,910428.255600,1047,1865.23,357992.807900,0
1753699260000,191.8700,191.8800,191.7700,191.8,7750.24,1753699319999,1486626.800300,1193,2852.24,547127.192400,0
1753699320000,191.8000,191.8300,191.7200,191.82,10346.95,1753699379999,1984344.039400,1368,3763.00,721652.328300,0
1753699380000,191.8100,191.8200,191.6900,191.7,14419.30,1753699439999,2764558.533400,1314,8145.18,1561664.197500,0
1753699440000,191.7000,191.8500,191.6400,191.84,20071.96,1753699499999,3848484.170300,1814,8762.62,1680254.394800,0
1753699500000,191.8500,191.8700,191.7000,191.77,10247.93,1753699559999,1965393.007300,1922,6454.20,1237842.839100,0
1753699560000,191.7600,191.9400,191.7300,191.94,7116.26,1753699619999,1365137.936800,1030,4689.24,899535.434600,0
1753699620000,191.9400,192.0000,191.8700,191.98,9740.68,1753699679999,1869595.544200,1019,7087.87,1360460.336400,0
1753699680000,191.9800,192.1100,191.8500,192.11,29315.78,1753699739999,5628025.985400,1768,16002.27,3072087.710700,0
1753699740000,192.1100,192.4000,192.0800,192.19,36292.74,1753699799999,6977108.236500,2598,24056.57,4624533.804400,0
1753699800000,192.1900,192.2800,192.1400,192.14,5824.14,1753699859999,1119584.274200,947,3009.32,578503.281400,0
1753699860000,192.1400,192.1500,192.0500,192.08,6124.01,1753699919999,1176366.790700,938,1509.07,289903.826400,0
1753699920000,192.0800,192.2400,192.0200,192.23,5368.75,1753699979999,1031237.580700,913,3176.68,610207.137000,0
1753699980000,192.2200,192.2900,192.0800,192.29,2482.95,1753700039999,477161.749600,841,1623.49,312001.388600,0
1753700040000,192.3000,192.3500,192.1500,192.15,6945.40,1753700099999,1335511.480000,1000,4370.22,840454.068300,0
1753700100000,192.1500,192.1600,191.9800,192.08,4344.26,1753700159999,834292.563500,918,1869.28,358977.753000,0
1753700160000,192.0800,192.1400,192.0000,192.01,2961.55,1753700219999,568826.326000,781,1645.86,316121.909200,0
1753700220000,192.0000,192.0400,191.9300,191.95,3217.06,1753700279999,617570.950600,566,1389.86,266799.786500,0
1753700280000,191.9500,192.1400,191.8900,192.13,5210.89,1753700339999,1000596.798500,1025,3038.56,583613.796600,0
1753700340000,192.1200,192.2500,192.0400,192.24,5579.89,1753700399999,1072290.008700,1180,3333.97,640694.615300,0
1753700400000,192.2400,192.2600,192.0000,192.01,3993.09,1753700459999,767021.806800,1296,1336.15,256682.914600,0
1753700460000,192.0000,192.2400,192.0000,192.21,2484.20,1753700519999,477335.086000,1162,1284.72,246858.087600,0
1753700520000,192.2100,192.2100,192.0800,192.08,2819.04,1753700579999,541629.501100,1040,1588.22,305144.986900,0
1753700580000,192.0700,192.2200,192.0500,192.21,5283.45,1753700639999,1015046.148500,992,3821.85,734201.376100,0
1753700640000,192.2100,192.2800,192.1200,192.14,3793.32,1753700699999,728974.095900,1105,2514.48,483221.102900,0
1753700700000,192.1400,192.1400,191.8800,191.94,10641.87,1753700759999,2042964.162400,1409,5138.63,986308.937800,0
1753700760000,191.9500,192.0800,191.9400,192.03,6013.54,1753700819999,1154637.842800,1053,4310.52,827618.594000,0
1753700820000,192.0300,192.1500,191.9700,191.98,7123.00,1753700879999,1368031.865600,1164,3380.99,649310.550300,0
1753700880000,191.9800,192.0100,191.8100,191.81,5627.74,1753700939999,1080002.840500,816,1218.80,233946.604400,0
1753700940000,191.8100,191.8800,191.7000,191.76,8902.82,1753700999999,1707312.834000,1367,2011.21,385768.681200,0
1753701000000,191.7600,191.8000,191.7100,191.73,7347.29,1753701059999,1408816.210700,1147,3793.08,727309.057800,0
1753701060000,191.7300,191.7500,191.7100,191.72,3721.03,1753701119999,713433.298400,923,1380.33,264662.738700,0
1753701120000,191.7100,191.7100,191.5400,191.64,12875.51,1753701179999,2467248.340000,1858,4074.68,780776.609300,0
1753701180000,191.6400,191.6600,191.5500,191.65,4500.25,1753701239999,862231.488500,1204,1578.72,302488.708700,0
1753701240000,191.6500,191.6500,191.5500,191.55,2113.70,1753701299999,404996.845700,640,612.42,117349.890400,0
1753701300000,191.5600,191.5600,191.4500,191.45,9746.06,1753701359999,1866399.155300,1145,927.01,177544.917000,0
1753701360000,191.4500,191.5200,191.3600,191.38,16426.05,1753701419999,3144254.574200,1744,5349.51,1024051.048100,0
1753701420000,191.3800,191.5200,191.3600,191.47,14240.58,1753701479999,2725789.999100,1454,10392.06,1989203.724400,0
1753701480000,191.4800,191.4900,191.3300,191.4,10495.15,1753701539999,2008747.947100,1647,3277.04,627227.601200,0
1753701540000,191.4000,191.4000,191.3100,191.32,5496.17,1753701599999,1051586.024700,743,1674.75,320431.914100,0
1753701600000,191.3200,191.4900,191.3100,191.48,15053.10,1753701659999,2880839.893800,1479,7633.02,1460871.881900,0
1753701660000,191.4800,191.4800,191.3500,191.39,8972.38,1753701719999,1717380.670000,1453,4575.34,875736.259000,0
1753701720000,191.4000,191.4300,191.3300,191.35,5610.52,1753701779999,1073612.222500,999,2752.42,526701.130500,0
1753701780000,191.3500,191.4800,191.3300,191.4,6439.06,1753701839999,1232447.136200,981,2921.29,559132.716300,0
1753701840000,191.4000,191.4800,191.3800,191.4,3784.85,1753701899999,724511.804900,706,2759.37,528215.865800,0
1753701900000,191.3900,191.4600,191.3400,191.4,5436.74,1753701959999,1040598.925900,934,2812.88,538401.332400,0
1753701960000,191.4100,191.6800,191.4000,191.61,8273.19,1753702019999,1585014.459200,1187,4768.65,913552.421300,0
1753702020000,191.6100,191.6200,191.5500,191.57,3991.66,1753702079999,764676.993800,582,799.14,153087.298400,0
1753702080000,191.5700,191.5800,190.8900,191.11,102042.84,1753702139999,19499035.204200,7483,28448.99,5434815.604600,0
1753702140000,191.1100,191.1200,190.9300,190.94,17736.63,1753702199999,3388028.868400,1948,5793.41,1106492.447000,0
1753702200000,190.9400,191.0800,190.8900,191.04,14725.64,1753702259999,2812165.993700,1738,5525.91,1055337.900700,0
1753702260000,191.0400,191.0600,190.9300,191.05,13634.63,1753702319999,2603965.093300,1340,5781.65,1104231.099400,0
1753702320000,191.0500,191.2500,191.0000,191.02,16986.72,1753702379999,3246857.220300,1868,9398.98,1796631.041600,0
1753702380000,191.0100,191.0100,190.6200,190.69,47113.48,1753702439999,8987792.870390,3898,11081.63,2114154.686600,0
1753702440000,190.6900,190.8400,190.6600,190.73,17278.96,1753702499999,3295768.736600,1822,8693.32,1658051.721200,0
1753702500000,190.7400,190.9800,190.6000,190.94,44321.30,1753702559999,8452751.891900,2945,23664.90,4514697.202200,0
1753702560000,190.9400,190.9800,190.8000,190.9,22618.31,1753702619999,4316820.275100,2005,11296.97,2156272.939300,0
1753702620000,190.9100,191.2600,190.9000,191.12,18702.66,1753702679999,3575105.270200,2152,11265.72,2153377.806800,0
1753702680000,191.1100,191.3500,191.0400,191.35,12480.47,1753702739999,2386482.285700,1590,8023.92,1534352.984600,0
1753702740000,191.3400,191.4200,191.2800,191.36,10102.65,1753702799999,1933103.819400,1280,7006.82,1340705.259000,0
1753702800000,191.3600,191.6100,191.3600,191.52,13131.39,1753702859999,2514855.824100,1877,9615.37,1841448.463400,0
1753702860000,191.5200,191.5600,191.3900,191.49,7157.53,1753702919999,1370637.441600,1280,2311.01,442527.523200,0
1753702920000,191.4900,191.5800,191.4800,191.52,4683.61,1753702979999,897140.280000,905,2705.39,518218.239500,0
1753702980000,191.5200,191.5700,191.3800,191.45,6861.56,1753703039999,1313881.946400,1231,3536.33,677113.870100,0
1753703040000,191.4500,191.4900,191.3900,191.42,3477.33,1753703099999,665756.329100,854,2537.90,485901.171700,0
1753703100000,191.4200,191.6900,191.3900,191.64,8606.19,1753703159999,1648760.521600,1978,6048.63,1158739.430500,0
1753703160000,191.6300,191.8600,191.6100,191.8,14132.92,1753703219999,2710249.945400,2245,9251.97,1774287.165700,0
1753703220000,191.8000,191.9100,191.7400,191.78,5896.91,1753703279999,1131222.539200,1354,2959.13,567686.517600,0
1753703280000,191.7800,191.9400,191.7800,191.93,14989.79,1753703339999,2876018.451400,1678,12567.74,2411288.730400,0
1753703340000,191.9200,191.9200,191.8200,191.86,3134.88,1753703399999,601479.626000,1020,1778.15,341169.156200,0
1753703400000,191.8500,191.9300,191.8200,191.85,2934.60,1753703459999,563041.217500,1060,1715.24,329093.962600,0
1753703460000,191.8500,191.9700,191.8500,191.97,6185.67,1753703519999,1187164.058400,1114,4811.19,923372.053000,0
1753703520000,191.9600,191.9900,191.8000,191.8,4748.26,1753703579999,911351.889900,1047,1345.90,258350.083800,0
1753703580000,191.8000,191.9300,191.8000,191.81,3511.71,1753703639999,673794.203500,813,1820.93,349396.554800,0
1753703640000,191.8000,191.8700,191.7700,191.79,5008.86,1753703699999,960828.705100,1124,2848.37,546407.017500,0
1753703700000,191.7800,191.8900,191.7700,191.8,8776.43,1753703759999,1683420.718400,1175,2676.65,513407.740100,0
1753703760000,191.7900,191.9000,191.7400,191.85,5862.35,1753703819999,1124567.011900,1044,2649.60,508301.574100,0
1753703820000,191.8500,192.0200,191.8500,191.94,13404.89,1753703879999,2572688.145500,1447,7464.62,1432715.409700,0
1753703880000,191.9400,191.9700,191.8600,191.86,2407.02,1753703939999,461933.193100,570,1211.36,232467.413700,0
1753703940000,191.8600,191.9700,191.8600,191.96,2176.11,1753703999999,417664.922600,464,1501.62,288201.854400,0
1753704000000,191.9600,192.0500,191.6800,191.73,10762.72,1753704059999,2065391.964100,2500,5373.72,1031251.668300,0
1753704060000,191.7300,191.8600,191.5800,191.65,9152.34,1753704119999,1754824.876100,1812,3658.46,701482.331400,0
1753704120000,191.6400,191.6400,191.4600,191.51,7304.93,1753704179999,1399184.764100,1545,2839.40,543876.825500,0
1753704180000,191.5000,191.5500,191.4300,191.54,4229.14,1753704239999,809861.402900,860,2409.22,461358.592600,0
1753704240000,191.5400,191.5400,191.4100,191.45,5429.60,1753704299999,1039574.581200,1077,1376.04,263459.916200,0
1753704300000,191.4400,191.7400,191.4400,191.71,8203.41,1753704359999,1571889.011500,1662,4989.62,956006.320800,0
1753704360000,191.7000,191.7000,191.4800,191.58,6372.09,1753704419999,1220859.695400,1290,3952.55,757396.173800,0
1753704420000,191.5700,191.6200,191.5200,191.52,2112.27,1753704479999,404631.124700,846,1052.93,201698.885400,0
1753704480000,191.5200,191.6100,191.3100,191.61,12597.15,1753704539999,2411369.573200,2067,6257.69,1197879.669400,0
1753704540000,191.6100,191.9000,191.5400,191.83,7755.71,1753704599999,1487065.028600,1666,5082.57,974506.429000,0
1753704600000,191.8300,192.0100,191.7500,192.01,6663.18,1753704659999,1278562.962200,1618,3780.98,725593.784600,0
1753704660000,192.0100,192.0400,191.7800,191.98,9966.38,1753704719999,1912498.594900,1721,5664.41,1086915.573900,0
1753704720000,191.9800,192.1100,191.9300,192.11,13682.33,1753704779999,2627411.570900,2141,8180.40,1570953.803400,0
1753704780000,192.1000,192.3000,192.1000,192.28,13638.12,1753704839999,2621624.480770,1889,9867.52,1896786.705370,0
1753704840000,192.2900,192.2900,192.0700,192.07,11015.20,1753704899999,2117506.737300,1656,4632.06,890420.845300,0
1753704900000,192.0600,192.2000,191.9200,192.13,9407.48,1753704959999,1806444.930700,2286,2917.39,560246.064500,0
1753704960000,192.1200,192.2900,192.1200,192.22,10693.46,1753705019999,2055182.506600,1632,7722.05,1484092.429700,0
1753705020000,192.2100,192.4000,192.1400,192.33,26400.62,1753705079999,5076291.968450,3105,12381.31,2380999.627450,0
1753705080000,192.3300,192.4400,192.2700,192.33,7294.42,1753705139999,1403261.020500,1294,3064.34,589524.990900,0
1753705140000,192.3400,192.4600,192.2700,192.46,12383.42,1753705199999,2382007.790900,1597,4761.49,916043.457400,0
1753705200000,192.4600,192.5900,192.3000,192.34,20808.50,1753705259999,4004885.961400,2066,14350.31,2762146.634700,0
1753705260000,192.3300,192.3900,192.3000,192.39,5829.64,1753705319999,1121360.344500,886,3454.70,664520.908400,0
1753705320000,192.3900,192.4700,192.2800,192.36,10012.59,1753705379999,1926339.668300,1288,6063.79,1166635.282400,0
1753705380000,192.3500,192.5800,192.3200,192.56,9003.95,1753705439999,1732973.471000,1339,6048.46,1164209.812300,0
1753705440000,192.5500,192.6500,192.5500,192.65,6407.42,1753705499999,1234064.440000,1300,4115.75,792684.961000,0
1753705500000,192.6400,192.7200,192.4200,192.5,40621.71,1753705559999,7823526.924300,3403,31289.44,6026326.482800,0
1753705560000,192.5100,192.5500,192.2000,192.2,7277.30,1753705619999,1400292.648200,1423,1170.68,225322.878800,0
1753705620000,192.2000,192.3000,192.1000,192.3,12989.35,1753705679999,2495961.504300,1824,4490.02,862874.796100,0
1753705680000,192.3000,192.4500,192.2800,192.39,5083.28,1753705739999,977759.528000,1323,3167.17,609211.202000,0
1753705740000,192.3900,192.4700,192.3500,192.41,4789.31,1753705799999,921562.135100,948,3350.02,644635.874100,0
1753705800000,192.4100,192.4400,192.1300,192.43,7357.83,1753705859999,1414404.605600,2175,3113.66,598613.656500,0
1753705860000,192.4300,192.4400,192.2700,192.34,6501.99,1753705919999,1250764.757100,1639,3425.68,658942.306900,0
1753705920000,192.3300,192.5500,192.3000,192.54,17301.72,1753705979999,3329932.845300,2033,13022.33,2506557.944500,0
1753705980000,192.5400,192.8600,192.5100,192.81,56435.80,1753706039999,10876237.629000,4765,46513.14,8963940.378700,0
1753706040000,192.8100,192.8100,192.5100,192.64,14358.95,1753706099999,2766638.114100,1634,5730.07,1104194.497800,0
1753706100000,192.6400,192.7000,192.4000,192.55,19415.53,1753706159999,3739115.456700,1960,7630.72,1469809.198600,0
1753706160000,192.5400,192.7000,192.5000,192.69,5642.55,1753706219999,1086903.401100,1378,3766.45,725519.321600,0
1753706220000,192.6900,192.8800,192.6300,192.83,16257.30,1753706279999,3133754.960100,1682,10763.64,2074727.180500,0
1753706280000,192.8200,192.8800,192.7300,192.84,9296.20,1753706339999,1792381.782900,1155,3494.55,673832.118100,0
1753706340000,192.8400,193.0000,192.8300,192.98,15922.74,1753706399999,3072264.355600,1819,7926.37,1529373.297800,0
1753706400000,192.9700,192.9900,192.8200,192.98,19649.38,1753706459999,3790781.527000,1475,9840.07,1898319.772300,0
1753706460000,192.9900,193.1300,192.9700,193.1,22786.19,1753706519999,4398624.415500,2374,16073.15,3102653.401200,0
1753706520000,193.1100,193.2900,193.1000,193.18,15764.49,1753706579999,3046192.091900,2036,11658.90,2252894.679700,0
1753706580000,193.1800,193.1800,192.9500,193.13,22997.10,1753706639999,4439242.444600,2009,9105.81,1757724.485600,0
1753706640000,193.1400,193.4800,193.1400,193.47,27197.37,1753706699999,5258793.704200,2962,17817.49,3445086.277800,0
1753706700000,193.4600,193.4900,192.9600,192.96,26438.69,1753706759999,5110187.414100,6403,11300.95,2184658.517100,0
1753706760000,192.9700,193.3500,192.7200,193.33,37895.42,1753706819999,7316242.824100,7203,18056.76,3487187.207600,0
1753706820000,193.3300,193.3900,193.1200,193.22,18355.96,1753706879999,3547083.484500,2246,5355.18,1034903.478100,0
1753706880000,193.2200,193.2700,192.9800,193.24,11579.46,1753706939999,2236091.286900,2123,5520.55,1066079.744800,0
1753706940000,193.2300,193.2400,193.0000,193.09,8038.52,1753706999999,1552218.524300,1357,2199.14,424601.826500,0
1753707000000,193.0900,193.1600,192.9400,192.94,10194.30,1753707059999,1967775.153100,1511,2771.37,535028.781600,0
1753707060000,192.9500,192.9800,192.6500,192.82,20097.46,1753707119999,3874025.638900,2619,9238.51,1780858.426600,0
1753707120000,192.8300,192.8700,192.7400,192.75,7632.03,1753707179999,1471320.691500,1288,3441.89,663554.863300,0
1753707180000,192.7400,192.9300,192.6800,192.93,10973.48,1753707239999,2115545.156900,1224,7235.23,1394913.383500,0
1753707240000,192.9200,192.9600,192.8100,192.93,10033.79,1753707299999,1935311.892100,1177,6103.64,1177304.876200,0
1753707300000,192.9400,193.1000,192.6300,192.64,17368.48,1753707359999,3348856.080800,2453,5557.91,1071630.652300,0
1753707360000,192.6300,192.8700,192.5600,192.86,21475.16,1753707419999,4136754.467300,2125,15183.85,2924874.683500,0
1753707420000,192.8700,193.1400,192.7800,193.13,21010.65,1753707479999,4054208.786200,2418,12531.62,2417882.139500,0
1753707480000,193.1300,193.3500,192.9900,193.01,35160.98,1753707539999,6792220.490200,3296,10336.31,1997061.470700,0
1753707540000,193.0100,193.0200,192.7100,192.82,10108.42,1753707599999,1949448.322300,1770,2366.16,456262.255800,0
1753707600000,192.8300,192.9100,192.7000,192.71,10749.54,1753707659999,2072793.645200,2163,2827.12,545110.380400,0
1753707660000,192.7000,192.7100,192.3400,192.34,26141.90,1753707719999,5032023.376800,3069,8644.75,1664134.789500,0
1753707720000,192.3400,192.5400,192.2300,192.31,39488.54,1753707779999,7596094.947400,4011,12682.65,2439569.659100,0
1753707780000,192.3000,192.4600,192.2600,192.33,23161.01,1753707839999,4455607.032100,2811,12952.72,2492003.634800,0
1753707840000,192.3300,192.4400,192.1100,192.16,15698.01,1753707899999,3017739.747200,2604,7177.29,1379771.374600,0
1753707900000,192.1600,192.4000,192.1300,192.3,13623.93,1753707959999,2619225.676100,2266,7999.36,1537814.494800,0
1753707960000,192.2900,192.5500,192.2300,192.38,15455.44,1753708019999,2973548.705000,2246,5809.58,1117704.017200,0
1753708020000,192.3800,192.5000,192.2500,192.35,12014.71,1753708079999,2311131.705000,2156,7177.36,1380633.315800,0
1753708080000,192.3600,192.6300,192.3500,192.59,15030.38,1753708139999,2892732.665400,1875,9334.36,1796423.971700,0
1753708140000,192.5900,192.6200,192.4200,192.47,18012.49,1753708199999,3467368.705500,1749,3295.17,634453.587500,0
1753708200000,192.4800,192.5400,192.1300,192.24,11282.11,1753708259999,2169348.972500,1854,5090.26,978665.490700,0
1753708260000,192.2400,192.4400,191.9700,191.99,15934.39,1753708319999,3062147.943100,2855,5392.04,1036369.684300,0
1753708320000,191.9900,192.1000,191.6100,191.61,33000.76,1753708379999,6330589.747800,3893,11857.40,2274861.656400,0
1753708380000,191.6200,191.6200,191.1700,191.44,50793.88,1753708439999,9723458.485200,8224,18518.68,3545213.412600,0
1753708440000,191.4400,191.5400,191.1500,191.18,28403.79,1753708499999,5432899.425000,5996,11430.54,2186697.249900,0
1753708500000,191.1800,191.6800,191.1700,191.43,24444.95,1753708559999,4680069.176900,3361,15201.95,2910377.855800,0
1753708560000,191.4300,191.6400,191.2800,191.59,20984.26,1753708619999,4018130.922000,3072,7957.48,1523487.971800,0
1753708620000,191.6000,191.7500,191.3800,191.45,21950.73,1753708679999,4204204.359600,2994,8265.53,1583238.796400,0
1753708680000,191.4600,191.5400,191.2900,191.38,14510.53,1753708739999,2777295.153000,2316,7952.32,1522096.573400,0
1753708740000,191.3800,191.3800,190.9100,191.06,30362.35,1753708799999,5803151.396400,3769,12607.17,2410399.604300,0
1753708800000,191.0600,191.1800,190.9000,191.07,18637.21,1753708859999,3560132.868600,2659,10778.92,2059123.333700,0
1753708860000,191.0600,191.0700,190.6200,190.66,60630.25,1753708919999,11569852.787990,4793,12363.64,2359412.904300,0
1753708920000,190.6500,190.6900,190.2500,190.26,80012.39,1753708979999,15238253.076800,7085,23758.93,4524821.918300,0
1753708980000,190.2500,190.4200,190.1400,190.24,57909.00,1753709039999,11018225.357100,5373,29572.86,5626857.056400,0
1753709040000,190.2300,190.5000,190.2300,190.36,26538.09,1753709099999,5051489.465000,3472,17724.39,3373867.057800,0
1753709100000,190.3600,190.7800,190.2300,190.24,35727.29,1753709159999,6804736.997500,4496,15773.68,3004733.009200,0
1753709160000,190.2400,190.3300,189.8700,190.14,116083.47,1753709219999,22065841.803400,10143,38262.02,7274317.464000,0
1753709220000,190.1300,190.4300,190.1300,190.39,28630.26,1753709279999,5447641.385500,6194,21078.55,4010657.969500,0
1753709280000,190.3800,190.5800,190.3200,190.56,34197.20,1753709339999,6512438.075000,6028,25776.18,4908866.019400,0
1753709340000,190.5600,190.6700,190.3600,190.54,28634.48,1753709399999,5454685.667400,3016,18733.22,3568954.606000,0
1753709400000,190.5400,190.8500,190.4200,190.58,30897.33,1753709459999,5890904.724500,3906,16589.31,3162956.488900,0
1753709460000,190.5800,190.7700,190.1500,190.16,18735.96,1753709519999,3567400.419100,4012,7080.57,1348399.611200,0
1753709520000,190.1600,190.1600,189.3400,189.54,144243.86,1753709579999,27353156.538020,10315,41878.77,7939613.327300,0
1753709580000,189.5400,189.8000,189.2300,189.78,110655.04,1753709639999,20971548.829500,8370,66186.79,12546209.010000,0
1753709640000,189.7900,189.9600,189.5900,189.67,36504.57,1753709699999,6926325.370500,4290,13966.16,2650613.213100,0
1753709700000,189.6700,190.2900,189.6600,190.18,31450.87,1753709759999,5975204.684200,4399,20646.64,3922831.001500,0
1753709760000,190.1800,190.4700,190.0600,190.47,33515.69,1753709819999,6378624.978200,4188,19087.13,3632572.354200,0
1753709820000,190.4700,190.5600,190.1700,190.39,27951.04,1753709879999,5320588.284300,3947,13869.70,2640153.912600,0
1753709880000,190.4000,190.7200,190.2900,190.71,31661.73,1753709939999,6031629.034600,4426,17149.93,3267187.100200,0
1753709940000,190.7100,191.0600,190.6500,191.0,40303.86,1753709999999,7693054.591000,4174,25952.72,4953541.830700,0
1753710000000,191.0000,191.2400,190.8900,191.08,35510.28,1753710059999,6784391.007900,4599,19833.94,3789500.276000,0
1753710060000,191.0900,191.7600,191.0700,191.6,44353.61,1753710119999,8489941.750600,5503,28297.58,5416183.788200,0
1753710120000,191.6000,191.6800,191.2400,191.36,36049.56,1753710179999,6902628.033000,7379,14525.78,2781448.233000,0
1753710180000,191.3600,191.6000,191.1500,191.21,27773.34,1753710239999,5316068.797200,6686,12114.57,2318765.722700,0
1753710240000,191.2200,191.4800,191.1600,191.17,22603.56,1753710299999,4325258.668000,2652,12956.20,2479322.380800,0
1753710300000,191.1600,191.6400,191.1300,191.44,32570.01,1753710359999,6236502.928600,3624,23277.24,4457334.597800,0
1753710360000,191.4400,191.4400,190.8300,190.9,25818.94,1753710419999,4932606.743400,3622,8062.64,1540006.537100,0
1753710420000,190.9100,190.9600,190.2900,190.31,40784.74,1753710479999,7773614.013100,4801,17320.71,3301116.351700,0
1753710480000,190.3200,190.3200,189.9200,190.19,36057.41,1753710539999,6855735.312200,4423,14235.45,2706773.976900,0
1753710540000,190.2000,190.6400,190.1800,190.48,17054.61,1753710599999,3247815.069500,3113,9557.16,1820030.028200,0
1753710600000,190.4900,190.9200,190.3300,190.6,16950.30,1753710659999,3231563.603400,3121,8782.15,1674548.809800,0
1753710660000,190.6100,190.7100,190.2000,190.44,16595.43,1753710719999,3160324.694500,3278,8648.58,1647139.621300,0
1753710720000,190.4300,190.6400,190.1600,190.64,17636.56,1753710779999,3358165.446500,2811,11709.87,2230022.540700,0
1753710780000,190.6400,190.7900,190.4900,190.59,10995.38,1753710839999,2096513.695000,2275,5884.79,1122077.972800,0
1753710840000,190.5800,190.5900,190.0400,190.04,13405.77,1753710899999,2551462.995800,2742,4872.96,927506.277700,0
1753710900000,190.0400,190.0500,189.6700,189.85,49315.31,1753710959999,9363231.689100,7782,19669.91,3734415.513600,0
1753710960000,189.8600,190.5200,189.8600,190.47,24050.90,1753711019999,4574616.999000,6810,16686.30,3174157.534000,0
1753711020000,190.4600,190.4600,190.0200,190.1,18514.17,1753711079999,3521291.832600,2353,9011.29,1713562.692100,0
1753711080000,190.0900,190.3300,190.0800,190.11,8482.89,1753711139999,1613250.226500,2015,3862.75,734632.931000,0
1753711140000,190.1100,190.1700,189.9200,190.16,18212.07,1753711199999,3460806.462300,2177,8662.75,1646135.469100,0
1753711200000,190.1600,190.1700,189.9100,190.07,24597.81,1753711259999,4674576.698900,3632,9633.28,1830521.796700,0
1753711260000,190.0600,190.2700,189.9700,190.15,16574.54,1753711319999,3151364.970300,2446,11500.15,2186505.891600,0
1753711320000,190.1500,190.3700,189.9900,190.31,20930.93,1753711379999,3981840.893500,2818,13469.25,2562286.148200,0
1753711380000,190.3100,190.3400,189.9400,190.02,15079.84,1753711439999,2867471.136400,2479,8117.17,1543409.983200,0
1753711440000,190.0200,190.0300,189.4100,189.59,41533.74,1753711499999,7874830.267100,4504,15170.63,2875781.473500,0
1753711500000,189.5800,190.0500,189.5000,189.98,46162.26,1753711559999,8757021.683100,4426,13403.91,2543336.876700,0
1753711560000,189.9800,190.3200,189.9500,190.15,17188.79,1753711619999,3268454.139500,3008,7395.82,1406368.692900,0
1753711620000,190.1500,190.5400,190.0900,190.53,25071.39,1753711679999,4773439.469300,2958,15365.00,2925467.047700,0
1753711680000,190.5300,190.6600,190.3800,190.46,24013.32,1753711739999,4576115.693900,3105,9040.90,1722602.683200,0
1753711740000,190.4500,190.4500,190.0200,190.15,11902.58,1753711799999,2264145.238000,2476,6075.86,1155560.835700,0
1753711800000,190.1600,190.1800,189.6100,189.67,13570.07,1753711859999,2576798.593300,2915,5438.66,1032595.688500,0
1753711860000,189.6600,189.9100,189.4900,189.5,11891.46,1753711919999,2256433.713500,2442,7269.48,1379517.960300,0
1753711920000,189.5000,189.6500,189.4100,189.5,26756.69,1753711979999,5070809.964700,3049,16244.41,3078429.419700,0
1753711980000,189.4900,189.7200,189.4700,189.58,24868.55,1753712039999,4714297.331500,2871,8650.78,1639879.038100,0
1753712040000,189.5700,189.6500,189.3700,189.59,16234.88,1753712099999,3076780.931100,2683,6924.34,1312103.305200,0
1753712100000,189.5900,189.8000,189.4600,189.73,17460.68,1753712159999,3311535.965800,3626,8282.86,1570901.382100,0
1753712160000,189.7400,189.8100,189.2000,189.22,37593.62,1753712219999,7120420.097300,4652,10502.87,1989755.755300,0
1753712220000,189.2300,189.2500,188.3700,188.8,275376.31,1753712279999,52000313.204680,15284,77895.79,14705296.629600,0
1753712280000,188.8100,188.8600,188.4100,188.74,79900.59,1753712339999,15073536.042800,6256,29326.38,5533068.109800,0
1753712340000,188.7500,188.7500,188.2600,188.4,159208.21,1753712399999,30006446.481500,10887,55476.67,10458690.447100,0
1753712400000,188.4100,188.4700,188.2000,188.38,90683.11,1753712459999,17078893.720100,10564,29066.96,5474108.948900,0
1753712460000,188.3800,188.5400,188.1900,188.19,35705.48,1753712519999,6726082.531600,7484,17906.65,3373400.993300,0
1753712520000,188.2000,188.3000,187.9100,188.03,81794.05,1753712579999,15385495.169300,7287,33467.41,6296640.980100,0
1753712580000,188.0300,188.4600,187.9900,188.36,40279.69,1753712639999,7578987.348400,4848,17241.71,3244561.074600,0
1753712640000,188.3600,188.3600,187.7500,188.01,82402.88,1753712699999,15487347.343000,7630,25598.55,4812328.269000,0
1753712700000,188.0200,188.0200,187.2800,187.31,182031.31,1753712759999,34156146.594780,11382,55854.42,10480595.236700,0
1753712760000,187.3100,187.8800,187.0000,187.81,116487.21,1753712819999,21823652.228100,11085,56157.08,10524243.734200,0
1753712820000,187.8200,187.9000,187.4400,187.47,41337.31,1753712879999,7759605.364700,4941,20995.66,3941906.468300,0
1753712880000,187.4700,187.9000,186.9300,187.79,133528.95,1753712939999,24993599.844000,7734,57328.06,10732859.005700,0
1753712940000,187.7900,187.8900,187.2800,187.37,37530.34,1753712999999,7037831.172300,5372,18678.53,3502814.593700,0
1753713000000,187.3800,187.4100,186.8300,187.09,81523.32,1753713059999,15251166.248800,8232,23892.02,4469998.977400,0
1753713060000,187.0900,187.5700,187.0900,187.49,55740.80,1753713119999,10445950.822500,5519,27198.96,5097144.365600,0
1753713120000,187.5000,187.7600,187.3100,187.47,42453.51,1753713179999,7960996.959600,5095,23954.39,4491556.906700,0
1753713180000,187.4600,187.6300,187.2100,187.41,36518.10,1753713239999,6843339.578200,4651,18132.42,3397861.123200,0
1753713240000,187.4200,187.5200,187.2300,187.23,25141.97,1753713299999,4711900.270300,2691,10727.01,2010551.142300,0
1753713300000,187.2400,187.2500,186.6600,186.89,62153.71,1753713359999,11613981.579300,8256,17613.19,3291539.512800,0
1753713360000,186.9000,187.3600,186.8200,187.33,39347.52,1753713419999,7360488.438500,8541,25975.50,4859436.486000,0
1753713420000,187.3400,187.9000,187.2800,187.8,38515.53,1753713479999,7226485.882700,9661,24421.66,4582331.721200,0
1753713480000,187.7900,187.8300,187.5800,187.83,23862.92,1753713539999,4480132.335500,2942,14017.13,2631687.945800,0
1753713540000,187.8300,188.1400,187.7800,187.92,46195.08,1753713599999,8683198.986900,3921,22695.59,4265789.969900,0
1753713600000,187.9300,187.9900,187.4900,187.53,33935.87,1753713659999,6372531.357900,3517,18306.11,3437950.706700,0
1753713660000,187.5400,187.8200,187.4600,187.82,21857.88,1753713719999,4101173.662900,2821,13670.85,2565227.561700,0
1753713720000,187.8200,187.8600,187.5700,187.58,23036.22,1753713779999,4325289.646200,2671,13302.90,2497833.023400,0
1753713780000,187.5800,187.8300,187.5800,187.74,23323.99,1753713839999,4379490.832100,2358,11458.61,2151475.995000,0
1753713840000,187.7500,187.9400,187.7500,187.88,15601.16,1753713899999,2930446.688600,2356,8165.94,1533901.691100,0
1753713900000,187.8900,187.9300,187.6100,187.67,20224.29,1753713959999,3797469.391400,2334,10621.00,1994382.633100,0
1753713960000,187.6700,187.7200,187.1100,187.14,24945.74,1753714019999,4674601.921200,3586,10697.87,2004754.635200,0
1753714020000,187.1300,187.5000,187.1300,187.22,15056.54,1753714079999,2820824.657400,2494,8379.91,1569967.818000,0
1753714080000,187.2300,187.5500,187.2300,187.44,13638.96,1753714139999,2556376.972700,2329,7710.08,1445084.889200,0
1753714140000,187.4500,187.7600,187.4500,187.59,16537.71,1753714199999,3102528.163500,2714,10756.64,2018022.433700,0
1753714200000,187.5900,187.7400,187.1700,187.19,40159.46,1753714259999,7530086.711800,4174,26947.11,5053537.869500,0
1753714260000,187.1900,187.5600,187.0700,187.39,17657.36,1753714319999,3307656.855200,3276,11397.55,2134988.756200,0
1753714320000,187.3900,187.7900,187.3800,187.56,15424.27,1753714379999,2894164.537900,2549,11433.81,2145515.520400,0
1753714380000,187.5700,187.7800,187.5600,187.7,11769.32,1753714439999,2208710.333500,2141,7371.95,1383496.838700,0
1753714440000,187.6900,187.8600,187.5300,187.78,12618.99,1753714499999,2368278.283400,2166,9139.24,1715265.297800,0
1753714500000,187.7700,187.9800,187.7100,187.8,16501.09,1753714559999,3099504.051800,2215,8664.00,1627445.661400,0
1753714560000,187.7900,187.8500,187.4000,187.46,13897.08,1753714619999,2607066.934800,2295,4749.08,890978.092100,0
1753714620000,187.4600,187.5700,187.1300,187.18,19472.63,1753714679999,3647252.311800,3140,6558.54,1228473.172000,0
1753714680000,187.1700,187.3700,187.1100,187.31,15273.20,1753714739999,2859545.266300,2235,8017.37,1501210.040900,0
1753714740000,187.3000,187.4700,187.2500,187.46,9539.53,1753714799999,1787185.038400,1416,6471.93,1212549.027600,0
1753714800000,187.4700,187.4700,187.1600,187.34,23607.43,1753714859999,4422422.363000,3105,6709.54,1257027.162400,0
1753714860000,187.3500,187.6500,187.3100,187.49,15385.33,1753714919999,2884477.446500,2811,7328.91,1374181.862400,0
1753714920000,187.5000,187.5800,187.4200,187.58,11845.58,1753714979999,2221211.210100,2275,6999.57,1312587.541500,0
1753714980000,187.5800,187.9600,187.5100,187.92,15559.33,1753715039999,2921772.364300,2901,10102.37,1897118.381100,0
1753715040000,187.9200,187.9200,187.6500,187.75,16319.00,1753715099999,3064634.148800,2879,10717.47,2012837.144800,0
1753715100000,187.7600,187.7800,187.4500,187.7,14236.99,1753715159999,2670834.790300,2354,5483.60,1028691.280600,0
1753715160000,187.7000,187.7500,187.4500,187.72,12325.07,1753715219999,2312763.167600,2711,6142.34,1152515.898600,0
1753715220000,187.7200,187.9000,187.6700,187.83,14955.77,1753715279999,2808052.668600,2274,9078.55,1704633.108600,0
1753715280000,187.8300,187.8400,187.5800,187.6,17522.77,1753715339999,3289306.526700,2258,7189.74,1349560.341400,0
1753715340000,187.6000,187.7800,187.5000,187.61,11376.54,1753715399999,2134916.937600,2409,7874.16,1477711.766600,0
1753715400000,187.6100,187.6500,187.4300,187.53,11821.06,1753715459999,2217051.007900,2180,5629.32,1055789.593200,0
1753715460000,187.5300,187.9600,187.5100,187.87,12055.08,1753715519999,2263918.862700,2052,7827.91,1470015.908600,0
1753715520000,187.8700,187.9200,187.7200,187.81,12470.63,1753715579999,2342315.684800,2384,9031.94,1696460.877500,0
1753715580000,187.8200,187.8500,187.6700,187.76,5570.12,1753715639999,1045764.668700,1480,3598.80,675665.535400,0
1753715640000,187.7700,188.0300,187.6700,188.02,18206.53,1753715699999,3420214.134200,2531,14625.46,2747533.617200,0
1753715700000,188.0200,188.2700,187.9000,188.23,43860.90,1753715759999,8248892.813400,4962,32269.61,6068988.423300,0
1753715760000,188.2300,188.3900,188.1500,188.33,33737.01,1753715819999,6352860.650100,3421,19835.98,3735010.354100,0
1753715820000,188.3300,188.5400,188.3200,188.53,33270.41,1753715879999,6269953.307400,3297,23054.65,4344917.574200,0
1753715880000,188.5400,188.6500,188.4400,188.44,41443.80,1753715939999,7814476.587100,8062,18571.68,3502088.463000,0
1753715940000,188.4400,188.4700,188.0200,188.14,31816.48,1753715999999,5989375.304400,7281,12332.64,2321414.442900,0
1753716000000,188.1400,188.2200,188.0100,188.06,15237.58,1753716059999,2866277.884900,2413,8487.14,1596412.366700,0
1753716060000,188.0600,188.4200,188.0200,188.41,16518.40,1753716119999,3108671.949900,2220,11239.29,2115093.811600,0
1753716120000,188.4200,188.6300,188.3200,188.63,13742.36,1753716179999,2590137.055700,1881,9227.00,1739181.012700,0
1753716180000,188.6200,188.8500,188.5800,188.68,24667.79,1753716239999,4655112.918100,3088,14120.47,2664842.039900,0
1753716240000,188.6800,188.6800,188.3800,188.57,11817.38,1753716299999,2228212.695100,1936,5988.08,1129105.202400,0
1753716300000,188.5700,188.7200,188.2600,188.26,12847.94,1753716359999,2421684.565400,1987,5158.95,972709.237500,0
1753716360000,188.2700,188.3600,188.0000,188.0,13128.33,1753716419999,2471237.645400,2497,6200.47,1167362.649800,0
1753716420000,188.0000,188.3500,187.9500,188.35,16560.51,1753716479999,3115288.342200,2553,8554.51,1609409.831400,0
1753716480000,188.3400,188.6900,188.3200,188.68,9994.35,1753716539999,1884364.310900,2151,6626.46,1249396.737300,0
1753716540000,188.6700,188.7200,188.5300,188.66,14860.90,1753716599999,2803294.682700,1643,5563.24,1049321.890500,0
1753716600000,188.6500,188.9200,188.6100,188.75,23764.08,1753716659999,4486612.729600,3132,16839.24,3179268.376500,0
1753716660000,188.7600,188.9500,188.5700,188.94,37515.08,1753716719999,7083459.348100,3387,31869.10,6017875.890600,0
1753716720000,188.9300,189.0200,188.6400,188.65,29775.43,1753716779999,5623462.700400,3125,11552.62,2182292.185400,0
1753716780000,188.6600,188.8300,188.6000,188.77,9049.98,1753716839999,1708243.163100,1447,6673.18,1259629.240500,0
1753716840000,188.7600,188.8500,188.5500,188.57,12718.43,1753716899999,2399678.521500,1698,7067.12,1333461.364200,0
1753716900000,188.5800,188.6800,188.1900,188.32,13759.22,1753716959999,2591951.825200,2745,5735.10,1080393.378200,0
1753716960000,188.3100,188.6000,188.2800,188.41,11610.35,1753717019999,2187812.960500,2045,5591.71,1053528.953900,0
1753717020000,188.4200,188.4400,188.1400,188.14,13145.14,1753717079999,2474687.222700,1909,3833.99,721804.711800,0
1753717080000,188.1400,188.1500,187.7700,187.77,25422.31,1753717139999,4779019.054500,2763,5589.33,1051072.493100,0
1753717140000,187.7600,187.9800,187.7400,187.83,9924.59,1753717199999,1864347.115500,1793,4762.77,894708.884700,0
1753717200000,187.8200,187.8500,187.6400,187.81,16843.28,1753717259999,3161567.002500,2426,7572.53,1421430.857100,0
1753717260000,187.8000,188.1300,187.7600,188.1,11099.96,1753717319999,2086302.143600,1932,8744.63,1643536.031800,0
1753717320000,188.1000,188.2200,187.9200,187.93,8446.73,1753717379999,1588659.068500,1658,3238.77,609160.262400,0
1753717380000,187.9300,187.9500,187.8200,187.91,5203.85,1753717439999,977733.372000,1370,1920.77,360887.766500,0
1753717440000,187.9000,187.9000,187.6700,187.67,5966.65,1753717499999,1120337.333400,1477,2925.75,549351.666600,0
1753717500000,187.6800,187.8900,187.6700,187.86,9519.69,1753717559999,1787163.181800,2086,4661.21,875074.123100,0
1753717560000,187.8500,188.0400,187.8400,187.96,6879.84,1753717619999,1293097.166600,1587,4115.65,773563.161200,0
1753717620000,187.9600,188.0300,187.8000,187.8,5985.74,1753717679999,1124725.739700,1290,1936.84,363931.584100,0
1753717680000,187.8000,187.9500,187.7200,187.78,7318.91,1753717739999,1374789.614700,1456,3057.61,574373.722900,0
1753717740000,187.7800,187.7800,187.3000,187.31,24816.88,1753717799999,4651968.184400,3766,9450.24,1771237.858700,0
1753717800000,187.3100,187.3700,186.7900,186.83,66459.71,1753717859999,12428096.449000,6679,22703.55,4245557.618400,0
1753717860000,186.8200,186.8300,186.4800,186.49,69830.88,1753717919999,13033123.434200,8827,26052.01,4862720.753500,0
1753717920000,186.4900,186.9000,186.4800,186.73,35692.59,1753717979999,6664970.224400,6332,21340.12,3984380.204600,0
1753717980000,186.7200,187.3000,186.7200,187.3,15086.37,1753718039999,2821784.950300,2702,11062.35,2069074.541800,0
1753718040000,187.3000,187.3700,186.8400,186.98,43905.36,1753718099999,8211027.845900,4050,9893.47,1850529.411600,0
1753718100000,186.9900,187.3200,186.9900,187.32,10149.56,1753718159999,1899707.663700,1959,6480.77,1213050.882100,0
1753718160000,187.3100,187.5900,187.3100,187.59,16491.83,1753718219999,3091324.094900,2704,9914.46,1858435.157800,0
1753718220000,187.5900,187.7300,187.4100,187.44,29564.52,1753718279999,5545780.657600,2992,18071.41,3389897.468100,0
1753718280000,187.4300,187.4300,187.1400,187.36,8860.22,1753718339999,1659007.752800,2040,4795.27,897822.777800,0
1753718340000,187.3500,187.3600,187.1000,187.14,9012.28,1753718399999,1687863.097100,1325,5779.07,1082447.561400,0
1753718400000,187.1300,187.1300,186.7000,186.83,30827.65,1753718459999,5760127.625700,3701,8683.86,1622367.239400,0
1753718460000,186.8400,186.8600,186.4900,186.58,37452.00,1753718519999,6989968.818000,3465,13758.09,2567749.817200,0
1753718520000,186.5700,186.9900,186.5600,186.88,18350.80,1753718579999,3428091.477700,2689,11430.68,2135180.222400,0
1753718580000,186.8700,186.8700,186.5000,186.63,19092.63,1753718639999,3563686.392100,2437,7898.56,1474071.407900,0
1753718640000,186.6300,186.7700,186.2800,186.38,43608.41,1753718699999,8131134.638660,3810,12000.03,2237807.565900,0
1753718700000,186.3700,186.6900,186.3400,186.4,25226.45,1753718759999,4704834.673600,2865,13027.00,2429789.641000,0
1753718760000,186.3900,186.5500,186.0500,186.52,56947.42,1753718819999,10606264.990250,5673,26148.42,4870956.415100,0
1753718820000,186.5300,186.9300,186.5300,186.7,28625.53,1753718879999,5346039.394300,4288,21286.58,3975471.418800,0
1753718880000,186.6900,186.7300,186.5600,186.63,27681.52,1753718939999,5166623.325600,2742,6644.83,1240169.624200,0
1753718940000,186.6300,186.7200,186.3300,186.44,15240.25,1753718999999,2842391.496100,2296,6460.29,1204924.384300,0
1753719000000,186.4400,186.8000,186.4300,186.68,21382.88,1753719059999,3990753.649700,3076,10275.28,1917707.386100,0
1753719060000,186.6700,186.7200,186.5000,186.52,15040.77,1753719119999,2807026.629700,2092,5086.83,949351.419100,0
1753719120000,186.5200,186.5300,186.1900,186.29,21410.60,1753719179999,3989317.921300,2722,5506.79,1025948.075500,0
1753719180000,186.2900,186.6200,186.2300,186.44,14044.83,1753719239999,2618568.802800,2364,7391.44,1378092.383000,0
1753719240000,186.4400,186.8100,186.4400,186.57,15782.89,1753719299999,2946020.071500,2833,8139.41,1519188.336200,0
1753719300000,186.5800,187.1500,186.5200,187.03,31001.99,1753719359999,5795887.384400,4463,20405.92,3814735.009600,0
1753719360000,187.0300,187.2100,186.9000,187.14,17156.94,1753719419999,3209603.543100,3160,8586.20,1606292.512400,0
1753719420000,187.1400,187.1800,186.8000,187.01,19818.11,1753719479999,3705554.943800,2627,9110.84,1703577.954000,0
1753719480000,187.0100,187.2100,186.8000,186.84,15700.86,1753719539999,2937329.722500,2605,11298.83,2113896.508600,0
1753719540000,186.8400,187.0800,186.8400,186.87,9098.05,1753719599999,1701141.996800,2077,4289.90,802065.047800,0
1753719600000,186.8700,187.0200,186.6900,186.94,15467.91,1753719659999,2889796.567900,3098,7311.32,1365763.769200,0
1753719660000,186.9500,186.9500,186.4000,186.64,28585.38,1753719719999,5334497.990500,3587,10637.21,1985020.544600,0
1753719720000,186.6500,186.9000,186.5100,186.57,17080.48,1753719779999,3189360.911600,2622,7765.10,1450086.936400,0
1753719780000,186.5700,186.9700,186.5600,186.96,8089.23,1753719839999,1510820.529800,1998,5075.33,947920.722900,0
1753719840000,186.9600,187.0200,186.4500,186.59,23171.02,1753719899999,4327343.768100,3298,8965.53,1674382.569900,0
1753719900000,186.5900,187.0300,186.5400,186.97,17086.77,1753719959999,3191445.076300,2340,9480.03,1769926.843100,0
1753719960000,186.9700,187.0900,186.8100,187.07,9361.93,1753720019999,1750313.690300,1869,4245.02,793657.496200,0
1753720020000,187.0700,187.2000,186.8400,187.19,10219.30,1753720079999,1911336.466800,2067,5380.06,1006292.243100,0
1753720080000,187.1800,187.3000,187.1000,187.24,15312.97,1753720139999,2866648.592300,2221,9290.21,1739190.506100,0
1753720140000,187.2400,187.3700,187.2000,187.25,12860.05,1753720199999,2408877.229000,1727,9151.43,1714209.865200,0
1753720200000,187.2400,187.3200,187.0100,187.31,11805.74,1753720259999,2209721.656100,1913,5950.51,1113805.874900,0
1753720260000,187.3200,187.4300,187.0300,187.08,14105.19,1753720319999,2641362.729200,2539,7286.54,1364407.912600,0
1753720320000,187.0800,187.0900,186.5000,186.53,10705.13,1753720379999,1999352.103100,2890,5253.67,981126.699700,0
1753720380000,186.5300,186.8800,186.4200,186.81,13506.63,1753720439999,2520606.708300,2475,7110.62,1326709.595200,0
1753720440000,186.8000,186.9400,186.7200,186.86,13015.52,1753720499999,2431929.203300,1963,8308.86,1552486.328200,0
1753720500000,186.8500,187.3000,186.8400,187.22,25147.92,1753720559999,4705910.202100,3036,16076.59,3008731.775900,0
1753720560000,187.2200,187.5100,187.2200,187.39,13641.01,1753720619999,2556254.257300,2604,8437.84,1581174.518600,0
1753720620000,187.3900,187.5400,187.1900,187.28,10700.44,1753720679999,2004646.853200,2358,4110.30,770036.291900,0
1753720680000,187.2900,187.4300,187.1600,187.16,8923.72,1753720739999,1671401.768300,2095,3231.06,605148.499100,0
1753720740000,187.1600,187.2400,186.9600,186.99,14008.99,1753720799999,2621974.667900,1939,2957.84,553614.205700,0
1753720800000,186.9900,187.2800,186.9800,187.27,8361.88,1753720859999,1565065.175100,1784,5616.13,1051211.833600,0
1753720860000,187.2800,187.3800,187.1400,187.33,10072.17,1753720919999,1885999.131900,1900,4796.39,898211.648300,0
1753720920000,187.3300,187.5500,187.3000,187.46,7977.91,1753720979999,1495429.245900,1864,3744.36,701872.300000,0
1753720980000,187.4600,187.6200,187.4000,187.4,10135.88,1753721039999,1900853.450660,1837,4741.42,889164.090260,0
1753721040000,187.4000,187.6400,187.3500,187.6,13858.83,1753721099999,2599071.205800,2022,9300.26,1744378.058200,0
1753721100000,187.6000,187.7700,187.4700,187.57,19080.38,1753721159999,3580033.742000,2740,12545.52,2353937.470900,0
1753721160000,187.5800,187.7500,187.5300,187.75,7826.06,1753721219999,1468589.593800,1466,3500.21,656743.420900,0
1753721220000,187.7400,187.8800,187.5900,187.67,19695.59,1753721279999,3697589.291300,2301,8726.93,1638229.736100,0
1753721280000,187.6800,187.7700,187.6000,187.75,11436.60,1753721339999,2146670.835500,1669,8440.68,1584412.378500,0
1753721340000,187.7500,187.9200,187.7500,187.88,13801.77,1753721399999,2592955.279400,2123,5889.22,1106392.483300,0
1753721400000,187.8900,187.9500,187.5100,187.52,18950.18,1753721459999,3558957.894200,2340,6908.74,1297733.111800,0
1753721460000,187.5200,187.5600,187.1700,187.27,15491.99,1753721519999,2902187.567900,2874,7065.42,1323304.184100,0
1753721520000,187.2700,187.2700,186.7700,186.78,17133.79,1753721579999,3203755.064300,2589,6441.87,1204525.497800,0
1753721580000,186.7800,187.0400,186.7000,186.91,9514.29,1753721639999,1777650.613800,2721,5635.40,1052985.079000,0
1753721640000,186.9000,187.0000,186.6400,186.64,23649.62,1753721699999,4416982.347500,2771,6308.79,1178789.901300,0
1753721700000,186.6300,186.6600,186.4000,186.55,32965.07,1753721759999,6148003.437300,3270,7671.34,1430786.274200,0
1753721760000,186.5500,186.7600,186.5200,186.71,6309.85,1753721819999,1177606.342400,1423,3201.14,597439.000100,0
1753721820000,186.7000,186.7200,186.5800,186.72,6936.67,1753721879999,1294689.946400,978,4674.60,872470.669300,0
1753721880000,186.7200,186.8800,186.6400,186.71,12225.91,1753721939999,2283404.102100,1636,7122.08,1330234.409000,0
1753721940000,186.7000,186.7600,186.5900,186.59,8382.19,1753721999999,1564950.077000,1135,3617.40,675291.419600,0
1753722000000,186.5900,186.8800,186.5400,186.87,13544.38,1753722059999,2529374.589100,2657,6900.98,1288634.372200,0
1753722060000,186.8800,187.0200,186.6700,186.67,9116.68,1753722119999,1703974.066900,1888,3162.14,591101.177500,0
1753722120000,186.6700,186.8200,186.4300,186.75,11874.81,1753722179999,2216098.262600,2409,5599.78,1045174.494300,0
1753722180000,186.7500,186.9500,186.6000,186.84,9057.13,1753722239999,1692030.774400,1929,4947.93,924314.369900,0
1753722240000,186.8400,186.9500,186.7700,186.93,4690.12,1753722299999,876456.314100,1262,2652.90,495759.642400,0
1753722300000,186.9300,186.9400,186.6900,186.84,15864.37,1753722359999,2963581.572000,1863,8629.93,1612186.039400,0
1753722360000,186.8200,186.9200,186.7600,186.77,5793.93,1753722419999,1082478.221600,1339,3014.45,563202.350200,0
1753722420000,186.7800,187.2300,186.7600,187.14,10888.89,1753722479999,2036813.063600,1932,6636.30,1241175.267200,0
1753722480000,187.1500,187.1700,186.9100,186.95,8568.62,1753722539999,1602910.046400,1629,2534.44,474100.440500,0
1753722540000,186.9500,187.2800,186.9500,187.22,5680.18,1753722599999,1062992.513200,1748,3552.31,664780.733800,0
1753722600000,187.2100,187.3600,187.1800,187.35,6269.31,1753722659999,1173991.217800,1355,2857.08,535023.274900,0
1753722660000,187.3500,187.3800,187.1400,187.25,13917.92,1753722719999,2606345.784000,2246,4969.17,930525.658100,0
1753722720000,187.2500,187.3700,187.1100,187.14,5052.07,1753722779999,946023.617200,1543,1342.90,251459.936000,0
1753722780000,187.1400,187.1700,186.8900,186.9,11071.64,1753722839999,2070538.542300,2142,2987.33,558639.915600,0
1753722840000,186.8900,186.9100,186.5200,186.54,17632.26,1753722899999,3291638.216800,2323,4825.77,900692.622700,0
1753722900000,186.5400,186.6900,186.0800,186.08,38222.60,1753722959999,7120253.786500,4965,10687.38,1991361.393600,0
1753722960000,186.0900,186.5500,186.0500,186.47,29328.46,1753723019999,5462817.981300,3658,13595.55,2533030.414500,0
1753723020000,186.4800,186.7900,186.4800,186.7,23940.06,1753723079999,4469423.995700,2663,9509.76,1775429.309400,0
1753723080000,186.6900,186.6900,186.1200,186.17,27782.96,1753723139999,5178021.893100,3742,8900.06,1658307.634300,0
1753723140000,186.1700,186.2800,186.0100,186.27,27630.22,1753723199999,5142843.729900,2696,10018.48,1865044.202800,0
1753723200000,186.2600,186.2600,185.7500,186.2,90028.37,1753723259999,16738500.904520,7751,26386.21,4907034.132900,0
1753723260000,186.2000,186.3600,185.9800,186.26,25506.58,1753723319999,4748382.390200,3049,13743.37,2558835.941400,0
1753723320000,186.2600,186.3800,185.8900,185.93,19050.60,1753723379999,3545772.868700,3044,6167.67,1147948.815400,0
1753723380000,185.9200,186.2400,185.7500,186.13,25379.39,1753723439999,4721398.152000,3372,11253.18,2093969.304300,0
1753723440000,186.1400,186.2900,186.0400,186.21,20790.31,1753723499999,3870210.211400,2574,8183.69,1523385.774700,0
1753723500000,186.2000,186.6500,185.9600,186.65,46401.77,1753723559999,8647511.022400,4981,28355.01,5285719.612400,0
1753723560000,186.6500,186.8100,186.5400,186.72,22812.32,1753723619999,4258979.059100,2851,13104.24,2446487.746600,0
1753723620000,186.7200,186.8400,186.6600,186.69,11636.94,1753723679999,2173422.705600,1790,6953.34,1298719.821800,0
1753723680000,186.6900,186.8500,186.5600,186.85,10152.10,1753723739999,1895395.138600,1827,5785.72,1080302.597100,0
1753723740000,186.8500,186.9100,186.7900,186.87,16423.92,1753723799999,3069023.137100,1890,11184.30,2089931.745200,0
1753723800000,186.8600,187.0000,186.7700,186.97,20467.37,1753723859999,3825801.733700,3308,15461.45,2890190.454700,0
1753723860000,186.9700,187.0500,186.4800,186.49,13509.02,1753723919999,2523454.764900,2594,8665.57,1618913.511100,0
1753723920000,186.4800,186.6700,186.4200,186.49,8987.45,1753723979999,1676553.064000,1640,4741.01,884451.142000,0
1753723980000,186.5000,186.6900,186.2500,186.26,11205.19,1753724039999,2089947.136200,2036,5726.56,1068229.608300,0
1753724040000,186.2500,186.4000,186.1300,186.13,13630.77,1753724099999,2538354.740600,1995,5880.01,1095052.300600,0
1753724100000,186.1300,186.3400,185.9800,186.22,13729.31,1753724159999,2555213.082900,2623,6509.83,1211678.713000,0
1753724160000,186.2200,186.2300,185.9000,185.92,10172.89,1753724219999,1892360.343400,1909,5132.48,954772.772800,0
1753724220000,185.9200,186.0300,185.8100,185.88,26389.99,1753724279999,4906026.581200,3038,10738.20,1996352.093500,0
1753724280000,185.8900,186.0200,185.8200,185.88,9639.66,1753724339999,1792296.939900,1969,4680.80,870324.965900,0
1753724340000,185.8900,186.0800,185.7000,186.08,22594.94,1753724399999,4198955.779000,2952,7871.45,1463167.603100,0
1753724400000,186.0900,186.1900,185.9000,185.93,15293.15,1753724459999,2845754.766600,2458,8564.82,1593990.512000,0
1753724460000,185.9300,185.9300,185.5400,185.77,34293.02,1753724519999,6366765.871020,4077,9435.94,1752452.830600,0
1753724520000,185.7800,185.8900,185.7000,185.82,13442.88,1753724579999,2497295.766600,2128,3661.23,680170.235800,0
1753724580000,185.8200,185.8900,185.5200,185.52,14080.38,1753724639999,2614357.517600,2443,3269.65,607317.898700,0
1753724640000,185.5200,185.8900,185.5000,185.85,48920.55,1753724699999,9081121.940000,3585,24888.21,4621324.099600,0
1753724700000,185.8500,185.8900,185.6400,185.64,10817.33,1753724759999,2008910.856300,1953,3726.98,692271.627600,0
1753724760000,185.6400,185.6400,185.4400,185.53,49418.52,1753724819999,9167162.070500,3363,10815.22,2006153.721800,0
1753724820000,185.5300,185.6700,185.2400,185.66,41376.02,1753724879999,7672627.295700,3509,13204.73,2449652.537000,0
1753724880000,185.6600,186.1800,185.6600,186.18,17947.44,1753724939999,3336839.234500,2861,12674.31,2356348.041300,0
1753724940000,186.1800,186.1800,185.8400,185.85,11325.50,1753724999999,2106346.050500,1756,3635.57,676222.669200,0
1753725000000,185.8500,185.9700,185.6400,185.79,17546.45,1753725059999,3259731.998300,2493,7335.96,1362837.877600,0
1753725060000,185.7900,186.0500,185.7900,186.05,4584.20,1753725119999,852192.054000,1274,3036.52,564489.533400,0
1753725120000,186.0500,186.1200,185.9400,185.97,19174.48,1753725179999,3567150.470600,2173,4603.86,856466.782900,0
1753725180000,185.9700,186.1500,185.9300,186.15,9015.47,1753725239999,1676944.371200,1730,4861.04,904166.560400,0
1753725240000,186.1400,186.1500,185.8400,186.01,4392.76,1753725299999,817040.306000,1437,1564.46,290981.232500,0
1753725300000,186.0100,186.0700,185.7400,185.77,7884.92,1753725359999,1465922.643700,1555,2612.85,485776.086700,0
1753725360000,185.7700,185.9500,185.7000,185.94,13268.46,1753725419999,2465553.434600,1708,7651.90,1421842.549300,0
1753725420000,185.9400,186.1100,185.8500,185.98,6768.83,1753725479999,1259005.032000,1458,2472.18,459833.015400,0
1753725480000,185.9800,185.9900,185.6700,185.67,7779.65,1753725539999,1445640.160300,1474,1786.97,332111.579400,0
1753725540000,185.6700,185.8500,185.6000,185.84,11704.22,1753725599999,2173487.379000,2152,5066.06,940806.446600,0
1753725600000,185.8400,185.9600,185.7000,185.95,16704.76,1753725659999,3104258.580100,2064,7107.99,1320847.816000,0
1753725660000,185.9400,186.1300,185.8400,186.12,12920.30,1753725719999,2403181.397300,2287,5597.97,1041245.598900,0
1753725720000,186.1300,186.1900,185.8300,185.98,15659.56,1753725779999,2913733.243600,2312,4597.13,855175.668800,0
1753725780000,185.9900,185.9900,185.1400,185.25,44277.46,1753725839999,8210101.417500,5169,11450.35,2123530.383300,0
1753725840000,185.2500,185.3800,185.0100,185.06,70084.23,1753725899999,12976005.581300,9144,30139.53,5580946.772200,0
1753725900000,185.0500,185.1000,184.6900,184.79,107006.03,1753725959999,19782048.837300,12232,30743.38,5682992.716400,0
1753725960000,184.7800,185.0200,184.5100,184.76,55162.05,1753726019999,10190802.622160,5319,21697.39,4009350.970400,0
1753726020000,184.7700,185.3400,184.7400,185.04,42187.09,1753726079999,7809173.457600,5173,20626.54,3817830.994200,0
1753726080000,185.0400,185.5400,184.9900,185.13,33162.38,1753726139999,6146482.675700,4648,21096.34,3910435.841700,0
1753726140000,185.1300,185.1300,184.6300,185.05,48156.30,1753726199999,8901211.125500,5088,17152.09,3170565.978100,0
1753726200000,185.0500,185.4000,184.9700,185.37,32747.07,1753726259999,6062726.501600,3352,22430.60,4152462.526200,0
1753726260000,185.3600,185.7600,185.3100,185.75,19292.93,1753726319999,3578871.019400,3478,10178.35,1888251.603700,0
1753726320000,185.7500,185.8400,185.6300,185.68,14799.55,1753726379999,2748895.651200,2829,6413.47,1191244.867600,0
1753726380000,185.6700,185.8400,185.6700,185.84,9444.96,1753726439999,1754640.239400,1555,5109.64,949276.027700,0
1753726440000,185.8300,185.8500,185.6600,185.76,9461.15,1753726499999,1757598.979800,1761,5600.24,1040359.945300,0
1753726500000,185.7600,185.8500,185.6700,185.73,9960.16,1753726559999,1850317.801600,2566,4633.62,860766.028400,0
1753726560000,185.7300,185.7300,185.3200,185.38,14298.42,1753726619999,2652567.165500,2831,5872.24,1089366.922300,0
1753726620000,185.3800,185.5700,185.1800,185.24,13139.78,1753726679999,2436266.445300,2032,6089.98,1129591.378100,0
1753726680000,185.2400,185.4300,185.0300,185.04,14333.82,1753726739999,2655130.691000,2546,4479.87,829986.818500,0
1753726740000,185.0300,185.0700,184.4400,184.47,48343.94,1753726799999,8929977.487300,4620,6526.62,1206795.351500,0
1753726800000,184.4700,184.5700,184.3300,184.46,92833.48,1753726859999,17119681.315200,7408,47796.77,8814727.810300,0
1753726860000,184.4700,184.5600,184.3200,184.49,35652.47,1753726919999,6575911.894600,3418,17857.19,3294039.318500,0
1753726920000,184.4800,184.9100,184.4300,184.84,17500.55,1753726979999,3231535.651800,2874,9755.95,1801618.473900,0
1753726980000,184.8300,184.8900,184.6500,184.86,22832.91,1753727039999,4219153.010800,2314,12296.72,2272013.868000,0
1753727040000,184.8500,185.0600,184.7700,185.04,18293.68,1753727099999,3383795.523200,2301,13854.11,2562738.921300,0
1753727100000,185.0500,185.1700,184.8300,184.92,10113.06,1753727159999,1870807.238100,2087,3663.62,677713.155700,0
1753727160000,184.9200,184.9800,184.7400,184.96,14292.86,1753727219999,2642247.919200,1669,4806.60,888412.423700,0
1753727220000,184.9700,185.0700,184.8900,184.9,6948.02,1753727279999,1285300.920100,1654,2426.14,448784.565600,0
1753727280000,184.9100,184.9100,184.2800,184.68,136418.60,1753727339999,25172175.024660,6595,41089.23,7581252.126700,0
1753727340000,184.6800,184.7500,184.3900,184.52,76639.60,1753727399999,14140414.550700,3915,44464.55,8202438.605800,0
1753727400000,184.5300,184.7400,184.2800,184.29,29379.04,1753727459999,5420807.370100,3856,15361.23,2834480.578500,0
1753727460000,184.3000,184.4900,183.5000,183.85,182680.30,1753727519999,33604339.848900,12203,42419.72,7805048.610200,0
1753727520000,183.8500,184.0000,183.5000,183.83,77577.53,1753727579999,14258957.011900,5402,29061.74,5343261.705400,0
1753727580000,183.8300,183.8300,183.3600,183.62,136307.96,1753727639999,25017857.640500,7260,55181.09,10127305.055100,0
1753727640000,183.6200,183.7000,183.3900,183.62,31997.15,1753727699999,5872912.827700,7022,14705.93,2699116.990900,0
1753727700000,183.6300,183.8900,183.5900,183.78,29329.76,1753727759999,5388962.253200,6709,13100.61,2406886.068000,0
1753727760000,183.7800,184.0100,183.6700,183.93,41972.77,1753727819999,7718745.453300,3675,25077.81,4611957.593700,0
1753727820000,183.9100,184.0900,183.8400,183.98,20054.17,1753727879999,3689145.226300,2554,12367.62,2275149.624300,0
1753727880000,183.9800,184.1000,183.7100,183.91,30271.48,1753727939999,5567094.055300,2832,19210.91,3533359.008300,0
1753727940000,183.9100,184.3300,183.8200,184.33,27701.66,1753727999999,5098222.155500,3004,20589.20,3788427.941900,0
1753728000000,184.3300,184.9500,184.3100,184.95,40785.20,1753728059999,7532113.568900,5074,25559.04,4719655.589700,0
1753728060000,184.9500,185.0800,184.8700,185.05,25400.50,1753728119999,4698584.697200,3526,12421.19,2297739.667600,0
1753728120000,185.0500,185.1600,184.9100,185.1,22008.80,1753728179999,4072879.300800,2650,11901.43,2202663.918100,0
1753728180000,185.1000,185.1800,184.9800,185.12,16417.60,1753728239999,3038782.476600,5684,8113.80,1501970.967900,0
1753728240000,185.1200,185.1300,184.9000,185.0,9546.13,1753728299999,1766033.157900,5057,3114.20,576076.236900,0
1753728300000,185.0000,185.2300,184.9600,184.98,26546.22,1753728359999,4914505.433200,2768,15716.62,2909438.462400,0
1753728360000,184.9800,185.0500,184.7300,185.02,11374.76,1753728419999,2103057.447000,1920,5055.49,934692.614000,0
1753728420000,185.0100,185.0700,184.7800,184.78,9185.45,1753728479999,1698700.087400,1779,4204.16,777572.565100,0
1753728480000,184.7900,185.1300,184.7500,185.03,11636.67,1753728539999,2152650.259400,1675,6722.85,1243504.235600,0
1753728540000,185.0200,185.1200,184.9000,184.98,7542.53,1753728599999,1395361.551100,1540,4008.99,741638.948200,0
1753728600000,184.9800,185.1000,184.9500,185.1,20707.93,1753728659999,3831726.020900,1710,14060.44,2601759.761600,0
1753728660000,185.1000,185.3800,185.0200,185.34,21199.93,1753728719999,3926403.612800,2244,19108.18,3539162.674300,0
1753728720000,185.3400,185.3900,185.0800,185.1,15774.17,1753728779999,2922316.748200,1911,9711.02,1799338.687900,0
1753728780000,185.1100,185.1900,185.0400,185.06,8000.52,1753728839999,1480937.721900,1382,3809.71,705195.852300,0
1753728840000,185.0600,185.0700,184.7500,184.76,9115.55,1753728899999,1685773.132300,1562,2607.50,482149.552400,0
1753728900000,184.7700,184.9300,184.7700,184.78,8654.40,1753728959999,1600006.559000,1401,5140.82,950459.245000,0
1753728960000,184.7800,185.1900,184.7700,185.19,25946.46,1753729019999,4800897.623000,1548,24256.27,4488221.041300,0
1753729020000,185.1900,185.2900,185.1600,185.28,33447.69,1753729079999,6195076.672200,2144,26423.35,4894016.093300,0
1753729080000,185.2700,185.2800,184.9500,185.0,23086.32,1753729139999,4274755.547000,1931,4210.88,779625.271400,0
1753729140000,185.0000,185.1200,185.0000,185.08,11572.18,1753729199999,2141916.966500,1204,6263.80,1159356.867200,0
1753729200000,185.0700,185.3500,185.0100,185.34,23071.90,1753729259999,4272810.985300,2925,14566.23,2697513.130000,0
1753729260000,185.3500,185.3900,185.1400,185.38,14156.60,1753729319999,2623257.575900,1900,9186.93,1702497.157100,0
1753729320000,185.3800,185.5100,185.3500,185.4,23685.39,1753729379999,4392341.696100,2111,18298.61,3393440.204000,0
1753729380000,185.4000,186.0800,185.4000,185.98,67680.06,1753729439999,12572588.347270,5400,55807.34,10365977.168470,0
1753729440000,185.9800,186.2000,185.8300,186.08,27954.63,1753729499999,5200502.395100,3060,14615.94,2718864.086800,0
1753729500000,186.0800,186.2000,186.0300,186.11,21177.94,1753729559999,3941251.161600,1913,12106.62,2252927.083100,0
1753729560000,186.1100,186.3700,186.1100,186.31,32627.54,1753729619999,6076976.713800,2961,19908.06,3707978.455300,0
1753729620000,186.3100,186.3800,186.1100,186.33,35662.49,1753729679999,6642648.895400,2260,12973.95,2416111.268100,0
1753729680000,186.3200,186.3600,185.8500,185.89,18974.88,1753729739999,3530399.703000,2294,7107.54,1322739.898500,0
1753729740000,185.8900,186.0900,185.8900,185.96,9991.93,1753729799999,1858556.550000,1608,5717.90,1063520.599300,0
1753729800000,185.9500,186.1500,185.8400,186.06,17662.70,1753729859999,3285355.261200,2139,11803.86,2195752.750600,0
1753729860000,186.0500,186.0900,185.9000,185.98,7711.93,1753729919999,1434314.456700,1520,4255.25,791426.873000,0
1753729920000,185.9800,186.0800,185.7400,185.82,9363.66,1753729979999,1740820.114100,1787,5254.53,976898.475000,0
1753729980000,185.8300,186.0000,185.8200,185.83,4684.38,1753730039999,870789.365600,1250,2634.22,489651.523100,0
1753730040000,185.8300,185.9200,185.7700,185.8,14132.08,1753730099999,2625907.454200,1365,2982.53,554214.016600,0
1753730100000,185.8000,185.9700,185.5000,185.63,20572.06,1753730159999,3820040.071500,4160,7114.30,1321541.401000,0
1753730160000,185.6300,185.7100,185.3500,185.49,15045.24,1753730219999,2790713.628300,2002,4533.17,840897.281200,0
1753730220000,185.4800,185.8600,185.4500,185.84,14324.68,1753730279999,2660088.652800,1650,6682.99,1241224.637400,0
1753730280000,185.8400,186.0200,185.7000,185.72,16453.53,1753730339999,3058486.123300,2139,12669.13,2355100.962300,0
1753730340000,185.7200,185.8600,185.5500,185.55,7664.78,1753730399999,1423563.323200,1222,3587.50,666298.440700,0
1753730400000,185.5500,185.6200,185.4300,185.56,9438.78,1753730459999,1751041.446700,1633,5903.94,1095295.970000,0
1753730460000,185.5600,185.8800,185.5600,185.88,10707.12,1753730519999,1988572.575800,1497,9089.56,1688192.687500,0
1753730520000,185.8800,185.9200,185.7000,185.7,8953.69,1753730579999,1663817.000700,1409,4919.76,914310.226700,0
1753730580000,185.7000,185.7000,185.5100,185.58,6331.18,1753730639999,1175078.763400,1167,1652.89,306757.092100,0
1753730640000,185.5800,185.7200,185.5600,185.71,3582.59,1753730699999,665014.398200,813,2525.01,468714.404000,0
1753730700000,185.7100,185.9600,185.6200,185.74,14471.25,1753730759999,2688638.387000,1771,9807.12,1821982.537200,0
1753730760000,185.7400,186.0300,185.7400,186.02,21508.88,1753730819999,3999440.153100,2077,17567.26,3266506.216300,0
1753730820000,186.0100,186.0500,185.8500,185.91,5782.02,1753730879999,1075305.328400,1115,2385.91,443657.770000,0
1753730880000,185.9000,185.9500,185.6200,185.72,6137.64,1753730939999,1140061.881500,1272,3484.93,647314.635500,0
1753730940000,185.7100,185.7700,185.6100,185.66,5729.19,1753730999999,1063925.161200,1040,1788.98,332218.480600,0
1753731000000,185.6600,185.6600,185.1400,185.15,36451.02,1753731059999,6756438.898400,4537,10134.20,1877223.683000,0
1753731060000,185.1600,185.3200,185.1600,185.27,10189.90,1753731119999,1887852.321800,1536,4361.24,807949.952100,0
1753731120000,185.2800,185.4700,185.2700,185.4,5004.02,1753731179999,927711.044500,1001,3505.02,649777.424700,0
1753731180000,185.4000,185.4100,185.2100,185.3,6625.67,1753731239999,1227808.991000,1195,2188.15,405542.709400,0
1753731240000,185.3100,185.3100,185.0200,185.17,17953.22,1753731299999,3323792.430200,2061,3285.43,608273.711600,0
1753731300000,185.1800,185.2500,185.0200,185.16,19989.75,1753731359999,3701082.923600,1689,4517.62,836238.242300,0
1753731360000,185.1500,185.2200,184.9400,185.1,15165.65,1753731419999,2806121.246900,2132,3426.24,634030.366100,0
1753731420000,185.0900,185.2200,185.0800,185.21,6913.85,1753731479999,1280076.665600,1117,3348.93,620056.845500,0
1753731480000,185.2100,185.2400,185.0200,185.02,6149.42,1753731539999,1138524.180900,981,2226.26,412254.965100,0
1753731540000,185.0200,185.1200,184.9800,185.0,4217.82,1753731599999,780530.414100,836,1637.46,303019.045600,0
1753731600000,185.0000,185.1100,184.8900,185.1,13727.46,1753731659999,2539556.161700,1556,4633.27,857055.165100,0
1753731660000,185.1000,185.2400,185.0400,185.06,7474.83,1753731719999,1384092.185500,1125,2376.28,440001.778200,0
1753731720000,185.0600,185.1300,184.8900,184.9,12068.47,1753731779999,2232929.153000,1250,1447.27,267781.657400,0
1753731780000,184.9000,184.9200,184.7600,184.77,17368.51,1753731839999,3210667.866700,1703,8971.93,1658533.571400,0
1753731840000,184.7700,184.7900,184.3900,184.49,54268.01,1753731899999,10016408.350760,4478,11039.35,2037398.510400,0
1753731900000,184.4900,184.6100,184.0600,184.09,50668.16,1753731959999,9341342.991360,3792,16612.49,3062918.364400,0
1753731960000,184.1000,184.3200,184.0200,184.09,41184.80,1753732019999,7583683.917200,3226,19097.49,3516742.890200,0
1753732020000,184.0800,184.1400,183.8500,183.86,47892.31,1753732079999,8811074.074800,3269,13277.07,2443209.120700,0
1753732080000,183.8600,183.9300,183.5500,183.58,51998.19,1753732139999,9553368.459200,4017,17512.06,3217743.420700,0
1753732140000,183.5700,183.9300,183.5500,183.75,35189.23,1753732199999,6464991.559400,6494,19750.45,3628289.409000,0
1753732200000,183.7500,184.0800,183.7400,183.87,22401.78,1753732259999,4120504.097100,5488,12203.63,2244582.846900,0
1753732260000,183.8700,184.2700,183.8100,184.25,15775.11,1753732319999,2902925.518900,2048,11725.97,2157976.710300,0
1753732320000,184.2500,184.5500,184.1500,184.47,67555.67,1753732379999,12454903.090200,4469,54617.90,10069801.514300,0
1753732380000,184.4700,184.8900,184.4600,184.81,29205.28,1753732439999,5393878.903800,2982,20117.92,3715233.424200,0
1753732440000,184.8200,184.9500,184.6400,184.94,28499.45,1753732499999,5267155.680900,2641,16734.69,3092869.235100,0
1753732500000,184.9500,185.2600,184.9100,185.17,31449.52,1753732559999,5820229.684000,3292,18339.04,3393859.307200,0
1753732560000,185.1700,185.2900,185.0900,185.12,58677.84,1753732619999,10865709.153500,6119,36923.41,6837185.948500,0
1753732620000,185.1200,185.3300,185.0800,185.18,38915.73,1753732679999,7207291.498500,5411,21358.60,3955908.795200,0
1753732680000,185.1800,185.4000,185.1800,185.27,22816.95,1753732739999,4227628.790200,1957,15351.44,2844461.755800,0
1753732740000,185.2700,185.2700,185.0800,185.2,9189.37,1753732799999,1701738.231100,1728,4902.89,907910.623300,0
1753732800000,185.2100,185.4900,185.1000,185.14,25409.20,1753732859999,4709330.978900,3360,17055.34,3161340.725600,0
1753732860000,185.1400,185.2000,185.0500,185.09,12500.20,1753732919999,2314168.071200,1482,7090.17,1312734.017800,0
1753732920000,185.1000,185.3500,185.1000,185.28,8693.33,1753732979999,1610298.607700,1400,5297.46,981164.687200,0
1753732980000,185.2800,185.3700,185.0100,185.11,7548.22,1753733039999,1397617.693600,1446,2577.30,477325.735000,0
1753733040000,185.1100,185.1900,184.9500,185.19,12316.75,1753733099999,2279135.518400,1566,3401.09,629365.515900,0
1753733100000,185.2000,185.3000,185.0000,185.09,11914.41,1753733159999,2206055.569500,1817,2688.61,497785.129300,0
1753733160000,185.0900,185.1900,184.5900,184.61,17694.22,1753733219999,3270607.421200,2332,4904.23,906368.009900,0
1753733220000,184.6100,184.6600,184.4000,184.47,56272.95,1753733279999,10384859.885200,3716,9034.10,1667241.322400,0
1753733280000,184.4700,184.8300,184.3900,184.82,48796.96,1753733339999,9010123.920400,2745,25205.50,4654076.437600,0
1753733340000,184.8300,184.8500,184.7200,184.75,11453.30,1753733399999,2116510.516900,1240,3275.71,605320.679300,0
1753733400000,184.7500,184.7500,184.5400,184.67,28105.06,1753733459999,5189999.344700,1815,8023.45,1481519.851500,0
1753733460000,184.6800,184.6800,183.9900,184.12,53746.63,1753733519999,9902151.894300,4844,13442.19,2476644.788000,0
1753733520000,184.1200,184.1800,183.8500,183.91,21063.43,1753733579999,3876064.175600,2555,9037.06,1662964.365900,0
1753733580000,183.9100,184.1200,183.9100,183.93,17267.25,1753733639999,3177409.195900,1893,5315.84,978230.301400,0
1753733640000,183.9300,184.2400,183.9300,184.05,10310.66,1753733699999,1898596.705500,1549,6406.37,1179550.670400,0
1753733700000,184.0600,184.5200,184.0600,184.51,12543.38,1753733759999,2311070.107600,1605,8679.25,1598921.920000,0
1753733760000,184.5100,184.5200,184.1600,184.17,15947.62,1753733819999,2940226.235300,1343,3854.07,710492.876500,0
1753733820000,184.1600,184.1700,183.9500,184.01,16972.12,1753733879999,3123286.090600,1686,8900.24,1637814.206700,0
1753733880000,184.0200,184.2200,183.9400,184.22,13891.10,1753733939999,2556999.192700,1635,10215.20,1880494.364000,0
1753733940000,184.2300,184.4000,184.1600,184.37,5986.26,1753733999999,1103191.075900,1171,3968.66,731344.548900,0
1753734000000,184.3800,184.4400,184.2600,184.37,10832.89,1753734059999,1996928.987200,1409,5305.22,977951.636200,0
1753734060000,184.3700,184.3700,184.1100,184.12,10409.36,1753734119999,1917884.758200,1326,1118.58,206088.257200,0
1753734120000,184.1200,184.1800,183.9700,183.97,18078.00,1753734179999,3327558.613500,1613,5201.81,957556.920600,0
1753734180000,183.9600,183.9700,183.8000,183.9,14368.34,1753734239999,2642248.088700,1501,3038.64,558739.411100,0
1753734240000,183.9000,184.1700,183.9000,184.16,7380.19,1753734299999,1358464.023200,1255,4771.45,878207.410700,0
1753734300000,184.1600,184.1600,184.0000,184.09,10209.61,1753734359999,1879271.078000,1372,2858.19,526081.428700,0
1753734360000,184.0900,184.1500,183.5700,183.58,13741.47,1753734419999,2525764.449200,2499,5148.87,946373.198000,0
1753734420000,183.5800,183.6900,183.2100,183.27,52731.65,1753734479999,9674495.290950,7819,14580.43,2675825.165500,0
1753734480000,183.2700,183.4500,182.9200,182.95,115631.59,1753734539999,21178402.155820,10412,27611.09,5059141.099500,0
1753734540000,182.9500,183.0400,182.5200,182.78,128957.28,1753734599999,23575040.091790,8983,28044.21,5126737.716600,0
1753734600000,182.7700,183.0500,182.6000,182.95,56878.73,1753734659999,10401303.281700,5084,30982.60,5666275.772400,0
1753734660000,182.9500,183.3600,182.8900,183.2,29830.58,1753734719999,5465831.444000,3261,16374.46,3000082.894900,0
1753734720000,183.1900,183.4100,183.0700,183.41,14371.85,1753734779999,2633462.887500,2427,8173.86,1497668.437200,0
1753734780000,183.4100,183.6400,183.2900,183.57,27623.56,1753734839999,5069131.703900,2903,17675.55,3243505.202800,0
1753734840000,183.5800,183.8000,183.3800,183.74,57874.03,1753734899999,10628760.206100,4431,48486.56,8904716.560700,0
1753734900000,183.7500,184.0900,183.7000,184.06,17079.01,1753734959999,3140368.917000,2843,11244.59,2067641.843500,0
1753734960000,184.0600,184.2900,183.9200,184.28,26131.12,1753735019999,4812135.182500,3144,17422.45,3208136.660100,0
1753735020000,184.2900,184.4900,184.2100,184.49,20077.04,1753735079999,3701249.956060,2881,11064.62,2039693.133660,0
1753735080000,184.4900,184.4900,183.8100,184.0,45814.16,1753735139999,8429927.210500,3389,29674.39,5459443.113300,0
1753735140000,184.0100,184.3500,183.9900,184.31,31031.82,1753735199999,5714187.567800,2627,18578.93,3421017.951100,0
1753735200000,184.3100,184.4500,184.1800,184.44,15884.89,1753735259999,2927863.368700,2164,7002.73,1290861.522700,0
1753735260000,184.4500,184.4500,184.1300,184.2,15087.98,1753735319999,2781296.980500,1746,3549.27,654042.002900,0
1753735320000,184.1900,184.3100,184.0100,184.15,5991.48,1753735379999,1103360.125500,1366,3048.74,561367.873000,0
1753735380000,184.1600,184.2000,184.0200,184.08,7748.92,1753735439999,1426691.695300,1325,3871.65,712819.403400,0
1753735440000,184.0800,184.1600,183.6500,183.65,21064.53,1753735499999,3875070.147100,2467,8535.65,1570520.912900,0
1753735500000,183.6500,184.0900,183.6500,184.08,8501.56,1753735559999,1563380.222800,1467,5153.01,947463.572400,0
1753735560000,184.0800,184.4200,184.0800,184.31,9054.72,1753735619999,1668643.862800,1904,6262.39,1153980.171300,0
1753735620000,184.3100,184.3100,183.7500,183.87,10337.02,1753735679999,1902079.743100,2154,3988.71,733900.587600,0
1753735680000,183.8600,184.1200,183.8200,183.87,15012.10,1753735739999,2761709.610700,2073,8515.10,1566323.648300,0
1753735740000,183.8700,183.8700,183.5500,183.56,8169.23,1753735799999,1501181.285400,1765,3181.32,584610.090400,0
1753735800000,183.5500,183.9300,183.5200,183.88,8933.91,1753735859999,1641575.415300,1800,5577.95,1024878.722700,0
1753735860000,183.8900,184.0800,183.8100,184.07,6705.19,1753735919999,1233285.898500,1614,3266.34,600750.563800,0
1753735920000,184.0700,184.1000,183.8200,183.82,8612.95,1753735979999,1584749.048400,1952,5470.92,1006661.769600,0
1753735980000,183.8300,184.0900,183.8200,184.08,6407.26,1753736039999,1178382.910300,1291,3734.66,686794.108300,0
1753736040000,184.0800,184.5500,184.0200,184.51,13001.39,1753736099999,2397272.098400,2365,7486.76,1380294.339500,0
1753736100000,184.5200,184.6500,184.4400,184.55,9672.82,1753736159999,1784956.192060,1795,4459.33,822873.798660,0
1753736160000,184.5600,184.5600,184.3400,184.45,9704.80,1753736219999,1789869.753100,1535,4936.78,910477.347000,0
1753736220000,184.4500,184.5300,184.3300,184.34,8518.15,1753736279999,1570895.497600,1214,3643.57,672007.146700,0
1753736280000,184.3400,184.3500,184.2000,184.22,9716.74,1753736339999,1790460.991300,1481,2723.25,501720.747800,0
1753736340000,184.2300,184.3600,184.0900,184.12,19838.81,1753736399999,3654618.107300,2223,8605.33,1585231.308800,0
1753736400000,184.1100,184.1900,183.8500,184.18,21248.08,1753736459999,3910302.746200,3154,8556.06,1574406.289000,0
1753736460000,184.1900,184.3200,184.1200,184.18,14574.16,1753736519999,2685067.165900,1838,10390.92,1914369.516300,0
1753736520000,184.1800,184.5100,184.1800,184.49,9139.45,1753736579999,1685355.475500,1472,7184.09,1324794.506500,0
1753736580000,184.4900,184.6500,184.3800,184.65,14193.58,1753736639999,2619011.307500,1706,10204.14,1883112.633300,0
1753736640000,184.6400,184.8700,184.5900,184.85,35794.94,1753736699999,6611564.296700,2938,28434.93,5252191.040400,0
1753736700000,184.8500,184.9400,184.6900,184.85,12245.12,1753736759999,2263314.265000,1887,6865.16,1268883.753500,0
1753736760000,184.8500,184.9700,184.6200,184.63,10806.08,1753736819999,1997654.913400,1604,5118.00,946105.831500,0
1753736820000,184.6300,184.6400,184.3500,184.36,9124.75,1753736879999,1682884.956300,1472,3046.23,561799.107800,0
1753736880000,184.3500,184.4800,184.2500,184.25,5297.41,1753736939999,976800.660400,1510,2145.57,395631.916600,0
1753736940000,184.2600,184.3300,184.0300,184.18,12829.76,1753736999999,2363413.510500,1939,3231.62,595193.887200,0
1753737000000,184.1700,184.3300,184.0800,184.24,7803.13,1753737059999,1437150.032600,1280,3537.33,651487.268200,0
1753737060000,184.2500,184.5600,184.2300,184.49,4893.26,1753737119999,902451.107100,1636,2961.97,546221.874900,0
1753737120000,184.5000,184.5500,184.3900,184.45,4949.70,1753737179999,913120.454200,1207,3030.03,558976.287300,0
1753737180000,184.4500,184.5100,184.2500,184.29,4092.23,1753737239999,754578.670200,1152,1450.36,267413.338400,0
1753737240000,184.3000,184.4500,184.2500,184.37,7904.44,1753737299999,1457572.286700,1165,3125.20,576250.696700,0
1753737300000,184.3600,184.6600,184.3500,184.39,6815.44,1753737359999,1257409.704400,2483,3929.47,724911.147700,0
1753737360000,184.3900,184.4300,184.1700,184.35,9385.79,1753737419999,1729924.377600,1854,6296.79,1160542.992200,0
1753737420000,184.3400,184.4000,184.0300,184.28,10450.35,1753737479999,1925322.844700,1891,3668.63,675799.875600,0
1753737480000,184.2800,184.4700,184.2400,184.25,10432.78,1753737539999,1923496.071800,2076,4976.97,917521.139600,0
1753737540000,184.2400,184.3600,184.1600,184.25,3468.48,1753737599999,639038.619400,1177,1899.27,349924.501000,0
1753737600000,184.2500,184.2500,183.9600,184.18,9651.94,1753737659999,1776419.554800,1595,3081.11,566969.016600,0
1753737660000,184.1700,184.3300,183.9400,184.0,8546.67,1753737719999,1573532.328300,1724,4767.58,877597.308700,0
1753737720000,184.0100,184.0400,183.8800,183.9,3494.85,1753737779999,642809.300000,840,1410.64,259476.598600,0
1753737780000,183.9000,183.9400,183.5100,183.51,17798.89,1753737839999,3269741.714500,2255,3022.14,555338.258000,0
1753737840000,183.5200,183.7600,183.5200,183.58,11569.43,1753737899999,2124888.479600,1433,6533.90,1200005.943100,0
1753737900000,183.5800,183.6300,183.2400,183.26,19354.70,1753737959999,3550196.455000,2421,5341.11,979934.740000,0
1753737960000,183.2500,183.6000,183.2500,183.53,12086.00,1753738019999,2217157.422400,2207,7590.86,1392403.803400,0
1753738020000,183.5400,183.9000,183.5400,183.87,8856.87,1753738079999,1627718.424600,1576,6943.82,1276097.213200,0
1753738080000,183.8800,184.0300,183.7600,184.02,6594.33,1753738139999,1212934.234600,1531,5123.70,942463.368500,0
1753738140000,184.0200,184.0500,183.9200,183.94,5044.93,1753738199999,928232.340600,1014,2491.56,458404.333900,0
1753738200000,183.9400,183.9400,183.6500,183.82,12461.39,1753738259999,2290960.047700,2435,9783.51,1798717.425200,0
1753738260000,183.8300,184.1800,183.8300,184.16,7152.32,1753738319999,1316101.080500,1312,2657.76,489117.450800,0
1753738320000,184.1600,184.5500,184.1600,184.55,9111.13,1753738379999,1679907.803000,2175,5207.93,960330.908300,0
1753738380000,184.5600,184.5700,184.2600,184.37,13238.74,1753738439999,2441168.174300,1983,6604.08,1217546.022400,0
1753738440000,184.3700,184.5600,184.2500,184.54,5281.91,1753738499999,974137.209000,1137,2816.89,519397.221400,0
1753738500000,184.5500,184.7800,184.5100,184.73,16011.91,1753738559999,2956916.272800,1771,11586.99,2139750.024900,0
1753738560000,184.7200,184.8900,184.6800,184.89,4664.28,1753738619999,862100.914500,1137,2619.73,484212.689300,0
1753738620000,184.8900,184.9400,184.6700,184.76,13903.33,1753738679999,2569475.341200,1594,7448.13,1376302.651800,0
1753738680000,184.7500,184.8500,184.6700,184.72,4573.46,1753738739999,844977.910000,881,2831.05,523031.799300,0
1753738740000,184.7100,185.0100,184.6300,184.99,10311.70,1753738799999,1906356.516600,1723,7598.66,1404731.021600,0
1753738800000,185.0000,185.0100,184.8900,184.98,8425.95,1753738859999,1558451.386700,1074,3258.83,602748.955000,0
1753738860000,184.9800,185.1000,184.9400,184.97,10736.45,1753738919999,1986221.830600,1533,6553.55,1212352.550900,0
1753738920000,184.9600,185.0500,184.9000,185.05,4481.54,1753738979999,828868.081100,917,2128.13,393614.861500,0
1753738980000,185.0400,185.1000,185.0000,185.06,10173.98,1753739039999,1882722.016700,3444,2861.91,529637.225200,0
1753739040000,185.0600,185.1100,184.9900,185.05,12711.92,1753739099999,2352364.942300,4481,4018.16,743646.137600,0
1753739100000,185.0400,185.0600,185.0400,185.06,2011.09,1753739159999,372145.115400,1236,1193.07,220777.947500,0
1753739160000,185.0500,185.1000,184.8100,184.92,9048.80,1753739219999,1673587.382800,2325,2762.96,510937.033300,0
1753739220000,184.9200,185.0400,184.8800,184.9,4408.43,1753739279999,815346.855400,907,1762.93,326036.453400,0
1753739280000,184.9000,184.9100,184.6600,184.66,5072.36,1753739339999,937061.171200,842,2052.95,379224.488000,0
1753739340000,184.6600,184.6700,184.4900,184.5,4453.52,1753739399999,821816.744800,1023,1672.50,308600.742900,0
1753739400000,184.4900,184.5000,184.4000,184.4,3333.68,1753739459999,614878.078900,728,987.47,182131.624800,0
1753739460000,184.4000,184.4100,184.1300,184.3,8104.04,1753739519999,1493202.082700,1695,4274.34,787499.697300,0
1753739520000,184.3000,184.3200,184.2400,184.24,2326.35,1753739579999,428684.047700,548,887.18,163476.513500,0
1753739580000,184.2500,184.2500,183.8300,183.83,9640.09,1753739639999,1773997.810900,1779,2953.91,543443.831000,0
1753739640000,183.8300,184.0600,183.8100,183.98,6486.80,1753739699999,1193271.749800,1360,4581.61,842740.824100,0
1753739700000,183.9800,183.9800,183.8000,183.86,3938.94,1753739759999,724260.755100,926,2773.45,509950.178800,0
1753739760000,183.8600,183.8700,183.6200,183.62,7383.37,1753739819999,1356703.401000,1450,2568.79,472024.776500,0
1753739820000,183.6300,183.6400,183.4100,183.55,11877.27,1753739879999,2179880.120500,1494,5073.87,931098.741500,0
1753739880000,183.5500,184.1200,183.5500,184.1,17762.14,1753739939999,3266175.069900,5553,11765.15,2163148.652600,0
1753739940000,184.1000,184.2100,184.1000,184.17,9445.01,1753739999999,1739261.092100,4270,5896.09,1085716.128600,0
1753740000000,184.1700,184.2200,183.9000,184.17,16818.42,1753740059999,3095877.611300,2738,9671.73,1780285.959900,0
1753740060000,184.1700,184.3200,184.0800,184.29,11229.62,1753740119999,2068847.076000,2298,5968.39,1099527.600900,0
1753740120000,184.2800,184.4400,184.1600,184.27,26909.76,1753740179999,4960340.487000,3873,13945.40,2570408.100400,0
1753740180000,184.2800,184.3800,184.1300,184.27,18096.96,1753740239999,3335169.408600,2381,8543.15,1574353.655000,0
1753740240000,184.2700,184.2700,183.9000,183.9,4607.70,1753740299999,848138.996300,1341,1461.88,269071.531300,0
1753740300000,183.9000,184.3000,183.9000,184.3,10772.29,1753740359999,1983152.879600,1827,6129.82,1128539.559000,0
1753740360000,184.2900,184.4800,184.2900,184.39,6546.65,1753740419999,1207115.676400,1493,4178.70,770459.862200,0
1753740420000,184.3800,184.5500,184.3600,184.54,13521.42,1753740479999,2494447.862600,1501,7531.81,1389430.822900,0
1753740480000,184.5400,184.5600,184.4200,184.47,8440.32,1753740539999,1557321.870800,1072,2967.85,547496.954500,0
1753740540000,184.4800,184.5100,184.0400,184.05,6564.88,1753740599999,1209842.662400,1286,1119.88,206327.985800,0
1753740600000,184.0400,184.0900,183.9100,184.0,6691.32,1753740659999,1231242.109400,1324,4908.84,903249.871800,0
1753740660000,183.9900,184.0000,183.4800,183.48,15383.68,1753740719999,2825950.632400,2611,5382.28,988838.368500,0
1753740720000,183.4900,183.6900,183.4800,183.65,11949.76,1753740779999,2193996.901800,1443,6194.44,1137202.085200,0
1753740780000,183.6400,183.9500,183.6300,183.8,9110.36,1753740839999,1674014.892700,1357,6529.05,1199577.861800,0
1753740840000,183.8100,183.9500,183.7400,183.93,6383.22,1753740899999,1173559.111800,1165,4247.90,781016.936800,0
1753740900000,183.9400,184.0500,183.6500,183.7,8763.47,1753740959999,1611143.796600,1570,4493.62,825841.925300,0
1753740960000,183.6900,183.6900,183.4200,183.61,8303.79,1753741019999,1523827.420700,1436,4110.34,754254.715400,0
1753741020000,183.6000,183.8800,183.6000,183.86,12179.67,1753741079999,2237928.243400,1549,7725.32,1419419.467600,0
1753741080000,183.8600,184.0400,183.7500,183.99,10064.38,1753741139999,1850726.444600,1521,5095.67,936895.980400,0
1753741140000,183.9900,184.1100,183.6100,183.61,7789.30,1753741199999,1433059.715500,1567,2898.03,533278.909700,0
1753741200000,183.6100,183.6500,183.3400,183.34,21057.60,1753741259999,3864069.274600,2328,8682.16,1593457.893700,0
1753741260000,183.3300,183.5200,183.2200,183.35,14634.89,1753741319999,2682908.519400,2124,8069.12,1479253.135200,0
1753741320000,183.3500,183.4100,183.2200,183.29,7532.85,1753741379999,1380888.728600,1382,4640.16,850559.425200,0
1753741380000,183.2800,183.3700,183.2300,183.3,9874.97,1753741439999,1810158.195300,1115,5684.68,1041963.394500,0
1753741440000,183.3100,183.7100,183.3000,183.67,5651.93,1753741499999,1036955.575500,1452,3721.92,682859.970600,0
1753741500000,183.6800,183.6800,183.4800,183.59,4489.56,1753741559999,824120.111400,890,2664.72,489137.080800,0
1753741560000,183.5900,183.8700,183.5100,183.87,3772.14,1753741619999,692816.338600,1044,2948.32,541544.623200,0
1753741620000,183.8600,183.8700,183.7200,183.72,6863.80,1753741679999,1261599.452700,1144,2128.23,391155.050900,0
1753741680000,183.7300,183.8000,183.6100,183.62,6028.53,1753741739999,1107260.142900,874,4120.64,756824.566600,0
1753741740000,183.6200,183.6700,183.5000,183.53,3658.48,1753741799999,671639.103700,805,2577.27,473155.347700,0
1753741800000,183.5300,183.6600,183.2300,183.24,18555.15,1753741859999,3402679.692800,1939,6644.66,1218728.167200,0
1753741860000,183.2400,183.2400,182.9600,183.04,21054.21,1753741919999,3854137.674980,2880,7333.07,1342527.780100,0
1753741920000,183.0500,183.3200,183.0500,183.19,7627.50,1753741979999,1397420.424300,1400,5393.67,988142.835400,0
1753741980000,183.1900,183.2300,182.9300,182.94,15892.26,1753742039999,2908766.579300,1604,3703.92,678148.868500,0
1753742040000,182.9400,183.1100,182.8700,182.94,26410.53,1753742099999,4832847.061900,2491,9792.87,1791994.391700,0
1753742100000,182.9500,183.0600,182.8000,183.02,7363.28,1753742159999,1347046.224600,1525,4263.47,780008.211800,0
1753742160000,183.0200,183.2600,182.9400,183.23,8802.63,1753742219999,1611553.231600,1558,5801.13,1062057.963100,0
1753742220000,183.2400,183.2600,182.9600,183.24,9919.92,1753742279999,1816258.971000,1582,5798.12,1061596.085100,0
1753742280000,183.2400,183.3800,183.1100,183.13,10650.77,1753742339999,1951898.100800,1511,6528.35,1196323.699100,0
1753742340000,183.1300,183.2700,182.9700,182.97,11364.39,1753742399999,2081414.849100,1568,8559.49,1567762.898700,0
1753742400000,182.9700,183.0100,182.7600,182.76,15017.90,1753742459999,2746422.400600,2049,4847.56,886595.277500,0
1753742460000,182.7700,182.7800,182.3500,182.44,54449.87,1753742519999,9936328.307620,5024,15138.89,2762800.021600,0
1753742520000,182.4500,182.5800,182.3300,182.57,24486.13,1753742579999,4467152.359900,2465,13079.69,2386153.754300,0
1753742580000,182.5600,182.6300,182.0600,182.24,57066.05,1753742639999,10398963.063500,5347,15600.32,2843159.005400,0
1753742640000,182.2400,182.8500,182.2400,182.74,25732.50,1753742699999,4698904.428600,3520,17030.88,3109661.359400,0
1753742700000,182.7400,182.7400,182.5300,182.61,14699.31,1753742759999,2684641.951800,2380,8068.83,1473641.467300,0
1753742760000,182.6100,182.7700,182.5000,182.75,12467.48,1753742819999,2276792.533000,1873,5918.18,1080774.053400,0
1753742820000,182.7400,182.7800,182.5900,182.78,5378.02,1753742879999,982462.341200,1265,2039.48,372562.122800,0
1753742880000,182.7700,183.1400,182.7700,183.13,57143.31,1753742939999,10452033.206600,3353,41397.29,7571652.389500,0
1753742940000,183.1200,183.2200,182.9100,182.99,14753.08,1753742999999,2701181.469400,2097,6519.30,1193449.143400,0
1753743000000,182.9900,183.1900,182.8800,182.88,7749.18,1753743059999,1418384.548100,1508,4404.23,806173.642400,0
1753743060000,182.8800,183.3300,182.8800,183.31,9563.92,1753743119999,1752404.059400,1570,5792.25,1061387.066800,0
1753743120000,183.3100,183.4000,183.2300,183.33,12020.54,1753743179999,2203655.967600,1324,6700.25,1228292.470600,0
1753743180000,183.3300,183.4200,183.2300,183.23,8808.06,1753743239999,1614982.678900,1130,4178.75,766254.734100,0
1753743240000,183.2300,183.3100,183.2200,183.29,4720.07,1753743299999,865014.728000,782,1753.51,321351.164800,0
1753743300000,183.2900,183.3400,183.0800,183.09,10359.86,1753743359999,1897941.445400,1268,2521.72,461944.444700,0
1753743360000,183.0900,183.2500,183.0200,183.23,16721.41,1753743419999,3062509.247400,1676,7276.67,1332747.471500,0
1753743420000,183.2300,183.4100,183.0800,183.4,5678.97,1753743479999,1040491.965600,1052,2526.88,463039.086600,0
1753743480000,183.4000,183.4400,183.3100,183.34,12164.91,1753743539999,2230782.166700,1249,7971.92,1461906.995400,0
1753743540000,183.3300,183.5700,183.3100,183.57,4330.97,1753743599999,794401.171700,1031,2087.87,383016.533600,0
1753743600000,183.5800,183.6400,183.3800,183.55,16604.26,1753743659999,3047272.311000,2129,8524.95,1564439.414800,0
1753743660000,183.5400,183.6400,183.2000,183.24,12043.00,1753743719999,2209453.225700,1507,4204.92,771730.945400,0
1753743720000,183.2300,183.4000,183.1600,183.3,9067.17,1753743779999,1662121.856200,1434,5576.42,1022210.308300,0
1753743780000,183.2900,183.2900,182.9100,183.09,15520.27,1753743839999,2841808.355700,2104,3553.21,650455.573600,0
1753743840000,183.0900,183.6000,183.0900,183.56,8908.56,1753743899999,1633630.879100,1752,5777.64,1059380.936100,0
1753743900000,183.5600,183.8400,183.5000,183.83,16954.07,1753743959999,3113958.357100,1896,11113.97,2041264.073900,0
1753743960000,183.8300,183.9600,183.7500,183.77,17285.27,1753744019999,3178367.746300,2031,8878.75,1632632.340700,0
1753744020000,183.7600,183.8000,183.6600,183.69,23545.37,1753744079999,4325795.435100,1812,7191.12,1321040.150200,0
1753744080000,183.7000,183.7300,183.5600,183.66,6965.78,1753744139999,1279246.477500,1177,3517.00,645848.711600,0
1753744140000,183.6600,183.7400,183.4600,183.48,6902.48,1753744199999,1267621.410100,1227,2956.61,543025.232200,0
1753744200000,183.4700,183.7500,183.4700,183.65,8970.80,1753744259999,1647071.155400,1668,3709.59,680994.344500,0
1753744260000,183.6400,183.6400,183.3900,183.42,8165.72,1753744319999,1498588.595700,1318,2919.07,535620.416300,0
1753744320000,183.4200,183.5500,183.3900,183.47,8733.73,1753744379999,1602450.963000,1432,4067.38,746266.464000,0
1753744380000,183.4600,183.4600,183.2500,183.25,8196.63,1753744439999,1502738.419000,1348,2822.46,517463.157200,0
1753744440000,183.2500,183.4800,183.2500,183.47,5017.95,1753744499999,920283.290100,1266,2671.16,489834.486800,0
1753744500000,183.4700,183.6000,183.4300,183.55,7630.62,1753744559999,1400284.943000,1838,3733.11,685063.625500,0
1753744560000,183.5500,183.7400,183.4900,183.62,9795.31,1753744619999,1798658.585700,1535,4398.68,807601.328000,0
1753744620000,183.6100,183.7300,183.4900,183.52,19913.02,1753744679999,3655703.247000,1854,5513.70,1012315.501500,0
1753744680000,183.5300,183.5600,183.2400,183.45,9930.59,1753744739999,1821198.952900,1377,5852.12,1073073.742900,0
1753744740000,183.4600,183.6300,183.4600,183.62,7861.93,1753744799999,1442873.687000,1197,4619.64,847783.008500,0
1753744800000,183.6300,183.7900,183.5200,183.74,6435.98,1753744859999,1182132.090500,1268,3652.51,670897.674400,0
1753744860000,183.7400,183.8200,183.6600,183.8,10953.61,1753744919999,2012465.342300,1140,6438.56,1183005.392100,0
1753744920000,183.8000,183.9800,183.8000,183.84,23477.86,1753744979999,4318355.534500,1938,13447.61,2473471.271900,0
1753744980000,183.8300,183.8500,183.6600,183.84,12705.05,1753745039999,2334828.553000,1449,7417.12,1363037.144900,0
1753745040000,183.8400,183.8400,183.6000,183.69,5981.94,1753745099999,1099174.938300,1021,2253.28,413963.884200,0
1753745100000,183.6800,183.7200,183.1500,183.15,13177.39,1753745159999,2417510.773300,1796,2816.99,516699.541500,0
1753745160000,183.1500,183.1700,182.9300,182.93,12399.07,1753745219999,2269589.962500,1894,6037.82,1105180.566500,0
1753745220000,182.9400,183.2100,182.9300,183.13,7117.29,1753745279999,1303077.010900,1177,5542.96,1014785.419800,0
1753745280000,183.1300,183.2300,183.0900,183.12,4057.98,1753745339999,743230.474500,874,1958.16,358634.719300,0
1753745340000,183.1200,183.1400,182.9300,182.94,5081.17,1753745399999,929893.529200,821,1323.32,242193.899200,0
1753745400000,182.9500,183.1300,182.8900,183.1,9275.99,1753745459999,1697553.658900,1576,4720.03,863869.394600,0
1753745460000,183.1000,183.4400,183.0600,183.44,6172.54,1753745519999,1131015.086600,1308,3302.16,605023.493500,0
1753745520000,183.4400,183.6300,183.4200,183.58,6482.12,1753745579999,1189646.864800,1339,4011.38,736198.065200,0
1753745580000,183.5800,183.6400,183.4400,183.61,7518.29,1753745639999,1380082.597000,1172,4625.75,849088.493000,0
1753745640000,183.6100,183.6900,183.4900,183.59,4787.17,1753745699999,878945.647600,846,2567.51,471363.586300,0
1753745700000,183.5800,183.6100,183.2000,183.31,7698.72,1753745759999,1411592.690000,1308,4461.72,818002.695400,0
1753745760000,183.3200,183.6700,183.3200,183.62,6629.37,1753745819999,1216594.527400,1128,5397.95,990578.245500,0
1753745820000,183.6200,183.6200,183.3800,183.46,5257.52,1753745879999,964836.235900,1013,2693.35,494218.940100,0
1753745880000,183.4600,183.7300,183.4500,183.66,18141.58,1753745939999,3330302.206700,1602,13854.42,2543251.325100,0
1753745940000,183.6700,183.6900,183.5700,183.68,7403.24,1753745999999,1359536.564100,959,4485.20,823648.402700,0
1753746000000,183.6900,183.7400,183.5600,183.57,10301.88,1753746059999,1891912.892400,1103,4005.11,735614.450000,0
1753746060000,183.5600,183.6300,183.4800,183.5,8732.57,1753746119999,1602898.195800,1035,4508.20,827469.934400,0
1753746120000,183.5000,183.5000,183.2000,183.21,3407.83,1753746179999,624814.174000,1045,1149.94,210840.459000,0
1753746180000,183.2000,183.2100,183.0000,183.0,7687.27,1753746239999,1407363.880900,1431,3346.93,612754.767400,0
1753746240000,183.0000,183.0400,182.8600,182.87,10984.71,1753746299999,2009650.704200,1487,4077.28,745955.312900,0
1753746300000,182.8700,183.1000,182.8300,183.07,7172.56,1753746359999,1312314.953200,1510,4491.04,821749.569900,0
1753746360000,183.0800,183.0800,182.7900,182.88,10213.62,1753746419999,1868631.603100,1610,5316.26,972667.854200,0
1753746420000,182.8800,183.0700,182.8700,183.06,7079.21,1753746479999,1295535.107500,1079,3557.98,651029.797800,0
1753746480000,183.0600,183.2600,183.0600,183.25,5271.29,1753746539999,965664.898700,1131,2977.02,545352.611700,0
1753746540000,183.2500,183.2700,182.9700,183.06,8940.32,1753746599999,1636964.182400,1121,4816.40,881785.126200,0
1753746600000,183.0700,183.1300,182.9200,183.03,4366.22,1753746659999,799135.829500,940,2735.77,500705.552600,0
1753746660000,183.0400,183.0800,182.5800,182.58,11773.71,1753746719999,2152298.019500,1852,3928.63,718290.521200,0
1753746720000,182.5800,182.6400,182.4300,182.45,18034.11,1753746779999,3291998.524100,2082,9022.33,1647054.030100,0
1753746780000,182.4500,182.4900,182.3000,182.3,20346.03,1753746839999,3710705.771700,1894,7860.31,1433639.808500,0
1753746840000,182.3000,182.3300,182.1200,182.28,24882.29,1753746899999,4534055.303600,2598,6404.53,1167044.296400,0
1753746900000,182.2900,182.4600,182.2300,182.3,12225.00,1753746959999,2229026.553300,1426,7848.33,1430988.783100,0
1753746960000,182.3100,182.3900,182.2300,182.25,6373.16,1753747019999,1161914.368300,1123,1724.58,314383.840700,0
1753747020000,182.2500,182.4300,182.1300,182.42,10708.33,1753747079999,1951637.467600,1579,5176.66,943520.640900,0
1753747080000,182.4200,182.7000,182.4200,182.69,5869.49,1753747139999,1071522.007800,1210,4321.49,788957.272900,0
1753747140000,182.7000,183.0400,182.6500,183.03,9893.69,1753747199999,1809266.044300,1825,6298.17,1151725.297900,0
1753747200000,183.0300,183.0400,182.6800,182.86,19005.36,1753747259999,3475250.193900,2893,7593.19,1388305.151800,0
1753747260000,182.8700,182.9300,182.5700,182.57,19644.54,1753747319999,3591296.204900,1787,11612.06,2123118.322400,0
1753747320000,182.5600,182.9000,182.5600,182.87,13835.03,1753747379999,2527828.960000,1852,9999.48,1827108.367200,0
1753747380000,182.8800,183.3400,182.8800,183.33,11567.19,1753747439999,2118142.648400,2045,7402.10,1355500.452100,0
1753747440000,183.3300,183.4000,183.1900,183.34,19775.67,1753747499999,3625202.289400,2050,7312.16,1340563.272500,0
1753747500000,183.3400,183.4800,183.2600,183.37,9676.58,1753747559999,1774683.867500,1471,3432.19,629423.507500,0
1753747560000,183.3800,183.6300,183.3200,183.62,12223.23,1753747619999,2242462.080000,1816,6226.50,1142426.429800,0
1753747620000,183.6300,183.9000,183.6200,183.81,45427.94,1753747679999,8348323.334700,3633,15607.92,2868121.958100,0
1753747680000,183.8100,184.0000,183.6500,183.96,25980.80,1753747739999,4776867.206800,2770,13780.18,2533495.335300,0
1753747740000,183.9500,184.0700,183.7300,183.74,40786.62,1753747799999,7501161.647100,2279,25793.06,4744334.469800,0
1753747800000,183.7500,183.9500,183.6900,183.95,16882.96,1753747859999,3102914.171000,1791,12684.93,2331367.543600,0
1753747860000,183.9400,184.0400,183.8500,183.91,12410.49,1753747919999,2283009.586400,1842,7043.25,1295615.501900,0
1753747920000,183.9000,184.0300,183.8700,183.99,13393.75,1753747979999,2463862.515300,1335,7356.53,1353327.764800,0
1753747980000,183.9900,183.9900,183.7500,183.84,11226.23,1753748039999,2064090.292200,1320,3626.70,666668.001400,0
1753748040000,183.8500,184.1300,183.8400,184.09,12065.49,1753748099999,2220179.326300,1544,9257.76,1703630.794300,0
1753748100000,184.0800,184.0900,183.9100,183.97,12646.37,1753748159999,2327107.625200,1413,7195.16,1323981.881200,0
1753748160000,183.9700,184.5400,183.9600,184.43,48099.15,1753748219999,8865359.351160,4660,36068.94,6647413.970760,0
1753748220000,184.4400,184.5100,184.3600,184.42,19879.62,1753748279999,3666750.238100,1876,9235.98,1703561.548700,0
1753748280000,184.4200,184.5100,184.3800,184.44,28947.17,1753748339999,5339238.467800,2208,9754.24,1799153.659000,0
1753748340000,184.4300,184.4800,184.3100,184.31,15967.93,1753748399999,2944099.889100,1795,8036.55,1481815.934300,0
1753748400000,184.3200,184.4800,184.3000,184.3,18256.95,1753748459999,3366396.676700,1825,9708.38,1790080.460200,0
1753748460000,184.3100,184.4800,184.2500,184.45,11396.55,1753748519999,2100889.232000,1505,6631.75,1222595.345400,0
1753748520000,184.4400,184.5900,184.3500,184.57,15815.78,1753748579999,2917566.745160,1760,12181.91,2247046.206660,0
1753748580000,184.5700,184.6200,184.5200,184.59,11292.55,1753748639999,2084266.753100,1284,6992.84,1290647.952200,0
1753748640000,184.5900,184.6000,184.3600,184.47,9662.08,1753748699999,1782568.534300,1413,3350.29,618075.618800,0
1753748700000,184.4700,184.5500,184.2800,184.33,7818.92,1753748759999,1442012.969000,1403,3091.46,570162.551800,0
1753748760000,184.3400,184.4800,184.2400,184.38,7852.57,1753748819999,1447699.439200,1332,4466.12,823330.598600,0
1753748820000,184.3800,184.4500,184.3500,184.4,5062.23,1753748879999,933459.118600,1012,2457.27,453115.427600,0
1753748880000,184.4100,184.5400,184.3100,184.37,9252.99,1753748939999,1706296.899900,1479,4751.69,876208.108300,0
1753748940000,184.3800,184.3800,183.8700,183.89,19261.03,1753748999999,3545084.135800,2445,5732.13,1055142.254700,0
1753749000000,183.8900,183.9800,183.8000,183.85,12880.95,1753749059999,2368639.197000,2009,6730.40,1237614.571200,0
1753749060000,183.8600,184.0700,183.8500,183.96,6613.03,1753749119999,1216706.482600,1339,3648.04,671194.934100,0
1753749120000,183.9700,184.1500,183.9600,184.1,9292.28,1753749179999,1710311.385100,1721,3628.54,667827.897000,0
1753749180000,184.1100,184.1100,183.4400,183.44,19559.00,1753749239999,3591509.739200,2789,7558.73,1388143.837500,0
1753749240000,183.4300,183.4700,182.4800,182.48,84139.82,1753749299999,15399980.896900,6734,15227.78,2785509.143900,0
1753749300000,182.4800,182.7500,182.3800,182.59,46245.65,1753749359999,8441778.216300,4574,28293.21,5164890.602700,0
1753749360000,182.5800,182.6000,182.1700,182.18,29004.39,1753749419999,5288830.040200,3369,14403.67,2626327.152800,0
1753749420000,182.1700,182.1900,181.6900,182.02,123033.77,1753749479999,22382615.744900,8646,31603.63,5749872.798500,0
1753749480000,182.0100,182.3500,181.8800,181.91,24790.57,1753749539999,4514499.107500,6496,15027.45,2736833.857000,0
1753749540000,181.9000,182.1100,181.8700,181.97,26546.35,1753749599999,4831150.266300,6020,14558.21,2649394.976300,0
1753749600000,181.9700,182.0600,181.4200,181.46,56845.50,1753749659999,10328221.872600,5745,15330.49,2786137.833100,0
1753749660000,181.4600,181.6600,181.2800,181.46,63545.91,1753749719999,11531404.899500,6268,21112.79,3831423.379200,0
1753749720000,181.4600,181.4800,180.6700,181.23,120672.92,1753749779999,21846149.656000,10709,38924.93,7048380.775500,0
1753749780000,181.2400,181.8300,181.2000,181.81,42723.31,1753749839999,7756452.668600,4241,29955.55,5439153.242600,0
1753749840000,181.8200,181.9400,181.4600,181.8,41286.83,1753749899999,7503575.173300,4142,23079.33,4194656.453500,0
1753749900000,181.8000,182.1900,181.5500,182.15,23157.29,1753749959999,4211622.963400,4284,13282.47,2416172.594100,0
1753749960000,182.1500,182.4300,182.0400,182.38,37207.00,1753750019999,6780106.070900,3296,26180.31,4770720.296200,0
1753750020000,182.3800,182.4700,182.0100,182.25,26099.29,1753750079999,4757073.737200,3001,8308.21,1514566.377900,0
1753750080000,182.2500,182.3100,182.1000,182.13,10743.77,1753750139999,1957664.110800,1501,4094.74,746191.646800,0
1753750140000,182.1300,182.4300,182.1300,182.3,6892.39,1753750199999,1256464.991400,1416,4169.74,760109.732300,0
1753750200000,182.3000,182.3900,182.1500,182.38,12735.24,1753750259999,2320935.710300,1778,6046.53,1101942.439600,0
1753750260000,182.3800,182.3800,182.1400,182.28,9809.01,1753750319999,1787885.013900,1402,3650.60,665326.239900,0
1753750320000,182.2800,182.3900,182.2100,182.38,11452.52,1753750379999,2087780.301600,1306,6238.25,1137234.436300,0
1753750380000,182.3700,182.5600,182.3300,182.56,11199.51,1753750439999,2043634.763800,1381,9210.57,1680759.688800,0
1753750440000,182.5600,182.6200,182.3500,182.39,7857.24,1753750499999,1433888.151900,1316,4174.21,761708.554900,0
1753750500000,182.4000,182.5900,182.3900,182.52,7743.49,1753750559999,1413373.949200,1143,5145.65,939201.075300,0
1753750560000,182.5100,182.6800,182.3800,182.68,5748.48,1753750619999,1049185.708800,1126,3224.51,588641.391300,0
1753750620000,182.6900,182.7200,182.5800,182.67,9494.85,1753750679999,1734301.732100,1144,6063.17,1107472.219200,0
1753750680000,182.6700,182.7500,182.6100,182.72,8774.47,1753750739999,1602909.092120,1148,5307.50,969564.392920,0
1753750740000,182.7200,182.7500,182.6300,182.73,5628.94,1753750799999,1028470.826200,1113,2777.44,507469.563500,0
1753750800000,182.7400,182.8600,182.6300,182.78,14428.19,1753750859999,2636545.178300,2665,8968.46,1638867.214100,0
1753750860000,182.7800,182.8400,182.7000,182.78,6691.67,1753750919999,1222994.210200,1316,3797.45,694015.357300,0
1753750920000,182.7800,182.8300,182.4000,182.43,11044.34,1753750979999,2016365.934700,1645,2417.33,441370.421500,0
1753750980000,182.4300,182.6700,182.4100,182.63,5833.80,1753751039999,1064842.636700,1617,3197.16,583563.498600,0
1753751040000,182.6300,182.9900,182.5400,182.95,10850.40,1753751099999,1983888.913300,2081,8667.51,1584833.783100,0
1753751100000,182.9600,183.0000,182.6300,182.7,12888.08,1753751159999,2356149.322700,1841,6183.88,1130430.307900,0
1753751160000,182.6900,182.8100,182.5700,182.6,12710.16,1753751219999,2322205.809300,1489,8534.20,1559258.654800,0
1753751220000,182.5900,182.9400,182.5900,182.93,5591.17,1753751279999,1022069.599900,1132,3609.34,659737.128400,0
1753751280000,182.9400,183.2200,182.9100,183.22,12183.29,1753751339999,2230516.140080,1713,9134.17,1672348.864680,0
1753751340000,183.2200,183.3100,183.1600,183.3,11023.30,1753751399999,2019875.347800,1348,6134.34,1123951.049900,0
1753751400000,183.3100,183.3600,183.2100,183.31,8480.09,1753751459999,1554418.568600,1285,4700.61,861637.102300,0
1753751460000,183.3100,183.3200,183.1500,183.31,6933.45,1753751519999,1270525.511400,1098,4526.80,829529.360800,0
1753751520000,183.3100,183.4000,183.1900,183.4,17648.82,1753751579999,3234647.892800,1534,4577.76,839071.274400,0
1753751580000,183.4000,183.4400,183.3300,183.34,7292.78,1753751639999,1337521.494400,1035,4426.81,811885.523100,0
1753751640000,183.3300,183.3700,183.2100,183.22,12230.54,1753751699999,2241869.521200,1169,6473.34,1186590.775000,0
1753751700000,183.2300,183.3600,183.2300,183.36,6108.65,1753751759999,1119691.285700,856,3034.91,556359.654600,0
1753751760000,183.3600,183.4600,183.2600,183.44,6686.16,1753751819999,1226066.170000,1135,3113.41,570921.639500,0
1753751820000,183.4500,183.5100,183.4100,183.51,8367.90,1753751879999,1535224.452700,4441,4700.72,862409.729500,0
1753751880000,183.5000,183.6700,183.5000,183.57,12039.16,1753751939999,2210488.959700,4555,4837.25,888111.051700,0
1753751940000,183.5800,183.6000,183.4700,183.59,5371.15,1753751999999,985907.395900,786,3054.16,560665.624500,0
1753752000000,183.6000,183.6700,183.5900,183.61,6555.55,1753752059999,1203780.179400,913,4582.96,841544.673500,0
1753752060000,183.6200,183.7700,183.6000,183.73,28966.40,1753752119999,5321523.541600,2508,25565.74,4696777.086400,0
1753752120000,183.7300,183.8800,183.7000,183.77,16648.25,1753752179999,3059725.130200,1912,12158.13,2234540.499000,0
1753752180000,183.7700,183.8700,183.7000,183.87,7168.20,1753752239999,1317454.942300,1219,3861.95,709825.232300,0
1753752240000,183.8600,183.9200,183.8400,183.88,5350.10,1753752299999,983787.185200,1094,3093.60,568850.198500,0
1753752300000,183.8800,183.8800,183.7100,183.83,6663.84,1753752359999,1224895.994100,954,1980.89,364045.777900,0
1753752360000,183.8400,183.9200,183.7700,183.85,7391.30,1753752419999,1359042.249100,998,4893.56,899806.383400,0
1753752420000,183.8500,183.9500,183.8300,183.92,6520.49,1753752479999,1199115.040400,1002,2332.65,428986.383700,0
1753752480000,183.9200,183.9500,183.8400,183.91,6528.17,1753752539999,1200502.058500,998,4264.70,784270.435800,0
1753752540000,183.9000,183.9200,183.7900,183.79,5986.67,1753752599999,1100770.073600,918,1480.84,272295.685000,0
1753752600000,183.7900,183.8700,183.6900,183.77,10623.20,1753752659999,1952451.853600,1808,2699.42,496193.095400,0
1753752660000,183.7700,183.9000,183.7400,183.89,4812.52,1753752719999,884618.843200,864,1590.95,292463.956400,0
1753752720000,183.9000,183.9400,183.8100,183.85,5646.58,1753752779999,1038422.412300,1022,2689.55,494629.458300,0
1753752780000,183.8500,183.9100,183.7300,183.74,5676.07,1753752839999,1043498.299600,951,1643.92,302231.102400,0
1753752840000,183.7300,183.7400,183.5400,183.54,9984.55,1753752899999,1833702.382200,1312,2304.20,423195.796900,0
1753752900000,183.5400,183.6500,183.5300,183.53,4510.35,1753752959999,828089.244500,927,911.42,167335.789700,0
1753752960000,183.5300,183.5500,183.3500,183.5,7011.75,1753753019999,1286278.263500,1379,1955.83,358833.106300,0
1753753020000,183.5000,183.7500,183.5000,183.75,5870.88,1753753079999,1077953.679600,1138,3118.35,572586.160900,0
1753753080000,183.7400,183.7400,183.5000,183.5,2260.36,1753753139999,415013.402000,762,294.58,54089.609700,0
1753753140000,183.5000,183.6100,183.4100,183.43,4725.07,1753753199999,867045.827900,973,2815.06,516546.189600,0
1753753200000,183.4300,183.6100,183.3900,183.46,2402.59,1753753259999,440886.543400,800,1294.89,237595.584400,0
1753753260000,183.4600,183.5100,183.4300,183.47,2309.31,1753753319999,423681.089600,611,685.39,125734.641000,0
1753753320000,183.4600,183.5800,183.4000,183.42,2423.29,1753753379999,444627.321000,736,1148.89,210783.512700,0
1753753380000,183.4300,183.5700,183.4000,183.46,3585.71,1753753439999,657892.070900,781,1677.66,307811.922700,0
1753753440000,183.4600,183.4600,183.2700,183.31,5176.06,1753753499999,948960.786700,1156,1085.92,199088.787600,0
1753753500000,183.3100,183.3200,182.7800,182.81,24461.49,1753753559999,4476666.423100,3182,4099.29,750242.552700,0
1753753560000,182.8100,182.9100,182.7200,182.77,6814.89,1753753619999,1245973.129000,1829,3844.57,702911.913200,0
1753753620000,182.7700,182.8100,182.6200,182.62,13087.13,1753753679999,2390857.213700,2150,5505.70,1005865.614600,0
1753753680000,182.6200,182.8300,182.5000,182.55,7637.95,1753753739999,1394972.239400,1789,3269.75,597216.354900,0
1753753740000,182.5400,182.5500,182.3600,182.47,12598.17,1753753799999,2298674.741900,2074,3697.21,674624.954000,0
1753753800000,182.4700,182.5500,182.3000,182.46,12437.01,1753753859999,2268825.609000,2377,4365.13,796399.739400,0
1753753860000,182.4600,182.4600,182.2500,182.27,11659.20,1753753919999,2125846.652800,1693,4637.01,845529.645000,0
1753753920000,182.2600,182.3300,182.2100,182.28,6367.21,1753753979999,1160598.294700,1175,2795.23,509534.268900,0
1753753980000,182.2800,182.2800,182.0000,182.01,8209.85,1753754039999,1495142.496600,1479,2559.08,466044.684200,0
1753754040000,182.0000,182.0600,181.9000,181.9,15021.69,1753754099999,2733632.514900,5504,8943.46,1627568.106800,0
1753754100000,181.9100,182.0900,181.9000,182.0,16672.11,1753754159999,3034019.553600,4844,10575.23,1924425.300300,0
1753754160000,182.0100,182.0900,181.8000,181.81,10206.09,1753754219999,1857137.452600,1586,3599.03,655002.207000,0
1753754220000,181.8100,182.0300,181.8100,182.0,13780.07,1753754279999,2507306.095500,1591,8618.51,1568102.785000,0
1753754280000,182.0100,182.0100,181.6000,181.61,16642.64,1753754339999,3025428.404850,2967,5070.13,921780.696550,0
1753754340000,181.6100,181.6800,181.5700,181.67,22738.46,1753754399999,4129703.286900,2822,14267.53,2591222.891900,0
1753754400000,181.6800,181.7000,181.5000,181.61,20843.29,1753754459999,3785238.005000,3433,9762.36,1773152.668800,0
1753754460000,181.6200,181.7600,181.5500,181.71,12909.65,1753754519999,2344900.021200,2410,7418.43,1347536.091400,0
1753754520000,181.7000,181.9800,181.6800,181.92,22255.62,1753754579999,4047716.539500,3341,17181.47,3124866.080300,0
1753754580000,181.9200,181.9300,181.7200,181.77,10271.35,1753754639999,1867566.019100,2066,5160.13,938265.295800,0
1753754640000,181.7600,181.7900,181.5100,181.61,18154.80,1753754699999,3297385.876700,2307,4845.36,879895.461600,0
1753754700000,181.6200,181.9500,181.5700,181.95,20234.94,1753754759999,3677801.531900,2437,8518.13,1548407.181200,0
1753754760000,181.9400,181.9600,181.7200,181.78,18387.63,1753754819999,3343638.605600,1922,8465.26,1539455.264900,0
1753754820000,181.7900,181.8600,181.6000,181.86,7793.00,1753754879999,1415968.868000,1348,4500.06,817670.492600,0
1753754880000,181.8600,182.1800,181.8500,181.99,12319.27,1753754939999,2242852.748900,2108,8088.54,1472549.067800,0
1753754940000,181.9900,182.1100,181.9000,182.06,6831.61,1753754999999,1243497.016600,1469,3958.59,720542.088200,0
1753755000000,182.0700,182.3600,182.0500,182.25,11499.23,1753755059999,2095806.996700,2198,7017.55,1279018.728400,0
1753755060000,182.2600,182.2600,181.8000,181.8,7849.82,1753755119999,1428891.196600,1760,3051.05,555317.673700,0
1753755120000,181.8100,182.0800,181.8100,181.95,8038.59,1753755179999,1462646.662700,1749,4313.14,784763.211100,0
1753755180000,181.9400,182.2000,181.9000,182.17,7135.18,1753755239999,1298793.478900,1376,4786.68,871261.361500,0
1753755240000,182.1700,182.2300,182.1300,182.14,8328.21,1753755299999,1517223.163700,1132,1821.82,331891.027800,0
1753755300000,182.1400,182.1400,181.8300,181.84,6891.22,1753755359999,1254558.853000,1808,1786.20,325229.643600,0
1753755360000,181.8300,181.8600,181.2800,181.29,23020.27,1753755419999,4178900.652200,3465,5364.31,973881.528700,0
1753755420000,181.2900,181.4400,181.0900,181.1,28100.60,1753755479999,5094441.145100,3102,14548.76,2638048.497600,0
1753755480000,181.1000,181.1500,180.5000,180.73,112669.66,1753755539999,20366459.154700,8466,40107.83,7251020.773500,0
1753755540000,180.7300,181.0200,180.6300,180.79,38698.82,1753755599999,6997328.358600,3606,22817.96,4125902.369500,0
1753755600000,180.8000,181.3000,180.7500,181.27,23021.79,1753755659999,4168432.078200,3452,12854.85,2327877.931100,0
1753755660000,181.2600,181.3000,181.0000,181.26,20497.64,1753755719999,3713291.703300,2655,11577.17,2097348.490400,0
1753755720000,181.2700,181.3000,181.0000,181.08,21208.13,1753755779999,3841175.774300,2558,5027.79,910749.826100,0
1753755780000,181.0700,181.1500,180.8600,180.86,31122.85,1753755839999,5634039.234700,2517,16402.75,2969588.359600,0
1753755840000,180.8600,181.2200,180.8000,181.18,13784.92,1753755899999,2495050.652000,2327,7140.13,1292286.279200,0
1753755900000,181.1900,181.4700,181.0500,181.47,19780.46,1753755959999,3585012.164400,2882,15126.00,2741596.907100,0
1753755960000,181.4600,181.4800,181.3200,181.36,12304.77,1753756019999,2232061.732500,1905,5431.08,985160.867900,0
1753756020000,181.3600,181.6800,181.3600,181.67,14855.09,1753756079999,2696760.125400,2309,8619.60,1564875.510300,0
1753756080000,181.6800,181.7600,181.5100,181.76,15176.01,1753756139999,2755837.646200,2140,6058.07,1100359.792200,0
1753756140000,181.7600,181.8400,181.6700,181.84,10028.22,1753756199999,1822708.930400,1535,4567.19,830125.909400,0
1753756200000,181.8400,181.8400,181.4900,181.62,15840.49,1753756259999,2877696.537700,2669,3619.55,657557.002500,0
1753756260000,181.6300,181.8900,181.6300,181.89,7778.32,1753756319999,1413707.653100,1548,4963.03,902005.828900,0
1753756320000,181.9000,181.9400,181.8400,181.93,4309.03,1753756379999,783824.136300,1587,1552.02,282325.465100,0
1753756380000,181.9400,182.0800,181.9000,182.02,11412.25,1753756439999,2076931.017100,2094,6213.46,1130830.159200,0
1753756440000,182.0300,182.2700,182.0000,182.08,13016.87,1753756499999,2371135.783200,2047,8804.69,1603910.603700,0
1753756500000,182.0800,182.0900,181.7900,181.79,9060.51,1753756559999,1648529.001800,1838,3599.56,654997.483300,0
1753756560000,181.7900,181.9000,181.5100,181.59,8526.18,1753756619999,1548678.954000,1971,2732.45,496295.866000,0
1753756620000,181.5900,181.9400,181.5700,181.82,12555.50,1753756679999,2281005.867900,1591,7153.02,1299599.561600,0
1753756680000,181.8300,181.8400,181.1700,181.22,20900.36,1753756739999,3792254.473100,3532,4128.31,748931.718000,0
1753756740000,181.2300,181.6500,181.2300,181.58,29964.25,1753756799999,5437713.620000,2635,23143.95,4199898.146000,0
1753756800000,181.5800,181.7500,181.3900,181.39,9989.00,1753756859999,1813790.043200,1830,4046.22,734800.314000,0
1753756860000,181.3900,181.6000,181.3200,181.48,14564.59,1753756919999,2642845.780500,1914,7140.96,1295727.498500,0
1753756920000,181.4900,181.4900,181.2800,181.37,11810.61,1753756979999,2141979.532000,1727,5714.50,1036402.345900,0
1753756980000,181.3700,181.7300,181.3600,181.73,16828.75,1753757039999,3055157.567200,1876,12421.78,2255040.269700,0
1753757040000,181.7300,181.8200,181.5400,181.82,10282.75,1753757099999,1867868.202500,1327,6622.10,1202976.106500,0
1753757100000,181.8200,182.2400,181.8100,182.24,16605.67,1753757159999,3022365.228200,3258,11091.04,2018710.823200,0
1753757160000,182.2300,182.2800,182.1200,182.16,18404.94,1753757219999,3353762.776900,2443,7569.15,1379296.091600,0
1753757220000,182.1600,182.2900,182.1600,182.21,8784.59,1753757279999,1600880.549800,1447,5240.52,955053.199100,0
1753757280000,182.2200,182.2300,182.0000,182.01,14348.24,1753757339999,2612669.147700,2015,4834.69,880277.679200,0
1753757340000,182.0000,182.2200,182.0000,182.22,6846.11,1753757399999,1246948.826500,1008,3752.42,683453.720700,0
1753757400000,182.2200,182.3000,181.7600,181.81,6107.85,1753757459999,1111852.820000,1839,2618.59,476769.379900,0
1753757460000,181.8100,181.9000,181.2700,181.52,18676.41,1753757519999,3391146.133800,3191,8860.92,1609007.984000,0
1753757520000,181.5300,181.9300,181.5300,181.78,13656.03,1753757579999,2482318.524800,2222,6446.72,1171606.142700,0
1753757580000,181.7700,182.0400,181.7500,182.04,5913.75,1753757639999,1075431.987600,1787,4100.99,745801.859400,0
1753757640000,182.0300,182.0300,181.6000,181.69,11283.59,1753757699999,2050579.559800,2308,6036.64,1096907.554300,0
1753757700000,181.6800,181.9700,181.6700,181.75,9417.51,1753757759999,1712603.866500,1605,5235.07,951958.088100,0
1753757760000,181.7500,181.8100,181.5100,181.78,16068.42,1753757819999,2918857.813500,2197,11194.65,2033639.674400,0
1753757820000,181.7800,181.9700,181.5700,181.97,8764.01,1753757879999,1592597.759800,1593,5780.31,1050516.159100,0
1753757880000,181.9700,182.2600,181.9300,182.25,14287.81,1753757939999,2601986.266000,1977,9528.79,1735465.316300,0
1753757940000,182.2500,182.3000,182.1500,182.2,8845.65,1753757999999,1611908.123500,1893,4531.79,825828.994100,0
1753758000000,182.2100,182.6200,182.1700,182.62,30718.83,1753758059999,5602796.021100,3400,23454.75,4278059.102700,0
1753758060000,182.6100,182.8300,182.4800,182.83,27030.32,1753758119999,4937038.084520,2482,15124.09,2762526.472320,0
1753758120000,182.8300,182.8300,182.2300,182.26,26631.65,1753758179999,4861721.470300,2728,11998.71,2190456.819400,0
1753758180000,182.2600,182.6800,182.2600,182.51,13377.06,1753758239999,2441822.622900,1867,6851.81,1250608.834700,0
1753758240000,182.5200,182.5300,182.2500,182.49,9939.68,1753758299999,1812881.676800,1904,4025.32,734111.473200,0
1753758300000,182.5000,182.8200,182.4800,182.67,16030.67,1753758359999,2927764.491600,2316,8855.48,1617100.999800,0
1753758360000,182.6700,183.1200,182.6700,183.08,15946.88,1753758419999,2917897.937280,2581,11116.07,2033921.718980,0
1753758420000,183.0700,183.2300,182.9800,183.21,17509.87,1753758479999,3206429.691800,2690,8697.29,1592653.783300,0
1753758480000,183.2000,183.4100,183.1700,183.41,15318.49,1753758539999,2807350.823000,2351,10322.75,1891909.349100,0
1753758540000,183.4000,183.4000,183.1400,183.27,21689.30,1753758599999,3975244.904400,2171,9749.43,1786921.383700,0
1753758600000,183.2700,183.4800,183.2300,183.32,14273.21,1753758659999,2617389.397000,1975,9717.37,1781905.118400,0
1753758660000,183.3200,183.3700,183.1500,183.3,13921.32,1753758719999,2551411.596800,1681,6815.95,1249035.228900,0
1753758720000,183.3000,183.4200,183.2000,183.4,11223.90,1753758779999,2057429.608300,1588,5600.60,1026770.797400,0
1753758780000,183.4100,183.5700,183.3100,183.52,12195.69,1753758839999,2237306.088400,2089,7017.06,1287278.196800,0
1753758840000,183.5200,183.5700,183.4800,183.52,7890.20,1753758899999,1448023.927800,4275,3257.08,597767.789600,0
1753758900000,183.5300,183.5300,183.1500,183.16,12129.52,1753758959999,2224171.812400,5366,2821.83,517460.878000,0
1753758960000,183.1600,183.3200,183.1100,183.32,16295.06,1753759019999,2985438.291100,1736,4430.55,811793.496000,0
1753759020000,183.3200,183.3700,183.1200,183.13,10238.37,1753759079999,1876446.026200,1612,6033.62,1105891.554800,0
1753759080000,183.1200,183.1200,182.9100,182.92,10300.08,1753759139999,1884871.358400,2010,2505.00,458440.575300,0
1753759140000,182.9200,183.1300,182.9000,183.12,6118.74,1753759199999,1119795.407700,1496,2921.85,534737.741500,0
1753759200000,183.1300,183.2000,183.0600,183.1,8767.20,1753759259999,1605452.045100,1426,1266.28,231892.728700,0
1753759260000,183.1000,183.3000,183.0500,183.28,10309.59,1753759319999,1888717.152900,1732,7639.62,1399675.410100,0
1753759320000,183.2800,183.3200,183.1900,183.23,4651.03,1753759379999,852305.565500,1114,2878.12,527404.049500,0
1753759380000,183.2400,183.4700,183.2300,183.33,15262.28,1753759439999,2798343.555100,1526,12098.78,2218218.697400,0
1753759440000,183.3300,183.3900,183.2100,183.34,21470.91,1753759499999,3935587.422800,1762,18713.62,3430210.416000,0
1753759500000,183.3300,183.4200,183.2800,183.32,8282.22,1753759559999,1518686.247100,888,3583.47,657038.955000,0
1753759560000,183.3300,183.5200,183.3200,183.49,6280.92,1753759619999,1152332.892000,1248,4590.50,842202.305400,0
1753759620000,183.5000,183.5000,183.2000,183.33,6023.62,1753759679999,1104851.473400,1150,2729.67,500683.104700,0
1753759680000,183.3400,183.4500,183.2300,183.23,3189.28,1753759739999,584870.099400,856,918.08,168354.876900,0
1753759740000,183.2300,183.4100,183.2300,183.36,9468.98,1753759799999,1736031.568100,1075,7602.05,1393805.636000,0
1753759800000,183.3600,183.4100,183.2100,183.39,5678.64,1753759859999,1040872.774100,1481,1663.78,304986.952900,0
1753759860000,183.3900,183.6500,183.3400,183.62,13753.17,1753759919999,2523634.039300,1484,11586.58,2126284.520700,0
1753759920000,183.6200,183.6500,183.1200,183.23,15556.67,1753759979999,2852942.898000,2403,9371.00,1718371.754300,0
1753759980000,183.2400,183.4500,183.1400,183.27,22463.40,1753760039999,4118147.585000,2354,16616.78,3046540.267700,0
1753760040000,183.2800,183.3900,183.2400,183.25,3937.46,1753760099999,721838.186300,1136,902.14,165384.517600,0
1753760100000,183.2400,183.2900,183.0000,183.09,12471.13,1753760159999,2283548.372800,2440,6775.53,1240694.627900,0
1753760160000,183.0900,183.2600,183.0600,183.2,6128.72,1753760219999,1122296.763000,1448,3216.06,588889.992000,0
1753760220000,183.2000,183.2800,183.0800,183.28,12597.93,1753760279999,2307141.144000,1360,6139.08,1124262.318100,0
1753760280000,183.2800,183.5700,183.2800,183.47,7380.12,1753760339999,1353951.813200,1346,4952.77,908731.204600,0
1753760340000,183.4700,183.5800,183.4000,183.56,8332.04,1753760399999,1528952.575700,1244,5323.75,976963.816700,0
1753760400000,183.5600,183.8700,183.5600,183.86,23705.07,1753760459999,4356235.468900,2841,16845.83,3095642.305400,0
1753760460000,183.8600,183.9700,183.8100,183.91,24505.15,1753760519999,4506225.474600,2593,12974.54,2385967.562500,0
1753760520000,183.9200,184.0600,183.9100,183.95,21530.33,1753760579999,3961301.906200,2737,15465.86,2845526.629500,0
1753760580000,183.9600,184.1100,183.9400,184.0,17811.02,1753760639999,3277776.755800,1879,13263.86,2441009.615000,0
1753760640000,184.0100,184.1800,183.9500,184.13,13155.31,1753760699999,2421659.140000,1615,10018.07,1844230.257700,0
1753760700000,184.1400,184.1400,183.9100,184.14,16292.24,1753760759999,2998222.420900,2149,12570.39,2313306.810100,0
1753760760000,184.1400,184.1700,183.8500,184.08,26091.57,1753760819999,4802091.167700,2324,5845.61,1075788.210200,0
1753760820000,184.0700,184.2000,184.0400,184.19,14739.93,1753760879999,2713753.216000,1710,8441.73,1554142.240100,0
1753760880000,184.1800,184.2400,184.0700,184.08,15315.19,1753760939999,2820382.205900,1642,6248.04,1150539.529600,0
1753760940000,184.0700,184.0700,183.8900,183.91,17290.03,1753760999999,3180639.185500,1714,9125.21,1678600.346100,0
1753761000000,183.9000,183.9900,183.8200,183.84,7635.99,1753761059999,1404313.311500,1561,4177.40,768269.207300,0
1753761060000,183.8400,184.0400,183.8100,184.03,10636.25,1753761119999,1956196.899100,1453,5675.42,1043879.131800,0
1753761120000,184.0400,184.0600,183.8000,183.82,8308.93,1753761179999,1528191.965400,1628,3131.46,575993.326400,0
1753761180000,183.8200,184.0400,183.6600,184.04,17192.63,1753761239999,3160430.033400,2103,8670.36,1594426.900600,0
1753761240000,184.0400,184.1000,184.0000,184.05,15925.78,1753761299999,2931205.950100,1559,10589.18,1948951.910300,0
1753761300000,184.0600,184.1900,184.0500,184.13,8769.69,1753761359999,1614698.070800,1044,7526.75,1385843.155900,0
1753761360000,184.1400,184.3800,184.0900,184.32,17432.70,1753761419999,3212649.781860,1744,13983.20,2576931.752560,0
1753761420000,184.3200,184.5800,184.2900,184.56,39791.53,1753761479999,7339575.375240,3570,26119.19,4817909.227360,0
1753761480000,184.5600,184.6600,184.3800,184.38,37400.32,1753761539999,6901698.204020,2609,20386.44,3762419.623920,0
1753761540000,184.3800,184.3800,184.2400,184.27,10682.08,1753761599999,1968560.706000,1307,5414.93,997883.460800,0
1753761600000,184.2700,184.3200,184.1400,184.29,13482.38,1753761659999,2483804.888100,2490,6703.18,1234911.998200,0
1753761660000,184.2900,184.4800,184.2600,184.48,13643.58,1753761719999,2515216.469500,2049,11267.41,2077136.637600,0
1753761720000,184.4700,184.4800,184.2500,184.43,10583.26,1753761779999,1951106.514900,1925,3398.24,626470.839100,0
1753761780000,184.4200,184.4400,184.2800,184.32,10644.75,1753761839999,1962242.111000,1315,7195.80,1326404.414900,0
1753761840000,184.3200,184.4700,184.1900,184.4,11692.86,1753761899999,2155181.330900,1843,6040.05,1113392.689400,0
1753761900000,184.4000,184.4200,184.3400,184.4,3581.83,1753761959999,660460.238900,758,2041.58,376450.403000,0
1753761960000,184.4000,184.4700,184.3200,184.41,10376.10,1753762019999,1913464.323900,1291,5766.89,1063511.124300,0
1753762020000,184.4200,184.4200,184.2600,184.39,9509.94,1753762079999,1753166.098200,1369,5855.85,1079541.467600,0
1753762080000,184.3900,184.4600,184.3000,184.45,7920.75,1753762139999,1460549.340100,1207,4332.43,798864.407000,0
1753762140000,184.4400,184.5100,184.3700,184.48,15977.36,1753762199999,2946920.313900,1438,12609.27,2325718.580100,0
1753762200000,184.4900,184.5300,184.4500,184.48,7664.73,1753762259999,1414071.355500,1202,4079.54,752640.367400,0
1753762260000,184.4800,184.6000,184.4800,184.53,9199.44,1753762319999,1697617.451900,1263,5765.75,1063997.153200,0
1753762320000,184.5300,184.6700,184.4600,184.64,14900.15,1753762379999,2749873.656200,1740,8333.41,1538136.783000,0
1753762380000,184.6400,184.6600,184.6000,184.6,6742.76,1753762439999,1244948.193200,741,3853.33,711458.620400,0
1753762440000,184.6100,184.7200,184.6000,184.66,24389.54,1753762499999,4503053.431800,1428,8019.28,1480897.901600,0
1753762500000,184.6700,184.6700,184.3000,184.3,20494.80,1753762559999,3780278.216200,1988,5313.91,980046.636500,0
1753762560000,184.3100,184.3100,184.1000,184.1,22366.11,1753762619999,4119711.445900,2633,6738.86,1241255.624200,0
1753762620000,184.1000,184.2400,184.1000,184.21,9359.21,1753762679999,1723561.195000,1394,4657.80,857745.232400,0
1753762680000,184.2200,184.2900,184.1700,184.23,3687.84,1753762739999,679436.618400,828,2435.67,448712.489700,0
1753762740000,184.2300,184.2800,184.1200,184.24,9586.70,1753762799999,1765669.307500,1381,1718.62,316579.356900,0
1753762800000,184.2300,184.3500,184.1700,184.3,16954.13,1753762859999,3123932.794400,1829,9594.05,1768015.588000,0
1753762860000,184.3000,184.3000,184.0500,184.05,6381.43,1753762919999,1175157.414000,1100,1302.30,239850.504900,0
1753762920000,184.0600,184.1400,184.0000,184.1,8983.76,1753762979999,1653557.464600,1384,2921.06,537685.379100,0
1753762980000,184.1000,184.1400,184.0500,184.13,6906.88,1753763039999,1271569.621200,932,1917.74,353056.479400,0
1753763040000,184.1300,184.1600,184.0600,184.16,5642.27,1753763099999,1038770.703200,814,1704.84,313888.997000,0
1753763100000,184.1600,184.1600,184.0800,184.1,7630.61,1753763159999,1404854.719900,1147,2866.39,527708.912000,0
1753763160000,184.1000,184.1600,184.0200,184.06,6106.04,1753763219999,1124037.502200,1065,1932.26,355709.617800,0
1753763220000,184.0600,184.0700,183.9900,183.99,9317.43,1753763279999,1714515.821500,856,270.66,49805.348800,0
1753763280000,183.9900,184.0400,183.8700,183.89,12127.03,1753763339999,2230785.660400,1661,2117.99,389678.972900,0
1753763340000,183.8900,183.8900,183.7700,183.8,19559.28,1753763399999,3595187.789300,2193,7378.06,1356157.889700,0
1753763400000,183.8000,183.8900,183.7800,183.78,11478.74,1753763459999,2110147.542300,1841,4467.20,821236.778200,0
1753763460000,183.7700,183.8100,183.5100,183.55,14474.69,1753763519999,2658721.944900,2168,1967.14,361204.632000,0
1753763520000,183.5500,183.6500,183.4100,183.58,19629.55,1753763579999,3602844.007000,2451,6391.96,1173148.134600,0
1753763580000,183.5800,183.7700,183.4700,183.77,14694.93,1753763639999,2697641.601200,1759,6066.29,1113688.901300,0
1753763640000,183.7700,183.8400,183.6800,183.76,5057.91,1753763699999,929481.018000,1210,3309.43,608161.565600,0
1753763700000,183.7600,183.8000,183.6500,183.74,3736.29,1753763759999,686524.226500,1195,1282.49,235628.995400,0
1753763760000,183.7500,183.7900,183.4800,183.55,6041.49,1753763819999,1109391.241900,1416,1985.42,364613.384800,0
1753763820000,183.5600,183.7400,183.5500,183.71,5956.61,1753763879999,1094115.373100,1158,1699.90,312230.173600,0
1753763880000,183.7100,183.7500,183.6000,183.71,8751.93,1753763939999,1607667.480700,1138,7407.40,1360707.204900,0
1753763940000,183.7100,184.0800,183.7000,184.04,8300.27,1753763999999,1526995.463000,1351,5184.45,953713.627400,0
1753764000000,184.0400,184.1700,183.9100,184.06,6327.08,1753764059999,1164430.193600,1350,4204.41,773763.359800,0
1753764060000,184.0700,184.1000,183.8400,183.87,4939.28,1753764119999,908615.594700,1241,3271.75,601819.405500,0
1753764120000,183.8700,183.9200,183.6500,183.65,5186.82,1753764179999,953319.684400,1370,1358.20,249615.053400,0
1753764180000,183.6500,183.7800,183.6200,183.67,4530.37,1753764239999,832224.710300,1033,2774.81,509745.057200,0
1753764240000,183.6800,183.6800,183.5200,183.59,6683.52,1753764299999,1226863.344500,1265,3882.52,712642.085700,0
1753764300000,183.6000,183.7100,183.5200,183.54,4758.05,1753764359999,873673.524100,1494,2369.04,435029.906600,0
1753764360000,183.5500,183.7500,183.4900,183.72,5929.44,1753764419999,1088425.154000,1235,2724.33,500126.973100,0
1753764420000,183.7100,183.7100,183.5800,183.58,5628.85,1753764479999,1033557.558100,857,1335.35,245203.497500,0
1753764480000,183.5900,183.6200,183.5000,183.5,2984.95,1753764539999,547893.359400,741,1374.81,252349.241800,0
1753764540000,183.5000,183.5100,183.2000,183.31,30227.48,1753764599999,5541618.143700,2917,3093.07,567053.207600,0
1753764600000,183.3100,183.3800,183.1900,183.35,9351.58,1753764659999,1714156.124300,1313,4462.13,817919.053600,0
1753764660000,183.3400,183.4000,183.2800,183.32,3522.85,1753764719999,645914.867700,787,1539.61,282273.374600,0
1753764720000,183.3200,183.3300,183.1400,183.31,4771.08,1753764779999,874187.320100,1438,1730.18,317045.321500,0
1753764780000,183.3100,183.6300,183.3000,183.63,7992.49,1753764839999,1466705.546100,1152,6610.66,1213146.303800,0
1753764840000,183.6200,183.6300,183.4600,183.54,5258.79,1753764899999,965023.991700,988,2807.94,515221.187600,0
1753764900000,183.5400,183.5900,183.3600,183.37,3515.66,1753764959999,645034.744300,973,1142.95,209724.850100,0
1753764960000,183.3700,183.4700,183.3600,183.42,3567.00,1753765019999,654237.859100,860,2235.62,410049.770900,0
1753765020000,183.4200,183.5200,183.2200,183.51,9314.45,1753765079999,1708207.073700,1548,6446.87,1182472.729200,0
1753765080000,183.5100,183.5400,183.3500,183.35,5354.29,1753765139999,982300.372300,992,2826.69,518622.691700,0
1753765140000,183.3600,183.4300,183.2800,183.32,3249.22,1753765199999,595758.176000,911,1400.27,256755.143900,0
1753765200000,183.3300,183.5000,183.2300,183.5,8865.34,1753765259999,1625143.415200,2089,4446.29,815202.810700,0
1753765260000,183.5000,183.6200,183.4500,183.51,10059.50,1753765319999,1846088.045900,1365,6958.09,1276926.345000,0
1753765320000,183.5100,183.7200,183.5100,183.55,12313.71,1753765379999,2261158.294300,1307,7934.44,1457150.936300,0
1753765380000,183.5500,183.5900,183.4500,183.46,6785.37,1753765439999,1245125.499700,1118,1987.21,364697.298600,0
1753765440000,183.4700,183.6800,183.4100,183.68,4243.28,1753765499999,778681.412100,1062,1772.70,325362.064600,0
1753765500000,183.6800,183.7200,183.5700,183.67,6673.85,1753765559999,1225534.990600,1047,4237.81,778154.601500,0
1753765560000,183.6600,183.8300,183.6600,183.83,8329.49,1753765619999,1530814.981700,1169,3310.10,608248.329200,0
1753765620000,183.8400,184.0200,183.8300,183.96,7629.97,1753765679999,1403584.265200,1537,5119.78,941800.887600,0
1753765680000,183.9600,184.0600,183.9200,184.01,5959.59,1753765739999,1096570.297800,1029,4096.16,753704.676200,0
1753765740000,184.0100,184.0200,183.9000,183.95,7492.51,1753765799999,1378286.972300,900,4315.48,793841.982100,0
1753765800000,183.9500,184.0300,183.9000,183.99,5716.81,1753765859999,1051558.946200,917,2929.71,538896.316000,0
1753765860000,184.0000,184.0200,183.8700,183.87,7708.15,1753765919999,1417748.914200,852,2756.43,507024.445100,0
1753765920000,183.8800,183.8800,183.7200,183.77,4602.73,1753765979999,845907.728600,1006,2111.64,388086.137400,0
1753765980000,183.7800,183.9000,183.7300,183.88,7325.78,1753766039999,1346588.301600,1076,5282.55,971029.951100,0
1753766040000,183.8900,183.9000,183.7100,183.73,4653.55,1753766099999,855423.659400,944,1794.74,329858.853000,0
1753766100000,183.7400,183.7400,183.2400,183.29,13714.66,1753766159999,2515986.851500,2652,3574.28,655540.531400,0
1753766160000,183.2800,183.3600,183.1300,183.36,9576.90,1753766219999,1754588.811100,1453,5020.02,919782.282700,0
1753766220000,183.3600,183.5000,183.3300,183.49,6347.81,1753766279999,1164323.029500,960,5574.54,1022500.639300,0
1753766280000,183.5000,183.5900,183.3900,183.49,4144.42,1753766339999,760369.623400,977,2678.74,491444.861000,0
1753766340000,183.4900,183.7000,183.4700,183.68,2814.34,1753766399999,516727.198100,923,2046.89,375817.564600,0
1753766400000,183.6800,183.6800,183.5300,183.65,6006.44,1753766459999,1102857.499800,1177,2774.82,509516.210100,0
1753766460000,183.6600,183.9400,183.6600,183.94,7975.99,1753766519999,1466307.240000,1360,7000.12,1286948.485200,0
1753766520000,183.9400,183.9600,183.6900,183.77,14294.85,1753766579999,2627700.595000,1653,4095.46,752842.113500,0
1753766580000,183.7700,183.8200,183.6000,183.61,7580.51,1753766639999,1392557.168900,1101,1797.08,330139.012100,0
1753766640000,183.6200,183.6200,183.5100,183.51,3418.25,1753766699999,627538.396000,868,1008.85,185191.338700,0
1753766700000,183.5200,183.6900,183.5100,183.69,4790.92,1753766759999,879518.563900,950,3803.66,698296.801400,0
1753766760000,183.6900,183.8300,183.6600,183.79,4803.32,1753766819999,882516.740100,807,1691.15,310775.991800,0
1753766820000,183.7800,183.7800,183.5700,183.58,4320.08,1753766879999,793387.631300,757,1417.61,260306.025200,0
1753766880000,183.5700,183.8000,183.5700,183.79,7628.28,1753766939999,1401094.322500,680,6280.50,1153624.018700,0
1753766940000,183.8000,183.8700,183.7700,183.86,4508.68,1753766999999,828743.944600,830,2823.23,518965.443500,0
1753767000000,183.8700,183.9100,183.7000,183.85,4650.74,1753767059999,854779.620500,1641,3133.61,575904.369400,0
1753767060000,183.8500,183.9100,183.7100,183.79,6537.94,1753767119999,1202011.015700,942,4140.17,761175.237200,0
1753767120000,183.7900,183.9200,183.7800,183.88,2773.64,1753767179999,509873.921800,670,2151.55,395507.371400,0
1753767180000,183.8800,184.2700,183.8800,184.25,9195.05,1753767239999,1692794.944700,1634,6632.63,1221145.084000,0
1753767240000,184.2600,184.3200,184.1500,184.29,18735.33,1753767299999,3452126.994200,1972,9101.03,1677061.516200,0
1753767300000,184.3000,184.3700,184.2300,184.35,6668.17,1753767359999,1228945.937700,1139,2572.55,474142.369700,0
1753767360000,184.3500,184.5200,184.3100,184.48,15189.26,1753767419999,2801786.073800,1764,5497.70,1014031.178500,0
1753767420000,184.4900,184.5900,184.4900,184.53,11012.48,1753767479999,2032335.891400,1484,5074.55,936433.762000,0
1753767480000,184.5400,184.5400,184.4400,184.44,9060.68,1753767539999,1671677.659000,1061,4518.10,833588.313800,0
1753767540000,184.4400,184.6000,184.4200,184.55,10818.50,1753767599999,1996156.262100,1488,6248.17,1152972.090100,0
1753767600000,184.5400,184.5500,184.2000,184.27,21669.82,1753767659999,3994305.562400,1795,3661.31,675159.516900,0
1753767660000,184.2600,184.5000,184.2600,184.46,5250.76,1753767719999,968254.299900,1186,4217.64,777749.366400,0
1753767720000,184.4600,184.5000,184.4100,184.41,4843.58,1753767779999,893482.985500,922,1586.36,292631.688700,0
1753767780000,184.4100,184.4400,184.3300,184.36,6216.21,1753767839999,1146196.301700,820,1701.92,313810.243900,0
1753767840000,184.3600,184.4400,184.3300,184.43,5848.10,1753767899999,1078427.839900,687,2265.69,417820.919900,0
1753767900000,184.4200,184.5100,184.3500,184.5,7325.33,1753767959999,1350965.358900,1666,4702.00,867129.802000,0
1753767960000,184.5100,184.5900,184.4100,184.41,6078.55,1753768019999,1121434.304900,1288,2739.12,505333.947000,0
1753768020000,184.4100,184.5700,184.3800,184.51,4452.96,1753768079999,821496.309100,1030,2621.90,483665.766800,0
1753768080000,184.5000,184.5100,184.4000,184.49,8232.06,1753768139999,1518587.525300,964,4696.94,866430.628000,0
1753768140000,184.5000,184.5000,184.4100,184.44,9509.02,1753768199999,1753976.392500,1012,3367.84,621198.658400,0
1753768200000,184.4300,184.4700,184.3600,184.44,5298.40,1753768259999,977049.544700,781,2585.79,476801.914700,0
1753768260000,184.4500,184.6200,184.4400,184.62,6272.16,1753768319999,1157399.553400,1049,4339.38,800746.291600,0
1753768320000,184.6200,184.6600,184.5500,184.66,14442.60,1753768379999,2666150.719600,1094,9583.32,1769107.027700,0
1753768380000,184.6600,184.7200,184.6100,184.63,12675.34,1753768439999,2340624.817800,1316,9086.92,1677928.256700,0
1753768440000,184.6400,184.7800,184.6300,184.76,20024.86,1753768499999,3699158.540200,1713,15142.44,2797297.540800,0
1753768500000,184.7700,184.7700,184.6400,184.68,12205.89,1753768559999,2254487.858500,1201,6276.47,1159292.026000,0
1753768560000,184.6700,184.7500,184.6200,184.68,12302.03,1753768619999,2272040.270200,1295,7631.85,1409674.648600,0
1753768620000,184.6900,184.7200,184.6500,184.67,13003.74,1753768679999,2401669.070400,1024,7905.99,1460144.544400,0
1753768680000,184.6700,184.7300,184.6400,184.68,5873.53,1753768739999,1084800.741400,823,2570.98,474853.576900,0
1753768740000,184.6900,184.8000,184.6800,184.79,6681.27,1753768799999,1234324.957400,887,4933.95,911565.010700,0
1753768800000,184.7900,184.8200,184.4600,184.46,13958.14,1753768859999,2577329.870300,2362,4964.63,916901.797000,0
1753768860000,184.4500,184.6500,184.4100,184.55,9887.25,1753768919999,1824268.683500,1310,3631.07,670042.983300,0
1753768920000,184.5500,184.6800,184.5500,184.65,9868.60,1753768979999,1822093.612200,974,5297.62,978074.628200,0
1753768980000,184.6400,184.7500,184.6100,184.66,12600.35,1753769039999,2326754.656300,1285,8737.93,1613532.830000,0
1753769040000,184.6600,184.7800,184.6600,184.78,6754.54,1753769099999,1247740.443700,1009,2686.54,496277.351900,0
1753769100000,184.7800,184.8100,184.7300,184.73,6007.72,1753769159999,1110027.265700,1091,2798.77,517105.711900,0
1753769160000,184.7400,184.9200,184.7400,184.9,19410.40,1753769219999,3588248.470100,1966,14738.59,2724612.877800,0
1753769220000,184.8900,184.9300,184.8700,184.89,13080.64,1753769279999,2418619.247300,1108,4899.97,906044.046300,0
1753769280000,184.8900,184.9300,184.8300,184.83,14804.65,1753769339999,2737145.532900,1058,6387.30,1180910.716700,0
1753769340000,184.8400,184.8700,184.6700,184.7,11260.34,1753769399999,2080218.663100,1355,4226.04,780774.136600,0
1753769400000,184.7000,184.7100,184.5600,184.67,7240.04,1753769459999,1336696.240500,1094,3291.83,607723.440300,0
1753769460000,184.6700,184.7700,184.5500,184.67,6897.65,1753769519999,1273696.451900,1091,3478.71,642400.536300,0
1753769520000,184.6800,184.8100,184.6700,184.81,5811.92,1753769579999,1073698.601700,1081,3529.86,652125.653400,0
1753769580000,184.8100,184.8500,184.7600,184.85,3536.67,1753769639999,653581.143500,854,2031.31,375404.012600,0
1753769640000,184.8400,184.9400,184.8400,184.9,10833.57,1753769699999,2003210.714400,1190,6410.41,1185318.975300,0
1753769700000,184.9000,184.9100,184.7500,184.91,14703.71,1753769759999,2717892.280800,1957,4244.75,784552.674600,0
1753769760000,184.9200,184.9200,184.7300,184.8,10403.83,1753769819999,1922769.418400,1691,1995.56,368819.435600,0
1753769820000,184.7900,184.9800,184.7900,184.96,6256.98,1753769879999,1157041.454500,1143,4490.39,830357.968800,0
1753769880000,184.9600,185.0400,184.9200,184.98,23070.63,1753769939999,4267701.716900,5731,11394.07,2107832.891300,0
1753769940000,184.9900,184.9900,184.8800,184.97,11557.76,1753769999999,2137335.675200,4507,2674.13,494519.852600,0
1753770000000,184.9700,185.0400,184.9000,184.9,13164.49,1753770059999,2435212.894800,1649,7158.97,1324338.848300,0
1753770060000,184.9100,185.2100,184.9000,185.18,22486.86,1753770119999,4161815.369400,2197,19647.09,3636163.775600,0
1753770120000,185.1900,185.2500,185.1800,185.24,18588.24,1753770179999,3442959.372000,1627,13514.30,2503220.049700,0
1753770180000,185.2400,185.4600,185.2400,185.41,33247.16,1753770239999,6162797.146000,2960,25272.43,4684373.604000,0
1753770240000,185.4100,185.5200,185.3500,185.38,28784.80,1753770299999,5337821.504200,1859,12486.07,2315469.499700,0
1753770300000,185.3700,185.4400,185.3200,185.38,16201.95,1753770359999,3003429.476700,1630,9421.96,1746539.832100,0
1753770360000,185.3800,185.3900,185.0100,185.03,31049.44,1753770419999,5751794.828500,2753,8096.74,1499806.194400,0
1753770420000,185.0200,185.2200,185.0200,185.2,13579.04,1753770479999,2513545.341100,1649,10939.48,2024949.402100,0
1753770480000,185.2000,185.2000,185.0400,185.05,15119.37,1753770539999,2799021.064200,1320,2642.73,489228.577700,0
1753770540000,185.0400,185.1800,185.0200,185.07,8516.00,1753770599999,1576224.098500,1247,4538.18,839996.976000,0
1753770600000,185.0700,185.0700,184.9000,184.97,17858.96,1753770659999,3303635.781800,2301,6015.98,1112864.154300,0
1753770660000,184.9700,185.1000,184.8900,184.93,17733.83,1753770719999,3280616.747500,2090,8280.01,1531797.333700,0
1753770720000,184.9300,185.2000,184.9200,185.13,18025.12,1753770779999,3336419.852700,2053,14707.44,2722361.421100,0
1753770780000,185.1200,185.1500,185.0100,185.02,9248.75,1753770839999,1711885.860100,1093,4480.93,829376.065400,0
1753770840000,185.0100,185.1600,184.8200,184.86,10691.75,1753770899999,1977641.208000,1415,4129.57,764106.643300,0
1753770900000,184.8700,184.9800,184.8600,184.9,6659.47,1753770959999,1231362.598600,1228,2285.53,422579.610600,0
1753770960000,184.9100,184.9800,184.8200,184.97,5277.21,1753771019999,975614.084100,944,3527.76,652204.463700,0
1753771020000,184.9800,185.0200,184.9100,184.97,5187.26,1753771079999,959482.939700,1035,3245.97,600419.682000,0
1753771080000,184.9800,185.1300,184.9800,185.02,10374.96,1753771139999,1919982.483400,1883,6369.00,1178570.400400,0
1753771140000,185.0300,185.1900,185.0100,185.15,7021.12,1753771199999,1299665.809000,956,4904.13,907698.603400,0
1753771200000,185.1500,185.2000,184.9600,185.0,9049.00,1753771259999,1674625.720900,1891,3124.81,578392.304400,0
1753771260000,185.0100,185.0300,184.6400,184.75,20313.92,1753771319999,3754104.434600,2410,3851.71,711692.864800,0
1753771320000,184.7600,184.9200,184.7600,184.88,6778.94,1753771379999,1253265.976200,989,3878.32,716985.222700,0
1753771380000,184.8900,185.1600,184.8900,185.16,4541.70,1753771439999,840462.722900,1056,2507.12,463921.258500,0
1753771440000,185.1500,185.2700,185.1000,185.23,8834.58,1753771499999,1635901.543500,1681,5771.72,1068693.324800,0
1753771500000,185.2300,185.3300,185.1500,185.28,12135.93,1753771559999,2248194.184500,1378,8593.90,1592003.047300,0
1753771560000,185.2700,185.2900,185.0700,185.08,5029.70,1753771619999,931569.274200,1039,1190.67,220509.674000,0
1753771620000,185.0700,185.0800,184.9100,184.92,5391.42,1753771679999,997357.856000,1385,2304.55,426277.222300,0
1753771680000,184.9100,185.0000,184.8100,184.94,8725.86,1753771739999,1613357.182200,1566,4475.90,827563.093600,0
1753771740000,184.9400,185.0100,184.7500,184.81,8548.83,1753771799999,1580340.185100,1544,3544.00,655116.718800,0
1753771800000,184.8000,184.9500,184.7400,184.83,10440.50,1753771859999,1929746.929400,1655,4775.55,882736.578200,0
1753771860000,184.8400,184.8600,184.7000,184.8,5072.19,1753771919999,937206.481700,1236,2217.46,409751.540200,0
1753771920000,184.7900,185.0700,184.7900,185.01,7245.46,1753771979999,1340266.555100,1267,5400.35,998966.622700,0
1753771980000,185.0000,185.0700,184.9000,184.99,5054.71,1753772039999,935020.893400,923,2389.14,441875.771600,0
1753772040000,184.9900,185.1300,184.9500,184.97,15026.05,1753772099999,2780310.046400,1599,8290.14,1533924.882900,0
1753772100000,184.9700,185.1400,184.9500,185.05,8689.25,1753772159999,1607784.869500,1322,5161.58,955085.628300,0
1753772160000,185.0500,185.2000,184.9000,184.95,8251.33,1753772219999,1526760.336200,1683,5119.50,947269.775500,0
1753772220000,184.9600,185.0500,184.8500,184.96,7918.04,1753772279999,1464414.066000,1405,4495.84,831594.218400,0
1753772280000,184.9600,185.0500,184.8800,184.89,5979.52,1753772339999,1105998.569000,952,2014.60,372630.520900,0
1753772340000,184.8900,184.8900,184.7000,184.72,7871.69,1753772399999,1454607.888800,1215,2849.90,526657.830900,0
1753772400000,184.7200,185.0500,184.7200,185.05,12888.28,1753772459999,2383077.946500,2255,7177.87,1327179.441700,0
1753772460000,185.0500,185.0500,184.8900,184.91,6443.57,1753772519999,1191919.495900,1217,3377.66,624769.696100,0
1753772520000,184.9000,185.0200,184.8600,185.01,5452.10,1753772579999,1008295.714000,969,3279.24,606445.614800,0
1753772580000,185.0200,185.3000,185.0200,185.26,11529.99,1753772639999,2134415.119000,1719,7550.79,1397678.435500,0
1753772640000,185.2600,185.4000,185.2400,185.32,7034.70,1753772699999,1303704.635700,1203,3321.66,615554.495400,0
1753772700000,185.3300,185.3300,185.1000,185.14,11078.79,1753772759999,2051400.185400,1074,4108.13,760672.557600,0
1753772760000,185.1500,185.4500,185.1500,185.31,14326.64,1753772819999,2654626.136100,1840,9837.76,1822692.148800,0
1753772820000,185.3100,185.4700,185.3100,185.42,12532.07,1753772879999,2323421.476600,1694,9439.93,1750086.681300,0
1753772880000,185.4100,185.5000,185.3400,185.36,14228.64,1753772939999,2638324.292000,1327,9787.70,1814884.042900,0
1753772940000,185.3700,185.4200,185.3100,185.33,6649.28,1753772999999,1232497.765700,939,3098.18,574281.935700,0
1753773000000,185.3300,185.3800,185.2100,185.3,13364.61,1753773059999,2476668.486200,1209,3013.57,558434.801900,0
1753773060000,185.3000,185.3800,185.2600,185.34,5681.63,1753773119999,1052780.379400,802,3684.82,682765.537800,0
1753773120000,185.3300,185.3300,185.1100,185.12,4050.45,1753773179999,750116.311000,805,1360.04,251847.809500,0
1753773180000,185.1200,185.1900,185.0900,185.1,10359.79,1753773239999,1918060.234300,875,8620.25,1595998.382600,0
1753773240000,185.0900,185.1400,184.9100,185.1,9310.94,1753773299999,1722879.931000,1285,3938.68,728868.843300,0
1753773300000,185.1000,185.2800,185.1000,185.21,9322.46,1753773359999,1726738.751200,1796,4658.40,862742.755300,0
1753773360000,185.2100,185.2400,185.0200,185.18,10798.49,1753773419999,1999489.565000,1432,4745.81,878783.661300,0
1753773420000,185.1800,185.3200,185.1500,185.27,9494.83,1753773479999,1758971.479600,1204,7186.88,1331422.697000,0
1753773480000,185.2700,185.4600,185.2700,185.45,9213.78,1753773539999,1708250.608000,1165,8089.49,1499801.142200,0
1753773540000,185.4600,185.5900,185.4400,185.44,23526.59,1753773599999,4364704.683900,1775,16918.37,3138928.437300,0
1753773600000,185.4400,185.4800,185.3300,185.33,8192.84,1753773659999,1518834.564000,1338,4183.68,775570.565000,0
1753773660000,185.3300,185.3900,185.1700,185.18,8786.26,1753773719999,1628147.370400,1235,5618.57,1041136.128900,0
1753773720000,185.1700,185.2000,185.0300,185.07,5637.75,1753773779999,1043544.403300,1255,2766.63,512098.769400,0
1753773780000,185.0600,185.2600,184.9100,185.2,17756.25,1753773839999,3286320.474300,1997,11801.19,2184551.445900,0
1753773840000,185.2100,185.2100,185.0400,185.04,2780.26,1753773899999,514713.593300,746,1157.93,214379.616700,0
1753773900000,185.0400,185.0500,184.8900,184.95,7758.49,1753773959999,1435176.951700,1211,3724.77,689029.815100,0
1753773960000,184.9500,184.9500,184.8300,184.87,8760.68,1753774019999,1619661.050200,1028,2287.95,422988.811000,0
1753774020000,184.8600,184.9900,184.8600,184.93,5068.82,1753774079999,937436.125600,802,2223.66,411218.140600,0
1753774080000,184.9300,185.1500,184.9200,185.14,10500.54,1753774139999,1942872.928200,1056,7393.10,1367774.392200,0
1753774140000,185.1400,185.2300,185.0200,185.07,8031.31,1753774199999,1487201.040700,1263,4842.38,896770.753600,0
1753774200000,185.0700,185.3800,185.0700,185.23,8240.37,1753774259999,1526721.195000,1759,6688.30,1239189.787100,0
1753774260000,185.2200,185.2200,184.9600,184.98,10401.65,1753774319999,1924918.337900,1353,6373.32,1179285.329600,0
1753774320000,184.9900,185.3200,184.9100,185.31,18445.03,1753774379999,3414608.728500,2090,10807.38,2000687.628600,0
1753774380000,185.3100,185.4200,185.2500,185.36,5268.03,1753774439999,976463.594900,984,3117.31,577812.832400,0
1753774440000,185.3600,185.6000,185.3500,185.51,24393.79,1753774499999,4525215.596200,2363,12260.73,2274366.344400,0
1753774500000,185.5100,185.5200,185.3000,185.32,6131.82,1753774559999,1137105.052800,1033,2827.54,524405.232000,0
1753774560000,185.3100,185.4000,185.2700,185.29,6866.37,1753774619999,1272462.917000,1081,3312.63,613900.657900,0
1753774620000,185.2800,185.5300,185.2800,185.53,6257.61,1753774679999,1160252.698600,924,3802.39,705004.085300,0
1753774680000,185.5300,185.5700,185.3900,185.39,5656.07,1753774739999,1049032.376800,982,2091.30,387887.878300,0
1753774740000,185.4000,185.5000,185.2000,185.49,11053.85,1753774799999,2048828.865900,1599,5073.58,940379.531900,0
1753774800000,185.4800,185.7200,185.4400,185.7,27538.61,1753774859999,5110381.019480,2931,16941.66,3144141.681180,0
1753774860000,185.7100,185.8500,185.6300,185.84,23385.89,1753774919999,4344493.390000,2215,18249.88,3390418.150500,0
1753774920000,185.8300,186.0000,185.8100,185.95,55921.82,1753774979999,10397699.351520,3116,45533.12,8466079.859420,0
1753774980000,185.9400,186.1000,185.8100,186.09,32241.71,1753775039999,5995917.398540,2513,19143.15,3560349.516340,0
1753775040000,186.0900,186.1500,185.9800,186.15,22344.85,1753775099999,4157409.104600,1935,9780.88,1819892.921800,0
1753775100000,186.1500,186.3200,186.1300,186.3,30495.06,1753775159999,5678574.978100,3377,18199.19,3388868.703600,0
1753775160000,186.3000,186.4600,186.2600,186.44,35221.82,1753775219999,6563206.910620,2861,20926.69,3899709.409420,0
1753775220000,186.4400,186.5000,186.3300,186.43,26818.75,1753775279999,4999425.263800,5564,11386.33,2122722.914000,0
1753775280000,186.4400,186.4400,186.2300,186.27,18439.98,1753775339999,3435935.799200,5039,4837.00,901330.911500,0
1753775340000,186.2700,186.3900,186.1500,186.35,21894.04,1753775399999,4078495.847600,1856,13632.72,2539715.044100,0
1753775400000,186.3600,186.5000,186.3200,186.35,20170.43,1753775459999,3760248.347800,1648,11188.03,2085787.597400,0
1753775460000,186.3500,186.3600,186.1500,186.2,13551.48,1753775519999,2523711.038100,1598,6729.38,1253245.567000,0
1753775520000,186.2000,186.2600,185.9500,185.95,13152.25,1753775579999,2447395.949900,1624,4731.93,880563.511400,0
1753775580000,185.9600,186.1500,185.9500,186.09,8998.28,1753775639999,1674297.463500,1103,4651.92,865558.396400,0
1753775640000,186.0900,186.1300,186.0400,186.12,7697.48,1753775699999,1432349.059800,960,2784.85,518211.570200,0
1753775700000,186.1100,186.1100,185.9600,185.96,24767.79,1753775759999,4606317.728900,1091,2631.39,489560.966800,0
1753775760000,185.9600,185.9600,185.7300,185.73,41913.01,1753775819999,7790858.436200,2345,4071.89,756669.019600,0
1753775820000,185.7300,185.8900,185.7000,185.71,16266.79,1753775879999,3021953.130400,1538,9598.70,1783190.483400,0
1753775880000,185.7100,185.9400,185.7000,185.92,11663.94,1753775939999,2167300.498800,1237,7633.95,1418571.640700,0
1753775940000,185.9200,186.0000,185.8600,185.96,14343.74,1753775999999,2666852.742200,1648,4580.74,851756.417100,0
1753776000000,185.9600,185.9800,185.7200,185.89,18040.49,1753776059999,3352137.441800,2427,6418.89,1192656.305900,0
1753776060000,185.8900,186.0100,185.8000,185.98,16273.52,1753776119999,3025761.343200,1800,12792.93,2378681.080400,0
1753776120000,185.9900,186.3500,185.9100,186.33,24407.35,1753776179999,4543222.274800,2423,18972.40,3531815.335100,0
1753776180000,186.3400,186.4400,186.0200,186.02,18090.20,1753776239999,3370235.914200,2608,10282.98,1915970.126300,0
1753776240000,186.0200,186.0700,185.9100,185.97,16883.50,1753776299999,3139786.364700,1441,5348.97,994777.423800,0
1753776300000,185.9700,186.0700,185.9200,185.97,9052.62,1753776359999,1683658.404100,1314,5019.57,933541.750000,0
1753776360000,185.9700,186.0700,185.9400,186.06,30826.13,1753776419999,5733318.438800,1852,14812.07,2754904.577400,0
1753776420000,186.0600,186.0700,185.8300,185.83,9701.35,1753776479999,1803717.108100,974,2050.37,381279.898900,0
1753776480000,185.8400,185.8400,185.6200,185.62,13634.28,1753776539999,2532510.406500,1797,4410.91,819357.022500,0
1753776540000,185.6300,185.7800,185.6200,185.67,10594.05,1753776599999,1967064.448800,1391,5077.79,942792.487500,0
1753776600000,185.6700,185.8100,185.6000,185.8,5972.19,1753776659999,1109017.813100,1381,2624.20,487333.517200,0
1753776660000,185.8000,185.8700,185.7400,185.85,7991.27,1753776719999,1484841.004600,1210,4927.40,915515.578200,0
1753776720000,185.8500,186.0600,185.8300,185.93,9969.90,1753776779999,1853766.289200,1428,7807.14,1451658.710400,0
1753776780000,185.9300,185.9300,185.6800,185.78,9401.94,1753776839999,1746638.314300,1205,3038.63,564396.563300,0
1753776840000,185.7800,185.8600,185.7300,185.73,4816.79,1753776899999,894799.238300,778,1264.37,234888.704700,0
1753776900000,185.7400,185.9100,185.7100,185.89,4770.52,1753776959999,886353.181200,1389,3125.37,580746.476800,0
1753776960000,185.8900,185.9300,185.6400,185.69,4183.06,1753777019999,777095.786400,1093,2250.85,418085.573400,0
1753777020000,185.6900,185.8200,185.6400,185.66,4595.24,1753777079999,853368.085400,1027,2893.23,537252.471100,0
1753777080000,185.6500,185.7500,185.6500,185.71,2571.87,1753777139999,477536.524000,696,1074.48,199506.750200,0
1753777140000,185.7200,185.9900,185.7100,185.99,4359.76,1753777199999,810274.363900,1052,3133.68,582380.425100,0
1753777200000,185.9900,186.1700,185.9500,186.14,12597.07,1753777259999,2343962.982200,1633,7784.04,1448329.267200,0
1753777260000,186.1400,186.1500,185.9600,186.01,6034.90,1753777319999,1122872.784900,1054,2132.30,396757.423600,0
1753777320000,186.0100,186.0200,185.8800,185.93,6982.71,1753777379999,1298353.110900,1319,3066.92,570226.646700,0
1753777380000,185.9400,185.9700,185.7900,185.8,5889.56,1753777439999,1094801.679200,1002,3568.63,663379.801200,0
1753777440000,185.7900,185.9500,185.7400,185.86,4559.37,1753777499999,847285.244400,1614,2659.09,494132.216100,0
1753777500000,185.8500,185.8500,185.3500,185.39,25653.80,1753777559999,4758895.594300,2719,2971.28,551312.353500,0
1753777560000,185.3900,185.4700,185.3900,185.4,12206.12,1753777619999,2263390.571700,1789,6518.50,1208776.193400,0
1753777620000,185.4000,185.4600,185.3600,185.4,5695.82,1753777679999,1056040.526400,1247,1758.07,325944.278600,0
1753777680000,185.3900,185.4100,185.1200,185.12,21325.01,1753777739999,3950194.408600,2470,8170.19,1513571.763600,0
1753777740000,185.1300,185.1400,184.8500,185.02,51824.45,1753777799999,9586729.945200,4593,18375.90,3399533.231500,0
1753777800000,185.0200,185.2500,185.0200,185.25,19805.85,1753777859999,3666356.887200,1768,14216.82,2631772.577700,0
1753777860000,185.2500,185.3800,185.0900,185.24,11066.18,1753777919999,2049732.721100,1703,4710.03,872618.326300,0
1753777920000,185.2500,185.4000,185.1400,185.33,6368.75,1753777979999,1180101.113100,1168,3933.03,728872.224400,0
1753777980000,185.3300,185.3400,185.1400,185.28,10529.20,1753778039999,1950801.539100,1030,1961.78,363397.597200,0
1753778040000,185.2800,185.4300,185.2200,185.4,6511.90,1753778099999,1206753.833400,1251,4853.21,899350.474300,0
1753778100000,185.3900,185.4700,185.3300,185.35,6679.81,1753778159999,1238531.195200,1019,3562.41,660508.017600,0
1753778160000,185.3600,185.6200,185.3500,185.36,10633.73,1753778219999,1972204.110300,1803,7338.37,1361049.239800,0
1753778220000,185.3500,185.3500,185.1800,185.18,4306.37,1753778279999,797725.327800,1010,1780.39,329803.135800,0
1753778280000,185.1800,185.4200,185.1800,185.35,3024.84,1753778339999,560491.168600,930,1445.12,267801.294100,0
1753778340000,185.3600,185.3900,185.2500,185.29,4092.29,1753778399999,758327.390800,950,1714.26,317683.503300,0
1753778400000,185.3000,185.5500,185.2900,185.51,8473.92,1753778459999,1571700.970000,1409,5801.94,1076085.910900,0
1753778460000,185.5200,185.5700,185.4700,185.51,2734.72,1753778519999,507340.553100,761,1205.48,223642.256700,0
1753778520000,185.5000,185.5000,185.3100,185.43,9628.66,1753778579999,1784751.223200,1407,4289.53,795086.002100,0
1753778580000,185.4200,185.4400,185.3700,185.41,4257.77,1753778639999,789445.912700,692,2214.79,410665.781400,0
1753778640000,185.4100,185.4800,185.3700,185.38,2459.85,1753778699999,456124.139600,511,1163.60,215777.859300,0
1753778700000,185.3700,185.4200,185.2600,185.42,6093.18,1753778759999,1129129.649600,2016,3342.53,619393.104800,0
1753778760000,185.4100,185.4500,185.3100,185.39,6914.93,1753778819999,1282143.218600,839,5426.27,1006116.466800,0
1753778820000,185.3800,185.6200,185.3800,185.61,7370.78,1753778879999,1367220.062400,1099,5666.99,1051129.677200,0
1753778880000,185.6200,185.7500,185.4500,185.47,15058.67,1753778939999,2794753.642300,1955,8108.42,1504985.567000,0
1753778940000,185.4600,185.4800,185.2100,185.22,6910.28,1753778999999,1280939.039700,1149,2376.11,440479.839300,0
1753779000000,185.2100,185.2900,185.0300,185.04,16673.98,1753779059999,3087354.429400,2268,5613.22,1039398.857600,0
1753779060000,185.0500,185.0900,184.9500,184.95,10458.64,1753779119999,1934857.622100,1756,2423.81,448440.182600,0
1753779120000,184.9500,185.0800,184.8700,185.02,13769.54,1753779179999,2546795.354400,5642,6381.14,1180295.821400,0
1753779180000,185.0200,185.1900,185.0200,185.04,7667.75,1753779239999,1419445.499800,4142,4820.28,892287.479000,0
1753779240000,185.0400,185.0600,184.9400,184.98,5367.66,1753779299999,992986.439600,1206,1155.40,213748.867700,0
1753779300000,184.9900,185.1400,184.9800,185.03,6785.98,1753779359999,1255939.457300,1099,1768.87,327370.027600,0
1753779360000,185.0300,185.1600,185.0200,185.07,2072.89,1753779419999,383651.169500,640,1108.01,205052.590900,0
1753779420000,185.0700,185.0700,184.8900,184.89,5703.32,1753779479999,1054842.762900,960,1659.91,306999.188200,0
1753779480000,184.9000,184.9200,184.7400,184.88,10146.14,1753779539999,1875369.909100,1674,3021.18,558470.484400,0
1753779540000,184.8900,184.9100,184.7700,184.83,5951.57,1753779599999,1100030.414200,1104,2045.02,378009.477500,0
1753779600000,184.8400,184.9200,184.5400,184.55,21645.92,1753779659999,3998059.523860,2616,6221.01,1149345.200900,0
1753779660000,184.5600,184.8600,184.4200,184.83,36465.64,1753779719999,6729803.438000,3360,14557.42,2687371.971600,0
1753779720000,184.8300,185.0000,184.8200,184.89,13055.11,1753779779999,2414102.654500,1570,8035.33,1485889.092000,0
1753779780000,184.9000,184.9400,184.7500,184.86,17357.32,1753779839999,3208792.465800,1687,10848.27,2005559.427200,0
1753779840000,184.8600,184.9200,184.6700,184.74,8299.83,1753779899999,1533809.034500,1510,2584.58,477546.576600,0
1753779900000,184.7300,185.0400,184.6700,185.02,6150.30,1753779959999,1137049.024700,1282,4691.82,867432.737800,0
1753779960000,185.0300,185.0400,184.8100,184.82,6534.06,1753780019999,1208482.530000,1395,2419.62,447433.815000,0
1753780020000,184.8200,184.9000,184.7100,184.88,4989.36,1753780079999,922047.813800,1047,2177.20,402327.554900,0
1753780080000,184.8700,184.9000,184.8100,184.89,3182.83,1753780139999,588375.928300,641,1814.27,335379.541700,0
1753780140000,184.8900,184.9900,184.8700,184.96,3642.44,1753780199999,673626.816500,962,2438.15,450899.821600,0
1753780200000,184.9600,185.1300,184.8600,184.9,11500.62,1753780259999,2128139.199200,1620,7750.44,1434238.926800,0
1753780260000,184.9000,184.9000,184.6300,184.64,10298.26,1753780319999,1902639.708300,1483,2384.03,440470.300000,0
1753780320000,184.6300,184.6600,184.4600,184.49,8660.47,1753780379999,1598484.863900,1683,2216.51,409109.187100,0
1753780380000,184.4900,184.6000,184.4000,184.47,14791.22,1753780439999,2728588.630100,1483,9649.01,1779925.075100,0
1753780440000,184.4700,184.4800,184.2900,184.44,17751.70,1753780499999,3272930.350560,2141,2772.28,511191.570400,0
1753780500000,184.4400,184.5400,184.4100,184.52,15397.85,1753780559999,2840943.029200,1481,10917.13,2014244.406300,0
1753780560000,184.5200,184.5300,184.1800,184.19,16997.11,1753780619999,3132438.491300,2098,3226.98,594745.753800,0
1753780620000,184.1900,184.2800,184.1300,184.21,15511.41,1753780679999,2856999.768200,2035,4704.15,866481.456600,0
1753780680000,184.2100,184.4400,184.2100,184.41,15504.30,1753780739999,2858104.590100,1795,9362.53,1726055.357000,0
1753780740000,184.4000,184.7400,184.3300,184.73,6679.49,1753780799999,1232451.184800,1561,3984.01,735148.826300,0
1753780800000,184.7300,184.9800,184.7000,184.97,18013.49,1753780859999,3330057.289300,1949,14213.87,2627856.643100,0
1753780860000,184.9800,184.9900,184.7900,184.89,27301.90,1753780919999,5047854.665000,1633,6498.79,1201308.922400,0
1753780920000,184.8800,184.9700,184.8800,184.92,7465.96,1753780979999,1380649.056800,804,1954.76,361504.436300,0
1753780980000,184.9200,185.0300,184.9100,184.97,9747.71,1753781039999,1803167.808700,1014,3462.40,640435.145800,0
1753781040000,184.9800,185.1400,184.9700,185.14,8370.02,1753781099999,1548778.095700,1115,5110.08,945576.573100,0
1753781100000,185.1300,185.1400,185.0000,185.07,13606.75,1753781159999,2518342.089100,1340,8405.93,1555812.067500,0
1753781160000,185.0700,185.0800,184.7600,184.76,9000.17,1753781219999,1664045.970700,1132,1379.88,255174.280200,0
1753781220000,184.7600,184.8400,184.7400,184.8,3816.40,1753781279999,705171.671200,677,992.85,183454.133600,0
1753781280000,184.8000,184.9700,184.7900,184.92,5760.32,1753781339999,1065119.331400,876,4629.92,856072.330600,0
1753781340000,184.9200,185.0000,184.8600,184.99,9336.32,1753781399999,1726604.198900,1087,2238.79,414066.981700,0
1753781400000,184.9900,185.0500,184.8300,184.84,6490.98,1753781459999,1200535.707500,1443,2145.42,396805.784400,0
1753781460000,184.8400,184.9300,184.7000,184.73,6747.13,1753781519999,1246840.036200,1477,2812.75,519791.987800,0
1753781520000,184.7400,184.7800,184.5700,184.62,7414.36,1753781579999,1369307.858900,1147,1552.48,286762.930700,0
1753781580000,184.6300,184.7200,184.4500,184.48,8145.30,1753781639999,1503275.269400,1516,2708.85,499977.961300,0
1753781640000,184.4700,184.7800,184.4700,184.68,6372.94,1753781699999,1176662.050000,1441,3762.12,694572.739200,0
1753781700000,184.6800,184.6800,184.4200,184.43,3700.15,1753781759999,682939.181000,1034,1556.00,287239.778200,0
1753781760000,184.4300,184.5100,184.3200,184.37,4956.30,1753781819999,913987.607000,1255,1969.42,363186.896400,0
1753781820000,184.3700,184.4600,184.3600,184.38,4278.55,1753781879999,788999.560000,982,1575.60,290560.798600,0
1753781880000,184.3900,184.4100,184.2800,184.34,4662.53,1753781939999,859467.199600,952,1759.63,324364.183000,0
1753781940000,184.3400,184.4100,184.3400,184.39,4240.98,1753781999999,781916.826200,1029,1124.80,207383.969600,0
1753782000000,184.3900,184.4800,184.3500,184.42,5177.03,1753782059999,954817.217100,1044,2888.34,532674.975800,0
1753782060000,184.4300,184.6500,184.4000,184.65,4394.64,1753782119999,810943.006400,1146,3196.12,589814.896300,0
1753782120000,184.6500,184.6500,184.4600,184.46,3523.91,1753782179999,650394.937700,723,1896.23,349980.110600,0
1753782180000,184.4700,184.5500,184.4400,184.55,3189.23,1753782239999,588366.370800,748,2341.64,432011.332900,0
1753782240000,184.5400,184.6600,184.5200,184.62,5067.28,1753782299999,935482.755600,913,3612.64,666941.048400,0
1753782300000,184.6300,184.6300,184.4600,184.51,5246.19,1753782359999,968139.445700,1092,2598.58,479547.073400,0
1753782360000,184.5100,184.5800,184.3600,184.58,7959.16,1753782419999,1468110.240500,1507,4446.53,820256.739200,0
1753782420000,184.5800,184.6400,184.4400,184.63,7376.97,1753782479999,1361604.130400,921,6233.14,1150536.626800,0
1753782480000,184.6400,184.7400,184.4800,184.48,6694.57,1753782539999,1236169.607400,1190,4395.22,811652.634700,0
1753782540000,184.4900,184.5100,184.3600,184.36,3715.01,1753782599999,685209.311100,880,1115.06,205684.574500,0
1753782600000,184.3600,184.5500,184.3600,184.54,2952.08,1753782659999,544503.002100,808,2251.28,415255.951200,0
1753782660000,184.5400,184.5700,184.4100,184.57,1834.95,1753782719999,338525.108000,774,876.29,161656.959300,0
1753782720000,184.5700,184.5900,184.4800,184.48,1978.77,1753782779999,365173.180400,789,781.29,144184.157500,0
1753782780000,184.4900,184.5300,184.3700,184.38,3229.96,1753782839999,595719.672300,782,1193.93,220222.016400,0
1753782840000,184.3700,184.3800,184.2700,184.32,7750.15,1753782899999,1428418.024900,1390,1971.03,363291.657800,0
1753782900000,184.3200,184.3800,184.2300,184.33,4672.64,1753782959999,861251.150600,1360,1556.22,286859.594400,0
1753782960000,184.3200,184.5900,184.3200,184.41,3056.33,1753783019999,563755.047300,1007,2030.53,374535.713000,0
1753783020000,184.4200,184.5100,184.3600,184.46,2243.39,1753783079999,413744.738800,724,1301.21,239964.977600,0
1753783080000,184.4600,184.5600,184.4600,184.49,3146.53,1753783139999,580579.927700,636,1773.36,327214.676100,0
1753783140000,184.4900,184.5400,184.4000,184.52,2587.46,1753783199999,477287.403400,674,1583.03,292005.215100,0
1753783200000,184.5200,184.7200,184.5100,184.69,9462.08,1753783259999,1747229.693400,2027,7392.26,1365044.708300,0
1753783260000,184.6900,184.6900,184.3900,184.4,3180.31,1753783319999,586793.335000,839,762.26,140644.204000,0
1753783320000,184.4000,184.4800,184.2000,184.21,6925.14,1753783379999,1276481.863300,1412,2995.81,552321.312700,0
1753783380000,184.2000,184.2000,184.0800,184.09,13905.18,1753783439999,2560274.502200,1732,2677.00,492934.950900,0
1753783440000,184.0900,184.3100,184.0900,184.31,14748.14,1753783499999,2716298.416200,1510,5738.83,1057035.589000,0
1753783500000,184.3100,184.3100,184.0600,184.08,5007.54,1753783559999,922210.497800,1134,1328.21,244598.098700,0
1753783560000,184.0800,184.1600,183.8300,183.93,28760.48,1753783619999,5291320.024700,3249,8207.66,1510143.580000,0
1753783620000,183.9400,184.1300,183.9300,183.96,13181.32,1753783679999,2425772.948900,1600,8903.18,1638478.051500,0
1753783680000,183.9600,183.9900,183.8200,183.93,12386.48,1753783739999,2277704.340000,1618,3858.58,709585.575500,0
1753783740000,183.9400,184.0100,183.6000,183.62,65737.61,1753783799999,12078979.916400,4628,23066.86,4238976.457900,0
1753783800000,183.6200,183.7500,183.5000,183.53,36276.64,1753783859999,6660347.851500,2908,9628.50,1767825.262700,0
1753783860000,183.5200,183.7400,183.5200,183.74,16175.83,1753783919999,2970692.238100,1244,12030.80,2209466.642000,0
1753783920000,183.7400,183.8700,183.6900,183.78,9096.07,1753783979999,1671732.746900,1120,5525.89,1015570.428500,0
1753783980000,183.7900,183.8800,183.6400,183.7,15884.75,1753784039999,2918557.196500,1932,5883.45,1081150.299400,0
1753784040000,183.7000,183.7000,183.3000,183.38,30343.34,1753784099999,5565322.026150,3413,9020.56,1654370.548200,0
1753784100000,183.3900,183.5300,183.3300,183.45,22129.66,1753784159999,4059535.504900,6144,14117.81,2589875.491500,0
1753784160000,183.4400,183.7100,183.4200,183.7,19972.79,1753784219999,3665777.060300,3840,16612.18,3048925.545600,0
1753784220000,183.6900,183.8000,183.6300,183.67,7045.57,1753784279999,1294400.751200,1687,2951.09,542196.915400,0
1753784280000,183.6700,183.8500,183.6600,183.74,4731.55,1753784339999,869662.774500,1170,2040.67,375056.954700,0
1753784340000,183.7300,183.7800,183.6400,183.67,4783.29,1753784399999,878770.542000,1139,1370.70,251814.722300,0
1753784400000,183.6600,183.7600,183.5600,183.65,8478.60,1753784459999,1557219.597500,1588,2924.13,537058.715400,0
1753784460000,183.6400,183.7100,183.5000,183.54,11689.13,1753784519999,2146543.723100,1725,6453.23,1185067.591800,0
1753784520000,183.5400,183.5700,183.0800,183.16,31920.21,1753784579999,5849877.690580,4655,10541.37,1931845.614000,0
1753784580000,183.1700,183.3000,183.1600,183.29,13314.11,1753784639999,2439761.307500,1851,7095.06,1300068.064700,0
1753784640000,183.2900,183.5200,183.1900,183.51,13284.63,1753784699999,2435366.895700,1606,9909.06,1816572.199300,0
1753784700000,183.5000,183.6500,183.4000,183.53,10142.35,1753784759999,1861847.729900,1495,5094.96,935335.600600,0
1753784760000,183.5300,183.5700,183.3900,183.56,8822.67,1753784819999,1619013.959400,1125,3638.37,667735.733700,0
1753784820000,183.5700,183.5900,183.4600,183.49,6312.72,1753784879999,1158520.210100,1061,2093.14,384127.816800,0
1753784880000,183.4900,183.5500,183.3700,183.55,13202.00,1753784939999,2422492.937700,1279,8649.50,1587219.284900,0
1753784940000,183.5500,183.6800,183.4900,183.59,7792.01,1753784999999,1430672.335100,1131,5883.38,1080268.311200,0
1753785000000,183.5800,183.8000,183.5700,183.65,8451.14,1753785059999,1552425.311100,1895,6610.16,1214247.777800,0
1753785060000,183.6400,184.1700,183.6400,184.15,16943.76,1753785119999,3117122.701700,2480,12899.83,2373154.385800,0
1753785120000,184.1500,184.1600,183.9400,184.11,10825.31,1753785179999,1992496.823000,1632,7316.17,1346625.855500,0
1753785180000,184.1100,184.1100,183.9400,183.96,10881.36,1753785239999,2002578.412900,1339,7089.74,1304818.078900,0
1753785240000,183.9600,184.0200,183.7700,183.97,8261.00,1753785299999,1519525.666800,1344,5590.35,1028341.386900,0
1753785300000,183.9800,183.9900,183.7400,183.77,6988.15,1753785359999,1284873.499600,1268,2307.02,424120.626000,0
1753785360000,183.7800,183.9100,183.7200,183.77,8041.29,1753785419999,1478165.777800,1253,5117.91,940760.705500,0
1753785420000,183.7700,183.9900,183.7600,183.97,9035.31,1753785479999,1661620.069500,1343,5215.82,959042.172900,0
1753785480000,183.9600,183.9600,183.5800,183.58,11094.33,1753785539999,2038363.046800,1178,1361.49,250195.892600,0
1753785540000,183.5700,183.5700,183.3300,183.37,13668.04,1753785599999,2507319.946800,1916,5180.97,950414.194600,0
1753785600000,183.3800,183.4200,183.2300,183.31,23724.12,1753785659999,4348834.522300,2164,11177.27,2048812.760700,0
1753785660000,183.3100,183.3800,183.2400,183.37,10016.78,1753785719999,1836078.522500,1649,5037.99,923488.037700,0
1753785720000,183.3700,183.4300,183.2800,183.35,5636.55,1753785779999,1033523.388100,1272,3415.69,626313.266900,0
1753785780000,183.3400,183.3500,183.1700,183.22,10407.20,1753785839999,1907085.463100,1712,3289.76,602845.490600,0
1753785840000,183.2200,183.2900,183.1600,183.22,8959.68,1753785899999,1641704.360700,1253,5071.47,929277.902400,0
1753785900000,183.2300,183.3000,183.1500,183.22,5371.17,1753785959999,984182.444400,1682,2346.52,429956.073600,0
1753785960000,183.2200,183.2400,182.9700,183.1,17892.08,1753786019999,3275095.560100,2665,4516.17,826758.549500,0
1753786020000,183.1100,183.1600,182.8300,182.85,34645.02,1753786079999,6337669.430600,3136,7977.08,1459488.186100,0
1753786080000,182.8500,182.8900,182.4800,182.72,86781.27,1753786139999,15847638.548450,5315,35882.29,6551839.341630,0
1753786140000,182.7100,182.9000,182.6300,182.84,20657.35,1753786199999,3775419.167200,2193,14083.77,2574265.949300,0
1753786200000,182.8500,182.8700,182.7000,182.71,11261.86,1753786259999,2058157.301000,1541,3915.24,715527.756600,0
1753786260000,182.7100,182.8000,182.5300,182.57,21090.83,1753786319999,3851944.984000,2199,8097.26,1478869.550100,0
1753786320000,182.5700,182.8600,182.4800,182.86,13211.98,1753786379999,2412554.447400,1944,4883.89,892098.855400,0
1753786380000,182.8600,182.8900,182.7300,182.86,4930.69,1753786439999,901444.260000,1310,2360.92,431624.787200,0
1753786440000,182.8600,182.9500,182.8400,182.84,8596.15,1753786499999,1572295.380700,1192,3681.13,673310.965800,0
1753786500000,182.8400,182.8900,182.7500,182.76,9268.43,1753786559999,1694587.656500,1167,4534.36,829071.856500,0
1753786560000,182.7600,182.7800,182.3000,182.36,23900.79,1753786619999,4360492.185700,2904,5955.01,1086502.990100,0
1753786620000,182.3600,182.3800,182.1600,182.18,27868.87,1753786679999,5079272.184600,3216,12115.04,2208066.986400,0
1753786680000,182.1800,182.3400,182.1800,182.32,12757.01,1753786739999,2325350.618900,1779,6047.47,1102244.056400,0
1753786740000,182.3200,182.4700,182.2900,182.3,12121.81,1753786799999,2210728.618700,2055,6406.86,1168453.749700,0
1753786800000,182.2900,182.4800,182.2700,182.42,18973.80,1753786859999,3460482.689900,3080,10236.02,1866886.890400,0
1753786860000,182.4300,182.5500,182.4200,182.53,16157.57,1753786919999,2948493.257800,1711,7901.59,1441885.158000,0
1753786920000,182.5400,182.7000,182.4300,182.7,8451.16,1753786979999,1542908.465500,1454,5560.27,1015204.561900,0
1753786980000,182.7100,182.7400,182.5200,182.53,7840.55,1753787039999,1431611.347500,1599,4139.06,755700.591000,0
1753787040000,182.5300,182.5700,182.3900,182.52,8868.09,1753787099999,1618331.509500,1737,4496.23,820566.220900,0
1753787100000,182.5200,182.7000,182.5100,182.62,7585.11,1753787159999,1385064.568400,1381,4698.79,858015.335000,0
1753787160000,182.6100,182.6100,182.5200,182.53,5882.56,1753787219999,1073938.000800,1096,2898.15,529099.499600,0
1753787220000,182.5300,182.5700,182.4200,182.51,7416.54,1753787279999,1353382.519000,1481,3665.94,668998.142200,0
1753787280000,182.5200,182.5300,182.3300,182.33,7830.78,1753787339999,1428431.777800,1353,2021.00,368654.136400,0
1753787340000,182.3300,182.6400,182.3200,182.56,9978.43,1753787399999,1821588.466000,1509,6820.79,1245122.591000,0
1753787400000,182.5600,182.6900,182.5400,182.69,5917.26,1753787459999,1080661.240400,1097,4483.24,818783.789900,0
1753787460000,182.7000,182.8100,182.6600,182.78,8371.48,1753787519999,1529762.035600,1440,4944.35,903539.502500,0
1753787520000,182.7800,182.8100,182.6600,182.75,5733.32,1753787579999,1047802.124000,1109,3861.14,705648.760500,0
1753787580000,182.7400,182.9000,182.7400,182.89,5398.45,1753787639999,987130.868800,972,4559.15,833669.790700,0
1753787640000,182.8800,182.9500,182.8600,182.94,6079.17,1753787699999,1111870.780100,906,4499.75,823013.955100,0
1753787700000,182.9500,183.0200,182.8600,182.95,10022.68,1753787759999,1833453.629100,2139,6264.84,1146036.727100,0
1753787760000,182.9500,182.9800,182.8000,182.81,5286.99,1753787819999,967096.967800,1187,2901.03,530652.294400,0
1753787820000,182.8000,183.0500,182.8000,182.99,5064.31,1753787879999,926442.214200,1088,3481.01,636818.844500,0
1753787880000,183.0000,183.2900,183.0000,183.18,15689.93,1753787939999,2874144.053400,1964,10308.71,1888216.460100,0
1753787940000,183.1800,183.2000,183.0800,183.16,8606.27,1753787999999,1576058.973400,1324,6455.41,1182120.323200,0
1753788000000,183.1600,183.2300,183.0900,183.09,6359.12,1753788059999,1164754.093300,1264,2508.48,459501.941700,0
1753788060000,183.0900,183.1500,182.8900,183.09,9188.63,1753788119999,1681652.473500,1769,3689.55,675257.902500,0
1753788120000,183.0900,183.2400,183.0300,183.24,6614.76,1753788179999,1211395.310100,1313,3566.70,653275.762600,0
1753788180000,183.2400,183.2900,183.1400,183.24,5359.91,1753788239999,982052.258900,1175,3879.50,710819.850200,0
1753788240000,183.2300,183.3100,183.1700,183.22,5915.00,1753788299999,1083876.824100,1031,3384.96,620260.038900,0
1753788300000,183.2300,183.2400,183.0400,183.22,5043.06,1753788359999,923601.435800,1234,2638.95,483289.608000,0
1753788360000,183.2300,183.3300,183.2000,183.28,3994.84,1753788419999,732145.360500,1121,2235.70,409731.858300,0
1753788420000,183.2700,183.3500,183.2700,183.3,6075.40,1753788479999,1113756.220400,859,3423.59,627604.729600,0
1753788480000,183.3100,183.3200,183.1900,183.22,4501.13,1753788539999,824873.764500,921,1573.66,288348.646400,0
1753788540000,183.2100,183.3100,183.2000,183.21,2161.34,1753788599999,396098.182400,742,1479.43,271133.047200,0
1753788600000,183.2100,183.3400,183.1700,183.27,5174.30,1753788659999,948257.475200,1812,1996.18,365807.008000,0
1753788660000,183.2700,183.3600,183.2100,183.33,5601.46,1753788719999,1026799.243300,974,3868.66,709148.040200,0
1753788720000,183.3300,183.4500,183.2500,183.25,14735.94,1753788779999,2701897.696200,1772,6276.38,1150831.340200,0
1753788780000,183.2600,183.2600,182.7800,182.8,10737.39,1753788839999,1964445.628900,1877,2798.20,511943.902500,0
1753788840000,182.7900,182.9700,182.7300,182.73,6621.75,1753788899999,1210777.981700,1338,3641.45,665888.090900,0
1753788900000,182.7300,182.8900,182.6200,182.89,9321.69,1753788959999,1703243.472400,1922,3899.10,712432.084300,0
1753788960000,182.8900,182.9700,182.8000,182.97,5831.46,1753789019999,1066547.810700,1405,3596.74,657815.415200,0
1753789020000,182.9700,182.9700,182.6800,182.73,6354.55,1753789079999,1161585.012900,1135,3207.06,586277.612400,0
1753789080000,182.7400,182.8500,182.7100,182.84,6978.24,1753789139999,1275376.773700,1301,3477.80,635641.283100,0
1753789140000,182.8300,182.8900,182.6600,182.68,11737.13,1753789199999,2145212.724300,1393,3067.05,560471.241900,0
1753789200000,182.6800,182.6800,182.4000,182.41,17747.62,1753789259999,3238974.826500,2104,4649.42,848373.870400,0
1753789260000,182.4000,182.6400,182.4000,182.56,8053.67,1753789319999,1470112.556500,1661,3483.35,635799.500800,0
1753789320000,182.5600,182.6900,182.5300,182.68,8902.65,1753789379999,1625731.701700,1069,7569.38,1382296.442100,0
1753789380000,182.6900,182.7300,182.5500,182.69,3623.71,1753789439999,661822.737500,876,2072.07,378439.744400,0
1753789440000,182.7000,182.8500,182.6400,182.68,6500.01,1753789499999,1188048.502600,1198,4387.32,801953.699800,0
1753789500000,182.6800,182.6900,182.5800,182.58,4432.35,1753789559999,809515.170100,1524,1895.54,346203.022500,0
1753789560000,182.5800,182.7000,182.5400,182.54,4384.58,1753789619999,800750.041800,967,2248.99,410710.385300,0
1753789620000,182.5500,182.7700,182.5500,182.75,4626.12,1753789679999,845074.037600,1101,2026.25,370124.242300,0
1753789680000,182.7500,182.8000,182.7000,182.78,2476.55,1753789739999,452579.095600,831,1340.53,244974.574600,0
1753789740000,182.7800,182.8300,182.7200,182.77,3712.87,1753789799999,678585.748700,769,2558.84,467662.993400,0
1753789800000,182.7600,182.7900,182.6600,182.76,5503.34,1753789859999,1005635.360800,972,3160.24,577500.886900,0
1753789860000,182.7500,182.8500,182.7200,182.84,6966.69,1753789919999,1273332.682700,1071,5564.09,1016958.986800,0
1753789920000,182.8400,182.9000,182.7600,182.89,3650.47,1753789979999,667473.739300,979,2521.69,461082.790300,0
1753789980000,182.8900,182.9000,182.7900,182.79,3767.24,1753790039999,688792.741900,813,2367.93,432957.002200,0
1753790040000,182.7900,182.8300,182.7300,182.8,6297.30,1753790099999,1150947.994800,957,3490.36,637928.994100,0
1753790100000,182.8100,182.8200,182.7100,182.8,2405.86,1753790159999,439733.378200,724,1066.83,194988.340200,0
1753790160000,182.8000,182.8800,182.7900,182.87,2271.95,1753790219999,415387.027700,645,1750.42,320030.995500,0
1753790220000,182.8700,182.8700,182.7600,182.83,3013.02,1753790279999,550784.155300,597,1297.45,237165.162500,0
1753790280000,182.8400,182.9000,182.7900,182.8,6885.08,1753790339999,1258965.713800,966,3359.58,614346.627300,0
1753790340000,182.7900,182.8700,182.7500,182.83,5215.64,1753790399999,953473.808200,756,3669.82,670865.234000,0
1753790400000,182.8400,182.8800,182.7000,182.74,6102.21,1753790459999,1115475.649800,1384,2657.91,485899.279300,0
1753790460000,182.7300,182.8900,182.6100,182.85,10000.08,1753790519999,1827641.327000,1547,5004.04,914660.212800,0
1753790520000,182.8600,182.9000,182.8200,182.88,5021.12,1753790579999,918220.712500,1338,3650.75,667626.349300,0
1753790580000,182.8800,183.3400,182.8400,183.34,20473.50,1753790639999,3747689.828500,3003,15377.18,2814916.412400,0
1753790640000,183.3400,183.4200,182.9600,183.07,20938.47,1753790699999,3834962.830000,2924,12731.95,2331591.007500,0
1753790700000,183.0800,183.2300,183.0000,183.05,8999.98,1753790759999,1648309.202500,2142,6529.07,1195857.900900,0
1753790760000,183.0600,183.1600,183.0000,183.12,5503.16,1753790819999,1007478.997800,1424,2444.28,447493.616900,0
1753790820000,183.1200,183.1300,182.9400,182.94,3922.57,1753790879999,717867.006000,1006,1489.45,272597.820800,0
1753790880000,182.9300,182.9700,182.5600,182.57,8908.74,1753790939999,1628251.246800,1539,1732.48,316729.198800,0
1753790940000,182.5700,182.7400,182.5600,182.64,7253.69,1753790999999,1324947.675100,1411,3399.81,620990.192900,0
1753791000000,182.6400,182.6800,182.5100,182.61,8160.26,1753791059999,1489996.144000,1329,2476.08,452072.933400,0
1753791060000,182.6100,182.6600,182.6100,182.66,2880.95,1753791119999,526145.935000,586,1268.82,231720.104200,0
1753791120000,182.6500,182.8500,182.4700,182.84,9558.63,1753791179999,1745397.755500,1653,4266.89,779222.319500,0
1753791180000,182.8400,182.9100,182.7500,182.84,5959.40,1753791239999,1089718.600200,1184,1965.07,359253.504800,0
1753791240000,182.8300,182.8700,182.7100,182.72,4810.21,1753791299999,879436.919700,920,1015.32,185629.803700,0
1753791300000,182.7100,183.0200,182.7100,182.9,5580.74,1753791359999,1020610.087900,1969,3443.51,629723.803700,0
1753791360000,182.9000,183.2800,182.8400,183.27,23995.12,1753791419999,4392757.129700,2619,16885.43,3090602.769100,0
1753791420000,183.2700,183.3900,183.0500,183.05,15991.26,1753791479999,2929872.666700,2111,8511.86,1559481.897300,0
1753791480000,183.0500,183.1000,182.9200,183.06,6778.40,1753791539999,1240446.022300,1322,2817.92,515693.940800,0
1753791540000,183.0600,183.4100,183.0200,183.33,14110.81,1753791599999,2586930.619500,1675,10772.72,1975023.217400,0
1753791600000,183.3300,183.5500,183.2300,183.5,14302.49,1753791659999,2622848.341000,2167,8860.02,1624859.931200,0
1753791660000,183.5100,183.5400,183.2200,183.22,8721.66,1753791719999,1599672.740300,1309,2957.13,542457.428300,0
1753791720000,183.2200,183.4500,183.2000,183.42,5129.11,1753791779999,940220.599900,1330,3327.65,610009.459500,0
1753791780000,183.4100,183.5400,183.3900,183.43,9316.04,1753791839999,1709097.118800,1386,5224.09,958389.204400,0
1753791840000,183.4200,183.5000,183.4100,183.43,6421.09,1753791899999,1177969.158500,865,3740.31,686192.061400,0
1753791900000,183.4300,183.4800,183.2600,183.45,12544.91,1753791959999,2300687.762000,1177,4495.00,824261.806600,0
1753791960000,183.4600,183.6500,183.4200,183.65,12037.10,1753792019999,2208928.149300,1306,6678.86,1225784.632100,0
1753792020000,183.6400,183.9000,183.5700,183.85,44622.54,1753792079999,8201717.059900,3650,23851.86,4384141.301700,0
1753792080000,183.8400,183.9300,183.8000,183.84,21922.95,1753792139999,4030783.459800,1965,8307.87,1527526.392000,0
1753792140000,183.8500,184.0100,183.8200,183.82,32222.35,1753792199999,5926993.287800,2742,20639.78,3796897.834500,0
1753792200000,183.8100,183.8200,183.5300,183.56,24981.54,1753792259999,4589181.852100,2421,13445.96,2470328.001700,0
1753792260000,183.5600,183.7300,183.4800,183.49,21988.13,1753792319999,4037687.628400,1935,14540.47,2670314.117400,0
1753792320000,183.4900,183.6200,183.2500,183.28,11266.54,1753792379999,2066915.048200,1618,4379.43,803523.110400,0
1753792380000,183.2700,183.5700,183.2500,183.54,8229.29,1753792439999,1509563.752800,1607,5834.38,1070293.266000,0
1753792440000,183.5400,183.7800,183.5100,183.62,11725.14,1753792499999,2153330.963500,1807,6220.07,1142361.250600,0
1753792500000,183.6100,183.8400,183.5200,183.83,5074.05,1753792559999,932191.105900,1377,2697.84,495647.126600,0
1753792560000,183.8400,183.9200,183.7800,183.91,14904.75,1753792619999,2740299.961000,2118,7104.38,1306186.717700,0
1753792620000,183.9100,184.2600,183.8600,184.23,29384.15,1753792679999,5409788.929000,3354,18379.31,3383672.547200,0
1753792680000,184.2300,184.2300,184.0600,184.16,13796.88,1753792739999,2540609.681700,2042,6901.81,1270926.889500,0
1753792740000,184.1500,184.3100,184.1300,184.29,18272.39,1753792799999,3366469.078500,2125,9987.10,1840096.618100,0
1753792800000,184.2800,184.4400,184.2300,184.33,21112.64,1753792859999,3891545.528280,2136,14788.16,2725878.799980,0
1753792860000,184.3300,184.3300,183.9100,183.96,12372.88,1753792919999,2278421.285700,2061,2746.01,505795.444800,0
1753792920000,183.9600,184.0700,183.9500,183.96,9155.00,1753792979999,1684612.507100,952,5565.90,1024177.593500,0
1753792980000,183.9700,184.1400,183.9700,184.09,5408.93,1753793039999,995479.873600,1045,2504.06,460817.603800,0
1753793040000,184.1000,184.4000,184.0900,184.34,8519.92,1753793099999,1570374.143200,1558,4031.22,742969.933100,0
1753793100000,184.3400,184.4500,184.2900,184.39,7051.58,1753793159999,1300335.243200,1395,3190.77,588401.543300,0
1753793160000,184.3900,184.3900,184.0700,184.18,11858.51,1753793219999,2184176.689200,1889,2229.93,410693.758500,0
1753793220000,184.1800,184.4200,184.1800,184.32,11158.12,1753793279999,2056479.332200,1668,2965.85,546618.174900,0
1753793280000,184.3300,184.3900,184.0600,184.12,6595.86,1753793339999,1215029.472200,1590,1455.89,268157.043200,0
1753793340000,184.1300,184.1600,183.9900,184.06,4961.46,1753793399999,913220.534100,1649,1685.64,310292.798100,0
1753793400000,184.0600,184.1100,183.8200,183.9,6580.93,1753793459999,1210477.238300,1448,1159.15,213241.789800,0
1753793460000,183.9000,183.9100,183.7100,183.85,16095.72,1753793519999,2958551.777000,2139,6958.70,1279160.646900,0
1753793520000,183.8600,184.0000,183.8500,183.9,5240.88,1753793579999,964039.358500,1158,2785.37,512332.352900,0
1753793580000,183.9000,184.0900,183.8800,183.92,7650.69,1753793639999,1407674.853000,1294,4620.54,850151.510800,0
1753793640000,183.9200,183.9900,183.8600,183.95,5167.29,1753793699999,950415.149900,1564,3216.63,591605.237600,0
1753793700000,183.9500,183.9700,183.8000,183.8,5382.69,1753793759999,989678.201700,1131,1893.69,348212.985600,0
1753793760000,183.8100,183.9200,183.8100,183.9,3114.58,1753793819999,572688.858100,1147,2195.47,403678.579200,0
1753793820000,183.9000,183.9500,183.8000,183.92,4104.07,1753793879999,754733.231900,1155,2804.63,515768.006400,0
1753793880000,183.9300,184.1100,183.9100,183.92,4706.65,1753793939999,866146.984000,953,2464.50,453570.793600,0
1753793940000,183.9200,183.9200,183.8000,183.8,2540.39,1753793999999,467128.041500,789,1279.47,235271.572700,0
1753794000000,183.8000,183.8000,183.6000,183.63,12801.97,1753794059999,2351274.365900,1465,4008.07,736075.365700,0
1753794060000,183.6400,183.7300,183.5200,183.72,10330.12,1753794119999,1896933.536900,1449,6317.64,1160160.144500,0
1753794120000,183.7200,184.0900,183.7100,184.09,9450.00,1753794179999,1738094.065800,1559,7255.05,1334421.180800,0
1753794180000,184.0800,184.1500,184.0000,184.14,8568.04,1753794239999,1577113.949800,1072,2586.55,476104.692400,0
1753794240000,184.1500,184.2000,183.9600,183.96,6455.41,1753794299999,1188542.752400,1163,2496.46,459723.575300,0
1753794300000,183.9600,184.0100,183.7700,183.78,8183.24,1753794359999,1504783.891100,1585,5010.78,921317.041500,0
1753794360000,183.7800,183.7900,183.1800,183.27,23530.56,1753794419999,4315380.677500,3530,7320.57,1342305.058300,0
1753794420000,183.2700,183.3900,183.1800,183.35,21881.26,1753794479999,4010348.401300,2247,10516.40,1927570.736100,0
1753794480000,183.3400,183.4400,183.2900,183.29,10464.95,1753794539999,1918820.574000,1398,3725.82,683158.893400,0
1753794540000,183.2900,183.4400,183.2700,183.4,7082.23,1753794599999,1298415.685200,1249,4606.13,844389.275100,0
1753794600000,183.4100,183.4700,183.2300,183.32,10126.89,1753794659999,1856903.780200,1527,2540.14,465772.899300,0
1753794660000,183.3200,183.5100,183.3100,183.51,2931.99,1753794719999,537752.117000,921,2011.58,368935.186800,0
1753794720000,183.5100,183.5800,183.4100,183.51,5519.35,1753794779999,1012842.474200,1142,3023.51,554868.660300,0
1753794780000,183.5100,183.8200,183.5100,183.71,7969.14,1753794839999,1463949.098500,1462,3157.07,579812.747500,0
1753794840000,183.7100,183.8700,183.6800,183.82,3704.81,1753794899999,680847.664900,992,2214.05,406900.141900,0
1753794900000,183.8100,183.8100,183.6300,183.72,4194.00,1753794959999,770541.165500,1230,1403.18,257784.182100,0
1753794960000,183.7200,184.1700,183.7200,184.05,41185.28,1753795019999,7577799.307700,2993,10387.98,1910987.352300,0
1753795020000,184.0500,184.0500,183.7900,183.88,8541.45,1753795079999,1570972.580200,1794,2925.47,538068.912600,0
1753795080000,183.8700,184.1100,183.8500,184.02,7270.84,1753795139999,1337809.670900,1608,3311.29,609254.423600,0
1753795140000,184.0100,184.1400,183.8800,183.9,6201.86,1753795199999,1141168.302200,1414,1660.89,305594.095200,0
1753795200000,183.8900,183.9500,183.8000,183.89,5451.53,1753795259999,1002523.049700,1498,2392.81,440033.363000,0
1753795260000,183.9000,184.3400,183.8900,184.33,15497.43,1753795319999,2854557.385300,2546,11037.36,2032878.339300,0
1753795320000,184.3400,184.3500,184.1700,184.31,8479.70,1753795379999,1562739.783500,1705,4654.08,857689.202900,0
1753795380000,184.3100,184.3400,184.2200,184.33,6146.84,1753795439999,1132773.199300,1148,2092.68,385655.715400,0
1753795440000,184.3400,184.3500,184.1800,184.24,4753.39,1753795499999,875967.602400,1222,1811.13,333787.408300,0
1753795500000,184.2500,184.4900,184.0300,184.49,27374.05,1753795559999,5044538.601600,3602,18176.71,3349725.775000,0
1753795560000,184.5000,184.9300,184.4700,184.61,102085.19,1753795619999,18854204.006060,6024,73226.53,13524368.425860,0
1753795620000,184.6200,184.7100,184.5200,184.57,11213.58,1753795679999,2070070.743800,1557,7202.97,1329670.413400,0
1753795680000,184.5800,184.8100,184.5600,184.67,39776.72,1753795739999,7347526.125000,2293,20809.55,3843100.177900,0
1753795740000,184.6700,184.6900,184.4800,184.49,11463.20,1753795799999,2115661.519900,1261,3138.94,579408.119000,0
1753795800000,184.5000,184.7300,184.5000,184.72,16799.15,1753795859999,3100819.925400,2144,11407.16,2105264.250500,0
1753795860000,184.7100,184.7100,184.3400,184.57,19853.92,1753795919999,3663130.373900,2370,7488.55,1381700.898800,0
1753795920000,184.5600,184.5800,184.0100,184.3,34184.05,1753795979999,6298053.236100,3445,12500.26,2303175.631600,0
1753795980000,184.3100,184.5800,184.2800,184.55,8446.06,1753796039999,1557410.822300,2116,3817.40,703831.685900,0
1753796040000,184.5400,184.7600,184.4500,184.64,11262.81,1753796099999,2079225.964800,2273,5829.96,1076282.130500,0
1753796100000,184.6400,184.7400,184.4900,184.5,14342.56,1753796159999,2647563.190100,2416,6817.84,1258452.487900,0
1753796160000,184.5100,184.9100,184.4600,184.85,21614.01,1753796219999,3992714.799100,2701,11492.69,2122787.446200,0
1753796220000,184.8500,184.8500,184.5000,184.5,10853.32,1753796279999,2004495.868500,5362,5135.68,948416.598200,0
1753796280000,184.5000,184.7300,184.4500,184.67,15878.91,1753796339999,2930937.978500,5524,8881.59,1639292.002100,0
1753796340000,184.6800,184.6900,184.2900,184.44,19239.18,1753796399999,3549159.936300,2048,5204.46,959957.287000,0
1753796400000,184.4400,184.5400,184.2800,184.45,14011.29,1753796459999,2583597.303900,2870,7647.97,1410227.242700,0
1753796460000,184.4600,184.6400,184.2300,184.23,8201.28,1753796519999,1512356.403000,1804,3739.92,689581.096900,0
1753796520000,184.2200,184.2300,183.7400,183.84,30081.95,1753796579999,5535071.228700,3318,8140.96,1498058.723400,0
1753796580000,183.8400,183.9400,183.4800,183.59,17692.67,1753796639999,3250448.949600,2962,6315.26,1160547.183700,0
1753796640000,183.5900,183.9700,183.5400,183.87,15036.72,1753796699999,2762733.960100,2804,9435.84,1733637.779600,0
1753796700000,183.8700,184.0900,183.6500,183.7,13329.02,1753796759999,2450346.068500,2879,8099.22,1488787.479900,0
1753796760000,183.7100,184.2100,183.6400,184.03,20544.87,1753796819999,3779608.458600,3303,11773.83,2165281.422100,0
1753796820000,184.0300,184.1800,183.8200,183.87,11895.72,1753796879999,2188641.025400,2360,7503.28,1380561.838800,0
1753796880000,183.8700,184.1500,183.5500,184.14,28002.16,1753796939999,5146494.944900,3261,12821.72,2356647.290200,0
1753796940000,184.1400,184.1400,183.3400,183.38,25653.80,1753796999999,4710254.056200,3279,6774.86,1244075.042100,0
1753797000000,183.3900,183.4800,182.8900,183.14,51196.00,1753797059999,9376243.695480,8858,26732.87,4896839.611100,0
1753797060000,183.1400,183.2000,182.9000,183.13,30657.99,1753797119999,5612791.696400,6440,18017.36,3298590.890400,0
1753797120000,183.1300,183.3000,182.8800,182.98,29848.45,1753797179999,5466002.387500,3397,13877.08,2541432.152700,0
1753797180000,182.9800,183.1500,182.8100,182.93,24195.37,1753797239999,4427774.926000,2863,7524.53,1377251.872900,0
1753797240000,182.9300,182.9900,182.6700,182.69,24843.65,1753797299999,4542487.216620,3168,5728.63,1047493.318500,0
1753797300000,182.6900,182.7000,182.3000,182.5,55335.27,1753797359999,10097762.345300,5626,26482.79,4832809.951700,0
1753797360000,182.5000,182.7100,182.3900,182.41,51785.35,1753797419999,9451234.352700,3484,10607.28,1936125.774700,0
1753797420000,182.4200,182.6000,182.1000,182.45,45177.99,1753797479999,8235881.183300,5446,23150.32,4220761.339600,0
1753797480000,182.4400,182.5800,182.3400,182.47,24335.72,1753797539999,4440484.175300,3035,13651.47,2490971.734200,0
1753797540000,182.4600,182.6200,182.4300,182.62,19838.46,1753797599999,3621006.208800,2655,12057.19,2200733.218800,0
1753797600000,182.6200,182.7300,182.2000,182.37,37850.15,1753797659999,6907133.005500,4700,19820.21,3617161.072500,0
1753797660000,182.3700,182.4100,181.7500,182.07,76482.50,1753797719999,13919826.446300,7060,21073.79,3835716.064300,0
1753797720000,182.0800,182.1400,181.8300,181.89,32733.35,1753797779999,5957554.116200,4107,18024.48,3280559.688100,0
1753797780000,181.9000,181.9300,181.5000,181.59,46310.81,1753797839999,8413214.034500,8364,21335.14,3876280.478100,0
1753797840000,181.5900,181.6400,181.1800,181.27,104163.21,1753797899999,18893031.985900,11013,31320.31,5682353.787900,0
1753797900000,181.2700,181.3300,180.7500,180.92,160068.54,1753797959999,28976595.760300,9460,48802.89,8837205.825300,0
1753797960000,180.9200,181.0700,180.6000,180.74,115956.29,1753798019999,20967192.885700,8155,46856.17,8473749.660500,0
1753798020000,180.7400,181.0000,180.6700,180.88,77371.49,1753798079999,13993886.894600,4734,54531.32,9864047.140900,0
1753798080000,180.8900,180.9900,180.4400,180.65,74914.79,1753798139999,13531666.983500,6751,28859.46,5212871.525500,0
1753798140000,180.6600,181.0600,180.5000,180.91,52315.71,1753798199999,9462137.532800,4819,33820.15,6117865.161400,0
1753798200000,180.9100,181.1200,180.7000,180.86,41115.25,1753798259999,7437528.395900,4303,24916.51,4507544.914900,0
1753798260000,180.8600,181.0500,180.8100,180.99,23391.78,1753798319999,4232415.878900,3403,13999.74,2533210.207200,0
1753798320000,180.9900,181.0900,180.8400,181.09,26480.23,1753798379999,4791984.008200,3261,14717.49,2663460.491900,0
1753798380000,181.0900,181.3600,181.0800,181.24,38829.70,1753798439999,7037814.709500,4119,23980.60,4346343.581100,0
1753798440000,181.2400,181.4500,181.0800,181.1,25445.84,1753798499999,4613402.512600,3588,14392.48,2609676.558800,0
1753798500000,181.1000,181.3400,181.0000,181.28,15410.18,1753798559999,2792034.217500,3367,9802.53,1776015.728400,0
1753798560000,181.2800,181.5500,181.1800,181.54,24741.65,1753798619999,4487980.985000,3057,15093.93,2737822.998900,0
1753798620000,181.5400,181.6500,181.4300,181.59,21620.03,1753798679999,3925347.521400,2718,11673.04,2119435.651600,0
1753798680000,181.5800,181.6100,181.1400,181.26,19413.96,1753798739999,3519965.975500,2794,9842.84,1784477.026900,0
1753798740000,181.2600,181.3300,180.9600,181.17,29994.82,1753798799999,5432737.782200,3434,9055.25,1640514.324600,0
1753798800000,181.1700,181.2900,180.9400,181.02,20912.37,1753798859999,3787998.057700,3435,12998.40,2354593.545400,0
1753798860000,181.0300,181.1400,180.9500,181.04,19268.29,1753798919999,3488435.150400,2581,12001.28,2172743.096800,0
1753798920000,181.0300,181.3200,180.9600,181.32,19195.33,1753798979999,3475772.782100,2285,13626.01,2467091.420700,0
1753798980000,181.3200,181.5000,181.3100,181.36,17065.88,1753799039999,3095880.492400,2480,9706.33,1760762.108000,0
1753799040000,181.3700,181.7900,181.3400,181.72,23351.20,1753799099999,4240274.363200,2893,13429.66,2438683.502100,0
1753799100000,181.7200,181.9000,181.6200,181.76,49835.87,1753799159999,9060692.684100,3609,33561.60,6102132.952100,0
1753799160000,181.7600,181.8500,181.5800,181.58,21821.51,1753799219999,3965436.773500,2265,7898.17,1435294.787400,0
1753799220000,181.5800,181.6300,181.3100,181.58,18699.29,1753799279999,3393779.849100,2428,10703.66,1942663.420000,0
1753799280000,181.5800,181.7400,181.5000,181.74,9040.97,1753799339999,1641885.251500,1738,4324.91,785431.787400,0
1753799340000,181.7300,181.8700,181.6900,181.85,13571.81,1753799399999,2466997.335000,1714,4199.62,763382.958000,0
1753799400000,181.8600,181.9000,181.6500,181.73,28739.47,1753799459999,5225016.107000,2995,13797.10,2508626.392100,0
1753799460000,181.7400,181.9000,181.4700,181.9,25177.17,1753799519999,4574749.186100,2620,12269.04,2229653.598700,0
1753799520000,181.9000,181.9000,181.6500,181.77,8776.11,1753799579999,1595426.855500,1935,4248.67,772293.087400,0
1753799580000,181.7800,181.8200,181.4100,181.55,10239.81,1753799639999,1859022.103400,2046,4481.52,813644.742700,0
1753799640000,181.5500,181.6500,181.4800,181.57,8430.95,1753799699999,1530752.954500,1699,5099.88,925960.013000,0
1753799700000,181.5700,181.8400,181.5700,181.84,29737.70,1753799759999,5404787.773900,2977,12133.81,2205059.064100,0
1753799760000,181.8300,181.9300,181.5800,181.77,21024.84,1753799819999,3822845.487400,2457,14588.52,2652696.831000,0
1753799820000,181.7600,181.8000,181.5500,181.56,9486.25,1753799879999,1723547.833400,1651,5605.97,1018554.513800,0
1753799880000,181.5600,181.5700,181.0300,181.16,30594.61,1753799939999,5544044.864600,3817,9327.81,1690547.608300,0
1753799940000,181.1700,181.2700,181.0300,181.07,54008.34,1753799999999,9783054.956600,4233,10776.55,1951948.933100,0
1753800000000,181.0700,181.3800,180.8000,181.32,48404.25,1753800059999,8761928.636300,4798,15717.02,2845352.800500,0
1753800060000,181.3200,181.4800,181.1800,181.44,13930.25,1753800119999,2525962.480600,2737,7740.38,1403763.999200,0
1753800120000,181.4400,181.5300,181.3400,181.5,10106.14,1753800179999,1833715.965100,1942,5999.99,1088610.622600,0
1753800180000,181.5000,181.5100,181.2500,181.46,9705.59,1753800239999,1760385.643000,1973,5763.38,1045354.794400,0
1753800240000,181.4700,181.6300,181.4000,181.45,35429.28,1753800299999,6430641.167800,2726,25288.32,4590049.004600,0
1753800300000,181.4500,181.6000,181.3000,181.38,20137.73,1753800359999,3654307.992400,2851,8042.31,1459265.236000,0
1753800360000,181.3800,181.5000,181.0600,181.07,15448.54,1753800419999,2800179.696700,2520,6031.06,1093216.460600,0
1753800420000,181.0700,181.2000,180.7100,180.92,36488.69,1753800479999,6600793.432400,4069,12769.39,2310190.765500,0
1753800480000,180.9300,180.9800,180.4800,180.63,102985.15,1753800539999,18608348.882800,5657,31647.68,5717773.699100,0
1753800540000,180.6200,180.7100,180.2500,180.62,68445.48,1753800599999,12351422.666930,5890,23086.89,4166272.186500,0
1753800600000,180.6100,180.7200,180.3300,180.34,48908.61,1753800659999,8830327.867900,4381,23306.44,4209245.003900,0
1753800660000,180.3300,180.3600,180.0400,180.06,87456.79,1753800719999,15758536.242260,9827,26657.35,4803884.538000,0
1753800720000,180.0600,180.1200,179.7800,179.87,183629.35,1753800779999,33050887.081900,15628,52436.73,9438459.252800,0
1753800780000,179.8700,179.9700,179.5500,179.64,79518.64,1753800839999,14289793.360200,6755,33292.11,5982254.410200,0
1753800840000,179.6400,179.9700,179.5700,179.74,73128.57,1753800899999,13151593.945400,4783,39337.60,7074566.863700,0
1753800900000,179.7300,180.1600,179.6200,180.06,68762.44,1753800959999,12364344.060400,5867,35241.79,6337816.506400,0
1753800960000,180.0500,180.4500,179.9700,180.44,45515.27,1753801019999,8201095.950900,5211,27655.31,4983388.508800,0
1753801020000,180.4400,180.4500,180.1300,180.33,28473.49,1753801079999,5134495.711500,3277,12121.06,2185618.840700,0
1753801080000,180.3200,180.3400,180.0900,180.26,30933.21,1753801139999,5574195.730100,3329,9179.34,1654114.263100,0
1753801140000,180.2600,180.4600,180.2200,180.31,16635.60,1753801199999,3000240.144800,2472,9447.40,1703718.286700,0
1753801200000,180.3000,180.3000,179.9000,180.19,58617.95,1753801259999,10557041.624000,5696,18901.62,3403982.855900,0
1753801260000,180.1800,180.3100,180.1200,180.16,21491.30,1753801319999,3873060.542700,3071,9280.89,1672530.819100,0
1753801320000,180.1600,180.3500,180.0100,180.01,24782.81,1753801379999,4466198.504800,3270,11818.95,2130129.216800,0
1753801380000,180.0200,180.1300,179.7400,179.91,35477.61,1753801439999,6382578.273200,4013,17943.10,3228036.298000,0
1753801440000,179.9100,180.0700,179.7500,180.01,26144.07,1753801499999,4702492.718900,3113,10942.00,1968452.953400,0
1753801500000,180.0100,180.1200,179.7200,179.75,22944.98,1753801559999,4128238.797700,3797,10331.09,1858764.276600,0
1753801560000,179.7500,179.8100,179.2400,179.59,64525.00,1753801619999,11582131.878580,6288,24564.34,4409708.160900,0
1753801620000,179.5900,179.5900,179.3000,179.37,87678.56,1753801679999,15734287.741800,4712,22366.53,4013823.312900,0
1753801680000,179.3700,179.8000,179.1000,179.6,87519.70,1753801739999,15700229.057800,6266,33655.82,6040153.986200,0
1753801740000,179.5900,179.9300,179.3900,179.86,51045.86,1753801799999,9170580.391600,4484,29381.48,5278856.900800,0
1753801800000,179.8500,180.0600,179.8200,180.04,29980.14,1753801859999,5394049.017700,2844,19181.57,3451122.397300,0
1753801860000,180.0300,180.7200,179.9100,180.72,42003.82,1753801919999,7576912.969400,4350,28251.80,5096461.011700,0
1753801920000,180.7200,180.9100,180.5800,180.58,58766.49,1753801979999,10622251.770500,4213,31304.52,5658647.776500,0
1753801980000,180.5900,180.8700,180.5900,180.65,26722.29,1753802039999,4830034.176800,2841,14393.05,2601657.360600,0
1753802040000,180.6500,180.6500,180.2200,180.3,21404.16,1753802099999,3862154.664300,2891,6301.83,1136929.199100,0
1753802100000,180.3100,180.5800,180.3000,180.36,20803.40,1753802159999,3753598.794800,2557,13229.41,2386983.089600,0
1753802160000,180.3500,180.6900,180.2200,180.48,35561.79,1753802219999,6418686.518100,3597,28475.21,5139487.546100,0
1753802220000,180.4900,180.6300,180.3700,180.62,25000.95,1753802279999,4513233.239700,2327,19929.96,3597975.915500,0
1753802280000,180.6100,180.6500,180.0200,180.05,17144.89,1753802339999,3092125.207300,2836,4916.28,886348.004300,0
1753802340000,180.0600,180.5700,180.0600,180.57,35095.05,1753802399999,6331151.579500,3226,28784.60,5192919.085400,0
1753802400000,180.5700,180.6000,180.3500,180.58,20216.75,1753802459999,3649129.600700,2368,7770.27,1402696.109200,0
1753802460000,180.5900,180.6500,180.1500,180.16,16313.05,1753802519999,2942855.147100,2529,5450.47,983420.437200,0
1753802520000,180.1500,180.2000,179.9100,180.17,24927.27,1753802579999,4488214.489000,3189,12090.85,2176851.883900,0
1753802580000,180.1800,180.4300,180.0200,180.41,14911.22,1753802639999,2686569.797200,2061,8312.86,1497839.883500,0
1753802640000,180.4100,180.5200,180.3800,180.44,9234.96,1753802699999,1666439.820100,1507,3768.76,680074.146800,0
1753802700000,180.4400,180.4800,180.2300,180.31,6356.91,1753802759999,1146575.586100,1377,2400.77,433033.416800,0
1753802760000,180.3100,180.4200,180.2600,180.42,29988.93,1753802819999,5408870.521400,2236,15023.73,2709495.620300,0
1753802820000,180.4100,180.5200,180.2700,180.46,14844.92,1753802879999,2677997.548200,1831,5931.28,1070008.360400,0
1753802880000,180.4700,180.4700,180.0900,180.09,11302.62,1753802939999,2037909.010800,1652,4690.26,845659.956200,0
1753802940000,180.0800,180.2300,180.0100,180.16,23665.76,1753802999999,4262239.768100,2273,9481.21,1707610.654000,0
1753803000000,180.1700,180.3800,180.0100,180.01,16418.71,1753803059999,2958905.308800,2426,8898.99,1603868.290000,0
1753803060000,180.0100,180.0800,179.7900,180.0,27090.77,1753803119999,4874279.325700,3145,9671.74,1740195.826000,0
1753803120000,180.0000,180.0000,179.6200,179.67,16650.68,1753803179999,2993134.923200,2637,7633.91,1372347.949700,0
1753803180000,179.6700,180.2500,179.6700,180.14,18547.37,1753803239999,3337279.251100,2763,12050.55,2168164.297600,0
1753803240000,180.1400,180.2400,179.8400,179.93,11561.53,1753803299999,2081503.383700,2481,5975.92,1075838.549100,0
1753803300000,179.9300,179.9300,179.6600,179.88,12993.14,1753803359999,2335750.202400,2019,5986.77,1076198.746700,0
1753803360000,179.8800,180.0000,179.8200,179.93,6579.17,1753803419999,1183585.647400,1419,2765.78,497557.841500,0
1753803420000,179.9400,180.3500,179.9300,180.34,15519.69,1753803479999,2795995.088100,2238,11554.86,2081579.824500,0
1753803480000,180.3400,180.3600,180.1600,180.18,18784.93,1753803539999,3386541.273100,1883,9515.70,1715412.861400,0
1753803540000,180.1800,180.2300,180.1000,180.1,12990.91,1753803599999,2340470.290700,1790,4168.85,751034.263800,0
1753803600000,180.1000,180.4800,180.1000,180.29,12105.47,1753803659999,2182831.350200,2159,6084.23,1097033.316200,0
1753803660000,180.2800,180.2800,179.7100,179.98,18903.39,1753803719999,3401428.505600,3074,8982.30,1615886.812900,0
1753803720000,179.9800,180.0500,179.4900,179.49,30550.95,1753803779999,5491882.514000,3184,7187.80,1292582.370000,0
1753803780000,179.5000,180.2200,179.4900,180.02,43012.08,1753803839999,7738968.559300,3829,31886.34,5736716.216400,0
1753803840000,180.0200,180.5800,180.0100,180.46,31568.87,1753803899999,5695597.836200,3444,15719.31,2835312.664000,0
1753803900000,180.4600,180.7000,180.4100,180.7,22204.51,1753803959999,4009460.102100,3297,12215.90,2206187.441100,0
1753803960000,180.7000,180.8400,180.5400,180.61,23906.72,1753804019999,4319543.256400,2824,10650.36,1924294.466900,0
1753804020000,180.6000,181.1000,180.6000,181.04,42816.78,1753804079999,7747441.676000,3862,30556.99,5529337.710800,0
1753804080000,181.0300,181.2300,180.9500,181.14,32155.33,1753804139999,5822220.798400,2918,16997.63,3077857.653800,0
1753804140000,181.1400,181.2400,180.9700,181.14,29590.94,1753804199999,5359768.501300,2966,13466.29,2438896.161600,0
1753804200000,181.1400,181.1600,180.9700,181.06,31298.23,1753804259999,5666900.586900,2565,19429.79,3517746.085000,0
1753804260000,181.0600,181.1600,180.9000,180.9,15486.77,1753804319999,2803792.818100,2356,7259.04,1314458.939800,0
1753804320000,180.9000,181.2300,180.8000,181.18,16143.65,1753804379999,2922680.868300,2708,6065.97,1098349.500600,0
1753804380000,181.1900,181.4000,181.1200,181.27,27763.32,1753804439999,5032627.640900,3555,15347.49,2782140.265600,0
1753804440000,181.2800,181.3000,181.1200,181.13,12138.10,1753804499999,2199619.916300,1443,5483.18,993676.147000,0
1753804500000,181.1200,181.1900,180.9200,181.1,20776.56,1753804559999,3761507.412100,2134,10352.06,1873730.880900,0
1753804560000,181.1000,181.1700,180.9900,181.02,9459.16,1753804619999,1712905.512200,1677,4939.60,894538.982600,0
1753804620000,181.0200,181.0500,180.8200,180.83,9036.45,1753804679999,1635108.582700,1765,2726.62,493360.229000,0
1753804680000,180.8200,180.9500,180.7300,180.88,14181.98,1753804739999,2564590.837300,1896,4255.95,769633.068900,0
1753804740000,180.8800,180.8900,180.7000,180.71,14972.90,1753804799999,2707351.327100,1349,6443.05,1165108.173200,0
1753804800000,180.7000,180.8800,180.6000,180.67,34052.32,1753804859999,6153254.253400,3438,15288.71,2762509.008100,0
1753804860000,180.6800,180.6800,180.4600,180.5,29974.32,1753804919999,5413178.727700,2343,12910.73,2331760.925000,0
1753804920000,180.5000,180.5400,180.3500,180.39,29714.46,1753804979999,5361934.892400,2578,14283.64,2577208.316000,0
1753804980000,180.3900,180.4000,180.2800,180.34,20844.64,1753805039999,3759359.728400,2203,10422.86,1879784.352500,0
1753805040000,180.3500,180.3900,180.2300,180.37,18526.73,1753805099999,3340925.371100,1698,10021.78,1807260.341500,0
1753805100000,180.3700,180.4300,180.2100,180.22,17377.92,1753805159999,3133660.295300,1944,7462.16,1345749.776100,0
1753805160000,180.2200,180.3400,180.0000,180.09,35069.33,1753805219999,6316284.565600,3474,7392.57,1331955.577600,0
1753805220000,180.0800,180.3500,180.0800,180.16,23354.08,1753805279999,4208354.667600,2108,11757.26,2118735.676100,0
1753805280000,180.1600,180.2400,179.9600,180.05,12458.46,1753805339999,2243821.356000,2156,4925.22,887132.563900,0
1753805340000,180.0600,180.2000,180.0300,180.05,11823.72,1753805399999,2129519.136500,1976,5367.93,966727.332300,0
1753805400000,180.0500,180.0800,179.7600,179.76,16324.08,1753805459999,2936847.245400,2578,8022.11,1443438.754800,0
1753805460000,179.7700,179.9800,179.4600,179.5,27966.13,1753805519999,5025670.994580,3446,13143.23,2361860.551700,0
1753805520000,179.5000,179.6000,179.3000,179.47,41151.79,1753805579999,7383939.837200,4020,17399.52,3122096.245600,0
1753805580000,179.4800,179.8600,179.4600,179.57,29919.56,1753805639999,5375909.884700,3079,17962.25,3227539.854700,0
1753805640000,179.5600,179.7100,179.5000,179.71,15100.11,1753805699999,2712103.273700,1804,5563.60,999236.289400,0
1753805700000,179.7100,179.8800,179.6100,179.7,19342.43,1753805759999,3476657.025500,2643,9602.69,1726102.541700,0
1753805760000,179.6900,179.8700,179.6200,179.82,13183.03,1753805819999,2369241.932100,2330,6912.49,1242315.706000,0
1753805820000,179.8300,179.9100,179.5100,179.7,17464.97,1753805879999,3138377.732400,2148,8499.19,1527232.005900,0
1753805880000,179.7000,179.7000,179.1600,179.28,31779.86,1753805939999,5699455.089600,3924,14727.26,2641305.040700,0
1753805940000,179.2900,179.3100,178.6300,179.04,126313.07,1753805999999,22597416.245470,10545,49056.49,8778212.041400,0
1753806000000,179.0300,179.5500,178.9500,179.5,40166.19,1753806059999,7203008.637500,4344,18780.78,3367922.848600,0
1753806060000,179.5000,179.8900,179.4500,179.71,34029.58,1753806119999,6114480.904700,3687,16900.24,3036311.491500,0
1753806120000,179.7100,179.7700,179.4500,179.56,25286.06,1753806179999,4541897.439800,2527,9805.75,1761354.888200,0
1753806180000,179.5700,179.6600,179.2300,179.41,27507.04,1753806239999,4935331.359100,2847,10847.48,1946714.769500,0
1753806240000,179.4000,179.6200,179.2900,179.38,10931.11,1753806299999,1961480.274500,2559,5085.19,912489.326200,0
1753806300000,179.3800,179.4500,179.2200,179.25,28482.98,1753806359999,5107581.385700,2767,15345.56,2751703.538800,0
1753806360000,179.2600,179.6600,179.0800,179.63,24648.26,1753806419999,4419120.706900,2818,10944.17,1962278.292100,0
1753806420000,179.6300,179.7000,179.4400,179.45,14514.34,1753806479999,2606335.852400,2578,5422.97,973800.385200,0
1753806480000,179.4600,179.5600,179.3600,179.37,14193.69,1753806539999,2547077.508700,1736,4835.51,867700.104000,0
1753806540000,179.3700,179.5000,179.2700,179.48,12043.17,1753806599999,2160122.567700,1610,4688.16,840963.039100,0
1753806600000,179.4800,179.5200,179.1400,179.14,22495.75,1753806659999,4034034.391000,3452,6320.19,1133492.642600,0
1753806660000,179.1300,179.4900,179.0700,179.49,30602.08,1753806719999,5484896.968900,2811,20748.57,3719130.422000,0
1753806720000,179.4900,179.6200,179.3500,179.36,14668.67,1753806779999,2633004.257000,2399,5485.49,984670.281400,0
1753806780000,179.3600,179.3600,178.8700,178.92,42807.36,1753806839999,7663955.988700,3603,13934.43,2494511.813900,0
1753806840000,178.9200,179.0700,178.8300,178.86,40765.31,1753806899999,7293654.870700,6942,19698.11,3524257.259600,0
1753806900000,178.8600,178.9700,178.7000,178.9,40702.78,1753806959999,7279825.930700,7186,23777.83,4252841.510600,0
1753806960000,178.9100,179.0500,178.4500,178.58,61702.79,1753807019999,11025493.283900,5369,20157.38,3603528.921100,0
1753807020000,178.5800,178.7400,178.3800,178.61,54526.57,1753807079999,9735496.887800,5066,25121.01,4485468.765000,0
1753807080000,178.6000,178.6400,178.1800,178.5,66862.62,1753807139999,11927222.572800,5855,24656.95,4398368.962500,0
1753807140000,178.5000,178.6600,178.2500,178.39,47849.37,1753807199999,8536717.634000,4563,21313.94,3801902.800400,0
1753807200000,178.3900,178.8900,178.2800,178.85,44435.20,1753807259999,7936271.032000,4250,29773.06,5318473.603600,0
1753807260000,178.8400,179.2200,178.8000,179.17,54303.50,1753807319999,9723476.003000,4285,39208.89,7020061.827800,0
1753807320000,179.1700,179.2500,179.0900,179.2,23432.55,1753807379999,4198728.954900,2660,12512.67,2242101.294100,0
1753807380000,179.2000,179.2000,178.9200,178.95,23670.81,1753807439999,4238920.215700,2362,13894.53,2488310.593400,0
1753807440000,178.9500,179.3700,178.9400,179.37,21947.02,1753807499999,3933838.077400,1938,16254.64,2913614.226800,0
1753807500000,179.3700,179.4900,179.1300,179.4,52439.69,1753807559999,9402511.089400,3867,18201.23,3264507.347500,0
1753807560000,179.4000,179.6800,179.3200,179.61,44700.84,1753807619999,8025493.840600,3427,21233.08,3811420.404900,0
1753807620000,179.6000,179.7400,179.5300,179.73,39747.49,1753807679999,7141219.026500,3168,29914.47,5374721.616400,0
1753807680000,179.7400,180.0000,179.6800,179.8,95352.21,1753807739999,17145742.571500,5303,77100.06,13863733.622100,0
1753807740000,179.7900,180.1000,179.7900,180.09,49319.80,1753807799999,8877253.176000,3325,32018.86,5763263.843500,0
1753807800000,180.0900,180.1000,179.9000,179.91,18277.35,1753807859999,3289445.717500,1904,7978.30,1435835.066500,0
1753807860000,179.9000,179.9700,179.7900,179.92,22694.24,1753807919999,4082950.788000,1907,11683.77,2101953.825500,0
1753807920000,179.9200,180.0500,179.7700,179.85,20893.57,1753807979999,3758895.096500,1823,13079.26,2353222.683100,0
1753807980000,179.8500,180.0400,179.8200,179.89,14000.52,1753808039999,2518656.425100,1500,4975.40,895008.408200,0
1753808040000,179.8900,179.9000,179.5100,179.62,19091.35,1753808099999,3431195.698800,2351,6909.65,1241798.170100,0
1753808100000,179.6300,179.7800,179.6200,179.7,28390.77,1753808159999,5102707.079500,1924,20727.16,3725307.877500,0
1753808160000,179.7000,179.8000,179.6500,179.79,19339.23,1753808219999,3475786.217600,1204,8161.61,1466941.847800,0
1753808220000,179.8000,179.9500,179.7200,179.77,18809.47,1753808279999,3382824.383100,1975,7860.32,1413590.547100,0
1753808280000,179.7700,180.0300,179.7700,180.03,7650.92,1753808339999,1376546.428300,1053,5399.46,971495.745200,0
1753808340000,180.0200,180.1200,179.9300,180.0,24335.91,1753808399999,4381244.179400,1773,14006.43,2521547.631300,0
1753808400000,180.0000,180.0400,179.7200,179.82,16325.59,1753808459999,2936726.188100,2264,5172.23,930443.471200,0
1753808460000,179.8300,180.0500,179.7800,179.92,12003.70,1753808519999,2159537.097200,1421,7677.18,1381197.260100,0
1753808520000,179.9300,180.0300,179.8000,179.84,24307.34,1753808579999,4373394.868000,2098,6484.79,1166481.236700,0
1753808580000,179.8300,180.1900,179.7800,180.19,17132.27,1753808639999,3084713.482260,2144,10985.30,1978147.472760,0
1753808640000,180.1900,180.4100,180.1800,180.19,24198.97,1753808699999,4363122.059800,2780,13957.35,2516522.881700,0
1753808700000,180.1900,180.3200,180.1600,180.26,17320.71,1753808759999,3122161.109900,1653,9216.47,1661283.710700,0
1753808760000,180.2600,180.3800,180.2100,180.38,16673.24,1753808819999,3005954.961700,1600,9781.73,1763551.116600,0
1753808820000,180.3800,180.3800,180.1500,180.23,19539.82,1753808879999,3522775.590000,6273,7549.54,1361023.594000,0
1753808880000,180.2300,180.4100,180.2000,180.21,12938.57,1753808939999,2333053.267100,5076,6707.56,1209542.114600,0
1753808940000,180.2100,180.3900,180.1900,180.35,10755.48,1753808999999,1939644.703800,1834,5049.22,910537.794500,0
1753809000000,180.3600,180.3800,180.2900,180.32,6833.84,1753809059999,1232381.277700,1252,2511.20,452865.892400,0
1753809060000,180.3300,180.4500,180.3000,180.44,14213.42,1753809119999,2563728.392400,1587,5671.54,1023016.427500,0
1753809120000,180.4400,180.7500,180.4400,180.73,22577.29,1753809179999,4077638.429700,2729,15774.93,2849145.933000,0
1753809180000,180.7300,181.0100,180.7100,181.01,38327.71,1753809239999,6932325.687800,3225,18755.13,3392159.683900,0
1753809240000,181.0200,181.1000,180.8200,181.03,29220.34,1753809299999,5288055.894700,2486,15788.39,2857561.497300,0
1753809300000,181.0300,181.1100,180.9100,180.93,13309.67,1753809359999,2409212.617500,2075,5346.82,967940.699500,0
1753809360000,180.9200,181.0300,180.8900,180.98,16856.37,1753809419999,3050240.647400,1493,8719.55,1577898.575500,0
1753809420000,180.9800,181.0600,180.9000,181.0,18810.39,1753809479999,3404484.030000,1309,9920.47,1795528.058500,0
1753809480000,180.9900,181.1200,180.5600,180.6,55802.70,1753809539999,10089583.675200,3026,16597.37,3000232.877400,0
1753809540000,180.6000,180.8500,180.5200,180.85,21978.91,1753809599999,3970331.978100,2226,9477.55,1712159.789200,0
1753809600000,180.8600,180.9200,180.7500,180.76,7049.15,1753809659999,1274756.681800,1706,2741.66,495791.604600,0
1753809660000,180.7600,181.3000,180.7500,181.3,38697.35,1753809719999,7006788.097000,3238,29889.10,5411866.108100,0
1753809720000,181.2900,181.3300,181.1600,181.26,35109.93,1753809779999,6364671.233200,2491,20102.36,3644130.985300,0
1753809780000,181.2700,181.4200,181.2300,181.32,16704.16,1753809839999,3028768.981300,1941,8836.46,1602276.504600,0
1753809840000,181.3200,181.3900,181.1700,181.38,15594.06,1753809899999,2827056.824100,1982,9360.73,1697109.914700,0
1753809900000,181.3900,181.5400,181.3900,181.54,15279.61,1753809959999,2773086.496600,1802,10326.02,1874028.092000,0
1753809960000,181.5400,181.5500,181.4000,181.5,14392.43,1753810019999,2612155.062300,1557,5990.23,1087252.764800,0
1753810020000,181.5000,181.6000,181.4600,181.6,10534.88,1753810079999,1912448.624800,1131,6609.07,1199855.136000,0
1753810080000,181.6000,181.6000,181.1700,181.21,23499.63,1753810139999,4262491.443300,2759,5631.80,1021459.315600,0
1753810140000,181.2100,181.3700,181.1500,181.37,10907.64,1753810199999,1976988.033800,1689,4360.99,790571.590100,0
1753810200000,181.3700,181.6000,181.3300,181.43,12136.08,1753810259999,2202206.202300,3037,5840.54,1059778.259600,0
1753810260000,181.4400,181.5600,181.3200,181.45,22232.11,1753810319999,4033999.459700,1936,11930.48,2164950.019200,0
1753810320000,181.4500,181.5600,181.3500,181.38,13341.61,1753810379999,2420699.678700,1716,4541.86,824046.800600,0
1753810380000,181.3900,181.3900,181.2000,181.34,12952.36,1753810439999,2348285.702400,1830,5280.91,957371.352400,0
1753810440000,181.3300,181.3300,181.1000,181.12,14147.91,1753810499999,2563245.282200,1709,2443.69,442805.567200,0
1753810500000,181.1300,181.1500,180.9000,180.93,17197.83,1753810559999,3112542.790700,2246,3443.14,623154.304800,0
1753810560000,180.9300,181.1900,180.9300,181.19,9185.20,1753810619999,1662992.345800,1444,2280.52,412884.237100,0
1753810620000,181.1900,181.2000,181.0700,181.07,9423.06,1753810679999,1707040.920500,1184,6203.46,1123807.894500,0
1753810680000,181.0700,181.0800,180.7400,181.0,12401.91,1753810739999,2243319.932200,2510,5659.52,1023458.940900,0
1753810740000,181.0000,181.0000,180.7300,180.79,6325.90,1753810799999,1143884.762800,1369,1969.33,356067.134000,0
1753810800000,180.7900,180.9100,180.7500,180.9,7288.73,1753810859999,1318084.634200,1308,1651.12,298575.449700,0
1753810860000,180.9000,180.9300,180.7900,180.8,7838.99,1753810919999,1417856.408200,1256,2180.27,394347.234100,0
1753810920000,180.7900,180.8600,180.6400,180.64,9661.64,1753810979999,1746139.083000,1703,1613.67,291692.189500,0
1753810980000,180.6500,180.6700,180.5500,180.63,20946.30,1753811039999,3782897.030000,1996,7697.19,1390114.932500,0
1753811040000,180.6300,180.6300,180.4400,180.44,17099.27,1753811099999,3086458.489800,1881,4079.88,736412.480700,0
1753811100000,180.4400,180.7400,180.4400,180.66,11270.03,1753811159999,2035443.019700,1624,7213.39,1302963.664800,0
1753811160000,180.6500,180.8900,180.6400,180.86,8959.29,1753811219999,1619692.809900,1510,6114.56,1105462.207100,0
1753811220000,180.8700,181.0300,180.8500,180.9,6243.75,1753811279999,1129788.840200,1365,2967.50,536948.530700,0
1753811280000,180.9000,181.0900,180.8100,181.02,6261.89,1753811339999,1132997.248500,1298,2197.35,397647.321900,0
1753811340000,181.0200,181.2500,180.9600,181.1,28759.74,1753811399999,5208821.458600,2075,21564.85,3906226.646400,0
1753811400000,181.1000,181.2500,181.0900,181.13,8651.94,1753811459999,1567635.563300,1069,5284.80,957532.814500,0
1753811460000,181.1400,181.2900,181.0800,181.28,8833.74,1753811519999,1600642.087100,1325,3668.64,664744.787300,0
1753811520000,181.2800,181.3700,181.1300,181.13,12145.67,1753811579999,2201959.756800,1326,7648.04,1386687.939300,0
1753811580000,181.1300,181.2800,181.0300,181.27,4829.86,1753811639999,874835.874100,1020,1917.91,347421.894300,0
1753811640000,181.2800,181.2800,181.1000,181.19,5252.80,1753811699999,951907.472600,939,2330.87,422393.434700,0
1753811700000,181.1900,181.6200,181.1500,181.6,26081.64,1753811759999,4733914.536900,2609,15647.07,2839812.485500,0
1753811760000,181.6000,181.6400,181.3300,181.33,11236.84,1753811819999,2039179.626300,1323,5313.64,964316.234600,0
1753811820000,181.3400,181.3800,181.2200,181.32,5561.22,1753811879999,1008184.611900,1483,3711.27,672787.170300,0
1753811880000,181.3300,181.4200,181.2500,181.42,2993.69,1753811939999,542868.523900,947,2099.38,380714.586800,0
1753811940000,181.4200,181.4200,181.3100,181.4,2928.11,1753811999999,531102.462600,869,848.84,153961.885500,0
1753812000000,181.3900,181.4000,181.2100,181.39,9693.07,1753812059999,1757355.960700,1573,4399.25,797629.573600,0
1753812060000,181.4000,181.5400,181.3600,181.46,8255.44,1753812119999,1497780.956100,1370,4623.74,838851.589000,0
1753812120000,181.4500,181.4600,181.2300,181.29,8479.59,1753812179999,1537663.854700,1420,3018.71,547353.572500,0
1753812180000,181.2900,181.3000,181.0600,181.08,6381.76,1753812239999,1156325.323200,1351,1783.07,323028.768300,0
1753812240000,181.0900,181.1100,180.8700,181.0,13731.49,1753812299999,2484807.943600,2079,6791.16,1228863.129000,0
1753812300000,181.0000,181.1100,180.8400,181.1,9050.87,1753812359999,1637935.104400,1483,6282.58,1136982.827500,0
1753812360000,181.1100,181.2600,181.0800,181.15,5342.07,1753812419999,967891.159100,1117,2930.97,531006.364200,0
1753812420000,181.1500,181.2300,180.9800,180.99,13582.18,1753812479999,2460159.682400,1564,4076.38,738269.930400,0
1753812480000,180.9900,181.0300,180.7500,180.76,13032.73,1753812539999,2358073.607500,1731,4449.53,805166.239500,0
1753812540000,180.7500,180.7600,180.6000,180.73,9155.50,1753812599999,1654196.097400,1889,3873.29,699833.410800,0
1753812600000,180.7200,181.0200,180.6900,180.95,7293.50,1753812659999,1318734.246500,1389,3044.92,550566.436500,0
1753812660000,180.9600,181.0700,180.8500,181.06,8507.45,1753812719999,1539336.112000,1236,3133.38,567022.320200,0
1753812720000,181.0700,181.2000,181.0000,181.2,3970.12,1753812779999,718959.428000,1150,2096.36,379650.702400,0
1753812780000,181.2000,181.3600,181.1700,181.22,5189.04,1753812839999,940701.932500,1331,2371.75,429953.485800,0
1753812840000,181.2200,181.2400,181.1000,181.23,4115.79,1753812899999,745639.132100,793,1815.61,328917.159200,0
1753812900000,181.2300,181.3000,181.1700,181.28,3077.00,1753812959999,557685.472100,776,1809.55,327981.187700,0
1753812960000,181.2800,181.4000,181.1500,181.15,6479.60,1753813019999,1174693.985700,1086,2410.55,437061.622400,0
1753813020000,181.1500,181.4100,181.1500,181.41,3654.19,1753813079999,662347.033900,875,1735.98,314661.074200,0
1753813080000,181.4000,181.5400,181.4000,181.52,6353.97,1753813139999,1153226.016000,1063,3993.21,724758.265000,0
1753813140000,181.5200,181.5200,181.3800,181.45,1982.01,1753813199999,359654.183500,812,994.68,180497.525700,0
1753813200000,181.4500,181.5100,181.3400,181.34,2743.62,1753813259999,497815.936000,829,1102.44,200060.407200,0
1753813260000,181.3400,181.5400,181.3000,181.54,3208.47,1753813319999,582028.777900,993,1902.05,345085.589200,0
1753813320000,181.5400,181.5500,181.4200,181.45,3602.95,1753813379999,653937.391900,835,852.13,154653.445000,0
1753813380000,181.4400,181.4400,181.2900,181.33,4117.52,1753813439999,746772.529900,1275,707.71,128354.874100,0
1753813440000,181.3300,181.5400,181.2900,181.52,9963.88,1753813499999,1807869.959200,1226,4679.11,849037.056200,0
1753813500000,181.5300,181.5700,181.4400,181.55,11043.50,1753813559999,2004822.249000,1204,5259.93,954829.266800,0
1753813560000,181.5500,181.6500,181.5400,181.58,13100.45,1753813619999,2379053.891300,1427,8219.31,1492615.801200,0
1753813620000,181.5800,181.6800,181.5000,181.66,8251.53,1753813679999,1498655.087400,1277,3130.36,568524.600600,0
1753813680000,181.6600,181.9000,181.6600,181.89,17501.14,1753813739999,3181154.389400,2240,12918.15,2348011.928000,0
1753813740000,181.8900,181.8900,181.8100,181.82,9761.46,1753813799999,1775037.157100,4557,3791.11,689409.909400,0
1753813800000,181.8200,181.8400,181.6900,181.79,19946.09,1753813859999,3625506.889300,5152,7306.23,1327974.251800,0
1753813860000,181.7800,181.8700,181.7400,181.85,4849.45,1753813919999,881639.008200,1055,3372.39,613101.829100,0
1753813920000,181.8400,181.8900,181.8200,181.86,6173.86,1753813979999,1122779.468100,1062,3783.92,688140.798500,0
1753813980000,181.8500,181.8800,181.8000,181.82,4490.17,1753814039999,816497.754500,821,1804.43,328127.299800,0
1753814040000,181.8100,181.8200,181.4400,181.45,14793.45,1753814099999,2686546.820900,1676,3328.54,604556.362300,0
1753814100000,181.4500,181.7800,181.3800,181.78,7425.38,1753814159999,1347580.777800,1550,4393.09,797292.521800,0
1753814160000,181.7800,181.8100,181.6300,181.67,5534.62,1753814219999,1005608.203500,1140,1594.13,289642.781700,0
1753814220000,181.6700,181.8300,181.5600,181.78,6217.57,1753814279999,1129437.963300,1130,4220.45,766573.206400,0
1753814280000,181.7800,181.8700,181.7600,181.87,3815.50,1753814339999,693747.872900,890,2577.19,468600.800600,0
1753814340000,181.8600,181.9700,181.8300,181.83,13445.26,1753814399999,2445689.747300,1541,9800.97,1782766.532700,0
1753814400000,181.8300,182.0500,181.8300,181.92,17211.00,1753814459999,3131907.845000,2020,10751.99,1956784.013300,0
1753814460000,181.9200,181.9400,181.7800,181.78,5365.11,1753814519999,975611.240300,974,1685.06,306434.406900,0
1753814520000,181.7900,181.8400,181.5100,181.6,7074.37,1753814579999,1285229.361600,1225,2507.69,455471.792400,0
1753814580000,181.5900,181.6900,181.5500,181.55,4999.06,1753814639999,907956.387500,902,3058.02,555430.536900,0
1753814640000,181.5600,181.6700,181.5000,181.5,4038.50,1753814699999,733299.022900,857,1671.26,303437.975000,0
1753814700000,181.5100,181.6100,181.4400,181.56,9865.27,1753814759999,1790681.941700,1416,2189.94,397557.640000,0
1753814760000,181.5600,181.6100,181.4900,181.5,1632.81,1753814819999,296475.745700,859,976.27,177270.745200,0
1753814820000,181.4900,181.5000,181.2700,181.39,10797.65,1753814879999,1958553.005600,1458,4035.13,731829.916500,0
1753814880000,181.3900,181.6500,181.3800,181.6,3004.47,1753814939999,545340.720600,898,1635.99,296942.995700,0
1753814940000,181.5900,181.6700,181.5300,181.59,3660.75,1753814999999,664817.829000,978,1110.79,201716.965500,0
1753815000000,181.5900,181.6300,181.4900,181.6,4246.67,1753815059999,770995.342400,952,2852.91,517929.575900,0
1753815060000,181.6100,181.6100,181.4800,181.48,2230.13,1753815119999,404820.453200,670,1040.80,188926.035800,0
1753815120000,181.4800,181.4800,181.1500,181.15,5647.81,1753815179999,1023981.372400,1300,2211.49,401019.677000,0
1753815180000,181.1600,181.2900,181.1500,181.28,6740.29,1753815239999,1221372.691900,852,4770.43,864435.892700,0
1753815240000,181.2900,181.2900,181.1500,181.21,3520.43,1753815299999,637942.878000,767,1127.97,204404.977000,0
1753815300000,181.2100,181.2300,181.0700,181.1,3427.98,1753815359999,620891.160600,820,962.29,174286.390200,0
1753815360000,181.1000,181.1300,180.8800,180.88,8951.88,1753815419999,1619947.610700,1900,2595.40,469688.178700,0
1753815420000,180.8900,181.1500,180.8800,181.11,7232.89,1753815479999,1309242.351600,1137,3889.80,704109.525900,0
1753815480000,181.1100,181.3100,181.0900,181.31,3411.98,1753815539999,618282.631400,917,1606.27,291077.341700,0
1753815540000,181.3100,181.4200,181.3000,181.38,4941.70,1753815599999,896205.940400,1058,2785.65,505171.922700,0
1753815600000,181.3800,181.3900,181.2700,181.39,9016.02,1753815659999,1634924.911400,1462,5091.81,923330.071700,0
1753815660000,181.4000,181.4000,181.1300,181.17,8590.93,1753815719999,1557436.877300,1273,2319.08,420247.904600,0
1753815720000,181.1700,181.3400,181.1100,181.3,15914.42,1753815779999,2884284.189300,1665,10497.11,1902289.643600,0
1753815780000,181.3000,181.3300,181.1800,181.24,8569.16,1753815839999,1553482.436600,1107,850.32,154130.164600,0
1753815840000,181.2400,181.2600,181.1400,181.2,9218.40,1753815899999,1670593.870700,909,2946.05,533890.587700,0
1753815900000,181.2100,181.4300,181.1700,181.42,12388.82,1753815959999,2245615.820900,1995,4068.93,737681.529100,0
1753815960000,181.4300,181.4300,181.1200,181.17,5894.21,1753816019999,1068482.127100,1364,2911.78,527814.337400,0
1753816020000,181.1700,181.2300,181.0100,181.04,8042.99,1753816079999,1456713.693500,1332,3120.44,565182.280100,0
1753816080000,181.0400,181.1300,180.9700,181.12,13161.16,1753816139999,2382439.236200,1221,6442.75,1166251.311000,0
1753816140000,181.1300,181.1800,180.9700,181.17,4804.70,1753816199999,869886.380200,963,2820.16,510601.302900,0
1753816200000,181.1800,181.2700,181.1500,181.26,2639.84,1753816259999,478357.131100,730,1567.84,284104.007000,0
1753816260000,181.2700,181.2700,181.1100,181.15,1816.11,1753816319999,329019.044500,785,642.51,116391.195200,0
1753816320000,181.1500,181.3700,181.1300,181.35,3439.18,1753816379999,623511.506300,1000,2489.49,451311.082600,0
1753816380000,181.3400,181.4900,181.3200,181.46,3627.12,1753816439999,658118.828600,1011,1846.42,334997.539300,0
1753816440000,181.4600,181.6500,181.4600,181.65,3796.59,1753816499999,689235.839500,1088,3115.20,565515.497200,0
1753816500000,181.6500,182.3300,181.5300,182.22,79905.56,1753816559999,14537668.154600,6145,68374.93,12438694.416300,0
1753816560000,182.2200,182.3100,182.0000,182.01,17231.26,1753816619999,3139413.734400,2018,10819.05,1971268.784400,0
1753816620000,182.0000,182.2200,182.0000,182.15,11341.82,1753816679999,2065372.867400,1333,8124.14,1479401.692300,0
1753816680000,182.1500,182.2400,182.0400,182.16,13808.67,1753816739999,2515128.938700,1092,4089.53,744828.193400,0
1753816740000,182.1500,182.2300,182.0400,182.11,13026.45,1753816799999,2372865.003500,1470,3476.97,633313.053300,0
1753816800000,182.1000,182.2100,182.0000,182.2,7860.49,1753816859999,1431022.638500,925,3186.31,580188.047800,0
1753816860000,182.2000,182.2600,181.8500,181.88,21146.43,1753816919999,3849383.549100,2063,7738.92,1408557.344600,0
1753816920000,181.8800,181.9700,180.8800,180.89,102939.92,1753816979999,18689840.520600,6177,11147.41,2022075.294300,0
1753816980000,180.8900,181.0000,180.6900,180.69,44194.53,1753817039999,7991419.625900,3774,19205.65,3473006.019900,0
1753817040000,180.7000,180.9900,180.7000,180.86,11063.46,1753817099999,2000796.658400,1411,7364.06,1331725.950000,0
1753817100000,180.8600,180.8600,180.7000,180.71,7510.73,1753817159999,1357647.928100,1288,2408.76,435423.214700,0
1753817160000,180.7000,180.7600,180.5900,180.65,9926.31,1753817219999,1793505.758100,1643,4295.28,776097.481900,0
1753817220000,180.6600,180.7200,180.2500,180.33,29499.62,1753817279999,5321861.022600,3208,8929.72,1611179.169200,0
1753817280000,180.3300,180.6500,180.3200,180.62,12961.85,1753817339999,2339112.006800,4715,9101.39,1642412.132200,0
1753817340000,180.6300,180.6700,180.5500,180.65,9427.19,1753817399999,1702591.801100,4303,5605.44,1012396.802900,0
1753817400000,180.6600,180.7600,180.5200,180.75,6538.51,1753817459999,1181117.745800,1185,3200.55,578149.711900,0
1753817460000,180.7600,181.0100,180.7100,180.99,22999.40,1753817519999,4159730.569300,1684,18434.64,3334437.009700,0
1753817520000,180.9900,181.1500,180.9500,181.04,13571.15,1753817579999,2456761.117200,1572,8082.90,1463232.494700,0
1753817580000,181.0300,181.1100,181.0100,181.07,5726.38,1753817639999,1036786.744200,870,2295.19,415548.022800,0
1753817640000,181.0700,181.1100,180.8400,180.84,9242.93,1753817699999,1673173.485200,1085,2663.11,482207.535100,0
1753817700000,180.8400,181.0800,180.8400,181.07,6034.43,1753817759999,1091862.692700,947,3245.37,587250.702100,0
1753817760000,181.0800,181.0800,180.9200,181.01,7532.58,1753817819999,1363330.345600,963,2528.04,457508.941700,0
1753817820000,181.0200,181.2500,181.0200,181.12,6423.09,1753817879999,1163668.916900,1040,2727.37,494071.844400,0
1753817880000,181.1200,181.2000,181.0400,181.17,5571.57,1753817939999,1009112.431000,902,1286.77,233047.946500,0
1753817940000,181.1600,181.2800,181.1500,181.23,6029.24,1753817999999,1092504.257800,822,1799.34,326069.219600,0
1753818000000,181.2300,181.5400,181.2100,181.54,12721.86,1753818059999,2307155.362900,1795,7971.64,1445802.485100,0
1753818060000,181.5400,181.5400,181.2100,181.29,6543.13,1753818119999,1186531.402000,929,1647.75,298650.365900,0
1753818120000,181.3000,181.3200,181.1800,181.25,4410.10,1753818179999,799349.270400,841,1495.33,271031.299400,0
1753818180000,181.2500,181.3300,181.1800,181.31,3409.31,1753818239999,618001.354200,735,1880.01,340796.086000,0
1753818240000,181.3000,181.3200,181.2000,181.3,6088.28,1753818299999,1103663.324400,738,1337.42,242440.837900,0
1753818300000,181.3100,181.6000,181.3000,181.6,8838.38,1753818359999,1603799.735000,1712,3454.89,626953.282800,0
1753818360000,181.5900,181.6300,181.5600,181.58,5513.72,1753818419999,1001248.387500,687,1738.29,315670.857900,0
1753818420000,181.5700,181.5700,181.2900,181.42,7513.02,1753818479999,1363084.085000,1064,2740.37,497084.439500,0
1753818480000,181.4200,181.5100,181.3700,181.5,5323.67,1753818539999,965892.304800,764,3719.62,674861.284100,0
1753818540000,181.5000,181.5900,181.4700,181.48,5057.29,1753818599999,918145.535900,822,2043.12,370901.540500,0
1753818600000,181.4700,181.5500,181.3700,181.45,6093.17,1753818659999,1105667.568700,916,2070.77,375700.890300,0
1753818660000,181.4600,181.4600,181.2100,181.27,11855.24,1753818719999,2149292.490600,1354,3724.27,675102.035100,0
1753818720000,181.2700,181.2800,181.0900,181.28,17978.29,1753818779999,3257075.677600,1973,4987.16,903412.110100,0
1753818780000,181.2800,181.5000,181.2800,181.47,5076.18,1753818839999,920942.445200,939,3043.36,552091.349300,0
1753818840000,181.4800,181.5000,181.3700,181.41,6553.65,1753818899999,1189002.393600,1100,2912.34,528355.362500,0
1753818900000,181.4100,181.5200,181.3400,181.52,7975.62,1753818959999,1447025.708800,989,3732.22,677195.760200,0
1753818960000,181.5200,181.5200,181.2900,181.29,8813.40,1753819019999,1598755.761100,960,3770.75,683975.308100,0
1753819020000,181.3000,181.3700,181.2100,181.32,6742.61,1753819079999,1222260.777000,1125,1992.10,361108.021100,0
1753819080000,181.3200,181.3800,181.2400,181.28,5142.14,1753819139999,932318.294700,823,2326.38,421794.516700,0
1753819140000,181.2900,181.3200,180.9700,181.0,25103.60,1753819199999,4547072.643500,2264,9759.67,1767872.605900,0
1753819200000,180.9900,181.0100,180.6800,180.68,25730.58,1753819259999,4653553.747900,2678,9737.57,1761276.246800,0
1753819260000,180.6800,181.2900,180.6800,181.29,16328.63,1753819319999,2954753.661400,1976,11520.50,2084632.813500,0
1753819320000,181.2800,181.2900,181.0500,181.06,6521.92,1753819379999,1181647.471000,1310,1782.77,322896.088000,0
1753819380000,181.0600,181.1700,181.0000,181.09,5364.15,1753819439999,971372.113700,1045,3118.32,564650.139500,0
1753819440000,181.0800,181.0800,180.8400,180.85,7879.69,1753819499999,1425722.862800,1689,2662.89,481789.345700,0
1753819500000,180.8500,180.9600,180.5300,180.94,19780.55,1753819559999,3574228.972000,3037,8903.53,1609187.054800,0
1753819560000,180.9300,181.0500,180.5700,180.6,12742.18,1753819619999,2304197.782900,2054,6070.59,1097603.348900,0
1753819620000,180.5900,180.6400,180.2900,180.35,48016.65,1753819679999,8665109.002600,4051,8390.06,1514519.306800,0
1753819680000,180.3500,180.4600,180.2100,180.42,20368.41,1753819739999,3673159.307200,2552,13543.21,2442309.255400,0
1753819740000,180.4200,180.4600,180.2300,180.28,12381.35,1753819799999,2232658.617100,1738,4824.16,869929.162800,0
1753819800000,180.2700,180.3600,180.0700,180.08,34294.66,1753819859999,6179387.789260,3226,12679.66,2284937.246800,0
1753819860000,180.0700,180.1100,179.9100,180.06,20852.91,1753819919999,3753727.789200,3168,6457.26,1162475.559100,0
1753819920000,180.0700,180.0700,179.9100,180.04,10266.16,1753819979999,1847789.309600,1614,5426.51,976683.574500,0
1753819980000,180.0400,180.3500,180.0400,180.35,21198.97,1753820039999,3819174.730400,1914,16223.19,2922686.420500,0
1753820040000,180.3500,180.3500,180.0800,180.27,11920.55,1753820099999,2148373.938100,1696,4973.34,896172.023400,0
1753820100000,180.2600,180.2700,179.9600,180.01,9762.42,1753820159999,1757996.741400,1540,3451.69,621560.587100,0
1753820160000,180.0100,180.0200,179.7100,179.81,17661.52,1753820219999,3176036.683600,2429,6480.62,1165510.604100,0
1753820220000,179.8100,180.3700,179.7900,180.36,31724.03,1753820279999,5709820.079000,2225,25279.43,4549373.792600,0
1753820280000,180.3600,180.4400,180.2500,180.31,8099.16,1753820339999,1460660.909200,1367,4458.51,804072.761500,0
1753820340000,180.3100,181.3900,180.3000,181.38,88114.27,1753820399999,15923321.614700,6187,75142.23,13574997.842600,0
1753820400000,181.3800,181.5200,181.2400,181.51,24203.33,1753820459999,4389630.361700,2603,13105.54,2376918.512200,0
1753820460000,181.5100,181.7400,181.4300,181.72,48005.92,1753820519999,8715911.540300,3033,37068.53,6730422.828500,0
1753820520000,181.7300,181.8200,181.4400,181.69,25466.00,1753820579999,4625695.579200,5520,16388.15,2976955.203100,0
1753820580000,181.6800,181.8100,181.4600,181.5,20424.12,1753820639999,3710545.597000,4905,7085.54,1287005.325800,0
1753820640000,181.5000,181.6000,181.3100,181.32,12347.72,1753820699999,2240370.656100,1517,4641.62,842254.395400,0
1753820700000,181.3200,181.5000,181.1800,181.41,17868.15,1753820759999,3240487.840600,1856,7473.39,1355117.569400,0
1753820760000,181.4000,181.4500,181.1900,181.2,6191.42,1753820819999,1122737.645400,1192,2396.00,434489.395500,0
1753820820000,181.1900,181.1900,180.7500,180.76,13256.68,1753820879999,2398148.240400,2090,6046.94,1093854.909200,0
1753820880000,180.7600,180.9600,180.7500,180.96,12552.49,1753820939999,2270085.198800,1425,10878.63,1967421.255200,0
1753820940000,180.9500,181.0300,180.8500,180.86,3543.42,1753820999999,641211.291200,826,2005.90,362982.064900,0
1753821000000,180.8500,180.9100,180.6100,180.9,12226.19,1753821059999,2209880.643400,2035,3758.27,679205.194300,0
1753821060000,180.9000,180.9400,180.7200,180.75,7972.15,1753821119999,1441580.819300,1304,3078.55,556653.968700,0
1753821120000,180.7400,180.7600,180.3400,180.34,10813.87,1753821179999,1952175.432500,1819,4832.44,872552.689600,0
1753821180000,180.3400,180.4500,180.1300,180.13,18894.08,1753821239999,3406145.486760,2061,8827.87,1591550.421500,0
1753821240000,180.1200,180.1700,180.0100,180.04,21870.31,1753821299999,3938490.470100,5492,9897.28,1782374.983200,0
1753821300000,180.0400,180.1800,179.8900,179.92,19511.48,1753821359999,3512582.501900,5530,8770.05,1578917.083500,0
1753821360000,179.9200,180.0500,179.8300,179.85,11738.19,1753821419999,2111843.530000,1778,5370.12,966232.403800,0
1753821420000,179.8500,179.9700,179.7500,179.76,11852.75,1753821479999,2131603.953100,1696,5424.43,975597.879500,0
1753821480000,179.7600,179.9300,179.7400,179.75,8468.34,1753821539999,1522749.338600,1357,4074.70,732711.415100,0
1753821540000,179.7500,179.8000,179.6400,179.67,13587.64,1753821599999,2441669.175800,1657,7489.00,1345701.208400,0
1753821600000,179.6700,180.0500,179.6600,180.05,14197.23,1753821659999,2553891.482700,1833,10500.53,1888873.867200,0
1753821660000,180.0500,180.1000,179.8300,179.96,11151.83,1753821719999,2007464.111700,1399,4709.88,847809.911300,0
1753821720000,179.9500,179.9600,179.8200,179.91,4367.28,1753821779999,785623.151300,925,2827.28,508580.471700,0
1753821780000,179.9100,180.0500,179.9000,179.94,6955.11,1753821839999,1251708.303700,865,3020.77,543697.972400,0
1753821840000,179.9300,179.9900,179.8200,179.91,11567.83,1753821899999,2080873.827800,1295,6683.57,1202321.823200,0
1753821900000,179.9100,179.9900,179.6900,179.73,9759.52,1753821959999,1755030.292000,2064,3046.01,547826.697900,0
1753821960000,179.7200,179.9600,179.6000,179.96,12654.30,1753822019999,2274698.879200,1481,7501.53,1348776.238600,0
1753822020000,179.9600,180.0700,179.9600,180.06,9979.37,1753822079999,1796358.465200,1223,3824.03,688367.827500,0
1753822080000,180.0600,180.1800,180.0300,180.04,7629.33,1753822139999,1374144.547900,1137,3150.53,567476.349800,0
1753822140000,180.0300,180.1800,179.9900,180.16,8528.54,1753822199999,1535770.815800,1020,6730.30,1211934.383000,0
1753822200000,180.1500,180.2600,180.0000,180.05,9086.15,1753822259999,1636945.178900,1209,2709.59,488131.235600,0
1753822260000,180.0600,180.0800,179.5600,179.57,7473.18,1753822319999,1343551.663800,1612,2733.36,491506.552700,0
1753822320000,179.5600,179.7600,179.4500,179.49,21229.14,1753822379999,3812009.832480,2078,8020.71,1440386.639500,0
1753822380000,179.4800,179.7000,179.4800,179.6,7261.22,1753822439999,1304244.359900,1135,4687.20,841822.706400,0
1753822440000,179.6100,179.7200,179.5600,179.6,8446.48,1753822499999,1517192.037300,833,3278.01,588888.189300,0
1753822500000,179.6000,179.7200,179.5000,179.69,12671.31,1753822559999,2275512.978300,1096,4878.67,876165.177000,0
1753822560000,179.6900,179.7200,179.5700,179.67,4806.27,1753822619999,863327.014400,806,3604.70,647481.147900,0
1753822620000,179.6800,179.7100,179.5800,179.59,6637.50,1753822679999,1192486.328600,765,4006.35,719755.096900,0
1753822680000,179.5800,179.7800,179.5800,179.78,6590.51,1753822739999,1184013.775300,875,3908.88,702243.294400,0
1753822740000,179.7800,180.0000,179.7100,179.99,7985.44,1753822799999,1435996.284500,1201,6290.48,1131171.173200,0
1753822800000,180.0000,180.0800,179.7000,179.84,17084.00,1753822859999,3072962.772900,2175,8144.03,1464785.888800,0
1753822860000,179.8300,179.8700,179.6000,179.76,4973.86,1753822919999,893905.322600,973,1771.26,318292.430200,0
1753822920000,179.7700,179.8300,179.5500,179.71,8937.75,1753822979999,1605937.126400,1244,3392.21,609443.655100,0
1753822980000,179.7100,179.8400,179.6800,179.75,4920.45,1753823039999,884401.132900,993,3021.69,543122.555300,0
1753823040000,179.7400,179.7500,179.3200,179.35,24055.62,1753823099999,4316000.722100,2119,9840.23,1765316.595100,0
1753823100000,179.3400,179.4800,179.2000,179.45,15004.52,1753823159999,2690741.360200,1827,4642.49,832533.329500,0
1753823160000,179.4500,179.6100,179.4500,179.6,9638.10,1753823219999,1730094.301700,1352,5122.43,919481.280800,0
1753823220000,179.6000,179.8800,179.6000,179.72,8096.63,1753823279999,1455278.442200,1469,4063.30,730308.503100,0
1753823280000,179.7200,179.7200,179.5600,179.67,6265.23,1753823339999,1125468.663300,1052,3423.66,615004.724500,0
1753823340000,179.6700,179.7800,179.6200,179.76,4132.08,1753823399999,742546.171200,538,1855.61,333420.550500,0
1753823400000,179.7600,179.8700,179.7600,179.84,12243.55,1753823459999,2201621.482300,1190,5739.08,1031946.275900,0
1753823460000,179.8300,180.0600,179.7900,180.03,7076.87,1753823519999,1273409.171300,1010,4871.03,876456.502600,0
1753823520000,180.0300,180.1600,179.9700,180.11,7581.14,1753823579999,1365062.843100,1378,3523.64,634418.490100,0
1753823580000,180.1100,180.1200,180.0300,180.05,10193.53,1753823639999,1835406.613200,697,1968.17,354389.385300,0
1753823640000,180.0400,180.0900,179.9000,179.9,4735.44,1753823699999,852408.038400,770,1785.30,321408.292100,0
1753823700000,179.9000,179.9100,179.6200,179.81,6786.48,1753823759999,1219721.201700,1602,3720.80,668601.177700,0
1753823760000,179.8200,179.8300,179.6900,179.83,4342.29,1753823819999,780609.469900,863,1862.64,334858.713000,0
1753823820000,179.8300,179.8500,179.7000,179.7,3670.09,1753823879999,659854.575000,799,1740.14,312875.326100,0
1753823880000,179.7100,179.9800,179.7100,179.96,3973.72,1753823939999,714709.703900,848,2339.61,420773.342200,0
1753823940000,179.9500,179.9500,179.6300,179.63,5369.81,1753823999999,965302.086300,1087,2238.51,402398.677700,0
1753824000000,179.6200,179.6300,179.3000,179.37,13809.73,1753824059999,2477965.940500,1921,3632.07,651613.695100,0
1753824060000,179.3800,179.6400,179.3800,179.47,7467.96,1753824119999,1340694.970900,1278,2647.99,475271.483400,0
1753824120000,179.4700,179.5200,179.3000,179.44,8029.99,1753824179999,1440741.895700,1134,5848.64,1049364.254700,0
1753824180000,179.4400,179.5000,179.3600,179.44,5161.56,1753824239999,926058.221400,820,1985.94,356309.833500,0
1753824240000,179.4500,179.5500,179.3600,179.41,10411.95,1753824299999,1868080.901400,1104,8025.88,1439957.106900,0
1753824300000,179.4100,179.6200,179.3900,179.41,4821.06,1753824359999,865420.789500,988,2372.48,425915.333100,0
1753824360000,179.4100,179.4300,179.2000,179.27,14848.84,1753824419999,2662291.128600,1711,5512.20,988199.368900,0
1753824420000,179.2700,179.4300,179.2000,179.42,4730.79,1753824479999,848202.137400,842,2261.17,405473.137000,0
1753824480000,179.4300,179.9500,179.4300,179.94,11864.89,1753824539999,2132941.737800,1493,9048.43,1626603.694700,0
1753824540000,179.9400,179.9500,179.8200,179.82,10256.71,1753824599999,1844956.843100,1297,4629.07,832665.085700,0
1753824600000,179.8200,180.0000,179.7600,180.0,7872.08,1753824659999,1416046.150600,1447,5276.55,949193.269100,0
1753824660000,179.9900,180.3400,179.9900,180.31,12290.26,1753824719999,2213917.274900,1616,5179.54,933110.596100,0
1753824720000,180.3100,180.4100,180.2800,180.4,7396.22,1753824779999,1333971.101800,1059,3333.60,601255.021100,0
1753824780000,180.4000,180.4400,180.3100,180.39,10422.49,1753824839999,1879957.350400,1257,3075.66,554746.194500,0
1753824840000,180.3900,180.4900,180.3400,180.46,8017.67,1753824899999,1446499.681300,950,2933.74,529300.975300,0
1753824900000,180.4700,180.4700,180.2100,180.26,8811.34,1753824959999,1588783.578500,1323,1966.67,354532.369600,0
1753824960000,180.2600,180.2600,180.1500,180.16,3162.54,1753825019999,569908.469100,565,227.40,40979.684900,0
1753825020000,180.1500,180.1600,179.9500,179.95,5576.90,1753825079999,1004313.246600,911,1629.54,293432.055600,0
1753825080000,179.9500,180.2000,179.9500,180.17,3171.60,1753825139999,571209.204400,708,1701.78,306443.899400,0
1753825140000,180.1700,180.2000,180.1500,180.19,2460.87,1753825199999,443378.894500,373,1682.42,303128.412200,0
1753825200000,180.1900,180.3800,180.1900,180.24,4530.25,1753825259999,816742.426300,782,2171.30,391388.195400,0
1753825260000,180.2400,180.3000,180.0200,180.03,6622.52,1753825319999,1193259.751500,994,1292.68,232950.071700,0
1753825320000,180.0200,180.1900,180.0000,180.19,2611.74,1753825379999,470389.657100,533,2042.88,367957.597200,0
1753825380000,180.1800,180.2100,180.1300,180.19,4369.65,1753825439999,787305.770200,514,1745.02,314420.025100,0
1753825440000,180.1800,180.1900,179.9600,180.0,4051.86,1753825499999,729515.211700,619,1357.80,244375.202900,0
1753825500000,180.0000,180.1300,180.0000,180.13,4230.26,1753825559999,761790.995000,1061,2734.41,492414.808100,0
1753825560000,180.1300,180.2200,180.1200,180.22,839.12,1753825619999,151184.502800,315,724.48,130534.063400,0
1753825620000,180.2200,180.3900,180.2000,180.37,3570.46,1753825679999,643727.897200,653,1455.19,262435.651600,0
1753825680000,180.3800,180.5300,180.3700,180.48,5786.05,1753825739999,1044179.787800,937,4061.89,732975.542900,0
1753825740000,180.4800,180.5200,180.4700,180.47,3563.03,1753825799999,643106.806500,525,2553.38,460874.904400,0
1753825800000,180.4800,180.4800,180.3200,180.39,5733.62,1753825859999,1034248.324800,863,1557.13,280855.954000,0
1753825860000,180.3900,180.4900,180.3900,180.48,3984.22,1753825919999,719017.417600,596,1787.41,322541.194700,0
1753825920000,180.4800,180.6900,180.4700,180.68,4675.19,1753825979999,844228.427100,970,2995.58,540906.488200,0
1753825980000,180.6900,180.7000,180.6400,180.69,1784.06,1753826039999,322328.475600,558,1113.32,201145.626900,0
1753826040000,180.6900,180.7500,180.6900,180.75,2073.93,1753826099999,374791.541200,494,783.17,141535.259000,0
1753826100000,180.7500,180.7600,180.7200,180.73,5783.96,1753826159999,1045393.356500,579,1127.78,203841.988000,0
1753826160000,180.7300,181.0600,180.7300,181.02,14085.76,1753826219999,2547956.622600,1904,9310.01,1683844.844500,0
1753826220000,181.0200,181.5600,180.9900,181.53,47333.38,1753826279999,8579566.671600,4928,38751.57,7023938.124700,0
1753826280000,181.5300,181.5500,181.2300,181.5,23429.80,1753826339999,4251320.591800,4922,8538.79,1549149.922900,0
1753826340000,181.4900,181.4900,181.0900,181.16,16361.67,1753826399999,2966111.760400,4881,8970.73,1626157.603200,0
1753826400000,181.1700,181.3100,181.0500,181.24,11849.02,1753826459999,2146862.907800,2097,7227.80,1309560.745000,0
1753826460000,181.2300,181.4200,181.1100,181.36,7480.64,1753826519999,1356110.718100,1201,3872.59,702025.181500,0
1753826520000,181.3500,181.5800,181.2300,181.48,24425.98,1753826579999,4430354.692500,3092,11854.53,2149905.697900,0
1753826580000,181.4800,181.5300,180.8900,180.95,40830.20,1753826639999,7399155.513900,3719,8983.46,1627561.363700,0
1753826640000,180.9400,180.9500,180.6000,180.7,24683.40,1753826699999,4460749.590400,2549,7208.82,1302560.402200,0
1753826700000,180.6900,180.8000,180.5900,180.68,15473.47,1753826759999,2795771.639100,1628,5133.44,927545.524600,0
1753826760000,180.6900,180.9400,180.6700,180.9,5871.12,1753826819999,1061427.309700,950,2840.16,513426.198500,0
1753826820000,180.9000,180.9700,180.7600,180.81,5361.59,1753826879999,969839.074300,896,2181.92,394660.123200,0
1753826880000,180.8200,180.9100,180.8100,180.84,5298.73,1753826939999,958365.111800,708,2110.22,381641.717500,0
1753826940000,180.8300,180.9300,180.6600,180.7,3125.54,1753826999999,565094.958300,801,1074.69,194311.112500,0
1753827000000,180.6900,180.8300,180.6500,180.71,4970.37,1753827059999,898212.687700,1031,2443.64,441580.602700,0
1753827060000,180.7200,180.7200,180.6100,180.63,4785.67,1753827119999,864515.687000,763,1786.12,322644.655400,0
1753827120000,180.6400,180.7600,180.4400,180.46,10234.86,1753827179999,1847890.524200,1426,1772.76,320090.533900,0
1753827180000,180.4700,180.5000,180.3100,180.33,8773.18,1753827239999,1582584.975300,1487,3305.90,596377.793800,0
1753827240000,180.3300,180.3900,180.3300,180.37,4030.80,1753827299999,726984.290800,649,2459.91,443671.829600,0
1753827300000,180.3700,180.5200,180.3700,180.42,5532.29,1753827359999,998249.015800,959,3070.79,554079.778700,0
1753827360000,180.4300,180.6700,180.4200,180.6,4867.77,1753827419999,878945.459200,955,3321.63,599775.759900,0
1753827420000,180.5900,180.8200,180.5900,180.73,4391.77,1753827479999,793797.856200,888,1875.70,338976.247500,0
1753827480000,180.7300,180.7700,180.5100,180.56,5104.30,1753827539999,922014.568600,911,1784.53,322343.201000,0
1753827540000,180.5500,180.7400,180.5100,180.73,3207.17,1753827599999,579155.655600,635,2101.63,379536.848300,0
1753827600000,180.7400,180.9900,180.7200,180.98,5184.54,1753827659999,937549.640200,1108,2762.52,499603.664100,0
1753827660000,180.9900,180.9900,180.8400,180.89,5115.72,1753827719999,925437.882900,852,1573.22,284569.863900,0
1753827720000,180.8800,180.9300,180.8500,180.89,1733.49,1753827779999,313577.167600,514,584.14,105666.768500,0
1753827780000,180.8900,180.9700,180.8500,180.91,3436.21,1753827839999,621643.929800,666,1509.53,273082.825800,0
1753827840000,180.9100,181.1300,180.9000,181.12,3062.86,1753827899999,554299.934900,671,1892.02,342467.985800,0
1753827900000,181.1300,181.2400,181.1200,181.15,3468.48,1753827959999,628400.362400,923,1720.38,311691.382500,0
1753827960000,181.1600,181.2300,181.1200,181.15,2348.67,1753828019999,425522.823700,561,1185.62,214798.967800,0
1753828020000,181.1600,181.2500,181.0400,181.04,3982.83,1753828079999,721546.949200,775,1235.12,223797.431300,0
1753828080000,181.0400,181.0900,180.9100,181.08,6361.12,1753828139999,1151227.888600,698,3466.40,627246.038400,0
1753828140000,181.0900,181.2100,181.0700,181.2,3257.37,1753828199999,590053.315700,588,1947.46,352774.809800,0
1753828200000,181.2000,181.2900,181.0600,181.29,7867.53,1753828259999,1425250.214200,1054,3338.95,604930.079600,0
1753828260000,181.3000,181.3900,181.2900,181.39,5527.12,1753828319999,1002252.642400,930,2735.87,496098.464900,0
1753828320000,181.3900,181.4300,181.2300,181.28,4486.26,1753828379999,813609.630300,1004,1712.14,310543.768000,0
1753828380000,181.2800,181.2900,181.1100,181.23,3985.51,1753828439999,722091.797000,820,914.96,165774.387400,0
1753828440000,181.2400,181.2900,181.2000,181.21,5149.23,1753828499999,933314.466700,657,1867.58,338508.186700,0
1753828500000,181.2000,181.3300,181.1600,181.16,4006.69,1753828559999,726191.954500,790,1742.68,315877.739600,0
1753828560000,181.1600,181.1700,181.0300,181.11,3232.33,1753828619999,585334.444700,843,1659.53,300492.365500,0
1753828620000,181.1200,181.2400,181.0900,181.16,2495.66,1753828679999,452103.784400,710,1135.95,205768.168100,0
1753828680000,181.1500,181.2400,181.1200,181.2,1573.31,1753828739999,285058.416300,545,663.85,120273.125400,0
1753828740000,181.2000,181.2500,181.1100,181.11,2374.82,1753828799999,430281.433900,709,488.26,88467.843100,0
1753828800000,181.1200,181.2100,181.0900,181.2,2090.21,1753828859999,378598.053800,539,979.09,177335.534100,0
1753828860000,181.2000,181.3400,181.1800,181.32,6088.74,1753828919999,1103745.133100,804,3468.51,628710.035800,0
1753828920000,181.3100,181.3500,181.2200,181.24,3771.73,1753828979999,683819.559700,654,1124.01,203787.930200,0
1753828980000,181.2400,181.2900,181.1700,181.17,4434.13,1753829039999,803596.961800,600,760.27,137806.333000,0
1753829040000,181.1700,181.2200,181.0800,181.12,2346.27,1753829099999,425037.845400,668,699.80,126770.958000,0
1753829100000,181.1200,181.1400,181.0300,181.08,2310.50,1753829159999,418367.628900,560,965.99,174905.276300,0
1753829160000,181.0900,181.2800,181.0900,181.28,2311.88,1753829219999,418890.738500,596,873.74,158315.300700,0
1753829220000,181.2800,181.5300,181.2800,181.5,17754.53,1753829279999,3221372.045500,1681,8010.55,1453374.600700,0
1753829280000,181.5100,181.5400,181.4500,181.5,6295.97,1753829339999,1142679.384200,966,2201.19,399486.761700,0
1753829340000,181.5000,181.5200,181.4200,181.44,4740.69,1753829399999,860325.096900,765,1033.06,187455.545900,0
1753829400000,181.4400,181.5900,181.4200,181.52,6834.75,1753829459999,1240555.823000,1059,3652.99,663101.308100,0
1753829460000,181.5300,181.5900,181.4800,181.58,2613.83,1753829519999,474457.443400,563,832.14,151060.432700,0
1753829520000,181.5800,181.6100,181.4900,181.49,4786.77,1753829579999,869060.902600,887,1392.14,252784.122400,0
1753829580000,181.4900,181.6700,181.4900,181.65,5221.72,1753829639999,948355.837300,914,4050.61,735664.070200,0
1753829640000,181.6500,181.6500,181.5100,181.56,3222.59,1753829699999,585095.458500,671,1641.60,298029.232800,0
1753829700000,181.5700,181.6500,181.5600,181.65,2893.72,1753829759999,525540.962100,671,1732.08,314576.869100,0
1753829760000,181.6600,181.7500,181.6300,181.64,6651.84,1753829819999,1208553.546700,946,3345.62,607826.680300,0
1753829820000,181.6400,181.6700,181.5600,181.66,3937.44,1753829879999,715185.067200,736,645.40,117226.442600,0
1753829880000,181.6700,181.6700,181.6000,181.64,3939.21,1753829939999,715515.434800,582,2431.49,441644.605600,0
1753829940000,181.6300,181.6500,181.5500,181.62,6065.79,1753829999999,1101623.699900,786,3547.64,644303.848300,0
1753830000000,181.6300,181.6300,181.5000,181.59,5579.18,1753830059999,1012961.191800,912,1840.97,334240.369300,0
1753830060000,181.6000,181.7000,181.5200,181.53,5076.96,1753830119999,922071.679700,804,972.30,176578.627300,0
1753830120000,181.5300,181.5400,181.4000,181.44,7747.69,1753830179999,1405804.137100,1031,1390.36,252266.661600,0
1753830180000,181.4300,181.5800,181.4300,181.58,6671.68,1753830239999,1211061.240300,755,4314.10,783071.298700,0
1753830240000,181.5800,181.6100,181.5100,181.54,4257.95,1753830299999,773089.865700,691,2702.32,490647.363900,0
1753830300000,181.5400,181.6000,181.4500,181.6,4463.61,1753830359999,810250.977200,907,1879.97,341268.583500,0
1753830360000,181.6100,181.6100,181.1800,181.21,14066.10,1753830419999,2550866.820900,1660,4456.51,807988.102300,0
1753830420000,181.2000,181.4000,181.2000,181.4,4613.61,1753830479999,836276.554900,964,2175.76,394387.556300,0
1753830480000,181.3900,181.6400,181.3700,181.54,9128.43,1753830539999,1656707.579700,1205,3279.21,595116.039200,0
1753830540000,181.5500,181.6300,181.4900,181.63,3675.51,1753830599999,667332.427100,885,1782.94,323700.578600,0
1753830600000,181.6400,181.6800,181.5500,181.57,6485.49,1753830659999,1177912.386200,916,4238.93,769898.454300,0
1753830660000,181.5600,181.6300,181.4700,181.54,4736.19,1753830719999,859770.020200,805,2122.76,385342.637400,0
1753830720000,181.5500,181.6600,181.5400,181.56,2629.87,1753830779999,477567.665900,597,1591.72,289046.605400,0
1753830780000,181.5600,181.6400,181.5100,181.52,9344.32,1753830839999,1696786.348800,892,6727.67,1221640.525000,0
1753830840000,181.5100,181.5200,181.3900,181.4,4721.82,1753830899999,856713.473800,756,1024.11,185809.608800,0
1753830900000,181.3900,181.6000,181.3900,181.52,4837.65,1753830959999,878172.396300,906,2872.27,521369.179800,0
1753830960000,181.5100,181.5300,181.3300,181.35,7597.54,1753831019999,1378334.462200,902,2155.10,390907.555600,0
1753831020000,181.3500,181.3500,181.1600,181.18,6122.40,1753831079999,1109709.199000,926,1541.85,279401.640700,0
1753831080000,181.1800,181.3300,181.0800,181.33,8384.63,1753831139999,1518958.187100,1176,4705.85,852638.358300,0
1753831140000,181.3200,181.4900,181.3100,181.42,4966.49,1753831199999,901026.752500,889,2970.71,538967.551200,0
1753831200000,181.4300,181.5900,181.3900,181.49,3531.74,1753831259999,641064.552100,851,1784.27,323858.757500,0
1753831260000,181.4900,181.6000,181.4700,181.55,2667.66,1753831319999,484235.355700,725,1372.78,249184.192900,0
1753831320000,181.5400,181.5600,181.4800,181.49,5299.49,1753831379999,962061.417500,603,3133.47,568840.262300,0
1753831380000,181.4900,181.5200,181.3800,181.44,4474.15,1753831439999,811725.671700,722,2445.98,443776.488400,0
1753831440000,181.4400,181.4500,181.3900,181.4,1692.35,1753831499999,307026.166000,351,528.51,95879.811500,0
1753831500000,181.4000,181.4000,181.2500,181.28,5796.68,1753831559999,1051204.877700,777,1142.37,207187.866900,0
1753831560000,181.2800,181.5000,181.2500,181.47,2826.62,1753831619999,512811.516200,709,1738.00,315291.221800,0
1753831620000,181.4700,181.4800,181.4000,181.41,3421.61,1753831679999,620823.009900,542,951.52,172644.156200,0
1753831680000,181.4000,181.5000,181.3600,181.46,2431.11,1753831739999,441045.052200,530,1297.90,235469.587600,0
1753831740000,181.4600,181.5000,181.4600,181.47,991.85,1753831799999,180007.195600,279,482.52,87572.282200,0
1753831800000,181.4700,181.6000,181.4000,181.6,3561.22,1753831859999,646334.029600,1210,2222.71,403466.417800,0
1753831860000,181.6000,181.6900,181.5500,181.69,10691.71,1753831919999,1941661.474900,1165,7172.99,1302660.573800,0
1753831920000,181.6900,181.7500,181.6300,181.64,5363.37,1753831979999,974447.196100,755,3538.33,642877.795000,0
1753831980000,181.6300,181.6500,181.3500,181.38,11576.95,1753832039999,2101945.480400,1301,5481.53,995378.559900,0
1753832040000,181.3900,181.5300,181.3900,181.47,3564.79,1753832099999,646912.109400,718,1974.58,358323.391400,0
1753832100000,181.4700,181.6300,181.4700,181.55,1647.90,1753832159999,299216.701900,480,654.61,118853.997700,0
1753832160000,181.5500,181.6700,181.4400,181.66,3664.51,1753832219999,665279.710700,817,1545.25,280490.505000,0
1753832220000,181.6600,181.6700,181.5500,181.6,2818.23,1753832279999,511874.103300,608,1339.68,243338.900700,0
1753832280000,181.5900,181.7100,181.5900,181.7,4220.06,1753832339999,766699.550600,629,2320.99,421672.482500,0
1753832340000,181.7000,181.9000,181.6800,181.71,8805.05,1753832399999,1600756.363300,1578,4251.16,772784.215400,0
1753832400000,181.7100,181.7500,181.4900,181.5,5437.54,1753832459999,987536.846800,851,1676.37,304493.728400,0
1753832460000,181.5000,181.5200,181.3200,181.32,3624.64,1753832519999,657665.059400,846,1511.58,274293.175300,0
1753832520000,181.3200,181.3700,181.2500,181.26,12310.23,1753832579999,2232084.879300,1165,4549.30,824838.587700,0
1753832580000,181.2700,181.2800,181.2400,181.27,1406.06,1753832639999,254870.764600,332,643.12,116576.515100,0
1753832640000,181.2700,181.2800,181.0300,181.05,12984.05,1753832699999,2351912.235300,1387,3204.93,580504.895400,0
1753832700000,181.0500,181.0500,180.8500,180.85,15406.43,1753832759999,2788167.543100,1986,4773.67,863994.242900,0
1753832760000,180.8600,180.9700,180.8200,180.94,5937.14,1753832819999,1074024.403700,779,1979.40,358091.461500,0
1753832820000,180.9400,181.1700,180.9300,181.1,5051.93,1753832879999,914757.849800,753,3676.81,665707.677900,0
1753832880000,181.1000,181.1800,181.0300,181.05,5714.13,1753832939999,1034831.084200,677,2204.73,399230.507000,0
1753832940000,181.0600,181.1800,181.0500,181.15,1531.50,1753832999999,277408.305200,443,796.89,144332.012500,0
1753833000000,181.1500,181.1700,181.0400,181.16,1922.21,1753833059999,348152.225100,545,1021.84,185097.001300,0
1753833060000,181.1600,181.1700,180.9800,180.98,6074.47,1753833119999,1099886.621400,685,2534.30,458879.016100,0
1753833120000,180.9900,181.1200,180.9900,181.03,2535.03,1753833179999,459006.510500,640,1107.49,200517.814200,0
1753833180000,181.0400,181.0700,181.0000,181.07,1639.64,1753833239999,296833.100300,511,764.48,138397.454400,0
1753833240000,181.0600,181.2400,181.0600,181.23,5881.89,1753833299999,1065785.756100,808,2765.01,500955.408700,0
1753833300000,181.2400,181.4000,181.2400,181.28,5288.25,1753833359999,958960.718200,866,2501.68,453595.956200,0
1753833360000,181.2800,181.2900,181.2100,181.23,2793.50,1753833419999,506331.925100,564,953.91,172896.164000,0
1753833420000,181.2200,181.3100,181.2200,181.31,1582.10,1753833479999,286753.402400,404,797.76,144591.896100,0
1753833480000,181.3000,181.4100,181.3000,181.41,5308.93,1753833539999,962830.891100,647,3392.33,615228.962000,0
1753833540000,181.4000,181.4200,181.3800,181.39,5789.61,1753833599999,1050233.805700,561,2245.13,407264.022900,0
1753833600000,181.3800,181.5000,181.3000,181.33,7883.40,1753833659999,1429999.644000,1834,4675.60,848144.525600,0
1753833660000,181.3300,181.3500,181.1400,181.14,8699.40,1753833719999,1576614.793900,1288,2303.03,417408.443400,0
1753833720000,181.1500,181.1900,181.0100,181.08,18052.93,1753833779999,3269292.450200,1914,4582.37,829813.256800,0
1753833780000,181.0800,181.1500,180.9800,180.99,10674.76,1753833839999,1932652.803300,1446,3983.86,721150.513500,0
1753833840000,180.9900,181.0400,180.9000,180.99,11471.62,1753833899999,2075861.831100,1294,5341.09,966575.010300,0
1753833900000,180.9900,181.0000,180.8600,180.87,8929.23,1753833959999,1615519.895800,947,2689.14,486561.105900,0
1753833960000,180.8700,180.8700,180.6400,180.78,17927.47,1753834019999,3240156.130400,2165,10418.90,1882935.739400,0
1753834020000,180.7700,180.8500,180.7000,180.8,7443.89,1753834079999,1345674.949600,989,4078.37,737270.841000,0
1753834080000,180.8000,180.8000,180.7000,180.71,2067.62,1753834139999,373759.789600,655,1137.48,205620.505500,0
1753834140000,180.7000,180.8000,180.6900,180.73,3371.25,1753834199999,609262.014200,694,1001.00,180916.314700,0
1753834200000,180.7300,180.8000,180.6700,180.72,4114.97,1753834259999,743638.101100,913,1470.63,265750.538100,0
1753834260000,180.7100,180.8000,180.6000,180.8,10546.76,1753834319999,1905279.613900,1063,2186.51,395049.337900,0
1753834320000,180.8100,181.1500,180.8100,181.15,9338.98,1753834379999,1690234.110900,1458,5409.69,979131.113100,0
1753834380000,181.1500,181.2300,181.1000,181.12,8179.36,1753834439999,1481776.978100,1128,3780.99,684940.066000,0
1753834440000,181.1200,181.2400,181.0500,181.11,3700.65,1753834499999,670369.863700,769,1627.62,294831.455200,0
1753834500000,181.1200,181.3100,181.1100,181.31,7298.69,1753834559999,1322807.265700,1540,5295.51,959730.375200,0
1753834560000,181.3100,181.3100,181.2000,181.29,4124.58,1753834619999,747618.278900,702,2210.63,400697.848100,0
1753834620000,181.3000,181.3000,181.1100,181.26,5357.09,1753834679999,970851.928700,867,2838.06,514272.117300,0
1753834680000,181.2600,181.2600,181.0000,181.0,4448.22,1753834739999,805801.205700,788,1183.29,214365.979800,0
1753834740000,181.0100,181.0600,180.7200,180.72,5444.51,1753834799999,985019.843200,1107,1458.29,263922.553000,0
1753834800000,180.7300,180.8300,180.7200,180.73,4561.77,1753834859999,824636.323600,854,2089.38,377684.403800,0
1753834860000,180.7300,180.7400,180.5200,180.54,10204.24,1753834919999,1843243.427300,1573,4000.06,722572.845000,0
1753834920000,180.5300,180.5300,180.2000,180.32,24320.20,1753834979999,4386338.638000,2756,8760.17,1579675.904000,0
1753834980000,180.3200,180.4700,180.2900,180.34,9669.47,1753835039999,1744019.710600,1344,6392.68,1153016.084100,0
1753835040000,180.3400,180.4000,180.3200,180.34,8317.32,1753835099999,1500140.063800,947,5362.43,967191.364300,0
1753835100000,180.3300,180.4200,180.2900,180.4,7861.27,1753835159999,1417915.031500,1079,3536.74,637893.752600,0
1753835160000,180.4000,180.4400,180.3000,180.42,4577.67,1753835219999,825750.847000,778,2253.94,406568.851800,0
1753835220000,180.4200,180.6100,180.4200,180.56,6842.05,1753835279999,1235297.991000,1020,3373.14,608949.189300,0
1753835280000,180.5700,180.5900,180.4300,180.46,5559.60,1753835339999,1003622.202500,920,2300.20,415186.616200,0
1753835340000,180.4700,180.6000,180.4600,180.48,6811.73,1753835399999,1229764.291700,856,3921.44,707999.580700,0
1753835400000,180.4700,180.4800,180.2300,180.36,12381.56,1753835459999,2232959.453600,2117,4208.36,758926.650600,0
1753835460000,180.3700,180.6700,180.3700,180.59,8019.78,1753835519999,1447952.207500,1530,5429.41,980175.768100,0
1753835520000,180.5900,180.6900,180.5600,180.6,5736.96,1753835579999,1036243.359000,1094,2397.59,433067.373400,0
1753835580000,180.5900,180.6100,180.1100,180.12,14232.79,1753835639999,2566012.664700,1809,4221.63,761070.706000,0
1753835640000,180.1200,180.2400,179.9700,179.98,25789.57,1753835699999,4643505.969300,7159,9895.50,1781844.526500,0
1753835700000,179.9900,180.1200,179.9000,180.11,28000.34,1753835759999,5039880.146600,5601,17936.12,3228598.789000,0
1753835760000,180.1000,180.1900,179.9000,179.94,8121.63,1753835819999,1462135.904300,1189,4296.21,773467.695400,0
1753835820000,179.9500,179.9700,179.6400,179.66,23930.73,1753835879999,4302861.139700,2043,4571.24,821836.820400,0
1753835880000,179.6600,179.8100,179.6200,179.8,16556.86,1753835939999,2975480.439600,1532,11726.44,2107402.594400,0
1753835940000,179.8000,179.8100,179.6100,179.78,6095.44,1753835999999,1095439.227700,1166,3911.00,702885.412800,0
1753836000000,179.7800,179.9000,179.6300,179.64,7954.98,1753836059999,1430289.648100,1156,3579.70,643609.393800,0
1753836060000,179.6300,179.7900,179.5100,179.79,9528.01,1753836119999,1711279.949680,1681,5711.65,1025909.013800,0
1753836120000,179.7900,179.7900,179.6200,179.63,16071.17,1753836179999,2888175.616700,1511,10510.00,1888719.946100,0
1753836180000,179.6300,179.6900,179.5000,179.69,13852.56,1753836239999,2487420.743400,1686,9174.41,1647352.192700,0
1753836240000,179.6800,179.7500,179.6300,179.75,5219.54,1753836299999,937894.820800,976,3971.06,713575.844700,0
1753836300000,179.7500,179.8600,179.5000,179.5,6375.40,1753836359999,1145857.004800,1929,3200.61,575318.920500,0
1753836360000,179.5000,179.5300,179.3100,179.32,16491.72,1753836419999,2958478.532900,1778,7959.24,1427719.119400,0
1753836420000,179.3200,179.4900,179.3100,179.44,10836.73,1753836479999,1943794.771600,1185,7698.81,1380907.179200,0
1753836480000,179.4500,179.5100,179.3400,179.38,6481.14,1753836539999,1162923.568700,980,2702.16,484869.233100,0
1753836540000,179.3900,179.3900,179.2000,179.21,9107.46,1753836599999,1632519.660800,1216,4610.44,826446.006100,0
1753836600000,179.2100,179.4100,179.2000,179.32,12541.62,1753836659999,2248781.651600,1730,7904.82,1417359.507500,0
1753836660000,179.3200,179.4500,179.3000,179.43,7139.21,1753836719999,1280481.690300,1043,5271.00,945399.099200,0
1753836720000,179.4300,179.7400,179.3000,179.74,8171.77,1753836779999,1466714.743800,1467,5744.30,1031084.681300,0
1753836780000,179.7400,179.9900,179.6800,179.96,21025.82,1753836839999,3781627.773300,2258,12007.85,2159957.105400,0
1753836840000,179.9500,179.9800,179.8700,179.87,8210.90,1753836899999,1477407.614600,891,4691.13,844122.489100,0
1753836900000,179.8800,180.1900,179.8800,180.15,24241.56,1753836959999,4363789.926500,1844,19144.36,3446129.009900,0
1753836960000,180.1500,180.2000,180.0400,180.1,9632.01,1753837019999,1734968.363500,1288,3711.01,668491.235900,0
1753837020000,180.1000,180.1900,180.0800,180.11,4776.61,1753837079999,860438.266500,796,1583.65,285267.561500,0
1753837080000,180.1100,180.1300,180.0300,180.07,7936.75,1753837139999,1429291.766400,934,3582.00,645108.727400,0
1753837140000,180.0800,180.1400,180.0600,180.13,4549.92,1753837199999,819448.478400,528,2254.34,406030.783800,0
1753837200000,180.1300,180.1400,180.0000,180.09,9335.30,1753837259999,1680889.905900,1723,4078.60,734364.802700,0
1753837260000,180.0800,180.1200,180.0200,180.09,4625.03,1753837319999,832871.756800,792,2920.22,525879.216500,0
1753837320000,180.0900,180.1200,180.0300,180.1,3736.16,1753837379999,672801.255000,843,2153.24,387756.440800,0
1753837380000,180.0900,180.1000,179.9600,180.09,5577.20,1753837439999,1004031.078800,819,1404.32,252830.483200,0
1753837440000,180.1000,180.2900,180.0700,180.23,12713.85,1753837499999,2290905.148800,1476,9923.90,1788154.403200,0
1753837500000,180.2300,180.2500,180.1600,180.22,3909.71,1753837559999,704580.074700,726,1765.93,318263.386400,0
1753837560000,180.2100,180.2300,180.0300,180.08,6592.75,1753837619999,1187705.024600,978,2667.04,480459.564600,0
1753837620000,180.0800,180.2000,180.0800,180.18,3331.13,1753837679999,600129.099200,720,2239.48,403458.286600,0
1753837680000,180.1800,180.2000,180.0400,180.09,2221.02,1753837739999,400100.658500,658,1070.71,192880.997300,0
1753837740000,180.0800,180.1100,179.9400,180.01,8571.64,1753837799999,1542886.443000,1119,2692.02,484622.259600,0
1753837800000,180.0100,180.0100,179.6400,179.83,7163.82,1753837859999,1287935.925500,1610,3432.39,617051.979500,0
1753837860000,179.8300,180.1300,179.8200,180.13,7032.73,1753837919999,1265473.311000,1346,3758.78,676388.757600,0
1753837920000,180.1300,180.1300,179.8800,180.03,8222.47,1753837979999,1479754.357700,1021,4607.72,829058.362900,0
1753837980000,180.0300,180.1000,180.0000,180.08,3035.06,1753838039999,546453.615200,579,1143.89,205949.328200,0
1753838040000,180.0700,180.1100,179.9200,180.0,3444.12,1753838099999,619985.155000,748,1246.15,224336.406400,0
1753838100000,179.9900,180.0400,179.7700,179.86,3174.23,1753838159999,571085.798200,858,1238.83,222901.172200,0
1753838160000,179.8600,179.8600,179.3000,179.33,13824.10,1753838219999,2481260.785400,2039,4569.64,820078.009100,0
1753838220000,179.3300,179.4500,178.9500,179.06,40076.08,1753838279999,7179797.404500,3725,11422.66,2046818.501200,0
1753838280000,179.0500,179.0600,178.7100,178.73,55176.26,1753838339999,9871214.794070,4486,16940.13,3030682.570400,0
1753838340000,178.7300,179.0600,178.7300,178.96,17092.76,1753838399999,3057354.706000,2158,10700.50,1913937.083700,0
1753838400000,178.9600,179.1200,178.8200,178.85,18320.60,1753838459999,3278816.106900,2103,11254.06,2014128.574000,0
1753838460000,178.8600,179.1000,178.8100,179.01,14270.26,1753838519999,2553852.402300,1669,6626.55,1185796.825100,0
1753838520000,179.0100,179.5200,179.0000,179.5,14695.00,1753838579999,2633698.110300,2358,9990.41,1790540.309600,0
1753838580000,179.4900,179.5000,179.3100,179.4,13609.14,1753838639999,2441363.302700,1618,6369.50,1142672.649400,0
1753838640000,179.4100,179.4700,179.2200,179.26,7392.67,1753838699999,1326173.958300,1566,3513.04,630191.873800,0
1753838700000,179.2600,179.3400,179.1500,179.34,7061.42,1753838759999,1265678.353700,1269,4523.50,810806.037500,0
1753838760000,179.3300,179.3600,179.0300,179.14,8451.27,1753838819999,1514558.112200,1332,3976.67,712709.333400,0
1753838820000,179.1500,179.1700,179.0400,179.12,6221.70,1753838879999,1114294.045400,1197,2764.76,495167.854900,0
1753838880000,179.1300,179.1700,178.8600,178.87,13535.22,1753838939999,2422845.785400,2035,2650.75,474492.769400,0
1753838940000,178.8800,179.2500,178.8800,179.24,5086.14,1753838999999,910549.389500,1131,3930.61,703681.329100,0
1753839000000,179.2500,179.2600,179.0700,179.18,9585.92,1753839059999,1717725.627900,2019,4030.18,722141.305300,0
1753839060000,179.1900,179.2600,179.0400,179.23,7338.97,1753839119999,1314751.839100,1164,5419.93,970984.585300,0
1753839120000,179.2400,179.7500,179.1600,179.7,14861.57,1753839179999,2668388.701000,2457,7588.21,1362149.642400,0
1753839180000,179.7000,180.0200,179.6900,179.94,20207.18,1753839239999,3634848.740200,2530,14639.95,2633330.029300,0
1753839240000,179.9400,180.0000,179.8500,179.92,20867.23,1753839299999,3754583.305900,1718,6062.37,1090827.643200,0
1753839300000,179.9300,180.5300,179.9200,180.51,29316.22,1753839359999,5283390.022360,3410,17202.16,3101037.818560,0
1753839360000,180.5100,180.8400,180.5000,180.83,40088.19,1753839419999,7242538.969800,4030,23309.72,4211263.602000,0
1753839420000,180.8400,180.9400,180.6800,180.8,22650.81,1753839479999,4095597.032700,2202,8533.13,1542885.414500,0
1753839480000,180.8100,181.2200,180.7800,181.22,26337.26,1753839539999,4768002.019000,2780,18068.13,3271367.407600,0
1753839540000,181.2300,181.2600,180.8900,180.9,30167.59,1753839599999,5464777.936600,2518,12527.96,2269699.844700,0
1753839600000,180.9100,181.2300,180.8800,181.23,14696.58,1753839659999,2661325.598600,1583,7972.89,1443880.553400,0
1753839660000,181.2300,181.2400,181.0500,181.16,23951.73,1753839719999,4338783.991000,2031,9156.84,1658831.399600,0
1753839720000,181.1600,181.2200,181.1000,181.19,7302.89,1753839779999,1322931.350800,1287,3918.50,709826.600100,0
1753839780000,181.1800,181.1900,180.9300,181.01,14832.83,1753839839999,2685340.725400,1812,5598.36,1013437.890000,0
1753839840000,181.0100,181.1000,180.9500,181.09,8780.69,1753839899999,1589561.508500,1388,6160.43,1115189.703800,0
1753839900000,181.0900,181.1700,181.0000,181.16,17204.61,1753839959999,3115146.671500,1964,9102.36,1648010.069400,0
1753839960000,181.1700,181.8300,181.1600,181.83,94565.47,1753840019999,17168187.457150,6470,78510.92,14253210.562150,0
1753840020000,181.8300,181.8600,181.6400,181.64,31150.71,1753840079999,5662110.935400,5404,9631.96,1750375.869600,0
1753840080000,181.6400,181.7300,181.6200,181.72,15580.75,1753840139999,2830506.746600,4627,8758.00,1591035.260300,0
1753840140000,181.7300,181.7900,181.6400,181.67,9752.23,1753840199999,1772241.198300,1309,4587.66,833751.609700,0
1753840200000,181.6700,181.7400,181.5200,181.74,14870.94,1753840259999,2700497.791100,1851,7164.84,1301154.717300,0
1753840260000,181.7300,181.7800,181.5000,181.61,13786.80,1753840319999,2504056.879900,1446,6327.50,1149110.327600,0
1753840320000,181.6100,181.6800,181.4200,181.42,11403.60,1753840379999,2070205.921900,1230,1714.34,311291.960900,0
1753840380000,181.4300,181.5500,181.3800,181.54,7101.84,1753840439999,1288663.654300,1129,4390.27,796630.133700,0
1753840440000,181.5400,181.6200,181.5300,181.58,7056.64,1753840499999,1281366.272100,1162,3228.42,586221.956200,0
1753840500000,181.5800,181.6300,181.5500,181.58,3831.77,1753840559999,695812.539000,957,2104.16,382090.811600,0
1753840560000,181.5700,181.5900,181.4600,181.51,6368.79,1753840619999,1156147.531900,910,1712.61,310907.466400,0
1753840620000,181.5100,181.5100,181.3300,181.33,7205.45,1753840679999,1307182.876600,1172,2004.15,363579.805100,0
1753840680000,181.3300,181.3900,181.2200,181.35,24690.81,1753840739999,4476498.657700,1308,2191.42,397320.779900,0
1753840740000,181.3600,181.4200,181.2700,181.29,8892.13,1753840799999,1612863.171800,827,1088.05,197350.770800,0
1753840800000,181.2900,181.6000,181.2800,181.53,8839.86,1753840859999,1604082.671200,2093,5494.67,997005.411300,0
1753840860000,181.5300,181.5300,181.3700,181.47,15090.77,1753840919999,2738329.872400,1497,7084.94,1285612.767400,0
1753840920000,181.4800,181.6500,181.4400,181.44,14160.69,1753840979999,2571333.244600,1631,5105.17,926934.804200,0
1753840980000,181.4400,181.4500,181.0100,181.01,14044.81,1753841039999,2544101.047700,2059,3828.06,693274.433900,0
1753841040000,181.0200,181.2300,181.0200,181.07,7831.93,1753841099999,1418511.546300,1175,4176.90,756444.570100,0
1753841100000,181.0700,181.4100,181.0700,181.34,6195.50,1753841159999,1122851.522200,1178,3465.24,628002.665400,0
1753841160000,181.3400,181.3600,181.2300,181.33,9490.30,1753841219999,1720402.123700,999,2108.94,382377.587300,0
1753841220000,181.3300,181.3400,181.1400,181.27,6999.58,1753841279999,1268521.198100,1356,3089.48,559832.136900,0
1753841280000,181.2700,181.3900,181.1900,181.31,5992.11,1753841339999,1086449.792800,1159,2745.40,497768.898100,0
1753841340000,181.3100,181.5400,181.2200,181.49,29637.99,1753841399999,5375112.685800,2312,25573.01,4637812.649600,0
1753841400000,181.4900,181.5500,181.4000,181.4,18888.29,1753841459999,3426740.651300,999,3831.11,695289.968500,0
1753841460000,181.4000,181.8600,181.3400,181.85,25611.84,1753841519999,4649019.234100,2438,16660.70,3024801.409800,0
1753841520000,181.8600,182.0100,181.7400,182.0,18551.56,1753841579999,3374659.431900,2560,8607.67,1566042.432600,0
1753841580000,181.9900,182.2500,181.8700,182.25,19138.82,1753841639999,3483546.418600,2811,9922.89,1806366.991900,0
1753841640000,182.2500,182.2900,182.1500,182.22,17457.48,1753841699999,3181344.968000,1954,9145.79,1666667.163800,0
1753841700000,182.2200,182.2700,182.0800,182.16,21646.33,1753841759999,3943465.825100,2458,12468.33,2271424.651800,0
1753841760000,182.1600,182.2600,182.0000,182.0,15376.89,1753841819999,2801322.811300,1510,5809.80,1058489.404000,0
1753841820000,182.0100,182.1200,181.9200,181.96,11919.49,1753841879999,2169543.081100,1754,5194.91,945596.755500,0
1753841880000,181.9600,182.0400,181.7200,181.74,14388.86,1753841939999,2616649.654000,1407,2945.18,535664.214000,0
1753841940000,181.7400,181.8500,181.5800,181.6,12069.85,1753841999999,2193548.376300,1670,5239.89,952424.985300,0
1753842000000,181.6100,181.8600,181.5400,181.75,7044.29,1753842059999,1280151.626300,1354,4054.42,736796.719300,0
1753842060000,181.7500,181.7500,181.6000,181.6,3778.62,1753842119999,686524.716000,882,1617.08,293806.244800,0
1753842120000,181.6000,181.8200,181.5900,181.8,10208.44,1753842179999,1854987.321200,1367,5646.41,1026066.686900,0
1753842180000,181.8000,182.0100,181.7200,181.85,5566.26,1753842239999,1012305.587000,1326,3412.56,620624.406800,0
1753842240000,181.8400,181.8400,181.7100,181.75,6513.12,1753842299999,1183854.755200,1078,5190.68,943460.940900,0
1753842300000,181.7500,181.7700,181.6000,181.71,8570.01,1753842359999,1556994.732600,1262,5713.73,1037998.130000,0
1753842360000,181.7200,181.7900,181.6900,181.78,4309.71,1753842419999,783171.849000,833,2445.94,444470.714100,0
1753842420000,181.7800,181.8300,181.5000,181.5,4845.95,1753842479999,880306.696700,1214,1184.74,215232.284700,0
1753842480000,181.5000,181.6300,181.4000,181.51,11419.22,1753842539999,2072443.124600,1459,3382.61,613775.170900,0
1753842540000,181.5200,181.5700,181.5000,181.52,5023.98,1753842599999,912008.706100,581,2406.49,436849.370600,0
1753842600000,181.5100,181.6000,181.2500,181.28,12292.50,1753842659999,2230878.423800,2234,8328.48,1511773.655800,0
1753842660000,181.2900,181.4600,181.2000,181.41,11428.62,1753842719999,2072260.295300,1736,6541.44,1186013.232800,0
1753842720000,181.4100,181.5900,181.3700,181.55,5686.52,1753842779999,1032139.674200,1115,3317.86,602212.913400,0
1753842780000,181.5400,181.6300,181.4200,181.62,4134.46,1753842839999,750385.773500,1379,1957.82,355338.151300,0
1753842840000,181.6300,181.8200,181.6000,181.77,11646.32,1753842899999,2115952.967800,1831,9685.59,1759672.009700,0
1753842900000,181.7800,181.8300,181.6100,181.67,9836.17,1753842959999,1787435.372700,1324,2671.16,485509.791500,0
1753842960000,181.6700,181.7900,181.6500,181.73,2579.20,1753843019999,468712.611400,893,1561.20,283702.865400,0
1753843020000,181.7400,181.8000,181.6100,181.64,4861.60,1753843079999,883437.644200,1057,2168.56,394085.233300,0
1753843080000,181.6400,181.8000,181.6400,181.66,3661.45,1753843139999,665315.532500,871,1567.32,284802.790300,0
1753843140000,181.6500,181.6700,181.4600,181.52,5336.62,1753843199999,968916.277700,1157,2188.35,397365.884900,0
1753843200000,181.5300,181.8100,181.5300,181.77,5565.17,1753843259999,1011233.364300,1331,3238.50,588445.914600,0
1753843260000,181.7700,182.0900,181.7600,182.07,11986.36,1753843319999,2181242.271800,2239,8125.73,1478695.321400,0
1753843320000,182.0600,182.2100,182.0300,182.1,11168.34,1753843379999,2034306.459200,1888,9180.64,1672290.274700,0
1753843380000,182.1100,182.1400,181.9800,182.03,7546.84,1753843439999,1373851.170600,1216,2748.63,500476.976400,0
1753843440000,182.0300,182.0400,181.8100,181.82,6341.52,1753843499999,1153494.139600,1248,3317.64,603405.606400,0
1753843500000,181.8100,181.8900,181.6500,181.87,2815.49,1753843559999,511735.391500,1606,1573.72,286054.869400,0
1753843560000,181.8800,181.9000,181.7200,181.8,4244.39,1753843619999,771671.363700,949,1549.41,281716.027700,0
1753843620000,181.8100,182.0100,181.8000,181.98,3463.65,1753843679999,630030.068500,958,2020.76,367614.073300,0
1753843680000,181.9800,182.2200,181.9400,182.17,9134.47,1753843739999,1663496.290300,1517,6251.09,1138419.589200,0
1753843740000,182.1700,182.2600,182.0800,182.16,12607.20,1753843799999,2296793.981500,1468,10373.54,1889880.676800,0
1753843800000,182.1700,182.2400,182.0100,182.02,5421.44,1753843859999,987308.180200,1056,2548.65,464198.671200,0
1753843860000,182.0300,182.1900,182.0200,182.15,5566.18,1753843919999,1013719.827300,899,3023.05,550531.065200,0
1753843920000,182.1600,182.2600,182.0700,182.12,10351.94,1753843979999,1886131.407600,1221,6863.54,1250539.997400,0
1753843980000,182.1100,182.1400,182.0800,182.09,3579.85,1753844039999,651937.088100,577,1741.34,317121.723600,0
1753844040000,182.0900,182.1200,182.0000,182.03,3644.10,1753844099999,663465.905500,715,1934.99,352310.608200,0
1753844100000,182.0300,182.1100,182.0000,182.03,3550.84,1753844159999,646385.853800,741,2287.45,416396.859400,0
1753844160000,182.0300,182.0300,181.7200,181.73,10932.11,1753844219999,1987901.892700,1446,1772.41,322257.077600,0
1753844220000,181.7200,181.7500,181.6300,181.73,5309.06,1753844279999,964677.146600,977,3218.53,584850.429600,0
1753844280000,181.7300,181.7900,181.7000,181.73,3161.74,1753844339999,574601.200500,745,2204.13,400561.536700,0
1753844340000,181.7400,181.7500,181.6600,181.68,4378.76,1753844399999,795616.511500,668,586.73,106610.822100,0
1753844400000,181.6700,181.7000,181.6300,181.63,3016.77,1753844459999,548068.050400,1467,1358.21,246746.717900,0
1753844460000,181.6300,181.7000,181.5200,181.58,7915.30,1753844519999,1437471.975300,1168,3858.40,700636.251800,0
1753844520000,181.5900,181.7500,181.5700,181.7,4325.91,1753844579999,785855.545500,939,2968.84,539320.998600,0
1753844580000,181.7000,181.8000,181.5500,181.79,3971.22,1753844639999,721466.362700,1137,1940.56,352505.231500,0
1753844640000,181.7900,181.8000,181.6100,181.64,4948.10,1753844699999,899054.845600,904,1798.80,326821.325600,0
1753844700000,181.6400,181.7200,181.4300,181.44,4638.29,1753844759999,842155.385800,1069,1539.53,279525.210700,0
1753844760000,181.4500,181.4800,181.3300,181.39,9394.65,1753844819999,1704116.437800,1611,4096.25,743016.816900,0
1753844820000,181.3900,181.5700,181.3700,181.47,5461.67,1753844879999,991403.323500,908,1716.77,311590.172200,0
1753844880000,181.4800,181.4900,181.3700,181.39,2781.58,1753844939999,504639.755400,1013,1396.55,253371.598200,0
1753844940000,181.3900,181.5800,181.3700,181.55,4149.03,1753844999999,752892.861300,894,2893.64,525085.368700,0
1753845000000,181.5400,181.6800,181.4900,181.58,3172.31,1753845059999,576070.427800,849,2318.76,421068.520500,0
1753845060000,181.5800,181.6000,181.4500,181.46,1894.72,1753845119999,343965.209800,754,998.15,181204.877500,0
1753845120000,181.4600,181.5200,181.3800,181.39,2606.30,1753845179999,472917.855700,995,718.42,130354.536200,0
1753845180000,181.3800,181.5700,181.3300,181.56,1683.34,1753845239999,305425.168300,642,1242.48,225446.003600,0
1753845240000,181.5600,181.7200,181.5300,181.72,2599.70,1753845299999,472161.849100,842,2001.39,363510.232500,0
1753845300000,181.7200,181.8000,181.5600,181.56,3952.52,1753845359999,718084.634300,1556,1650.31,299809.115300,0
1753845360000,181.5600,181.5900,181.4800,181.51,2391.69,1753845419999,434174.532700,693,1679.31,304862.946500,0
1753845420000,181.5100,181.8400,181.4700,181.82,3138.06,1753845479999,570096.820400,800,2056.59,373672.424500,0
1753845480000,181.8200,181.8300,181.6200,181.65,6032.20,1753845539999,1096091.538900,1101,2304.68,418691.426600,0
1753845540000,181.6500,181.6800,181.4400,181.56,15890.27,1753845599999,2884302.868500,1761,3279.37,595232.748900,0
1753845600000,181.5500,181.5800,181.2400,181.35,20631.33,1753845659999,3742539.653800,2110,3728.07,676317.504200,0
1753845660000,181.3400,181.7000,181.3400,181.7,6303.16,1753845719999,1144142.794800,1219,4736.84,859852.905900,0
1753845720000,181.6900,181.8100,181.6300,181.81,3777.86,1753845779999,686510.977300,1023,1814.93,329819.885900,0
1753845780000,181.8100,181.9500,181.7700,181.77,7429.97,1753845839999,1351295.500100,1385,1892.02,344113.829500,0
1753845840000,181.7600,181.7700,181.5900,181.6,3000.89,1753845899999,545232.065900,893,1305.27,237171.656600,0
1753845900000,181.5900,181.7700,181.5700,181.6,2879.36,1753845959999,523137.616800,695,1693.40,307661.212000,0
1753845960000,181.6100,181.6700,181.4800,181.48,2476.06,1753846019999,449539.474300,726,1581.32,287095.147200,0
1753846020000,181.4700,181.6600,181.4100,181.61,2579.88,1753846079999,468364.724500,1000,1180.89,214346.959000,0
1753846080000,181.6000,181.7600,181.6000,181.73,5318.87,1753846139999,966276.231400,939,2709.23,492166.358600,0
1753846140000,181.7200,181.7600,181.6500,181.75,2819.30,1753846199999,512230.402900,657,1879.41,341467.463900,0
1753846200000,181.7600,181.8900,181.7500,181.8,6492.14,1753846259999,1180391.468100,1857,2681.15,487449.175400,0
1753846260000,181.7900,181.8600,181.7100,181.71,5143.18,1753846319999,934891.496200,849,2822.19,513010.879800,0
1753846320000,181.7100,181.8600,181.6900,181.69,3925.66,1753846379999,713561.694100,848,2082.25,378514.152900,0
1753846380000,181.6900,181.7900,181.6300,181.63,5735.06,1753846439999,1042100.258300,830,2815.10,511548.452400,0
1753846440000,181.6300,181.6600,181.5500,181.62,6633.01,1753846499999,1204532.652100,999,3413.09,619776.691200,0
1753846500000,181.6200,181.7200,181.6200,181.72,4046.39,1753846559999,735088.458800,609,3092.99,561894.978800,0
1753846560000,181.7200,181.8400,181.7000,181.7,3924.45,1753846619999,713445.168300,813,2234.54,406242.464300,0
1753846620000,181.7000,181.7300,181.6200,181.71,2459.96,1753846679999,446911.106700,744,1272.36,231167.113500,0
1753846680000,181.7100,181.8200,181.7000,181.75,5258.39,1753846739999,955779.133900,862,1288.00,234091.194700,0
1753846740000,181.7600,181.8300,181.7200,181.79,2438.40,1753846799999,443232.949600,648,1295.67,235510.993200,0
1753846800000,181.7900,181.9500,181.7700,181.94,4491.11,1753846859999,816882.984400,1071,2204.28,400959.830600,0
1753846860000,181.9400,182.0000,181.9100,181.97,7538.58,1753846919999,1371551.265500,1386,5983.25,1088558.535600,0
1753846920000,181.9800,182.0200,181.9100,181.96,4050.24,1753846979999,737066.090400,839,2679.92,487715.191500,0
1753846980000,181.9700,182.0400,181.9200,181.99,3464.61,1753847039999,630462.557800,799,1751.51,318720.785400,0
1753847040000,181.9900,182.0600,181.9600,182.02,4822.81,1753847099999,877842.350200,1093,2419.07,440314.819700,0
1753847100000,182.0300,182.0300,181.9100,181.91,4579.86,1753847159999,833346.907600,934,1184.41,215495.102400,0
1753847160000,181.9000,181.9800,181.6900,181.71,6672.68,1753847219999,1212881.570200,1520,870.16,158299.308200,0
1753847220000,181.7100,181.7100,181.4600,181.46,7701.55,1753847279999,1398490.338200,1173,2031.55,368832.435200,0
1753847280000,181.4700,181.5900,181.4700,181.53,6229.36,1753847339999,1130891.290500,843,4557.41,827339.207900,0
1753847340000,181.5300,181.6400,181.5000,181.5,2973.96,1753847399999,539981.906400,603,2049.69,372159.727100,0
1753847400000,181.5000,181.8400,181.4800,181.83,7750.86,1753847459999,1407952.032600,1249,6835.47,1241640.130400,0
1753847460000,181.8400,181.9500,181.7900,181.91,4017.21,1753847519999,730612.471100,905,1181.05,214825.907200,0
1753847520000,181.9200,182.1100,181.8700,182.1,9969.73,1753847579999,1814276.397300,1821,5647.54,1027812.617700,0
1753847580000,182.1000,182.1700,182.0400,182.11,7000.90,1753847639999,1274831.415200,1479,3825.67,696617.194400,0
1753847640000,182.1200,182.1400,181.9300,182.03,6485.27,1753847699999,1180536.823400,1050,2415.02,439636.354900,0
1753847700000,182.0300,182.0400,181.8900,181.98,8210.89,1753847759999,1494227.985900,1040,2007.82,365350.184200,0
1753847760000,181.9900,182.0100,181.9100,181.92,3311.30,1753847819999,602540.817800,518,1332.45,242442.025900,0
1753847820000,181.9200,181.9200,181.6400,181.66,4255.25,1753847879999,773363.032600,843,1147.63,208501.683700,0
1753847880000,181.6700,181.7600,181.6200,181.62,4344.99,1753847939999,789405.953700,779,2315.19,420638.188700,0
1753847940000,181.6200,181.6900,181.5900,181.6,2784.67,1753847999999,505758.096900,598,991.72,180122.943300,0
1753848000000,181.6000,181.7300,181.5300,181.64,11294.21,1753848059999,2051427.650700,1993,4944.82,898207.322800,0
1753848060000,181.6300,181.6900,181.6300,181.65,2426.93,1753848119999,440891.183700,669,1323.89,240504.955200,0
1753848120000,181.6600,181.7500,181.6000,181.72,8027.49,1753848179999,1458396.736100,1062,4998.26,908064.888500,0
1753848180000,181.7200,181.8800,181.7200,181.86,3633.67,1753848239999,660702.438600,920,2819.57,512685.662200,0
1753848240000,181.8500,181.9100,181.7400,181.89,3938.28,1753848299999,716076.616800,1007,2168.19,394214.637100,0
1753848300000,181.8900,182.0200,181.8700,182.01,5619.48,1753848359999,1022591.685900,1494,3245.30,590586.422500,0
1753848360000,182.0200,182.0200,181.9000,181.93,5787.32,1753848419999,1053101.339600,1267,1744.49,317425.635100,0
1753848420000,181.9300,182.0200,181.9300,181.97,5428.18,1753848479999,987895.924500,1096,3260.03,593322.158700,0
1753848480000,181.9600,181.9600,181.8000,181.81,3931.20,1753848539999,714875.902300,700,1750.96,318373.182700,0
1753848540000,181.8000,182.0300,181.8000,181.98,6661.16,1753848599999,1212026.365300,814,4741.39,862653.675300,0
1753848600000,181.9800,181.9900,181.8600,181.89,3272.20,1753848659999,595359.805700,917,1026.18,186709.686800,0
1753848660000,181.8900,181.9400,181.8100,181.87,2219.99,1753848719999,403778.425800,681,920.01,167326.432600,0
1753848720000,181.8700,181.9900,181.8600,181.95,4084.41,1753848779999,743097.788400,706,2034.10,370073.532900,0
1753848780000,181.9500,181.9500,181.9000,181.9,1890.93,1753848839999,343993.901600,422,709.11,129000.970200,0
1753848840000,181.9100,181.9800,181.9000,181.94,8427.79,1753848899999,1533274.155500,785,7150.34,1300859.953900,0
1753848900000,181.9500,182.0300,181.8300,181.91,9358.10,1753848959999,1702888.756200,1919,5845.61,1063739.639700,0
1753848960000,181.9100,181.9700,181.8500,181.93,5444.45,1753849019999,990456.696300,838,2595.95,472281.967900,0
1753849020000,181.9300,181.9300,181.7300,181.75,10581.93,1753849079999,1923835.176700,912,1117.29,203121.142500,0
1753849080000,181.7400,181.8400,181.7000,181.71,2392.79,1753849139999,434903.043800,724,1059.14,192504.096400,0
1753849140000,181.7000,181.7100,181.6400,181.64,5201.19,1753849199999,944857.121400,699,1892.06,343717.813700,0
1753849200000,181.6300,181.7700,181.6200,181.74,4168.08,1753849259999,757347.845300,595,3708.01,673754.407000,0
1753849260000,181.7400,181.8100,181.6900,181.78,3637.05,1753849319999,661093.212300,756,1442.27,262150.619100,0
1753849320000,181.7800,181.7900,181.6800,181.69,1572.77,1753849379999,285831.871900,666,799.68,145334.622100,0
1753849380000,181.6800,181.6900,181.6000,181.61,2327.58,1753849439999,422761.158100,654,989.98,179812.820100,0
1753849440000,181.6200,181.6500,181.5400,181.64,3501.71,1753849499999,635823.424100,729,1675.56,304229.511500,0
1753849500000,181.6400,181.7200,181.6100,181.62,1763.85,1753849559999,320413.768700,494,1276.44,231873.392600,0
1753849560000,181.6100,181.7500,181.6000,181.71,1432.13,1753849619999,260201.202700,474,852.30,154847.179100,0
1753849620000,181.7200,181.7800,181.6600,181.67,3195.49,1753849679999,580743.094400,599,1647.22,299360.678000,0
1753849680000,181.6700,181.7100,181.5300,181.53,3909.19,1753849739999,709971.660900,706,1736.35,315361.878500,0
1753849740000,181.5300,181.5800,181.4800,181.48,4969.59,1753849799999,902016.319000,662,1403.63,254785.124400,0
1753849800000,181.4800,181.5000,181.1900,181.2,15590.75,1753849859999,2826598.917200,1888,2249.42,407908.290900,0
1753849860000,181.2000,181.2600,181.0000,181.0,10971.98,1753849919999,1987300.351100,1481,1969.86,356946.636400,0
1753849920000,181.0000,181.0200,180.7900,180.89,32644.41,1753849979999,5906357.154100,3500,7262.28,1313766.619600,0
1753849980000,180.8900,180.9100,180.6300,180.74,31484.21,1753850039999,5690399.922000,2302,5831.98,1054146.097700,0
1753850040000,180.7300,180.8400,180.6900,180.69,9784.93,1753850099999,1768700.015700,1109,4746.31,857969.110000,0
1753850100000,180.7000,180.8400,180.6800,180.72,8220.79,1753850159999,1485913.702200,973,3163.47,571786.109000,0
1753850160000,180.7200,180.7900,180.4200,180.44,13578.22,1753850219999,2451829.516600,1928,3792.03,684832.571500,0
1753850220000,180.4500,180.5800,180.3700,180.47,17768.95,1753850279999,3206719.112900,1862,6035.71,1089419.159400,0
1753850280000,180.4700,180.5500,180.3600,180.5,17893.07,1753850339999,3228695.649400,1542,11702.76,2111738.196300,0
1753850340000,180.5100,180.5600,180.3500,180.41,8956.56,1753850399999,1615971.502400,1129,2603.91,469828.404300,0
1753850400000,180.4100,180.5200,180.3300,180.33,13065.90,1753850459999,2357385.108300,4655,5919.16,1068052.290800,0
1753850460000,180.3300,180.4300,180.3200,180.41,8941.07,1753850519999,1612739.899600,4330,4202.81,758084.330500,0
1753850520000,180.4100,180.4200,180.3300,180.35,6490.63,1753850579999,1170725.648500,1017,2030.78,366287.097300,0
1753850580000,180.3400,180.7600,180.3400,180.7,8143.23,1753850639999,1470754.989200,1141,6382.83,1152772.235600,0
1753850640000,180.7000,180.7000,180.6300,180.64,4216.58,1753850699999,761745.634800,738,2606.22,470824.251200,0
1753850700000,180.6300,180.6600,180.4200,180.46,6289.85,1753850759999,1135510.434000,1152,2461.35,444397.270400,0
1753850760000,180.4700,180.6300,180.4200,180.61,7300.12,1753850819999,1317740.935800,1066,4614.40,832982.865100,0
1753850820000,180.6100,180.6100,180.2500,180.25,16062.87,1753850879999,2898039.229700,1405,2522.84,454922.953800,0
1753850880000,180.2600,180.2800,180.1100,180.13,17825.63,1753850939999,3212101.227260,1689,6006.68,1082457.198000,0
1753850940000,180.1300,180.2900,180.0800,180.28,13593.29,1753850999999,2449139.342100,1607,7844.03,1413342.402500,0
1753851000000,180.2800,180.2800,180.1200,180.22,6363.37,1753851059999,1146647.052100,1000,3211.37,578670.849800,0
1753851060000,180.2200,180.3400,180.2200,180.23,11589.22,1753851119999,2089357.692500,1007,7872.03,1419233.849600,0
1753851120000,180.2400,180.3000,180.2000,180.23,5570.22,1753851179999,1003982.212200,824,2343.48,422375.765700,0
1753851180000,180.2200,180.2900,180.1200,180.29,6516.27,1753851239999,1174263.524500,1006,2181.42,393119.877200,0
1753851240000,180.2900,180.4100,180.2600,180.26,4571.84,1753851299999,824483.235300,824,1913.52,345109.262600,0
1753851300000,180.2600,180.3200,180.2000,180.31,7666.47,1753851359999,1381864.219600,910,1382.59,249221.132200,0
1753851360000,180.3200,180.4800,180.3200,180.43,8085.02,1753851419999,1458525.232500,952,5754.06,1037989.734900,0
1753851420000,180.4300,180.4400,180.2500,180.29,3117.61,1753851479999,562164.393900,956,866.18,156187.796800,0
1753851480000,180.3000,180.3000,180.1000,180.1,9406.26,1753851539999,1694926.457900,863,1584.73,285491.736600,0
1753851540000,180.1000,180.2400,180.1000,180.22,9178.22,1753851599999,1653788.975600,962,2718.20,489722.678000,0
1753851600000,180.2200,180.2900,180.2000,180.24,5924.89,1753851659999,1067861.023000,2522,2739.08,493674.366100,0
1753851660000,180.2400,180.2400,180.0000,180.08,32819.91,1753851719999,5910242.206900,2561,8227.37,1481599.633800,0
1753851720000,180.0800,180.1100,180.0000,180.02,25940.91,1753851779999,4669722.080400,1270,2855.09,514038.830100,0
1753851780000,180.0200,180.3100,180.0200,180.31,15790.25,1753851839999,2845433.341300,1630,8527.81,1536563.009800,0
1753851840000,180.3100,180.4800,180.2400,180.41,8778.49,1753851899999,1583546.165400,1494,4912.37,886183.068900,0
1753851900000,180.4000,180.5200,180.3500,180.51,7172.88,1753851959999,1294032.391400,1024,5812.77,1048691.478500,0
1753851960000,180.5000,180.5300,180.1600,180.26,14657.86,1753852019999,2643610.483900,1500,6054.86,1091741.596200,0
1753852020000,180.2700,180.4300,180.1900,180.37,5545.22,1753852079999,1000058.152900,961,3005.27,542004.973700,0
1753852080000,180.3700,180.3700,179.8800,179.89,25429.27,1753852139999,4578473.795600,2006,6562.83,1181600.035800,0
1753852140000,179.8800,180.0000,179.8000,179.84,41873.88,1753852199999,7531449.710600,2693,10332.47,1858476.870300,0
1753852200000,179.8300,179.8600,179.7600,179.81,15232.19,1753852259999,2738889.662300,1818,6480.39,1165238.657800,0
1753852260000,179.8200,179.8200,179.5700,179.65,33824.06,1753852319999,6077305.184300,3015,8535.09,1533674.045400,0
1753852320000,179.6500,179.6900,179.5300,179.59,19763.17,1753852379999,3549818.997200,2010,8325.24,1495441.833200,0
1753852380000,179.5900,179.6100,179.4500,179.46,21756.41,1753852439999,3905471.110720,2398,4488.55,805831.998900,0
1753852440000,179.4700,179.6100,179.4400,179.47,20005.54,1753852499999,3591361.081400,1910,9002.56,1616015.059200,0
1753852500000,179.4800,179.5500,179.3400,179.34,17796.48,1753852559999,3192965.427000,2835,7271.53,1304764.820000,0
1753852560000,179.3400,179.4600,179.2300,179.44,24889.64,1753852619999,4463875.516700,2587,11508.31,2063993.601700,0
1753852620000,179.4300,179.7900,179.4300,179.73,18658.56,1753852679999,3351703.227900,1845,14685.47,2637953.180900,0
1753852680000,179.7400,179.7700,179.5900,179.68,11785.65,1753852739999,2117589.651500,1320,8262.55,1484569.837800,0
1753852740000,179.6800,179.9900,179.6700,179.94,14685.76,1753852799999,2640916.713400,1574,10881.04,1956475.752200,0
1753852800000,179.9500,179.9500,179.7600,179.89,9045.23,1753852859999,1627002.576700,1471,5924.29,1065655.943600,0
1753852860000,179.9000,179.9300,179.7400,179.75,6615.58,1753852919999,1189792.036900,1133,3650.79,656597.850600,0
1753852920000,179.7500,179.9000,179.7000,179.88,5663.91,1753852979999,1018424.056100,1022,3467.15,623380.360700,0
1753852980000,179.8900,179.9600,179.8500,179.95,5627.29,1753853039999,1012475.700600,936,2256.56,405994.853200,0
1753853040000,179.9500,180.2200,179.9200,180.22,33882.13,1753853099999,6100863.674100,2667,9836.05,1771397.331700,0
1753853100000,180.2200,180.4400,180.1600,180.41,14121.82,1753853159999,2545557.752700,1807,10259.14,1849298.328300,0
1753853160000,180.4100,180.4800,180.3500,180.45,14936.54,1753853219999,2694956.099200,1587,11183.85,2017866.908400,0
1753853220000,180.4500,180.6100,180.3600,180.54,27331.79,1753853279999,4933680.559800,2204,20778.01,3750819.856700,0
1753853280000,180.5400,180.5800,180.4300,180.58,9081.00,1753853339999,1639221.958700,1042,4825.90,871128.084500,0
1753853340000,180.5800,180.6000,180.5200,180.53,5862.65,1753853399999,1058574.850500,817,3335.96,602371.956200,0
1753853400000,180.5300,180.6500,180.5200,180.64,6942.43,1753853459999,1253753.396200,1008,5058.08,913436.522900,0
1753853460000,180.6500,180.7100,180.3800,180.39,11611.24,1753853519999,2096785.783700,1511,3787.00,683965.764300,0
1753853520000,180.3900,180.4600,180.1500,180.43,8518.86,1753853579999,1535857.838000,1559,4212.71,759536.634600,0
1753853580000,180.4400,180.5000,180.2400,180.26,5153.37,1753853639999,929604.553500,994,3006.11,542256.853200,0
1753853640000,180.2600,180.3800,180.2300,180.33,12124.40,1753853699999,2185729.342000,1216,3523.94,635311.519700,0
1753853700000,180.3400,180.6300,180.3100,180.58,11526.92,1753853759999,2080698.604300,1446,5051.75,911708.676200,0
1753853760000,180.5700,180.5700,180.4500,180.51,2564.74,1753853819999,462998.814500,781,803.39,145032.657500,0
1753853820000,180.5200,180.5500,180.2400,180.36,6677.70,1753853879999,1204399.272300,1172,3255.44,587122.082300,0
1753853880000,180.3600,180.5900,180.3600,180.59,3828.77,1753853939999,690972.338700,970,2592.38,467831.916300,0
1753853940000,180.5900,180.6800,180.5200,180.52,6039.97,1753853999999,1090994.465900,910,2648.51,478358.721000,0
1753854000000,180.5200,180.6300,180.4600,180.61,7134.98,1753854059999,1288224.293000,854,5005.10,903691.614300,0
1753854060000,180.6000,180.7000,180.5200,180.67,5754.28,1753854119999,1039490.058300,939,1482.07,267694.725200,0
1753854120000,180.6800,180.7000,180.6400,180.66,3214.10,1753854179999,580717.944400,674,1104.66,199586.044200,0
1753854180000,180.6600,180.7200,180.5500,180.56,9717.08,1753854239999,1755586.940500,1069,4606.23,832217.144700,0
1753854240000,180.5700,180.6600,180.5300,180.59,4988.12,1753854299999,900867.978200,709,4134.09,746630.181600,0
1753854300000,180.5900,180.6100,180.4800,180.51,7075.02,1753854359999,1277228.881000,815,4306.45,777418.310000,0
1753854360000,180.5200,180.6800,180.3000,180.3,10019.21,1753854419999,1808396.685200,1497,3720.98,671782.136700,0
1753854420000,180.3000,180.5400,180.2900,180.39,10117.06,1753854479999,1825082.300400,1202,5974.09,1077699.821500,0
1753854480000,180.4000,180.8800,180.4000,180.85,10579.26,1753854539999,1911102.894800,1408,7781.82,1406067.029900,0
1753854540000,180.8500,181.0000,180.8500,180.91,10882.23,1753854599999,1969060.790100,2142,5481.82,991865.348400,0
1753854600000,180.9100,181.0900,180.8700,181.04,9610.17,1753854659999,1739485.380400,1395,6289.99,1138442.333900,0
1753854660000,181.0400,181.1700,181.0000,181.01,9152.60,1753854719999,1657341.280700,1291,4469.05,809270.831200,0
1753854720000,181.0000,181.0100,180.8200,180.84,5187.47,1753854779999,938598.310900,1201,1720.74,311293.758100,0
1753854780000,180.8400,180.8800,180.6900,180.76,9749.18,1753854839999,1762405.415200,1226,4850.00,876713.123700,0
1753854840000,180.7600,180.8500,180.7500,180.76,5997.11,1753854899999,1084204.702300,975,4170.75,754012.842000,0
1753854900000,180.7700,180.9400,180.7100,180.89,5051.64,1753854959999,913195.736500,970,2382.99,430799.935800,0
1753854960000,180.9000,180.9500,180.8700,180.92,2144.17,1753855019999,387895.629900,516,1452.30,262718.790300,0
1753855020000,180.9200,181.0200,180.9000,180.91,5656.75,1753855079999,1023769.660500,706,1377.84,249351.168600,0
1753855080000,180.9000,180.9700,180.8400,180.97,5150.08,1753855139999,931684.167000,687,2545.60,460529.799400,0
1753855140000,180.9700,180.9800,180.9200,180.93,2945.98,1753855199999,533063.592900,549,717.72,129863.743500,0
1753855200000,180.9300,181.0200,180.8400,180.95,9572.21,1753855259999,1732039.722700,1762,5524.88,999693.496000,0
1753855260000,180.9400,181.0200,180.9000,181.02,3266.61,1753855319999,591132.438500,776,1020.72,184724.709400,0
1753855320000,181.0200,181.1400,180.9600,181.14,9420.99,1753855379999,1705491.821200,1240,4051.06,733447.133900,0
1753855380000,181.1300,181.2200,181.1200,181.22,7613.50,1753855439999,1379273.155300,1124,6379.22,1155681.456700,0
1753855440000,181.2200,181.3300,181.1900,181.32,17811.09,1753855499999,3228814.324100,2046,11719.14,2124460.822800,0
1753855500000,181.3200,181.3500,181.2100,181.26,9786.79,1753855559999,1774030.226400,1379,5531.69,1002652.613200,0
1753855560000,181.2500,181.4200,181.2000,181.21,10348.47,1753855619999,1876566.105000,1469,5228.82,948325.638800,0
1753855620000,181.2000,181.2400,181.0700,181.14,11890.66,1753855679999,2153692.245300,1421,7303.18,1322652.792500,0
1753855680000,181.1300,181.1900,181.1100,181.17,3241.93,1753855739999,587304.816300,715,1967.47,356410.959000,0
1753855740000,181.1800,181.2300,181.0700,181.07,3066.80,1753855799999,555593.592300,748,964.40,174723.426500,0
1753855800000,181.0700,181.1700,181.0600,181.17,1702.85,1753855859999,308380.830300,588,966.30,174989.149400,0
1753855860000,181.1700,181.3000,181.1700,181.3,3468.67,1753855919999,628551.891500,1094,1308.32,237076.066200,0
1753855920000,181.3000,181.3100,181.1200,181.14,7943.11,1753855979999,1439319.592700,1063,1810.21,328085.640800,0
1753855980000,181.1400,181.2800,181.1200,181.26,3317.12,1753856039999,601065.981400,739,2130.41,386021.161400,0
1753856040000,181.2500,181.2600,181.1000,181.2,7975.00,1753856099999,1445090.831900,935,1817.97,329361.455000,0
1753856100000,181.2100,181.3300,181.0900,181.31,26147.92,1753856159999,4738433.438800,2503,22035.83,3993247.763600,0
1753856160000,181.3200,181.3600,181.1800,181.35,9038.65,1753856219999,1638400.517900,1389,6841.12,1240036.103500,0
1753856220000,181.3600,181.4100,181.3200,181.41,3674.28,1753856279999,666351.535600,916,2208.60,400551.445700,0
1753856280000,181.4000,181.4300,181.3400,181.36,5925.04,1753856339999,1074741.708000,1179,3254.89,590412.139700,0
1753856340000,181.3700,181.4200,181.3200,181.32,2774.90,1753856399999,503318.095700,979,1375.72,249533.340100,0
1753856400000,181.3200,181.3300,181.1100,181.23,11636.86,1753856459999,2108708.614300,1668,2994.34,542516.174300,0
1753856460000,181.2400,181.2500,181.0200,181.05,5084.63,1753856519999,920828.441800,1025,1220.10,220922.698000,0
1753856520000,181.0500,181.0700,180.8700,181.05,10452.37,1753856579999,1891857.521500,1527,3444.51,623442.495900,0
1753856580000,181.0500,181.1000,181.0100,181.1,3284.97,1753856639999,594730.641100,583,2178.94,394486.740900,0
1753856640000,181.1000,181.1000,181.0200,181.07,3877.94,1753856699999,702174.813500,751,1331.28,241043.829200,0
1753856700000,181.0700,181.1000,181.0100,181.09,2776.73,1753856759999,502694.972400,768,1923.74,348269.746000,0
1753856760000,181.0900,181.3500,181.0900,181.35,4289.76,1753856819999,777236.628300,764,3847.70,697163.933100,0
1753856820000,181.3500,181.4100,181.2500,181.26,9702.90,1753856879999,1759185.948800,1278,4112.54,745630.333100,0
1753856880000,181.2600,181.3200,181.2100,181.29,2837.07,1753856939999,514247.575300,805,1122.89,203547.227200,0
1753856940000,181.2900,181.3600,181.2400,181.33,10620.23,1753856999999,1925235.608800,894,2042.47,370319.869800,0
1753857000000,181.3300,181.4100,181.2500,181.39,6556.73,1753857059999,1188915.393200,1679,4062.03,736533.650400,0
1753857060000,181.4000,181.4700,181.2800,181.29,17577.72,1753857119999,3188548.925000,1404,6919.12,1255077.297600,0
1753857120000,181.3000,181.3800,181.2600,181.31,9593.28,1753857179999,1739151.940000,972,6669.88,1209129.401500,0
1753857180000,181.3100,181.3100,181.1100,181.16,3230.94,1753857239999,585394.822800,1181,1224.25,221796.048200,0
1753857240000,181.1700,181.1700,180.9700,181.04,6690.17,1753857299999,1211170.947400,1364,1944.29,351974.185000,0
1753857300000,181.0400,181.1100,180.9600,181.03,3439.56,1753857359999,622656.681300,866,1314.18,237910.587700,0
1753857360000,181.0300,181.0600,180.7000,180.72,18690.61,1753857419999,3378801.760300,1899,12557.83,2270002.990400,0
1753857420000,180.7200,180.9200,180.7200,180.85,4515.22,1753857479999,816522.714000,867,2487.57,449802.248200,0
1753857480000,180.8500,180.9900,180.8400,180.96,2045.98,1753857539999,370175.328900,592,1244.34,225128.729200,0
1753857540000,180.9600,181.1800,180.9000,181.14,4869.76,1753857599999,881683.574500,1225,2777.75,502912.737200,0
1753857600000,181.1400,181.3200,181.1000,181.32,4219.75,1753857659999,764681.207500,1103,2065.05,374234.236600,0
1753857660000,181.3100,181.4900,181.3100,181.49,6149.50,1753857719999,1115287.177500,1152,3603.42,653575.365800,0
1753857720000,181.4900,181.5600,181.4400,181.55,9191.27,1753857779999,1668249.601700,1822,3318.11,602270.157700,0
1753857780000,181.5500,181.5900,181.4900,181.5,7233.71,1753857839999,1313235.546000,888,3107.68,564206.173200,0
1753857840000,181.5000,181.5100,181.4300,181.47,3753.65,1753857899999,681161.214200,643,1223.77,222065.859700,0
1753857900000,181.4600,181.5300,181.2500,181.42,11972.21,1753857959999,2171053.870600,1385,3526.52,639549.181300,0
1753857960000,181.4100,181.5200,181.3800,181.5,4167.36,1753858019999,756100.499700,1032,2089.14,379047.811600,0
1753858020000,181.5100,181.5100,181.3400,181.44,4125.22,1753858079999,748424.083800,739,1037.00,188159.181400,0
1753858080000,181.4400,181.5300,181.4400,181.49,3376.16,1753858139999,612700.200900,846,1880.25,341227.833900,0
1753858140000,181.5000,181.6300,181.5000,181.62,5720.10,1753858199999,1038535.798150,1004,3329.86,604614.244750,0
1753858200000,181.6300,181.7300,181.5800,181.7,9473.64,1753858259999,1720983.038100,1501,5953.93,1081619.054600,0
1753858260000,181.6900,181.7200,181.6000,181.7,6207.51,1753858319999,1127677.469600,915,4198.36,762701.586200,0
1753858320000,181.7000,181.7500,181.6600,181.73,5203.34,1753858379999,945509.988100,798,2573.62,467656.442900,0
1753858380000,181.7300,181.7900,181.6900,181.75,7789.35,1753858439999,1415656.919000,906,4657.30,846495.111300,0
1753858440000,181.7500,181.7500,181.6200,181.63,3373.01,1753858499999,612727.965500,630,705.36,128135.810600,0
1753858500000,181.6300,181.8100,181.6100,181.8,4773.03,1753858559999,867481.991200,1094,4172.27,758283.963900,0
1753858560000,181.8100,181.8500,181.7700,181.8,7554.97,1753858619999,1373512.530100,4007,2847.66,517739.965300,0
1753858620000,181.8000,181.8600,181.7700,181.85,9100.71,1753858679999,1654649.525100,4232,6094.00,1108006.429400,0
1753858680000,181.8500,181.8700,181.7800,181.85,10985.15,1753858739999,1997231.841300,981,6430.94,1169250.109600,0
1753858740000,181.8600,182.0000,181.8100,181.92,38724.80,1753858799999,7045032.119000,2646,24913.94,4532692.010900,0
1753858800000,181.9100,182.0200,181.8700,182.02,8547.45,1753858859999,1555365.338000,1393,6480.22,1179210.985100,0
1753858860000,182.0200,182.2600,182.0100,182.25,17085.26,1753858919999,3112684.905300,2124,12074.56,2199681.172400,0
1753858920000,182.2500,182.2800,182.1600,182.21,14717.01,1753858979999,2681808.322000,1330,4291.36,782037.857600,0
1753858980000,182.2100,182.2300,182.1100,182.15,7929.56,1753859039999,1444631.805600,872,2008.99,366003.751900,0
1753859040000,182.1500,182.2200,182.0900,182.17,7469.98,1753859099999,1360620.125900,1091,2499.88,455339.943800,0
1753859100000,182.1600,182.2700,182.1400,182.27,14478.19,1753859159999,2638164.506200,1519,11271.93,2053946.456500,0
1753859160000,182.2700,182.4000,182.2300,182.4,12617.60,1753859219999,2300381.053200,1828,6890.47,1256182.494200,0
1753859220000,182.4000,182.4800,182.3300,182.39,21270.54,1753859279999,3880240.935900,2029,10770.97,1964932.900200,0
1753859280000,182.3800,182.4400,182.3500,182.4,5359.00,1753859339999,977424.027300,934,3571.03,651322.478000,0
1753859340000,182.4000,182.4000,182.0700,182.09,19382.89,1753859399999,3532022.061400,1749,7826.89,1425987.471100,0
1753859400000,182.0900,182.1400,181.5500,181.82,32382.19,1753859459999,5884754.837200,3532,11671.68,2121218.641900,0
1753859460000,181.8200,181.9400,181.8100,181.92,13659.76,1753859519999,2484402.851800,1674,7720.04,1404086.484200,0
1753859520000,181.9100,181.9600,181.4700,181.56,12432.59,1753859579999,2258519.532400,1941,3195.91,580468.137200,0
1753859580000,181.5600,181.5800,181.4200,181.51,9697.42,1753859639999,1759922.445100,1374,2680.97,486587.969000,0
1753859640000,181.5200,181.5600,181.4200,181.56,8071.81,1753859699999,1464968.144900,1127,5557.73,1008687.208900,0
1753859700000,181.5500,181.6600,181.3400,181.42,10829.58,1753859759999,1965400.092100,2395,3992.63,724479.478300,0
1753859760000,181.4200,181.5400,181.3000,181.44,22206.84,1753859819999,4029000.266000,1883,6021.09,1092448.908200,0
1753859820000,181.4400,181.4600,181.3000,181.37,23650.67,1753859879999,4290233.069500,1473,3608.05,654459.067900,0
1753859880000,181.3700,181.4800,181.2100,181.22,8027.04,1753859939999,1455522.021600,1215,4928.51,893780.097000,0
1753859940000,181.2200,181.3000,181.2000,181.2,7373.75,1753859999999,1336503.054700,1092,3125.74,566533.153700,0
1753860000000,181.2100,181.3400,181.0800,181.13,19912.68,1753860059999,3608207.636000,1780,5431.66,984151.623100,0
1753860060000,181.1300,181.2300,181.1300,181.22,9897.24,1753860119999,1793148.868800,1099,5540.01,1003721.375800,0
1753860120000,181.2200,181.2900,181.1600,181.29,5997.41,1753860179999,1086974.823900,952,3591.17,650840.188300,0
1753860180000,181.2900,181.3300,181.1800,181.29,7163.24,1753860239999,1298249.121600,1085,4387.85,795223.144600,0
1753860240000,181.2900,181.3500,181.2300,181.25,6693.42,1753860299999,1213399.900000,855,5016.48,909400.905800,0
1753860300000,181.2600,181.2900,181.1000,181.23,15897.65,1753860359999,2880421.564500,1281,7308.21,1324166.057000,0
1753860360000,181.2400,181.2700,181.1100,181.19,18184.47,1753860419999,3294744.608000,1009,2634.23,477267.278300,0
1753860420000,181.1900,181.5400,181.1700,181.53,19403.77,1753860479999,3518357.849700,1658,5097.27,924377.689300,0
1753860480000,181.5200,181.7900,181.4300,181.75,8363.80,1753860539999,1519377.750700,1332,4294.62,779983.641100,0
1753860540000,181.7400,181.9100,181.6700,181.91,11405.84,1753860599999,2073555.649900,1413,8185.88,1488272.125800,0
1753860600000,181.9100,182.1400,181.9100,182.14,12518.00,1753860659999,2278766.545800,2364,8153.68,1484248.983200,0
1753860660000,182.1300,182.1900,181.9300,182.0,13124.60,1753860719999,2389772.136100,1534,9091.29,1655448.827900,0
1753860720000,182.0000,182.0100,181.5800,181.69,15906.44,1753860779999,2891167.237800,2102,4676.61,850153.839400,0
1753860780000,181.6800,181.9200,181.6800,181.8,6847.12,1753860839999,1244986.737200,1507,2703.80,491572.756300,0
1753860840000,181.8000,181.9100,181.6900,181.69,6151.44,1753860899999,1118453.274300,1389,3856.64,701235.535800,0
1753860900000,181.6900,181.9300,181.6400,181.77,8447.32,1753860959999,1535821.976700,1648,3990.35,725462.618300,0
1753860960000,181.7700,182.0100,181.7300,181.97,5057.66,1753861019999,919871.944400,1452,3322.37,604276.267900,0
1753861020000,181.9700,182.0100,181.7800,181.81,5122.40,1753861079999,931875.623500,1318,2300.67,418566.006200,0
1753861080000,181.8100,181.8100,181.4900,181.66,11055.93,1753861139999,2008059.750100,1697,4750.21,862488.763100,0
1753861140000,181.6500,181.6600,181.2400,181.3,10907.76,1753861199999,1978234.013600,1682,2959.36,536637.150100,0
1753861200000,181.3000,181.3500,181.0700,181.07,15245.17,1753861259999,2762041.221300,1704,5381.78,975074.684300,0
1753861260000,181.0800,181.2700,181.0800,181.13,14445.68,1753861319999,2617216.472700,1939,9722.06,1761457.069000,0
1753861320000,181.1300,181.1300,180.9500,181.03,17093.83,1753861379999,3094566.677300,1954,4118.35,745543.230800,0
1753861380000,181.0300,181.3100,181.0200,181.31,9896.76,1753861439999,1792625.703800,1300,6366.72,1153255.040800,0
1753861440000,181.3000,181.4200,181.2100,181.21,6177.47,1753861499999,1120245.683100,1254,2200.91,399144.852100,0
1753861500000,181.2100,181.2500,181.0600,181.06,4685.42,1753861559999,848907.837900,1729,1371.14,248447.862400,0
1753861560000,181.0500,181.1000,180.7700,180.84,26928.61,1753861619999,4872467.747500,2513,4644.75,840148.550100,0
1753861620000,180.8400,181.0300,180.8200,180.9,6546.64,1753861679999,1184346.672200,1277,4362.63,789220.081800,0
1753861680000,180.9000,180.9500,180.7900,180.91,9438.02,1753861739999,1706715.097900,1171,6030.33,1090445.591700,0
1753861740000,180.9100,181.0000,180.8200,180.98,5005.37,1753861799999,905486.450600,789,2194.65,397003.117100,0
1753861800000,180.9800,181.0400,180.8500,181.04,4713.00,1753861859999,852860.020200,965,3266.14,591063.548300,0
1753861860000,181.0400,181.1700,180.8800,180.88,6107.82,1753861919999,1105703.220300,1092,1809.16,327598.268900,0
1753861920000,180.8900,180.9100,180.7000,180.71,10933.61,1753861979999,1976931.476100,1747,4892.46,884539.661100,0
1753861980000,180.7000,180.7100,180.5300,180.53,12259.49,1753862039999,2214812.703500,1690,6690.91,1208897.418000,0
1753862040000,180.5200,180.5700,180.4500,180.49,17636.16,1753862099999,3183640.644800,2339,9896.36,1786549.224900,0
1753862100000,180.5000,180.5100,180.3200,180.32,15724.63,1753862159999,2836914.305400,1596,4636.25,836448.559800,0
1753862160000,180.3200,180.3600,180.2700,180.3,18071.48,1753862219999,3258336.029600,5002,10040.26,1810270.297900,0
1753862220000,180.3000,180.4600,180.3000,180.45,13955.53,1753862279999,2517422.029200,4374,9728.03,1754816.872700,0
1753862280000,180.4600,180.6600,180.4400,180.61,6919.67,1753862339999,1249536.393400,950,5303.41,957679.337000,0
1753862340000,180.6000,180.7900,180.5600,180.74,5984.25,1753862399999,1081068.931700,878,4499.90,812867.427800,0
1753862400000,180.7400,180.8100,180.4800,180.48,6554.80,1753862459999,1184071.524400,1814,2914.54,526501.187900,0
1753862460000,180.4900,180.6000,180.4200,180.51,7679.25,1753862519999,1386154.122500,1057,3543.23,639552.444300,0
1753862520000,180.5100,180.6400,180.5100,180.57,7974.72,1753862579999,1439879.933500,1110,4154.67,750115.858400,0
1753862580000,180.5800,180.8600,180.5400,180.86,10078.76,1753862639999,1821806.851700,1595,7177.86,1297370.019300,0
1753862640000,180.8700,180.8800,180.7800,180.78,15489.36,1753862699999,2800579.621400,1072,3035.50,548861.864400,0
1753862700000,180.7900,180.8100,180.6000,180.65,8654.03,1753862759999,1563711.397600,1221,3646.92,659055.589700,0
1753862760000,180.6500,180.7300,180.5600,180.73,4519.71,1753862819999,816363.255500,1005,2649.53,478559.675000,0
1753862820000,180.7300,180.8300,180.6400,180.82,5747.70,1753862879999,1038563.457100,1020,4179.68,755222.411400,0
1753862880000,180.8200,181.2100,180.8100,181.21,21940.00,1753862939999,3972660.362600,2607,15958.10,2889543.427100,0
1753862940000,181.2000,181.2000,180.7100,180.71,10162.33,1753862999999,1838964.848800,1603,4570.51,826986.476500,0
1753863000000,180.7100,180.7900,180.5600,180.66,7382.09,1753863059999,1333766.928300,1659,4851.70,876584.955000,0
1753863060000,180.6500,180.6700,180.3900,180.4,5679.41,1753863119999,1025274.318300,1361,2653.67,479124.944600,0
1753863120000,180.4000,180.4300,179.9400,180.01,36765.49,1753863179999,6620591.608060,4108,15321.59,2759199.413200,0
1753863180000,180.0100,180.0300,179.9000,179.92,19105.99,1753863239999,3438442.032900,2117,9898.12,1781355.925700,0
1753863240000,179.9100,180.0100,179.9000,179.9,13240.81,1753863299999,2382579.150000,1538,5354.40,963493.510500,0
1753863300000,179.9000,179.9700,179.8600,179.9,22121.16,1753863359999,3980077.931400,2351,12903.75,2321683.536600,0
1753863360000,179.8900,180.0800,179.7500,180.02,34226.28,1753863419999,6156297.722500,2779,22885.63,4116351.337500,0
1753863420000,180.0200,180.3900,180.0000,180.15,29239.91,1753863479999,5270351.113600,2905,19970.36,3599359.280200,0
1753863480000,180.1500,180.2200,180.0200,180.06,17376.38,1753863539999,3130285.599300,1712,8231.04,1482618.194000,0
1753863540000,180.0600,180.3500,180.0400,180.26,15295.76,1753863599999,2756913.984800,1785,5789.22,1043107.880100,0
1753863600000,180.2500,180.2500,179.9400,179.96,22543.44,1753863659999,4059334.671100,1910,5043.42,908164.164700,0
1753863660000,179.9600,180.1100,179.9600,180.0,10420.09,1753863719999,1876128.050000,1342,3230.38,581468.283900,0
1753863720000,180.0100,180.1600,179.9500,179.96,24817.08,1753863779999,4468429.809300,1689,10283.79,1851979.220400,0
1753863780000,179.9600,180.3700,179.9400,180.28,20826.34,1753863839999,3750974.084700,1813,10651.53,1918011.761100,0
1753863840000,180.2800,180.2900,180.0900,180.09,11661.81,1753863899999,2101568.017000,999,2323.68,418802.689000,0
1753863900000,180.0800,180.2800,180.0700,180.19,12027.72,1753863959999,2167270.983400,1509,3550.72,639642.392400,0
1753863960000,180.1800,180.2100,180.1100,180.13,5040.88,1753864019999,908127.846500,829,2536.50,456959.546900,0
1753864020000,180.1200,180.2500,180.1000,180.25,7587.19,1753864079999,1366883.209200,779,5979.80,1077285.561700,0
1753864080000,180.2400,180.2900,179.9500,179.96,18569.84,1753864139999,3344517.327400,1780,5291.37,953063.150900,0
1753864140000,179.9500,180.2800,179.9500,180.28,14120.49,1753864199999,2544006.370300,1525,7931.34,1428520.709800,0
1753864200000,180.2800,180.5000,180.1400,180.47,9434.32,1753864259999,1701252.680700,1968,5892.61,1062561.126800,0
1753864260000,180.4800,180.4800,180.0200,180.08,6139.59,1753864319999,1106507.023400,1498,2870.08,517155.654300,0
1753864320000,180.0700,180.2400,179.9700,180.2,18377.28,1753864379999,3309446.321200,1727,3127.73,563215.963300,0
1753864380000,180.1900,180.3200,179.9400,179.96,13384.37,1753864439999,2410226.914500,1784,5337.73,961379.796400,0
1753864440000,179.9500,180.3800,179.9500,180.35,10865.60,1753864499999,1957582.109200,1394,3841.42,691931.811900,0
1753864500000,180.3600,180.6200,180.2400,180.59,13421.66,1753864559999,2422769.894100,2187,5963.82,1076407.067900,0
1753864560000,180.5900,180.9200,180.5500,180.84,19630.61,1753864619999,3548957.089500,2726,11995.36,2168250.227000,0
1753864620000,180.8500,180.9700,180.7300,180.96,14029.10,1753864679999,2537085.819500,1514,9959.07,1801194.108100,0
1753864680000,180.9600,181.1200,180.9300,181.12,16882.46,1753864739999,3055948.459200,1671,12016.83,2175333.915800,0
1753864740000,181.1200,181.1200,180.8800,180.92,10823.97,1753864799999,1958994.980900,1175,3078.64,557147.351400,0
1753864800000,180.9200,181.0100,180.8400,181.01,7764.34,1753864859999,1404850.637600,1143,3833.30,693639.741300,0
1753864860000,181.0100,181.1100,180.8500,181.05,8804.93,1753864919999,1593553.108000,1523,4549.82,823394.866500,0
1753864920000,181.0500,181.2600,181.0100,181.2,9922.33,1753864979999,1797476.966800,1679,7100.71,1286383.220000,0
1753864980000,181.2000,181.2300,181.1200,181.15,7507.91,1753865039999,1360233.542800,1056,3636.67,658859.106800,0
1753865040000,181.1600,181.1600,180.9500,181.07,8422.68,1753865099999,1524668.663200,1074,2389.26,432478.747400,0
1753865100000,181.0800,181.1900,180.9900,181.19,7977.74,1753865159999,1444558.767400,1204,4861.72,880327.409600,0
1753865160000,181.1900,181.2600,181.1700,181.18,6963.23,1753865219999,1261861.525700,868,2820.54,511138.910000,0
1753865220000,181.1800,181.3200,181.1700,181.31,7766.26,1753865279999,1407479.139700,1129,4706.09,852860.320900,0
1753865280000,181.3100,181.3500,181.2900,181.31,5535.08,1753865339999,1003591.473100,764,2041.61,370169.930400,0
1753865340000,181.3100,181.3800,181.3000,181.38,7027.43,1753865399999,1274357.700000,1153,3215.48,583093.907800,0
1753865400000,181.3800,181.4400,181.1300,181.34,11349.27,1753865459999,2057824.018900,1927,7041.87,1276851.815100,0
1753865460000,181.3400,181.3400,181.2300,181.26,6550.25,1753865519999,1187436.901400,1072,3212.16,582257.292500,0
1753865520000,181.2700,181.3800,181.0900,181.09,10650.74,1753865579999,1930527.852400,1584,2799.66,507475.205900,0
1753865580000,181.0900,181.2400,181.0400,181.24,7267.11,1753865639999,1315966.333700,1009,4097.10,741954.659000,0
1753865640000,181.2400,181.2400,180.9800,181.06,6563.79,1753865699999,1188639.895300,1135,781.96,141615.946500,0
1753865700000,181.0600,181.0800,180.8700,180.94,7662.80,1753865759999,1386650.113800,1504,3546.68,641816.339000,0
1753865760000,180.9400,180.9900,180.8900,180.99,5619.53,1753865819999,1016785.047600,675,3796.66,686943.139900,0
1753865820000,180.9900,180.9900,180.8300,180.83,10103.28,1753865879999,1827758.361000,898,1165.27,210844.532900,0
1753865880000,180.8300,180.8400,180.6800,180.69,6473.54,1753865939999,1170293.285600,1123,2108.76,381230.595800,0
1753865940000,180.6800,180.7400,180.4500,180.46,5404.90,1753865999999,976141.483800,1229,1383.26,249903.746300,0
1753866000000,180.4600,180.6100,180.2800,180.29,19383.59,1753866059999,3496920.622200,2590,10146.03,1830522.837000,0
1753866060000,180.2900,180.3500,180.0600,180.06,19740.33,1753866119999,3557414.258600,2183,8510.47,1533750.795400,0
1753866120000,180.0700,180.1700,180.0200,180.07,16075.57,1753866179999,2895068.910600,1385,7841.78,1412174.491400,0
1753866180000,180.0800,180.3200,180.0800,180.3,18372.01,1753866239999,3310458.440700,1999,9869.90,1778425.185800,0
1753866240000,180.3000,180.5600,180.2600,180.33,10683.25,1753866299999,1927209.670400,1517,5661.18,1021244.752200,0
1753866300000,180.3300,180.7600,180.3000,180.74,7969.92,1753866359999,1438966.807100,1554,5471.17,987679.846800,0
1753866360000,180.7400,180.8200,180.6000,180.78,3777.45,1753866419999,682603.735800,1280,1709.35,308891.879000,0
1753866420000,180.7700,180.7900,180.5800,180.71,6911.19,1753866479999,1248633.798900,1181,1155.20,208690.707600,0
1753866480000,180.7000,180.8600,180.6300,180.67,8964.65,1753866539999,1620555.784200,1308,2940.87,531524.614900,0
1753866540000,180.6800,180.8000,180.5500,180.75,5992.40,1753866599999,1082790.868500,1403,3055.46,552113.299000,0
1753866600000,180.7500,180.7800,180.4300,180.47,9847.47,1753866659999,1778543.807800,1674,3120.77,563702.049500,0
1753866660000,180.4700,180.5500,180.1800,180.18,9043.47,1753866719999,1630885.242800,1427,1420.97,256381.417300,0
1753866720000,180.1800,180.3700,180.0600,180.07,17102.48,1753866779999,3082211.493400,1743,12414.09,2237505.685800,0
1753866780000,180.0700,180.3200,180.0600,180.13,6470.73,1753866839999,1165833.010200,1293,4356.18,784839.477800,0
1753866840000,180.1300,180.2300,180.1000,180.12,10574.28,1753866899999,1905100.949700,1306,6380.92,1149568.551900,0
1753866900000,180.1200,180.2300,180.0600,180.14,5840.00,1753866959999,1052003.899000,1611,3860.29,695394.525900,0
1753866960000,180.1400,180.3300,180.1100,180.33,7882.48,1753867019999,1420448.262800,1300,5245.78,945358.715500,0
1753867020000,180.3300,180.3800,180.1100,180.2,23611.46,1753867079999,4255032.809400,1895,4861.32,876151.579000,0
1753867080000,180.1900,180.3200,180.1700,180.21,8943.81,1753867139999,1612275.146600,1257,4870.95,878046.073000,0
1753867140000,180.2100,180.2300,180.1100,180.21,4443.40,1753867199999,800563.751900,847,2319.97,417978.701800,0
1753867200000,180.2200,180.4100,180.0600,180.07,7726.07,1753867259999,1392355.005200,1378,3250.47,585979.113000,0
1753867260000,180.0600,180.2000,180.0500,180.12,7012.47,1753867319999,1262959.667800,1213,4616.11,831369.998700,0
1753867320000,180.1200,180.2900,180.0600,180.13,6979.45,1753867379999,1257499.389400,1283,4518.55,814090.553900,0
1753867380000,180.1300,180.1500,180.0300,180.14,7136.62,1753867439999,1285224.824800,791,2945.25,530421.033200,0
1753867440000,180.1400,180.1800,179.9800,179.98,8112.41,1753867499999,1460591.192600,1136,1493.54,268978.203300,0
1753867500000,179.9800,180.1700,179.9800,180.06,6136.71,1753867559999,1104812.664100,1068,4340.37,781390.432300,0
1753867560000,180.0700,180.1400,179.9500,179.95,10597.01,1753867619999,1908091.981200,1100,3580.09,644626.557900,0
1753867620000,179.9500,180.0500,179.7400,179.82,25621.65,1753867679999,4608173.531200,1863,6197.66,1114708.477300,0
1753867680000,179.8200,179.9000,179.6800,179.7,10967.57,1753867739999,1971796.910200,1256,4809.39,864723.690000,0
1753867740000,179.7000,179.7000,179.5500,179.59,21431.35,1753867799999,3849335.057000,2048,10436.65,1874463.493400,0
1753867800000,179.6000,179.6400,179.0100,179.02,65571.00,1753867859999,11757242.140680,5582,16382.76,2937331.692900,0
1753867860000,179.0200,179.2900,178.8300,179.01,88305.32,1753867919999,15808260.505300,7044,49721.15,8901532.551700,0
1753867920000,179.0000,179.0900,178.9300,178.93,26458.25,1753867979999,4736884.992000,2642,12711.00,2275678.641200,0
1753867980000,178.9400,179.1000,178.9300,179.01,27815.44,1753868039999,4979541.366800,2330,20804.65,3724437.937100,0
1753868040000,179.0200,179.1700,179.0100,179.07,18396.16,1753868099999,3294440.392300,1870,13136.00,2352364.356900,0
1753868100000,179.0600,179.2500,178.9900,178.99,18177.22,1753868159999,3255861.772700,2086,9240.34,1655236.729700,0
1753868160000,179.0000,179.0000,178.7700,178.78,25954.39,1753868219999,4642257.920000,2881,14276.82,2553524.211700,0
1753868220000,178.7900,178.8100,178.5800,178.71,65152.61,1753868279999,11642851.868070,6093,21036.84,3759430.335800,0
1753868280000,178.7100,178.8000,178.6300,178.77,20514.95,1753868339999,3666096.842400,6424,14533.32,2597150.559200,0
1753868340000,178.7700,178.8900,178.6400,178.69,12870.20,1753868399999,2300669.506100,1779,7682.40,1373337.556900,0
1753868400000,178.6900,179.0400,178.6800,178.83,41314.19,1753868459999,7392597.748700,2850,16222.40,2902819.896400,0
1753868460000,178.8400,178.8400,178.6500,178.84,29243.22,1753868519999,5227148.206800,2703,14816.10,2648427.801800,0
1753868520000,178.8500,178.9600,178.7800,178.86,15107.63,1753868579999,2702404.647000,2250,8332.56,1490470.394500,0
1753868580000,178.8700,179.0400,178.8600,178.89,8584.92,1753868639999,1536324.291900,1385,5852.43,1047301.004000,0
1753868640000,178.8900,179.0000,178.8100,178.81,6380.22,1753868699999,1141523.970500,1221,2907.18,520172.254600,0
1753868700000,178.8200,178.9700,178.6700,178.91,18029.47,1753868759999,3223266.015200,2305,9359.42,1673308.351300,0
1753868760000,178.9100,179.1000,178.8900,179.01,12570.09,1753868819999,2249892.515400,1695,8032.17,1437794.155600,0
1753868820000,179.0000,179.2900,179.0000,179.18,12156.38,1753868879999,2178046.341600,1938,8444.43,1512814.994300,0
1753868880000,179.1700,179.2000,178.9200,178.93,9064.57,1753868939999,1622992.251500,1650,3114.83,557793.571200,0
1753868940000,178.9300,179.1900,178.9300,179.1,7540.31,1753868999999,1350210.333900,1442,4657.93,833987.664100,0
1753869000000,179.0900,179.1600,179.0200,179.15,6446.64,1753869059999,1154539.739700,1262,3906.57,699624.686900,0
1753869060000,179.1500,179.2100,179.1000,179.16,7666.87,1753869119999,1373586.843800,1278,4334.11,776484.937300,0
1753869120000,179.1600,179.2100,179.0000,179.03,7950.99,1753869179999,1424358.191400,1210,2970.56,532135.765200,0
1753869180000,179.0200,179.1300,178.9100,178.91,6131.58,1753869239999,1097993.340500,1083,1512.99,270944.183600,0
1753869240000,178.9100,178.9900,178.7900,178.92,11742.87,1753869299999,2100632.989300,1635,3410.15,610052.867300,0
1753869300000,178.9100,179.2100,178.8200,179.18,17914.48,1753869359999,3208229.576400,1719,5181.54,927836.706300,0
1753869360000,179.1700,179.2100,178.8900,179.06,9638.65,1753869419999,1726441.240200,1228,7254.36,1299402.542700,0
1753869420000,179.0500,179.1900,178.9600,179.19,6246.24,1753869479999,1118353.522000,1264,3874.63,693771.470700,0
1753869480000,179.1800,179.3000,179.1800,179.21,9866.09,1753869539999,1768291.639000,1590,4416.34,791579.903800,0
1753869540000,179.2100,179.2200,179.0200,179.03,4526.49,1753869599999,810775.909400,720,1833.90,328532.347800,0
1753869600000,179.0200,179.3500,179.0200,179.31,17938.67,1753869659999,3214580.259600,3588,13815.53,2475786.332700,0
1753869660000,179.3000,179.3000,179.1500,179.23,12627.90,1753869719999,2263393.172600,1404,3544.56,635289.448200,0
1753869720000,179.2300,179.3700,179.2200,179.29,5966.32,1753869779999,1069747.875900,1101,3878.05,695327.344800,0
1753869780000,179.2900,179.4900,179.2900,179.39,8839.28,1753869839999,1585711.666200,1451,5017.62,900169.669700,0
1753869840000,179.4000,179.6200,179.4000,179.61,9100.52,1753869899999,1633947.546500,1527,6216.64,1116160.106900,0
1753869900000,179.6100,179.6600,179.4100,179.47,10083.63,1753869959999,1810642.442300,1416,4679.82,840350.286700,0
1753869960000,179.4600,179.5700,179.4000,179.55,7829.54,1753870019999,1405075.554100,1350,3575.84,641740.232700,0
1753870020000,179.5400,179.6300,179.4600,179.51,7309.60,1753870079999,1312432.818900,1240,3077.00,552453.820000,0
1753870080000,179.5000,179.5400,179.2500,179.53,16180.69,1753870139999,2903472.855100,1800,5087.45,912770.034000,0
1753870140000,179.5200,179.5400,179.4100,179.48,15926.60,1753870199999,2858838.702600,1458,6555.59,1176606.983800,0
1753870200000,179.4900,179.6500,179.4600,179.65,17198.36,1753870259999,3087771.271900,1803,10010.93,1797401.555000,0
1753870260000,179.6500,179.8200,179.6500,179.78,10886.58,1753870319999,1956687.610000,1828,6436.32,1156795.192400,0
1753870320000,179.7700,179.8300,179.6700,179.68,4989.14,1753870379999,896851.496500,1381,1915.93,344422.942700,0
1753870380000,179.6800,179.7300,179.5200,179.52,3498.67,1753870439999,628508.866500,749,1235.12,221917.259500,0
1753870440000,179.5100,179.6000,179.4300,179.6,7734.64,1753870499999,1388414.531000,1148,4330.10,777277.275100,0
1753870500000,179.6000,179.6600,179.4500,179.55,4581.10,1753870559999,822640.235900,1807,2484.66,446189.002800,0
1753870560000,179.5400,179.6300,179.4600,179.54,4384.49,1753870619999,787224.924900,1128,2221.74,398884.032700,0
1753870620000,179.5300,179.5400,179.1500,179.15,6461.92,1753870679999,1159020.068900,1321,1169.39,209783.256400,0
1753870680000,179.1500,179.4200,179.1300,179.32,7491.70,1753870739999,1342835.675200,1476,4078.95,731090.498800,0
1753870740000,179.3200,179.5500,179.2700,179.54,6328.62,1753870799999,1135141.777800,1206,3772.64,676682.785200,0
1753870800000,179.5500,179.5900,179.4300,179.59,3517.31,1753870859999,631416.858200,1065,1826.18,327845.323300,0
1753870860000,179.5900,179.7200,179.5500,179.72,8597.73,1753870919999,1544590.624500,1275,5348.18,960817.995500,0
1753870920000,179.7200,179.8100,179.5900,179.67,13756.60,1753870979999,2471904.414100,1634,8597.38,1544731.056300,0
1753870980000,179.6700,179.7800,179.6700,179.77,7296.09,1753871039999,1311398.218000,953,5635.34,1012900.256400,0
1753871040000,179.7700,179.8200,179.6800,179.81,5134.51,1753871099999,922972.027700,855,2017.35,362594.855500,0
1753871100000,179.8100,179.8900,179.7400,179.86,6853.28,1753871159999,1232301.966500,1321,3478.04,625411.430800,0
1753871160000,179.8600,179.8600,179.6200,179.67,5989.63,1753871219999,1076612.785000,983,2606.73,468481.723900,0
1753871220000,179.6700,179.7000,179.5700,179.59,8854.42,1753871279999,1590512.006400,928,4937.42,886854.918400,0
1753871280000,179.5800,179.7200,179.5700,179.7,5106.13,1753871339999,917232.231100,1020,1389.15,249538.112500,0
1753871340000,179.7000,179.7700,179.6100,179.61,6587.88,1753871399999,1183961.767000,848,1526.45,274281.464400,0
1753871400000,179.6000,179.6100,179.2500,179.25,13487.49,1753871459999,2420884.498400,2034,4265.26,765345.532700,0
1753871460000,179.2500,179.6600,179.2500,179.62,9531.18,1753871519999,1711547.333200,1281,2777.34,498449.160400,0
1753871520000,179.6300,179.7500,179.5200,179.74,8247.25,1753871579999,1481378.117400,1322,5267.21,946027.864200,0
1753871580000,179.7400,179.9100,179.7400,179.89,12153.24,1753871639999,2185496.557200,1561,8874.77,1595926.763500,0
1753871640000,179.9000,179.9000,179.6600,179.73,6466.85,1753871699999,1162541.412100,1195,3274.60,588653.621400,0
1753871700000,179.7300,179.9300,179.7300,179.92,5154.88,1753871759999,927216.931200,1143,3814.20,686057.508900,0
1753871760000,179.9300,179.9400,179.8700,179.93,4610.23,1753871819999,829422.775600,963,2091.78,376331.230700,0
1753871820000,179.9300,180.0300,179.7800,179.88,13907.37,1753871879999,2502236.616400,1917,6017.13,1082603.699700,0
1753871880000,179.8800,179.9100,179.8000,179.87,3917.48,1753871939999,704641.601700,755,1745.16,313885.317200,0
1753871940000,179.8700,179.9500,179.8600,179.94,4081.13,1753871999999,734223.399600,768,2351.31,423013.804300,0
1753872000000,179.9500,179.9500,179.8500,179.87,5629.53,1753872059999,1012789.700700,668,2962.55,532973.209200,0
1753872060000,179.8700,179.9000,179.6800,179.75,16423.11,1753872119999,2952541.581300,1428,3029.40,544588.915400,0
1753872120000,179.7400,179.7700,179.5100,179.52,7448.88,1753872179999,1338167.955100,1208,2378.10,427264.761600,0
1753872180000,179.5300,179.6500,179.5100,179.65,3820.58,1753872239999,686030.128100,1182,2746.89,493227.693900,0
1753872240000,179.6500,179.6800,179.4600,179.5,4061.43,1753872299999,729213.824300,1208,2023.92,363351.800100,0
1753872300000,179.4900,179.6900,179.4200,179.69,3887.40,1753872359999,698037.480200,1575,1899.97,341179.908000,0
1753872360000,179.6800,179.7200,179.5800,179.65,2886.27,1753872419999,518551.047300,779,1700.11,305442.849100,0
1753872420000,179.6400,179.6500,179.4100,179.57,9353.65,1753872479999,1679202.569000,1150,2138.83,383892.896100,0
1753872480000,179.5600,179.5600,179.4100,179.43,8326.61,1753872539999,1494572.312600,1103,3497.62,627800.548900,0
1753872540000,179.4300,179.4900,179.2200,179.29,10016.52,1753872599999,1796343.176100,1645,4552.37,816497.439000,0
1753872600000,179.2900,179.2900,179.0000,179.0,28886.77,1753872659999,5172228.104500,2144,4695.84,841166.694500,0
1753872660000,179.0000,179.0000,178.5600,178.56,42681.52,1753872719999,7633157.088400,4234,13727.30,2455111.191200,0
1753872720000,178.5600,178.6700,178.3600,178.42,63004.73,1753872779999,11246682.685400,4874,30409.47,5428375.444500,0
1753872780000,178.4300,178.4400,178.1000,178.4,53057.42,1753872839999,9458538.693100,4583,24493.41,4366766.708200,0
1753872840000,178.3900,178.4400,178.2800,178.31,13746.99,1753872899999,2451990.393800,1538,6545.86,1167584.146000,0
1753872900000,178.3100,178.3700,178.2400,178.32,14418.29,1753872959999,2570969.375500,1508,8574.14,1528865.697100,0
1753872960000,178.3100,178.3700,178.1600,178.23,45966.67,1753873019999,8193847.745800,2427,12650.60,2255293.785700,0
1753873020000,178.2300,178.3000,178.0000,178.27,72534.98,1753873079999,12916994.404300,4729,17290.21,3079050.025200,0
1753873080000,178.2700,178.4600,177.6300,177.85,122945.39,1753873139999,21887522.501200,7837,24844.71,4423851.318900,0
1753873140000,177.8600,177.9200,177.6100,177.92,54457.61,1753873199999,9680549.194200,4632,22569.53,4012243.729400,0
1753873200000,177.9200,178.0300,177.7900,177.8,50959.11,1753873259999,9066918.895700,4016,28382.32,5050403.827400,0
1753873260000,177.8100,178.0800,177.8000,178.01,16060.59,1753873319999,2858691.900500,1826,9295.57,1654560.239300,0
1753873320000,178.0100,178.2200,178.0000,178.18,46818.57,1753873379999,8338896.858700,3403,29226.02,5205623.439400,0
1753873380000,178.1900,178.4700,178.1900,178.28,40760.02,1753873439999,7269542.682600,3234,26039.99,4644285.204000,0
1753873440000,178.2800,178.3000,178.2200,178.27,8341.92,1753873499999,1487129.178600,1221,3939.57,702340.227700,0
1753873500000,178.2700,178.3500,178.2200,178.33,8756.19,1753873559999,1561174.201100,1132,5524.73,985065.007800,0
1753873560000,178.3300,178.3300,177.9800,178.08,11989.18,1753873619999,2134986.533000,1977,5487.87,977151.355100,0
1753873620000,178.0800,178.2400,178.0100,178.22,11021.81,1753873679999,1963112.653000,1408,6439.21,1146967.707400,0
1753873680000,178.2300,178.4200,178.1700,178.42,11982.69,1753873739999,2136773.307000,1437,9167.43,1634731.831500,0
1753873740000,178.4300,178.4500,178.2500,178.3,15182.80,1753873799999,2708177.689400,1280,4743.44,845881.392000,0
1753873800000,178.2900,178.4800,178.2900,178.48,17985.10,1753873859999,3208159.743300,2052,3389.45,604659.434200,0
1753873860000,178.4800,178.6200,178.4200,178.45,12439.57,1753873919999,2220785.717500,1747,8998.16,1606393.296100,0
1753873920000,178.4500,178.4600,178.3500,178.39,5036.13,1753873979999,898518.589900,978,1809.97,322928.942900,0
1753873980000,178.3900,178.4200,178.1100,178.11,6059.61,1753874039999,1080208.557800,1067,1300.80,231925.053700,0
1753874040000,178.1200,178.2000,178.1200,178.19,4905.59,1753874099999,873952.107600,980,3356.06,597897.850900,0
1753874100000,178.1900,178.2700,178.0400,178.08,11934.29,1753874159999,2126268.925800,2200,6892.03,1228008.302300,0
1753874160000,178.0700,178.1800,177.8700,177.87,11962.17,1753874219999,2129546.430600,1854,3973.46,707464.034300,0
1753874220000,177.8800,177.9600,176.8200,177.42,160556.55,1753874279999,28471618.298940,13754,45334.67,8039433.066600,0
1753874280000,177.4300,177.7300,177.1500,177.18,41539.62,1753874339999,7372760.792400,4759,15339.73,2722551.106500,0
1753874340000,177.1800,177.2000,176.7200,176.97,108350.58,1753874399999,19167212.389600,12486,44551.99,7883763.983100,0
1753874400000,176.9700,177.1600,176.9000,177.09,30723.50,1753874459999,5438320.782300,7032,17375.10,3075491.994300,0
1753874460000,177.1000,177.3400,177.0700,177.33,28257.95,1753874519999,5007788.421600,3257,12157.82,2154631.005800,0
1753874520000,177.3300,177.3900,177.0000,177.33,38932.25,1753874579999,6899476.286400,4029,17683.86,3134460.371600,0
1753874580000,177.3300,177.3900,177.0800,177.27,19876.68,1753874639999,3523451.569900,2411,9722.29,1723659.986600,0
1753874640000,177.2700,177.2700,176.9000,176.98,34628.61,1753874699999,6129805.692400,3872,13943.57,2468124.493800,0
1753874700000,176.9800,177.1000,176.6700,176.87,58450.75,1753874759999,10337680.879800,5287,26718.19,4726046.085900,0
1753874760000,176.8700,176.9100,176.5500,176.58,99008.09,1753874819999,17496975.597200,6664,43212.87,7637797.082100,0
1753874820000,176.5900,176.7900,176.5200,176.76,45631.71,1753874879999,8060582.488000,3862,14918.10,2635411.885300,0
1753874880000,176.7600,177.2400,176.7600,177.09,28241.85,1753874939999,4999987.927300,3570,18305.84,3240732.000700,0
1753874940000,177.0900,177.1500,176.9000,176.93,16856.31,1753874999999,2983187.341500,2232,4474.09,791929.739200,0
1753875000000,176.9400,177.1000,176.8900,177.05,32335.16,1753875059999,5723053.272600,3834,15968.08,2826033.701800,0
1753875060000,177.0400,177.0700,176.9600,177.03,13818.32,1753875119999,2445782.240600,2108,5534.17,979520.825100,0
1753875120000,177.0400,177.2800,177.0300,177.04,10170.39,1753875179999,1801836.891700,2054,6665.34,1180931.682600,0
1753875180000,177.0400,177.4200,177.0400,177.38,15855.46,1753875239999,2811628.419600,1986,11769.29,2087075.903100,0
1753875240000,177.3700,177.3900,177.2200,177.28,14161.81,1753875299999,2510789.107000,2019,8441.90,1496665.743500,0
1753875300000,177.2800,177.4500,177.2700,177.43,7880.19,1753875359999,1397821.196600,1635,6005.68,1065372.883900,0
1753875360000,177.4300,177.4600,177.1800,177.19,19298.83,1753875419999,3421585.181400,1916,5376.77,953591.628400,0
1753875420000,177.1900,177.3800,177.1800,177.31,7642.22,1753875479999,1354835.380100,1769,3582.52,635118.446200,0
1753875480000,177.3000,177.3900,177.0700,177.26,12105.11,1753875539999,2145569.925900,1690,6357.05,1126851.063900,0
1753875540000,177.2600,177.4900,177.2500,177.49,11131.90,1753875599999,1974450.774500,1512,7849.71,1392339.325000,0
1753875600000,177.4900,177.6400,177.3100,177.31,11843.65,1753875659999,2102343.349600,2050,7161.28,1271354.172100,0
1753875660000,177.3000,177.3900,177.1700,177.17,6388.58,1753875719999,1132610.633200,1729,3186.41,564935.705300,0
1753875720000,177.1800,177.3300,177.0600,177.31,13492.54,1753875779999,2391338.262800,1794,9275.94,1644341.050700,0
1753875780000,177.3200,177.3700,176.9100,176.95,12350.57,1753875839999,2186456.738200,2088,4240.87,750816.837000,0
1753875840000,176.9400,176.9400,176.7700,176.78,21222.40,1753875899999,3752696.714600,2328,5581.31,986895.556600,0
1753875900000,176.7900,177.0000,176.7500,177.0,23284.47,1753875959999,4117871.135300,3037,6731.27,1190519.324800,0
1753875960000,177.0000,177.2100,176.9600,177.2,9829.33,1753876019999,1740530.101000,1722,4948.11,876255.960800,0
1753876020000,177.2100,177.2600,177.0500,177.08,13120.35,1753876079999,2324851.633600,1449,2163.20,383330.782500,0
1753876080000,177.0800,177.3800,177.0800,177.22,5167.09,1753876139999,915944.496000,1351,2696.06,477884.667900,0
1753876140000,177.2100,177.2500,176.5000,176.55,61293.34,1753876199999,10832505.239900,4301,11065.50,1954995.258000,0
1753876200000,176.5400,176.8800,176.3100,176.71,81243.74,1753876259999,14343647.011760,6155,43422.76,7667808.232700,0
1753876260000,176.7100,176.7100,176.4600,176.53,31074.62,1753876319999,5486773.748400,2982,17016.97,3004464.923500,0
1753876320000,176.5400,177.1000,176.5400,177.06,21778.61,1753876379999,3852833.594100,2858,14475.53,2560649.096800,0
1753876380000,177.0500,177.0500,176.5800,176.84,59779.38,1753876439999,10570490.113800,3895,8550.25,1512153.472000,0
1753876440000,176.8400,176.9000,176.6300,176.73,10158.52,1753876499999,1795451.815400,1473,3006.26,531356.650200,0
1753876500000,176.7200,176.7600,176.4100,176.41,29485.47,1753876559999,5205805.825400,2746,7867.41,1389166.081700,0
1753876560000,176.4300,176.7200,176.4200,176.72,21327.25,1753876619999,3765621.320100,2514,11556.82,2040468.741500,0
1753876620000,176.7200,177.0900,176.7100,177.04,23520.66,1753876679999,4162267.167900,2400,15463.11,2736323.705000,0
1753876680000,177.0400,177.2400,177.0200,177.2,15417.63,1753876739999,2731344.719300,1743,10849.65,1921943.170000,0
1753876740000,177.2100,177.2200,177.0600,177.21,8113.11,1753876799999,1437357.232900,1294,4754.14,842291.787400,0
1753876800000,177.2000,177.3400,177.1300,177.14,16193.39,1753876859999,2869954.295000,2162,10826.54,1918787.645600,0
1753876860000,177.1400,177.1600,176.7800,176.85,17275.41,1753876919999,3056509.640600,1890,8055.87,1425034.797200,0
1753876920000,176.8500,177.1600,176.8500,177.03,10096.87,1753876979999,1787529.113500,1819,6658.80,1178789.806700,0
1753876980000,177.0400,177.0800,176.9300,177.03,14927.80,1753877039999,2642310.406300,1422,4562.05,807508.369300,0
1753877040000,177.0300,177.3000,177.0100,177.16,18698.90,1753877099999,3313489.956900,2208,12980.60,2300219.240300,0
1753877100000,177.1600,177.2700,176.9100,176.91,17969.23,1753877159999,3182869.833600,1919,8935.35,1583163.363400,0
1753877160000,176.9100,177.0300,176.8000,176.8,20000.93,1753877219999,3538289.048600,2279,4517.71,799281.608400,0
1753877220000,176.7900,176.9500,176.7000,176.82,16877.80,1753877279999,2984325.565500,2076,7627.21,1348562.147300,0
1753877280000,176.8100,176.9900,176.6900,176.95,14676.94,1753877339999,2595074.214900,1596,8390.90,1483750.508100,0
1753877340000,176.9500,176.9500,176.6800,176.71,11642.53,1753877399999,2057891.881600,1870,3641.96,643801.105800,0
1753877400000,176.7100,176.8300,176.6300,176.63,17728.06,1753877459999,3133006.951600,1941,10609.88,1875282.594100,0
1753877460000,176.6400,176.6800,176.5600,176.64,10279.33,1753877519999,1815343.748000,1899,5564.27,982673.400000,0
1753877520000,176.6400,176.9300,176.6400,176.9,18301.12,1753877579999,3235911.629900,1825,9595.09,1696099.722300,0
1753877580000,176.9100,177.3100,176.8800,177.25,19097.84,1753877639999,3381505.968300,2294,12083.14,2139698.045000,0
1753877640000,177.2400,177.2500,177.0800,177.09,15141.11,1753877699999,2682863.431800,1227,6056.75,1073134.512700,0
1753877700000,177.0800,177.1300,176.6000,176.69,25139.92,1753877759999,4445259.821600,3617,11962.56,2115281.113300,0
1753877760000,176.6900,177.0300,176.6900,176.94,9725.18,1753877819999,1720719.022500,2665,5242.39,927519.796400,0
1753877820000,176.9300,177.1800,176.8400,176.9,9785.74,1753877879999,1732297.744700,2465,4875.20,863021.396400,0
1753877880000,176.8900,177.2100,176.8000,176.82,21329.97,1753877939999,3776277.188900,3197,9644.90,1707654.046800,0
1753877940000,176.8100,176.9300,176.6800,176.75,9809.95,1753877999999,1734441.674400,2186,6170.36,1090919.868600,0
1753878000000,176.7500,176.8800,176.6700,176.82,9945.36,1753878059999,1758127.248200,1816,5292.24,935562.939000,0
1753878060000,176.8200,177.0500,176.8100,177.04,8316.89,1753878119999,1471457.194100,1420,4744.49,839433.029100,0
1753878120000,177.0400,177.8700,177.0400,177.79,100098.78,1753878179999,17776156.107200,6548,70387.57,12495584.980600,0
1753878180000,177.7800,177.8900,177.6300,177.76,33674.41,1753878239999,5985642.203600,2719,18200.28,3234978.324800,0
1753878240000,177.7600,177.8200,177.5600,177.79,17642.18,1753878299999,3135582.870600,1804,10538.06,1873249.065700,0
1753878300000,177.7800,177.9800,177.7700,177.86,36424.51,1753878359999,6480190.182220,2276,26171.17,4655763.817820,0
1753878360000,177.8600,177.9800,177.8500,177.96,28512.69,1753878419999,5073270.711600,1581,18489.19,3289792.316600,0
1753878420000,177.9600,177.9600,177.7100,177.72,19001.30,1753878479999,3379206.776400,1665,3777.59,671818.622900,0
1753878480000,177.7100,177.7100,177.5200,177.57,16025.11,1753878539999,2846183.514100,1734,4597.70,816622.837100,0
1753878540000,177.5800,177.7000,177.4500,177.69,23237.39,1753878599999,4126175.594900,2204,6181.42,1097640.296400,0
1753878600000,177.6900,177.9100,177.5900,177.64,43324.24,1753878659999,7702302.082400,3379,29515.90,5248025.027600,0
1753878660000,177.6300,177.6900,177.2900,177.32,33716.56,1753878719999,5983374.346700,3500,10706.67,1899928.586400,0
1753878720000,177.3300,177.3700,176.7500,176.8,48928.24,1753878779999,8661385.115400,4426,15556.60,2754164.469200,0
1753878780000,176.8000,177.2400,176.7500,177.2,26961.94,1753878839999,4772491.680800,2685,11258.87,1993422.073300,0
1753878840000,177.2000,177.4700,177.1500,177.21,16449.95,1753878899999,2917169.157100,2311,8281.18,1468668.684200,0
1753878900000,177.2100,177.2400,176.8500,176.89,11253.44,1753878959999,1992420.966600,2123,3614.04,639880.211400,0
1753878960000,176.8800,176.9600,176.6100,176.69,19694.61,1753879019999,3481690.106700,2600,8756.59,1548185.284100,0
1753879020000,176.7000,177.0200,176.6300,176.97,13847.33,1753879079999,2448897.653400,1912,9725.73,1719970.693600,0
1753879080000,176.9800,177.1900,176.8900,177.09,9747.17,1753879139999,1725934.427200,1590,5535.07,980125.634900,0
1753879140000,177.0900,177.3600,177.0800,177.33,7473.72,1753879199999,1324341.052100,1450,4044.11,716626.008600,0
1753879200000,177.3400,177.4900,177.2400,177.39,17589.34,1753879259999,3119571.298500,1960,11536.00,2045831.371200,0
1753879260000,177.3900,177.6700,177.3700,177.66,16095.17,1753879319999,2857402.884200,1958,7157.53,1270681.016500,0
1753879320000,177.6700,177.9300,176.9300,176.96,63250.37,1753879379999,11231155.062600,5392,21228.10,3768428.217300,0
1753879380000,176.9600,177.3700,176.9600,177.14,12870.99,1753879439999,2280236.983300,1629,8466.17,1499521.808200,0
1753879440000,177.1400,177.1800,176.8800,176.89,12222.81,1753879499999,2163559.795200,1975,7695.17,1362037.858900,0
1753879500000,176.9000,177.1700,176.8100,177.06,20544.61,1753879559999,3634642.504100,2132,14634.47,2588710.473500,0
1753879560000,177.0600,177.1200,176.8800,177.09,10605.18,1753879619999,1877110.239500,1490,5456.49,965688.806000,0
1753879620000,177.1000,177.2900,177.0800,177.22,5542.87,1753879679999,982261.858100,1392,2622.23,464629.172400,0
1753879680000,177.2100,177.2300,177.0100,177.11,7847.40,1753879739999,1389959.621300,1253,3612.38,639866.777000,0
1753879740000,177.1200,177.3800,177.1200,177.3,8833.58,1753879799999,1565778.823600,1371,6328.14,1121611.314300,0
1753879800000,177.3000,177.3600,177.1000,177.14,5743.89,1753879859999,1018190.259100,1273,1344.90,238372.220600,0
1753879860000,177.1400,177.3900,177.0300,177.2,17622.60,1753879919999,3123920.019100,2029,6605.05,1170528.801100,0
1753879920000,177.2100,177.3900,177.1700,177.38,5737.23,1753879979999,1017091.760400,787,3487.65,618317.549700,0
1753879980000,177.3900,177.6300,177.3800,177.58,14444.42,1753880039999,2563714.450200,2260,7883.00,1399220.908500,0
1753880040000,177.5700,177.6000,177.4500,177.5,7413.93,1753880099999,1316155.277400,1101,2499.24,443638.028900,0
1753880100000,177.5000,177.7400,177.4100,177.73,11613.20,1753880159999,2062187.918600,1837,4640.77,824160.478700,0
1753880160000,177.7400,177.8400,177.6400,177.84,12937.90,1753880219999,2299407.879500,2016,5029.93,894072.224200,0
1753880220000,177.8400,177.8600,177.5000,177.67,19488.60,1753880279999,3462240.493300,3471,3344.70,594330.591400,0
1753880280000,177.6700,177.6900,177.5000,177.69,3598.50,1753880339999,639136.926300,842,1879.45,333792.577000,0
1753880340000,177.6800,177.7100,177.4200,177.44,13789.41,1753880399999,2448360.879700,1406,3796.18,674010.556600,0
1753880400000,177.4300,177.7100,177.4000,177.64,16552.94,1753880459999,2940299.020600,2193,11965.65,2125469.958700,0
1753880460000,177.6300,177.8600,177.6000,177.77,7575.53,1753880519999,1346556.468000,1304,3223.44,572987.378800,0
1753880520000,177.7600,177.7900,177.5700,177.58,17718.12,1753880579999,3148521.709400,1311,3094.23,549844.991600,0
1753880580000,177.5700,177.7400,177.5400,177.72,8057.63,1753880639999,1431207.575400,1320,4005.91,711540.634800,0
1753880640000,177.7200,177.8600,177.2800,177.28,15910.14,1753880699999,2825303.050100,2066,2929.68,520662.805200,0
1753880700000,177.2900,177.5500,177.0800,177.52,38680.95,1753880759999,6855568.997000,3531,20653.63,3660630.535700,0
1753880760000,177.5200,178.1800,177.4500,178.15,43895.07,1753880819999,7808621.393300,4523,30048.44,5344951.570300,0
1753880820000,178.1600,178.1700,177.6000,177.75,19264.92,1753880879999,3425489.259400,2486,9202.20,1635895.332300,0
1753880880000,177.7500,177.8300,177.6300,177.63,11864.10,1753880939999,2108630.324000,1682,6870.73,1221135.691500,0
1753880940000,177.6300,177.8400,177.6000,177.72,10435.21,1753880999999,1854473.360100,1383,6576.71,1168754.970500,0
1753881000000,177.7200,177.9000,177.6300,177.77,6828.26,1753881059999,1213760.786600,1218,2448.73,435297.434900,0
1753881060000,177.7700,177.7800,177.5000,177.75,8334.86,1753881119999,1480425.950600,1662,5260.02,934171.977000,0
1753881120000,177.7500,177.9800,177.7300,177.83,12017.37,1753881179999,2137654.115500,1661,4547.82,809033.142700,0
1753881180000,177.8400,178.0100,177.7900,177.9,9029.52,1753881239999,1606440.448300,1206,4555.92,810601.060800,0
1753881240000,177.8900,177.9200,177.2500,177.61,33229.58,1753881299999,5897361.068900,3450,9811.05,1741388.534500,0
1753881300000,177.6200,178.0000,177.4800,177.79,28128.34,1753881359999,4999335.214300,3384,14075.16,2501651.483800,0
1753881360000,177.7900,178.1700,177.6600,178.08,19409.00,1753881419999,3453996.408600,2851,9550.03,1699291.768500,0
1753881420000,178.0800,178.0800,177.5100,177.65,22251.49,1753881479999,3954898.519100,2630,11045.49,1963007.434600,0
1753881480000,177.6600,177.8400,177.5000,177.77,19511.29,1753881539999,3467049.875500,2419,8398.33,1492377.542300,0
1753881540000,177.7600,177.8200,177.5200,177.52,8440.99,1753881599999,1499790.864300,1339,2378.62,422578.657200,0
1753881600000,177.5200,177.6100,177.3000,177.33,12855.75,1753881659999,2281427.640500,2257,4219.22,748804.308200,0
1753881660000,177.3300,177.4400,177.1600,177.31,11373.53,1753881719999,2016615.117700,2392,6168.08,1093713.527900,0
1753881720000,177.3200,177.4400,177.0500,177.15,25447.23,1753881779999,4508986.156700,2628,5455.59,966876.667200,0
1753881780000,177.1500,177.1900,176.7000,176.72,42673.42,1753881839999,7549065.486300,4059,10932.59,1933732.262300,0
1753881840000,176.7200,176.8200,176.6800,176.71,9784.91,1753881899999,1729301.634100,1888,4532.94,801146.524400,0
1753881900000,176.7100,177.1300,176.7000,177.1,21485.16,1753881959999,3800416.283900,2832,14839.33,2625175.831900,0
1753881960000,177.0900,177.1000,176.7300,176.89,9385.10,1753882019999,1660162.858000,1867,3719.59,657848.699200,0
1753882020000,176.8800,176.9000,176.5700,176.71,17687.24,1753882079999,3125910.764400,2282,6003.56,1060889.330700,0
1753882080000,176.7200,176.9000,176.7200,176.77,11872.83,1753882139999,2099205.620700,1823,5915.88,1045937.449100,0
1753882140000,176.7700,176.9900,176.6800,176.81,31350.05,1753882199999,5542216.938500,2207,9537.97,1686147.803300,0
1753882200000,176.8100,177.0300,176.7300,176.9,12443.56,1753882259999,2201030.211300,2223,8554.03,1513067.548300,0
1753882260000,176.8900,177.2200,176.8200,176.9,17887.62,1753882319999,3166232.575100,3275,10237.87,1812067.291700,0
1753882320000,176.9000,176.9500,176.5600,176.71,25385.60,1753882379999,4485734.330700,3417,10665.40,1884760.051200,0
1753882380000,176.7200,177.1800,176.7200,177.15,19462.73,1753882439999,3443231.744000,3025,10423.26,1844039.197300,0
1753882440000,177.1500,177.1800,176.9300,177.16,10912.38,1753882499999,1932256.767300,2169,6022.78,1066397.398400,0
1753882500000,177.1600,177.5700,177.0800,177.3,25365.72,1753882559999,4499168.789700,3560,12106.54,2147193.437100,0
1753882560000,177.2900,177.3800,177.0300,177.38,36416.60,1753882619999,6452466.538800,3303,29633.54,5250777.028000,0
1753882620000,177.3800,177.4800,177.1200,177.34,18771.13,1753882679999,3329268.951700,3315,9132.65,1619626.843700,0
1753882680000,177.3300,177.6700,177.2300,177.66,42557.54,1753882739999,7549671.147300,2892,27374.58,4855438.391100,0
1753882740000,177.6600,177.8000,177.4400,177.45,28388.08,1753882799999,5043792.461100,3329,8661.44,1539224.163200,0
1753882800000,177.4400,177.5100,177.3000,177.42,11929.34,1753882859999,2116269.151600,2069,7434.67,1318793.321800,0
1753882860000,177.4300,177.6200,177.4000,177.46,27554.93,1753882919999,4892541.134800,2357,22706.08,4031659.170500,0
1753882920000,177.4600,177.4600,177.1200,177.17,23229.46,1753882979999,4118624.851500,2333,5516.44,977973.284000,0
1753882980000,177.1600,177.4900,177.1200,177.36,18835.21,1753883039999,3338175.098100,2056,5582.81,989714.226800,0
1753883040000,177.3500,177.4400,177.3100,177.35,7567.44,1753883099999,1342226.329800,1658,1943.77,344760.037900,0
1753883100000,177.3400,177.6600,177.3100,177.65,29508.61,1753883159999,5236952.573400,2707,22831.36,4051536.350900,0
1753883160000,177.6400,177.8400,177.6200,177.83,11571.69,1753883219999,2057059.085900,1947,6554.37,1165170.818600,0
1753883220000,177.8400,177.8400,177.3000,177.32,25070.03,1753883279999,4452952.631300,3029,4335.84,770149.543300,0
1753883280000,177.3200,177.6500,177.3000,177.61,13126.81,1753883339999,2330166.084300,2155,5487.93,973827.535200,0
1753883340000,177.6200,177.6200,177.1500,177.15,10314.62,1753883399999,1829329.071100,2164,3865.75,685476.388700,0
1753883400000,177.1500,177.2600,177.0400,177.05,12247.05,1753883459999,2169245.329900,1752,4775.23,845756.626100,0
1753883460000,177.0500,177.2000,176.9800,177.12,18492.73,1753883519999,3274576.765300,1978,10368.18,1836127.375800,0
1753883520000,177.1200,177.4800,177.0500,177.41,13532.35,1753883579999,2398620.371400,2228,6112.96,1083642.232900,0
1753883580000,177.4100,177.4700,177.2100,177.36,16052.14,1753883639999,2845938.214400,2199,10605.79,1880031.558900,0
1753883640000,177.3700,177.4300,177.1400,177.4,6837.94,1753883699999,1212564.001000,1531,2201.39,390326.369500,0
1753883700000,177.4100,177.6400,177.4100,177.62,30370.45,1753883759999,5392294.112800,2547,17993.41,3194905.102100,0
1753883760000,177.6200,177.7300,177.3200,177.33,8812.63,1753883819999,1564401.488800,2237,4514.73,801489.601200,0
1753883820000,177.3300,178.0300,177.3200,177.91,60612.42,1753883879999,10778909.255300,4983,44615.12,7932650.271800,0
1753883880000,177.9100,178.0900,177.8000,178.03,18089.25,1753883939999,3218643.360200,2127,6323.61,1125253.377400,0
1753883940000,178.0400,178.0900,177.8600,177.9,20264.95,1753883999999,3606370.881900,1601,6260.28,1114251.808200,0
1753884000000,177.9000,177.9500,177.6300,177.66,10691.32,1753884059999,1900830.572500,2445,3801.25,675883.165400,0
1753884060000,177.6500,177.9400,177.6500,177.86,7061.08,1753884119999,1255647.769200,1623,3594.77,639184.359800,0
1753884120000,177.8700,177.9000,177.7400,177.9,10154.67,1753884179999,1805616.407800,1511,6755.21,1201149.382800,0
1753884180000,177.8900,177.9500,177.6200,177.62,12250.42,1753884239999,2177734.768200,1578,3387.94,602496.992500,0
1753884240000,177.6300,177.8700,177.6300,177.87,13208.55,1753884299999,2347597.527000,1918,8020.12,1425433.827700,0
1753884300000,177.8800,178.1100,177.8500,178.08,14773.00,1753884359999,2629265.800500,2283,8337.78,1483981.349600,0
1753884360000,178.0700,178.1000,177.7800,177.98,9777.15,1753884419999,1739999.496400,1987,3378.52,601263.859500,0
1753884420000,177.9800,178.0200,177.8600,178.0,4332.21,1753884479999,770764.898500,1353,2409.50,428674.845800,0
1753884480000,178.0000,178.1000,177.9600,178.03,14248.95,1753884539999,2536625.025500,1489,8911.82,1586489.275900,0
1753884540000,178.0300,178.4400,178.0300,178.23,42200.89,1753884599999,7524127.359000,4225,27452.08,4894388.474100,0
1753884600000,178.2300,178.2300,177.9800,178.11,13682.83,1753884659999,2436443.487200,2109,4330.64,771172.361300,0
1753884660000,178.1100,178.1700,177.8100,177.81,15713.14,1753884719999,2796207.590300,2022,6390.94,1137286.453800,0
1753884720000,177.8100,178.0100,177.6200,178.01,13199.56,1753884779999,2345949.898100,2470,3970.46,705870.450400,0
1753884780000,178.0000,178.1100,177.8900,178.1,7503.38,1753884839999,1335590.732800,1636,4286.92,763082.119200,0
1753884840000,178.1000,178.3200,178.0500,178.3,16085.00,1753884899999,2866054.089700,1983,11055.05,1969730.846600,0
1753884900000,178.3000,178.5200,178.3000,178.38,40642.16,1753884959999,7251505.149900,3984,16040.19,2861991.269200,0
1753884960000,178.3700,178.5000,178.2500,178.37,15833.04,1753885019999,2823887.642800,2372,6497.23,1158820.504300,0
1753885020000,178.3700,178.4500,178.0500,178.15,12777.96,1753885079999,2277690.318700,2165,6095.53,1086553.428400,0
1753885080000,178.1500,178.5000,178.1500,178.5,13524.69,1753885139999,2412280.291800,1862,7961.82,1419975.363900,0
1753885140000,178.5000,178.5300,178.3600,178.52,18784.30,1753885199999,3352571.373800,2189,9475.18,1691154.589000,0
1753885200000,178.5300,178.8600,178.5000,178.81,34559.30,1753885259999,6175775.717970,3559,27227.03,4865487.104770,0
1753885260000,178.8100,179.1400,178.7400,179.1,70683.22,1753885319999,12648260.588000,9970,43424.26,7770944.306400,0
1753885320000,179.1000,179.1000,178.8900,179.0,26182.06,1753885379999,4686386.488600,5568,8856.30,1585218.711300,0
1753885380000,179.0000,179.0900,178.8900,179.02,30752.06,1753885439999,5504854.058000,2494,14253.49,2551473.830600,0
1753885440000,179.0100,179.0500,178.5600,178.63,24145.05,1753885499999,4315923.912300,2560,6062.98,1083746.128400,0
1753885500000,178.6400,178.7700,178.3500,178.62,46939.39,1753885559999,8377671.900500,2956,32958.99,5882090.486500,0
1753885560000,178.6200,178.6400,178.4900,178.6,18415.58,1753885619999,3288595.541700,1805,4633.48,827433.920700,0
1753885620000,178.6000,178.6100,178.3200,178.41,10647.24,1753885679999,1900212.923100,1891,5400.22,963746.507700,0
1753885680000,178.4100,178.5200,178.3200,178.33,10497.14,1753885739999,1872459.537900,1773,6732.90,1201020.304800,0
1753885740000,178.3200,178.3800,178.1900,178.3,13651.78,1753885799999,2433727.139800,1802,7093.92,1264604.654300,0
1753885800000,178.3000,178.6400,178.2900,178.62,10900.58,1753885859999,1944780.595200,2873,5287.78,943485.562700,0
1753885860000,178.6200,178.6500,178.3700,178.58,9561.12,1753885919999,1706816.785700,1945,5087.51,908217.505400,0
1753885920000,178.5900,178.7000,178.3500,178.53,14031.94,1753885979999,2504938.478300,2104,7987.71,1426067.196100,0
1753885980000,178.5400,178.6000,178.4300,178.52,6131.94,1753886039999,1094668.275700,1458,3701.04,660688.162800,0
1753886040000,178.5100,178.6400,178.3300,178.37,7486.87,1753886099999,1336396.836300,1786,3292.72,587678.442900,0
1753886100000,178.3700,178.3800,178.1800,178.18,11320.02,1753886159999,2017941.364500,1565,4733.39,843825.315400,0
1753886160000,178.1800,178.4000,178.1100,178.37,13021.02,1753886219999,2320561.195500,1978,5881.87,1048271.562000,0
1753886220000,178.3800,178.6300,178.3800,178.57,8982.38,1753886279999,1603609.023100,1611,4714.90,841686.572100,0
1753886280000,178.5700,178.7600,178.5700,178.61,8408.59,1753886339999,1502279.095000,1793,4121.04,736297.054700,0
1753886340000,178.6100,178.8400,178.5500,178.84,5791.45,1753886399999,1034892.295700,1622,4139.99,739858.723200,0
1753886400000,178.8400,179.1600,178.7600,179.14,20246.72,1753886459999,3623001.382700,3078,10668.74,1909080.022100,0
1753886460000,179.1500,179.2000,178.9000,179.03,33156.30,1753886519999,5937527.987900,3965,21745.59,3894284.919100,0
1753886520000,179.0300,179.0300,178.8100,178.83,13017.50,1753886579999,2328629.028000,2014,6370.42,1139606.118600,0
1753886580000,178.8200,179.0700,178.8200,178.96,11146.29,1753886639999,1994772.311500,2046,5094.11,911740.232100,0
1753886640000,178.9700,179.0200,178.8800,178.91,9038.69,1753886699999,1617511.545500,1572,5508.72,985824.462500,0
1753886700000,178.9000,178.9100,178.5800,178.88,11074.20,1753886759999,1979316.004700,2615,4388.84,784474.492700,0
1753886760000,178.8700,179.0800,178.8000,179.03,9678.16,1753886819999,1731996.359900,2086,4989.96,892834.440000,0
1753886820000,179.0300,179.1700,178.9300,178.99,21138.49,1753886879999,3785860.193400,2126,10975.10,1965675.953700,0
1753886880000,178.9800,179.0500,178.9200,179.05,12608.56,1753886939999,2256567.925500,1933,7220.18,1292173.656100,0
1753886940000,179.0500,179.0600,178.9600,179.0,12884.16,1753886999999,2306405.156700,1945,7790.96,1394646.929100,0
1753887000000,178.9900,179.3300,178.9900,179.31,23983.87,1753887059999,4297993.765700,2198,19159.23,3433555.148200,0
1753887060000,179.3000,180.0000,179.2200,179.98,108638.16,1753887119999,19523760.914880,7741,79606.58,14307153.895480,0
1753887120000,179.9800,180.5000,179.9200,180.37,112349.38,1753887179999,20249763.677090,8598,68195.46,12293957.871990,0
1753887180000,180.3700,180.3700,180.0600,180.07,54687.88,1753887239999,9853648.005100,7430,20181.89,3636320.718300,0
1753887240000,180.0800,180.4200,180.0600,180.09,32312.03,1753887299999,5824309.379400,6777,20720.88,3735358.932300,0
1753887300000,180.0800,180.2700,179.9700,180.18,30014.59,1753887359999,5405830.697100,3443,12620.17,2272835.473700,0
1753887360000,180.1700,180.1700,179.7900,179.91,24974.98,1753887419999,4495337.474300,3235,9210.19,1657802.590600,0
1753887420000,179.9100,180.0400,179.8900,180.02,19053.28,1753887479999,3429077.510800,2452,8463.08,1523115.517200,0
1753887480000,180.0200,180.1500,179.9300,180.09,24661.07,1753887539999,4440385.818800,2464,14096.04,2538250.633200,0
1753887540000,180.0900,180.1900,179.9300,180.0,22012.06,1753887599999,3962996.729800,2563,8810.05,1586158.096900,0
1753887600000,180.0100,180.3000,179.8400,179.91,43609.16,1753887659999,7852664.750800,4409,21994.68,3960952.074000,0
1753887660000,179.9100,179.9600,179.6400,179.66,29588.91,1753887719999,5320587.789100,3238,8630.14,1552029.750100,0
1753887720000,179.6500,179.8100,179.4300,179.71,42561.79,1753887779999,7646322.309400,4104,24564.84,4413678.007300,0
1753887780000,179.7100,179.7100,179.4500,179.61,14171.67,1753887839999,2544677.902300,2720,5211.79,935857.345500,0
1753887840000,179.6000,179.9800,179.5500,179.78,14267.72,1753887899999,2564832.795300,2662,9596.67,1724943.733600,0
1753887900000,179.7700,179.8300,179.5800,179.72,13041.41,1753887959999,2343714.862300,2198,8111.14,1457651.934100,0
1753887960000,179.7100,179.7500,179.0000,179.21,63380.80,1753888019999,11361806.098500,5704,15287.46,2741615.064400,0
1753888020000,179.2100,179.2800,179.0000,179.09,31155.04,1753888079999,5579953.052100,3662,13731.15,2459211.626100,0
1753888080000,179.0900,179.4200,179.0800,179.3,19902.20,1753888139999,3568378.967900,2519,8616.25,1544696.635100,0
1753888140000,179.2900,179.3200,179.1600,179.23,8493.84,1753888199999,1522418.147400,2001,4491.19,804988.599200,0
1753888200000,179.2200,179.4000,179.1800,179.38,11620.43,1753888259999,2083742.989600,1986,6992.10,1253859.918900,0
1753888260000,179.3900,179.4500,179.2300,179.3,10530.89,1753888319999,1888472.937400,2360,6546.59,1174023.799300,0
1753888320000,179.3000,179.3500,179.1400,179.14,9080.78,1753888379999,1627854.849100,1918,3523.50,631655.668400,0
1753888380000,179.1400,179.3000,179.1100,179.18,8125.19,1753888439999,1456120.368000,1813,3303.39,591990.740200,0
1753888440000,179.1800,179.2900,179.0700,179.07,7846.82,1753888499999,1406092.885800,1420,2917.44,522804.515400,0
1753888500000,179.0700,179.1400,179.0000,179.07,14653.03,1753888559999,2623865.555900,3080,7467.31,1337222.158500,0
1753888560000,179.0700,179.2800,179.0200,179.13,12955.61,1753888619999,2321369.249800,2095,6099.39,1092949.016900,0
1753888620000,179.1400,179.3200,179.0400,179.27,13877.01,1753888679999,2487239.574600,1862,10440.97,1871483.752600,0
1753888680000,179.2700,179.3300,179.1100,179.15,12793.13,1753888739999,2292803.263800,1941,4980.96,892751.382400,0
1753888740000,179.1400,179.3300,179.0900,179.25,7779.64,1753888799999,1394063.221600,1411,4466.10,800183.833500,0
1753888800000,179.2600,179.5500,179.2600,179.4,10436.50,1753888859999,1872651.686400,1682,6949.18,1246835.981500,0
1753888860000,179.3900,179.3900,179.1000,179.17,16937.19,1753888919999,3035716.550700,2500,5504.15,986544.777200,0
1753888920000,179.1800,179.2800,179.1000,179.17,9543.78,1753888979999,1709967.615700,1574,4840.55,867245.825700,0
1753888980000,179.1800,179.2600,178.9000,178.9,10871.03,1753889039999,1947374.823700,1631,3087.09,553168.379000,0
1753889040000,178.9000,179.1500,178.8300,179.09,17553.14,1753889099999,3140737.145400,5044,7939.96,1420780.463300,0
1753889100000,179.0900,179.1800,179.0700,179.11,9868.04,1753889159999,1767674.661900,4394,4560.18,816865.273100,0
1753889160000,179.1000,179.2600,178.7600,178.76,10007.95,1753889219999,1791408.147300,3173,1949.61,349172.980900,0
1753889220000,178.7700,178.8400,178.4600,178.58,30596.97,1753889279999,5465738.940670,4183,11115.66,1986160.512800,0
1753889280000,178.5800,178.7500,178.5000,178.59,22166.29,1753889339999,3959299.479100,3032,5203.84,929460.811500,0
1753889340000,178.5900,178.6400,178.4500,178.54,13680.38,1753889399999,2442124.587100,2155,3189.12,569305.720900,0
1753889400000,178.5400,178.8200,178.4900,178.52,19343.49,1753889459999,3455355.867900,3373,9127.71,1630560.778300,0
1753889460000,178.5100,178.6000,178.1800,178.19,17542.78,1753889519999,3129776.822100,2884,3959.18,706444.634300,0
1753889520000,178.1900,178.5000,178.1300,178.39,20958.48,1753889579999,3736186.698300,2795,13537.14,2413135.387100,0
1753889580000,178.3900,178.6500,178.3700,178.48,8119.92,1753889639999,1449499.980500,1795,5677.39,1013488.329700,0
1753889640000,178.4800,178.8200,178.4600,178.82,9902.22,1753889699999,1769013.712200,2281,7276.37,1299908.657600,0
1753889700000,178.8200,178.9700,178.7900,178.93,9292.62,1753889759999,1662115.541900,1803,4670.70,835374.634700,0
1753889760000,178.9300,179.1700,178.8000,179.06,17416.56,1753889819999,3117134.799400,2507,8707.98,1558491.696000,0
1753889820000,179.0600,179.2000,179.0100,179.15,6735.91,1753889879999,1206561.819000,1470,4191.42,750750.100900,0
1753889880000,179.1400,179.2300,178.9600,178.99,6833.80,1753889939999,1224260.086900,1252,3620.06,648575.063300,0
1753889940000,178.9900,179.0800,178.8900,179.05,6194.95,1753889999999,1108789.533700,1471,2702.60,483758.002000,0
1753890000000,179.0500,179.2000,179.0100,179.09,7043.07,1753890059999,1261548.362700,1383,2259.10,404646.523600,0
1753890060000,179.0900,179.1500,178.9900,179.09,8783.29,1753890119999,1572826.300900,1375,5165.31,924937.409200,0
1753890120000,179.0900,179.0900,178.8200,178.94,4669.30,1753890179999,835498.352400,1332,1380.30,246982.659600,0
1753890180000,178.9500,179.0300,178.8200,178.88,3479.43,1753890239999,622621.009200,1218,1901.02,340179.789200,0
1753890240000,178.8800,179.0100,178.8300,178.95,3724.27,1753890299999,666344.368600,1018,1711.60,306257.428400,0
1753890300000,178.9500,179.0000,178.8400,178.91,7206.26,1753890359999,1289455.842900,1212,1660.01,297018.586800,0
1753890360000,178.9200,179.3200,178.8800,179.25,8204.87,1753890419999,1470106.508400,1715,5075.65,909293.148300,0
1753890420000,179.2500,179.2500,178.9500,179.09,6346.08,1753890479999,1136372.609100,1118,3415.55,611621.198900,0
1753890480000,179.0900,179.1600,178.9500,179.13,3383.19,1753890539999,605806.450700,819,2044.41,366110.072800,0
1753890540000,179.1300,179.1300,178.9500,179.0,6268.71,1753890599999,1122084.539400,931,4630.68,828855.419500,0
1753890600000,179.0100,179.0300,178.6200,178.66,15022.63,1753890659999,2686708.359200,2394,2708.48,484341.508500,0
1753890660000,178.6600,178.8300,178.4300,178.81,16850.01,1753890719999,3009337.879800,2584,4994.48,892183.184500,0
1753890720000,178.8100,179.0200,178.7300,178.87,11223.49,1753890779999,2007867.838700,1713,4077.93,729491.995400,0
1753890780000,178.8600,178.8700,178.7100,178.87,4321.77,1753890839999,772753.952500,1181,1702.63,304458.179200,0
1753890840000,178.8800,178.9800,178.8400,178.92,4432.94,1753890899999,793088.887500,1161,1368.59,244861.519000,0
1753890900000,178.9300,179.1300,178.9300,179.06,10843.45,1753890959999,1941841.733700,1381,5468.50,979348.607300,0
1753890960000,179.0600,179.0600,178.8100,178.81,9196.81,1753891019999,1645797.798700,1064,1417.40,253651.199600,0
1753891020000,178.8000,179.0200,178.7600,178.88,4844.37,1753891079999,866729.993500,1063,2122.17,379718.231300,0
1753891080000,178.8900,179.0700,178.8600,179.05,5396.66,1753891139999,965730.782900,806,2483.01,444408.952600,0
1753891140000,179.0400,179.1300,178.9800,179.12,5057.85,1753891199999,905670.052100,941,1746.60,312747.128600,0
1753891200000,179.1100,179.2200,178.9000,178.91,10917.51,1753891259999,1954895.725800,2093,5922.78,1060559.204400,0
1753891260000,178.9000,178.9300,178.6800,178.69,8521.62,1753891319999,1523826.553900,1524,3476.30,621669.420800,0
1753891320000,178.6800,178.8000,178.5300,178.55,7582.42,1753891379999,1354554.276700,1817,2497.56,446235.176900,0
1753891380000,178.5500,178.7000,178.5300,178.64,6255.69,1753891439999,1117389.676900,1130,2430.13,434055.507900,0
1753891440000,178.6500,178.7000,178.5700,178.6,6122.14,1753891499999,1093707.295200,1075,1905.66,340464.993200,0
1753891500000,178.6000,178.8600,178.4700,178.73,12121.31,1753891559999,2165053.983200,2025,4379.05,782226.377900,0
1753891560000,178.7300,178.7400,178.5400,178.55,5510.96,1753891619999,984270.176100,1154,1685.48,301028.362400,0
1753891620000,178.5400,178.6500,178.5100,178.52,5925.92,1753891679999,1058311.000800,915,2319.02,414168.432600,0
1753891680000,178.5200,178.7300,178.5000,178.67,10243.11,1753891739999,1829302.986100,1452,3207.94,572895.428600,0
1753891740000,178.6700,178.8700,178.6500,178.86,5048.42,1753891799999,902382.604000,1192,2333.50,417088.303100,0
1753891800000,178.8600,178.9400,178.7700,178.78,7055.13,1753891859999,1261922.430600,1117,1861.34,332913.368400,0
1753891860000,178.7800,178.8600,178.5600,178.66,6753.27,1753891919999,1206702.834000,1144,2051.48,366523.413800,0
1753891920000,178.6600,178.9100,178.6600,178.91,6059.74,1753891979999,1083339.718200,1050,2604.73,465642.541300,0
1753891980000,178.9100,179.1800,178.8700,179.18,9650.95,1753892039999,1727664.674000,1385,6982.65,1250068.627500,0
1753892040000,179.1900,179.2900,179.1400,179.21,9942.88,1753892099999,1782038.782200,1349,5656.43,1013752.984300,0
1753892100000,179.2200,179.2600,179.0700,179.26,5283.89,1753892159999,946708.804000,1541,2700.22,483799.658400,0
1753892160000,179.2700,179.4900,179.2500,179.48,14617.24,1753892219999,2622595.697000,2038,11878.11,2131222.187900,0
1753892220000,179.4900,179.7600,179.4000,179.69,23094.31,1753892279999,4147601.177600,2943,15338.56,2754758.896400,0
1753892280000,179.7000,179.9300,179.7000,179.79,21502.10,1753892339999,3866960.612400,2484,14372.05,2584704.097300,0
1753892340000,179.7900,179.7900,179.5900,179.61,10877.65,1753892399999,1954498.522000,1663,5225.07,938799.840300,0
1753892400000,179.6000,179.6600,179.5300,179.63,6083.58,1753892459999,1092573.211300,1225,2667.33,479018.845200,0
1753892460000,179.6400,179.9200,179.6400,179.85,21286.46,1753892519999,3827112.509400,2320,13307.30,2392598.327400,0
1753892520000,179.8600,179.8900,179.7300,179.82,9777.53,1753892579999,1757996.108400,1315,4941.93,888576.903200,0
1753892580000,179.8100,179.9600,179.7000,179.78,8569.69,1753892639999,1541145.989700,1366,3866.26,695288.159800,0
1753892640000,179.7800,179.8300,179.6500,179.65,4688.36,1753892699999,842752.648400,969,2396.55,430848.097400,0
1753892700000,179.6500,179.6500,179.4500,179.65,10032.07,1753892759999,1801172.778300,1642,2696.81,484187.227600,0
1753892760000,179.6500,179.7000,179.2700,179.6,51764.97,1753892819999,9290263.039800,3192,25162.71,4516733.180300,0
1753892820000,179.5900,179.5900,179.2200,179.22,7701.37,1753892879999,1381695.888000,1261,3191.08,572531.185900,0
1753892880000,179.2200,179.2200,178.7200,178.77,48205.18,1753892939999,8622994.653400,3344,22470.62,4019060.351500,0
1753892940000,178.7800,178.9100,178.7300,178.83,11699.10,1753892999999,2091799.436000,1310,6690.04,1196097.483700,0
1753893000000,178.8200,178.9100,178.7400,178.78,8695.30,1753893059999,1554865.240700,1552,3640.64,651055.003700,0
1753893060000,178.7800,178.8900,178.7700,178.84,4516.12,1753893119999,807638.746000,750,2464.41,440722.767400,0
1753893120000,178.8400,178.9300,178.7800,178.87,4965.50,1753893179999,888115.306900,1140,2134.44,381742.996000,0
1753893180000,178.8700,178.9000,178.7400,178.75,4046.61,1753893239999,723676.382000,927,1021.74,182728.368600,0
1753893240000,178.7500,178.9300,178.7200,178.9,4975.80,1753893299999,889718.939900,1026,3122.12,558300.279000,0
1753893300000,178.9100,178.9200,178.8100,178.84,2048.94,1753893359999,366484.797500,712,1044.27,186786.812000,0
1753893360000,178.8400,178.8400,178.4300,178.51,10611.15,1753893419999,1894610.954900,2166,2614.57,466845.753000,0
1753893420000,178.5100,178.5400,178.3700,178.4,14177.68,1753893479999,2529866.709700,1585,5071.89,905052.091300,0
1753893480000,178.4100,178.5600,178.4100,178.44,12671.84,1753893539999,2261562.584700,1310,6847.24,1221952.647700,0
1753893540000,178.4400,178.5600,178.4000,178.56,5089.69,1753893599999,908272.528700,794,2070.02,369398.514700,0
1753893600000,178.5700,178.6300,178.4600,178.46,8362.17,1753893659999,1492990.579600,1056,1412.68,252227.168400,0
1753893660000,178.4700,178.4900,178.2700,178.34,5991.15,1753893719999,1068706.082700,1151,1644.07,293258.129200,0
1753893720000,178.3400,178.5900,178.3000,178.49,11979.60,1753893779999,2138255.191000,1810,9481.77,1692305.547300,0
1753893780000,178.4900,178.6200,178.4400,178.46,5766.04,1753893839999,1029545.493800,1247,3257.65,581664.890000,0
1753893840000,178.4600,178.6300,178.4600,178.63,6246.40,1753893899999,1115198.542900,829,5002.69,893123.907500,0
1753893900000,178.6400,178.6600,178.5000,178.57,3817.83,1753893959999,681767.342700,1478,1603.28,286292.978400,0
1753893960000,178.5700,178.5800,178.4300,178.5,3096.02,1753894019999,552664.522000,1043,1373.98,245244.553800,0
1753894020000,178.5100,178.5700,178.2600,178.26,6102.28,1753894079999,1088659.736200,1292,1381.98,246587.439100,0
1753894080000,178.2600,178.3700,178.2500,178.37,3851.55,1753894139999,686780.944800,1137,1983.64,353702.101100,0
1753894140000,178.3700,178.5500,178.3600,178.54,6097.77,1753894199999,1088236.392200,1121,3708.39,661750.231800,0
1753894200000,178.5500,178.5800,178.4100,178.41,3474.25,1753894259999,620164.638600,1086,1990.48,355310.823700,0
1753894260000,178.4200,178.5900,178.4100,178.41,4280.82,1753894319999,764106.655600,1146,1327.64,236968.708700,0
1753894320000,178.4100,178.5500,178.3700,178.55,3044.25,1753894379999,543284.953200,879,2095.87,374041.588200,0
1753894380000,178.5400,178.6000,178.4500,178.46,4779.10,1753894439999,853252.483600,829,3267.19,583327.890000,0
1753894440000,178.4500,178.5600,178.3600,178.41,3354.52,1753894499999,598494.439200,1017,1120.50,199941.533500,0
1753894500000,178.4100,178.4100,178.3000,178.34,3920.89,1753894559999,699296.603600,907,2368.79,422492.858800,0
1753894560000,178.3300,178.4200,178.2800,178.37,3734.42,1753894619999,665981.318800,1105,1601.22,285562.435700,0
1753894620000,178.3700,178.4800,178.3400,178.4,3114.99,1753894679999,555841.088200,745,2272.84,405584.721800,0
1753894680000,178.4000,178.4700,178.3000,178.47,2711.63,1753894739999,483674.655300,761,1889.55,337049.548600,0
1753894740000,178.4700,178.5800,178.4500,178.57,4308.98,1753894799999,769166.863600,845,2804.18,500570.955800,0
1753894800000,178.5800,178.6300,178.5100,178.61,6176.55,1753894859999,1102810.883500,1809,2857.02,510149.396500,0
1753894860000,178.6100,178.9300,178.6100,178.9,27824.79,1753894919999,4976142.794200,2663,21948.95,3925221.725000,0
1753894920000,178.9000,178.9200,178.7900,178.82,6086.17,1753894979999,1088642.763800,1047,2417.39,432405.198100,0
1753894980000,178.8100,178.8100,178.6700,178.71,4470.87,1753895039999,799086.225000,1047,2390.90,427331.790700,0
1753895040000,178.7100,178.7100,178.5700,178.66,3913.15,1753895099999,699108.221300,834,835.51,149269.072100,0
1753895100000,178.6600,178.9500,178.6500,178.93,6267.95,1753895159999,1121069.476200,1143,4994.66,893346.640000,0
1753895160000,178.9400,178.9400,178.6500,178.67,5740.35,1753895219999,1026229.984900,1322,3155.48,564136.963600,0
1753895220000,178.6600,178.6700,178.5200,178.52,3514.16,1753895279999,627678.713800,971,1462.87,261296.070500,0
1753895280000,178.5200,178.6000,178.4400,178.51,6619.52,1753895339999,1181560.363100,1389,2864.03,511220.799500,0
1753895340000,178.5200,178.5500,178.4900,178.51,2198.50,1753895399999,392473.271100,623,1348.94,240812.690000,0
1753895400000,178.5100,178.6600,178.4900,178.58,5611.57,1753895459999,1002216.721700,1051,1105.01,197314.547900,0
1753895460000,178.5800,178.6200,178.5300,178.55,2058.78,1753895519999,367621.856900,715,1215.42,217029.191400,0
1753895520000,178.5500,178.6200,178.5400,178.56,2742.19,1753895579999,489699.547400,1027,1318.98,235542.896500,0
1753895580000,178.5600,178.5600,178.4300,178.46,7632.65,1753895639999,1362421.583700,965,2543.33,453949.576200,0
1753895640000,178.4600,178.5300,178.3700,178.38,5476.94,1753895699999,977527.339100,941,1519.15,271131.020400,0
1753895700000,178.3800,178.6200,178.3800,178.45,6082.49,1753895759999,1085657.905100,1703,2851.86,509029.659000,0
1753895760000,178.4600,178.4700,178.1700,178.19,13576.62,1753895819999,2420301.768000,1525,1748.03,311658.562300,0
1753895820000,178.1900,178.4700,178.1900,178.47,7545.16,1753895879999,1345358.207300,1162,4376.75,780396.014600,0
1753895880000,178.4700,178.6300,178.4200,178.63,6907.88,1753895939999,1233166.627600,1078,4809.48,858537.924400,0
1753895940000,178.6400,178.8100,178.6300,178.79,16106.66,1753895999999,2878760.590400,1898,11877.40,2122844.575300,0
1753896000000,178.7800,178.9300,178.6800,178.92,4953.64,1753896059999,885597.286000,1111,3573.23,638844.627900,0
1753896060000,178.9200,179.1400,178.7600,179.04,26963.79,1753896119999,4826202.387300,2840,21263.54,3806118.502300,0
1753896120000,179.0400,179.2200,179.0100,179.1,8401.11,1753896179999,1504856.293200,1340,5982.55,1071574.017200,0
1753896180000,179.1000,179.1000,178.8400,178.84,5654.82,1753896239999,1011982.682100,1072,977.60,174899.916700,0
1753896240000,178.8400,178.9100,178.6700,178.68,3196.34,1753896299999,571477.244700,1088,904.00,161647.092200,0
1753896300000,178.6700,178.7800,178.6700,178.74,2738.21,1753896359999,489355.403100,808,2111.72,377396.172000,0
1753896360000,178.7400,178.7500,178.6500,178.7,1870.53,1753896419999,334298.469200,591,370.52,66218.349300,0
1753896420000,178.7000,178.7600,178.5600,178.73,2997.87,1753896479999,535595.198400,874,903.32,161385.185400,0
1753896480000,178.7300,178.8500,178.6900,178.79,5023.95,1753896539999,898023.311500,956,3168.81,566431.729200,0
1753896540000,178.7900,178.7900,178.6200,178.66,3320.58,1753896599999,593385.001100,661,1313.67,234734.009600,0
1753896600000,178.6500,178.7500,178.5600,178.69,4033.65,1753896659999,720634.889600,1553,2186.43,390606.832200,0
1753896660000,178.6900,178.7400,178.5700,178.6,2907.12,1753896719999,519327.884400,761,1145.25,204600.733700,0
1753896720000,178.6000,178.6900,178.5700,178.69,2203.10,1753896779999,393545.595600,887,668.16,119353.426000,0
1753896780000,178.7000,178.8500,178.5800,178.85,3236.13,1753896839999,578308.494800,880,1889.10,337612.715500,0
1753896840000,178.8400,179.0000,178.8400,178.94,7020.11,1753896899999,1256077.352900,1158,3744.05,669842.837100,0
1753896900000,178.9300,178.9600,178.7900,178.79,2118.06,1753896959999,378872.567000,748,1034.50,185036.595100,0
1753896960000,178.8000,178.9400,178.7800,178.92,2671.37,1753897019999,477852.170900,893,1118.17,200009.983000,0
1753897020000,178.9200,179.0300,178.9000,179.0,4361.05,1753897079999,780516.012400,835,2647.08,473766.428200,0
1753897080000,179.0000,179.0100,178.8500,178.92,2853.55,1753897139999,510550.226300,782,1585.59,283677.306400,0
1753897140000,178.9100,179.0200,178.8700,179.02,2811.25,1753897199999,503051.930100,667,1430.55,256009.487300,0
1753897200000,179.0200,179.2300,179.0200,179.15,11282.96,1753897259999,2021580.917800,1447,7991.85,1431937.154900,0
1753897260000,179.1500,179.1500,179.0200,179.07,9032.35,1753897319999,1617575.047100,1182,1136.57,203517.750000,0
1753897320000,179.0700,179.2300,179.0600,179.19,5432.29,1753897379999,973322.616900,1073,2405.17,430924.310000,0
1753897380000,179.1900,179.2600,179.1300,179.26,14487.65,1753897439999,2596031.244800,1727,8853.88,1586544.381300,0
1753897440000,179.2500,179.2700,179.1200,179.13,5709.52,1753897499999,1023105.646800,779,970.66,173932.076800,0
1753897500000,179.1400,179.1600,179.0300,179.04,4946.56,1753897559999,885956.518300,885,2496.49,447111.257200,0
1753897560000,179.0400,179.0400,178.6600,178.66,14872.02,1753897619999,2660356.083400,2122,4040.38,722639.820700,0
1753897620000,178.6700,178.6900,178.4200,178.42,16373.32,1753897679999,2924142.413000,2028,6396.27,1142354.846000,0
1753897680000,178.4300,178.5000,178.3500,178.42,8907.23,1753897739999,1589194.600500,1620,4782.16,853207.457500,0
1753897740000,178.4200,178.6700,178.4200,178.5,7958.72,1753897799999,1421065.716700,1634,5532.48,987879.032700,0
1753897800000,178.4900,178.7000,178.4500,178.7,3081.59,1753897859999,550235.857800,1023,1566.68,279802.824600,0
1753897860000,178.7000,178.8700,178.6300,178.75,6266.06,1753897919999,1120214.486100,1304,3158.33,564667.405100,0
1753897920000,178.7400,178.7400,178.5800,178.74,3904.76,1753897979999,697728.814900,925,1432.44,255939.059100,0
1753897980000,178.7500,179.0000,178.7200,178.92,5835.78,1753898039999,1043820.457000,1351,2752.33,492252.849400,0
1753898040000,178.9200,178.9600,178.8500,178.88,4116.50,1753898099999,736518.040400,846,2139.95,382872.350500,0
1753898100000,178.8800,179.0100,178.8800,178.92,4588.83,1753898159999,821169.171000,877,2981.33,533509.139400,0
1753898160000,178.9300,179.0800,178.8600,179.07,4208.03,1753898219999,752895.683500,734,2981.02,533366.345300,0
1753898220000,179.0800,179.1400,179.0400,179.12,7213.17,1753898279999,1291961.395700,1000,2941.35,526819.391200,0
1753898280000,179.1200,179.1300,178.9200,179.08,13599.03,1753898339999,2434587.196100,1339,3898.28,697934.183100,0
1753898340000,179.0800,179.3000,179.0800,179.27,12348.89,1753898399999,2212532.672100,1624,7804.35,1398272.931200,0
1753898400000,179.2700,180.0900,179.2000,179.7,65138.52,1753898459999,11708859.233800,8689,44640.10,8025353.052900,0
1753898460000,179.7100,179.8300,178.2900,178.33,57056.37,1753898519999,10216324.635100,8502,22588.87,4045590.781200,0
1753898520000,178.3300,178.4800,178.0500,178.14,63434.13,1753898579999,11306980.018000,6454,33765.55,6019277.906600,0
1753898580000,178.1500,178.2800,177.9000,178.26,58429.15,1753898639999,10403535.586560,5938,25450.41,4532444.818000,0
1753898640000,178.2600,178.8200,178.1700,178.81,34462.78,1753898699999,6151167.015000,4471,24987.43,4460753.481500,0
1753898700000,178.8100,179.0200,178.6800,178.71,29430.11,1753898759999,5263332.261000,4412,14300.15,2557493.617400,0
1753898760000,178.7100,178.9600,178.7100,178.86,10315.87,1753898819999,1845128.721700,2919,4962.36,887514.322000,0
1753898820000,178.8600,178.9600,178.7900,178.93,8546.88,1753898879999,1528975.591100,2255,4100.49,733522.134400,0
1753898880000,178.9200,179.3000,178.9200,179.3,22790.56,1753898939999,4081756.935100,3022,16118.38,2886751.614900,0
1753898940000,179.2900,179.8600,179.2100,179.86,34766.40,1753898999999,6240331.273580,4526,19144.03,3436424.598680,0
1753899000000,179.8600,180.0900,179.7600,179.76,59528.14,1753899059999,10712970.389400,6137,28732.88,5171026.380100,0
1753899060000,179.7700,179.7700,179.6000,179.6,12692.63,1753899119999,2280703.782000,2401,3925.95,705473.761500,0
1753899120000,179.6000,179.7100,179.4600,179.71,13260.51,1753899179999,2380921.357700,2423,7040.19,1264024.255600,0
1753899180000,179.7000,179.7900,179.6500,179.75,8471.08,1753899239999,1522556.975500,1974,4278.54,768962.953200,0
1753899240000,179.7500,179.7500,179.2200,179.22,11909.69,1753899299999,2137560.221600,3108,4200.89,753785.388500,0
1753899300000,179.2300,179.2800,178.8900,179.07,18461.67,1753899359999,3305697.378800,3209,7048.85,1261795.504100,0
1753899360000,179.0800,179.2900,179.0300,179.05,18115.68,1753899419999,3245658.107900,2754,7097.68,1271716.701400,0
1753899420000,179.0500,179.2500,178.9100,179.22,8786.45,1753899479999,1573371.750400,2367,4859.62,870226.599700,0
1753899480000,179.2200,179.2200,179.0500,179.06,3985.89,1753899539999,713930.163600,1052,1675.42,300084.384500,0
1753899540000,179.0700,179.5200,179.0600,179.33,13748.71,1753899599999,2465991.721800,2179,8093.03,1451533.375300,0
1753899600000,179.3200,179.4500,179.1500,179.31,6237.53,1753899659999,1118396.094500,1922,2739.62,491198.770300,0
1753899660000,179.3100,179.3400,179.1600,179.16,5193.24,1753899719999,930938.928000,1624,2589.57,464226.231200,0
1753899720000,179.1700,179.2600,178.9500,179.2,16955.13,1753899779999,3035890.896700,1867,9720.11,1740347.813100,0
1753899780000,179.1900,179.7900,179.1100,179.63,23927.03,1753899839999,4296804.620200,2852,8448.46,1516144.948200,0
1753899840000,179.6300,179.6300,179.3900,179.44,4333.28,1753899899999,777863.475900,1369,1831.36,328759.239900,0
1753899900000,179.4400,179.5000,178.7000,178.97,31337.99,1753899959999,5606660.837100,4544,14768.27,2641978.301900,0
1753899960000,178.9700,179.3100,178.9000,179.31,9193.88,1753900019999,1646170.566300,2067,5008.86,896955.973900,0
1753900020000,179.3100,179.6800,179.2200,179.34,22927.91,1753900079999,4114634.447600,3829,10341.36,1856009.661900,0
1753900080000,179.3400,179.3500,179.0100,179.31,21191.63,1753900139999,3797351.883700,2565,11876.45,2128467.212000,0
1753900140000,179.3200,179.6000,179.3200,179.44,16063.34,1753900199999,2883113.829200,2113,12111.55,2173666.137500,0
1753900200000,179.4500,179.5600,179.2000,179.27,11329.31,1753900259999,2032547.559700,2853,5280.22,947247.053900,0
1753900260000,179.2600,179.6800,179.2600,179.62,6659.91,1753900319999,1195328.634600,2164,3638.87,653094.107400,0
1753900320000,179.6200,179.6400,179.2200,179.39,7041.49,1753900379999,1263365.909700,2143,2619.44,469791.377000,0
1753900380000,179.4000,179.4700,178.9400,178.94,12367.54,1753900439999,2215426.006200,2378,3661.86,656165.320300,0
1753900440000,178.9400,179.6800,178.9400,179.3,22177.95,1753900499999,3979379.741600,3674,10573.35,1896644.803500,0
1753900500000,179.3100,179.4800,179.1300,179.41,13588.55,1753900559999,2436944.342900,2407,9052.13,1623576.643400,0
1753900560000,179.4200,179.4500,178.6600,178.73,26556.47,1753900619999,4752776.326300,3788,11222.88,2007679.201300,0
1753900620000,178.7400,179.2300,178.7400,178.89,26087.06,1753900679999,4667701.843700,4282,16418.47,2937661.051600,0
1753900680000,178.8900,179.1000,178.8000,178.87,8174.40,1753900739999,1462602.489100,2266,3944.50,705731.597700,0
1753900740000,178.8700,179.0600,178.7100,178.8,20417.34,1753900799999,3652288.233600,2967,6243.63,1116643.428200,0
1753900800000,178.8000,178.8000,178.1300,178.13,39379.10,1753900859999,7024483.488000,5152,13049.38,2327215.462400,0
1753900860000,178.1400,178.4600,177.9200,178.36,33925.29,1753900919999,6041975.171160,4870,16330.67,2908506.743200,0
1753900920000,178.3500,178.3600,178.0200,178.06,26426.32,1753900979999,4709104.319300,3311,9564.13,1704134.492500,0
1753900980000,178.0600,178.4100,178.0000,178.21,18983.66,1753901039999,3383829.188300,2446,11765.04,2096953.044300,0
1753901040000,178.2100,178.4900,178.1900,178.3,9125.95,1753901099999,1627132.277700,1735,5107.91,910726.300100,0
1753901100000,178.3000,178.4200,178.0900,178.12,13195.71,1753901159999,2351860.760500,2561,4321.31,770287.681900,0
1753901160000,178.1300,178.2500,177.4700,177.63,53947.50,1753901219999,9587869.687100,5510,20582.04,3658542.912000,0
1753901220000,177.6300,177.9200,177.3000,177.41,70923.38,1753901279999,12592237.166800,5441,25396.24,4508327.102300,0
1753901280000,177.4000,177.4300,176.9000,176.95,69987.10,1753901339999,12397726.295140,9239,26704.75,4730438.599200,0
1753901340000,176.9500,177.0100,176.7000,176.82,78712.10,1753901399999,13921757.304100,9276,36306.24,6421243.808800,0
1753901400000,176.8300,177.0500,176.6600,176.68,47218.67,1753901459999,8350833.118400,5273,27067.77,4787255.918300,0
1753901460000,176.6700,177.2200,176.6400,176.93,39032.14,1753901519999,6907160.367600,4993,24951.65,4415774.107800,0
1753901520000,176.9300,177.1200,176.7900,176.81,21888.93,1753901579999,3872823.643800,3419,11254.56,1991456.149200,0
1753901580000,176.8000,176.9200,176.6000,176.86,28422.65,1753901639999,5022852.190900,3385,16765.90,2962787.431900,0
1753901640000,176.8600,177.0600,176.7700,176.77,10041.52,1753901699999,1776620.134500,2219,5835.49,1032400.841700,0
1753901700000,176.7700,176.7800,176.5200,176.57,41284.83,1753901759999,7292558.506300,4908,10053.79,1775949.667000,0
1753901760000,176.5700,176.6100,175.8200,176.14,250518.51,1753901819999,44131603.957460,13846,48345.43,8515853.348200,0
1753901820000,176.1300,176.4400,175.8400,176.13,81438.28,1753901879999,14344118.919500,7277,42042.31,7406953.640300,0
1753901880000,176.1200,176.1200,175.6500,175.83,69776.34,1753901939999,12272972.279500,6033,24007.86,4222732.598700,0
1753901940000,175.8400,175.9900,175.6800,175.79,37627.33,1753901999999,6615598.914800,7317,13147.70,2311704.037500,0
1753902000000,175.7900,175.7900,175.3100,175.4,161328.26,1753902059999,28311564.581100,15154,53467.29,9384460.692200,0
1753902060000,175.3900,175.4400,175.1300,175.3,141323.85,1753902119999,24764194.088500,8857,52990.45,9285455.400700,0
1753902120000,175.3000,175.3000,174.4100,174.97,273283.36,1753902179999,47815552.240510,16129,61375.66,10740473.978200,0
1753902180000,174.9600,175.1100,174.5800,174.62,102126.95,1753902239999,17854615.659200,8442,49314.82,8622900.705200,0
1753902240000,174.6200,174.6200,173.5200,173.59,330277.28,1753902299999,57479341.708880,22031,111778.09,19461970.507400,0
1753902300000,173.5900,173.7900,172.0000,172.24,499569.31,1753902359999,86358289.272370,36021,150558.33,26043113.083800,0
1753902360000,172.2500,172.2800,170.0000,171.61,479010.39,1753902419999,82014189.327720,38861,167400.58,28691109.942260,0
1753902420000,171.6100,172.6400,171.4500,172.23,199583.20,1753902479999,34353465.752300,21459,126691.95,21807766.298000,0
1753902480000,172.2300,172.4600,171.5600,172.18,135174.98,1753902539999,23259657.057000,17517,62868.03,10817907.124000,0
1753902540000,172.1800,172.6700,172.1300,172.2,96504.85,1753902599999,16639661.959100,9921,52439.35,9040586.869500,0
1753902600000,172.2000,172.3000,171.8500,171.9,81894.00,1753902659999,14093325.882900,9298,42305.04,7280446.814200,0
1753902660000,171.8900,172.3600,171.8800,172.02,61372.70,1753902719999,10565194.959400,7906,32966.77,5675152.010900,0
1753902720000,172.0200,172.8000,172.0200,172.56,67881.94,1753902779999,11707897.880500,7048,41680.41,7189272.176900,0
1753902780000,172.5700,173.3000,172.4800,173.26,96806.68,1753902839999,16739724.910520,8592,60259.93,10421970.357720,0
1753902840000,173.2700,173.6900,173.1800,173.57,121027.85,1753902899999,20994738.031800,12868,70215.29,12181119.504400,0
1753902900000,173.5700,174.0500,173.3600,173.94,152479.29,1753902959999,26495960.820400,14824,88432.09,15367971.027000,0
1753902960000,173.9500,174.1500,173.4000,173.5,96442.59,1753903019999,16765716.901900,8678,42089.86,7317068.963600,0
1753903020000,173.5000,173.6200,173.0300,173.62,66320.38,1753903079999,11495910.111700,7089,31252.73,5417103.067900,0
1753903080000,173.6200,173.9100,173.3800,173.39,45765.15,1753903139999,7948281.176100,5406,28068.39,4875480.523700,0
1753903140000,173.3900,173.7900,173.1300,173.75,37903.56,1753903199999,6577539.890600,5339,23437.02,4067350.804700,0
1753903200000,173.7500,173.7500,173.3100,173.5,40444.13,1753903259999,7020859.310500,4597,18604.93,3229772.909100,0
1753903260000,173.5100,173.6200,173.1300,173.13,33862.04,1753903319999,5873926.766300,4899,14155.28,2455634.079500,0
1753903320000,173.1300,173.4600,173.0700,173.31,33777.62,1753903379999,5853332.447100,5064,16598.80,2875853.647700,0
1753903380000,173.3000,173.3300,173.0500,173.14,27626.37,1753903439999,4783889.522700,4943,13591.21,2353448.489900,0
1753903440000,173.1400,173.3600,172.9500,173.16,29472.72,1753903499999,5103964.182700,4666,9916.72,1717115.750200,0
1753903500000,173.1700,173.5300,173.1000,173.45,20706.53,1753903559999,3588937.268900,3490,13035.26,2259198.304200,0
1753903560000,173.4500,173.5100,173.2500,173.48,19576.34,1753903619999,3393980.106200,2853,10292.65,1784426.173500,0
1753903620000,173.4700,173.6400,173.3600,173.54,27865.17,1753903679999,4835285.585900,3368,15396.21,2671703.680200,0
1753903680000,173.5500,173.8900,173.5100,173.65,33720.85,1753903739999,5857708.867600,3625,21868.39,3798574.471700,0
1753903740000,173.6400,174.0400,173.6400,173.99,27153.44,1753903799999,4721415.236500,3222,15334.72,2666412.861000,0
1753903800000,173.9800,174.4200,173.9600,174.4,79791.41,1753903859999,13898126.009680,7009,60222.28,10489368.626780,0
1753903860000,174.4000,174.4100,173.9700,174.01,26309.80,1753903919999,4583148.903800,3384,12255.76,2134920.487900,0
1753903920000,174.0100,174.1400,173.5700,173.6,30215.49,1753903979999,5255430.861400,3974,14091.38,2451339.843000,0
1753903980000,173.6000,173.9900,173.4800,173.82,22618.55,1753904039999,3929280.868500,3583,13058.37,2268728.874300,0
1753904040000,173.8100,174.2900,173.8100,174.24,40027.51,1753904099999,6971087.222800,3914,25570.23,4452566.942500,0
1753904100000,174.2300,174.2400,173.7100,173.89,31509.42,1753904159999,5478271.349400,3113,18651.74,3242237.069700,0
1753904160000,173.9000,173.9800,173.7400,173.9,21733.28,1753904219999,3779326.899900,2844,9750.84,1695586.088000,0
1753904220000,173.9100,173.9600,173.3900,173.53,24461.94,1753904279999,4247912.142500,3328,10814.32,1877584.788700,0
1753904280000,173.5300,173.8600,173.4800,173.75,16339.59,1753904339999,2838160.592500,2727,9497.04,1649522.886300,0
1753904340000,173.7500,173.9800,173.6300,173.98,20164.36,1753904399999,3504295.986100,2469,10984.93,1908955.759100,0
1753904400000,173.9800,174.0000,173.8300,173.87,25586.14,1753904459999,4450036.839600,3304,10834.82,1884267.606400,0
1753904460000,173.8700,174.1300,173.7000,174.12,30702.95,1753904519999,5338965.611000,3600,12761.42,2219911.778100,0
1753904520000,174.1300,174.5400,174.1300,174.33,49892.62,1753904579999,8700418.031690,5434,29476.72,5140302.119190,0
1753904580000,174.3200,174.6400,174.3200,174.54,41465.26,1753904639999,7236342.098200,3949,23880.36,4167573.488700,0
1753904640000,174.5400,174.7800,174.4200,174.67,34097.87,1753904699999,5952799.505520,3489,17391.53,3036434.130020,0
1753904700000,174.6600,174.7800,174.5200,174.75,36415.38,1753904759999,6361186.019700,7158,16544.46,2890135.241000,0
1753904760000,174.7500,174.8600,174.6300,174.8,53197.38,1753904819999,9297626.486900,6758,26259.58,4589430.104600,0
1753904820000,174.8000,175.0900,174.7800,175.07,92687.38,1753904879999,16213762.426400,4842,61418.52,10744613.739600,0
1753904880000,175.0600,175.4700,175.0400,175.35,78615.11,1753904939999,13776871.052500,5259,43061.11,7545911.904100,0
1753904940000,175.3500,175.6100,175.3400,175.51,79828.73,1753904999999,14010401.325600,4534,57567.00,10103225.422400,0
1753905000000,175.5100,175.9800,175.5100,175.72,57392.12,1753905059999,10089274.616000,5125,31367.64,5514066.681300,0
1753905060000,175.7100,175.8500,175.4000,175.78,72695.31,1753905119999,12769952.897200,5337,34025.25,5977196.585400,0
1753905120000,175.7700,175.8500,175.4900,175.75,30255.40,1753905179999,5314668.988800,3352,10486.91,1842009.623600,0
1753905180000,175.7600,176.0800,175.5700,176.02,29722.49,1753905239999,5226415.290600,3442,17489.49,3076295.335500,0
1753905240000,176.0100,176.1400,175.9400,176.03,33731.17,1753905299999,5938465.641900,3179,15416.90,2714448.943900,0
1753905300000,176.0300,176.0300,175.7500,175.93,19833.90,1753905359999,3488688.986800,2973,8962.00,1576270.781200,0
1753905360000,175.9400,176.3800,175.9400,176.25,37405.45,1753905419999,6592853.642930,4282,18738.22,3302302.864560,0
1753905420000,176.2500,176.2800,176.1100,176.11,24249.52,1753905479999,4272946.283100,5784,7135.89,1257450.289000,0
1753905480000,176.1200,176.2300,175.9000,175.9,15979.94,1753905539999,2813813.433600,5488,5850.23,1030262.782800,0
1753905540000,175.9000,176.0900,175.7600,176.03,60289.51,1753905599999,10603796.026000,3937,17405.31,3061649.041000,0
1753905600000,176.0300,176.0500,175.8300,175.95,26145.81,1753905659999,4600313.435000,3540,10408.36,1831265.151400,0
1753905660000,175.9400,176.1600,175.9300,176.16,17515.23,1753905719999,3083563.228000,2250,11101.17,1954356.726100,0
1753905720000,176.1500,177.1000,176.1300,176.92,91402.86,1753905779999,16151960.965100,7998,64946.17,11476748.860000,0
1753905780000,176.9200,177.2100,176.4800,176.51,58374.19,1753905839999,10327304.555100,5831,37858.01,6699476.593800,0
1753905840000,176.5100,176.7900,176.5100,176.75,20557.80,1753905899999,3631432.614700,2845,11369.36,2008245.216200,0
1753905900000,176.7400,177.0000,176.5200,176.79,32487.60,1753905959999,5742269.464100,4409,14510.83,2564906.150500,0
1753905960000,176.7800,177.1100,176.7000,177.0,42268.37,1753906019999,7477736.585700,4520,28526.49,5046474.983000,0
1753906020000,177.0100,177.1500,176.8600,176.86,30785.70,1753906079999,5449943.811700,2733,11284.29,1997909.748400,0
1753906080000,176.8700,177.0400,176.7300,177.02,27978.69,1753906139999,4949149.250200,3226,16551.90,2927821.353700,0
1753906140000,177.0200,177.2400,176.8600,177.07,13299.05,1753906199999,2355046.558180,2753,7007.48,1240946.714180,0
1753906200000,177.0700,177.2000,176.9900,177.1,20327.19,1753906259999,3600166.342100,2263,9570.44,1695007.193600,0
1753906260000,177.1000,177.1000,176.8300,176.87,26250.49,1753906319999,4645658.893600,2775,10285.35,1820034.311600,0
1753906320000,176.8600,176.9800,176.7600,176.98,20490.01,1753906379999,3623641.889700,2237,6764.51,1196434.338200,0
1753906380000,176.9700,177.0300,176.8300,176.99,16267.29,1753906439999,2878355.219400,1956,6331.46,1120194.104700,0
1753906440000,176.9900,177.3000,176.9500,177.27,31965.58,1753906499999,5663698.582360,2558,20422.61,3618951.019160,0
1753906500000,177.2600,177.4100,177.1300,177.24,27616.24,1753906559999,4895930.490100,2947,19778.30,3506818.496300,0
1753906560000,177.2400,177.2500,176.8500,176.89,15203.26,1753906619999,2692025.648300,2210,4694.46,831207.174400,0
1753906620000,176.8800,177.0000,176.7700,176.77,18771.98,1753906679999,3320857.120800,2484,8254.06,1460120.921100,0
1753906680000,176.7700,176.8300,176.4700,176.68,25418.06,1753906739999,4489741.057300,3234,10863.22,1918892.889300,0
1753906740000,176.6700,176.9800,176.6600,176.98,8448.40,1753906799999,1493726.042300,1489,6104.59,1079341.944700,0
1753906800000,176.9800,177.0500,176.6500,176.7,20617.49,1753906859999,3646998.769800,2474,12967.69,2294293.018700,0
1753906860000,176.6900,176.9600,176.6000,176.96,11382.98,1753906919999,2011858.665000,1823,6624.66,1170863.930300,0
1753906920000,176.9700,177.1100,176.9300,177.01,14443.84,1753906979999,2556525.929800,2197,6149.99,1088539.497900,0
1753906980000,177.0100,177.0200,176.7600,176.82,16646.10,1753907039999,2943765.961500,1977,10483.38,1853768.707900,0
1753907040000,176.8200,176.8200,176.5000,176.52,23551.35,1753907099999,4160179.182800,2424,9892.35,1747296.895600,0
1753907100000,176.5200,176.5900,176.3400,176.38,13425.38,1753907159999,2368750.324700,1623,4247.90,749440.655700,0
1753907160000,176.3800,176.7100,176.3800,176.6,18051.27,1753907219999,3187529.167400,1756,6958.57,1228523.728800,0
1753907220000,176.6000,176.6000,176.3800,176.58,12193.91,1753907279999,2151856.619900,1496,3938.36,694940.542200,0
1753907280000,176.5800,176.7000,176.5100,176.58,13563.28,1753907339999,2395272.693100,1369,4224.99,746156.037200,0
1753907340000,176.5900,176.5900,176.2500,176.27,17485.96,1753907399999,3083730.687700,2089,5785.15,1020297.031300,0
1753907400000,176.2800,176.5100,176.2400,176.42,12919.31,1753907459999,2278832.584400,1429,6666.04,1175845.218000,0
1753907460000,176.4100,176.5500,176.2800,176.44,10861.82,1753907519999,1916165.360700,1372,3185.92,561980.642900,0
1753907520000,176.4300,176.6700,176.3800,176.65,12938.98,1753907579999,2284160.138500,1329,8000.47,1412389.324800,0
1753907580000,176.6500,176.7300,176.3700,176.45,7255.38,1753907639999,1280614.359600,1103,3103.83,547814.077200,0
1753907640000,176.4600,176.5200,176.0600,176.06,26883.98,1753907699999,4736230.092000,2090,5772.49,1017106.919000,0
1753907700000,176.0700,176.0700,175.7500,175.79,44209.18,1753907759999,7776789.529600,3192,13522.24,2378722.996300,0
1753907760000,175.7800,176.0700,175.7000,176.01,30108.33,1753907819999,5293490.615400,2636,11559.35,2032405.433400,0
1753907820000,176.0100,176.1900,175.9900,176.08,27555.18,1753907879999,4851517.175100,2194,18332.13,3227646.212100,0
1753907880000,176.0800,176.0800,175.7600,175.95,9354.68,1753907939999,1645596.293200,1545,3584.75,630440.703800,0
1753907940000,175.9600,175.9700,175.8300,175.87,6976.00,1753907999999,1227245.938700,1021,2055.59,361605.592000,0
1753908000000,175.8600,176.0500,175.8600,176.05,10155.23,1753908059999,1786671.653400,1528,5725.27,1007237.789000,0
1753908060000,176.0400,176.3600,176.0200,176.18,9812.33,1753908119999,1729087.094700,1755,6442.83,1135234.081100,0
1753908120000,176.1800,176.1800,176.0700,176.1,5510.72,1753908179999,970517.439500,838,2489.50,438437.059700,0
1753908180000,176.1000,176.1000,175.9000,175.95,8235.00,1753908239999,1449215.341500,1048,3433.87,604452.070800,0
1753908240000,175.9500,175.9500,175.7400,175.81,9993.19,1753908299999,1756939.837100,1446,3110.85,546972.221800,0
1753908300000,175.8000,175.9000,175.7300,175.81,5814.97,1753908359999,1022419.624300,1092,2677.93,470851.147300,0
1753908360000,175.8100,175.8100,175.6200,175.8,13782.01,1753908419999,2421652.738500,1469,5349.16,939936.427500,0
1753908420000,175.7900,175.8800,175.7000,175.71,9349.56,1753908479999,1643762.728500,1053,6989.79,1228887.375700,0
1753908480000,175.7000,175.8800,175.6300,175.84,6891.43,1753908539999,1211129.241700,1086,3529.96,620429.150300,0
1753908540000,175.8300,175.9800,175.8300,175.85,9205.35,1753908599999,1619267.248600,991,4219.37,742193.104400,0
1753908600000,175.8500,175.9200,175.7500,175.75,4389.23,1753908659999,771774.123500,883,1857.35,326586.228400,0
1753908660000,175.7500,175.7900,175.6300,175.7,9360.19,1753908719999,1644624.729200,1299,3259.30,572700.448800,0
1753908720000,175.6900,175.8300,175.6800,175.83,6876.39,1753908779999,1208452.575700,876,5117.77,899391.978000,0
1753908780000,175.8300,176.1700,175.8100,176.13,14071.06,1753908839999,2477776.167700,2025,11054.91,1946659.741900,0
1753908840000,176.1300,176.1500,176.0200,176.02,4487.23,1753908899999,790048.061600,793,2822.81,497007.527800,0
1753908900000,176.0300,176.1200,175.9800,176.09,3718.82,1753908959999,654680.841700,893,2421.18,426226.592000,0
1753908960000,176.0800,176.1600,175.9400,175.94,4342.03,1753909019999,764547.279200,803,2588.31,455793.614800,0
1753909020000,175.9400,176.0100,175.9100,175.99,8754.32,1753909079999,1540398.747700,910,4610.54,811220.693400,0
1753909080000,175.9900,176.1300,175.9400,176.09,7237.19,1753909139999,1273994.945800,928,2813.15,495240.361600,0
1753909140000,176.0900,176.1500,176.0400,176.09,2946.65,1753909199999,518913.047900,639,2130.18,375131.107300,0
1753909200000,176.0800,176.2400,175.9600,176.16,21153.65,1753909259999,3725944.668100,2523,16246.40,2861810.470200,0
1753909260000,176.1600,176.4000,176.0700,176.36,19042.66,1753909319999,3355174.779000,1777,9049.16,1594846.536700,0
1753909320000,176.3700,176.4000,176.1800,176.18,10214.53,1753909379999,1800955.288900,1255,5319.12,937979.813000,0
1753909380000,176.1800,176.2600,176.1000,176.18,5927.14,1753909439999,1044084.243500,953,3710.55,653570.365500,0
1753909440000,176.1800,176.2000,176.0300,176.13,7552.30,1753909499999,1330231.096700,926,3241.40,570978.343800,0
1753909500000,176.1300,176.2000,176.0100,176.08,5098.63,1753909559999,897790.454400,989,3190.03,561698.073400,0
1753909560000,176.0900,176.1300,175.9500,175.99,5466.11,1753909619999,962364.627400,917,1645.29,289668.046000,0
1753909620000,176.0000,176.0300,175.8300,175.83,6022.44,1753909679999,1059602.370400,823,1762.54,310113.296100,0
1753909680000,175.8400,176.0500,175.8200,176.02,11263.13,1753909739999,1981036.206400,1003,8070.45,1419480.920400,0
1753909740000,176.0200,176.0300,175.9300,175.98,2040.65,1753909799999,359098.973700,485,622.36,109513.734900,0
1753909800000,175.9800,176.0300,175.8900,176.03,11940.42,1753909859999,2101207.161200,1207,7700.18,1355069.941000,0
1753909860000,176.0200,176.2600,176.0100,176.23,5022.11,1753909919999,884741.732700,913,3253.88,573231.202100,0
1753909920000,176.2300,176.5600,176.2000,176.46,10875.79,1753909979999,1917890.548600,1726,8544.73,1506791.581100,0
1753909980000,176.4600,176.4800,176.2600,176.29,11410.65,1753910039999,2012722.411200,946,3280.00,578492.678400,0
1753910040000,176.3000,176.3000,176.1000,176.15,6801.42,1753910099999,1198292.420300,788,1953.71,344237.626100,0
1753910100000,176.1600,176.2300,175.9900,176.08,11314.17,1753910159999,1992419.220400,1925,7344.82,1293366.035600,0
1753910160000,176.0700,176.1400,175.9900,176.06,4527.41,1753910219999,797151.244700,822,2718.34,478640.371800,0
1753910220000,176.0500,176.1800,176.0500,176.13,3667.25,1753910279999,645925.161400,753,2857.21,503242.616400,0
1753910280000,176.1400,176.2100,176.0100,176.21,2671.02,1753910339999,470362.852200,711,1758.95,309724.223100,0
1753910340000,176.2100,176.2500,176.0900,176.23,3742.65,1753910399999,659320.107700,794,2148.26,378399.751900,0
1753910400000,176.2400,176.2400,176.0500,176.2,4050.64,1753910459999,713392.020100,886,1991.80,350772.703100,0
1753910460000,176.2100,176.2300,176.0200,176.13,8243.10,1753910519999,1452077.496400,1151,6212.77,1094496.320700,0
1753910520000,176.1200,176.1200,175.8300,175.83,3567.26,1753910579999,627612.606100,699,982.54,172872.892500,0
1753910580000,175.8300,175.8500,175.6500,175.85,9281.43,1753910639999,1631135.647000,1522,2925.66,514185.567700,0
1753910640000,175.8500,175.9300,175.7000,175.75,3815.96,1753910699999,671004.989700,849,1480.07,260241.197800,0
1753910700000,175.7500,175.8900,175.7500,175.81,3706.81,1753910759999,651762.486900,740,1912.13,336209.386300,0
1753910760000,175.8200,175.8400,175.6800,175.68,3789.14,1753910819999,665923.635800,705,1011.78,177802.106700,0
1753910820000,175.6800,175.6900,175.4200,175.43,13642.89,1753910879999,2395056.678400,1416,3026.55,531341.035000,0
1753910880000,175.4200,175.5300,175.2300,175.27,16208.37,1753910939999,2842285.230400,1960,6980.57,1224218.508300,0
1753910940000,175.2800,175.3200,175.1200,175.19,29237.57,1753910999999,5123750.426400,1896,17732.24,3107835.426100,0
1753911000000,175.1900,175.4500,175.1100,175.42,17320.67,1753911059999,3036139.684900,1782,10852.07,1902321.110800,0
1753911060000,175.4300,175.6700,175.4100,175.53,12620.15,1753911119999,2215903.333500,1464,4979.79,874304.027200,0
1753911120000,175.5300,175.5800,175.5000,175.52,5566.31,1753911179999,977066.703000,845,3033.39,532462.169900,0
1753911180000,175.5200,175.5300,175.4400,175.5,2658.04,1753911239999,466450.119900,443,772.73,135591.113200,0
1753911240000,175.4900,175.5000,175.2300,175.23,9102.36,1753911299999,1595829.454100,1141,1994.06,349559.656600,0
1753911300000,175.2300,175.2400,174.8900,174.99,34915.68,1753911359999,6111251.315200,3314,12180.77,2131829.539100,0
1753911360000,174.9900,174.9900,174.7700,174.89,18845.68,1753911419999,3294788.163100,1777,5600.79,979141.858400,0
1753911420000,174.9000,175.2500,174.8900,175.19,10278.90,1753911479999,1799695.018700,1663,7358.40,1288339.720700,0
1753911480000,175.1900,175.2000,175.0500,175.05,3917.71,1753911539999,685981.587700,685,1503.06,263184.633600,0
1753911540000,175.0500,175.2100,175.0000,175.16,6996.24,1753911599999,1225120.559000,1046,4576.43,801386.096800,0
1753911600000,175.1600,175.1600,175.0100,175.12,7486.25,1753911659999,1310932.656700,1004,3845.40,673363.671700,0
1753911660000,175.1300,175.1500,174.9200,174.93,6445.90,1753911719999,1128003.136900,750,2179.83,381479.734400,0
1753911720000,174.9400,174.9400,174.6700,174.78,18698.22,1753911779999,3268040.284720,1452,11458.77,2002543.904000,0
1753911780000,174.7900,174.8700,174.6800,174.8,14361.00,1753911839999,2509953.305400,5993,6695.67,1170317.890000,0
1753911840000,174.8000,174.9400,174.6900,174.86,23065.66,1753911899999,4032545.623900,5151,8702.45,1521450.379100,0
1753911900000,174.8600,175.0100,174.8600,174.96,18916.51,1753911959999,3309879.969100,1724,15708.07,2748511.433300,0
1753911960000,174.9600,175.0200,174.9200,175.02,5229.20,1753912019999,914807.933500,601,3241.16,567019.578800,0
1753912020000,175.0100,175.2300,175.0100,175.23,5324.59,1753912079999,932704.306400,783,4876.27,854158.081000,0
1753912080000,175.2300,175.2300,175.2200,175.23,2325.76,1753912139999,407540.455400,394,2078.82,364271.628600,0
1753912140000,175.2300,175.4100,175.2200,175.41,3387.51,1753912199999,593759.745400,738,3218.79,564188.481800,0
1753912200000,175.4100,175.4100,175.3900,175.4,4290.21,1753912259999,752516.787900,522,3013.04,528502.349400,0
1753912260000,175.4000,175.7500,175.4000,175.69,14631.95,1753912319999,2568856.144500,1773,11537.53,2025455.920500,0
1753912320000,175.6900,175.7600,175.5900,175.76,6093.44,1753912379999,1070416.858000,1050,4168.34,732209.558400,0
1753912380000,175.7700,175.9200,175.7300,175.73,11669.78,1753912439999,2051993.100500,1919,7219.78,1269568.435800,0
1753912440000,175.7300,175.9300,175.6500,175.89,15394.46,1753912499999,2706179.248100,1424,6255.09,1099839.691200,0
1753912500000,175.9000,175.9100,175.8200,175.83,13383.39,1753912559999,2353698.440400,1087,4145.73,729102.776100,0
1753912560000,175.8300,175.9100,175.8200,175.91,8941.65,1753912619999,1572440.174800,474,8579.14,1508689.080400,0
1753912620000,175.9000,175.9400,175.7700,175.78,4994.69,1753912679999,878466.437900,963,1344.90,236555.835100,0
1753912680000,175.7700,175.8500,175.6900,175.85,6945.79,1753912739999,1220829.366900,1148,3974.60,698590.973000,0
1753912740000,175.8500,175.8500,175.6400,175.77,4351.37,1753912799999,764706.316200,931,1824.11,320537.715800,0
1753912800000,175.7600,175.8400,175.6700,175.75,13479.24,1753912859999,2368884.278700,2412,6737.07,1184023.900100,0
1753912860000,175.7500,175.7500,175.4400,175.46,13945.16,1753912919999,2448440.071600,1544,2870.58,503930.867200,0
1753912920000,175.4600,175.5800,175.4000,175.43,8069.80,1753912979999,1416003.236000,1550,5187.01,910161.114000,0
1753912980000,175.4200,175.5200,175.3500,175.36,23113.48,1753913039999,4054736.283100,2124,7093.43,1244438.213800,0
1753913040000,175.3700,175.8400,175.3700,175.73,22631.60,1753913099999,3975863.869000,2253,17124.58,3008619.171600,0
1753913100000,175.7300,175.9400,175.7000,175.87,41818.10,1753913159999,7354343.778400,2721,15678.82,2757002.527900,0
1753913160000,175.8600,176.1400,175.8600,176.01,15003.00,1753913219999,2641109.579700,2448,10178.30,1791709.856400,0
1753913220000,176.0100,176.3100,176.0100,176.27,19770.31,1753913279999,3482970.656800,2415,15806.86,2784685.712400,0
1753913280000,176.2800,176.3600,176.1600,176.23,19966.98,1753913339999,3519819.849260,5278,10462.25,1844449.211360,0
1753913340000,176.2300,176.2500,176.0500,176.05,8839.49,1753913399999,1557167.671500,4498,4962.09,874202.049800,0
1753913400000,176.0500,176.0500,175.9500,175.95,7186.41,1753913459999,1264825.310600,1020,3035.86,534311.827600,0
1753913460000,175.9500,176.2000,175.9500,176.17,4742.68,1753913519999,835316.552500,1124,2602.84,458361.523100,0
1753913520000,176.1700,176.1700,175.8700,175.93,11398.44,1753913579999,2005649.872800,1309,2759.63,485605.975800,0
1753913580000,175.9300,176.0700,175.9300,176.04,2572.15,1753913639999,452725.905000,636,1861.72,327686.873000,0
1753913640000,176.0400,176.0400,175.8200,175.85,12624.41,1753913699999,2221020.911800,1085,1261.72,221921.291300,0
1753913700000,175.8600,175.8800,175.6400,175.73,12315.59,1753913759999,2164676.883600,1749,3238.48,569225.312100,0
1753913760000,175.7200,175.9500,175.7200,175.95,4720.07,1753913819999,829957.916700,932,2954.12,519423.397200,0
1753913820000,175.9500,176.0000,175.8100,175.93,11184.22,1753913879999,1967038.916400,1438,6881.00,1210100.582700,0
1753913880000,175.9300,175.9400,175.6800,175.69,4587.59,1753913939999,806484.049000,779,1932.91,339782.853200,0
1753913940000,175.6900,175.7600,175.5200,175.55,9044.02,1753913999999,1588316.564100,1171,2786.42,489386.720700,0
1753914000000,175.5500,175.6000,175.3100,175.32,15254.22,1753914059999,2676378.187900,1880,5271.72,924846.056300,0
1753914060000,175.3300,175.4300,175.0800,175.27,15325.09,1753914119999,2685736.400800,1861,4418.82,774504.904700,0
1753914120000,175.2700,175.4400,175.2500,175.43,8240.90,1753914179999,1445005.900900,1092,4114.25,721269.486500,0
1753914180000,175.4300,175.5200,175.3100,175.38,5209.91,1753914239999,913944.122900,843,2354.55,413063.247700,0
1753914240000,175.3800,175.4400,175.2400,175.33,6407.15,1753914299999,1123502.146300,1062,2067.53,362513.752600,0
1753914300000,175.3400,175.3400,175.1400,175.26,4171.17,1753914359999,730907.863900,918,1607.11,281603.808600,0
1753914360000,175.2600,175.2900,175.1400,175.15,2803.86,1753914419999,491287.539900,682,1141.23,199975.644200,0
1753914420000,175.1600,175.2000,175.0400,175.04,5125.73,1753914479999,897624.797500,1193,1641.14,287410.892400,0
1753914480000,175.0400,175.2500,175.0200,175.24,6285.82,1753914539999,1100767.183800,903,4102.71,718530.323600,0
1753914540000,175.2400,175.2600,175.1700,175.17,6658.77,1753914599999,1166756.378400,642,1341.14,235004.564400,0
1753914600000,175.1600,175.3700,175.1000,175.37,11016.46,1753914659999,1930114.938500,1958,6154.65,1078303.638200,0
1753914660000,175.3600,175.5400,175.3300,175.51,9905.02,1753914719999,1737487.772200,1280,6243.13,1095152.516900,0
1753914720000,175.5000,175.6100,175.3300,175.34,6616.89,1753914779999,1161330.919300,1049,3291.14,577620.319300,0
1753914780000,175.3400,175.3800,175.2000,175.27,3272.52,1753914839999,573585.924500,853,1571.43,275429.969000,0
1753914840000,175.2800,175.3600,175.1400,175.14,4212.52,1753914899999,738276.460800,824,2402.14,421018.634700,0
1753914900000,175.1500,175.4000,175.1400,175.34,3392.49,1753914959999,594718.947100,766,1879.36,329396.023600,0
1753914960000,175.3400,175.5300,175.2800,175.42,9113.51,1753915019999,1598791.335700,1317,5143.98,902335.527000,0
1753915020000,175.4300,175.5000,175.2700,175.29,5583.88,1753915079999,979304.366100,805,1528.80,268115.548300,0
1753915080000,175.3000,175.4000,175.2800,175.35,2932.06,1753915139999,514146.496200,742,616.26,108055.672000,0
1753915140000,175.3600,175.4200,175.3400,175.39,2191.50,1753915199999,384343.906700,594,914.02,160293.879100,0
1753915200000,175.3900,175.4800,175.2800,175.31,5375.01,1753915259999,942743.202300,759,1534.71,269164.749700,0
1753915260000,175.3100,175.4400,175.2800,175.43,2258.20,1753915319999,395996.132400,799,1430.03,250770.026500,0
1753915320000,175.4300,175.5900,175.3700,175.59,5727.24,1753915379999,1005078.932200,956,3937.44,691046.979300,0
1753915380000,175.6000,175.7100,175.5400,175.59,5575.03,1753915439999,979193.403600,1112,2839.96,498795.476700,0
1753915440000,175.5900,175.7600,175.5400,175.7,2879.65,1753915499999,505843.832400,891,1373.24,241225.151700,0
1753915500000,175.7000,175.9000,175.6700,175.85,9192.71,1753915559999,1616533.942200,1560,7368.68,1295856.690900,0
1753915560000,175.8600,175.9600,175.8400,175.88,6873.83,1753915619999,1209107.536900,1089,3434.80,604174.711400,0
1753915620000,175.8800,175.8800,175.6900,175.77,3735.48,1753915679999,656586.689500,854,1617.16,284219.756000,0
1753915680000,175.7800,175.8700,175.7200,175.75,3056.70,1753915739999,537323.237000,835,1435.44,252346.923600,0
1753915740000,175.7500,175.8200,175.7500,175.82,1438.78,1753915799999,252921.158500,411,965.33,169693.083700,0
1753915800000,175.8200,175.8700,175.6300,175.63,6180.32,1753915859999,1085930.514000,896,1642.22,288533.941200,0
1753915860000,175.6300,175.7300,175.5200,175.72,2969.58,1753915919999,521425.051500,821,1608.54,282450.661600,0
1753915920000,175.7300,175.8600,175.6700,175.67,4016.13,1753915979999,706023.280100,972,2608.68,458619.280100,0
1753915980000,175.6700,175.7600,175.6700,175.76,2003.40,1753916039999,352028.862500,611,1275.37,224095.272500,0
1753916040000,175.7500,175.8800,175.7500,175.87,1322.77,1753916099999,232564.344100,558,814.31,143177.093900,0
1753916100000,175.8800,176.1500,175.8800,176.1,9978.22,1753916159999,1756625.232900,1385,7665.15,1349363.187400,0
1753916160000,176.1000,176.1300,176.0200,176.04,2843.88,1753916219999,500785.088900,572,1230.59,216696.769400,0
1753916220000,176.0300,176.1500,176.0200,176.1,6292.93,1753916279999,1108123.936800,751,4076.77,717861.724000,0
1753916280000,176.1000,176.2400,176.0400,176.24,12918.23,1753916339999,2275493.226600,1129,7042.03,1240318.507300,0
1753916340000,176.2400,176.2700,176.2100,176.23,4035.93,1753916399999,711313.999500,866,1980.98,349139.318200,0
1753916400000,176.2300,176.3100,176.1400,176.27,17255.91,1753916459999,3041299.774200,2021,11717.67,2065263.837300,0
1753916460000,176.2600,176.3600,176.1800,176.23,5357.60,1753916519999,944428.982300,970,2735.53,482225.358400,0
1753916520000,176.2300,176.3900,176.2000,176.39,5744.06,1753916579999,1012789.190000,1065,4385.55,773233.701800,0
1753916580000,176.3800,176.4800,176.3400,176.35,4773.83,1753916639999,842147.474400,979,2463.57,434610.837300,0
1753916640000,176.3500,176.6500,176.3500,176.65,15878.70,1753916699999,2802500.275100,1891,11721.41,2068950.439600,0
1753916700000,176.6500,176.6700,176.5300,176.66,9375.82,1753916759999,1655838.728900,1155,4066.07,718145.042400,0
1753916760000,176.6700,176.7000,176.5500,176.56,7556.71,1753916819999,1334751.302500,1081,4636.69,818960.939800,0
1753916820000,176.5500,176.5700,176.3900,176.48,5311.27,1753916879999,937334.602700,798,1542.93,272312.921000,0
1753916880000,176.4800,176.6100,176.4700,176.59,3921.06,1753916939999,692300.940700,786,1586.15,280025.725600,0
1753916940000,176.5900,176.8100,176.5100,176.77,11421.82,1753916999999,2017719.215500,1537,9235.86,1631605.845600,0
1753917000000,176.7600,176.7900,176.7200,176.77,7420.84,1753917059999,1311583.530000,880,2397.29,423728.527000,0
1753917060000,176.7800,176.8400,176.7600,176.82,7965.13,1753917119999,1408284.980300,1040,2439.29,431299.672100,0
1753917120000,176.8200,176.9200,176.8100,176.85,6927.18,1753917179999,1225253.357000,1006,3664.23,648086.090400,0
1753917180000,176.8400,176.9200,176.7900,176.87,3518.87,1753917239999,622333.938500,744,1899.90,336002.187600,0
1753917240000,176.8600,176.9300,176.8300,176.87,3722.82,1753917299999,658493.837800,666,1732.85,306508.609500,0
1753917300000,176.8700,176.9500,176.8200,176.92,4780.10,1753917359999,845469.105300,916,2815.40,497994.854700,0
1753917360000,176.9200,177.0400,176.8700,177.0,11390.97,1753917419999,2015882.465100,1404,8451.70,1495697.350700,0
1753917420000,176.9900,177.0000,176.6900,176.69,15320.63,1753917479999,2708943.732200,1531,3492.83,617592.382000,0
1753917480000,176.6800,176.8900,176.6800,176.82,6771.33,1753917539999,1196912.154300,1000,1540.72,272397.615200,0
1753917540000,176.8200,176.8800,176.7600,176.87,2447.16,1753917599999,432686.217500,465,938.90,165997.221300,0
1753917600000,176.8600,176.9900,176.8600,176.98,3778.28,1753917659999,668437.767400,736,2443.95,432349.377200,0
1753917660000,176.9900,177.0400,176.9000,177.03,3943.39,1753917719999,697926.692900,783,2087.35,369436.180700,0
1753917720000,177.0300,177.0800,176.8000,176.8,14118.28,1753917779999,2498000.996100,1297,5518.95,976417.269300,0
1753917780000,176.8100,176.9100,176.8100,176.87,5441.51,1753917839999,962404.677200,657,2241.92,396511.811800,0
1753917840000,176.8700,176.8700,176.6800,176.69,6005.12,1753917899999,1061523.729400,884,1288.81,227796.863200,0
1753917900000,176.6900,176.7700,176.6600,176.7,5890.30,1753917959999,1040857.766800,854,2652.62,468737.016500,0
1753917960000,176.7000,176.9100,176.7000,176.9,1280.32,1753918019999,226375.842300,415,856.39,151408.640900,0
1753918020000,176.9100,177.0200,176.8800,177.01,4650.26,1753918079999,822849.902000,737,2426.40,429310.931800,0
1753918080000,177.0200,177.2000,177.0100,177.2,8564.22,1753918139999,1517046.652500,1263,5387.43,954290.706500,0
1753918140000,177.2000,177.2600,177.1900,177.22,4440.89,1753918199999,787005.631000,742,2660.18,471425.271100,0
1753918200000,177.2300,177.4200,177.1800,177.38,15996.86,1753918259999,2836360.861660,2572,6950.62,1232445.849060,0
1753918260000,177.3800,177.6100,177.3600,177.59,18893.27,1753918319999,3352908.634600,2321,10951.64,1943554.530300,0
1753918320000,177.5800,177.7100,177.5000,177.67,16316.12,1753918379999,2897939.174700,1964,9663.04,1716437.519700,0
1753918380000,177.6700,177.8600,177.6100,177.8,20918.67,1753918439999,3717604.868800,4308,11843.87,2104968.116800,0
1753918440000,177.8100,177.8200,177.6000,177.65,20606.22,1753918499999,3662545.471900,5090,6752.13,1200147.265800,0
1753918500000,177.6500,177.7300,177.5400,177.7,7924.69,1753918559999,1407705.174500,2354,4412.54,783812.835300,0
1753918560000,177.7000,177.7500,177.6400,177.73,7964.12,1753918619999,1415241.751000,1096,3348.33,595000.135300,0
1753918620000,177.7400,177.8400,177.7300,177.84,14703.60,1753918679999,2614150.040300,949,3721.29,661551.986700,0
1753918680000,177.8400,177.8800,177.7800,177.81,13878.97,1753918739999,2468031.453500,1116,5296.27,941813.305700,0
1753918740000,177.8200,178.0000,177.8000,177.96,21703.76,1753918799999,3862054.691860,1914,15065.12,2680889.061760,0
1753918800000,177.9500,177.9600,177.8300,177.86,11691.02,1753918859999,2079811.691300,1140,2116.50,376559.530200,0
1753918860000,177.8600,177.9000,177.8200,177.83,3535.43,1753918919999,628836.130400,919,1694.70,301435.889400,0
1753918920000,177.8300,177.8700,177.7700,177.81,7365.11,1753918979999,1309574.306800,973,1825.06,324519.682800,0
1753918980000,177.8100,177.9000,177.8000,177.88,7931.54,1753919039999,1410591.526500,764,2794.14,496976.536000,0
1753919040000,177.8800,177.9000,177.8000,177.8,5574.94,1753919099999,991497.442000,617,2076.45,369306.333600,0
1753919100000,177.8000,177.9500,177.8000,177.83,14836.29,1753919159999,2639198.340500,2087,12177.34,2166227.368100,0
1753919160000,177.8400,177.8400,177.6100,177.67,12593.32,1753919219999,2237744.775400,1268,5026.01,892982.866000,0
1753919220000,177.6600,177.7600,177.6600,177.7,5178.73,1753919279999,920376.403200,697,2311.79,410853.851500,0
1753919280000,177.7000,177.9200,177.6900,177.86,4574.84,1753919339999,813501.185500,781,2674.67,475598.902100,0
1753919340000,177.8600,177.9000,177.7900,177.83,5531.49,1753919399999,983751.994000,882,1593.12,283352.402200,0
1753919400000,177.8400,177.8800,177.6700,177.77,9528.76,1753919459999,1693691.920700,984,4860.75,863987.039600,0
1753919460000,177.7700,177.9300,177.7500,177.92,6929.47,1753919519999,1232225.728600,697,5622.68,999856.600000,0
1753919520000,177.9200,177.9300,177.6100,177.62,9886.84,1753919579999,1757828.387000,1489,3720.19,661488.783800,0
1753919580000,177.6200,177.8100,177.6000,177.79,3538.98,1753919639999,628982.337900,736,1767.87,314180.534500,0
1753919640000,177.8000,177.8300,177.5700,177.59,14717.96,1753919699999,2614960.526400,1509,4388.35,779624.044600,0
1753919700000,177.5900,177.7000,177.5500,177.57,6468.87,1753919759999,1148983.875600,833,2239.62,397841.118300,0
1753919760000,177.5700,177.6600,177.5400,177.6,5124.39,1753919819999,909978.796400,657,1221.74,216963.907200,0
1753919820000,177.5900,177.6800,177.5600,177.58,6166.66,1753919879999,1095217.608500,594,1135.76,201722.526700,0
1753919880000,177.5800,177.6200,177.5800,177.6,3138.95,1753919939999,557460.014800,330,2151.27,382058.032800,0
1753919940000,177.6000,177.6800,177.5600,177.68,11037.75,1753919999999,1960316.884200,664,8093.59,1437450.550500,0
1753920000000,177.6700,177.7000,177.6000,177.63,10378.93,1753920059999,1843789.777000,1823,4825.58,857211.757400,0
1753920060000,177.6300,177.6800,177.5200,177.65,6882.87,1753920119999,1222336.307500,1157,1886.41,335006.119500,0
1753920120000,177.6500,177.7500,177.6500,177.7,7682.85,1753920179999,1365313.905000,1049,4246.59,754667.245000,0
1753920180000,177.7000,177.8000,177.6300,177.66,9697.01,1753920239999,1723322.386600,896,5911.64,1050608.340600,0
1753920240000,177.6500,177.6500,177.5900,177.61,3334.63,1753920299999,592262.871900,590,964.97,171384.870600,0
1753920300000,177.6200,177.8500,177.6200,177.75,8055.30,1753920359999,1431609.073600,1122,5645.12,1003165.714700,0
1753920360000,177.7600,177.7800,177.6600,177.76,5530.50,1753920419999,982915.042400,1045,2438.20,433321.895500,0
1753920420000,177.7600,177.9000,177.7600,177.86,14459.89,1753920479999,2571554.451900,1645,9068.51,1612720.736500,0
1753920480000,177.8700,177.9600,177.7600,177.83,7697.55,1753920539999,1369289.324400,945,2853.34,507551.174500,0
1753920540000,177.8300,177.8500,177.7800,177.78,3375.97,1753920599999,600334.634400,696,1966.25,349655.608100,0
1753920600000,177.7800,177.8000,177.5300,177.57,6417.98,1753920659999,1140120.898700,953,2866.09,509258.059700,0
1753920660000,177.5600,177.7200,177.5400,177.67,6584.52,1753920719999,1169704.938600,1122,4529.42,804613.381400,0
1753920720000,177.6600,177.7400,177.5900,177.62,2657.38,1753920779999,472127.194700,857,755.18,134181.645700,0
1753920780000,177.6300,177.8500,177.6300,177.85,2178.11,1753920839999,387108.553400,695,1076.70,191389.380400,0
1753920840000,177.8400,177.8400,177.6900,177.82,3111.74,1753920899999,553156.684600,761,1345.77,239231.888800,0
1753920900000,177.8200,177.8700,177.7900,177.86,4271.94,1753920959999,759694.821600,1327,2754.00,489748.257600,0
1753920960000,177.8600,178.0500,177.8500,177.95,15679.62,1753921019999,2790708.919600,1645,12517.53,2227942.247400,0
1753921020000,177.9500,178.0600,177.8500,177.85,6475.91,1753921079999,1152631.927700,1134,3067.83,546058.690200,0
1753921080000,177.8600,177.9400,177.7800,177.91,5805.92,1753921139999,1032665.517800,1051,3430.67,610188.729700,0
1753921140000,177.9100,177.9400,177.8000,177.87,9152.80,1753921199999,1628098.551100,909,2672.89,475414.331600,0
1753921200000,177.8600,177.8900,177.7000,177.71,6033.88,1753921259999,1072664.882700,1013,2783.83,494854.596200,0
1753921260000,177.7000,177.8800,177.6800,177.81,7729.83,1753921319999,1374522.257200,986,3593.39,638900.863300,0
1753921320000,177.8200,177.8500,177.7100,177.85,3526.74,1753921379999,627020.690900,701,2045.30,363649.867000,0
1753921380000,177.8500,178.0000,177.8300,177.91,4965.51,1753921439999,883359.206800,932,2225.89,395952.773800,0
1753921440000,177.9200,178.0300,177.9200,178.03,3826.09,1753921499999,680981.294400,674,1959.79,348816.904000,0
1753921500000,178.0400,178.0900,178.0400,178.08,8120.24,1753921559999,1446005.391800,835,6320.65,1125549.444600,0
1753921560000,178.0800,178.1300,178.0800,178.12,7789.26,1753921619999,1387297.350200,818,5362.10,955008.331600,0
1753921620000,178.1100,178.3700,178.1100,178.32,35951.43,1753921679999,6408290.608800,2918,27214.48,4850905.834800,0
1753921680000,178.3100,178.4300,178.2900,178.39,15007.87,1753921739999,2677009.636500,4817,11244.72,2005790.477900,0
1753921740000,178.3900,178.4100,178.3400,178.41,9110.05,1753921799999,1625029.973500,4331,5079.97,906175.678200,0
1753921800000,178.4000,178.4400,178.2900,178.42,13917.53,1753921859999,2482611.190500,2133,9453.18,1686268.628200,0
1753921860000,178.4200,178.4600,178.3200,178.45,6498.23,1753921919999,1159326.024700,1266,4076.35,727247.519600,0
1753921920000,178.4500,178.5000,178.3600,178.4,11675.31,1753921979999,2083322.536700,1261,5690.71,1015526.998100,0
1753921980000,178.4000,178.5500,178.3600,178.5,15188.27,1753922039999,2710714.900200,1335,11405.97,2035840.475700,0
1753922040000,178.5000,178.5800,178.4700,178.48,13357.77,1753922099999,2384601.157900,1166,6125.92,1093541.141100,0
1753922100000,178.4800,178.5800,178.4000,178.49,12852.20,1753922159999,2294135.755500,1257,7911.49,1412273.906600,0
1753922160000,178.4900,178.5700,178.4700,178.48,4704.27,1753922219999,839748.016400,884,2383.27,425429.764000,0
1753922220000,178.4800,178.6000,178.4800,178.59,5149.78,1753922279999,919500.987000,869,3552.21,634248.740500,0
1753922280000,178.5900,178.6200,178.5400,178.57,7662.33,1753922339999,1368386.099800,813,4482.04,800429.943000,0
1753922340000,178.5800,178.8500,178.5600,178.83,19852.73,1753922399999,3547589.648470,2390,16550.93,2957407.663270,0
1753922400000,178.8300,179.2100,178.8300,178.96,35346.65,1753922459999,6327476.309600,3254,27328.02,4891810.808800,0
1753922460000,178.9600,179.2700,178.9400,179.24,43048.78,1753922519999,7712106.373000,2814,34878.94,6248728.054900,0
1753922520000,179.2400,179.3500,179.1600,179.34,14636.89,1753922579999,2623495.364800,1641,10044.34,1800379.099300,0
1753922580000,179.3400,179.3500,179.1900,179.24,13753.70,1753922639999,2465966.091000,1166,7984.35,1431685.301400,0
1753922640000,179.2500,179.3300,179.2100,179.21,7580.87,1753922699999,1359083.250600,1179,4366.21,782784.776400,0
1753922700000,179.2200,179.3100,179.1000,179.2,10952.44,1753922759999,1962814.032300,2321,4249.02,761483.777300,0
1753922760000,179.1900,179.2700,179.0900,179.27,13793.45,1753922819999,2471275.727900,1343,6418.78,1150102.342000,0
1753922820000,179.2700,179.3300,179.1200,179.33,10216.32,1753922879999,1831220.993000,1155,6324.05,1133612.102100,0
1753922880000,179.3200,179.5000,179.3000,179.47,22622.48,1753922939999,4057748.064800,2334,17897.05,3210148.132300,0
1753922940000,179.4700,179.6400,179.4500,179.57,23512.01,1753922999999,4221835.554280,2405,19008.13,3413232.199780,0
1753923000000,179.5600,179.5800,179.2400,179.28,15406.28,1753923059999,2764413.345500,1361,7621.32,1367466.395500,0
1753923060000,179.2800,179.2800,178.8500,178.93,25207.76,1753923119999,4512198.986100,2907,8692.32,1555591.151000,0
1753923120000,178.9400,178.9800,178.8100,178.98,12564.67,1753923179999,2247853.641600,1298,6313.68,1129635.896300,0
1753923180000,178.9800,178.9800,178.8900,178.9,8776.63,1753923239999,1570403.995400,804,3544.44,634199.128900,0
1753923240000,178.9000,179.0000,178.8700,178.92,10931.25,1753923299999,1955940.568300,964,5109.03,914224.001100,0
1753923300000,178.9200,179.0000,178.8800,178.88,6156.81,1753923359999,1101680.369900,722,3101.41,554913.140700,0
1753923360000,178.8900,179.0700,178.8800,178.92,14726.29,1753923419999,2635515.170300,1329,3769.11,674411.788600,0
1753923420000,178.9300,179.2100,178.9300,179.2,26382.86,1753923479999,4722886.915500,1373,22954.24,4108757.512200,0
1753923480000,179.2000,179.4400,179.1900,179.42,8940.17,1753923539999,1603359.584000,1165,7377.12,1323074.935100,0
1753923540000,179.4200,179.4200,179.2700,179.33,7529.77,1753923599999,1350492.814400,868,2951.72,529360.069200,0
1753923600000,179.3400,179.3700,179.1600,179.19,11484.31,1753923659999,2058553.231800,1871,3261.79,584797.431300,0
1753923660000,179.2000,179.2400,178.9000,178.94,11916.02,1753923719999,2133349.500600,1649,3599.66,644258.638900,0
1753923720000,178.9400,179.0500,178.8300,179.04,15357.41,1753923779999,2747978.401300,1446,2970.01,531465.760200,0
1753923780000,179.0400,179.1900,179.0100,179.18,7018.07,1753923839999,1257043.911900,1003,3699.13,662610.053800,0
1753923840000,179.1800,179.3700,179.1800,179.26,3849.22,1753923899999,690126.661500,1079,2241.50,401902.883100,0
1753923900000,179.2600,179.2900,179.1100,179.27,3241.56,1753923959999,580924.371500,871,1083.71,194215.942700,0
1753923960000,179.2700,179.2700,179.1700,179.24,4701.88,1753924019999,842594.796300,770,2003.68,359063.006500,0
1753924020000,179.2500,179.2900,179.1800,179.27,2288.10,1753924079999,410103.833100,773,701.72,125761.705900,0
1753924080000,179.2700,179.2800,179.1900,179.24,3012.90,1753924139999,540000.120300,768,1620.57,290458.864100,0
1753924140000,179.2400,179.2800,179.1700,179.25,11837.41,1753924199999,2121455.073200,1115,2536.58,454604.414200,0
1753924200000,179.2600,179.2600,179.1300,179.16,4052.29,1753924259999,726109.020200,606,719.35,128901.782700,0
1753924260000,179.1600,179.1800,179.0300,179.11,6062.13,1753924319999,1085750.285400,1060,1295.10,231927.479100,0
1753924320000,179.1000,179.1900,179.1000,179.19,4827.11,1753924379999,864690.178700,740,2741.48,491093.348400,0
1753924380000,179.2000,179.2800,179.2000,179.23,5536.11,1753924439999,992272.463600,797,3686.60,660788.930500,0
1753924440000,179.2300,179.2600,179.2000,179.23,2518.55,1753924499999,451411.749500,566,1300.47,233093.911900,0
1753924500000,179.2400,179.2800,179.0400,179.07,7133.75,1753924559999,1278005.412700,1565,2413.57,432431.805700,0
1753924560000,179.0700,179.0900,178.8800,178.89,7146.21,1753924619999,1278890.882400,1236,965.00,172744.700700,0
1753924620000,178.9000,178.9500,178.8500,178.85,5430.56,1753924679999,971607.638900,686,1739.98,311308.879300,0
1753924680000,178.8500,178.9900,178.8500,178.91,5887.24,1753924739999,1053295.054700,786,2938.60,525724.543600,0
1753924740000,178.9100,179.0200,178.9000,178.95,6690.83,1753924799999,1197402.195200,867,3622.86,648377.608000,0
1753924800000,178.9400,178.9400,178.8700,178.9,4475.18,1753924859999,800611.992700,579,1949.06,348694.472600,0
1753924860000,178.9100,179.0300,178.8000,178.95,11262.45,1753924919999,2015231.295400,1306,7493.03,1340939.096900,0
1753924920000,178.9500,178.9800,178.8700,178.97,3566.86,1753924979999,638206.919300,548,1710.46,306043.665800,0
1753924980000,178.9700,179.1000,178.9600,179.07,3607.14,1753925039999,645819.598200,728,2130.18,381371.469700,0
1753925040000,179.0700,179.0700,178.9700,179.0,3328.86,1753925099999,595925.268800,813,1969.95,352656.372200,0
1753925100000,179.0100,179.0600,178.9500,178.96,4571.60,1753925159999,818304.565300,586,1315.15,235397.512700,0
1753925160000,178.9600,179.0100,178.8200,178.86,13576.54,1753925219999,2428584.337700,1205,4980.75,891099.976500,0
1753925220000,178.8600,178.9900,178.7700,178.98,11823.08,1753925279999,2114247.892400,1028,6546.85,1170777.372200,0
1753925280000,178.9800,179.7500,178.9800,179.74,79583.31,1753925339999,14281537.389100,4150,51009.64,9153436.109200,0
1753925340000,179.7400,179.9000,179.5800,179.77,50502.92,1753925399999,9079723.525600,6596,33330.80,5992299.132600,0
1753925400000,179.7700,179.9400,179.7700,179.94,18525.13,1753925459999,3332173.384900,5647,11622.21,2090519.797700,0
1753925460000,179.9300,180.0000,179.8800,179.99,14301.31,1753925519999,2573565.684800,1857,7147.62,1286193.654600,0
1753925520000,180.0000,180.0000,179.7600,179.84,15479.73,1753925579999,2784375.306200,1880,5323.23,957461.924200,0
1753925580000,179.8300,179.8400,179.5600,179.59,10818.27,1753925639999,1944010.907300,1322,3016.80,542128.392600,0
1753925640000,179.5900,179.7400,179.5900,179.62,4717.67,1753925699999,847604.312400,710,2886.61,518608.754200,0
1753925700000,179.6100,179.7400,179.5600,179.72,8930.77,1753925759999,1604443.927400,1109,6111.63,1097887.415800,0
1753925760000,179.7100,179.8100,179.6300,179.64,7127.08,1753925819999,1281097.364300,893,1797.60,323130.980200,0
1753925820000,179.6300,179.6300,179.5100,179.57,7603.03,1753925879999,1365411.786300,837,3654.48,656300.006500,0
1753925880000,179.5600,179.7600,179.5600,179.74,5291.23,1753925939999,950652.898200,744,3566.54,640789.882200,0
1753925940000,179.7500,179.8200,179.7200,179.72,4080.53,1753925999999,733610.696900,691,2284.64,410747.441900,0
1753926000000,179.7300,179.7400,179.6300,179.68,4854.17,1753926059999,872243.097500,746,1783.66,320491.201800,0
1753926060000,179.6700,179.7900,179.6600,179.76,11348.47,1753926119999,2039693.765300,772,3276.13,588798.883200,0
1753926120000,179.7600,179.8100,179.6200,179.74,4957.37,1753926179999,890978.386300,799,1687.30,303234.067900,0
1753926180000,179.7400,179.7900,179.7000,179.75,3005.97,1753926239999,540294.231200,548,1423.20,255795.958800,0
1753926240000,179.7400,179.8400,179.7400,179.74,3670.55,1753926299999,659932.271400,579,1389.05,249733.036300,0
1753926300000,179.7300,179.8100,179.7000,179.78,6467.27,1753926359999,1162529.690600,1274,3538.65,636087.466700,0
1753926360000,179.7800,179.7800,179.5800,179.61,10802.63,1753926419999,1940977.968500,1228,2239.53,402363.959300,0
1753926420000,179.6100,179.7200,179.5100,179.71,5211.60,1753926479999,935977.882900,1076,3050.63,547908.788300,0
1753926480000,179.7100,179.7100,179.5000,179.51,3305.03,1753926539999,593557.819700,858,1224.32,219890.082300,0
1753926540000,179.5100,179.6100,179.4800,179.6,3210.14,1753926599999,576348.359800,639,1555.55,279285.802200,0
1753926600000,179.6000,179.7400,179.6000,179.68,4154.11,1753926659999,746429.551400,805,1199.17,215459.567100,0
1753926660000,179.6800,179.6900,179.5400,179.54,5618.92,1753926719999,1009083.981100,810,1509.41,271093.462500,0
1753926720000,179.5300,179.5600,179.4600,179.52,4484.35,1753926779999,804941.699100,826,1215.61,218224.397600,0
1753926780000,179.5200,179.5300,179.3400,179.34,14058.77,1753926839999,2522906.327400,1527,1296.13,232577.495900,0
1753926840000,179.3400,179.3900,179.1600,179.2,17153.47,1753926899999,3074479.936600,1851,6019.73,1078934.356600,0
1753926900000,179.2000,179.3900,179.2000,179.27,7079.78,1753926959999,1269508.856900,927,3818.44,684634.713400,0
1753926960000,179.2800,179.3500,178.9900,179.11,38967.07,1753927019999,6979922.788700,2583,6573.57,1177668.095900,0
1753927020000,179.1000,179.3300,179.0900,179.27,8668.34,1753927079999,1553369.395900,928,3979.22,712985.091300,0
1753927080000,179.2700,179.3400,179.2200,179.28,13434.67,1753927139999,2408715.268800,808,9316.20,1670350.757500,0
1753927140000,179.2900,179.3900,179.2900,179.38,5413.93,1753927199999,970929.011100,614,2032.67,364516.395500,0
1753927200000,179.3800,179.5300,179.3100,179.32,12745.53,1753927259999,2286702.221900,2047,5619.81,1008425.444000,0
1753927260000,179.3300,179.4000,179.2900,179.37,13547.30,1753927319999,2429362.266700,995,3064.80,549679.132400,0
1753927320000,179.3700,179.5000,179.3700,179.45,18983.06,1753927379999,3406320.020100,1077,13102.81,2351281.865300,0
1753927380000,179.4400,179.4500,179.2400,179.33,6974.57,1753927439999,1250783.862700,990,2977.29,533869.164500,0
1753927440000,179.3200,179.3300,179.1700,179.17,4944.39,1753927499999,886217.051900,792,1025.98,183883.196800,0
1753927500000,179.1700,179.2100,179.1000,179.16,6910.21,1753927559999,1237942.492000,927,1915.60,343184.031000,0
1753927560000,179.1600,179.3100,179.1600,179.28,5200.88,1753927619999,932150.002100,892,1747.10,313112.348700,0
1753927620000,179.2800,179.5300,179.2500,179.51,5065.49,1753927679999,908530.707300,871,3628.86,650819.990200,0
1753927680000,179.5200,179.6500,179.5000,179.57,6156.12,1753927739999,1105470.022200,1009,4812.28,864156.008300,0
1753927740000,179.5800,179.5800,179.4400,179.47,7740.96,1753927799999,1389324.915500,1040,5332.39,957044.223800,0
1753927800000,179.4600,179.5400,179.4400,179.48,4216.34,1753927859999,756760.359700,883,2472.06,443704.209000,0
1753927860000,179.4700,179.4800,179.4100,179.47,2368.10,1753927919999,424946.929900,514,1572.51,282183.269500,0
1753927920000,179.4800,179.4800,179.3900,179.44,3212.83,1753927979999,576465.325400,586,1543.27,276896.251900,0
1753927980000,179.4400,179.5200,179.3900,179.49,3290.80,1753928039999,590530.205000,640,2490.29,446885.706800,0
1753928040000,179.5000,179.5000,179.3600,179.36,1669.30,1753928099999,299543.703400,443,589.16,105721.715500,0
1753928100000,179.3700,179.3700,179.2500,179.33,4480.09,1753928159999,803241.591700,1330,2047.69,367127.138900,0
1753928160000,179.3400,179.3400,179.1800,179.18,4905.64,1753928219999,879512.988800,789,1086.80,194835.968600,0
1753928220000,179.1900,179.2900,179.1800,179.24,2104.09,1753928279999,377078.656800,662,1171.63,209966.983000,0
1753928280000,179.2500,179.2500,179.1500,179.22,4558.72,1753928339999,816866.007300,846,1696.45,303960.185100,0
1753928340000,179.2300,179.3000,179.1600,179.17,3725.31,1753928399999,667718.104500,722,721.05,129222.660100,0
1753928400000,179.1800,179.5800,179.1600,179.52,6970.09,1753928459999,1250491.101300,1213,4235.69,759906.507400,0
1753928460000,179.5200,179.5900,179.5000,179.55,4624.41,1753928519999,830326.189300,761,2562.00,460001.976200,0
1753928520000,179.5500,179.5500,179.4300,179.43,3590.76,1753928579999,644545.513900,632,2057.68,369352.741700,0
1753928580000,179.4400,179.5300,179.4300,179.47,10220.91,1753928639999,1834440.332500,812,1046.57,187824.174700,0
1753928640000,179.4800,179.4800,179.3700,179.44,2316.26,1753928699999,415577.151500,699,709.37,127277.336400,0
1753928700000,179.4400,179.5600,179.3900,179.54,4492.06,1753928759999,806350.027700,939,1914.94,343747.854000,0
1753928760000,179.5500,179.6000,179.5500,179.57,3203.30,1753928819999,575247.417000,521,1988.70,357131.279900,0
1753928820000,179.5700,179.6500,179.5500,179.65,3860.36,1753928879999,693308.908600,516,2795.46,502068.797400,0
1753928880000,179.6500,179.6600,179.5700,179.66,4059.79,1753928939999,729193.630100,839,2288.44,411044.610300,0
1753928940000,179.6500,179.6800,179.5900,179.63,3351.63,1753928999999,602065.428300,641,2576.48,462813.577100,0
1753929000000,179.6400,179.8400,179.6400,179.83,12384.79,1753929059999,2226388.672400,2013,9837.85,1768480.261200,0
1753929060000,179.8200,179.8500,179.7100,179.72,3076.79,1753929119999,553235.502500,812,1214.89,218464.212600,0
1753929120000,179.7200,179.7200,179.6000,179.61,3292.86,1753929179999,591635.498800,745,1521.05,273291.129100,0
1753929180000,179.6200,179.7500,179.6000,179.69,3540.80,1753929239999,636138.939200,665,1988.17,357165.785000,0
1753929240000,179.6900,179.7000,179.6100,179.62,2105.19,1753929299999,378222.429600,543,768.11,137991.461500,0
1753929300000,179.6200,179.6700,179.5900,179.6,2020.87,1753929359999,362984.674200,519,1311.41,235547.739600,0
1753929360000,179.6100,179.7500,179.6000,179.69,3530.21,1753929419999,634395.083700,769,3003.17,539677.518900,0
1753929420000,179.6900,179.7400,179.6300,179.7,1639.72,1753929479999,294622.867600,626,956.18,171798.161200,0
1753929480000,179.7000,179.8500,179.6900,179.85,2814.29,1753929539999,505901.605900,566,2256.62,405647.731400,0
1753929540000,179.8400,179.8700,179.7700,179.87,5214.91,1753929599999,937844.699300,837,3810.60,685305.191100,0
1753929600000,179.8700,180.1200,179.8400,180.04,26463.63,1753929659999,4763612.826800,3232,19180.67,3452529.943900,0
1753929660000,180.0500,180.1700,180.0400,180.12,6799.02,1753929719999,1224548.075560,1369,5374.74,968018.689060,0
1753929720000,180.1100,180.1500,180.0800,180.15,4827.67,1753929779999,869597.290600,865,3729.89,671870.792700,0
1753929780000,180.1500,180.1500,180.0700,180.13,4737.85,1753929839999,853351.582300,883,3294.29,593361.217600,0
1753929840000,180.1400,180.2000,180.1200,180.16,9372.52,1753929899999,1688531.077900,1069,7064.16,1272666.435800,0
1753929900000,180.1500,180.2000,180.0100,180.12,9605.43,1753929959999,1730243.733400,1771,6081.29,1095415.519000,0
1753929960000,180.1200,180.1300,179.8500,179.88,8265.90,1753930019999,1487581.253900,1363,3431.92,617611.857000,0
1753930020000,179.8700,179.9100,179.8200,179.88,15396.24,1753930079999,2769282.904000,944,8991.86,1617374.212300,0
1753930080000,179.8900,180.0800,179.8800,180.06,7237.48,1753930139999,1302651.531700,1044,5844.84,1051940.087100,0
1753930140000,180.0600,180.0800,179.9100,180.08,5571.51,1753930199999,1002955.757800,948,4279.08,770311.559200,0
1753930200000,180.0700,180.0900,180.0100,180.04,5943.02,1753930259999,1070012.369700,914,4047.94,728808.553400,0
1753930260000,180.0400,180.0500,179.8700,179.88,3090.47,1753930319999,556032.379600,849,849.85,152941.261700,0
1753930320000,179.8700,179.9300,179.8700,179.91,2229.52,1753930379999,401084.159900,514,1050.46,188975.074900,0
1753930380000,179.9100,179.9400,179.8400,179.94,2501.01,1753930439999,449910.387500,547,1187.86,213691.546100,0
1753930440000,179.9400,180.0100,179.9300,179.99,3680.66,1753930499999,662431.520900,778,2110.73,379875.011100,0
1753930500000,179.9900,180.1400,179.9900,180.1,8567.16,1753930559999,1542831.116000,1027,7564.31,1362254.557200,0
1753930560000,180.0900,180.1000,180.0400,180.05,2409.78,1753930619999,433931.293800,557,1031.48,185746.438000,0
1753930620000,180.0400,180.0800,179.9500,180.05,5529.52,1753930679999,995440.701000,1047,3396.92,611546.108800,0
1753930680000,180.0600,180.1700,180.0500,180.17,6030.14,1753930739999,1086154.345600,900,3844.50,692493.670900,0
1753930740000,180.1800,180.2600,180.1800,180.23,14424.73,1753930799999,2599501.919700,1179,12658.60,2281212.794900,0
